file,topic,set,group,label,label_name,pred,p_llm,empty_file
12_content_eyalr0_AES-Cryptoanalysis_plotRB.py.txt,AES,test,12_content_eyalr0_AES-Cryptoanalysis_plotRB.py.txt,0,human,1,0.6350531578063965,False
13_content_vatsal-rooprai_Image-Aesthetic-Evaluation_test_network.py.txt,AES,val,13_content_vatsal-rooprai_Image-Aesthetic-Evaluation_test_network.py.txt,0,human,1,0.567206859588623,False
17_content_bickyeric_steganography_lsb.py.txt,AES,test,17_content_bickyeric_steganography_lsb.py.txt,0,human,1,0.7878239750862122,False
17_content_pandaychen_AES_udpserver_aes_udpserver.py.txt,AES,test,17_content_pandaychen_AES_udpserver_aes_udpserver.py.txt,0,human,0,0.3849664330482483,False
17_content_pevandenburie_micropython-aes-ccm_Utils.py.txt,AES,val,17_content_pevandenburie_micropython-aes-ccm_Utils.py.txt,0,human,1,0.7469978332519531,False
18_content_deeptavker_Vortex_Spin_Down_post_proc_TVF.py.txt,AES,test,18_content_deeptavker_Vortex_Spin_Down_post_proc_TVF.py.txt,0,human,0,0.4916320741176605,False
19_content_Gorresio_easyAES256_easyAES256.py.txt,AES,test,19_content_Gorresio_easyAES256_easyAES256.py.txt,0,human,0,0.38919204473495483,False
21_content_emilystamm_aes-ecb-attacks_aes_ecb_oracle.py.txt,AES,val,21_content_emilystamm_aes-ecb-attacks_aes_ecb_oracle.py.txt,0,human,1,0.696191668510437,False
4_content_HamzaMhirsi_Chat-Server-Client-Python-AES-SHA_server.py.txt,AES,test,4_content_HamzaMhirsi_Chat-Server-Client-Python-AES-SHA_server.py.txt,0,human,0,0.4019848704338074,False
5_content_LuttaKing_AES-style-Encryptor-Decryptor_encryptorGUI.py.txt,AES,val,5_content_LuttaKing_AES-style-Encryptor-Decryptor_encryptorGUI.py.txt,0,human,0,0.4705969989299774,False
7_content_denisyarats_pytorch_sac_ae_decoder.py.txt,AES,test,7_content_denisyarats_pytorch_sac_ae_decoder.py.txt,0,human,1,0.5374184846878052,False
7_content_denisyarats_pytorch_sac_ae_train.py.txt,AES,val,7_content_denisyarats_pytorch_sac_ae_train.py.txt,0,human,1,0.6731470227241516,False
8_content_gordon636798_DiffieHellman-AES_DiffieHellman_AES.py.txt,AES,val,8_content_gordon636798_DiffieHellman-AES_DiffieHellman_AES.py.txt,0,human,1,0.5739473104476929,False
9_content_john-salman_ECB_decryption_ECB.py.txt,AES,val,9_content_john-salman_ECB_decryption_ECB.py.txt,0,human,1,0.8881282806396484,False
9_content_Technofreakcritic_MQTT-AES-Compression_pub_aes.py.txt,AES,val,9_content_Technofreakcritic_MQTT-AES-Compression_pub_aes.py.txt,0,human,1,0.5915936827659607,False
10_content_gitganeshnethi_Market-Basket-Analysis_Online_Retail.py.txt,apriori,val,10_content_gitganeshnethi_Market-Basket-Analysis_Online_Retail.py.txt,0,human,1,0.5536761283874512,False
11_content_rjtmahinay_fuzzy-association-rule-mining_Apriori.py.txt,apriori,val,11_content_rjtmahinay_fuzzy-association-rule-mining_Apriori.py.txt,0,human,1,0.8275564908981323,False
2_content_kaushiksk_multi-time-interval-apriori_config.py.txt,apriori,test,2_content_kaushiksk_multi-time-interval-apriori_config.py.txt,0,human,1,0.6982779502868652,False
2_content_MrPatel95_Apriori-Algorithm_generateDatabse.py.txt,apriori,test,2_content_MrPatel95_Apriori-Algorithm_generateDatabse.py.txt,0,human,1,0.7447337508201599,False
2_content_nrohani_AssosiationRules_TransactionEncoder.py.txt,apriori,test,2_content_nrohani_AssosiationRules_TransactionEncoder.py.txt,0,human,1,0.6179236173629761,False
4_content_JunaidAShaikh_Apriori_and_Association_Rule_Generation_Algorithm_Project1_Apriori_PartA.py.txt,apriori,val,4_content_JunaidAShaikh_Apriori_and_Association_Rule_Generation_Algorithm_Project1_Apriori_PartA.py.txt,0,human,1,0.6133202910423279,False
5_content_aaronzira_apriori_miner.py.txt,apriori,test,5_content_aaronzira_apriori_miner.py.txt,0,human,1,0.5931084752082825,False
7_content_akshattrivedi_IT-Sales-With-Recommendation-System_manage.py.txt,apriori,val,7_content_akshattrivedi_IT-Sales-With-Recommendation-System_manage.py.txt,0,human,1,0.5257253050804138,False
8_content_BhushanVM_Market-Basker-Analyzer_son_spark.py.txt,apriori,test,8_content_BhushanVM_Market-Basker-Analyzer_son_spark.py.txt,0,human,1,0.7209618091583252,False
8_content_omjego_AR-Mining-Hash-Tree_naive_apriori.py.txt,apriori,test,8_content_omjego_AR-Mining-Hash-Tree_naive_apriori.py.txt,0,human,1,0.6950523257255554,False
9_content_fritzwill_apriori-algorithm_apriori.py.txt,apriori,test,9_content_fritzwill_apriori-algorithm_apriori.py.txt,0,human,1,0.810146152973175,False
9_content_jeffwang0516_Frequent-Itemset-Mining_apriori.py.txt,apriori,test,9_content_jeffwang0516_Frequent-Itemset-Mining_apriori.py.txt,0,human,1,0.6891303658485413,False
9_content_rach24_MS-Apriori_MS-Apriori.py.txt,apriori,val,9_content_rach24_MS-Apriori_MS-Apriori.py.txt,0,human,1,0.6703574061393738,False
12_content_kevinyang372_San-Francisco-crime-data-analysis_datasource.py.txt,arima model,test,12_content_kevinyang372_San-Francisco-crime-data-analysis_datasource.py.txt,0,human,1,0.7908400297164917,False
17_content_strategist922_sales_forecast_ana.py.txt,arima model,test,17_content_strategist922_sales_forecast_ana.py.txt,0,human,1,0.5251775979995728,False
1_content_nageshsinghc4_stock-market-forecasting_ZBH_stock.py.txt,arima model,test,1_content_nageshsinghc4_stock-market-forecasting_ZBH_stock.py.txt,0,human,0,0.4400955140590668,False
1_content_sadnessFree_arima-lstm_arima-order.py.txt,arima model,val,1_content_sadnessFree_arima-lstm_arima-order.py.txt,0,human,0,0.4876725673675537,False
1_content_sadnessFree_arima-lstm_lstm.py.txt,arima model,test,1_content_sadnessFree_arima-lstm_lstm.py.txt,0,human,1,0.5455986261367798,False
1_content_sadnessFree_arima-lstm_lstm_keras.py.txt,arima model,test,1_content_sadnessFree_arima-lstm_lstm_keras.py.txt,0,human,1,0.54041987657547,False
1_content_sadnessFree_arima-lstm_muilt_lstm.py.txt,arima model,val,1_content_sadnessFree_arima-lstm_muilt_lstm.py.txt,0,human,0,0.40813612937927246,False
1_content_sadnessFree_arima-lstm_svr.py.txt,arima model,val,1_content_sadnessFree_arima-lstm_svr.py.txt,0,human,1,0.6563071608543396,False
23_content_kmetallic04_fringe_config.py.txt,arima model,test,23_content_kmetallic04_fringe_config.py.txt,0,human,0,0.48384222388267517,False
2_content_polyphilz_pricing-weather-derivatives_clean_data.py.txt,arima model,val,2_content_polyphilz_pricing-weather-derivatives_clean_data.py.txt,0,human,1,0.5601892471313477,False
2_content_yyqcs_time-series-model_encoder_decoder_full.py.txt,arima model,test,2_content_yyqcs_time-series-model_encoder_decoder_full.py.txt,0,human,1,0.6755006909370422,False
41_content_NivedChowdary_Rain-Fall-Prediction-Using-ARIMA_wp3.py.txt,arima model,test,41_content_NivedChowdary_Rain-Fall-Prediction-Using-ARIMA_wp3.py.txt,0,human,0,0.4616904854774475,False
4_content_gbrlcustodio_forecasting_genetic_alg.py.txt,arima model,val,4_content_gbrlcustodio_forecasting_genetic_alg.py.txt,0,human,1,0.6287832260131836,False
1_content_dedeco_dijkstra-bellman-ford_teste_cormen_djt.py.txt,Bellman-Ford,test,1_content_dedeco_dijkstra-bellman-ford_teste_cormen_djt.py.txt,0,human,1,0.7444184422492981,False
1_content_jwan659_forex-arbitrage_Main.py.txt,Bellman-Ford,test,1_content_jwan659_forex-arbitrage_Main.py.txt,0,human,1,0.5847316980361938,False
4_content_Khante_Distance-Vector-Algorithm_link_1.py.txt,Bellman-Ford,test,4_content_Khante_Distance-Vector-Algorithm_link_1.py.txt,0,human,1,0.8030807375907898,False
4_content_Khante_Distance-Vector-Algorithm_network_1.py.txt,Bellman-Ford,val,4_content_Khante_Distance-Vector-Algorithm_network_1.py.txt,0,human,1,0.7251951694488525,False
4_content_Khante_Distance-Vector-Algorithm_simulation_2.py.txt,Bellman-Ford,test,4_content_Khante_Distance-Vector-Algorithm_simulation_2.py.txt,0,human,1,0.6444927453994751,False
4_content_rcornacchia_bellman-ford_bfclient.py.txt,Bellman-Ford,val,4_content_rcornacchia_bellman-ford_bfclient.py.txt,0,human,1,0.6189222931861877,False
4_content_rcornacchia_bellman-ford_testserver.py.txt,Bellman-Ford,test,4_content_rcornacchia_bellman-ford_testserver.py.txt,0,human,0,0.4238945245742798,False
5_content_vpandeti_Routing-Protocol_RoutingProtocol.py.txt,Bellman-Ford,val,5_content_vpandeti_Routing-Protocol_RoutingProtocol.py.txt,0,human,1,0.7533785700798035,False
5_content_Wajahat-Khan_Bellman-Ford-Routing-Algorithm_DVR.py.txt,Bellman-Ford,val,5_content_Wajahat-Khan_Bellman-Ford-Routing-Algorithm_DVR.py.txt,0,human,1,0.5746039748191833,False
6_content_mmcetindag_ShortestPathAlgorithms_bellman-ford.py.txt,Bellman-Ford,val,6_content_mmcetindag_ShortestPathAlgorithms_bellman-ford.py.txt,0,human,1,0.5636904835700989,False
6_content_mmcetindag_ShortestPathAlgorithms_dijkstra.py.txt,Bellman-Ford,val,6_content_mmcetindag_ShortestPathAlgorithms_dijkstra.py.txt,0,human,1,0.7065197229385376,False
7_content_ardyerwanda_SDN-Bellman-Ford-Pyretic_routebellman.py.txt,Bellman-Ford,test,7_content_ardyerwanda_SDN-Bellman-Ford-Pyretic_routebellman.py.txt,0,human,1,0.6147149801254272,False
7_content_jerrguo_cybitrage_app.py.txt,Bellman-Ford,test,7_content_jerrguo_cybitrage_app.py.txt,0,human,0,0.37578701972961426,False
13_content_odiliohafidh_Pencarian-Rumahsakit-Terdekat-dengan-metode-dfs-dan-bfs-python-_cari_rumsakit.py.txt,BFS,val,13_content_odiliohafidh_Pencarian-Rumahsakit-Terdekat-dengan-metode-dfs-dan-bfs-python-_cari_rumsakit.py.txt,0,human,1,0.6574769616127014,False
16_content_Deus1223_Pac-Man_ghostAgents.py.txt,BFS,test,16_content_Deus1223_Pac-Man_ghostAgents.py.txt,0,human,1,0.6050754189491272,False
1_content_speix_8-puzzle-solver_state.py.txt,BFS,val,1_content_speix_8-puzzle-solver_state.py.txt,0,human,1,0.7441310286521912,False
29_content_MEShufengRen_path_search_debug2.py.txt,BFS,val,29_content_MEShufengRen_path_search_debug2.py.txt,0,human,0,0.499828964471817,False
3_content_akh5113_BFS-Wrestling-Teams_Homework5.py.txt,BFS,val,3_content_akh5113_BFS-Wrestling-Teams_Homework5.py.txt,0,human,1,0.6375263333320618,False
41_content_Daisy0828_Search_dgraph.py.txt,BFS,test,41_content_Daisy0828_Search_dgraph.py.txt,0,human,1,0.7893320918083191,False
43_content_odubno_ford-fulkerson-max-flow_test_max_flow.py.txt,BFS,test,43_content_odubno_ford-fulkerson-max-flow_test_max_flow.py.txt,0,human,1,0.611863911151886,False
52_content_seanluo1_Arm-Link-AI_const.py.txt,BFS,test,52_content_seanluo1_Arm-Link-AI_const.py.txt,0,human,1,0.5168401598930359,False
59_content_orzinger_8-Puzzle-game_World_State.py.txt,BFS,test,59_content_orzinger_8-Puzzle-game_World_State.py.txt,0,human,1,0.7698581218719482,False
75_content_maxilevi_airport-system_graph.py.txt,BFS,val,75_content_maxilevi_airport-system_graph.py.txt,0,human,1,0.7770512104034424,False
7_content_gchacaltana_BreadthFirstSearch_DepthFirstSearch_UninformedSearchAlgorithm.py.txt,BFS,val,7_content_gchacaltana_BreadthFirstSearch_DepthFirstSearch_UninformedSearchAlgorithm.py.txt,0,human,1,0.6494337320327759,False
7_content_mhkhojaste_sliding-puzzle-with-search-algorithms_Problem.py.txt,BFS,test,7_content_mhkhojaste_sliding-puzzle-with-search-algorithms_Problem.py.txt,0,human,1,0.8209840655326843,False
82_content_Xalvom_python-bfs-dfs_bfs.py.txt,BFS,test,82_content_Xalvom_python-bfs-dfs_bfs.py.txt,0,human,1,0.6295052170753479,False
8_content_abpaudel_8-puzzle_board.py.txt,BFS,val,8_content_abpaudel_8-puzzle_board.py.txt,0,human,1,0.8355871438980103,False
8_content_haozou-official_DFS-BFS-in-Maze_myqueue.py.txt,BFS,test,8_content_haozou-official_DFS-BFS-in-Maze_myqueue.py.txt,0,human,1,0.664982795715332,False
10_content_circulosmeos_haveibeenpwned-binary_pwned-pass-binary-fast.py.txt,Binary Search,val,10_content_circulosmeos_haveibeenpwned-binary_pwned-pass-binary-fast.py.txt,0,human,1,0.6181992888450623,False
11_content_mrluin_EfficientAutoDeeplab_train_counter_network.py.txt,Binary Search,val,11_content_mrluin_EfficientAutoDeeplab_train_counter_network.py.txt,0,human,1,0.5576739311218262,False
1_content_chonhenry_binary-search-tree_binary_search_tree.py.txt,Binary Search,val,1_content_chonhenry_binary-search-tree_binary_search_tree.py.txt,0,human,1,0.8839085102081299,False
1_content_SICTC_BST_BinSearchTree.py.txt,Binary Search,test,1_content_SICTC_BST_BinSearchTree.py.txt,0,human,1,0.9663575887680054,False
22_content_N8Brooks_lcs_hash_search_lcs_finder.py.txt,Binary Search,val,22_content_N8Brooks_lcs_hash_search_lcs_finder.py.txt,0,human,1,0.728300154209137,False
27_content_Mypathissional_Data_Structures_AVL.py.txt,Binary Search,val,27_content_Mypathissional_Data_Structures_AVL.py.txt,0,human,1,0.7794252038002014,False
28_content_pranav94_Self-balancing-BST_AVL.py.txt,Binary Search,val,28_content_pranav94_Self-balancing-BST_AVL.py.txt,0,human,1,0.7928123474121094,False
31_content_aghimire15_Project2_DataStructure_ICP5_2_.py.txt,Binary Search,val,31_content_aghimire15_Project2_DataStructure_ICP5_2_.py.txt,0,human,1,0.6641315817832947,False
35_content_jfwhite_CourseSelection_interact_with_user.py.txt,Binary Search,test,35_content_jfwhite_CourseSelection_interact_with_user.py.txt,0,human,1,0.7151773571968079,False
39_content_alejandrakudo_BinarySearch-Sorting_CISC121_Assignment_3_exampleSolution.py.txt,Binary Search,val,39_content_alejandrakudo_BinarySearch-Sorting_CISC121_Assignment_3_exampleSolution.py.txt,0,human,1,0.8063235282897949,False
40_content_jcarstenson_parallel_final_performanceTest.py.txt,Binary Search,test,40_content_jcarstenson_parallel_final_performanceTest.py.txt,0,human,1,0.7644591927528381,False
4_content_vieirinhaabr_balanced_binary_search_tree_tree_tester.py.txt,Binary Search,val,4_content_vieirinhaabr_balanced_binary_search_tree_tree_tester.py.txt,0,human,1,0.6744128465652466,False
53_content_mmorshed99_binary_search_rotated_sorted_array.py.txt,Binary Search,val,53_content_mmorshed99_binary_search_rotated_sorted_array.py.txt,0,human,1,0.7804250121116638,False
64_content_YifeiY_Depth-of-BTS_BTS_Depth.py.txt,Binary Search,val,64_content_YifeiY_Depth-of-BTS_BTS_Depth.py.txt,0,human,1,0.7732104659080505,False
7_content_j2kun_binary-search-graphs_dijkstra.py.txt,Binary Search,test,7_content_j2kun_binary-search-graphs_dijkstra.py.txt,0,human,1,0.7915915250778198,False
10_content_shehand_Game_Graphics_using_Binary_Search_Tree_calc.py.txt,Binary Tree,test,10_content_shehand_Game_Graphics_using_Binary_Search_Tree_calc.py.txt,0,human,1,0.6953593492507935,False
17_content_CHINAJR_BinaryTree_biggestsubBSTtree.py.txt,Binary Tree,val,17_content_CHINAJR_BinaryTree_biggestsubBSTtree.py.txt,0,human,1,0.6419498324394226,False
18_content_10elements_BinaryTree_binaryTree.py.txt,Binary Tree,test,18_content_10elements_BinaryTree_binaryTree.py.txt,0,human,1,0.5194777250289917,False
1_content_jdmcpeek_pretty-print-binary-tree_tree.py.txt,Binary Tree,val,1_content_jdmcpeek_pretty-print-binary-tree_tree.py.txt,0,human,1,0.5631242990493774,False
1_content_RyanMarcus_TreeConvolution_util.py.txt,Binary Tree,test,1_content_RyanMarcus_TreeConvolution_util.py.txt,0,human,1,0.6857540607452393,False
31_content_jwjohns_binary-tree_python_binary_tree_search.py.txt,Binary Tree,val,31_content_jwjohns_binary-tree_python_binary_tree_search.py.txt,0,human,1,0.8265284895896912,False
4_content_fcunhaneto_py-binary-trees-draw_node.py.txt,Binary Tree,val,4_content_fcunhaneto_py-binary-trees-draw_node.py.txt,0,human,1,0.8862738013267517,False
61_content_hlalit_Data-Structures-Python_BinaryTree.py.txt,Binary Tree,test,61_content_hlalit_Data-Structures-Python_BinaryTree.py.txt,0,human,1,0.8469198942184448,False
71_content_DylanHarrisonGithub_AVLTree_AVLTree.py.txt,Binary Tree,test,71_content_DylanHarrisonGithub_AVLTree_AVLTree.py.txt,0,human,1,0.6517279148101807,False
81_content_AndreaG93_BST-Lazy-Deletion_binarySearchTreeLazyDeletionAVL.py.txt,Binary Tree,test,81_content_AndreaG93_BST-Lazy-Deletion_binarySearchTreeLazyDeletionAVL.py.txt,0,human,1,0.7420708537101746,False
11_content_lanaelsanyoura_BubbleSort_object_graphics.py.txt,Bubble S,val,11_content_lanaelsanyoura_BubbleSort_object_graphics.py.txt,0,human,1,0.5124033689498901,False
20_content_Govind9_BubbleSortAnalysis_Sorting.py.txt,Bubble S,val,20_content_Govind9_BubbleSortAnalysis_Sorting.py.txt,0,human,1,0.7659242749214172,False
23_content_mkhambat_Bubble-and-insertion-sort_sorting.py.txt,Bubble S,val,23_content_mkhambat_Bubble-and-insertion-sort_sorting.py.txt,0,human,1,0.7542746067047119,False
24_content_Jagdishkharatmol_Sorting-techniques-_pythonin.py.txt,Bubble S,test,24_content_Jagdishkharatmol_Sorting-techniques-_pythonin.py.txt,0,human,1,0.8768013119697571,False
27_content_gcmurillo_sortingAlgorithmsComparation_quickSort.py.txt,Bubble S,val,27_content_gcmurillo_sortingAlgorithmsComparation_quickSort.py.txt,0,human,1,0.8226078748703003,False
27_content_gcmurillo_sortingAlgorithmsComparation_shellSort.py.txt,Bubble S,val,27_content_gcmurillo_sortingAlgorithmsComparation_shellSort.py.txt,0,human,1,0.7411643266677856,False
3_content_Frogboxe_BubbleSort_GapiExtend.py.txt,Bubble S,test,3_content_Frogboxe_BubbleSort_GapiExtend.py.txt,0,human,1,0.6221837997436523,False
4_content_giocarro_BubbleSort-and-Words-Sort_MergeSort2.py.txt,Bubble S,test,4_content_giocarro_BubbleSort-and-Words-Sort_MergeSort2.py.txt,0,human,1,0.6998268961906433,False
54_content_gly11_Sort_sort_numbers.py.txt,Bubble S,val,54_content_gly11_Sort_sort_numbers.py.txt,0,human,1,0.8694626688957214,False
59_content_nicolaschen1_SortingAlgorithms_sortingAlgorithms.py.txt,Bubble S,test,59_content_nicolaschen1_SortingAlgorithms_sortingAlgorithms.py.txt,0,human,1,0.8554123640060425,False
59_content_Yousab_parallel-bubble-sort-mpi_bubble_parallel.py.txt,Bubble S,test,59_content_Yousab_parallel-bubble-sort-mpi_bubble_parallel.py.txt,0,human,1,0.776470422744751,False
6_content_ryanlid87_BubbleSort_bubblesort.py.txt,Bubble S,val,6_content_ryanlid87_BubbleSort_bubblesort.py.txt,0,human,1,0.9001768827438354,False
73_content_kamil-owczarek_sorter_sorter.py.txt,Bubble S,test,73_content_kamil-owczarek_sorter_sorter.py.txt,0,human,1,0.8372607827186584,False
7_content_allenabraham999_Bubble-sort_bubble_sort.py.txt,Bubble S,val,7_content_allenabraham999_Bubble-sort_bubble_sort.py.txt,0,human,1,0.7692811489105225,False
17_content_Selentiym_bigHWonOrderedSets_hw3.py.txt,Bıg O,val,17_content_Selentiym_bigHWonOrderedSets_hw3.py.txt,0,human,1,0.6719890236854553,False
1_content_DaruniasJoy_OoT-Custom-Sequences_Check_for_Duplicates.py.txt,Bıg O,val,1_content_DaruniasJoy_OoT-Custom-Sequences_Check_for_Duplicates.py.txt,0,human,1,0.8489627838134766,False
22_content_Swapnillokhande_Sales-Prediction-of-a-Supermarket-chain_Exploratory_Data_Analysis.py.txt,Bıg O,val,22_content_Swapnillokhande_Sales-Prediction-of-a-Supermarket-chain_Exploratory_Data_Analysis.py.txt,0,human,1,0.5914129018783569,False
24_content_UZziell_bigO-estimate_gui.py.txt,Bıg O,test,24_content_UZziell_bigO-estimate_gui.py.txt,0,human,1,0.6026093363761902,False
26_content_Emersonxuelinux_One_Big_Archive_TempGui.rsrc.py.txt,Bıg O,test,26_content_Emersonxuelinux_One_Big_Archive_TempGui.rsrc.py.txt,0,human,1,0.7834999561309814,False
2_content_anrputina_OutlierDenStream-BigDama18_readGroundTruth.py.txt,Bıg O,val,2_content_anrputina_OutlierDenStream-BigDama18_readGroundTruth.py.txt,0,human,1,0.6185058951377869,False
30_content_sdws1983_The-big-data-OF-The-Plant-Cell_parse-abstract.py.txt,Bıg O,test,30_content_sdws1983_The-big-data-OF-The-Plant-Cell_parse-abstract.py.txt,0,human,1,0.6786794066429138,False
32_content_jtuckerk_oscar_prediction_full_featureset_prediction.py.txt,Bıg O,val,32_content_jtuckerk_oscar_prediction_full_featureset_prediction.py.txt,0,human,1,0.5962352752685547,False
4_content_mast-group_OpenVocabCodeNLM_create_subtoken_data.py.txt,Bıg O,val,4_content_mast-group_OpenVocabCodeNLM_create_subtoken_data.py.txt,0,human,1,0.6920092701911926,False
51_content_rrnarayan1_one-big-thing-backend_app.py.txt,Bıg O,test,51_content_rrnarayan1_one-big-thing-backend_app.py.txt,0,human,1,0.6662890911102295,False
52_content_PhaniBalagam27_Big-data-Analytics-on-dallas-police-incidents-dataset_Q5_code.py.txt,Bıg O,val,52_content_PhaniBalagam27_Big-data-Analytics-on-dallas-police-incidents-dataset_Q5_code.py.txt,0,human,1,0.5691163539886475,False
56_content_lijionline_Big-Data---Hands-On_movie-similarities-1m.py.txt,Bıg O,val,56_content_lijionline_Big-Data---Hands-On_movie-similarities-1m.py.txt,0,human,1,0.7004014253616333,False
5_content_anguillanneuf_bigO_106_sudoku.py.txt,Bıg O,test,5_content_anguillanneuf_bigO_106_sudoku.py.txt,0,human,1,0.6278555393218994,False
5_content_anguillanneuf_bigO_38_rabin_karp.py.txt,Bıg O,val,5_content_anguillanneuf_bigO_38_rabin_karp.py.txt,0,human,1,0.7578035593032837,False
5_content_anguillanneuf_bigO_76_longest_subsequence.py.txt,Bıg O,val,5_content_anguillanneuf_bigO_76_longest_subsequence.py.txt,0,human,1,0.781421422958374,False
66_content_SanyaKathuria10_StackOverflow-Keyword-Extraction-System_spark.py.txt,Bıg O,val,66_content_SanyaKathuria10_StackOverflow-Keyword-Extraction-System_spark.py.txt,0,human,1,0.6026049852371216,False
76_content_yingtaoluo_Latent-Factor-Model-with-JIT-CUDA-on-movielens_predict.py.txt,Bıg O,test,76_content_yingtaoluo_Latent-Factor-Model-with-JIT-CUDA-on-movielens_predict.py.txt,0,human,1,0.6676486730575562,False
85_content_leandrocamara_map-reduce-words-higher-occurrence_words-higher-occurrence.py.txt,Bıg O,test,85_content_leandrocamara_map-reduce-words-higher-occurrence_words-higher-occurrence.py.txt,0,human,1,0.7457056641578674,False
10_content_aptr288_Information_Retrieval_system_Indexer_main.py.txt,cosine Similarity,val,10_content_aptr288_Information_Retrieval_system_Indexer_main.py.txt,0,human,1,0.626361608505249,False
10_content_mohamedScikitLearn_Information-retrieval--Text-mining-_Version_2.py.txt,cosine Similarity,test,10_content_mohamedScikitLearn_Information-retrieval--Text-mining-_Version_2.py.txt,0,human,1,0.6271268725395203,False
10_content_sushant097_Chatbot-using-Python-NLTK-_ChatBot.py.txt,cosine Similarity,val,10_content_sushant097_Chatbot-using-Python-NLTK-_ChatBot.py.txt,0,human,1,0.562583327293396,False
11_content_kirokuan_Idf-tf-DocCompare_PorterStemmer.py.txt,cosine Similarity,test,11_content_kirokuan_Idf-tf-DocCompare_PorterStemmer.py.txt,0,human,1,0.5855863690376282,False
1_content_aviralmathur_Word2Vec_SKU_Desc.py.txt,cosine Similarity,test,1_content_aviralmathur_Word2Vec_SKU_Desc.py.txt,0,human,1,0.6614847183227539,False
1_content_HarryBaker_LDAtopicSimilarity_modelTranslator.py.txt,cosine Similarity,val,1_content_HarryBaker_LDAtopicSimilarity_modelTranslator.py.txt,0,human,1,0.6916400790214539,False
1_content_suyash248_plagiarism_detection_app.py.txt,cosine Similarity,val,1_content_suyash248_plagiarism_detection_app.py.txt,0,human,0,0.499336838722229,False
2_content_spygaurad_AI_LAB_6_537_Suraj_doc_similarity.py.txt,cosine Similarity,test,2_content_spygaurad_AI_LAB_6_537_Suraj_doc_similarity.py.txt,0,human,1,0.7684429287910461,False
2_content_swapnilg915_cosine_similarity_using_embeddings_spacy_embeddings.py.txt,cosine Similarity,test,2_content_swapnilg915_cosine_similarity_using_embeddings_spacy_embeddings.py.txt,0,human,1,0.5737321972846985,False
2_content_ZatinMe_Python-Search-engine_buildindex.py.txt,cosine Similarity,test,2_content_ZatinMe_Python-Search-engine_buildindex.py.txt,0,human,1,0.7326160073280334,False
4_content_heaven00_cosine_similarities_stream.py.txt,cosine Similarity,val,4_content_heaven00_cosine_similarities_stream.py.txt,0,human,1,0.6036454439163208,False
9_content_canonicalmg_FAQ-Chat-Bot_main.py.txt,cosine Similarity,val,9_content_canonicalmg_FAQ-Chat-Bot_main.py.txt,0,human,1,0.6791255474090576,False
9_content_vbelz_Movie-recommender_prepare_database.py.txt,cosine Similarity,test,9_content_vbelz_Movie-recommender_prepare_database.py.txt,0,human,1,0.6476146578788757,False
14_content_bkdwei_kdDesktopAssistant_install_script.py.txt,DES,test,14_content_bkdwei_kdDesktopAssistant_install_script.py.txt,0,human,1,0.555198073387146,False
16_content_0v3rW4tch_Cryptography-course-design_DES_destruct.py.txt,DES,val,16_content_0v3rW4tch_Cryptography-course-design_DES_destruct.py.txt,0,human,1,0.7599803805351257,False
28_content_tomsiwek_gprMax-Designer_operation.py.txt,DES,test,28_content_tomsiwek_gprMax-Designer_operation.py.txt,0,human,1,0.8327216506004333,False
35_content_fireclawthefox_DirectGuiDesigner_main.py.txt,DES,val,35_content_fireclawthefox_DirectGuiDesigner_main.py.txt,0,human,1,0.6441967487335205,False
37_content_baptiste0928_userinfo-bot_main.py.txt,DES,test,37_content_baptiste0928_userinfo-bot_main.py.txt,0,human,1,0.6075693368911743,False
46_content_hackabit19__destroyingRecursively__vibration.py.txt,DES,val,46_content_hackabit19__destroyingRecursively__vibration.py.txt,0,human,1,0.6711848378181458,False
67_content_DrIanGregory_MachineLearning-LogisticRegressionWithGradientDescentOrNewton_mulitpleLinearRegression.py.txt,DES,test,67_content_DrIanGregory_MachineLearning-LogisticRegressionWithGradientDescentOrNewton_mulitpleLinearRegression.py.txt,0,human,0,0.49941396713256836,False
71_content_aivanova5_tariff_design_main.py.txt,DES,test,71_content_aivanova5_tariff_design_main.py.txt,0,human,1,0.5440406203269958,False
84_content_vineetred_aesDES_test.py.txt,DES,val,84_content_vineetred_aesDES_test.py.txt,0,human,1,0.7799761891365051,False
86_content_Enkhai_simple-DES_permutations.py.txt,DES,val,86_content_Enkhai_simple-DES_permutations.py.txt,0,human,1,0.6091845631599426,False
8_content_usmanali414_Destruction-Detection-in-Satellite-Imagery_augmentation.py.txt,DES,test,8_content_usmanali414_Destruction-Detection-in-Satellite-Imagery_augmentation.py.txt,0,human,1,0.5033097267150879,False
8_content_usmanali414_Destruction-Detection-in-Satellite-Imagery_segmentation.py.txt,DES,test,8_content_usmanali414_Destruction-Detection-in-Satellite-Imagery_segmentation.py.txt,0,human,1,0.5684557557106018,False
92_content_FranzScheerer_DES_perihel.py.txt,DES,test,92_content_FranzScheerer_DES_perihel.py.txt,0,human,1,0.5991615653038025,False
92_content_FranzScheerer_DES_safeprime.py.txt,DES,test,92_content_FranzScheerer_DES_safeprime.py.txt,0,human,1,0.6633173227310181,False
92_content_FranzScheerer_DES_The_signature_with_ECDSA_or_Schnorr.py.txt,DES,test,92_content_FranzScheerer_DES_The_signature_with_ECDSA_or_Schnorr.py.txt,0,human,1,0.6781802177429199,False
17_content_kwikadi_BFS-v-DFS_dfs.py.txt,DFS,val,17_content_kwikadi_BFS-v-DFS_dfs.py.txt,0,human,1,0.7173022031784058,False
23_content_GaryXiongxiong_SubwayStationSearching_UseMapBFSFindSubway.py.txt,DFS,val,23_content_GaryXiongxiong_SubwayStationSearching_UseMapBFSFindSubway.py.txt,0,human,1,0.5873943567276001,False
26_content_nakamoo_dfs_v_function.py.txt,DFS,test,26_content_nakamoo_dfs_v_function.py.txt,0,human,0,0.3112775385379791,False
39_content_PankajJ08_DataStructure_n_queen_problem.py.txt,DFS,test,39_content_PankajJ08_DataStructure_n_queen_problem.py.txt,0,human,1,0.6381186842918396,False
40_content_cofinley_sudoku_cell.py.txt,DFS,val,40_content_cofinley_sudoku_cell.py.txt,0,human,1,0.9284810423851013,False
4_content_drinkbeer_DFS-Python_common.py.txt,DFS,val,4_content_drinkbeer_DFS-Python_common.py.txt,0,human,1,0.6014009118080139,False
68_content_mvivancq_DfsSudokuSolver_bfs.py.txt,DFS,test,68_content_mvivancq_DfsSudokuSolver_bfs.py.txt,0,human,1,0.8039114475250244,False
68_content_mvivancq_DfsSudokuSolver_dfs.py.txt,DFS,test,68_content_mvivancq_DfsSudokuSolver_dfs.py.txt,0,human,1,0.832179069519043,False
73_content_elados93_AI_Ex1_BFS.py.txt,DFS,val,73_content_elados93_AI_Ex1_BFS.py.txt,0,human,1,0.8308861255645752,False
73_content_hoopghetto_dfs-optimizer_settings.py.txt,DFS,val,73_content_hoopghetto_dfs-optimizer_settings.py.txt,0,human,0,0.49883413314819336,False
79_content_bewing03_DFS-Baseball_scrape.py.txt,DFS,test,79_content_bewing03_DFS-Baseball_scrape.py.txt,0,human,1,0.5331833362579346,False
10_content_mateus-n00b_Diffie-Hellman_alice.py.txt,Diffie-Hellman,val,10_content_mateus-n00b_Diffie-Hellman_alice.py.txt,0,human,1,0.5601460933685303,False
20_content_phrantom_Diffie-Hellman_diffie-hellman.py.txt,Diffie-Hellman,test,20_content_phrantom_Diffie-Hellman_diffie-hellman.py.txt,0,human,1,0.6629436612129211,False
26_content_bahadircolak44_EllipticCurve_PointAddition.py.txt,Diffie-Hellman,test,26_content_bahadircolak44_EllipticCurve_PointAddition.py.txt,0,human,1,0.7247076630592346,False
26_content_ivanji_diffie-hellman-algorithm_diffie-hellman.py.txt,Diffie-Hellman,test,26_content_ivanji_diffie-hellman-algorithm_diffie-hellman.py.txt,0,human,1,0.5852445960044861,False
27_content_AlpCentaur_Diffie-Hellman-Implementation_Attack.py.txt,Diffie-Hellman,test,27_content_AlpCentaur_Diffie-Hellman-Implementation_Attack.py.txt,0,human,1,0.5810864567756653,False
29_content_fwoodruff_ECDH_TypeConversion.py.txt,Diffie-Hellman,val,29_content_fwoodruff_ECDH_TypeConversion.py.txt,0,human,1,0.8428186774253845,False
31_content_shreyas3336_Diffie-Hellman-KeyExchange_Seed_Generator.py.txt,Diffie-Hellman,val,31_content_shreyas3336_Diffie-Hellman-KeyExchange_Seed_Generator.py.txt,0,human,1,0.7544947862625122,False
31_content_shreyas3336_Diffie-Hellman-KeyExchange_Seeded_Random_Generator.py.txt,Diffie-Hellman,val,31_content_shreyas3336_Diffie-Hellman-KeyExchange_Seeded_Random_Generator.py.txt,0,human,1,0.6636261343955994,False
35_content_DiarmuidKelly_Key_Exchange_diffie_hellman.py.txt,Diffie-Hellman,test,35_content_DiarmuidKelly_Key_Exchange_diffie_hellman.py.txt,0,human,1,0.7742006182670593,False
37_content_anagnostouJohn_Simple_DF_Socket_clien.py.txt,Diffie-Hellman,val,37_content_anagnostouJohn_Simple_DF_Socket_clien.py.txt,0,human,1,0.6651358008384705,False
46_content_ADsecu_diffie-hellman-KE_dh.py.txt,Diffie-Hellman,test,46_content_ADsecu_diffie-hellman-KE_dh.py.txt,0,human,1,0.5657157301902771,False
46_content_MrJmk_protocoles_crypto_Diffie-Hellman.py.txt,Diffie-Hellman,val,46_content_MrJmk_protocoles_crypto_Diffie-Hellman.py.txt,0,human,1,0.547431230545044,False
48_content_AdityaMalani_Diffie-Hellman-Key_Exchange_diffie.py.txt,Diffie-Hellman,val,48_content_AdityaMalani_Diffie-Hellman-Key_Exchange_diffie.py.txt,0,human,1,0.712520182132721,False
58_content_quadrohedron_ellipticrypt_ellipticrypt.py.txt,Diffie-Hellman,test,58_content_quadrohedron_ellipticrypt_ellipticrypt.py.txt,0,human,1,0.6000280380249023,False
60_content_dunglq2000_chatbox-encrypt_client.py.txt,Diffie-Hellman,test,60_content_dunglq2000_chatbox-encrypt_client.py.txt,0,human,1,0.6875435709953308,False
66_content_chhaiyashrey_Security-Implementation-of-MODBUS-Communication-between-Server-and-Client_secure_modbus_server.py.txt,Diffie-Hellman,test,66_content_chhaiyashrey_Security-Implementation-of-MODBUS-Communication-between-Server-and-Client_secure_modbus_server.py.txt,0,human,1,0.6708142757415771,False
81_content_Saiteja-Reddy_Basic-SFTP_caesar_cipher.py.txt,Diffie-Hellman,test,81_content_Saiteja-Reddy_Basic-SFTP_caesar_cipher.py.txt,0,human,1,0.8396696448326111,False
10_content_tjazerzen_a_star_algorithm_helper_functions.py.txt,Dijkstra,test,10_content_tjazerzen_a_star_algorithm_helper_functions.py.txt,0,human,1,0.8873645067214966,False
11_content_langokalla_A-star-Pathfinder_map.py.txt,Dijkstra,val,11_content_langokalla_A-star-Pathfinder_map.py.txt,0,human,1,0.6947291493415833,False
14_content_jonathanchang97_ThatsJustTheWazeItIs_car.py.txt,Dijkstra,val,14_content_jonathanchang97_ThatsJustTheWazeItIs_car.py.txt,0,human,1,0.658642590045929,False
14_content_Robo-Sapien_Maze-Perilous-Real-Time-Implemention-of-Dijkstra-Algorithm_pixel_values.py.txt,Dijkstra,test,14_content_Robo-Sapien_Maze-Perilous-Real-Time-Implemention-of-Dijkstra-Algorithm_pixel_values.py.txt,0,human,0,0.47198018431663513,False
15_content_ronma1_Dijkstra_graph_algo.py.txt,Dijkstra,val,15_content_ronma1_Dijkstra_graph_algo.py.txt,0,human,1,0.5368520617485046,False
16_content_Murali91_Algorithms---Python_Dijkstra.py.txt,Dijkstra,test,16_content_Murali91_Algorithms---Python_Dijkstra.py.txt,0,human,1,0.8378320336341858,False
17_content_GGonzalezRojas_Tarea_1_MDR_Dijkstra_dijkstra_v1.py.txt,Dijkstra,val,17_content_GGonzalezRojas_Tarea_1_MDR_Dijkstra_dijkstra_v1.py.txt,0,human,1,0.7620631456375122,False
19_content_mmcetindag_ShortestPathAlgorithms_bellman-ford.py.txt,Dijkstra,val,19_content_mmcetindag_ShortestPathAlgorithms_bellman-ford.py.txt,0,human,1,0.5636904835700989,False
1_content_shkolovy_path-finder-algorithms_b_star.py.txt,Dijkstra,val,1_content_shkolovy_path-finder-algorithms_b_star.py.txt,0,human,1,0.8059163093566895,False
23_content_gquintela_dijkstra_main.py.txt,Dijkstra,test,23_content_gquintela_dijkstra_main.py.txt,0,human,1,0.7054854035377502,False
32_content_ceyzaguirre4_AStar_A.py.txt,Dijkstra,test,32_content_ceyzaguirre4_AStar_A.py.txt,0,human,1,0.7738302946090698,False
49_content_lllunaticer_pathFindGUI_Draw.py.txt,Dijkstra,test,49_content_lllunaticer_pathFindGUI_Draw.py.txt,0,human,0,0.44536468386650085,False
50_content_krj9cr_Hybrid-Prim-Dijkstra-GUI_Helpers.py.txt,Dijkstra,val,50_content_krj9cr_Hybrid-Prim-Dijkstra-GUI_Helpers.py.txt,0,human,1,0.6835482716560364,False
52_content_Tchaikovic_dijkstra_mapcreator.py.txt,Dijkstra,test,52_content_Tchaikovic_dijkstra_mapcreator.py.txt,0,human,1,0.8061371445655823,False
53_content_KaiFly_Xemina2_DijkstraSP_GraphDrawing.py.txt,Dijkstra,val,53_content_KaiFly_Xemina2_DijkstraSP_GraphDrawing.py.txt,0,human,1,0.5427581071853638,False
88_content_jinshang-msft_Dijkstra-Algorithm-Implementation_Dijkstra.py.txt,Dijkstra,val,88_content_jinshang-msft_Dijkstra-Algorithm-Implementation_Dijkstra.py.txt,0,human,1,0.7242052555084229,False
88_content_NoFishLikeIan_Dijkstra_currency_currency_api.py.txt,Dijkstra,test,88_content_NoFishLikeIan_Dijkstra_currency_currency_api.py.txt,0,human,1,0.5327324271202087,False
9_content_diegooliveira95_PrimAndDijkstra_dijkstra.py.txt,Dijkstra,test,9_content_diegooliveira95_PrimAndDijkstra_dijkstra.py.txt,0,human,1,0.8779146671295166,False
11_content_tatsuyoshi-ikenoue_fizzbuzz_fizzbuzz.py.txt,Divisibility rules,val,11_content_tatsuyoshi-ikenoue_fizzbuzz_fizzbuzz.py.txt,0,human,1,0.7332028150558472,False
12_content_nikhilrajucc_Python_firstfile.py.txt,Divisibility rules,test,12_content_nikhilrajucc_Python_firstfile.py.txt,0,human,1,0.7419965863227844,False
15_content_leni1_python-fizzbuzz_fizzbuzz.py.txt,Divisibility rules,val,15_content_leni1_python-fizzbuzz_fizzbuzz.py.txt,0,human,1,0.8172834515571594,False
15_content_leni1_python-fizzbuzz_fizzbuzz_test.py.txt,Divisibility rules,val,15_content_leni1_python-fizzbuzz_fizzbuzz_test.py.txt,0,human,1,0.8224388360977173,False
15_content_Nabeel-Asghar_List-Divsion_List-Division.py.txt,Divisibility rules,val,15_content_Nabeel-Asghar_List-Divsion_List-Division.py.txt,0,human,1,0.7136192321777344,False
17_content_bhushankorpe_Fizz_Buzz_Fibonacci_Fizz_Buzz_Fibonacci.py.txt,Divisibility rules,val,17_content_bhushankorpe_Fizz_Buzz_Fibonacci_Fizz_Buzz_Fibonacci.py.txt,0,human,1,0.8487609028816223,False
22_content_Phillyclause89_ANIMAL_Quiz_ANIMAL.py.txt,Divisibility rules,test,22_content_Phillyclause89_ANIMAL_Quiz_ANIMAL.py.txt,0,human,1,0.737135648727417,False
3_content_arshdeepmalik_Fibonacci_series_divisibility_Fibonacci_series_.py.txt,Divisibility rules,test,3_content_arshdeepmalik_Fibonacci_series_divisibility_Fibonacci_series_.py.txt,0,human,1,0.8005092144012451,False
4_content_captainACE_python-ADVANCEMATH-lib_ap.py.txt,Divisibility rules,val,4_content_captainACE_python-ADVANCEMATH-lib_ap.py.txt,0,human,1,0.7029724717140198,False
4_content_flaviohenriqu_divisibility_flaskapp.py.txt,Divisibility rules,val,4_content_flaviohenriqu_divisibility_flaskapp.py.txt,0,human,1,0.7393704056739807,False
5_content_AdamJacoby_Hopf_Algebra_Tools.py.txt,Divisibility rules,val,5_content_AdamJacoby_Hopf_Algebra_Tools.py.txt,0,human,1,0.6505998373031616,False
5_content_AdamJacoby_Hopf_Example_GeneralizedDihedralGroup.py.txt,Divisibility rules,val,5_content_AdamJacoby_Hopf_Example_GeneralizedDihedralGroup.py.txt,0,human,1,0.6574699878692627,False
6_content_marcelotokarnia_dojo-divisibility-rules_is_divisible.py.txt,Divisibility rules,test,6_content_marcelotokarnia_dojo-divisibility-rules_is_divisible.py.txt,0,human,1,0.7006787061691284,False
6_content_sockster_metroCard_metroCard.py.txt,Divisibility rules,val,6_content_sockster_metroCard_metroCard.py.txt,0,human,1,0.68636155128479,False
10_content_kllinzy_Elliptic-Curve-Cryptography_public_key.py.txt,Elliptic Curve Cryptography,test,10_content_kllinzy_Elliptic-Curve-Cryptography_public_key.py.txt,0,human,1,0.9043707251548767,False
13_content_FN-HD_Elliptic_Curve_Cryptography_Main.py.txt,Elliptic Curve Cryptography,test,13_content_FN-HD_Elliptic_Curve_Cryptography_Main.py.txt,0,human,1,0.6470344066619873,False
17_content_achusat_Elliptic_Curve_Cryptography_ecc.py.txt,Elliptic Curve Cryptography,test,17_content_achusat_Elliptic_Curve_Cryptography_ecc.py.txt,0,human,1,0.6457658410072327,False
17_content_krshubham_ecc-elgamal_elgamal.py.txt,Elliptic Curve Cryptography,test,17_content_krshubham_ecc-elgamal_elgamal.py.txt,0,human,1,0.6731891632080078,False
17_content_loranloranvl_ecc-point_ECC_Point.py.txt,Elliptic Curve Cryptography,val,17_content_loranloranvl_ecc-point_ECC_Point.py.txt,0,human,1,0.7217912077903748,False
19_content_tanishqjasoria_elliptic_curve_cryptography_mod.py.txt,Elliptic Curve Cryptography,val,19_content_tanishqjasoria_elliptic_curve_cryptography_mod.py.txt,0,human,1,0.6736724972724915,False
1_content_randombit_pairings.py_tripartite.py.txt,Elliptic Curve Cryptography,test,1_content_randombit_pairings.py_tripartite.py.txt,0,human,1,0.6232004165649414,False
20_content_UAvinash7_Cryptography_DigitalSignature.py.txt,Elliptic Curve Cryptography,val,20_content_UAvinash7_Cryptography_DigitalSignature.py.txt,0,human,0,0.4942617118358612,False
21_content_KingYapster_ECC-Elliptic-Curve-Cryptography-in-Python_ECC.py.txt,Elliptic Curve Cryptography,test,21_content_KingYapster_ECC-Elliptic-Curve-Cryptography-in-Python_ECC.py.txt,0,human,1,0.717018723487854,False
27_content_ayaar25_elgamalecceg_elgamal.py.txt,Elliptic Curve Cryptography,test,27_content_ayaar25_elgamalecceg_elgamal.py.txt,0,human,1,0.7391238212585449,False
27_content_ayaar25_elgamalecceg_pointoperatorecc.py.txt,Elliptic Curve Cryptography,val,27_content_ayaar25_elgamalecceg_pointoperatorecc.py.txt,0,human,1,0.7836150527000427,False
2_content_johndoe31415_toyecc_dual_ec_drbg.py.txt,Elliptic Curve Cryptography,test,2_content_johndoe31415_toyecc_dual_ec_drbg.py.txt,0,human,1,0.687349796295166,False
3_content_dare2095_EllipticCurveProject_ec_run.sage.py.txt,Elliptic Curve Cryptography,val,3_content_dare2095_EllipticCurveProject_ec_run.sage.py.txt,0,human,1,0.7240852117538452,False
6_content_gionanide_Cryptography_Decrypt_Hip_replacement.py.txt,Elliptic Curve Cryptography,val,6_content_gionanide_Cryptography_Decrypt_Hip_replacement.py.txt,0,human,1,0.7588657140731812,False
6_content_gionanide_Cryptography_manipulate_CRC_computations.py.txt,Elliptic Curve Cryptography,test,6_content_gionanide_Cryptography_manipulate_CRC_computations.py.txt,0,human,1,0.5986219048500061,False
6_content_gionanide_Cryptography_superincreasing_knapsack.py.txt,Elliptic Curve Cryptography,test,6_content_gionanide_Cryptography_superincreasing_knapsack.py.txt,0,human,1,0.6901634335517883,False
2_content_Shanmukha-Y_SIngle-Exponential-Smoothing-_predict.py.txt,Exponential Smoothing,val,2_content_Shanmukha-Y_SIngle-Exponential-Smoothing-_predict.py.txt,0,human,1,0.5638750791549683,False
6_content_hungph-dev-ict_simple-exponential-smoothing_main.py.txt,Exponential Smoothing,val,6_content_hungph-dev-ict_simple-exponential-smoothing_main.py.txt,0,human,1,0.7334619164466858,False
8_content_6test5_expsmooth_expsmooth.py.txt,Exponential Smoothing,test,8_content_6test5_expsmooth_expsmooth.py.txt,0,human,1,0.6934329271316528,False
9_content_Soumyabrata_predicting-pwv_grid_search.py.txt,Exponential Smoothing,val,9_content_Soumyabrata_predicting-pwv_grid_search.py.txt,0,human,1,0.6737764477729797,False
10_content_stensonowen_factorial_bot_fact_bot.py.txt,Factorial calculation,test,10_content_stensonowen_factorial_bot_fact_bot.py.txt,0,human,1,0.7017906308174133,False
10_content_stensonowen_factorial_bot_text2num.py.txt,Factorial calculation,test,10_content_stensonowen_factorial_bot_text2num.py.txt,0,human,1,0.8115509748458862,False
1_content_MuricanCoderVersionTwo_Factorial-Calculation_Factorial.py.txt,Factorial calculation,test,1_content_MuricanCoderVersionTwo_Factorial-Calculation_Factorial.py.txt,0,human,1,0.62296062707901,False
30_content_talbrecht_ensemble-scoring_run.py.txt,Factorial calculation,val,30_content_talbrecht_ensemble-scoring_run.py.txt,0,human,1,0.6332235336303711,False
36_content_EricHeGitHub_python-factorial-base-rubik-rectangle-word-game-overlapping-photographs-related-algorithms_factorial_base.py.txt,Factorial calculation,val,36_content_EricHeGitHub_python-factorial-base-rubik-rectangle-word-game-overlapping-photographs-related-algorithms_factorial_base.py.txt,0,human,1,0.8052041530609131,False
4_content_rohinigopalqxf2_Factorial-Calculator-Practice_03_Fill_values.py.txt,Factorial calculation,test,4_content_rohinigopalqxf2_Factorial-Calculator-Practice_03_Fill_values.py.txt,0,human,1,0.674400806427002,False
51_content_adityapatelgithub_Expressions-and-Functions_evalpostfix.py.txt,Factorial calculation,test,51_content_adityapatelgithub_Expressions-and-Functions_evalpostfix.py.txt,0,human,1,0.7241504192352295,False
5_content_brown9804_Python_DiversosAlgortimos_CreandoMatrizApartirTXT.py.txt,Factorial calculation,test,5_content_brown9804_Python_DiversosAlgortimos_CreandoMatrizApartirTXT.py.txt,0,human,1,0.606514036655426,False
5_content_brown9804_Python_DiversosAlgortimos_JuegoGato_XO.py.txt,Factorial calculation,test,5_content_brown9804_Python_DiversosAlgortimos_JuegoGato_XO.py.txt,0,human,1,0.6860923171043396,False
5_content_brown9804_Python_DiversosAlgortimos_VerificaFechaValidaCalendario.py.txt,Factorial calculation,val,5_content_brown9804_Python_DiversosAlgortimos_VerificaFechaValidaCalendario.py.txt,0,human,1,0.5057725310325623,False
8_content_amit0-git_simple-python-program_English-alphabets.py.txt,Factorial calculation,test,8_content_amit0-git_simple-python-program_English-alphabets.py.txt,0,human,1,0.712018609046936,False
97_content_mjurk456_mini-snakes_fizz_buzz.py.txt,Factorial calculation,val,97_content_mjurk456_mini-snakes_fizz_buzz.py.txt,0,human,1,0.6860523223876953,False
97_content_mjurk456_mini-snakes_pesel.py.txt,Factorial calculation,test,97_content_mjurk456_mini-snakes_pesel.py.txt,0,human,1,0.7950979471206665,False
97_content_mjurk456_mini-snakes_web_scrapper.py.txt,Factorial calculation,val,97_content_mjurk456_mini-snakes_web_scrapper.py.txt,0,human,1,0.5742098093032837,False
13_content_danielSbastos_binary-fibonacci_columns.py.txt,fibonaci sequence,val,13_content_danielSbastos_binary-fibonacci_columns.py.txt,0,human,1,0.763907790184021,False
13_content_danielSbastos_binary-fibonacci_prototype.py.txt,fibonaci sequence,test,13_content_danielSbastos_binary-fibonacci_prototype.py.txt,0,human,1,0.7414165735244751,False
13_content_frederikpietzko_fun_with_python_gdc_euclidian_algorithm.py.txt,fibonaci sequence,test,13_content_frederikpietzko_fun_with_python_gdc_euclidian_algorithm.py.txt,0,human,1,0.6663001179695129,False
19_content_frankiekienlam_Fibonacci_Pyramids_test_pset.py.txt,fibonaci sequence,test,19_content_frankiekienlam_Fibonacci_Pyramids_test_pset.py.txt,0,human,1,0.7414095997810364,False
21_content_danielleos_Fibonacci-Generator_main.py.txt,fibonaci sequence,test,21_content_danielleos_Fibonacci-Generator_main.py.txt,0,human,1,0.7483100295066833,False
42_content_tesladodger_Fibonacci_fibonacci.py.txt,fibonaci sequence,test,42_content_tesladodger_Fibonacci_fibonacci.py.txt,0,human,1,0.6580960154533386,False
44_content_Mazuh_Fibonacci_fib_benchmark.py.txt,fibonaci sequence,test,44_content_Mazuh_Fibonacci_fib_benchmark.py.txt,0,human,1,0.7029179930686951,False
46_content_skropf_fib-drawer_Mathematics.py.txt,fibonaci sequence,val,46_content_skropf_fib-drawer_Mathematics.py.txt,0,human,1,0.6034160852432251,False
49_content_ajh1143_FibonacciScatterPlot_FibonacciScatter.py.txt,fibonaci sequence,val,49_content_ajh1143_FibonacciScatterPlot_FibonacciScatter.py.txt,0,human,1,0.7025052905082703,False
50_content_eyablokov_fibonacci-api_test_resources.py.txt,fibonaci sequence,test,50_content_eyablokov_fibonacci-api_test_resources.py.txt,0,human,1,0.7988263368606567,False
67_content_GilbyScarChest_Fibonacci_API_app.py.txt,fibonaci sequence,val,67_content_GilbyScarChest_Fibonacci_API_app.py.txt,0,human,1,0.7123549580574036,False
69_content_soldat76_FibonacciGenerator_FibonacciGenerator.py.txt,fibonaci sequence,test,69_content_soldat76_FibonacciGenerator_FibonacciGenerator.py.txt,0,human,1,0.8029997944831848,False
79_content_s1ssagar_fibonacci-finding-easy_fibonacci-finding-easy.py.txt,fibonaci sequence,test,79_content_s1ssagar_fibonacci-finding-easy_fibonacci-finding-easy.py.txt,0,human,1,0.710731565952301,False
8_content_lucasmullerm_turing-machine-fibonacci_main.py.txt,fibonaci sequence,test,8_content_lucasmullerm_turing-machine-fibonacci_main.py.txt,0,human,1,0.7938113808631897,False
8_content_rianlian7_FibonacciSequence-Python-Tk_Fibonacci_Sequence.py.txt,fibonaci sequence,test,8_content_rianlian7_FibonacciSequence-Python-Tk_Fibonacci_Sequence.py.txt,0,human,1,0.6319193243980408,False
99_content_MatheusMuriel_ProgramacaoDinamica_Memoria.py.txt,fibonaci sequence,val,99_content_MatheusMuriel_ProgramacaoDinamica_Memoria.py.txt,0,human,1,0.8477628231048584,False
99_content_MatheusMuriel_ProgramacaoDinamica_Plotador.py.txt,fibonaci sequence,test,99_content_MatheusMuriel_ProgramacaoDinamica_Plotador.py.txt,0,human,1,0.532312273979187,False
12_content_AtahanCelebi_Shortest-Route-with-Floyd-Warshall-Algorithm_map_distance.py.txt,Floyd Warshall,test,12_content_AtahanCelebi_Shortest-Route-with-Floyd-Warshall-Algorithm_map_distance.py.txt,0,human,1,0.7669951915740967,False
13_content_AtahanCelebi_En-K-sa-Yol_polyline_denemesi.py.txt,Floyd Warshall,test,13_content_AtahanCelebi_En-K-sa-Yol_polyline_denemesi.py.txt,0,human,1,0.6085246801376343,False
13_content_AtahanCelebi_En-K-sa-Yol_warshall.py.txt,Floyd Warshall,test,13_content_AtahanCelebi_En-K-sa-Yol_warshall.py.txt,0,human,1,0.8251959085464478,False
13_content_monicanto101_all-pairs-shortest-path_allPairsShortestPath.py.txt,Floyd Warshall,test,13_content_monicanto101_all-pairs-shortest-path_allPairsShortestPath.py.txt,0,human,1,0.5162438154220581,False
14_content_MGhousSarwar_Algorithm-Analysis_Script.py.txt,Floyd Warshall,val,14_content_MGhousSarwar_Algorithm-Analysis_Script.py.txt,0,human,1,0.6928107738494873,False
17_content_kanavkhanna_Application-Software_Software_Application.py.txt,Floyd Warshall,test,17_content_kanavkhanna_Application-Software_Software_Application.py.txt,0,human,1,0.8574053645133972,False
1_content_smbanaie_floyd-warshall-python_Main.py.txt,Floyd Warshall,test,1_content_smbanaie_floyd-warshall-python_Main.py.txt,0,human,1,0.6748995184898376,False
4_content_mmcniece_tiled_floyd_warshall_tiled_FW.py.txt,Floyd Warshall,test,4_content_mmcniece_tiled_floyd_warshall_tiled_FW.py.txt,0,human,0,0.47314050793647766,False
5_content_Abdallah-Elshamy_floyd-warshall_APSP-Floyd_Warshall.py.txt,Floyd Warshall,val,5_content_Abdallah-Elshamy_floyd-warshall_APSP-Floyd_Warshall.py.txt,0,human,1,0.669921875,False
7_content_tsingh94_Bellman-Ford-and-Floyd-Warshall-Algorithms_Shortestdistance_graph_algos.py.txt,Floyd Warshall,val,7_content_tsingh94_Bellman-Ford-and-Floyd-Warshall-Algorithms_Shortestdistance_graph_algos.py.txt,0,human,1,0.6245782375335693,False
8_content_chiragragarwal_Graphs_And_Networks_graph_plot.py.txt,Floyd Warshall,test,8_content_chiragragarwal_Graphs_And_Networks_graph_plot.py.txt,0,human,1,0.5223211050033569,False
8_content_JanFeys_Floyd-Warshall-All-Pairs-Shortest-Path_FloydWarshallAPSP.py.txt,Floyd Warshall,test,8_content_JanFeys_Floyd-Warshall-All-Pairs-Shortest-Path_FloydWarshallAPSP.py.txt,0,human,1,0.6749592423439026,False
18_content_ronak-07_Agglomerative-Hierarchical-Clustering_Agglomerative.py.txt,Hierarchical Clustering,test,18_content_ronak-07_Agglomerative-Hierarchical-Clustering_Agglomerative.py.txt,0,human,1,0.7844321131706238,False
18_content_ronak-07_Agglomerative-Hierarchical-Clustering_Preprocess.py.txt,Hierarchical Clustering,val,18_content_ronak-07_Agglomerative-Hierarchical-Clustering_Preprocess.py.txt,0,human,1,0.6689985394477844,False
21_content_jakubsilhavy_mhhc_config.py.txt,Hierarchical Clustering,val,21_content_jakubsilhavy_mhhc_config.py.txt,0,human,1,0.5965055227279663,False
36_content_hasanunl_Hierarchical-Clustering-in-Python-Training_hc_training.py.txt,Hierarchical Clustering,test,36_content_hasanunl_Hierarchical-Clustering-in-Python-Training_hc_training.py.txt,0,human,1,0.6366350650787354,False
47_content_sejall_Hierarchical-Clustering_hierrchical_clustering.py.txt,Hierarchical Clustering,val,47_content_sejall_Hierarchical-Clustering_hierrchical_clustering.py.txt,0,human,1,0.6191155910491943,False
4_content_ktrujillo52_Bitcoin-price-forecast_bitcoin_clustering.py.txt,Hierarchical Clustering,val,4_content_ktrujillo52_Bitcoin-price-forecast_bitcoin_clustering.py.txt,0,human,1,0.628649115562439,False
4_content_wazzaarvind_Clustering-Algorithms_reducer.py.txt,Hierarchical Clustering,test,4_content_wazzaarvind_Clustering-Algorithms_reducer.py.txt,0,human,1,0.7841342091560364,False
61_content_cthorrez_deepsetLinkage_plot_results.py.txt,Hierarchical Clustering,test,61_content_cthorrez_deepsetLinkage_plot_results.py.txt,0,human,1,0.5699921250343323,False
69_content_MarynaTatsevich_Machine-Learning-Unsupervised-Learning-Techniques_hierarchical_clustering_algorithm.py.txt,Hierarchical Clustering,val,69_content_MarynaTatsevich_Machine-Learning-Unsupervised-Learning-Techniques_hierarchical_clustering_algorithm.py.txt,0,human,1,0.6391306519508362,False
70_content_metr0jw_video-liveness-measurement_video_cut_bts.py.txt,Hierarchical Clustering,test,70_content_metr0jw_video-liveness-measurement_video_cut_bts.py.txt,0,human,1,0.6759899258613586,False
86_content_sudarshan-koirala_Clustering-Algorithms-Comparision_hierarchical_clustering.py.txt,Hierarchical Clustering,test,86_content_sudarshan-koirala_Clustering-Algorithms-Comparision_hierarchical_clustering.py.txt,0,human,1,0.6467134356498718,False
10_content_selden-lin_python_huffman_tree_decompressor_nodes.py.txt,Huffman,val,10_content_selden-lin_python_huffman_tree_decompressor_nodes.py.txt,0,human,1,0.753767728805542,False
13_content_ctao5660_huffman-tree_huffmancompression.py.txt,Huffman,test,13_content_ctao5660_huffman-tree_huffmancompression.py.txt,0,human,1,0.7354114055633545,False
14_content_lucascamposj_huffman-coding_huffman_decode.py.txt,Huffman,val,14_content_lucascamposj_huffman-coding_huffman_decode.py.txt,0,human,1,0.7787533402442932,False
15_content_Nan-L_Huffman_Coding_HuffmanHeap.py.txt,Huffman,test,15_content_Nan-L_Huffman_Coding_HuffmanHeap.py.txt,0,human,1,0.9185225963592529,False
1_content_farizrahman4u_huffmax_test_training_speed.py.txt,Huffman,val,1_content_farizrahman4u_huffmax_test_training_speed.py.txt,0,human,1,0.6196245551109314,False
1_content_josgard94_JPEG_Algoritmo_jpeg.py.txt,Huffman,val,1_content_josgard94_JPEG_Algoritmo_jpeg.py.txt,0,human,1,0.6404843330383301,False
3_content_xiekch_Adaptive-Huffman-Coding_node.py.txt,Huffman,test,3_content_xiekch_Adaptive-Huffman-Coding_node.py.txt,0,human,1,0.8064545392990112,False
3_content_xiekch_Adaptive-Huffman-Coding_test.py.txt,Huffman,test,3_content_xiekch_Adaptive-Huffman-Coding_test.py.txt,0,human,1,0.6051294207572937,False
47_content_saladcat_Huffman_Form1.py.txt,Huffman,val,47_content_saladcat_Huffman_Form1.py.txt,0,human,1,0.7815937995910645,False
49_content_andreanndrade10_Huffman-Compressor_huffman.py.txt,Huffman,val,49_content_andreanndrade10_Huffman-Compressor_huffman.py.txt,0,human,1,0.6908795833587646,False
7_content_AastroLePetitRobot_Huffman-Coding_Huffman.py.txt,Huffman,test,7_content_AastroLePetitRobot_Huffman-Coding_Huffman.py.txt,0,human,1,0.6281878352165222,False
10_content_poku18_CE_III_06_Lab2_lab2.py.txt,Insertion sort,val,10_content_poku18_CE_III_06_Lab2_lab2.py.txt,0,human,1,0.8761831521987915,False
18_content_akrentsel_insertion-sort-graph_insertion_sort_graph.py.txt,Insertion sort,val,18_content_akrentsel_insertion-sort-graph_insertion_sort_graph.py.txt,0,human,1,0.6140927672386169,False
21_content_ahmedbally_Sorting-LL_LinkedList.py.txt,Insertion sort,val,21_content_ahmedbally_Sorting-LL_LinkedList.py.txt,0,human,1,0.884948194026947,False
21_content_CanKorkut_Python-Sort-Algorithm_quick.py.txt,Insertion sort,val,21_content_CanKorkut_Python-Sort-Algorithm_quick.py.txt,0,human,1,0.7602866291999817,False
24_content_lesdev_SortingMethods_Insertion.py.txt,Insertion sort,test,24_content_lesdev_SortingMethods_Insertion.py.txt,0,human,1,0.538891613483429,False
24_content_lesdev_SortingMethods_merge.py.txt,Insertion sort,test,24_content_lesdev_SortingMethods_merge.py.txt,0,human,1,0.6780824661254883,False
24_content_lesdev_SortingMethods_quicksort.py.txt,Insertion sort,test,24_content_lesdev_SortingMethods_quicksort.py.txt,0,human,1,0.6834686398506165,False
24_content_lesdev_SortingMethods_radix.py.txt,Insertion sort,test,24_content_lesdev_SortingMethods_radix.py.txt,0,human,1,0.6447027325630188,False
31_content_homeowmorphism_list-sorting-algorithms_quicksort.py.txt,Insertion sort,val,31_content_homeowmorphism_list-sorting-algorithms_quicksort.py.txt,0,human,1,0.9063433408737183,False
33_content_Howellp80_Algorithms---Merge-Sort-vs-Insertion-Sort_hw1.py.txt,Insertion sort,test,33_content_Howellp80_Algorithms---Merge-Sort-vs-Insertion-Sort_hw1.py.txt,0,human,1,0.789900004863739,False
36_content_akh5113_Stooge-Merge-Insert-Sort_Homework2.py.txt,Insertion sort,test,36_content_akh5113_Stooge-Merge-Insert-Sort_Homework2.py.txt,0,human,1,0.7919083833694458,False
40_content_kurosh-wss_Insersion-Sort_insertionSort.py.txt,Insertion sort,test,40_content_kurosh-wss_Insersion-Sort_insertionSort.py.txt,0,human,1,0.861264705657959,False
45_content_ilkayDevran_Analysis_of_Sorting_Algorithms_pyplot.py.txt,Insertion sort,test,45_content_ilkayDevran_Analysis_of_Sorting_Algorithms_pyplot.py.txt,0,human,1,0.7422618269920349,False
46_content_arun-p12_sort-algorithms_insertion_sort.py.txt,Insertion sort,test,46_content_arun-p12_sort-algorithms_insertion_sort.py.txt,0,human,1,0.7585170269012451,False
46_content_arun-p12_sort-algorithms_shell_sort.py.txt,Insertion sort,val,46_content_arun-p12_sort-algorithms_shell_sort.py.txt,0,human,1,0.7491845488548279,False
50_content_shre007_Implementation-and-comparison-of-sorting-algorithms_merge.py.txt,Insertion sort,test,50_content_shre007_Implementation-and-comparison-of-sorting-algorithms_merge.py.txt,0,human,1,0.9117011427879333,False
54_content_ceydapolat_Sorting-Algorithms-Analysis_InsertionSort.py.txt,Insertion sort,val,54_content_ceydapolat_Sorting-Algorithms-Analysis_InsertionSort.py.txt,0,human,1,0.7045189142227173,False
58_content_yaroslava-tkachuk_quicksort_accelerated_quicksort_accelerated.py.txt,Insertion sort,val,58_content_yaroslava-tkachuk_quicksort_accelerated_quicksort_accelerated.py.txt,0,human,1,0.792559027671814,False
13_content_Skulsta_cluster_unlabelled_dataset_elbow_analysis.py.txt,k means Clustering,val,13_content_Skulsta_cluster_unlabelled_dataset_elbow_analysis.py.txt,0,human,0,0.49578696489334106,False
14_content_gravelund-gis_MapSorter_KMeans_analysis.py.txt,k means Clustering,test,14_content_gravelund-gis_MapSorter_KMeans_analysis.py.txt,0,human,1,0.6620140671730042,False
21_content_p-kim1_Image-Segmentation-with-K-means_kmeans.py.txt,k means Clustering,val,21_content_p-kim1_Image-Segmentation-with-K-means_kmeans.py.txt,0,human,1,0.5775855183601379,False
35_content_NavneetSomwal_Weather-Data-Clustering-using-k-Means_waether_data_Clustering_k-means_scikit-learn.py.txt,k means Clustering,val,35_content_NavneetSomwal_Weather-Data-Clustering-using-k-Means_waether_data_Clustering_k-means_scikit-learn.py.txt,0,human,1,0.5029212236404419,False
36_content_OneWinged-Eagle_spotimy_getArtists.py.txt,k means Clustering,val,36_content_OneWinged-Eagle_spotimy_getArtists.py.txt,0,human,1,0.7716634273529053,False
36_content_prakhardogra921_Clustering-using-Kmeans-Cmeans-and-GMM_gmm_sklearn.py.txt,k means Clustering,test,36_content_prakhardogra921_Clustering-using-Kmeans-Cmeans-and-GMM_gmm_sklearn.py.txt,0,human,1,0.5978185534477234,False
41_content_akshay-gupta7_kmeans-using-mapreduce_k_means_reducer.py.txt,k means Clustering,val,41_content_akshay-gupta7_kmeans-using-mapreduce_k_means_reducer.py.txt,0,human,1,0.7742637991905212,False
49_content_akshay326_k-means-clustering-api_sample_python_script.py.txt,k means Clustering,val,49_content_akshay326_k-means-clustering-api_sample_python_script.py.txt,0,human,1,0.657160222530365,False
5_content_teawifi_k-means_clustering_loader.py.txt,k means Clustering,val,5_content_teawifi_k-means_clustering_loader.py.txt,0,human,1,0.8481643795967102,False
62_content_wang2226_Clustering_k-means_plot.py.txt,k means Clustering,test,62_content_wang2226_Clustering_k-means_plot.py.txt,0,human,1,0.5918394923210144,False
65_content_ankushjain2001_k-means-clustering-algorithm_driver.py.txt,k means Clustering,test,65_content_ankushjain2001_k-means-clustering-algorithm_driver.py.txt,0,human,1,0.6260821223258972,False
66_content_Mary268_K-Means-Clustering_k_means_clustering.py.txt,k means Clustering,val,66_content_Mary268_K-Means-Clustering_k_means_clustering.py.txt,0,human,1,0.6632112860679626,False
74_content_MarynaTatsevich_Machine-Learning-Unsupervised-Learning-Techniques_hierarchical_clustering_algorithm.py.txt,k means Clustering,test,74_content_MarynaTatsevich_Machine-Learning-Unsupervised-Learning-Techniques_hierarchical_clustering_algorithm.py.txt,0,human,1,0.6391306519508362,False
81_content_gautam9595_BIC-Selhoutte_Optimal_K_using_BIC-selhoutte_Iris.py.txt,k means Clustering,test,81_content_gautam9595_BIC-Selhoutte_Optimal_K_using_BIC-selhoutte_Iris.py.txt,0,human,1,0.5783408880233765,False
89_content_agarwalr98_K-means-Clustering_plot.py.txt,k means Clustering,val,89_content_agarwalr98_K-means-Clustering_plot.py.txt,0,human,1,0.5437972545623779,False
10_content_ajcse1_Predicting_Picture_Orientation_NeuralNetwork_predict.py.txt,knn,test,10_content_ajcse1_Predicting_Picture_Orientation_NeuralNetwork_predict.py.txt,0,human,1,0.6606118679046631,False
13_content_qwerty1917_KNN_OCR_main_py2.py.txt,knn,test,13_content_qwerty1917_KNN_OCR_main_py2.py.txt,0,human,1,0.6468442678451538,False
14_content_jldbc_gutenberg_populate_db.py.txt,knn,test,14_content_jldbc_gutenberg_populate_db.py.txt,0,human,1,0.6887909173965454,False
14_content_lisha1992_KNN-Clasify_handWritingClassify.py.txt,knn,test,14_content_lisha1992_KNN-Clasify_handWritingClassify.py.txt,0,human,1,0.6286557912826538,False
16_content_frknozr_knn_knn.py.txt,knn,test,16_content_frknozr_knn_knn.py.txt,0,human,1,0.527280867099762,False
19_content_AntoineMontaut_Predictive_Modeling_random_forest.py.txt,knn,test,19_content_AntoineMontaut_Predictive_Modeling_random_forest.py.txt,0,human,1,0.6098472476005554,False
19_content_walter090_cluster_runner.py.txt,knn,test,19_content_walter090_cluster_runner.py.txt,0,human,1,0.5598400235176086,False
27_content_ppplinday_Picture-Classification-PCA-KNN_KNN-PCA.py.txt,knn,test,27_content_ppplinday_Picture-Classification-PCA-KNN_KNN-PCA.py.txt,0,human,1,0.7341271638870239,False
38_content_juandes_knnbot-messenger-bot_distance.py.txt,knn,test,38_content_juandes_knnbot-messenger-bot_distance.py.txt,0,human,1,0.8455654382705688,False
39_content_mirajp_tweet_sentiments_baseline.py.txt,knn,val,39_content_mirajp_tweet_sentiments_baseline.py.txt,0,human,1,0.7069539427757263,False
41_content_SargisYonan_uav_ml_main.py.txt,knn,test,41_content_SargisYonan_uav_ml_main.py.txt,0,human,1,0.631371259689331,False
7_content_cp2-dc-info-lamp-2018_iris-knn_nao_somos_botanicos.py.txt,knn,val,7_content_cp2-dc-info-lamp-2018_iris-knn_nao_somos_botanicos.py.txt,0,human,1,0.5767910480499268,False
7_content_Manerone_Evolutive-KNN_evolutive_knn.py.txt,knn,val,7_content_Manerone_Evolutive-KNN_evolutive_knn.py.txt,0,human,1,0.6184454560279846,False
8_content_abhishekmsharma_knn-python-artificial-intelligence_abhishek_sharma_knn_environment.py.txt,knn,test,8_content_abhishekmsharma_knn-python-artificial-intelligence_abhishek_sharma_knn_environment.py.txt,0,human,1,0.7456457018852234,False
98_content_pooja1909_Bigdata-project_input.py.txt,knn,val,98_content_pooja1909_Bigdata-project_input.py.txt,0,human,1,0.6859211921691895,False
13_content_Ade-Adeleke_KruskalAlg_Kruskal_Algorithm__1_.py.txt,kruksals alg,test,13_content_Ade-Adeleke_KruskalAlg_Kruskal_Algorithm__1_.py.txt,0,human,1,0.8275877237319946,False
16_content_sharatchandraj_MaxBandwidthPath_HeapSortForKruskals.py.txt,kruksals alg,test,16_content_sharatchandraj_MaxBandwidthPath_HeapSortForKruskals.py.txt,0,human,1,0.8399346470832825,False
1_content_colettebedoya_primsAndKruskal_mst.py.txt,kruksals alg,val,1_content_colettebedoya_primsAndKruskal_mst.py.txt,0,human,1,0.6006010174751282,False
21_content_AnnaPiatek_Graph_Ford-Fulkerson.py.txt,kruksals alg,val,21_content_AnnaPiatek_Graph_Ford-Fulkerson.py.txt,0,human,1,0.7583513259887695,False
2_content_carlosguadir_kruskal_Nodo.py.txt,kruksals alg,val,2_content_carlosguadir_kruskal_Nodo.py.txt,0,human,1,0.6915748715400696,False
32_content_arian100y_Travelling-Salesman-Problem_createDBOrdered.py.txt,kruksals alg,val,32_content_arian100y_Travelling-Salesman-Problem_createDBOrdered.py.txt,0,human,1,0.8311429619789124,False
4_content_mincanhe_Network-routing-protocol_heap.py.txt,kruksals alg,val,4_content_mincanhe_Network-routing-protocol_heap.py.txt,0,human,1,0.7999826669692993,False
5_content_gabriel-arauj_grafos_teste_desempenho.py.txt,kruksals alg,test,5_content_gabriel-arauj_grafos_teste_desempenho.py.txt,0,human,1,0.6689879894256592,False
6_content_chiragragarwal_Graphs_And_Networks_numpy_help.py.txt,kruksals alg,val,6_content_chiragragarwal_Graphs_And_Networks_numpy_help.py.txt,0,human,0,0.3235953748226166,False
8_content_dianaelmasri_TravellingSalesManProblem_AStar_Kruskal_Recuit_test.py.txt,kruksals alg,test,8_content_dianaelmasri_TravellingSalesManProblem_AStar_Kruskal_Recuit_test.py.txt,0,human,1,0.8965790867805481,False
8_content_fepz_AyCC_disjoint_set.py.txt,kruksals alg,val,8_content_fepz_AyCC_disjoint_set.py.txt,0,human,1,0.9204109311103821,False
9_content_Boros93_GraphProject_test_prim.py.txt,kruksals alg,test,9_content_Boros93_GraphProject_test_prim.py.txt,0,human,1,0.6626863479614258,False
9_content_emmanuj_mst-solver_node.py.txt,kruksals alg,test,9_content_emmanuj_mst-solver_node.py.txt,0,human,1,0.786241352558136,False
10_content_mahimagupta_NLP-Research-Project-_supervisedLearner.py.txt,lemmanizasyon,test,10_content_mahimagupta_NLP-Research-Project-_supervisedLearner.py.txt,0,human,1,0.7272170782089233,False
11_content_Hyperparticle_LemmaTag_lemmatag.py.txt,lemmanizasyon,test,11_content_Hyperparticle_LemmaTag_lemmatag.py.txt,0,human,1,0.6796119809150696,False
12_content_ianscottknight_Predicting-Myers-Briggs-Type-Indicator-with-Recurrent-Neural-Networks_make_training_set.py.txt,lemmanizasyon,val,12_content_ianscottknight_Predicting-Myers-Briggs-Type-Indicator-with-Recurrent-Neural-Networks_make_training_set.py.txt,0,human,1,0.6120544075965881,False
12_content_ianscottknight_Predicting-Myers-Briggs-Type-Indicator-with-Recurrent-Neural-Networks_rnn.py.txt,lemmanizasyon,val,12_content_ianscottknight_Predicting-Myers-Briggs-Type-Indicator-with-Recurrent-Neural-Networks_rnn.py.txt,0,human,1,0.570233166217804,False
12_content_ianscottknight_Predicting-Myers-Briggs-Type-Indicator-with-Recurrent-Neural-Networks_trump_predictor.py.txt,lemmanizasyon,test,12_content_ianscottknight_Predicting-Myers-Briggs-Type-Indicator-with-Recurrent-Neural-Networks_trump_predictor.py.txt,0,human,1,0.6329640746116638,False
12_content_romanorac_elastic_localized_search_main.py.txt,lemmanizasyon,val,12_content_romanorac_elastic_localized_search_main.py.txt,0,human,1,0.7048898339271545,False
16_content_davda54_pytorch-transformer-lemmatization_predict.py.txt,lemmanizasyon,test,16_content_davda54_pytorch-transformer-lemmatization_predict.py.txt,0,human,1,0.5114369988441467,False
17_content_gorarakelyan_JointUD_train.py.txt,lemmanizasyon,val,17_content_gorarakelyan_JointUD_train.py.txt,0,human,1,0.5434317588806152,False
18_content_ppke-nlpg_emmorphpy_test.py.txt,lemmanizasyon,test,18_content_ppke-nlpg_emmorphpy_test.py.txt,0,human,1,0.7715736627578735,False
1_content_akoksal_Turkish-Lemmatizer_lemmatizer.py.txt,lemmanizasyon,val,1_content_akoksal_Turkish-Lemmatizer_lemmatizer.py.txt,0,human,1,0.5588573217391968,False
1_content_akoksal_Turkish-Lemmatizer_trainLexicon.py.txt,lemmanizasyon,test,1_content_akoksal_Turkish-Lemmatizer_trainLexicon.py.txt,0,human,1,0.6664279103279114,False
1_content_hipster-philology_pyrrha_manage.py.txt,lemmanizasyon,test,1_content_hipster-philology_pyrrha_manage.py.txt,0,human,1,0.8658226728439331,False
1_content_mikekestemont_pandora_unseen.py.txt,lemmanizasyon,test,1_content_mikekestemont_pandora_unseen.py.txt,0,human,1,0.7921909093856812,False
25_content_aajanki_finnish-pos-accuracy_sample_ftb1.py.txt,lemmanizasyon,val,25_content_aajanki_finnish-pos-accuracy_sample_ftb1.py.txt,0,human,1,0.6607093811035156,False
vs1_1_content_hipster-philology_pyrrha_manage.py.txt,lemmanizasyon,test,vs1_1_content_hipster-philology_pyrrha_manage.py.txt,0,human,1,0.8498216271400452,False
10_content_bradib0y_searchalgorithms_app.py.txt,linear searh,test,10_content_bradib0y_searchalgorithms_app.py.txt,0,human,1,0.9086596965789795,False
11_content_NikitaGautam_FYP-Automatic-Word-Search-Puzzle-Solver_FYPPuzzle.py.txt,linear searh,val,11_content_NikitaGautam_FYP-Automatic-Word-Search-Puzzle-Solver_FYPPuzzle.py.txt,0,human,0,0.4881521165370941,False
11_content_sichen-x_search-engine_htable.py.txt,linear searh,val,11_content_sichen-x_search-engine_htable.py.txt,0,human,1,0.8907890915870667,False
11_content_sichen-x_search-engine_htable_oo.py.txt,linear searh,val,11_content_sichen-x_search-engine_htable_oo.py.txt,0,human,1,0.827945351600647,False
11_content_sichen-x_search-engine_search.py.txt,linear searh,val,11_content_sichen-x_search-engine_search.py.txt,0,human,1,0.6577944159507751,False
13_content_Pedinpsy_-inverted-index-search_hash.py.txt,linear searh,test,13_content_Pedinpsy_-inverted-index-search_hash.py.txt,0,human,1,0.824591875076294,False
13_content_Pedinpsy_-inverted-index-search_main.py.txt,linear searh,test,13_content_Pedinpsy_-inverted-index-search_main.py.txt,0,human,1,0.5974840521812439,False
14_content_akozlu_Uninformed-Search-_lights_out_gui.py.txt,linear searh,val,14_content_akozlu_Uninformed-Search-_lights_out_gui.py.txt,0,human,1,0.716749906539917,False
15_content_jknight1725_linear_search_vs_random_search_worst_case.py.txt,linear searh,test,15_content_jknight1725_linear_search_vs_random_search_worst_case.py.txt,0,human,1,0.7950069308280945,False
19_content_longnguyen1997_linear-versus-binary-search_search_runtime_longnguyen.py.txt,linear searh,val,19_content_longnguyen1997_linear-versus-binary-search_search_runtime_longnguyen.py.txt,0,human,1,0.7538965344429016,False
1_content_Chunning-Zhou_MILPBasedSearchAlgorithmDiff_function.py.txt,linear searh,val,1_content_Chunning-Zhou_MILPBasedSearchAlgorithmDiff_function.py.txt,0,human,1,0.6878641843795776,False
1_content_guoliu_London-scikit_LondonScikit.py.txt,linear searh,val,1_content_guoliu_London-scikit_LondonScikit.py.txt,0,human,0,0.4962600767612457,False
6_content_bclark2_Ordered-Linear-Search_orderedLinearSearch.py.txt,linear searh,val,6_content_bclark2_Ordered-Linear-Search_orderedLinearSearch.py.txt,0,human,1,0.8597956299781799,False
7_content_bclark2_Unordered-Linear-Search_linearSearch.py.txt,linear searh,val,7_content_bclark2_Unordered-Linear-Search_linearSearch.py.txt,0,human,1,0.8131181597709656,False
v41_content_Chunning-Zhou_MILPBasedSearchAlgorithmDiff_function.py.txt,linear searh,test,v41_content_Chunning-Zhou_MILPBasedSearchAlgorithmDiff_function.py.txt,0,human,1,0.6254280805587769,False
10_content_dedeco_crawler-linkedin-public-profiles_crawler.py.txt,Linked List,val,10_content_dedeco_crawler-linkedin-public-profiles_crawler.py.txt,0,human,1,0.8003816604614258,False
15_content_udwivedi394_LinkedList_convertBT2LL.py.txt,Linked List,val,15_content_udwivedi394_LinkedList_convertBT2LL.py.txt,0,human,1,0.6929251551628113,False
16_content_arifromadhan19_LinkedList_simple_linked_list.py.txt,Linked List,val,16_content_arifromadhan19_LinkedList_simple_linked_list.py.txt,0,human,1,0.9091859459877014,False
17_content_yujiex9_LinkedList_LinkedList.py.txt,Linked List,val,17_content_yujiex9_LinkedList_LinkedList.py.txt,0,human,1,0.9349805116653442,False
19_content_vickyabi_singly-linked-list_singly_linked_list.py.txt,Linked List,test,19_content_vickyabi_singly-linked-list_singly_linked_list.py.txt,0,human,1,0.9060047268867493,False
21_content_yashag66_Python-Code-Samples_hashingString.py.txt,Linked List,val,21_content_yashag66_Python-Code-Samples_hashingString.py.txt,0,human,1,0.9224653244018555,False
22_content_harpreetsi_DataStructureImpl_LinkedListTest.py.txt,Linked List,val,22_content_harpreetsi_DataStructureImpl_LinkedListTest.py.txt,0,human,1,0.8266730904579163,False
24_content_Am4teur_LinkedList_LL0.py.txt,Linked List,test,24_content_Am4teur_LinkedList_LL0.py.txt,0,human,1,0.9562247395515442,False
26_content_alex-code4okc_LinkedList_linkedlist.py.txt,Linked List,test,26_content_alex-code4okc_LinkedList_linkedlist.py.txt,0,human,1,0.8599773645401001,False
29_content_MeriBalasanyan_Circular_Linked_List_circular_linked_list.py.txt,Linked List,val,29_content_MeriBalasanyan_Circular_Linked_List_circular_linked_list.py.txt,0,human,1,0.7899346351623535,False
2_content_Lok-lok_TestLinkedList_LinkedList.py.txt,Linked List,val,2_content_Lok-lok_TestLinkedList_LinkedList.py.txt,0,human,1,0.842560887336731,False
30_content_a1928375_click_count_click_count.py.txt,Linked List,val,30_content_a1928375_click_count_click_count.py.txt,0,human,1,0.633212149143219,False
34_content_jackle98_Deque-Code-_Queue.py.txt,Linked List,test,34_content_jackle98_Deque-Code-_Queue.py.txt,0,human,1,0.7323418259620667,False
36_content_cyndyishida_QueueQuickSort_linked_queue.py.txt,Linked List,test,36_content_cyndyishida_QueueQuickSort_linked_queue.py.txt,0,human,1,0.8318493962287903,False
3_content_WDI-SEA_python-linked-lists_linkedlist-test.py.txt,Linked List,test,3_content_WDI-SEA_python-linked-lists_linkedlist-test.py.txt,0,human,1,0.7217588424682617,False
40_content_Bonifase_ShoppingList_app_tests.py.txt,Linked List,val,40_content_Bonifase_ShoppingList_app_tests.py.txt,0,human,1,0.6905251741409302,False
43_content_muhamuttaqien_python-data-structure_heap.py.txt,Linked List,test,43_content_muhamuttaqien_python-data-structure_heap.py.txt,0,human,1,0.787552535533905,False
46_content_lili668668_tensorflow-note_trytfb.py.txt,Linked List,test,46_content_lili668668_tensorflow-note_trytfb.py.txt,0,human,0,0.4871762692928314,False
4_content_agvaibhav_linked-list_insertion-doubly.py.txt,Linked List,test,4_content_agvaibhav_linked-list_insertion-doubly.py.txt,0,human,1,0.9059141874313354,False
5_content_egeismail_SteamWorkshopCollectionInstaller_workshopinstaller.py.txt,Linked List,test,5_content_egeismail_SteamWorkshopCollectionInstaller_workshopinstaller.py.txt,0,human,1,0.688748836517334,False
9_content_Sknapper4_CS3310A2_main.py.txt,Linked List,test,9_content_Sknapper4_CS3310A2_main.py.txt,0,human,1,0.7242105603218079,False
10_content_sumanthsunny35_RHM-assignment_LCS.py.txt,longest common,test,10_content_sumanthsunny35_RHM-assignment_LCS.py.txt,0,human,1,0.6090835332870483,False
11_content_ayushkumarshah_Dynamic-Programming-MCM-and-LCS_lcs.py.txt,longest common,test,11_content_ayushkumarshah_Dynamic-Programming-MCM-and-LCS_lcs.py.txt,0,human,1,0.616637647151947,False
13_content_trsavi_Largest-Common-Sequence_subSequence.py.txt,longest common,test,13_content_trsavi_Largest-Common-Sequence_subSequence.py.txt,0,human,1,0.7276975512504578,False
15_content_VakinduPhilliam_Pattern_Matching_Python_Difflib_Pattern_Matching_Differ___.py.txt,longest common,val,15_content_VakinduPhilliam_Pattern_Matching_Python_Difflib_Pattern_Matching_Differ___.py.txt,0,human,1,0.6081774234771729,False
15_content_VakinduPhilliam_Pattern_Matching_Python_Difflib_Pattern_Matching_Unified_Diff.py.txt,longest common,test,15_content_VakinduPhilliam_Pattern_Matching_Python_Difflib_Pattern_Matching_Unified_Diff.py.txt,0,human,1,0.6112155914306641,False
15_content_VakinduPhilliam_Pattern_Matching_Python_Filecmp_Recursive_Search.py.txt,longest common,val,15_content_VakinduPhilliam_Pattern_Matching_Python_Filecmp_Recursive_Search.py.txt,0,human,1,0.762393057346344,False
1_content_susheelsagar_LCSS_final_loader.py.txt,longest common,val,1_content_susheelsagar_LCSS_final_loader.py.txt,0,human,1,0.8073199987411499,False
6_content_greed2411_LCS_try.py.txt,longest common,val,6_content_greed2411_LCS_try.py.txt,0,human,1,0.6207626461982727,False
6_content_singh-sidharth_Longest-Common-Subsequence_LCS.py.txt,longest common,test,6_content_singh-sidharth_Longest-Common-Subsequence_LCS.py.txt,0,human,1,0.6789882779121399,False
7_content_kanthagirish-rit_lcs-project_recursive.py.txt,longest common,test,7_content_kanthagirish-rit_lcs-project_recursive.py.txt,0,human,1,0.7163451313972473,False
8_content_16chuang_CS161_Project_judge.py.txt,longest common,test,8_content_16chuang_CS161_Project_judge.py.txt,0,human,1,0.7517751455307007,False
12_content_chiforbogdan_naive-bayes-reputation_naive_bayes.py.txt,Navie Bayes,test,12_content_chiforbogdan_naive-bayes-reputation_naive_bayes.py.txt,0,human,1,0.8624430894851685,False
13_content_ShankyTiwari_Naive-Bayes-Classifier-using-python_naive_bayes_supermall.py.txt,Navie Bayes,test,13_content_ShankyTiwari_Naive-Bayes-Classifier-using-python_naive_bayes_supermall.py.txt,0,human,1,0.513592004776001,False
14_content_Dmujt_Naive-Bayes-Sentiment-Analysis_mutual_information.py.txt,Navie Bayes,val,14_content_Dmujt_Naive-Bayes-Sentiment-Analysis_mutual_information.py.txt,0,human,1,0.7012866735458374,False
14_content_rajat1401_NaiveBayes_scratch_2016260_ques1a.py.txt,Navie Bayes,val,14_content_rajat1401_NaiveBayes_scratch_2016260_ques1a.py.txt,0,human,1,0.6352677941322327,False
16_content_ydhnwb_sentiment_analysis_movie_app.py.txt,Navie Bayes,test,16_content_ydhnwb_sentiment_analysis_movie_app.py.txt,0,human,1,0.6199105978012085,False
1_content_pranav-dahiya_NaiveBayes_vocabulary.py.txt,Navie Bayes,val,1_content_pranav-dahiya_NaiveBayes_vocabulary.py.txt,0,human,1,0.822946310043335,False
2_content_aspremon_NaiveFeatureSelection_DemoNFS.py.txt,Navie Bayes,test,2_content_aspremon_NaiveFeatureSelection_DemoNFS.py.txt,0,human,1,0.5993432402610779,False
50_content_cristend_spam_email_auto_run.py.txt,Navie Bayes,val,50_content_cristend_spam_email_auto_run.py.txt,0,human,1,0.623616635799408,False
5_content_adityadas8888_Naive-Bayes_naive_bayes.py.txt,Navie Bayes,test,5_content_adityadas8888_Naive-Bayes_naive_bayes.py.txt,0,human,1,0.5993512868881226,False
66_content_Talon-Zhang_Naive-Bayes_reader.py.txt,Navie Bayes,val,66_content_Talon-Zhang_Naive-Bayes_reader.py.txt,0,human,1,0.8580617308616638,False
76_content_mashfiq10_Naive-Bayes-classification_prob_1.py.txt,Navie Bayes,test,76_content_mashfiq10_Naive-Bayes-classification_prob_1.py.txt,0,human,1,0.5087527632713318,False
87_content_tej06_NaiveBayes-Classification_training.py.txt,Navie Bayes,val,87_content_tej06_NaiveBayes-Classification_training.py.txt,0,human,1,0.6411063075065613,False
90_content_cody-elhard_NaiveBayes_naive-bayes-numerical.py.txt,Navie Bayes,val,90_content_cody-elhard_NaiveBayes_naive-bayes-numerical.py.txt,0,human,1,0.6351990699768066,False
91_content_mahsarazavi_Text-Classification_MLP_Model.py.txt,Navie Bayes,val,91_content_mahsarazavi_Text-Classification_MLP_Model.py.txt,0,human,1,0.6146427392959595,False
94_content_UniqueRoHo_NaiveBayes_Continuous.py.txt,Navie Bayes,test,94_content_UniqueRoHo_NaiveBayes_Continuous.py.txt,0,human,1,0.6475786566734314,False
97_content_panjibagaskara_NaiveBayes_naive.py.txt,Navie Bayes,val,97_content_panjibagaskara_NaiveBayes_naive.py.txt,0,human,1,0.5935382843017578,False
11_content_OlgaCobaquil_One-Time-Pad_onetimepad.py.txt,one Time Pad,val,11_content_OlgaCobaquil_One-Time-Pad_onetimepad.py.txt,0,human,1,0.5948389768600464,False
13_content_notpresident35_one-time-pad-machine_STILL_More_Testing.py.txt,one Time Pad,val,13_content_notpresident35_one-time-pad-machine_STILL_More_Testing.py.txt,0,human,1,0.7413439750671387,False
16_content_nicolasenciso_One-time-pad-crypto-algorithm_OneTimePad.py.txt,one Time Pad,val,16_content_nicolasenciso_One-time-pad-crypto-algorithm_OneTimePad.py.txt,0,human,1,0.6326475739479065,False
16_content_rachwong_One-time-pad-code-_Word_guesser_2_.py.txt,one Time Pad,val,16_content_rachwong_One-time-pad-code-_Word_guesser_2_.py.txt,0,human,1,0.6660813093185425,False
17_content_jb0xx_decrypt-onetimepad_texthelper.py.txt,one Time Pad,test,17_content_jb0xx_decrypt-onetimepad_texthelper.py.txt,0,human,1,0.7800167798995972,False
19_content_DennyHsieh_many-time-pad-attack_decrypt.py.txt,one Time Pad,test,19_content_DennyHsieh_many-time-pad-attack_decrypt.py.txt,0,human,1,0.6976133584976196,False
1_content_anthonyzhub_One-Time-Pad_One-Time_Pad.py.txt,one Time Pad,val,1_content_anthonyzhub_One-Time-Pad_One-Time_Pad.py.txt,0,human,1,0.7755810022354126,False
20_content_dexhug_ciphers_one_time_pad.py.txt,one Time Pad,val,20_content_dexhug_ciphers_one_time_pad.py.txt,0,human,1,0.6162173748016357,False
20_content_dexhug_ciphers_polyalphabetic_cipher.py.txt,one Time Pad,test,20_content_dexhug_ciphers_polyalphabetic_cipher.py.txt,0,human,1,0.7341834902763367,False
25_content_penji2_encode-OTP-client-server_coder.py.txt,one Time Pad,val,25_content_penji2_encode-OTP-client-server_coder.py.txt,0,human,1,0.8248826861381531,False
29_content_blertagllareva_Pseudo-Random-Number-Generation-PRNG-_OneTimePad.py.txt,one Time Pad,test,29_content_blertagllareva_Pseudo-Random-Number-Generation-PRNG-_OneTimePad.py.txt,0,human,1,0.6303561329841614,False
31_content_tobymyers_codingthematrix_bitutil.py.txt,one Time Pad,test,31_content_tobymyers_codingthematrix_bitutil.py.txt,0,human,1,0.5551322102546692,False
31_content_tobymyers_codingthematrix_orthogonalization.py.txt,one Time Pad,val,31_content_tobymyers_codingthematrix_orthogonalization.py.txt,0,human,1,0.6776878833770752,False
31_content_tobymyers_codingthematrix_triangular.py.txt,one Time Pad,val,31_content_tobymyers_codingthematrix_triangular.py.txt,0,human,1,0.5595106482505798,False
3_content_lrnselfreliance_one_time_pad_otp_server.py.txt,one Time Pad,test,3_content_lrnselfreliance_one_time_pad_otp_server.py.txt,0,human,0,0.4955809414386749,False
5_content_llp0702_one-time-pad-implementation-python_main.py.txt,one Time Pad,test,5_content_llp0702_one-time-pad-implementation-python_main.py.txt,0,human,1,0.5753182172775269,False
6_content_BrandonDG_OneTimePad_a3.py.txt,one Time Pad,val,6_content_BrandonDG_OneTimePad_a3.py.txt,0,human,1,0.7344645261764526,False
7_content_anderspkd_broken-one-time-pad_somecode.py.txt,one Time Pad,test,7_content_anderspkd_broken-one-time-pad_somecode.py.txt,0,human,1,0.7484064698219299,False
1_content_Pranshu258_Crowd_Behavior_Analysis_outlierDetector.py.txt,Outlier Analysis,test,1_content_Pranshu258_Crowd_Behavior_Analysis_outlierDetector.py.txt,0,human,1,0.6488286256790161,False
2_content_Liu-WeiYi_Private_Preserving_Outlier_Behavior_Detection_Incremental_Time_analysis.py.txt,Outlier Analysis,val,2_content_Liu-WeiYi_Private_Preserving_Outlier_Behavior_Detection_Incremental_Time_analysis.py.txt,0,human,0,0.4122448265552521,False
2_content_mayankagrawal93_Outlier-Analysis_cblof.py.txt,Outlier Analysis,test,2_content_mayankagrawal93_Outlier-Analysis_cblof.py.txt,0,human,1,0.7263637781143188,False
4_content_mrimahajan_advanced_analysis_package_analyze.py.txt,Outlier Analysis,val,4_content_mrimahajan_advanced_analysis_package_analyze.py.txt,0,human,1,0.5220073461532593,False
4_content_mrimahajan_advanced_analysis_package_variable_treatment.py.txt,Outlier Analysis,test,4_content_mrimahajan_advanced_analysis_package_variable_treatment.py.txt,0,human,1,0.5624465942382812,False
5_content_harshdarji22_crypto_domains.py.txt,Outlier Analysis,val,5_content_harshdarji22_crypto_domains.py.txt,0,human,1,0.6550561785697937,False
5_content_harshdarji22_crypto_outlier.py.txt,Outlier Analysis,val,5_content_harshdarji22_crypto_outlier.py.txt,0,human,1,0.5849334597587585,False
3_content_iykadev_pyalgo_anagram.py.txt,Perfect Number,val,3_content_iykadev_pyalgo_anagram.py.txt,0,human,1,0.7536215782165527,False
3_content_iykadev_pyalgo_binaryHeap.py.txt,Perfect Number,val,3_content_iykadev_pyalgo_binaryHeap.py.txt,0,human,1,0.673434853553772,False
3_content_iykadev_pyalgo_binarySearch.py.txt,Perfect Number,val,3_content_iykadev_pyalgo_binarySearch.py.txt,0,human,1,0.9284823536872864,False
3_content_iykadev_pyalgo_bubbleSort.py.txt,Perfect Number,val,3_content_iykadev_pyalgo_bubbleSort.py.txt,0,human,1,0.700368344783783,False
3_content_iykadev_pyalgo_deepFirstSearch.py.txt,Perfect Number,val,3_content_iykadev_pyalgo_deepFirstSearch.py.txt,0,human,0,0.37940630316734314,False
3_content_iykadev_pyalgo_dragon_curve.py.txt,Perfect Number,test,3_content_iykadev_pyalgo_dragon_curve.py.txt,0,human,1,0.8000326752662659,False
3_content_iykadev_pyalgo_evolutionary_algo.py.txt,Perfect Number,val,3_content_iykadev_pyalgo_evolutionary_algo.py.txt,0,human,1,0.7700310349464417,False
3_content_iykadev_pyalgo_execute_a_markov_algo.py.txt,Perfect Number,test,3_content_iykadev_pyalgo_execute_a_markov_algo.py.txt,0,human,1,0.5696603059768677,False
3_content_iykadev_pyalgo_fast_fourier_transform.py.txt,Perfect Number,test,3_content_iykadev_pyalgo_fast_fourier_transform.py.txt,0,human,1,0.5594483017921448,False
3_content_iykadev_pyalgo_hashingHashTable.py.txt,Perfect Number,test,3_content_iykadev_pyalgo_hashingHashTable.py.txt,0,human,1,0.9177207350730896,False
3_content_iykadev_pyalgo_insertionSort.py.txt,Perfect Number,test,3_content_iykadev_pyalgo_insertionSort.py.txt,0,human,1,0.8336450457572937,False
3_content_iykadev_pyalgo_knuths_algo.py.txt,Perfect Number,val,3_content_iykadev_pyalgo_knuths_algo.py.txt,0,human,1,0.8564543128013611,False
3_content_iykadev_pyalgo_lagged_fibonacci_gen.py.txt,Perfect Number,val,3_content_iykadev_pyalgo_lagged_fibonacci_gen.py.txt,0,human,1,0.7976294159889221,False
3_content_iykadev_pyalgo_lucas_lehmer_test.py.txt,Perfect Number,test,3_content_iykadev_pyalgo_lucas_lehmer_test.py.txt,0,human,1,0.6591446399688721,False
3_content_iykadev_pyalgo_lzw_compression.py.txt,Perfect Number,test,3_content_iykadev_pyalgo_lzw_compression.py.txt,0,human,1,0.7192620038986206,False
3_content_iykadev_pyalgo_VertexGraph.py.txt,Perfect Number,test,3_content_iykadev_pyalgo_VertexGraph.py.txt,0,human,1,0.7002180814743042,False
3_content_iykadev_pyalgo_xiaolin_wus_line_algo.py.txt,Perfect Number,val,3_content_iykadev_pyalgo_xiaolin_wus_line_algo.py.txt,0,human,1,0.7281546592712402,False
3_content_iykadev_pyalgo_zhang_suen_thinning_algo.py.txt,Perfect Number,val,3_content_iykadev_pyalgo_zhang_suen_thinning_algo.py.txt,0,human,1,0.5932497382164001,False
5_content_nmcglohon_sequence-squares_calculate_sequence.py.txt,Perfect Number,val,5_content_nmcglohon_sequence-squares_calculate_sequence.py.txt,0,human,1,0.630608320236206,False
14_content_RohanYedagiri_Polynomial-Regression_poly.py.txt,polynomal reg,val,14_content_RohanYedagiri_Polynomial-Regression_poly.py.txt,0,human,1,0.544032096862793,False
17_content_galacticglum_polynomial-regression_poly_regression.py.txt,polynomal reg,test,17_content_galacticglum_polynomial-regression_poly_regression.py.txt,0,human,1,0.5316121578216553,False
31_content_NorahJC_RegressionAnalyses_MultReg.py.txt,polynomal reg,test,31_content_NorahJC_RegressionAnalyses_MultReg.py.txt,0,human,1,0.5154701471328735,False
48_content_pareekajay2_Polynomial-Regression_Position_Salaries.py.txt,polynomal reg,val,48_content_pareekajay2_Polynomial-Regression_Position_Salaries.py.txt,0,human,0,0.4963124990463257,False
49_content_pranurs_regression-model_main.py.txt,polynomal reg,val,49_content_pranurs_regression-model_main.py.txt,0,human,1,0.6172142028808594,False
60_content_winnie9197_The-Coding-School-projects_linear-regression.py.txt,polynomal reg,test,60_content_winnie9197_The-Coding-School-projects_linear-regression.py.txt,0,human,1,0.5122396349906921,False
61_content_piyush-taneja_Salary-Predictor_Regression_Template.py.txt,polynomal reg,val,61_content_piyush-taneja_Salary-Predictor_Regression_Template.py.txt,0,human,1,0.5645887851715088,False
61_content_piyush-taneja_Salary-Predictor_Support_Vector_Regression.py.txt,polynomal reg,val,61_content_piyush-taneja_Salary-Predictor_Support_Vector_Regression.py.txt,0,human,1,0.5285897850990295,False
63_content_avitabayan_Machine-learning_regression_template.py.txt,polynomal reg,val,63_content_avitabayan_Machine-learning_regression_template.py.txt,0,human,1,0.5353248715400696,False
63_content_avitabayan_Machine-learning_svr.py.txt,polynomal reg,test,63_content_avitabayan_Machine-learning_svr.py.txt,0,human,0,0.4925520718097687,False
64_content_hardik-dadhich_Polynomial_regression_model_poly_reg.py.txt,polynomal reg,val,64_content_hardik-dadhich_Polynomial_regression_model_poly_reg.py.txt,0,human,1,0.553991973400116,False
80_content_gbalcantara_linreg_linreg.py.txt,polynomal reg,val,80_content_gbalcantara_linreg_linreg.py.txt,0,human,1,0.5757275223731995,False
83_content_Akshaykanth_COPrediction_createModel.py.txt,polynomal reg,test,83_content_Akshaykanth_COPrediction_createModel.py.txt,0,human,1,0.5978493094444275,False
11_content_pprzygodzk_binary_search-prime_numbers_primes_p1.py.txt,Prime Number,test,11_content_pprzygodzk_binary_search-prime_numbers_primes_p1.py.txt,0,human,1,0.7567393183708191,False
18_content_zach010_PrimeOptimus_Prime.py.txt,Prime Number,test,18_content_zach010_PrimeOptimus_Prime.py.txt,0,human,1,0.7037767767906189,False
21_content_hagyu-aya_prime-number-bot_index.py.txt,Prime Number,val,21_content_hagyu-aya_prime-number-bot_index.py.txt,0,human,1,0.6943442225456238,False
23_content_cjonsmith_prime_calc_prime_days.py.txt,Prime Number,test,23_content_cjonsmith_prime_calc_prime_days.py.txt,0,human,1,0.5640735626220703,False
25_content_diXime_PrimaryNumbers_utx.py.txt,Prime Number,test,25_content_diXime_PrimaryNumbers_utx.py.txt,0,human,1,0.6204334497451782,False
25_content_Scientific-Computing-at-Temple-Physics_prime-number-finder-MicrowaveOfEvil_primes.py.txt,Prime Number,test,25_content_Scientific-Computing-at-Temple-Physics_prime-number-finder-MicrowaveOfEvil_primes.py.txt,0,human,1,0.6599629521369934,False
2_content_squeaky-godzilla_prime-factors_prime_factors.py.txt,Prime Number,val,2_content_squeaky-godzilla_prime-factors_prime_factors.py.txt,0,human,1,0.8010761141777039,False
30_content_olamofe_primeQuery_primeQuery.py.txt,Prime Number,test,30_content_olamofe_primeQuery_primeQuery.py.txt,0,human,1,0.7626910209655762,False
3_content_chamarli_ColudComputing-PrimeNumberValidator-master_prime_validator.py.txt,Prime Number,test,3_content_chamarli_ColudComputing-PrimeNumberValidator-master_prime_validator.py.txt,0,human,1,0.5391162633895874,False
10_content_chiragragarwal_Graphs_And_Networks___init__.py.txt,prims a,test,10_content_chiragragarwal_Graphs_And_Networks___init__.py.txt,0,human,0,0.2959176301956177,False
11_content_Boros93_GraphProject_kruskal.py.txt,prims a,val,11_content_Boros93_GraphProject_kruskal.py.txt,0,human,1,0.6267955303192139,False
11_content_Boros93_GraphProject_test_prim.py.txt,prims a,val,11_content_Boros93_GraphProject_test_prim.py.txt,0,human,1,0.6626863479614258,False
12_content_diegooliveira95_PrimAndDijkstra_prim.py.txt,prims a,test,12_content_diegooliveira95_PrimAndDijkstra_prim.py.txt,0,human,1,0.5413037538528442,False
22_content_mikaelharseno_DurianBot_allnodesolver.py.txt,prims a,val,22_content_mikaelharseno_DurianBot_allnodesolver.py.txt,0,human,1,0.7810395359992981,False
22_content_mikaelharseno_DurianBot_solver.py.txt,prims a,val,22_content_mikaelharseno_DurianBot_solver.py.txt,0,human,1,0.8315610289573669,False
4_content_JosephFWright_Prims_Algorithm_Kruskals.py.txt,prims a,test,4_content_JosephFWright_Prims_Algorithm_Kruskals.py.txt,0,human,1,0.5349393486976624,False
4_content_JosephFWright_Prims_Algorithm_main.py.txt,prims a,val,4_content_JosephFWright_Prims_Algorithm_main.py.txt,0,human,0,0.39995041489601135,False
5_content_abcsds_Prim_example.py.txt,prims a,test,5_content_abcsds_Prim_example.py.txt,0,human,1,0.5878728628158569,False
5_content_Fmccline_Prims-Algorithm_prims_algorithm.py.txt,prims a,val,5_content_Fmccline_Prims-Algorithm_prims_algorithm.py.txt,0,human,0,0.22229430079460144,False
6_content_steviedale_random_maze_generator_main.py.txt,prims a,val,6_content_steviedale_random_maze_generator_main.py.txt,0,human,1,0.6236770749092102,False
6_content_usbogie_MSTcreator_Node.py.txt,prims a,val,6_content_usbogie_MSTcreator_Node.py.txt,0,human,1,0.8928136229515076,False
7_content_Aly-Tomato_Prims-and-Kruskals_main.py.txt,prims a,val,7_content_Aly-Tomato_Prims-and-Kruskals_main.py.txt,0,human,1,0.5894536375999451,False
7_content_fepz_AyCC_disjoint_set.py.txt,prims a,test,7_content_fepz_AyCC_disjoint_set.py.txt,0,human,1,0.9204109311103821,False
16_content_GodspeedChloe_PrincipalComponentsAnalysis101_pca_two_vectors.py.txt,principal,val,16_content_GodspeedChloe_PrincipalComponentsAnalysis101_pca_two_vectors.py.txt,0,human,1,0.6405025720596313,False
21_content_bharadwajsrikanth_principal-component-analysis_ImageProcessing_PCA.py.txt,principal,test,21_content_bharadwajsrikanth_principal-component-analysis_ImageProcessing_PCA.py.txt,0,human,1,0.5164412260055542,False
27_content_AndresHerrera_PCA_Vowels_pca_training.py.txt,principal,val,27_content_AndresHerrera_PCA_Vowels_pca_training.py.txt,0,human,1,0.5594025254249573,False
30_content_ishwaryav_Principal-Component-Analysis-Implementation_pr2.py.txt,principal,val,30_content_ishwaryav_Principal-Component-Analysis-Implementation_pr2.py.txt,0,human,1,0.5319743752479553,False
31_content_bavdekar_pca_pca.py.txt,principal,val,31_content_bavdekar_pca_pca.py.txt,0,human,0,0.44476959109306335,False
49_content_christianThardy_Principal-Component-Analysis_pca.py.txt,principal,val,49_content_christianThardy_Principal-Component-Analysis_pca.py.txt,0,human,1,0.5482807755470276,False
5_content_cylance_lazy-stochastic-principal-component-analysis_plot_model_perf.py.txt,principal,test,5_content_cylance_lazy-stochastic-principal-component-analysis_plot_model_perf.py.txt,0,human,1,0.6327689290046692,False
6_content_LinHungShi_Principal-Component-Analysis-for-Images_pca_blocks.py.txt,principal,val,6_content_LinHungShi_Principal-Component-Analysis-for-Images_pca_blocks.py.txt,0,human,1,0.5346713662147522,False
6_content_LinHungShi_Principal-Component-Analysis-for-Images_pca_whole_image.py.txt,principal,val,6_content_LinHungShi_Principal-Component-Analysis-for-Images_pca_whole_image.py.txt,0,human,1,0.5283213257789612,False
73_content_hamk-uas_two-step-pca_two_step_pca.py.txt,principal,test,73_content_hamk-uas_two-step-pca_two_step_pca.py.txt,0,human,0,0.4548507332801819,False
7_content_work-nchc_PCAMN_treetop.py.txt,principal,test,7_content_work-nchc_PCAMN_treetop.py.txt,0,human,1,0.5946217775344849,False
82_content_bryonkucharski_PCA_Baseball_Statistics_pca.py.txt,principal,val,82_content_bryonkucharski_PCA_Baseball_Statistics_pca.py.txt,0,human,1,0.6627392768859863,False
84_content_rayjc_ml-pca-foreground-removal_miscHelper.py.txt,principal,test,84_content_rayjc_ml-pca-foreground-removal_miscHelper.py.txt,0,human,1,0.6253883838653564,False
8_content_kekastepanovic_Face-Gender-and-Age-Recognition-Using-Principal-Component-Analysis_Face_Gender_and_Age_Recognition.py.txt,principal,val,8_content_kekastepanovic_Face-Gender-and-Age-Recognition-Using-Principal-Component-Analysis_Face_Gender_and_Age_Recognition.py.txt,0,human,1,0.5695343613624573,False
94_content_rohithdot_ImageCompression-PCA_code.py.txt,principal,test,94_content_rohithdot_ImageCompression-PCA_code.py.txt,0,human,1,0.5327085852622986,False
95_content_JoeJimFlood_FreedomIndexPCA_FreedomIndexPCA.py.txt,principal,val,95_content_JoeJimFlood_FreedomIndexPCA_FreedomIndexPCA.py.txt,0,human,1,0.5557336807250977,False
95_content_konradpoweska_pca-sound-compression_wav.py.txt,principal,test,95_content_konradpoweska_pca-sound-compression_wav.py.txt,0,human,1,0.6534809470176697,False
9_content_spaul1014_Dimensionality-Reduction-of-Images_Image_Classification_using_PCA_and_SVM.py.txt,principal,val,9_content_spaul1014_Dimensionality-Reduction-of-Images_Image_Classification_using_PCA_and_SVM.py.txt,0,human,1,0.5743748545646667,False
12_content_shinevalora_asyncio_tornado_queues_requests_demo_test.py.txt,Queue,val,12_content_shinevalora_asyncio_tornado_queues_requests_demo_test.py.txt,0,human,1,0.6124116778373718,False
13_content_IRLadderGoat_KKIK-venteliste-nr_venteliste.py.txt,Queue,val,13_content_IRLadderGoat_KKIK-venteliste-nr_venteliste.py.txt,0,human,1,0.630160927772522,False
1_content_gasior213214123_Python-Queue-Simulation_queue.py.txt,Queue,val,1_content_gasior213214123_Python-Queue-Simulation_queue.py.txt,0,human,1,0.6109989881515503,False
1_content_SamKnightGit_LeagueBot_context.py.txt,Queue,val,1_content_SamKnightGit_LeagueBot_context.py.txt,0,human,1,0.7720146179199219,False
29_content_0517_QueueSimulation_simple_queue.py.txt,Queue,val,29_content_0517_QueueSimulation_simple_queue.py.txt,0,human,1,0.5816294550895691,False
30_content_HumaneWolf_telegram-spotify-queue_telegram_spotify_queue.py.txt,Queue,test,30_content_HumaneWolf_telegram-spotify-queue_telegram_spotify_queue.py.txt,0,human,1,0.8010146021842957,False
31_content_danieltshibangu_QueuePay_diranySolution.py.txt,Queue,test,31_content_danieltshibangu_QueuePay_diranySolution.py.txt,0,human,1,0.8537341952323914,False
35_content_PeterUpfold_simple-temp-queue-pusher_simple-temp-queue-pusher.py.txt,Queue,test,35_content_PeterUpfold_simple-temp-queue-pusher_simple-temp-queue-pusher.py.txt,0,human,1,0.6495351195335388,False
38_content_dareofmeashwani_Pre-Processing-Queue-For-Deep-Learning-Model_DataQueue.py.txt,Queue,val,38_content_dareofmeashwani_Pre-Processing-Queue-For-Deep-Learning-Model_DataQueue.py.txt,0,human,1,0.5868057608604431,False
3_content_colinmcnicholl_queueing_theory_homework3_map6264a.py.txt,Queue,val,3_content_colinmcnicholl_queueing_theory_homework3_map6264a.py.txt,0,human,1,0.5021771192550659,False
41_content_sweeneyde_IndexedHeap_dijkstra.py.txt,Queue,test,41_content_sweeneyde_IndexedHeap_dijkstra.py.txt,0,human,1,0.6655611395835876,False
45_content_kriti149_Text-Summarizer_txt_summarization.py.txt,Queue,val,45_content_kriti149_Text-Summarizer_txt_summarization.py.txt,0,human,1,0.6547192931175232,False
47_content_jeshan_lambda-default-dlq_generate-config.py.txt,Queue,test,47_content_jeshan_lambda-default-dlq_generate-config.py.txt,0,human,1,0.6084877848625183,False
52_content_NYU-Molecular-Pathology_queue-stats_qstats.py.txt,Queue,val,52_content_NYU-Molecular-Pathology_queue-stats_qstats.py.txt,0,human,1,0.7203496098518372,False
53_content_haydentmichael_Assign4_TreeTraversal.py.txt,Queue,val,53_content_haydentmichael_Assign4_TreeTraversal.py.txt,0,human,1,0.7660114765167236,False
54_content_DNPA_txhqueue_txbasetest.py.txt,Queue,test,54_content_DNPA_txhqueue_txbasetest.py.txt,0,human,1,0.6054471135139465,False
54_content_VishalPadme_Queue__Simple_Driver_Code_Queue_by_VP.py.txt,Queue,val,54_content_VishalPadme_Queue__Simple_Driver_Code_Queue_by_VP.py.txt,0,human,1,0.6526232361793518,False
56_content_joseph-njogu_Rabbitmq_worker.py.txt,Queue,test,56_content_joseph-njogu_Rabbitmq_worker.py.txt,0,human,1,0.626482367515564,False
57_content_sangyh_discrete-event-simulation_read_output.py.txt,Queue,val,57_content_sangyh_discrete-event-simulation_read_output.py.txt,0,human,1,0.5499021410942078,False
67_content_sulaiman-muhammad_Earliest-Deadline-First-Sheduler_link.py.txt,Queue,val,67_content_sulaiman-muhammad_Earliest-Deadline-First-Sheduler_link.py.txt,0,human,1,0.8251057267189026,False
13_content_gkp7_quick-sort_quick_sort.py.txt,quick sort,test,13_content_gkp7_quick-sort_quick_sort.py.txt,0,human,1,0.885672926902771,False
14_content_briholt100_rogersQ_rogersQ.py.txt,quick sort,test,14_content_briholt100_rogersQ_rogersQ.py.txt,0,human,1,0.6506785750389099,False
18_content_TorugoH_quickSort_quick.py.txt,quick sort,val,18_content_TorugoH_quickSort_quick.py.txt,0,human,1,0.7930458784103394,False
19_content_vickyandpiggy_count_inversion_merge_sort_compare_quick_sort_count_inversion_merge_sort__compare_quick_sort.py.txt,quick sort,test,19_content_vickyandpiggy_count_inversion_merge_sort_compare_quick_sort_count_inversion_merge_sort__compare_quick_sort.py.txt,0,human,1,0.8688498735427856,False
20_content_bradruck_Quick_Sort-python_Assignment_7-P12.9.py.txt,quick sort,test,20_content_bradruck_Quick_Sort-python_Assignment_7-P12.9.py.txt,0,human,1,0.8605378270149231,False
21_content_bmawji3_tvshow-sorting_tvshow_sort.py.txt,quick sort,test,21_content_bmawji3_tvshow-sorting_tvshow_sort.py.txt,0,human,1,0.7885825037956238,False
25_content_bisigc_python_quicksort_quicksort.py.txt,quick sort,val,25_content_bisigc_python_quicksort_quicksort.py.txt,0,human,1,0.617295503616333,False
26_content_hemidactylus_skanfixer_SelRectangle.py.txt,quick sort,test,26_content_hemidactylus_skanfixer_SelRectangle.py.txt,0,human,1,0.6952776312828064,False
27_content_mozarik_quicksortPython_insertionSort.py.txt,quick sort,val,27_content_mozarik_quicksortPython_insertionSort.py.txt,0,human,1,0.8236523270606995,False
2_content_ForeverPs_Visualization-of-sort-algorithms_SORT.py.txt,quick sort,val,2_content_ForeverPs_Visualization-of-sort-algorithms_SORT.py.txt,0,human,1,0.888215184211731,False
30_content_choogeboom_photo-sorter_photo_sorter.py.txt,quick sort,test,30_content_choogeboom_photo-sorter_photo_sorter.py.txt,0,human,1,0.7038558721542358,False
30_content_XiaogeWang_Sort-Algorithms-Python-Version-_heap_sort.py.txt,quick sort,val,30_content_XiaogeWang_Sort-Algorithms-Python-Version-_heap_sort.py.txt,0,human,1,0.7948827743530273,False
4_content_varuntahin2210_ConversationalBot-Restaurant_nlu_model.py.txt,quick sort,test,4_content_varuntahin2210_ConversationalBot-Restaurant_nlu_model.py.txt,0,human,1,0.5961018204689026,False
52_content_RefaelBeker7_Sorting-Algorithms-Python_ExampleSort_sixDifference.py.txt,quick sort,test,52_content_RefaelBeker7_Sorting-Algorithms-Python_ExampleSort_sixDifference.py.txt,0,human,1,0.8128200173377991,False
73_content_OstapKuch_Lab_01_alg_sort.py.txt,quick sort,test,73_content_OstapKuch_Lab_01_alg_sort.py.txt,0,human,1,0.7900952696800232,False
13_content_zandermoss_bessel_recursion_testi.py.txt,Recurisive,val,13_content_zandermoss_bessel_recursion_testi.py.txt,0,human,1,0.7162347435951233,False
14_content_TechnicallyRachel_Fibonacci-plus-unitTest_fibonacci.py.txt,Recurisive,test,14_content_TechnicallyRachel_Fibonacci-plus-unitTest_fibonacci.py.txt,0,human,1,0.9487771987915039,False
18_content_jmhummel_Continuation-passing-style_index.py.txt,Recurisive,test,18_content_jmhummel_Continuation-passing-style_index.py.txt,0,human,1,0.7311639785766602,False
1_content_ilmanzo666_quadtree-image-decomposition_pyImgQuadTree.py.txt,Recurisive,val,1_content_ilmanzo666_quadtree-image-decomposition_pyImgQuadTree.py.txt,0,human,1,0.6573371291160583,False
1_content_rcorcs_apref_tests.py.txt,Recurisive,test,1_content_rcorcs_apref_tests.py.txt,0,human,1,0.5792216062545776,False
20_content_Shweetz_Connect4Solver_solver.py.txt,Recurisive,val,20_content_Shweetz_Connect4Solver_solver.py.txt,0,human,1,0.7955986857414246,False
24_content_regnarg_prf-turing-machine_arith.py.txt,Recurisive,test,24_content_regnarg_prf-turing-machine_arith.py.txt,0,human,1,0.6309993863105774,False
24_content_regnarg_prf-turing-machine_tm.py.txt,Recurisive,test,24_content_regnarg_prf-turing-machine_tm.py.txt,0,human,1,0.6402881145477295,False
25_content_OmarGhoneim_wb-wikosophy_wikosopher.py.txt,Recurisive,test,25_content_OmarGhoneim_wb-wikosophy_wikosopher.py.txt,0,human,1,0.6159657835960388,False
2_content_DavidWallacedot_recursiveFunctions.py_recursive.py.txt,Recurisive,val,2_content_DavidWallacedot_recursiveFunctions.py_recursive.py.txt,0,human,1,0.6715490221977234,False
33_content_prabhatpal77_Complete-core-python-_dictcomp.py.txt,Recurisive,val,33_content_prabhatpal77_Complete-core-python-_dictcomp.py.txt,0,human,1,0.8408615589141846,False
34_content_stephypy_CS2302PasswordCracking_Main.py.txt,Recurisive,val,34_content_stephypy_CS2302PasswordCracking_Main.py.txt,0,human,1,0.7890198230743408,False
35_content_rajucsm09_Fibonacci-Sequence-using-Memoizaton_fibonacci.py.txt,Recurisive,test,35_content_rajucsm09_Fibonacci-Sequence-using-Memoizaton_fibonacci.py.txt,0,human,1,0.8313605785369873,False
39_content_dhruva-gaidhani_DNS_resolver_my_dns.py.txt,Recurisive,test,39_content_dhruva-gaidhani_DNS_resolver_my_dns.py.txt,0,human,1,0.6357167959213257,False
5_content_diandra-davidson_IS211_Assignment14_recursion.py.txt,Recurisive,test,5_content_diandra-davidson_IS211_Assignment14_recursion.py.txt,0,human,1,0.8301135897636414,False
12_content_kyardley_RSA_RSAEncrypt.py.txt,rsa,val,12_content_kyardley_RSA_RSAEncrypt.py.txt,0,human,1,0.5905977487564087,False
1_content_zsra_RSA_keygen_prime.py.txt,rsa,val,1_content_zsra_RSA_keygen_prime.py.txt,0,human,1,0.5572850108146667,False
28_content_Harzu_simple-rsa_utils.py.txt,rsa,test,28_content_Harzu_simple-rsa_utils.py.txt,0,human,1,0.5556328296661377,False
37_content_henritomas_ECE151-RSA-encryption_client.py.txt,rsa,test,37_content_henritomas_ECE151-RSA-encryption_client.py.txt,0,human,1,0.5905188322067261,False
41_content_yujiaoliang_rsa_yu01.py.txt,rsa,val,41_content_yujiaoliang_rsa_yu01.py.txt,0,human,1,0.7609401941299438,False
42_content_KimCant2019_rsa_crypto_rsa-decrypter.py.txt,rsa,test,42_content_KimCant2019_rsa_crypto_rsa-decrypter.py.txt,0,human,1,0.5124076008796692,False
43_content_strmrider_RSA_utilities.py.txt,rsa,test,43_content_strmrider_RSA_utilities.py.txt,0,human,1,0.799256443977356,False
46_content_ThallysSo_criptografia-rsa_criptografia.py.txt,rsa,val,46_content_ThallysSo_criptografia-rsa_criptografia.py.txt,0,human,1,0.7196030616760254,False
49_content_mrsondeptrai1999_RSA_Summer_2017_project_Decryption.py.txt,rsa,val,49_content_mrsondeptrai1999_RSA_Summer_2017_project_Decryption.py.txt,0,human,1,0.625577986240387,False
52_content_CorrineTan_Digital-Signature-Schemes-Evaluation_eddsa_25519.py.txt,rsa,val,52_content_CorrineTan_Digital-Signature-Schemes-Evaluation_eddsa_25519.py.txt,0,human,1,0.8220685720443726,False
66_content_MihaiGaidau_RSA_main.py.txt,rsa,val,66_content_MihaiGaidau_RSA_main.py.txt,0,human,1,0.6983024477958679,False
74_content_minahabibm_RSA-2048-Encryption-Decryption_Decrypt.py.txt,rsa,test,74_content_minahabibm_RSA-2048-Encryption-Decryption_Decrypt.py.txt,0,human,1,0.6527186036109924,False
89_content_shivamsaigupta_RSA_Generator_main.py.txt,rsa,test,89_content_shivamsaigupta_RSA_Generator_main.py.txt,0,human,0,0.35653653740882874,False
95_content_anurag423_Python-Project_eKeyGen.py.txt,rsa,val,95_content_anurag423_Python-Project_eKeyGen.py.txt,0,human,1,0.7763658165931702,False
95_content_anurag423_Python-Project_primegen.py.txt,rsa,val,95_content_anurag423_Python-Project_primegen.py.txt,0,human,1,0.7692883014678955,False
97_content_DanialBeg_RSA-Decryption-CS111_decryption.py.txt,rsa,val,97_content_DanialBeg_RSA-Decryption-CS111_decryption.py.txt,0,human,1,0.7075128555297852,False
97_content_rusrom_cryptography_rsa_text_decrypt.py.txt,rsa,val,97_content_rusrom_cryptography_rsa_text_decrypt.py.txt,0,human,1,0.5641661286354065,False
10_content_lesdev_SortingMethods_selection.py.txt,Selection,test,10_content_lesdev_SortingMethods_selection.py.txt,0,human,1,0.51494300365448,False
11_content_jdpenuliar_selectionsortdjango_manage.py.txt,Selection,test,11_content_jdpenuliar_selectionsortdjango_manage.py.txt,0,human,0,0.3529486358165741,False
11_content_rburkholder_debconf-get-selections-sort_seed.sort.py.txt,Selection,test,11_content_rburkholder_debconf-get-selections-sort_seed.sort.py.txt,0,human,1,0.7614560723304749,False
14_content_codearemo_selction-sort_selection_sort.py.txt,Selection,test,14_content_codearemo_selction-sort_selection_sort.py.txt,0,human,1,0.921203076839447,False
17_content_alanz4196_arrays_insertion_selection_sorts.py.txt,Selection,val,17_content_alanz4196_arrays_insertion_selection_sorts.py.txt,0,human,1,0.743627667427063,False
17_content_Ryan-Fortner_selection_sort_selection_sort.py.txt,Selection,test,17_content_Ryan-Fortner_selection_sort_selection_sort.py.txt,0,human,1,0.786400556564331,False
20_content_jhemesonmotta_PythonSelectionSort_selectionSort.py.txt,Selection,test,20_content_jhemesonmotta_PythonSelectionSort_selectionSort.py.txt,0,human,1,0.699945867061615,False
26_content_AbdelrhmanKhater_Comparison-between-linked-list-and-array-during-using-selection-sort_Linkedlist.py.txt,Selection,test,26_content_AbdelrhmanKhater_Comparison-between-linked-list-and-array-during-using-selection-sort_Linkedlist.py.txt,0,human,1,0.9569813013076782,False
27_content_CodeDrome_selection-sort-python_selectionsort.py.txt,Selection,test,27_content_CodeDrome_selection-sort-python_selectionsort.py.txt,0,human,1,0.7695339322090149,False
32_content_AAMergulhao_Sort_Algorithms_algorithms.py.txt,Selection,test,32_content_AAMergulhao_Sort_Algorithms_algorithms.py.txt,0,human,1,0.844258725643158,False
34_content_rajdas2001_Sorting-of-lists-arrays_Bubble_Sort.py.txt,Selection,val,34_content_rajdas2001_Sorting-of-lists-arrays_Bubble_Sort.py.txt,0,human,1,0.7862440943717957,False
45_content_Dimildizio_pyqt_traincars_sort_gui11.py.txt,Selection,val,45_content_Dimildizio_pyqt_traincars_sort_gui11.py.txt,0,human,1,0.5428417921066284,False
9_content_naviechan_sortingAlgorithmDemo_bubbleSort.py.txt,Selection,val,9_content_naviechan_sortingAlgorithmDemo_bubbleSort.py.txt,0,human,1,0.8144597411155701,False
2_content_umam006_steganografi-tugas_LSBSteg.py.txt,Steganografi,val,2_content_umam006_steganografi-tugas_LSBSteg.py.txt,0,human,1,0.7494367957115173,False
10_content_zpeterg_bmig_5003_count_words_getFile_test.py.txt,stop words,val,10_content_zpeterg_bmig_5003_count_words_getFile_test.py.txt,0,human,1,0.6916846632957458,False
13_content_prachij94_Category-name-analysis-without-stopwords_stopwordsmcat.py.txt,stop words,val,13_content_prachij94_Category-name-analysis-without-stopwords_stopwordsmcat.py.txt,0,human,1,0.5990172624588013,False
13_content_preetidurai_Spam-Ham-Classification-using-NB-and-LR_logisticRegressionMain.py.txt,stop words,test,13_content_preetidurai_Spam-Ham-Classification-using-NB-and-LR_logisticRegressionMain.py.txt,0,human,0,0.4864570200443268,False
13_content_preetidurai_Spam-Ham-Classification-using-NB-and-LR_NBHelper.py.txt,stop words,test,13_content_preetidurai_Spam-Ham-Classification-using-NB-and-LR_NBHelper.py.txt,0,human,0,0.4995812773704529,False
14_content_ganigavinaya_NaiveBayes_NBwithStopWords.py.txt,stop words,val,14_content_ganigavinaya_NaiveBayes_NBwithStopWords.py.txt,0,human,1,0.645476222038269,False
15_content_ganigavinaya_LogisticRegression_LRwithoutStopWords.py.txt,stop words,test,15_content_ganigavinaya_LogisticRegression_LRwithoutStopWords.py.txt,0,human,1,0.579953670501709,False
15_content_ganigavinaya_LogisticRegression_LRwithStopWords.py.txt,stop words,val,15_content_ganigavinaya_LogisticRegression_LRwithStopWords.py.txt,0,human,1,0.6531873941421509,False
16_content_NB-prog_INTERN-2019_DataHandler.py.txt,stop words,test,16_content_NB-prog_INTERN-2019_DataHandler.py.txt,0,human,1,0.645898699760437,False
16_content_NB-prog_INTERN-2019_train.py.txt,stop words,val,16_content_NB-prog_INTERN-2019_train.py.txt,0,human,1,0.5908030271530151,False
28_content_vinaykumarbu_sentiment-analysis-deeplearning_csv_parser.py.txt,stop words,val,28_content_vinaykumarbu_sentiment-analysis-deeplearning_csv_parser.py.txt,0,human,1,0.667087197303772,False
28_content_vinaykumarbu_sentiment-analysis-deeplearning_data_helpers.py.txt,stop words,test,28_content_vinaykumarbu_sentiment-analysis-deeplearning_data_helpers.py.txt,0,human,1,0.5758422017097473,False
28_content_vinaykumarbu_sentiment-analysis-deeplearning_gui.py.txt,stop words,test,28_content_vinaykumarbu_sentiment-analysis-deeplearning_gui.py.txt,0,human,1,0.5570065379142761,False
3_content_crvineeth97_kannada-stop-words_stopwords_find.py.txt,stop words,val,3_content_crvineeth97_kannada-stop-words_stopwords_find.py.txt,0,human,1,0.5421863794326782,False
3_content_tusizi_document-analysis_jieba_cut_document_to_vocabulary_with_nominal.py.txt,stop words,test,3_content_tusizi_document-analysis_jieba_cut_document_to_vocabulary_with_nominal.py.txt,0,human,1,0.6906760334968567,False
5_content_JoseAntonioMora_StopWords_Stopwords.py.txt,stop words,test,5_content_JoseAntonioMora_StopWords_Stopwords.py.txt,0,human,1,0.750295877456665,False
6_content_hsiaoyi0504_BioChem_stop_words_main.py.txt,stop words,test,6_content_hsiaoyi0504_BioChem_stop_words_main.py.txt,0,human,1,0.5888780355453491,False
6_content_Utkagr_NLPrel_all_nltk.py.txt,stop words,val,6_content_Utkagr_NLPrel_all_nltk.py.txt,0,human,1,0.6125825643539429,False
7_content_manuellah_bc-9-twitter-sentiment-app_twitter_sentiment.py.txt,stop words,val,7_content_manuellah_bc-9-twitter-sentiment-app_twitter_sentiment.py.txt,0,human,1,0.7376387715339661,False
7_content_satyammittal_IRE-Stopping-Words_hindi.py.txt,stop words,val,7_content_satyammittal_IRE-Stopping-Words_hindi.py.txt,0,human,1,0.854293167591095,False
9_content_ttm62_customized_RAKE_RAKE.py.txt,stop words,test,9_content_ttm62_customized_RAKE_RAKE.py.txt,0,human,1,0.5098385810852051,False
1_content_DanShai_kernalized-tsne_ktsne.py.txt,t-Distributed Stochastic Neighbor Embedding,val,1_content_DanShai_kernalized-tsne_ktsne.py.txt,0,human,0,0.43405503034591675,False
3_content_Lochanahasith_t-Distributed-Stochastic-Neighbor-Embedding-t-SNE-on-EC-dataset_tsne_with_ec.py.txt,t-Distributed Stochastic Neighbor Embedding,val,3_content_Lochanahasith_t-Distributed-Stochastic-Neighbor-Embedding-t-SNE-on-EC-dataset_tsne_with_ec.py.txt,0,human,1,0.5599193572998047,False
4_content_gonzaloriquelme_DimensionalityReductionEx_Dim-red.py.txt,t-Distributed Stochastic Neighbor Embedding,val,4_content_gonzaloriquelme_DimensionalityReductionEx_Dim-red.py.txt,0,human,1,0.5235849618911743,False
11_content_Masao-Taketani_text_classification_with_alexa_make_pkl_for_data_and_dic.py.txt,tf idf,val,11_content_Masao-Taketani_text_classification_with_alexa_make_pkl_for_data_and_dic.py.txt,0,human,1,0.5921565294265747,False
17_content_davidbhan_IntelligentPatents_NLP_functions.py.txt,tf idf,test,17_content_davidbhan_IntelligentPatents_NLP_functions.py.txt,0,human,1,0.6435728669166565,False
17_content_lo1gr_tf-idf_hadoop-Spark_reducer3_A.py.txt,tf idf,test,17_content_lo1gr_tf-idf_hadoop-Spark_reducer3_A.py.txt,0,human,1,0.7227040529251099,False
1_content_nikitaa30_Content-based-Recommender-System_recommender_system.py.txt,tf idf,test,1_content_nikitaa30_Content-based-Recommender-System_recommender_system.py.txt,0,human,1,0.7319728136062622,False
41_content_antoinewg_ocr-tfidf_reducer3.py.txt,tf idf,val,41_content_antoinewg_ocr-tfidf_reducer3.py.txt,0,human,1,0.7334081530570984,False
58_content_zhaoyichanghong_machine_learing_algo_python_ica.py.txt,tf idf,test,58_content_zhaoyichanghong_machine_learing_algo_python_ica.py.txt,0,human,0,0.14088045060634613,False
60_content_muskantantia0_text-analytics_tf_idf.py.txt,tf idf,val,60_content_muskantantia0_text-analytics_tf_idf.py.txt,0,human,1,0.6410797238349915,False
65_content_my-master_HashingTfidfVectorizer_en_run.py.txt,tf idf,val,65_content_my-master_HashingTfidfVectorizer_en_run.py.txt,0,human,1,0.5915414094924927,False
6_content_sherlvick_sentimental-analysis_SVM_svm_pipe.py.txt,tf idf,test,6_content_sherlvick_sentimental-analysis_SVM_svm_pipe.py.txt,0,human,1,0.5320425629615784,False
70_content_skumaravel_tf-idf_tf_idf.py.txt,tf idf,test,70_content_skumaravel_tf-idf_tf_idf.py.txt,0,human,1,0.7398854494094849,False
72_content_SreekarJammula_tf-idf-_asst2_part2_1.py.txt,tf idf,test,72_content_SreekarJammula_tf-idf-_asst2_part2_1.py.txt,0,human,1,0.5587974190711975,False
13_content_gissimo_nsc_do_nsc.py.txt,variance,val,13_content_gissimo_nsc_do_nsc.py.txt,0,human,1,0.6273030638694763,False
17_content_jmullercuber_HackHarvard2k16_RedditTest.py.txt,variance,test,17_content_jmullercuber_HackHarvard2k16_RedditTest.py.txt,0,human,1,0.744742751121521,False
18_content_wuqianfan_Variance-Reduction-for-Merton-Process-Monte-Carlo_Sampling_1.py.txt,variance,test,18_content_wuqianfan_Variance-Reduction-for-Merton-Process-Monte-Carlo_Sampling_1.py.txt,0,human,1,0.6670913100242615,False
19_content_jamzrob_Simple-Kalman-Filter_Kalman_Filter.py.txt,variance,val,19_content_jamzrob_Simple-Kalman-Filter_Kalman_Filter.py.txt,0,human,1,0.5469264984130859,False
2_content_facebookresearch_reward-estimator-corl_envs.py.txt,variance,test,2_content_facebookresearch_reward-estimator-corl_envs.py.txt,0,human,0,0.4762955605983734,False
32_content_clee1994_MasterThesis_table_helper.py.txt,variance,test,32_content_clee1994_MasterThesis_table_helper.py.txt,0,human,1,0.645375669002533,False
34_content_rutajoshi_polyfit_experiments_plot_functions.py.txt,variance,val,34_content_rutajoshi_polyfit_experiments_plot_functions.py.txt,0,human,1,0.6651960015296936,False
35_content_facundoq_rotational_variance_experiment_accuracy_vs_rotation.py.txt,variance,val,35_content_facundoq_rotational_variance_experiment_accuracy_vs_rotation.py.txt,0,human,1,0.6092102527618408,False
35_content_XiaoCode-er_image-digital-express_image_calculation.py.txt,variance,val,35_content_XiaoCode-er_image-digital-express_image_calculation.py.txt,0,human,0,0.34942275285720825,False
3_content_lostleaf_smear-detection_smear_det.py.txt,variance,test,3_content_lostleaf_smear-detection_smear_det.py.txt,0,human,1,0.5434309244155884,False
3_content_lostleaf_smear-detection_variance.py.txt,variance,val,3_content_lostleaf_smear-detection_variance.py.txt,0,human,0,0.37532171607017517,False
52_content_jamesbutler01_Normalise-Luminance-Across-Images_main.py.txt,variance,val,52_content_jamesbutler01_Normalise-Luminance-Across-Images_main.py.txt,0,human,1,0.6381140351295471,False
62_content_arushigupta148_Hybrid-Architecture-for-Numeral-Handwritten-Recognition_Multi-Model.py.txt,variance,test,62_content_arushigupta148_Hybrid-Architecture-for-Numeral-Handwritten-Recognition_Multi-Model.py.txt,0,human,1,0.6728436350822449,False
66_content_ChavezE_Parallel_PFVA_image_tester.py.txt,variance,test,66_content_ChavezE_Parallel_PFVA_image_tester.py.txt,0,human,0,0.4332180917263031,False
66_content_ChavezE_Parallel_PFVA_PCA.py.txt,variance,val,66_content_ChavezE_Parallel_PFVA_PCA.py.txt,0,human,0,0.49030157923698425,False
10_content_lulu150003_Web-Scraping-Project_LinkedInWebcrawler2019.py.txt,Web Scraping,val,10_content_lulu150003_Web-Scraping-Project_LinkedInWebcrawler2019.py.txt,0,human,1,0.7137235403060913,False
10_content_lulu150003_Web-Scraping-Project_ProfileCrawler2019.py.txt,Web Scraping,val,10_content_lulu150003_Web-Scraping-Project_ProfileCrawler2019.py.txt,0,human,1,0.761907696723938,False
11_content_namelessfintech_python-web-scraping_c12_threaded_crawler_with_queue.py.txt,Web Scraping,val,11_content_namelessfintech_python-web-scraping_c12_threaded_crawler_with_queue.py.txt,0,human,1,0.6750393509864807,False
11_content_SwatiModi_e-commerce-web-scraper_scrape_product_details_using_asins.py.txt,Web Scraping,test,11_content_SwatiModi_e-commerce-web-scraper_scrape_product_details_using_asins.py.txt,0,human,1,0.5931046605110168,False
17_content_1UC1F3R616_fastProxy_fastProxy.py.txt,Web Scraping,test,17_content_1UC1F3R616_fastProxy_fastProxy.py.txt,0,human,0,0.47964009642601013,False
18_content_yassine-youcefi_web-scraping-nike-website_scrap.py.txt,Web Scraping,test,18_content_yassine-youcefi_web-scraping-nike-website_scrap.py.txt,0,human,1,0.5277618169784546,False
20_content_ArnoldKuo_scraper_scrape_anime.py.txt,Web Scraping,test,20_content_ArnoldKuo_scraper_scrape_anime.py.txt,0,human,0,0.3838077485561371,False
32_content_DarylBui_webscraping_YelpAPI.py.txt,Web Scraping,val,32_content_DarylBui_webscraping_YelpAPI.py.txt,0,human,1,0.6530421376228333,False
34_content_subhendu01_Web-Scraping_imdb_multi_pagescapping.py.txt,Web Scraping,test,34_content_subhendu01_Web-Scraping_imdb_multi_pagescapping.py.txt,0,human,1,0.6738269925117493,False
35_content_anoop123gupta_web_scraping_task4.py.txt,Web Scraping,test,35_content_anoop123gupta_web_scraping_task4.py.txt,0,human,1,0.6433001160621643,False
3_content_ahmedelfateh_scraping_CimaClub_scraper_crawlers.py.txt,Web Scraping,val,3_content_ahmedelfateh_scraping_CimaClub_scraper_crawlers.py.txt,0,human,1,0.7194180488586426,False
42_content_naomistuart_flight-scraping_main.py.txt,Web Scraping,test,42_content_naomistuart_flight-scraping_main.py.txt,0,human,1,0.7091053128242493,False
45_content_umtpfe_Projet-scrapy_gglev4.py.txt,Web Scraping,val,45_content_umtpfe_Projet-scrapy_gglev4.py.txt,0,human,1,0.8079164624214172,False
45_content_umtpfe_Projet-scrapy_testcontinue.py.txt,Web Scraping,val,45_content_umtpfe_Projet-scrapy_testcontinue.py.txt,0,human,1,0.7544564604759216,False
58_content_ianramzy_stock-news-analysis_app.py.txt,Web Scraping,test,58_content_ianramzy_stock-news-analysis_app.py.txt,0,human,1,0.6039565205574036,False
59_content_Camille98_WebScraping_scrape.py.txt,Web Scraping,test,59_content_Camille98_WebScraping_scrape.py.txt,0,human,1,0.6299242377281189,False
63_content_will62185_web-scraper_oil-scraper.py.txt,Web Scraping,test,63_content_will62185_web-scraper_oil-scraper.py.txt,0,human,1,0.6324576735496521,False
64_content_andrewrgoss_yahoo-fantasy-fball-scraper_player_season_projections.py.txt,Web Scraping,val,64_content_andrewrgoss_yahoo-fantasy-fball-scraper_player_season_projections.py.txt,0,human,1,0.7416898012161255,False
65_content_nyavramov_monitor_web_page_changes_monitor_unit_tests.py.txt,Web Scraping,test,65_content_nyavramov_monitor_web_page_changes_monitor_unit_tests.py.txt,0,human,1,0.7195252180099487,False
71_content_EltonK888_web_scraping_c01_scrape.py.txt,Web Scraping,val,71_content_EltonK888_web_scraping_c01_scrape.py.txt,0,human,1,0.6871687173843384,False
71_content_Ishanthedev_web-crawling-and-web-scraping_middlewares.py.txt,Web Scraping,val,71_content_Ishanthedev_web-crawling-and-web-scraping_middlewares.py.txt,0,human,1,0.8902254700660706,False
71_content_sairoopb_WebScrape_CBase_code.py.txt,Web Scraping,test,71_content_sairoopb_WebScrape_CBase_code.py.txt,0,human,1,0.5367864966392517,False
74_content_jrathin_Web-Scraping_injury.py.txt,Web Scraping,val,74_content_jrathin_Web-Scraping_injury.py.txt,0,human,1,0.773578941822052,False
74_content_jrathin_Web-Scraping_P_Data.py.txt,Web Scraping,val,74_content_jrathin_Web-Scraping_P_Data.py.txt,0,human,1,0.7300682663917542,False
76_content_sangeeta97_web-scraping_ru.py.txt,Web Scraping,val,76_content_sangeeta97_web-scraping_ru.py.txt,0,human,0,0.3564707338809967,False
79_content_MadhavPruthi_Email-Scraping-from-publication_API.py.txt,Web Scraping,test,79_content_MadhavPruthi_Email-Scraping-from-publication_API.py.txt,0,human,1,0.7204709649085999,False
79_content_MadhavPruthi_Email-Scraping-from-publication_metainfoscrapper.py.txt,Web Scraping,test,79_content_MadhavPruthi_Email-Scraping-from-publication_metainfoscrapper.py.txt,0,human,1,0.6822278499603271,False
80_content_andrediasesp_web-slinger_scraping.py.txt,Web Scraping,test,80_content_andrediasesp_web-slinger_scraping.py.txt,0,human,1,0.7617861032485962,False
87_content_avsprashant_webScraping_Scrapper.py.txt,Web Scraping,val,87_content_avsprashant_webScraping_Scrapper.py.txt,0,human,1,0.6247096657752991,False
8_content_casper-hansen_Web-Scraping-Reddit_scraper.py.txt,Web Scraping,val,8_content_casper-hansen_Web-Scraping-Reddit_scraper.py.txt,0,human,1,0.760611355304718,False
94_content_adithyavasisth_VTU-Result-Scraper-with-CAPTCHA-Bypass_scraperrank.py.txt,Web Scraping,val,94_content_adithyavasisth_VTU-Result-Scraper-with-CAPTCHA-Bypass_scraperrank.py.txt,0,human,1,0.5836290121078491,False
94_content_verma1997_Scraping-Scripts_paytm_offers.py.txt,Web Scraping,val,94_content_verma1997_Scraping-Scripts_paytm_offers.py.txt,0,human,1,0.5581123232841492,False
95_content_SebastianRV26_WebScraping-WordCloud_primerM_todoParalelo.py.txt,Web Scraping,val,95_content_SebastianRV26_WebScraping-WordCloud_primerM_todoParalelo.py.txt,0,human,1,0.5118721127510071,False
96_content_sachinchaturvedi93_monster-scraper_monster-spider.py.txt,Web Scraping,val,96_content_sachinchaturvedi93_monster-scraper_monster-spider.py.txt,0,human,1,0.6485034823417664,False
97_content_VangaPoornaChand_Web-Scraping-Collections__1__Flipkart_Web_Scraping.py.txt,Web Scraping,val,97_content_VangaPoornaChand_Web-Scraping-Collections__1__Flipkart_Web_Scraping.py.txt,0,human,1,0.7098644971847534,False
v5_13_content_vatsal-rooprai_Image-Aesthetic-Evaluation_test_network.py.txt,AES,val,13_content_vatsal-rooprai_Image-Aesthetic-Evaluation_test_network.py.txt,1,v5,1,0.6688953638076782,False
v5_17_content_bickyeric_steganography_lsb.py.txt,AES,test,17_content_bickyeric_steganography_lsb.py.txt,1,v5,1,0.8586851954460144,False
v5_17_content_pandaychen_AES_udpserver_aes_udpserver.py.txt,AES,test,17_content_pandaychen_AES_udpserver_aes_udpserver.py.txt,1,v5,0,0.3517027795314789,False
v5_17_content_pevandenburie_micropython-aes-ccm_Utils.py.txt,AES,val,17_content_pevandenburie_micropython-aes-ccm_Utils.py.txt,1,v5,1,0.7535511255264282,False
v5_18_content_deeptavker_Vortex_Spin_Down_post_proc_TVF.py.txt,AES,test,18_content_deeptavker_Vortex_Spin_Down_post_proc_TVF.py.txt,1,v5,1,0.6371188163757324,False
v5_19_content_Gorresio_easyAES256_easyAES256.py.txt,AES,test,19_content_Gorresio_easyAES256_easyAES256.py.txt,1,v5,0,0.39091384410858154,False
v5_21_content_emilystamm_aes-ecb-attacks_aes_ecb_oracle.py.txt,AES,val,21_content_emilystamm_aes-ecb-attacks_aes_ecb_oracle.py.txt,1,v5,1,0.6296842098236084,False
v5_23_content_raditya2098_AES-Symmetric-key-algorithm_AES-an.py.txt,AES,val,23_content_raditya2098_AES-Symmetric-key-algorithm_AES-an.py.txt,1,v5,1,0.6810068488121033,False
v5_24_content_clxmente_Python-Password-Manager_main.py.txt,AES,val,24_content_clxmente_Python-Password-Manager_main.py.txt,1,v5,1,0.6642709970474243,False
v5_4_content_HamzaMhirsi_Chat-Server-Client-Python-AES-SHA_server.py.txt,AES,test,4_content_HamzaMhirsi_Chat-Server-Client-Python-AES-SHA_server.py.txt,1,v5,0,0.4878755807876587,False
v5_5_content_LuttaKing_AES-style-Encryptor-Decryptor_encryptorGUI.py.txt,AES,val,5_content_LuttaKing_AES-style-Encryptor-Decryptor_encryptorGUI.py.txt,1,v5,1,0.5185762643814087,False
v5_7_content_denisyarats_pytorch_sac_ae_decoder.py.txt,AES,test,7_content_denisyarats_pytorch_sac_ae_decoder.py.txt,1,v5,1,0.5590952634811401,False
v5_7_content_denisyarats_pytorch_sac_ae_train.py.txt,AES,val,7_content_denisyarats_pytorch_sac_ae_train.py.txt,1,v5,1,0.6562168002128601,False
v5_8_content_gordon636798_DiffieHellman-AES_DiffieHellman_AES.py.txt,AES,val,8_content_gordon636798_DiffieHellman-AES_DiffieHellman_AES.py.txt,1,v5,1,0.6393028497695923,False
v5_9_content_john-salman_ECB_decryption_ECB.py.txt,AES,val,9_content_john-salman_ECB_decryption_ECB.py.txt,1,v5,1,0.8471757173538208,False
v5_9_content_Technofreakcritic_MQTT-AES-Compression_pub_aes.py.txt,AES,val,9_content_Technofreakcritic_MQTT-AES-Compression_pub_aes.py.txt,1,v5,1,0.6499720215797424,False
v5_10_content_gitganeshnethi_Market-Basket-Analysis_Online_Retail.py.txt,apriori,val,10_content_gitganeshnethi_Market-Basket-Analysis_Online_Retail.py.txt,1,v5,1,0.6408488750457764,False
v5_11_content_rjtmahinay_fuzzy-association-rule-mining_Apriori.py.txt,apriori,val,11_content_rjtmahinay_fuzzy-association-rule-mining_Apriori.py.txt,1,v5,1,0.906200647354126,False
v5_2_content_kaushiksk_multi-time-interval-apriori_config.py.txt,apriori,test,2_content_kaushiksk_multi-time-interval-apriori_config.py.txt,1,v5,1,0.7001567482948303,False
v5_2_content_MrPatel95_Apriori-Algorithm_generateDatabse.py.txt,apriori,test,2_content_MrPatel95_Apriori-Algorithm_generateDatabse.py.txt,1,v5,1,0.7737143635749817,False
v5_2_content_nrohani_AssosiationRules_TransactionEncoder.py.txt,apriori,test,2_content_nrohani_AssosiationRules_TransactionEncoder.py.txt,1,v5,1,0.6440744400024414,False
v5_4_content_JunaidAShaikh_Apriori_and_Association_Rule_Generation_Algorithm_Project1_Apriori_PartA.py.txt,apriori,val,4_content_JunaidAShaikh_Apriori_and_Association_Rule_Generation_Algorithm_Project1_Apriori_PartA.py.txt,1,v5,1,0.7178239226341248,False
v5_5_content_aaronzira_apriori_miner.py.txt,apriori,test,5_content_aaronzira_apriori_miner.py.txt,1,v5,1,0.6932709813117981,False
v5_7_content_akshattrivedi_IT-Sales-With-Recommendation-System_manage.py.txt,apriori,val,7_content_akshattrivedi_IT-Sales-With-Recommendation-System_manage.py.txt,1,v5,0,0.3758004605770111,False
v5_8_content_BhushanVM_Market-Basker-Analyzer_son_spark.py.txt,apriori,test,8_content_BhushanVM_Market-Basker-Analyzer_son_spark.py.txt,1,v5,1,0.8489865660667419,False
v5_8_content_omjego_AR-Mining-Hash-Tree_naive_apriori.py.txt,apriori,test,8_content_omjego_AR-Mining-Hash-Tree_naive_apriori.py.txt,1,v5,1,0.7902655005455017,False
v5_9_content_fritzwill_apriori-algorithm_apriori.py.txt,apriori,test,9_content_fritzwill_apriori-algorithm_apriori.py.txt,1,v5,1,0.8769904375076294,False
v5_9_content_jeffwang0516_Frequent-Itemset-Mining_apriori.py.txt,apriori,test,9_content_jeffwang0516_Frequent-Itemset-Mining_apriori.py.txt,1,v5,1,0.798918604850769,False
v5_9_content_rach24_MS-Apriori_MS-Apriori.py.txt,apriori,val,9_content_rach24_MS-Apriori_MS-Apriori.py.txt,1,v5,1,0.7329401969909668,False
v5_ 1_content_sadnessFree_arima-lstm_arima-order.py.txt,arima model,val,1_content_sadnessFree_arima-lstm_arima-order.py.txt,1,v5,1,0.5714098811149597,False
v5_12_content_kevinyang372_San-Francisco-crime-data-analysis_datasource.py.txt,arima model,test,12_content_kevinyang372_San-Francisco-crime-data-analysis_datasource.py.txt,1,v5,1,0.7919288873672485,False
v5_17_content_strategist922_sales_forecast_ana.py.txt,arima model,test,17_content_strategist922_sales_forecast_ana.py.txt,1,v5,1,0.575857937335968,False
v5_1_content_nageshsinghc4_stock-market-forecasting_ZBH_stock.py.txt,arima model,test,1_content_nageshsinghc4_stock-market-forecasting_ZBH_stock.py.txt,1,v5,0,0.46995809674263,False
v5_1_content_sadnessFree_arima-lstm_lstm.py.txt,arima model,test,1_content_sadnessFree_arima-lstm_lstm.py.txt,1,v5,1,0.6030048727989197,False
v5_1_content_sadnessFree_arima-lstm_lstm_keras.py.txt,arima model,test,1_content_sadnessFree_arima-lstm_lstm_keras.py.txt,1,v5,1,0.5980707406997681,False
v5_1_content_sadnessFree_arima-lstm_muilt_lstm.py.txt,arima model,val,1_content_sadnessFree_arima-lstm_muilt_lstm.py.txt,1,v5,1,0.7039113640785217,True
v5_1_content_sadnessFree_arima-lstm_svr.py.txt,arima model,val,1_content_sadnessFree_arima-lstm_svr.py.txt,1,v5,1,0.7201418876647949,False
v5_23_content_kmetallic04_fringe_config.py.txt,arima model,test,23_content_kmetallic04_fringe_config.py.txt,1,v5,1,0.6054264307022095,False
v5_2_content_polyphilz_pricing-weather-derivatives_clean_data.py.txt,arima model,val,2_content_polyphilz_pricing-weather-derivatives_clean_data.py.txt,1,v5,1,0.611587643623352,False
v5_2_content_yyqcs_time-series-model_encoder_decoder_full.py.txt,arima model,test,2_content_yyqcs_time-series-model_encoder_decoder_full.py.txt,1,v5,1,0.6961252093315125,False
v5_41_content_NivedChowdary_Rain-Fall-Prediction-Using-ARIMA_wp3.py.txt,arima model,test,41_content_NivedChowdary_Rain-Fall-Prediction-Using-ARIMA_wp3.py.txt,1,v5,1,0.5080066919326782,False
v5_4_content_gbrlcustodio_forecasting_genetic_alg.py.txt,arima model,val,4_content_gbrlcustodio_forecasting_genetic_alg.py.txt,1,v5,1,0.6944937705993652,False
v5_1_content_dedeco_dijkstra-bellman-ford_teste_cormen_djt.py.txt,Bellman-Ford,test,1_content_dedeco_dijkstra-bellman-ford_teste_cormen_djt.py.txt,1,v5,1,0.678813099861145,False
v5_1_content_jwan659_forex-arbitrage_Main.py.txt,Bellman-Ford,test,1_content_jwan659_forex-arbitrage_Main.py.txt,1,v5,1,0.6597892045974731,False
v5_4_content_Khante_Distance-Vector-Algorithm_network_1.py.txt,Bellman-Ford,val,4_content_Khante_Distance-Vector-Algorithm_network_1.py.txt,1,v5,1,0.7403994202613831,False
v5_4_content_Khante_Distance-Vector-Algorithm_network_2.py.txt,Bellman-Ford,val,4_content_Khante_Distance-Vector-Algorithm_network_2.py.txt,1,v5,1,0.7296638488769531,False
v5_4_content_Khante_Distance-Vector-Algorithm_simulation_2.py.txt,Bellman-Ford,test,4_content_Khante_Distance-Vector-Algorithm_simulation_2.py.txt,1,v5,1,0.6918666362762451,False
v5_4_content_rcornacchia_bellman-ford_bfclient.py.txt,Bellman-Ford,val,4_content_rcornacchia_bellman-ford_bfclient.py.txt,1,v5,1,0.6781107187271118,False
v5_4_content_rcornacchia_bellman-ford_testserver.py.txt,Bellman-Ford,test,4_content_rcornacchia_bellman-ford_testserver.py.txt,1,v5,1,0.6760134100914001,False
v5_5_content_vpandeti_Routing-Protocol_RoutingProtocol.py.txt,Bellman-Ford,val,5_content_vpandeti_Routing-Protocol_RoutingProtocol.py.txt,1,v5,1,0.7184527516365051,False
v5_5_content_Wajahat-Khan_Bellman-Ford-Routing-Algorithm_DVR.py.txt,Bellman-Ford,val,5_content_Wajahat-Khan_Bellman-Ford-Routing-Algorithm_DVR.py.txt,1,v5,1,0.6832297444343567,False
v5_6_content_mmcetindag_ShortestPathAlgorithms_bellman-ford.py.txt,Bellman-Ford,val,6_content_mmcetindag_ShortestPathAlgorithms_bellman-ford.py.txt,1,v5,1,0.5858875513076782,False
v5_6_content_mmcetindag_ShortestPathAlgorithms_dijkstra.py.txt,Bellman-Ford,val,6_content_mmcetindag_ShortestPathAlgorithms_dijkstra.py.txt,1,v5,1,0.6895374059677124,False
v5_7_content_ardyerwanda_SDN-Bellman-Ford-Pyretic_routebellman.py.txt,Bellman-Ford,test,7_content_ardyerwanda_SDN-Bellman-Ford-Pyretic_routebellman.py.txt,1,v5,1,0.740179717540741,False
v5_7_content_jerrguo_cybitrage_app.py.txt,Bellman-Ford,test,7_content_jerrguo_cybitrage_app.py.txt,1,v5,0,0.4227827191352844,False
v5_13_content_odiliohafidh_Pencarian-Rumahsakit-Terdekat-dengan-metode-dfs-dan-bfs-python-_cari_rumsakit.py.txt,BFS,val,13_content_odiliohafidh_Pencarian-Rumahsakit-Terdekat-dengan-metode-dfs-dan-bfs-python-_cari_rumsakit.py.txt,1,v5,1,0.7343894839286804,False
v5_16_content_Deus1223_Pac-Man_ghostAgents.py.txt,BFS,test,16_content_Deus1223_Pac-Man_ghostAgents.py.txt,1,v5,1,0.5899176597595215,False
v5_1_content_speix_8-puzzle-solver_state.py.txt,BFS,val,1_content_speix_8-puzzle-solver_state.py.txt,1,v5,1,0.8290231227874756,False
v5_29_content_MEShufengRen_path_search_debug2.py.txt,BFS,val,29_content_MEShufengRen_path_search_debug2.py.txt,1,v5,1,0.6586226224899292,False
v5_3_content_akh5113_BFS-Wrestling-Teams_Homework5.py.txt,BFS,val,3_content_akh5113_BFS-Wrestling-Teams_Homework5.py.txt,1,v5,1,0.7086508870124817,False
v5_41_content_Daisy0828_Search_dgraph.py.txt,BFS,test,41_content_Daisy0828_Search_dgraph.py.txt,1,v5,1,0.8195376396179199,False
v5_43_content_odubno_ford-fulkerson-max-flow_test_max_flow.py.txt,BFS,test,43_content_odubno_ford-fulkerson-max-flow_test_max_flow.py.txt,1,v5,1,0.6242219805717468,False
v5_59_content_orzinger_8-Puzzle-game_World_State.py.txt,BFS,test,59_content_orzinger_8-Puzzle-game_World_State.py.txt,1,v5,1,0.8484793901443481,False
v5_75_content_maxilevi_airport-system_graph.py.txt,BFS,val,75_content_maxilevi_airport-system_graph.py.txt,1,v5,1,0.7366655468940735,False
v5_7_content_gchacaltana_BreadthFirstSearch_DepthFirstSearch_UninformedSearchAlgorithm.py.txt,BFS,val,7_content_gchacaltana_BreadthFirstSearch_DepthFirstSearch_UninformedSearchAlgorithm.py.txt,1,v5,1,0.7571265697479248,False
v5_7_content_mhkhojaste_sliding-puzzle-with-search-algorithms_Problem.py.txt,BFS,test,7_content_mhkhojaste_sliding-puzzle-with-search-algorithms_Problem.py.txt,1,v5,1,0.8987337350845337,False
v5_82_content_Xalvom_python-bfs-dfs_bfs.py.txt,BFS,test,82_content_Xalvom_python-bfs-dfs_bfs.py.txt,1,v5,1,0.7270587086677551,False
v5_8_content_abpaudel_8-puzzle_board.py.txt,BFS,val,8_content_abpaudel_8-puzzle_board.py.txt,1,v5,1,0.8304482698440552,False
v5_8_content_haozou-official_DFS-BFS-in-Maze_myqueue.py.txt,BFS,test,8_content_haozou-official_DFS-BFS-in-Maze_myqueue.py.txt,1,v5,1,0.7856962084770203,False
v5_10_content_circulosmeos_haveibeenpwned-binary_pwned-pass-binary-fast.py.txt,Binary Search,val,10_content_circulosmeos_haveibeenpwned-binary_pwned-pass-binary-fast.py.txt,1,v5,1,0.6092628836631775,False
v5_11_content_mrluin_EfficientAutoDeeplab_train_counter_network.py.txt,Binary Search,val,11_content_mrluin_EfficientAutoDeeplab_train_counter_network.py.txt,1,v5,1,0.6014028787612915,False
v5_1_content_chonhenry_binary-search-tree_binary_search_tree.py.txt,Binary Search,val,1_content_chonhenry_binary-search-tree_binary_search_tree.py.txt,1,v5,1,0.9227248430252075,False
v5_1_content_SICTC_BST_BinSearchTree.py.txt,Binary Search,test,1_content_SICTC_BST_BinSearchTree.py.txt,1,v5,1,0.9623335599899292,False
v5_27_content_Mypathissional_Data_Structures_AVL.py.txt,Binary Search,val,27_content_Mypathissional_Data_Structures_AVL.py.txt,1,v5,1,0.8025267720222473,False
v5_28_content_pranav94_Self-balancing-BST_AVL.py.txt,Binary Search,val,28_content_pranav94_Self-balancing-BST_AVL.py.txt,1,v5,1,0.7650555968284607,False
v5_31_content_aghimire15_Project2_DataStructure_ICP5_2_.py.txt,Binary Search,val,31_content_aghimire15_Project2_DataStructure_ICP5_2_.py.txt,1,v5,1,0.6950454115867615,False
v5_35_content_jfwhite_CourseSelection_interact_with_user.py.txt,Binary Search,test,35_content_jfwhite_CourseSelection_interact_with_user.py.txt,1,v5,1,0.6319425702095032,False
v5_39_content_alejandrakudo_BinarySearch-Sorting_CISC121_Assignment_3_exampleSolution.py.txt,Binary Search,val,39_content_alejandrakudo_BinarySearch-Sorting_CISC121_Assignment_3_exampleSolution.py.txt,1,v5,1,0.9105676412582397,False
v5_40_content_jcarstenson_parallel_final_performanceTest.py.txt,Binary Search,test,40_content_jcarstenson_parallel_final_performanceTest.py.txt,1,v5,1,0.7779558897018433,False
v5_4_content_vieirinhaabr_balanced_binary_search_tree_tree_tester.py.txt,Binary Search,val,4_content_vieirinhaabr_balanced_binary_search_tree_tree_tester.py.txt,1,v5,1,0.787243664264679,False
v5_53_content_mmorshed99_binary_search_rotated_sorted_array.py.txt,Binary Search,val,53_content_mmorshed99_binary_search_rotated_sorted_array.py.txt,1,v5,1,0.8274067044258118,False
v5_64_content_YifeiY_Depth-of-BTS_BTS_Depth.py.txt,Binary Search,val,64_content_YifeiY_Depth-of-BTS_BTS_Depth.py.txt,1,v5,1,0.7908966541290283,False
v5_7_content_j2kun_binary-search-graphs_dijkstra.py.txt,Binary Search,test,7_content_j2kun_binary-search-graphs_dijkstra.py.txt,1,v5,1,0.7980830073356628,False
v5_10_content_shehand_Game_Graphics_using_Binary_Search_Tree_calc.py.txt,Binary Tree,test,10_content_shehand_Game_Graphics_using_Binary_Search_Tree_calc.py.txt,1,v5,1,0.7140026092529297,False
v5_17_content_CHINAJR_BinaryTree_biggestsubBSTtree.py.txt,Binary Tree,val,17_content_CHINAJR_BinaryTree_biggestsubBSTtree.py.txt,1,v5,1,0.7283216118812561,False
v5_18_content_10elements_BinaryTree_binaryTree.py.txt,Binary Tree,test,18_content_10elements_BinaryTree_binaryTree.py.txt,1,v5,1,0.6100835204124451,False
v5_1_content_jdmcpeek_pretty-print-binary-tree_tree.py.txt,Binary Tree,val,1_content_jdmcpeek_pretty-print-binary-tree_tree.py.txt,1,v5,1,0.6895287036895752,False
v5_1_content_RyanMarcus_TreeConvolution_util.py.txt,Binary Tree,test,1_content_RyanMarcus_TreeConvolution_util.py.txt,1,v5,1,0.7005804777145386,False
v5_31_content_jwjohns_binary-tree_python_binary_tree_search.py.txt,Binary Tree,val,31_content_jwjohns_binary-tree_python_binary_tree_search.py.txt,1,v5,1,0.8438400626182556,False
v5_4_content_fcunhaneto_py-binary-trees-draw_node.py.txt,Binary Tree,val,4_content_fcunhaneto_py-binary-trees-draw_node.py.txt,1,v5,1,0.8024829626083374,False
v5_61_content_hlalit_Data-Structures-Python_BinaryTree.py.txt,Binary Tree,test,61_content_hlalit_Data-Structures-Python_BinaryTree.py.txt,1,v5,1,0.8058573007583618,False
v5_71_content_DylanHarrisonGithub_AVLTree_AVLTree.py.txt,Binary Tree,test,71_content_DylanHarrisonGithub_AVLTree_AVLTree.py.txt,1,v5,1,0.7402999401092529,False
v5_81_content_AndreaG93_BST-Lazy-Deletion_binarySearchTreeLazyDeletionAVL.py.txt,Binary Tree,test,81_content_AndreaG93_BST-Lazy-Deletion_binarySearchTreeLazyDeletionAVL.py.txt,1,v5,1,0.7257004380226135,False
v5_11_content_lanaelsanyoura_BubbleSort_object_graphics.py.txt,Bubble S,val,11_content_lanaelsanyoura_BubbleSort_object_graphics.py.txt,1,v5,1,0.5347806215286255,False
v5_20_content_Govind9_BubbleSortAnalysis_Sorting.py.txt,Bubble S,val,20_content_Govind9_BubbleSortAnalysis_Sorting.py.txt,1,v5,1,0.8176313042640686,False
v5_23_content_mkhambat_Bubble-and-insertion-sort_sorting.py.txt,Bubble S,val,23_content_mkhambat_Bubble-and-insertion-sort_sorting.py.txt,1,v5,1,0.7270404696464539,False
v5_24_content_Jagdishkharatmol_Sorting-techniques-_pythonin.py.txt,Bubble S,test,24_content_Jagdishkharatmol_Sorting-techniques-_pythonin.py.txt,1,v5,1,0.8683843016624451,False
v5_27_content_gcmurillo_sortingAlgorithmsComparation_quickSort.py.txt,Bubble S,val,27_content_gcmurillo_sortingAlgorithmsComparation_quickSort.py.txt,1,v5,1,0.8362139463424683,False
v5_27_content_gcmurillo_sortingAlgorithmsComparation_shellSort.py.txt,Bubble S,val,27_content_gcmurillo_sortingAlgorithmsComparation_shellSort.py.txt,1,v5,1,0.8197070956230164,False
v5_3_content_Frogboxe_BubbleSort_GapiExtend.py.txt,Bubble S,test,3_content_Frogboxe_BubbleSort_GapiExtend.py.txt,1,v5,1,0.6447094678878784,False
v5_4_content_giocarro_BubbleSort-and-Words-Sort_MergeSort2.py.txt,Bubble S,test,4_content_giocarro_BubbleSort-and-Words-Sort_MergeSort2.py.txt,1,v5,1,0.8435987234115601,False
v5_54_content_gly11_Sort_sort_numbers.py.txt,Bubble S,val,54_content_gly11_Sort_sort_numbers.py.txt,1,v5,1,0.7925963401794434,False
v5_59_content_nicolaschen1_SortingAlgorithms_sortingAlgorithms.py.txt,Bubble S,test,59_content_nicolaschen1_SortingAlgorithms_sortingAlgorithms.py.txt,1,v5,1,0.8056108951568604,False
v5_59_content_Yousab_parallel-bubble-sort-mpi_bubble_parallel.py.txt,Bubble S,test,59_content_Yousab_parallel-bubble-sort-mpi_bubble_parallel.py.txt,1,v5,1,0.8131375908851624,False
v5_6_content_ryanlid87_BubbleSort_bubblesort.py.txt,Bubble S,val,6_content_ryanlid87_BubbleSort_bubblesort.py.txt,1,v5,1,0.8384658694267273,False
v5_73_content_kamil-owczarek_sorter_sorter.py.txt,Bubble S,test,73_content_kamil-owczarek_sorter_sorter.py.txt,1,v5,1,0.8427121043205261,False
v5_7_content_allenabraham999_Bubble-sort_bubble_sort.py.txt,Bubble S,val,7_content_allenabraham999_Bubble-sort_bubble_sort.py.txt,1,v5,1,0.7355381846427917,False
v5_17_content_Selentiym_bigHWonOrderedSets_hw3.py.txt,Bıg O,val,17_content_Selentiym_bigHWonOrderedSets_hw3.py.txt,1,v5,1,0.7343864440917969,False
v5_1_content_DaruniasJoy_OoT-Custom-Sequences_Check_for_Duplicates.py.txt,Bıg O,val,1_content_DaruniasJoy_OoT-Custom-Sequences_Check_for_Duplicates.py.txt,1,v5,1,0.74187833070755,False
v5_22_content_Swapnillokhande_Sales-Prediction-of-a-Supermarket-chain_Exploratory_Data_Analysis.py.txt,Bıg O,val,22_content_Swapnillokhande_Sales-Prediction-of-a-Supermarket-chain_Exploratory_Data_Analysis.py.txt,1,v5,1,0.6202523708343506,False
v5_24_content_UZziell_bigO-estimate_gui.py.txt,Bıg O,test,24_content_UZziell_bigO-estimate_gui.py.txt,1,v5,1,0.7219385504722595,False
v5_26_content_Emersonxuelinux_One_Big_Archive_TempGui.rsrc.py.txt,Bıg O,test,26_content_Emersonxuelinux_One_Big_Archive_TempGui.rsrc.py.txt,1,v5,1,0.7601023316383362,False
v5_2_content_anrputina_OutlierDenStream-BigDama18_readGroundTruth.py.txt,Bıg O,val,2_content_anrputina_OutlierDenStream-BigDama18_readGroundTruth.py.txt,1,v5,1,0.6725847721099854,False
v5_30_content_sdws1983_The-big-data-OF-The-Plant-Cell_parse-abstract.py.txt,Bıg O,test,30_content_sdws1983_The-big-data-OF-The-Plant-Cell_parse-abstract.py.txt,1,v5,1,0.7086899876594543,False
v5_32_content_jtuckerk_oscar_prediction_full_featureset_prediction.py.txt,Bıg O,val,32_content_jtuckerk_oscar_prediction_full_featureset_prediction.py.txt,1,v5,1,0.6730022430419922,False
v5_4_content_mast-group_OpenVocabCodeNLM_create_subtoken_data.py.txt,Bıg O,val,4_content_mast-group_OpenVocabCodeNLM_create_subtoken_data.py.txt,1,v5,1,0.6823815107345581,False
v5_51_content_rrnarayan1_one-big-thing-backend_app.py.txt,Bıg O,test,51_content_rrnarayan1_one-big-thing-backend_app.py.txt,1,v5,1,0.6675507426261902,False
v5_52_content_PhaniBalagam27_Big-data-Analytics-on-dallas-police-incidents-dataset_Q5_code.py.txt,Bıg O,val,52_content_PhaniBalagam27_Big-data-Analytics-on-dallas-police-incidents-dataset_Q5_code.py.txt,1,v5,1,0.5444591045379639,False
v5_56_content_lijionline_Big-Data---Hands-On_movie-similarities-1m.py.txt,Bıg O,val,56_content_lijionline_Big-Data---Hands-On_movie-similarities-1m.py.txt,1,v5,1,0.8104621171951294,False
v5_5_content_anguillanneuf_bigO_38_rabin_karp.py.txt,Bıg O,val,5_content_anguillanneuf_bigO_38_rabin_karp.py.txt,1,v5,1,0.8537233471870422,False
v5_5_content_anguillanneuf_bigO_76_longest_subsequence.py.txt,Bıg O,val,5_content_anguillanneuf_bigO_76_longest_subsequence.py.txt,1,v5,1,0.804964542388916,False
v5_66_content_SanyaKathuria10_StackOverflow-Keyword-Extraction-System_spark.py.txt,Bıg O,val,66_content_SanyaKathuria10_StackOverflow-Keyword-Extraction-System_spark.py.txt,1,v5,1,0.6630293130874634,False
v5_76_content_yingtaoluo_Latent-Factor-Model-with-JIT-CUDA-on-movielens_predict.py.txt,Bıg O,test,76_content_yingtaoluo_Latent-Factor-Model-with-JIT-CUDA-on-movielens_predict.py.txt,1,v5,1,0.683954656124115,False
v5_85_content_leandrocamara_map-reduce-words-higher-occurrence_words-higher-occurrence.py.txt,Bıg O,test,85_content_leandrocamara_map-reduce-words-higher-occurrence_words-higher-occurrence.py.txt,1,v5,1,0.7373992204666138,False
v5_10_content_aptr288_Information_Retrieval_system_Indexer_main.py.txt,cosine Similarity,val,10_content_aptr288_Information_Retrieval_system_Indexer_main.py.txt,1,v5,1,0.7675648927688599,False
v5_10_content_mohamedScikitLearn_Information-retrieval--Text-mining-_Version_2.py.txt,cosine Similarity,test,10_content_mohamedScikitLearn_Information-retrieval--Text-mining-_Version_2.py.txt,1,v5,1,0.6549161672592163,False
v5_11_content_kirokuan_Idf-tf-DocCompare_PorterStemmer.py.txt,cosine Similarity,test,11_content_kirokuan_Idf-tf-DocCompare_PorterStemmer.py.txt,1,v5,1,0.73514324426651,False
v5_11_content_nilesh2797_Movie-recommendation_main-filter.py.txt,cosine Similarity,val,11_content_nilesh2797_Movie-recommendation_main-filter.py.txt,1,v5,1,0.7540000081062317,False
v5_1_content_aviralmathur_Word2Vec_SKU_Desc.py.txt,cosine Similarity,test,1_content_aviralmathur_Word2Vec_SKU_Desc.py.txt,1,v5,1,0.6738429069519043,False
v5_1_content_HarryBaker_LDAtopicSimilarity_modelTranslator.py.txt,cosine Similarity,val,1_content_HarryBaker_LDAtopicSimilarity_modelTranslator.py.txt,1,v5,1,0.678369402885437,False
v5_1_content_suyash248_plagiarism_detection_app.py.txt,cosine Similarity,val,1_content_suyash248_plagiarism_detection_app.py.txt,1,v5,0,0.4368027448654175,False
v5_2_content_spygaurad_AI_LAB_6_537_Suraj_doc_similarity.py.txt,cosine Similarity,test,2_content_spygaurad_AI_LAB_6_537_Suraj_doc_similarity.py.txt,1,v5,1,0.7143926620483398,False
v5_2_content_swapnilg915_cosine_similarity_using_embeddings_spacy_embeddings.py.txt,cosine Similarity,test,2_content_swapnilg915_cosine_similarity_using_embeddings_spacy_embeddings.py.txt,1,v5,1,0.5895973443984985,False
v5_2_content_ZatinMe_Python-Search-engine_buildindex.py.txt,cosine Similarity,test,2_content_ZatinMe_Python-Search-engine_buildindex.py.txt,1,v5,1,0.7932349443435669,False
v5_4_content_heaven00_cosine_similarities_stream.py.txt,cosine Similarity,val,4_content_heaven00_cosine_similarities_stream.py.txt,1,v5,1,0.6695510149002075,False
v5_9_content_vbelz_Movie-recommender_prepare_database.py.txt,cosine Similarity,test,9_content_vbelz_Movie-recommender_prepare_database.py.txt,1,v5,1,0.6861563324928284,False
v5_14_content_bkdwei_kdDesktopAssistant_install_script.py.txt,DES,test,14_content_bkdwei_kdDesktopAssistant_install_script.py.txt,1,v5,1,0.5329779386520386,False
v5_16_content_0v3rW4tch_Cryptography-course-design_DES_destruct.py.txt,DES,val,16_content_0v3rW4tch_Cryptography-course-design_DES_destruct.py.txt,1,v5,1,0.8253610134124756,False
v5_28_content_tomsiwek_gprMax-Designer_operation.py.txt,DES,test,28_content_tomsiwek_gprMax-Designer_operation.py.txt,1,v5,1,0.8763388395309448,False
v5_46_content_hackabit19__destroyingRecursively__vibration.py.txt,DES,val,46_content_hackabit19__destroyingRecursively__vibration.py.txt,1,v5,1,0.6889275312423706,False
v5_67_content_DrIanGregory_MachineLearning-LogisticRegressionWithGradientDescentOrNewton_mulitpleLinearRegression.py.txt,DES,test,67_content_DrIanGregory_MachineLearning-LogisticRegressionWithGradientDescentOrNewton_mulitpleLinearRegression.py.txt,1,v5,1,0.5619310140609741,False
v5_71_content_aivanova5_tariff_design_main.py.txt,DES,test,71_content_aivanova5_tariff_design_main.py.txt,1,v5,1,0.6171999573707581,False
v5_84_content_vineetred_aesDES_test.py.txt,DES,val,84_content_vineetred_aesDES_test.py.txt,1,v5,1,0.7303224205970764,False
v5_86_content_Enkhai_simple-DES_permutations.py.txt,DES,val,86_content_Enkhai_simple-DES_permutations.py.txt,1,v5,1,0.647162675857544,False
v5_8_content_usmanali414_Destruction-Detection-in-Satellite-Imagery_augmentation.py.txt,DES,test,8_content_usmanali414_Destruction-Detection-in-Satellite-Imagery_augmentation.py.txt,1,v5,1,0.6626341938972473,False
v5_8_content_usmanali414_Destruction-Detection-in-Satellite-Imagery_segmentation.py.txt,DES,test,8_content_usmanali414_Destruction-Detection-in-Satellite-Imagery_segmentation.py.txt,1,v5,1,0.5767753720283508,False
v5_92_content_FranzScheerer_DES_safeprime.py.txt,DES,test,92_content_FranzScheerer_DES_safeprime.py.txt,1,v5,1,0.6828163862228394,False
v5_92_content_FranzScheerer_DES_The_signature_with_ECDSA_or_Schnorr.py.txt,DES,test,92_content_FranzScheerer_DES_The_signature_with_ECDSA_or_Schnorr.py.txt,1,v5,1,0.7240132093429565,False
v5_17_content_kwikadi_BFS-v-DFS_dfs.py.txt,DFS,val,17_content_kwikadi_BFS-v-DFS_dfs.py.txt,1,v5,1,0.7454894781112671,False
v5_23_content_GaryXiongxiong_SubwayStationSearching_UseMapBFSFindSubway.py.txt,DFS,val,23_content_GaryXiongxiong_SubwayStationSearching_UseMapBFSFindSubway.py.txt,1,v5,1,0.8239724636077881,False
v5_26_content_nakamoo_dfs_v_function.py.txt,DFS,test,26_content_nakamoo_dfs_v_function.py.txt,1,v5,0,0.4212016761302948,False
v5_39_content_PankajJ08_DataStructure_n_queen_problem.py.txt,DFS,test,39_content_PankajJ08_DataStructure_n_queen_problem.py.txt,1,v5,1,0.7029339075088501,False
v5_40_content_cofinley_sudoku_cell.py.txt,DFS,val,40_content_cofinley_sudoku_cell.py.txt,1,v5,1,0.8854615688323975,False
v5_4_content_drinkbeer_DFS-Python_common.py.txt,DFS,val,4_content_drinkbeer_DFS-Python_common.py.txt,1,v5,1,0.6536271572113037,False
v5_68_content_mvivancq_DfsSudokuSolver_bfs.py.txt,DFS,test,68_content_mvivancq_DfsSudokuSolver_bfs.py.txt,1,v5,1,0.7441238760948181,False
v5_68_content_mvivancq_DfsSudokuSolver_dfs.py.txt,DFS,test,68_content_mvivancq_DfsSudokuSolver_dfs.py.txt,1,v5,1,0.78972327709198,False
v5_73_content_elados93_AI_Ex1_BFS.py.txt,DFS,val,73_content_elados93_AI_Ex1_BFS.py.txt,1,v5,1,0.827106773853302,False
v5_73_content_hoopghetto_dfs-optimizer_settings.py.txt,DFS,val,73_content_hoopghetto_dfs-optimizer_settings.py.txt,1,v5,1,0.6405656337738037,False
v5_79_content_bewing03_DFS-Baseball_scrape.py.txt,DFS,test,79_content_bewing03_DFS-Baseball_scrape.py.txt,1,v5,1,0.6242414116859436,False
v5_10_content_mateus-n00b_Diffie-Hellman_alice.py.txt,Diffie-Hellman,val,10_content_mateus-n00b_Diffie-Hellman_alice.py.txt,1,v5,1,0.6261581182479858,False
v5_26_content_bahadircolak44_EllipticCurve_PointAddition.py.txt,Diffie-Hellman,test,26_content_bahadircolak44_EllipticCurve_PointAddition.py.txt,1,v5,1,0.7335547804832458,False
v5_26_content_ivanji_diffie-hellman-algorithm_diffie-hellman.py.txt,Diffie-Hellman,test,26_content_ivanji_diffie-hellman-algorithm_diffie-hellman.py.txt,1,v5,1,0.6889036297798157,False
v5_27_content_AlpCentaur_Diffie-Hellman-Implementation_Attack.py.txt,Diffie-Hellman,test,27_content_AlpCentaur_Diffie-Hellman-Implementation_Attack.py.txt,1,v5,1,0.6563308835029602,False
v5_29_content_fwoodruff_ECDH_TypeConversion.py.txt,Diffie-Hellman,val,29_content_fwoodruff_ECDH_TypeConversion.py.txt,1,v5,1,0.6754165291786194,False
v5_31_content_shreyas3336_Diffie-Hellman-KeyExchange_Seed_Generator.py.txt,Diffie-Hellman,val,31_content_shreyas3336_Diffie-Hellman-KeyExchange_Seed_Generator.py.txt,1,v5,1,0.8455322980880737,False
v5_31_content_shreyas3336_Diffie-Hellman-KeyExchange_Seeded_Random_Generator.py.txt,Diffie-Hellman,val,31_content_shreyas3336_Diffie-Hellman-KeyExchange_Seeded_Random_Generator.py.txt,1,v5,1,0.6468105912208557,False
v5_37_content_anagnostouJohn_Simple_DF_Socket_clien.py.txt,Diffie-Hellman,val,37_content_anagnostouJohn_Simple_DF_Socket_clien.py.txt,1,v5,1,0.7912534475326538,False
v5_46_content_ADsecu_diffie-hellman-KE_dh.py.txt,Diffie-Hellman,test,46_content_ADsecu_diffie-hellman-KE_dh.py.txt,1,v5,1,0.8055762648582458,False
v5_46_content_MrJmk_protocoles_crypto_Diffie-Hellman.py.txt,Diffie-Hellman,val,46_content_MrJmk_protocoles_crypto_Diffie-Hellman.py.txt,1,v5,1,0.7011777758598328,False
v5_48_content_AdityaMalani_Diffie-Hellman-Key_Exchange_diffie.py.txt,Diffie-Hellman,val,48_content_AdityaMalani_Diffie-Hellman-Key_Exchange_diffie.py.txt,1,v5,1,0.7417269349098206,False
v5_58_content_quadrohedron_ellipticrypt_ellipticrypt.py.txt,Diffie-Hellman,test,58_content_quadrohedron_ellipticrypt_ellipticrypt.py.txt,1,v5,1,0.7025092840194702,False
v5_60_content_dunglq2000_chatbox-encrypt_client.py.txt,Diffie-Hellman,test,60_content_dunglq2000_chatbox-encrypt_client.py.txt,1,v5,1,0.6176925301551819,False
v5_66_content_chhaiyashrey_Security-Implementation-of-MODBUS-Communication-between-Server-and-Client_secure_modbus_server.py.txt,Diffie-Hellman,test,66_content_chhaiyashrey_Security-Implementation-of-MODBUS-Communication-between-Server-and-Client_secure_modbus_server.py.txt,1,v5,1,0.6912381649017334,False
v5_81_content_Saiteja-Reddy_Basic-SFTP_caesar_cipher.py.txt,Diffie-Hellman,test,81_content_Saiteja-Reddy_Basic-SFTP_caesar_cipher.py.txt,1,v5,1,0.868597149848938,False
v5_10_content_tjazerzen_a_star_algorithm_helper_functions.py.txt,Dijkstra,test,10_content_tjazerzen_a_star_algorithm_helper_functions.py.txt,1,v5,1,0.8494347333908081,False
v5_11_content_langokalla_A-star-Pathfinder_map.py.txt,Dijkstra,val,11_content_langokalla_A-star-Pathfinder_map.py.txt,1,v5,1,0.7234910130500793,False
v5_14_content_jonathanchang97_ThatsJustTheWazeItIs_car.py.txt,Dijkstra,val,14_content_jonathanchang97_ThatsJustTheWazeItIs_car.py.txt,1,v5,1,0.827940046787262,False
v5_14_content_Robo-Sapien_Maze-Perilous-Real-Time-Implemention-of-Dijkstra-Algorithm_pixel_values.py.txt,Dijkstra,test,14_content_Robo-Sapien_Maze-Perilous-Real-Time-Implemention-of-Dijkstra-Algorithm_pixel_values.py.txt,1,v5,1,0.5974128246307373,False
v5_15_content_ronma1_Dijkstra_graph_algo.py.txt,Dijkstra,val,15_content_ronma1_Dijkstra_graph_algo.py.txt,1,v5,1,0.7269951701164246,False
v5_16_content_Murali91_Algorithms---Python_Dijkstra.py.txt,Dijkstra,test,16_content_Murali91_Algorithms---Python_Dijkstra.py.txt,1,v5,1,0.7347460985183716,False
v5_17_content_GGonzalezRojas_Tarea_1_MDR_Dijkstra_dijkstra_v1.py.txt,Dijkstra,val,17_content_GGonzalezRojas_Tarea_1_MDR_Dijkstra_dijkstra_v1.py.txt,1,v5,1,0.7574469447135925,False
v5_19_content_mmcetindag_ShortestPathAlgorithms_bellman-ford.py.txt,Dijkstra,val,19_content_mmcetindag_ShortestPathAlgorithms_bellman-ford.py.txt,1,v5,1,0.6501300930976868,False
v5_1_content_shkolovy_path-finder-algorithms_b_star.py.txt,Dijkstra,val,1_content_shkolovy_path-finder-algorithms_b_star.py.txt,1,v5,1,0.8053527474403381,False
v5_23_content_gquintela_dijkstra_main.py.txt,Dijkstra,test,23_content_gquintela_dijkstra_main.py.txt,1,v5,1,0.6829904317855835,False
v5_32_content_ceyzaguirre4_AStar_A.py.txt,Dijkstra,test,32_content_ceyzaguirre4_AStar_A.py.txt,1,v5,1,0.8220542073249817,False
v5_49_content_lllunaticer_pathFindGUI_Draw.py.txt,Dijkstra,test,49_content_lllunaticer_pathFindGUI_Draw.py.txt,1,v5,1,0.5444015264511108,False
v5_50_content_krj9cr_Hybrid-Prim-Dijkstra-GUI_Helpers.py.txt,Dijkstra,val,50_content_krj9cr_Hybrid-Prim-Dijkstra-GUI_Helpers.py.txt,1,v5,1,0.5916469097137451,False
v5_52_content_Tchaikovic_dijkstra_mapcreator.py.txt,Dijkstra,test,52_content_Tchaikovic_dijkstra_mapcreator.py.txt,1,v5,1,0.8071304559707642,False
v5_53_content_KaiFly_Xemina2_DijkstraSP_GraphDrawing.py.txt,Dijkstra,val,53_content_KaiFly_Xemina2_DijkstraSP_GraphDrawing.py.txt,1,v5,1,0.5649233460426331,False
v5_88_content_jinshang-msft_Dijkstra-Algorithm-Implementation_Dijkstra.py.txt,Dijkstra,val,88_content_jinshang-msft_Dijkstra-Algorithm-Implementation_Dijkstra.py.txt,1,v5,1,0.627260148525238,False
v5_88_content_NoFishLikeIan_Dijkstra_currency_currency_api.py.txt,Dijkstra,test,88_content_NoFishLikeIan_Dijkstra_currency_currency_api.py.txt,1,v5,1,0.5381046533584595,False
v5_9_content_diegooliveira95_PrimAndDijkstra_dijkstra.py.txt,Dijkstra,test,9_content_diegooliveira95_PrimAndDijkstra_dijkstra.py.txt,1,v5,1,0.8111391663551331,False
v5_11_content_tatsuyoshi-ikenoue_fizzbuzz_fizzbuzz.py.txt,Divisibility rules,val,11_content_tatsuyoshi-ikenoue_fizzbuzz_fizzbuzz.py.txt,1,v5,1,0.8012053370475769,False
v5_12_content_nikhilrajucc_Python_firstfile.py.txt,Divisibility rules,test,12_content_nikhilrajucc_Python_firstfile.py.txt,1,v5,1,0.7532448768615723,False
v5_15_content_leni1_python-fizzbuzz_fizzbuzz.py.txt,Divisibility rules,val,15_content_leni1_python-fizzbuzz_fizzbuzz.py.txt,1,v5,1,0.8093572854995728,False
v5_17_content_bhushankorpe_Fizz_Buzz_Fibonacci_Fizz_Buzz_Fibonacci.py.txt,Divisibility rules,val,17_content_bhushankorpe_Fizz_Buzz_Fibonacci_Fizz_Buzz_Fibonacci.py.txt,1,v5,1,0.8379843235015869,False
v5_22_content_Phillyclause89_ANIMAL_Quiz_ANIMAL.py.txt,Divisibility rules,test,22_content_Phillyclause89_ANIMAL_Quiz_ANIMAL.py.txt,1,v5,1,0.6608770489692688,False
v5_3_content_arshdeepmalik_Fibonacci_series_divisibility_Fibonacci_series_.py.txt,Divisibility rules,test,3_content_arshdeepmalik_Fibonacci_series_divisibility_Fibonacci_series_.py.txt,1,v5,1,0.8342087268829346,False
v5_4_content_captainACE_python-ADVANCEMATH-lib_ap.py.txt,Divisibility rules,val,4_content_captainACE_python-ADVANCEMATH-lib_ap.py.txt,1,v5,1,0.8075442910194397,False
v5_4_content_flaviohenriqu_divisibility_flaskapp.py.txt,Divisibility rules,val,4_content_flaviohenriqu_divisibility_flaskapp.py.txt,1,v5,1,0.681575357913971,False
v5_5_content_AdamJacoby_Hopf_Algebra_Tools.py.txt,Divisibility rules,val,5_content_AdamJacoby_Hopf_Algebra_Tools.py.txt,1,v5,1,0.6802311539649963,False
v5_5_content_AdamJacoby_Hopf_Example_GeneralizedDihedralGroup.py.txt,Divisibility rules,val,5_content_AdamJacoby_Hopf_Example_GeneralizedDihedralGroup.py.txt,1,v5,1,0.6629399657249451,False
v5_6_content_marcelotokarnia_dojo-divisibility-rules_is_divisible.py.txt,Divisibility rules,test,6_content_marcelotokarnia_dojo-divisibility-rules_is_divisible.py.txt,1,v5,1,0.7680221796035767,False
v5_6_content_sockster_metroCard_metroCard.py.txt,Divisibility rules,val,6_content_sockster_metroCard_metroCard.py.txt,1,v5,1,0.7146006226539612,False
v5_10_content_kllinzy_Elliptic-Curve-Cryptography_public_key.py.txt,Elliptic Curve Cryptography,test,10_content_kllinzy_Elliptic-Curve-Cryptography_public_key.py.txt,1,v5,1,0.8214629292488098,False
v5_13_content_FN-HD_Elliptic_Curve_Cryptography_Main.py.txt,Elliptic Curve Cryptography,test,13_content_FN-HD_Elliptic_Curve_Cryptography_Main.py.txt,1,v5,1,0.7521848678588867,False
v5_17_content_krshubham_ecc-elgamal_elgamal.py.txt,Elliptic Curve Cryptography,test,17_content_krshubham_ecc-elgamal_elgamal.py.txt,1,v5,1,0.8515480160713196,False
v5_17_content_loranloranvl_ecc-point_ECC_Point.py.txt,Elliptic Curve Cryptography,val,17_content_loranloranvl_ecc-point_ECC_Point.py.txt,1,v5,1,0.7456421256065369,False
v5_1_content_randombit_pairings.py_tripartite.py.txt,Elliptic Curve Cryptography,test,1_content_randombit_pairings.py_tripartite.py.txt,1,v5,1,0.700310230255127,False
v5_20_content_UAvinash7_Cryptography_DigitalSignature.py.txt,Elliptic Curve Cryptography,val,20_content_UAvinash7_Cryptography_DigitalSignature.py.txt,1,v5,1,0.7410987019538879,False
v5_21_content_KingYapster_ECC-Elliptic-Curve-Cryptography-in-Python_ECC.py.txt,Elliptic Curve Cryptography,test,21_content_KingYapster_ECC-Elliptic-Curve-Cryptography-in-Python_ECC.py.txt,1,v5,1,0.7725903987884521,False
v5_27_content_ayaar25_elgamalecceg_elgamal.py.txt,Elliptic Curve Cryptography,test,27_content_ayaar25_elgamalecceg_elgamal.py.txt,1,v5,1,0.7156910300254822,False
v5_27_content_ayaar25_elgamalecceg_pointoperatorecc.py.txt,Elliptic Curve Cryptography,val,27_content_ayaar25_elgamalecceg_pointoperatorecc.py.txt,1,v5,1,0.7196105122566223,False
v5_2_content_johndoe31415_toyecc_dual_ec_drbg.py.txt,Elliptic Curve Cryptography,test,2_content_johndoe31415_toyecc_dual_ec_drbg.py.txt,1,v5,1,0.6547849774360657,False
v5_3_content_dare2095_EllipticCurveProject_ec_run.sage.py.txt,Elliptic Curve Cryptography,val,3_content_dare2095_EllipticCurveProject_ec_run.sage.py.txt,1,v5,1,0.7675343751907349,False
v5_6_content_gionanide_Cryptography_Decrypt_Hip_replacement.py.txt,Elliptic Curve Cryptography,val,6_content_gionanide_Cryptography_Decrypt_Hip_replacement.py.txt,1,v5,1,0.7379462718963623,False
v5_6_content_gionanide_Cryptography_manipulate_CRC_computations.py.txt,Elliptic Curve Cryptography,test,6_content_gionanide_Cryptography_manipulate_CRC_computations.py.txt,1,v5,1,0.7671278119087219,False
v5_6_content_gionanide_Cryptography_superincreasing_knapsack.py.txt,Elliptic Curve Cryptography,test,6_content_gionanide_Cryptography_superincreasing_knapsack.py.txt,1,v5,1,0.6000903844833374,False
v5_2_content_Shanmukha-Y_SIngle-Exponential-Smoothing-_predict.py.txt,Exponential Smoothing,val,2_content_Shanmukha-Y_SIngle-Exponential-Smoothing-_predict.py.txt,1,v5,1,0.6044548153877258,False
v5_6_content_hungph-dev-ict_simple-exponential-smoothing_main.py.txt,Exponential Smoothing,val,6_content_hungph-dev-ict_simple-exponential-smoothing_main.py.txt,1,v5,1,0.7247808575630188,False
v5_9_content_Soumyabrata_predicting-pwv_grid_search.py.txt,Exponential Smoothing,val,9_content_Soumyabrata_predicting-pwv_grid_search.py.txt,1,v5,1,0.7528973817825317,False
v5_10_content_stensonowen_factorial_bot_fact_bot.py.txt,Factorial calculation,test,10_content_stensonowen_factorial_bot_fact_bot.py.txt,1,v5,1,0.7383567094802856,False
v5_10_content_stensonowen_factorial_bot_text2num.py.txt,Factorial calculation,test,10_content_stensonowen_factorial_bot_text2num.py.txt,1,v5,1,0.8054313659667969,False
v5_1_content_MuricanCoderVersionTwo_Factorial-Calculation_Factorial.py.txt,Factorial calculation,test,1_content_MuricanCoderVersionTwo_Factorial-Calculation_Factorial.py.txt,1,v5,1,0.7088078856468201,False
v5_30_content_talbrecht_ensemble-scoring_run.py.txt,Factorial calculation,val,30_content_talbrecht_ensemble-scoring_run.py.txt,1,v5,1,0.7032900452613831,False
v5_36_content_EricHeGitHub_python-factorial-base-rubik-rectangle-word-game-overlapping-photographs-related-algorithms_factorial_base.py.txt,Factorial calculation,val,36_content_EricHeGitHub_python-factorial-base-rubik-rectangle-word-game-overlapping-photographs-related-algorithms_factorial_base.py.txt,1,v5,1,0.7568167448043823,False
v5_4_content_rohinigopalqxf2_Factorial-Calculator-Practice_03_Fill_values.py.txt,Factorial calculation,test,4_content_rohinigopalqxf2_Factorial-Calculator-Practice_03_Fill_values.py.txt,1,v5,1,0.7394987940788269,False
v5_51_content_adityapatelgithub_Expressions-and-Functions_evalpostfix.py.txt,Factorial calculation,test,51_content_adityapatelgithub_Expressions-and-Functions_evalpostfix.py.txt,1,v5,1,0.7665749192237854,False
v5_5_content_brown9804_Python_DiversosAlgortimos_CreandoMatrizApartirTXT.py.txt,Factorial calculation,test,5_content_brown9804_Python_DiversosAlgortimos_CreandoMatrizApartirTXT.py.txt,1,v5,1,0.6227493286132812,False
v5_5_content_brown9804_Python_DiversosAlgortimos_VerificaFechaValidaCalendario.py.txt,Factorial calculation,val,5_content_brown9804_Python_DiversosAlgortimos_VerificaFechaValidaCalendario.py.txt,1,v5,1,0.5557821989059448,False
v5_8_content_amit0-git_simple-python-program_English-alphabets.py.txt,Factorial calculation,test,8_content_amit0-git_simple-python-program_English-alphabets.py.txt,1,v5,1,0.6476653814315796,False
v5_97_content_mjurk456_mini-snakes_fizz_buzz.py.txt,Factorial calculation,val,97_content_mjurk456_mini-snakes_fizz_buzz.py.txt,1,v5,1,0.7579700946807861,False
v5_97_content_mjurk456_mini-snakes_pesel.py.txt,Factorial calculation,test,97_content_mjurk456_mini-snakes_pesel.py.txt,1,v5,1,0.8265652060508728,False
v5_97_content_mjurk456_mini-snakes_web_scrapper.py.txt,Factorial calculation,val,97_content_mjurk456_mini-snakes_web_scrapper.py.txt,1,v5,1,0.7241863012313843,False
v5_13_content_danielSbastos_binary-fibonacci_columns.py.txt,fibonaci sequence,val,13_content_danielSbastos_binary-fibonacci_columns.py.txt,1,v5,1,0.740656316280365,False
v5_13_content_danielSbastos_binary-fibonacci_prototype.py.txt,fibonaci sequence,test,13_content_danielSbastos_binary-fibonacci_prototype.py.txt,1,v5,1,0.7168219685554504,False
v5_13_content_frederikpietzko_fun_with_python_gdc_euclidian_algorithm.py.txt,fibonaci sequence,test,13_content_frederikpietzko_fun_with_python_gdc_euclidian_algorithm.py.txt,1,v5,1,0.7071362137794495,False
v5_19_content_frankiekienlam_Fibonacci_Pyramids_test_pset.py.txt,fibonaci sequence,test,19_content_frankiekienlam_Fibonacci_Pyramids_test_pset.py.txt,1,v5,1,0.7204591035842896,False
v5_21_content_danielleos_Fibonacci-Generator_main.py.txt,fibonaci sequence,test,21_content_danielleos_Fibonacci-Generator_main.py.txt,1,v5,1,0.8815743923187256,False
v5_42_content_tesladodger_Fibonacci_fibonacci.py.txt,fibonaci sequence,test,42_content_tesladodger_Fibonacci_fibonacci.py.txt,1,v5,1,0.6513993144035339,False
v5_44_content_Mazuh_Fibonacci_fib_benchmark.py.txt,fibonaci sequence,test,44_content_Mazuh_Fibonacci_fib_benchmark.py.txt,1,v5,1,0.7773500680923462,False
v5_49_content_ajh1143_FibonacciScatterPlot_FibonacciScatter.py.txt,fibonaci sequence,val,49_content_ajh1143_FibonacciScatterPlot_FibonacciScatter.py.txt,1,v5,1,0.737717866897583,False
v5_50_content_eyablokov_fibonacci-api_test_resources.py.txt,fibonaci sequence,test,50_content_eyablokov_fibonacci-api_test_resources.py.txt,1,v5,1,0.8024407625198364,False
v5_67_content_GilbyScarChest_Fibonacci_API_app.py.txt,fibonaci sequence,val,67_content_GilbyScarChest_Fibonacci_API_app.py.txt,1,v5,1,0.7602068781852722,False
v5_69_content_soldat76_FibonacciGenerator_FibonacciGenerator.py.txt,fibonaci sequence,test,69_content_soldat76_FibonacciGenerator_FibonacciGenerator.py.txt,1,v5,1,0.86744225025177,False
v5_79_content_s1ssagar_fibonacci-finding-easy_fibonacci-finding-easy.py.txt,fibonaci sequence,test,79_content_s1ssagar_fibonacci-finding-easy_fibonacci-finding-easy.py.txt,1,v5,1,0.714597225189209,False
v5_8_content_lucasmullerm_turing-machine-fibonacci_main.py.txt,fibonaci sequence,test,8_content_lucasmullerm_turing-machine-fibonacci_main.py.txt,1,v5,1,0.7760770916938782,False
v5_8_content_rianlian7_FibonacciSequence-Python-Tk_Fibonacci_Sequence.py.txt,fibonaci sequence,test,8_content_rianlian7_FibonacciSequence-Python-Tk_Fibonacci_Sequence.py.txt,1,v5,1,0.6877456903457642,False
v5_99_content_MatheusMuriel_ProgramacaoDinamica_Memoria.py.txt,fibonaci sequence,val,99_content_MatheusMuriel_ProgramacaoDinamica_Memoria.py.txt,1,v5,1,0.7847732901573181,False
v5_99_content_MatheusMuriel_ProgramacaoDinamica_Plotador.py.txt,fibonaci sequence,test,99_content_MatheusMuriel_ProgramacaoDinamica_Plotador.py.txt,1,v5,1,0.6260362267494202,False
v5_12_content_AtahanCelebi_Shortest-Route-with-Floyd-Warshall-Algorithm_map_distance.py.txt,Floyd Warshall,test,12_content_AtahanCelebi_Shortest-Route-with-Floyd-Warshall-Algorithm_map_distance.py.txt,1,v5,1,0.6904500722885132,False
v5_13_content_AtahanCelebi_En-K-sa-Yol_polyline_denemesi.py.txt,Floyd Warshall,test,13_content_AtahanCelebi_En-K-sa-Yol_polyline_denemesi.py.txt,1,v5,1,0.68356853723526,False
v5_13_content_AtahanCelebi_En-K-sa-Yol_warshall.py.txt,Floyd Warshall,test,13_content_AtahanCelebi_En-K-sa-Yol_warshall.py.txt,1,v5,1,0.8444483280181885,False
v5_17_content_kanavkhanna_Application-Software_Software_Application.py.txt,Floyd Warshall,test,17_content_kanavkhanna_Application-Software_Software_Application.py.txt,1,v5,1,0.8792167901992798,False
v5_1_content_smbanaie_floyd-warshall-python_Main.py.txt,Floyd Warshall,test,1_content_smbanaie_floyd-warshall-python_Main.py.txt,1,v5,1,0.7813238501548767,False
v5_4_content_mmcniece_tiled_floyd_warshall_tiled_FW.py.txt,Floyd Warshall,test,4_content_mmcniece_tiled_floyd_warshall_tiled_FW.py.txt,1,v5,1,0.5125819444656372,False
v5_5_content_Abdallah-Elshamy_floyd-warshall_APSP-Floyd_Warshall.py.txt,Floyd Warshall,val,5_content_Abdallah-Elshamy_floyd-warshall_APSP-Floyd_Warshall.py.txt,1,v5,1,0.6797218918800354,False
v5_7_content_tsingh94_Bellman-Ford-and-Floyd-Warshall-Algorithms_Shortestdistance_graph_algos.py.txt,Floyd Warshall,val,7_content_tsingh94_Bellman-Ford-and-Floyd-Warshall-Algorithms_Shortestdistance_graph_algos.py.txt,1,v5,1,0.5906703472137451,False
v5_8_content_chiragragarwal_Graphs_And_Networks_graph_plot.py.txt,Floyd Warshall,test,8_content_chiragragarwal_Graphs_And_Networks_graph_plot.py.txt,1,v5,1,0.6788803339004517,False
v5_8_content_JanFeys_Floyd-Warshall-All-Pairs-Shortest-Path_FloydWarshallAPSP.py.txt,Floyd Warshall,test,8_content_JanFeys_Floyd-Warshall-All-Pairs-Shortest-Path_FloydWarshallAPSP.py.txt,1,v5,1,0.6380338668823242,False
v5_18_content_ronak-07_Agglomerative-Hierarchical-Clustering_Agglomerative.py.txt,Hierarchical Clustering,test,18_content_ronak-07_Agglomerative-Hierarchical-Clustering_Agglomerative.py.txt,1,v5,1,0.8285902738571167,False
v5_18_content_ronak-07_Agglomerative-Hierarchical-Clustering_Preprocess.py.txt,Hierarchical Clustering,val,18_content_ronak-07_Agglomerative-Hierarchical-Clustering_Preprocess.py.txt,1,v5,1,0.8196443915367126,False
v5_21_content_jakubsilhavy_mhhc_config.py.txt,Hierarchical Clustering,val,21_content_jakubsilhavy_mhhc_config.py.txt,1,v5,1,0.6882448196411133,False
v5_36_content_hasanunl_Hierarchical-Clustering-in-Python-Training_hc_training.py.txt,Hierarchical Clustering,test,36_content_hasanunl_Hierarchical-Clustering-in-Python-Training_hc_training.py.txt,1,v5,1,0.6184506416320801,False
v5_47_content_sejall_Hierarchical-Clustering_hierrchical_clustering.py.txt,Hierarchical Clustering,val,47_content_sejall_Hierarchical-Clustering_hierrchical_clustering.py.txt,1,v5,1,0.6325397491455078,False
v5_4_content_ktrujillo52_Bitcoin-price-forecast_bitcoin_clustering.py.txt,Hierarchical Clustering,val,4_content_ktrujillo52_Bitcoin-price-forecast_bitcoin_clustering.py.txt,1,v5,1,0.5539384484291077,False
v5_4_content_wazzaarvind_Clustering-Algorithms_reducer.py.txt,Hierarchical Clustering,test,4_content_wazzaarvind_Clustering-Algorithms_reducer.py.txt,1,v5,1,0.8962774276733398,False
v5_61_content_cthorrez_deepsetLinkage_plot_results.py.txt,Hierarchical Clustering,test,61_content_cthorrez_deepsetLinkage_plot_results.py.txt,1,v5,1,0.729267954826355,False
v5_69_content_MarynaTatsevich_Machine-Learning-Unsupervised-Learning-Techniques_hierarchical_clustering_algorithm.py.txt,Hierarchical Clustering,val,69_content_MarynaTatsevich_Machine-Learning-Unsupervised-Learning-Techniques_hierarchical_clustering_algorithm.py.txt,1,v5,1,0.5914926528930664,False
v5_70_content_metr0jw_video-liveness-measurement_video_cut_bts.py.txt,Hierarchical Clustering,test,70_content_metr0jw_video-liveness-measurement_video_cut_bts.py.txt,1,v5,1,0.7374648451805115,False
v5_86_content_sudarshan-koirala_Clustering-Algorithms-Comparision_hierarchical_clustering.py.txt,Hierarchical Clustering,test,86_content_sudarshan-koirala_Clustering-Algorithms-Comparision_hierarchical_clustering.py.txt,1,v5,1,0.5769097805023193,False
v5_10_content_selden-lin_python_huffman_tree_decompressor_nodes.py.txt,Huffman,val,10_content_selden-lin_python_huffman_tree_decompressor_nodes.py.txt,1,v5,1,0.7453415989875793,False
v5_13_content_ctao5660_huffman-tree_huffmancompression.py.txt,Huffman,test,13_content_ctao5660_huffman-tree_huffmancompression.py.txt,1,v5,1,0.8339179754257202,False
v5_14_content_lucascamposj_huffman-coding_huffman_decode.py.txt,Huffman,val,14_content_lucascamposj_huffman-coding_huffman_decode.py.txt,1,v5,1,0.8580078482627869,False
v5_15_content_Nan-L_Huffman_Coding_HuffmanHeap.py.txt,Huffman,test,15_content_Nan-L_Huffman_Coding_HuffmanHeap.py.txt,1,v5,1,0.8402230739593506,False
v5_1_content_farizrahman4u_huffmax_test_training_speed.py.txt,Huffman,val,1_content_farizrahman4u_huffmax_test_training_speed.py.txt,1,v5,1,0.5449901223182678,False
v5_1_content_josgard94_JPEG_Algoritmo_jpeg.py.txt,Huffman,val,1_content_josgard94_JPEG_Algoritmo_jpeg.py.txt,1,v5,1,0.7314169406890869,False
v5_3_content_xiekch_Adaptive-Huffman-Coding_node.py.txt,Huffman,test,3_content_xiekch_Adaptive-Huffman-Coding_node.py.txt,1,v5,1,0.8500102758407593,False
v5_3_content_xiekch_Adaptive-Huffman-Coding_test.py.txt,Huffman,test,3_content_xiekch_Adaptive-Huffman-Coding_test.py.txt,1,v5,1,0.6604588627815247,False
v5_47_content_saladcat_Huffman_Form1.py.txt,Huffman,val,47_content_saladcat_Huffman_Form1.py.txt,1,v5,1,0.7874208092689514,False
v5_49_content_andreanndrade10_Huffman-Compressor_huffman.py.txt,Huffman,val,49_content_andreanndrade10_Huffman-Compressor_huffman.py.txt,1,v5,1,0.6305792927742004,False
v5_7_content_AastroLePetitRobot_Huffman-Coding_Huffman.py.txt,Huffman,test,7_content_AastroLePetitRobot_Huffman-Coding_Huffman.py.txt,1,v5,1,0.816175103187561,False
v5_10_content_poku18_CE_III_06_Lab2_lab2.py.txt,Insertion sort,val,10_content_poku18_CE_III_06_Lab2_lab2.py.txt,1,v5,1,0.9048395156860352,False
v5_18_content_akrentsel_insertion-sort-graph_insertion_sort_graph.py.txt,Insertion sort,val,18_content_akrentsel_insertion-sort-graph_insertion_sort_graph.py.txt,1,v5,1,0.6478723883628845,False
v5_21_content_ahmedbally_Sorting-LL_LinkedList.py.txt,Insertion sort,val,21_content_ahmedbally_Sorting-LL_LinkedList.py.txt,1,v5,1,0.8733402490615845,False
v5_24_content_lesdev_SortingMethods_Insertion.py.txt,Insertion sort,test,24_content_lesdev_SortingMethods_Insertion.py.txt,1,v5,1,0.7042560577392578,False
v5_24_content_lesdev_SortingMethods_merge.py.txt,Insertion sort,test,24_content_lesdev_SortingMethods_merge.py.txt,1,v5,1,0.798422634601593,False
v5_24_content_lesdev_SortingMethods_quicksort.py.txt,Insertion sort,test,24_content_lesdev_SortingMethods_quicksort.py.txt,1,v5,1,0.7107484936714172,False
v5_24_content_lesdev_SortingMethods_radix.py.txt,Insertion sort,test,24_content_lesdev_SortingMethods_radix.py.txt,1,v5,1,0.7648200988769531,False
v5_31_content_homeowmorphism_list-sorting-algorithms_quicksort.py.txt,Insertion sort,val,31_content_homeowmorphism_list-sorting-algorithms_quicksort.py.txt,1,v5,1,0.8519969582557678,False
v5_33_content_Howellp80_Algorithms---Merge-Sort-vs-Insertion-Sort_hw1.py.txt,Insertion sort,test,33_content_Howellp80_Algorithms---Merge-Sort-vs-Insertion-Sort_hw1.py.txt,1,v5,1,0.8812879323959351,False
v5_36_content_akh5113_Stooge-Merge-Insert-Sort_Homework2.py.txt,Insertion sort,test,36_content_akh5113_Stooge-Merge-Insert-Sort_Homework2.py.txt,1,v5,1,0.8567072153091431,False
v5_45_content_ilkayDevran_Analysis_of_Sorting_Algorithms_pyplot.py.txt,Insertion sort,test,45_content_ilkayDevran_Analysis_of_Sorting_Algorithms_pyplot.py.txt,1,v5,1,0.7522693276405334,False
v5_46_content_arun-p12_sort-algorithms_insertion_sort.py.txt,Insertion sort,test,46_content_arun-p12_sort-algorithms_insertion_sort.py.txt,1,v5,1,0.7831005454063416,False
v5_46_content_arun-p12_sort-algorithms_shell_sort.py.txt,Insertion sort,val,46_content_arun-p12_sort-algorithms_shell_sort.py.txt,1,v5,1,0.7504831552505493,False
v5_50_content_shre007_Implementation-and-comparison-of-sorting-algorithms_merge.py.txt,Insertion sort,test,50_content_shre007_Implementation-and-comparison-of-sorting-algorithms_merge.py.txt,1,v5,1,0.8662958741188049,False
v5_54_content_ceydapolat_Sorting-Algorithms-Analysis_InsertionSort.py.txt,Insertion sort,val,54_content_ceydapolat_Sorting-Algorithms-Analysis_InsertionSort.py.txt,1,v5,1,0.7412667870521545,False
v5_13_content_Skulsta_cluster_unlabelled_dataset_elbow_analysis.py.txt,k means Clustering,val,13_content_Skulsta_cluster_unlabelled_dataset_elbow_analysis.py.txt,1,v5,1,0.608273446559906,False
v5_14_content_gravelund-gis_MapSorter_KMeans_analysis.py.txt,k means Clustering,test,14_content_gravelund-gis_MapSorter_KMeans_analysis.py.txt,1,v5,1,0.6446864604949951,False
v5_21_content_p-kim1_Image-Segmentation-with-K-means_kmeans.py.txt,k means Clustering,val,21_content_p-kim1_Image-Segmentation-with-K-means_kmeans.py.txt,1,v5,1,0.6633958220481873,False
v5_35_content_NavneetSomwal_Weather-Data-Clustering-using-k-Means_waether_data_Clustering_k-means_scikit-learn.py.txt,k means Clustering,val,35_content_NavneetSomwal_Weather-Data-Clustering-using-k-Means_waether_data_Clustering_k-means_scikit-learn.py.txt,1,v5,1,0.5939114689826965,False
v5_36_content_OneWinged-Eagle_spotimy_getArtists.py.txt,k means Clustering,val,36_content_OneWinged-Eagle_spotimy_getArtists.py.txt,1,v5,1,0.8021236658096313,False
v5_36_content_prakhardogra921_Clustering-using-Kmeans-Cmeans-and-GMM_gmm_sklearn.py.txt,k means Clustering,test,36_content_prakhardogra921_Clustering-using-Kmeans-Cmeans-and-GMM_gmm_sklearn.py.txt,1,v5,1,0.6382609009742737,False
v5_41_content_akshay-gupta7_kmeans-using-mapreduce_k_means_reducer.py.txt,k means Clustering,val,41_content_akshay-gupta7_kmeans-using-mapreduce_k_means_reducer.py.txt,1,v5,1,0.7364764213562012,False
v5_49_content_akshay326_k-means-clustering-api_sample_python_script.py.txt,k means Clustering,val,49_content_akshay326_k-means-clustering-api_sample_python_script.py.txt,1,v5,1,0.6637061238288879,False
v5_5_content_teawifi_k-means_clustering_loader.py.txt,k means Clustering,val,5_content_teawifi_k-means_clustering_loader.py.txt,1,v5,1,0.8140148520469666,False
v5_62_content_wang2226_Clustering_k-means_plot.py.txt,k means Clustering,test,62_content_wang2226_Clustering_k-means_plot.py.txt,1,v5,1,0.6301512718200684,False
v5_65_content_ankushjain2001_k-means-clustering-algorithm_driver.py.txt,k means Clustering,test,65_content_ankushjain2001_k-means-clustering-algorithm_driver.py.txt,1,v5,1,0.6332781910896301,False
v5_66_content_Mary268_K-Means-Clustering_k_means_clustering.py.txt,k means Clustering,val,66_content_Mary268_K-Means-Clustering_k_means_clustering.py.txt,1,v5,1,0.6514596939086914,False
v5_74_content_MarynaTatsevich_Machine-Learning-Unsupervised-Learning-Techniques_hierarchical_clustering_algorithm.py.txt,k means Clustering,test,74_content_MarynaTatsevich_Machine-Learning-Unsupervised-Learning-Techniques_hierarchical_clustering_algorithm.py.txt,1,v5,1,0.6102066040039062,False
v5_81_content_gautam9595_BIC-Selhoutte_Optimal_K_using_BIC-selhoutte_Iris.py.txt,k means Clustering,test,81_content_gautam9595_BIC-Selhoutte_Optimal_K_using_BIC-selhoutte_Iris.py.txt,1,v5,1,0.5970500111579895,False
v5_89_content_agarwalr98_K-means-Clustering_plot.py.txt,k means Clustering,val,89_content_agarwalr98_K-means-Clustering_plot.py.txt,1,v5,1,0.5615445375442505,False
v5_10_content_ajcse1_Predicting_Picture_Orientation_NeuralNetwork_predict.py.txt,knn,test,10_content_ajcse1_Predicting_Picture_Orientation_NeuralNetwork_predict.py.txt,1,v5,1,0.5440479516983032,False
v5_13_content_qwerty1917_KNN_OCR_main_py2.py.txt,knn,test,13_content_qwerty1917_KNN_OCR_main_py2.py.txt,1,v5,1,0.5403757691383362,False
v5_14_content_jldbc_gutenberg_populate_db.py.txt,knn,test,14_content_jldbc_gutenberg_populate_db.py.txt,1,v5,1,0.7508745789527893,False
v5_14_content_lisha1992_KNN-Clasify_handWritingClassify.py.txt,knn,test,14_content_lisha1992_KNN-Clasify_handWritingClassify.py.txt,1,v5,1,0.687114417552948,False
v5_16_content_frknozr_knn_knn.py.txt,knn,test,16_content_frknozr_knn_knn.py.txt,1,v5,0,0.45268943905830383,False
v5_19_content_AntoineMontaut_Predictive_Modeling_random_forest.py.txt,knn,test,19_content_AntoineMontaut_Predictive_Modeling_random_forest.py.txt,1,v5,1,0.5824880003929138,False
v5_19_content_walter090_cluster_runner.py.txt,knn,test,19_content_walter090_cluster_runner.py.txt,1,v5,1,0.6097155213356018,False
v5_27_content_ppplinday_Picture-Classification-PCA-KNN_KNN-PCA.py.txt,knn,test,27_content_ppplinday_Picture-Classification-PCA-KNN_KNN-PCA.py.txt,1,v5,1,0.7388016581535339,False
v5_38_content_juandes_knnbot-messenger-bot_distance.py.txt,knn,test,38_content_juandes_knnbot-messenger-bot_distance.py.txt,1,v5,1,0.8519241809844971,False
v5_39_content_mirajp_tweet_sentiments_baseline.py.txt,knn,val,39_content_mirajp_tweet_sentiments_baseline.py.txt,1,v5,1,0.7779757380485535,False
v5_41_content_SargisYonan_uav_ml_main.py.txt,knn,test,41_content_SargisYonan_uav_ml_main.py.txt,1,v5,1,0.6931153535842896,False
v5_7_content_cp2-dc-info-lamp-2018_iris-knn_nao_somos_botanicos.py.txt,knn,val,7_content_cp2-dc-info-lamp-2018_iris-knn_nao_somos_botanicos.py.txt,1,v5,1,0.6773547530174255,False
v5_7_content_Manerone_Evolutive-KNN_evolutive_knn.py.txt,knn,val,7_content_Manerone_Evolutive-KNN_evolutive_knn.py.txt,1,v5,1,0.6912384629249573,False
v5_8_content_abhishekmsharma_knn-python-artificial-intelligence_abhishek_sharma_knn_environment.py.txt,knn,test,8_content_abhishekmsharma_knn-python-artificial-intelligence_abhishek_sharma_knn_environment.py.txt,1,v5,1,0.7798681259155273,False
v5_98_content_pooja1909_Bigdata-project_input.py.txt,knn,val,98_content_pooja1909_Bigdata-project_input.py.txt,1,v5,1,0.752061665058136,False
v5_13_content_Ade-Adeleke_KruskalAlg_Kruskal_Algorithm__1_.py.txt,kruksals alg,test,13_content_Ade-Adeleke_KruskalAlg_Kruskal_Algorithm__1_.py.txt,1,v5,1,0.834631621837616,False
v5_16_content_sharatchandraj_MaxBandwidthPath_HeapSortForKruskals.py.txt,kruksals alg,test,16_content_sharatchandraj_MaxBandwidthPath_HeapSortForKruskals.py.txt,1,v5,1,0.7686988711357117,False
v5_1_content_colettebedoya_primsAndKruskal_mst.py.txt,kruksals alg,val,1_content_colettebedoya_primsAndKruskal_mst.py.txt,1,v5,1,0.8406867980957031,False
v5_21_content_AnnaPiatek_Graph_Ford-Fulkerson.py.txt,kruksals alg,val,21_content_AnnaPiatek_Graph_Ford-Fulkerson.py.txt,1,v5,1,0.7494175434112549,False
v5_2_content_carlosguadir_kruskal_Nodo.py.txt,kruksals alg,val,2_content_carlosguadir_kruskal_Nodo.py.txt,1,v5,1,0.803294837474823,False
v5_32_content_arian100y_Travelling-Salesman-Problem_createDBOrdered.py.txt,kruksals alg,val,32_content_arian100y_Travelling-Salesman-Problem_createDBOrdered.py.txt,1,v5,1,0.7803367972373962,False
v5_4_content_mincanhe_Network-routing-protocol_heap.py.txt,kruksals alg,val,4_content_mincanhe_Network-routing-protocol_heap.py.txt,1,v5,1,0.6841598153114319,False
v5_5_content_gabriel-arauj_grafos_teste_desempenho.py.txt,kruksals alg,test,5_content_gabriel-arauj_grafos_teste_desempenho.py.txt,1,v5,1,0.5680471658706665,False
v5_6_content_chiragragarwal_Graphs_And_Networks_numpy_help.py.txt,kruksals alg,val,6_content_chiragragarwal_Graphs_And_Networks_numpy_help.py.txt,1,v5,1,0.7596999406814575,False
v5_8_content_dianaelmasri_TravellingSalesManProblem_AStar_Kruskal_Recuit_test.py.txt,kruksals alg,test,8_content_dianaelmasri_TravellingSalesManProblem_AStar_Kruskal_Recuit_test.py.txt,1,v5,1,0.772622287273407,False
v5_8_content_fepz_AyCC_disjoint_set.py.txt,kruksals alg,val,8_content_fepz_AyCC_disjoint_set.py.txt,1,v5,1,0.8718087077140808,False
v5_9_content_Boros93_GraphProject_test_prim.py.txt,kruksals alg,test,9_content_Boros93_GraphProject_test_prim.py.txt,1,v5,1,0.7735836505889893,False
v5_9_content_emmanuj_mst-solver_node.py.txt,kruksals alg,test,9_content_emmanuj_mst-solver_node.py.txt,1,v5,1,0.7807274460792542,False
v5_10_content_mahimagupta_NLP-Research-Project-_supervisedLearner.py.txt,lemmanizasyon,test,10_content_mahimagupta_NLP-Research-Project-_supervisedLearner.py.txt,1,v5,1,0.7478757500648499,False
v5_12_content_ianscottknight_Predicting-Myers-Briggs-Type-Indicator-with-Recurrent-Neural-Networks_make_training_set.py.txt,lemmanizasyon,val,12_content_ianscottknight_Predicting-Myers-Briggs-Type-Indicator-with-Recurrent-Neural-Networks_make_training_set.py.txt,1,v5,1,0.6724426746368408,False
v5_12_content_ianscottknight_Predicting-Myers-Briggs-Type-Indicator-with-Recurrent-Neural-Networks_rnn.py.txt,lemmanizasyon,val,12_content_ianscottknight_Predicting-Myers-Briggs-Type-Indicator-with-Recurrent-Neural-Networks_rnn.py.txt,1,v5,1,0.5824030041694641,False
v5_12_content_ianscottknight_Predicting-Myers-Briggs-Type-Indicator-with-Recurrent-Neural-Networks_trump_predictor.py.txt,lemmanizasyon,test,12_content_ianscottknight_Predicting-Myers-Briggs-Type-Indicator-with-Recurrent-Neural-Networks_trump_predictor.py.txt,1,v5,1,0.616113543510437,False
v5_12_content_romanorac_elastic_localized_search_main.py.txt,lemmanizasyon,val,12_content_romanorac_elastic_localized_search_main.py.txt,1,v5,1,0.7715916037559509,False
v5_16_content_davda54_pytorch-transformer-lemmatization_predict.py.txt,lemmanizasyon,test,16_content_davda54_pytorch-transformer-lemmatization_predict.py.txt,1,v5,1,0.551875650882721,False
v5_17_content_gorarakelyan_JointUD_train.py.txt,lemmanizasyon,val,17_content_gorarakelyan_JointUD_train.py.txt,1,v5,1,0.5986314415931702,False
v5_18_content_ppke-nlpg_emmorphpy_test.py.txt,lemmanizasyon,test,18_content_ppke-nlpg_emmorphpy_test.py.txt,1,v5,1,0.7931003570556641,False
v5_1_content_akoksal_Turkish-Lemmatizer_lemmatizer.py.txt,lemmanizasyon,val,1_content_akoksal_Turkish-Lemmatizer_lemmatizer.py.txt,1,v5,1,0.7173856496810913,False
v5_1_content_akoksal_Turkish-Lemmatizer_trainLexicon.py.txt,lemmanizasyon,test,1_content_akoksal_Turkish-Lemmatizer_trainLexicon.py.txt,1,v5,1,0.6732285022735596,False
v5_1_content_mikekestemont_pandora_unseen.py.txt,lemmanizasyon,test,1_content_mikekestemont_pandora_unseen.py.txt,1,v5,1,0.7334345579147339,False
v5_25_content_aajanki_finnish-pos-accuracy_sample_ftb1.py.txt,lemmanizasyon,val,25_content_aajanki_finnish-pos-accuracy_sample_ftb1.py.txt,1,v5,1,0.6899710893630981,False
v5_10_content_bradib0y_searchalgorithms_app.py.txt,linear searh,test,10_content_bradib0y_searchalgorithms_app.py.txt,1,v5,1,0.8651775121688843,False
v5_11_content_NikitaGautam_FYP-Automatic-Word-Search-Puzzle-Solver_FYPPuzzle.py.txt,linear searh,val,11_content_NikitaGautam_FYP-Automatic-Word-Search-Puzzle-Solver_FYPPuzzle.py.txt,1,v5,0,0.49965718388557434,False
v5_11_content_sichen-x_search-engine_htable.py.txt,linear searh,val,11_content_sichen-x_search-engine_htable.py.txt,1,v5,1,0.9220458269119263,False
v5_11_content_sichen-x_search-engine_htable_oo.py.txt,linear searh,val,11_content_sichen-x_search-engine_htable_oo.py.txt,1,v5,1,0.8345909714698792,False
v5_11_content_sichen-x_search-engine_search.py.txt,linear searh,val,11_content_sichen-x_search-engine_search.py.txt,1,v5,1,0.7002079486846924,False
v5_13_content_Pedinpsy_-inverted-index-search_hash.py.txt,linear searh,test,13_content_Pedinpsy_-inverted-index-search_hash.py.txt,1,v5,1,0.9048462510108948,False
v5_13_content_Pedinpsy_-inverted-index-search_main.py.txt,linear searh,test,13_content_Pedinpsy_-inverted-index-search_main.py.txt,1,v5,1,0.7460827231407166,False
v5_14_content_akozlu_Uninformed-Search-_lights_out_gui.py.txt,linear searh,val,14_content_akozlu_Uninformed-Search-_lights_out_gui.py.txt,1,v5,1,0.683320939540863,False
v5_15_content_jknight1725_linear_search_vs_random_search_worst_case.py.txt,linear searh,test,15_content_jknight1725_linear_search_vs_random_search_worst_case.py.txt,1,v5,1,0.8030751943588257,False
v5_19_content_longnguyen1997_linear-versus-binary-search_search_runtime_longnguyen.py.txt,linear searh,val,19_content_longnguyen1997_linear-versus-binary-search_search_runtime_longnguyen.py.txt,1,v5,1,0.7969655990600586,False
v5_1_content_Chunning-Zhou_MILPBasedSearchAlgorithmDiff_function.py.txt,linear searh,val,1_content_Chunning-Zhou_MILPBasedSearchAlgorithmDiff_function.py.txt,1,v5,1,0.5869389772415161,False
v5_1_content_guoliu_London-scikit_LondonScikit.py.txt,linear searh,val,1_content_guoliu_London-scikit_LondonScikit.py.txt,1,v5,1,0.5870776176452637,False
v5_6_content_bclark2_Ordered-Linear-Search_orderedLinearSearch.py.txt,linear searh,val,6_content_bclark2_Ordered-Linear-Search_orderedLinearSearch.py.txt,1,v5,1,0.807563304901123,False
v5_7_content_bclark2_Unordered-Linear-Search_linearSearch.py.txt,linear searh,val,7_content_bclark2_Unordered-Linear-Search_linearSearch.py.txt,1,v5,1,0.8213955760002136,False
v5_10_content_dedeco_crawler-linkedin-public-profiles_crawler.py.txt,Linked List,val,10_content_dedeco_crawler-linkedin-public-profiles_crawler.py.txt,1,v5,1,0.7901758551597595,False
v5_15_content_udwivedi394_LinkedList_convertBT2LL.py.txt,Linked List,val,15_content_udwivedi394_LinkedList_convertBT2LL.py.txt,1,v5,1,0.8026609420776367,False
v5_16_content_arifromadhan19_LinkedList_simple_linked_list.py.txt,Linked List,val,16_content_arifromadhan19_LinkedList_simple_linked_list.py.txt,1,v5,1,0.8235795497894287,False
v5_17_content_yujiex9_LinkedList_LinkedList.py.txt,Linked List,val,17_content_yujiex9_LinkedList_LinkedList.py.txt,1,v5,1,0.9401847124099731,False
v5_19_content_vickyabi_singly-linked-list_singly_linked_list.py.txt,Linked List,test,19_content_vickyabi_singly-linked-list_singly_linked_list.py.txt,1,v5,1,0.9017378091812134,False
v5_21_content_yashag66_Python-Code-Samples_hashingString.py.txt,Linked List,val,21_content_yashag66_Python-Code-Samples_hashingString.py.txt,1,v5,1,0.8993210792541504,False
v5_22_content_harpreetsi_DataStructureImpl_LinkedListTest.py.txt,Linked List,val,22_content_harpreetsi_DataStructureImpl_LinkedListTest.py.txt,1,v5,1,0.7869073152542114,False
v5_24_content_Am4teur_LinkedList_LL0.py.txt,Linked List,test,24_content_Am4teur_LinkedList_LL0.py.txt,1,v5,1,0.8956299424171448,False
v5_26_content_alex-code4okc_LinkedList_linkedlist.py.txt,Linked List,test,26_content_alex-code4okc_LinkedList_linkedlist.py.txt,1,v5,1,0.8432617783546448,False
v5_29_content_MeriBalasanyan_Circular_Linked_List_circular_linked_list.py.txt,Linked List,val,29_content_MeriBalasanyan_Circular_Linked_List_circular_linked_list.py.txt,1,v5,1,0.789732038974762,False
v5_2_content_Lok-lok_TestLinkedList_LinkedList.py.txt,Linked List,val,2_content_Lok-lok_TestLinkedList_LinkedList.py.txt,1,v5,1,0.8568100929260254,False
v5_34_content_jackle98_Deque-Code-_Queue.py.txt,Linked List,test,34_content_jackle98_Deque-Code-_Queue.py.txt,1,v5,1,0.5655465126037598,False
v5_36_content_cyndyishida_QueueQuickSort_linked_queue.py.txt,Linked List,test,36_content_cyndyishida_QueueQuickSort_linked_queue.py.txt,1,v5,1,0.7821856141090393,False
v5_3_content_WDI-SEA_python-linked-lists_linkedlist-test.py.txt,Linked List,test,3_content_WDI-SEA_python-linked-lists_linkedlist-test.py.txt,1,v5,1,0.7526648044586182,False
v5_40_content_Bonifase_ShoppingList_app_tests.py.txt,Linked List,val,40_content_Bonifase_ShoppingList_app_tests.py.txt,1,v5,1,0.6486098170280457,False
v5_43_content_muhamuttaqien_python-data-structure_heap.py.txt,Linked List,test,43_content_muhamuttaqien_python-data-structure_heap.py.txt,1,v5,1,0.8110805749893188,False
v5_46_content_lili668668_tensorflow-note_trytfb.py.txt,Linked List,test,46_content_lili668668_tensorflow-note_trytfb.py.txt,1,v5,1,0.6170626282691956,False
v5_4_content_agvaibhav_linked-list_insertion-doubly.py.txt,Linked List,test,4_content_agvaibhav_linked-list_insertion-doubly.py.txt,1,v5,1,0.9104503393173218,False
v5_5_content_egeismail_SteamWorkshopCollectionInstaller_workshopinstaller.py.txt,Linked List,test,5_content_egeismail_SteamWorkshopCollectionInstaller_workshopinstaller.py.txt,1,v5,1,0.7746345400810242,False
v5_9_content_Sknapper4_CS3310A2_main.py.txt,Linked List,test,9_content_Sknapper4_CS3310A2_main.py.txt,1,v5,1,0.7405011653900146,False
v5_15_content_VakinduPhilliam_Pattern_Matching_Python_Difflib_Pattern_Matching_Unified_Diff.py.txt,longest common,test,15_content_VakinduPhilliam_Pattern_Matching_Python_Difflib_Pattern_Matching_Unified_Diff.py.txt,1,v5,1,0.6618083715438843,False
v5_15_content_VakinduPhilliam_Pattern_Matching_Python_Filecmp_Recursive_Search.py.txt,longest common,val,15_content_VakinduPhilliam_Pattern_Matching_Python_Filecmp_Recursive_Search.py.txt,1,v5,1,0.8550410270690918,False
v5_12_content_chiforbogdan_naive-bayes-reputation_naive_bayes.py.txt,Navie Bayes,test,12_content_chiforbogdan_naive-bayes-reputation_naive_bayes.py.txt,1,v5,1,0.7757083177566528,False
v5_13_content_ShankyTiwari_Naive-Bayes-Classifier-using-python_naive_bayes_supermall.py.txt,Navie Bayes,test,13_content_ShankyTiwari_Naive-Bayes-Classifier-using-python_naive_bayes_supermall.py.txt,1,v5,1,0.5958693623542786,False
v5_14_content_Dmujt_Naive-Bayes-Sentiment-Analysis_mutual_information.py.txt,Navie Bayes,val,14_content_Dmujt_Naive-Bayes-Sentiment-Analysis_mutual_information.py.txt,1,v5,1,0.69502192735672,False
v5_14_content_rajat1401_NaiveBayes_scratch_2016260_ques1a.py.txt,Navie Bayes,val,14_content_rajat1401_NaiveBayes_scratch_2016260_ques1a.py.txt,1,v5,1,0.6548740863800049,False
v5_16_content_ydhnwb_sentiment_analysis_movie_app.py.txt,Navie Bayes,test,16_content_ydhnwb_sentiment_analysis_movie_app.py.txt,1,v5,1,0.6530683636665344,False
v5_1_content_pranav-dahiya_NaiveBayes_vocabulary.py.txt,Navie Bayes,val,1_content_pranav-dahiya_NaiveBayes_vocabulary.py.txt,1,v5,1,0.7598533630371094,False
v5_2_content_aspremon_NaiveFeatureSelection_DemoNFS.py.txt,Navie Bayes,test,2_content_aspremon_NaiveFeatureSelection_DemoNFS.py.txt,1,v5,1,0.577627420425415,False
v5_50_content_cristend_spam_email_auto_run.py.txt,Navie Bayes,val,50_content_cristend_spam_email_auto_run.py.txt,1,v5,1,0.6931281089782715,False
v5_5_content_adityadas8888_Naive-Bayes_naive_bayes.py.txt,Navie Bayes,test,5_content_adityadas8888_Naive-Bayes_naive_bayes.py.txt,1,v5,1,0.6573513746261597,False
v5_66_content_Talon-Zhang_Naive-Bayes_reader.py.txt,Navie Bayes,val,66_content_Talon-Zhang_Naive-Bayes_reader.py.txt,1,v5,1,0.7449348568916321,False
v5_76_content_mashfiq10_Naive-Bayes-classification_prob_1.py.txt,Navie Bayes,test,76_content_mashfiq10_Naive-Bayes-classification_prob_1.py.txt,1,v5,1,0.5619319081306458,False
v5_87_content_tej06_NaiveBayes-Classification_training.py.txt,Navie Bayes,val,87_content_tej06_NaiveBayes-Classification_training.py.txt,1,v5,1,0.686273992061615,False
v5_90_content_cody-elhard_NaiveBayes_naive-bayes-numerical.py.txt,Navie Bayes,val,90_content_cody-elhard_NaiveBayes_naive-bayes-numerical.py.txt,1,v5,1,0.6559670567512512,False
v5_94_content_UniqueRoHo_NaiveBayes_Continuous.py.txt,Navie Bayes,test,94_content_UniqueRoHo_NaiveBayes_Continuous.py.txt,1,v5,1,0.7091647386550903,False
v5_97_content_panjibagaskara_NaiveBayes_naive.py.txt,Navie Bayes,val,97_content_panjibagaskara_NaiveBayes_naive.py.txt,1,v5,1,0.611315131187439,False
v5_11_content_OlgaCobaquil_One-Time-Pad_onetimepad.py.txt,one Time Pad,val,11_content_OlgaCobaquil_One-Time-Pad_onetimepad.py.txt,1,v5,1,0.7489392161369324,False
v5_13_content_notpresident35_one-time-pad-machine_STILL_More_Testing.py.txt,one Time Pad,val,13_content_notpresident35_one-time-pad-machine_STILL_More_Testing.py.txt,1,v5,1,0.7054874300956726,False
v5_16_content_nicolasenciso_One-time-pad-crypto-algorithm_OneTimePad.py.txt,one Time Pad,val,16_content_nicolasenciso_One-time-pad-crypto-algorithm_OneTimePad.py.txt,1,v5,1,0.7241982817649841,False
v5_16_content_rachwong_One-time-pad-code-_Word_guesser_2_.py.txt,one Time Pad,val,16_content_rachwong_One-time-pad-code-_Word_guesser_2_.py.txt,1,v5,1,0.6743442416191101,False
v5_17_content_jb0xx_decrypt-onetimepad_texthelper.py.txt,one Time Pad,test,17_content_jb0xx_decrypt-onetimepad_texthelper.py.txt,1,v5,1,0.8040352463722229,False
v5_19_content_DennyHsieh_many-time-pad-attack_decrypt.py.txt,one Time Pad,test,19_content_DennyHsieh_many-time-pad-attack_decrypt.py.txt,1,v5,1,0.7464607357978821,False
v5_1_content_anthonyzhub_One-Time-Pad_One-Time_Pad.py.txt,one Time Pad,val,1_content_anthonyzhub_One-Time-Pad_One-Time_Pad.py.txt,1,v5,1,0.7095295786857605,False
v5_20_content_dexhug_ciphers_one_time_pad.py.txt,one Time Pad,val,20_content_dexhug_ciphers_one_time_pad.py.txt,1,v5,1,0.6801013946533203,False
v5_20_content_dexhug_ciphers_polyalphabetic_cipher.py.txt,one Time Pad,test,20_content_dexhug_ciphers_polyalphabetic_cipher.py.txt,1,v5,1,0.7235875725746155,False
v5_25_content_penji2_encode-OTP-client-server_coder.py.txt,one Time Pad,val,25_content_penji2_encode-OTP-client-server_coder.py.txt,1,v5,1,0.764805018901825,False
v5_29_content_blertagllareva_Pseudo-Random-Number-Generation-PRNG-_OneTimePad.py.txt,one Time Pad,test,29_content_blertagllareva_Pseudo-Random-Number-Generation-PRNG-_OneTimePad.py.txt,1,v5,1,0.7303770780563354,False
v5_31_content_tobymyers_codingthematrix_bitutil.py.txt,one Time Pad,test,31_content_tobymyers_codingthematrix_bitutil.py.txt,1,v5,1,0.6207395792007446,False
v5_31_content_tobymyers_codingthematrix_orthogonalization.py.txt,one Time Pad,val,31_content_tobymyers_codingthematrix_orthogonalization.py.txt,1,v5,1,0.6437530517578125,False
v5_31_content_tobymyers_codingthematrix_triangular.py.txt,one Time Pad,val,31_content_tobymyers_codingthematrix_triangular.py.txt,1,v5,1,0.646486759185791,False
v5_3_content_lrnselfreliance_one_time_pad_otp_server.py.txt,one Time Pad,test,3_content_lrnselfreliance_one_time_pad_otp_server.py.txt,1,v5,1,0.5368061065673828,False
v5_5_content_llp0702_one-time-pad-implementation-python_main.py.txt,one Time Pad,test,5_content_llp0702_one-time-pad-implementation-python_main.py.txt,1,v5,1,0.6645736694335938,False
v5_6_content_BrandonDG_OneTimePad_a3.py.txt,one Time Pad,val,6_content_BrandonDG_OneTimePad_a3.py.txt,1,v5,1,0.6924022436141968,False
v5_7_content_anderspkd_broken-one-time-pad_somecode.py.txt,one Time Pad,test,7_content_anderspkd_broken-one-time-pad_somecode.py.txt,1,v5,1,0.7735870480537415,False
v5_1_content_Pranshu258_Crowd_Behavior_Analysis_outlierDetector.py.txt,Outlier Analysis,test,1_content_Pranshu258_Crowd_Behavior_Analysis_outlierDetector.py.txt,1,v5,1,0.6859009861946106,False
v5_2_content_Liu-WeiYi_Private_Preserving_Outlier_Behavior_Detection_Incremental_Time_analysis.py.txt,Outlier Analysis,val,2_content_Liu-WeiYi_Private_Preserving_Outlier_Behavior_Detection_Incremental_Time_analysis.py.txt,1,v5,1,0.5574552416801453,False
v5_2_content_mayankagrawal93_Outlier-Analysis_cblof.py.txt,Outlier Analysis,test,2_content_mayankagrawal93_Outlier-Analysis_cblof.py.txt,1,v5,1,0.8337680697441101,False
v5_4_content_mrimahajan_advanced_analysis_package_analyze.py.txt,Outlier Analysis,val,4_content_mrimahajan_advanced_analysis_package_analyze.py.txt,1,v5,1,0.5851817727088928,False
v5_4_content_mrimahajan_advanced_analysis_package_variable_treatment.py.txt,Outlier Analysis,test,4_content_mrimahajan_advanced_analysis_package_variable_treatment.py.txt,1,v5,1,0.5152299404144287,False
v5_5_content_harshdarji22_crypto_domains.py.txt,Outlier Analysis,val,5_content_harshdarji22_crypto_domains.py.txt,1,v5,1,0.6639429330825806,False
v5_5_content_harshdarji22_crypto_outlier.py.txt,Outlier Analysis,val,5_content_harshdarji22_crypto_outlier.py.txt,1,v5,1,0.6175388097763062,False
v5_3_content_iykadev_pyalgo_anagram.py.txt,Perfect Number,val,3_content_iykadev_pyalgo_anagram.py.txt,1,v5,1,0.6758798360824585,False
v5_3_content_iykadev_pyalgo_binaryHeap.py.txt,Perfect Number,val,3_content_iykadev_pyalgo_binaryHeap.py.txt,1,v5,1,0.716336727142334,False
v5_3_content_iykadev_pyalgo_binarySearch.py.txt,Perfect Number,val,3_content_iykadev_pyalgo_binarySearch.py.txt,1,v5,1,0.8848173022270203,False
v5_3_content_iykadev_pyalgo_bubbleSort.py.txt,Perfect Number,val,3_content_iykadev_pyalgo_bubbleSort.py.txt,1,v5,1,0.7887988686561584,False
v5_3_content_iykadev_pyalgo_deepFirstSearch.py.txt,Perfect Number,val,3_content_iykadev_pyalgo_deepFirstSearch.py.txt,1,v5,1,0.6659238338470459,False
v5_3_content_iykadev_pyalgo_dragon_curve.py.txt,Perfect Number,test,3_content_iykadev_pyalgo_dragon_curve.py.txt,1,v5,1,0.8107898831367493,False
v5_3_content_iykadev_pyalgo_evolutionary_algo.py.txt,Perfect Number,val,3_content_iykadev_pyalgo_evolutionary_algo.py.txt,1,v5,1,0.7006794810295105,False
v5_3_content_iykadev_pyalgo_execute_a_markov_algo.py.txt,Perfect Number,test,3_content_iykadev_pyalgo_execute_a_markov_algo.py.txt,1,v5,1,0.6396327018737793,False
v5_3_content_iykadev_pyalgo_fast_fourier_transform.py.txt,Perfect Number,test,3_content_iykadev_pyalgo_fast_fourier_transform.py.txt,1,v5,1,0.6818573474884033,False
v5_3_content_iykadev_pyalgo_hashingHashTable.py.txt,Perfect Number,test,3_content_iykadev_pyalgo_hashingHashTable.py.txt,1,v5,1,0.9819847941398621,False
v5_3_content_iykadev_pyalgo_insertionSort.py.txt,Perfect Number,test,3_content_iykadev_pyalgo_insertionSort.py.txt,1,v5,1,0.7997696399688721,False
v5_3_content_iykadev_pyalgo_knuths_algo.py.txt,Perfect Number,val,3_content_iykadev_pyalgo_knuths_algo.py.txt,1,v5,1,0.7667693495750427,False
v5_3_content_iykadev_pyalgo_lagged_fibonacci_gen.py.txt,Perfect Number,val,3_content_iykadev_pyalgo_lagged_fibonacci_gen.py.txt,1,v5,1,0.8268028497695923,False
v5_3_content_iykadev_pyalgo_lucas_lehmer_test.py.txt,Perfect Number,test,3_content_iykadev_pyalgo_lucas_lehmer_test.py.txt,1,v5,1,0.6598067283630371,False
v5_3_content_iykadev_pyalgo_lzw_compression.py.txt,Perfect Number,test,3_content_iykadev_pyalgo_lzw_compression.py.txt,1,v5,1,0.720248281955719,False
v5_3_content_iykadev_pyalgo_VertexGraph.py.txt,Perfect Number,test,3_content_iykadev_pyalgo_VertexGraph.py.txt,1,v5,1,0.774283230304718,False
v5_3_content_iykadev_pyalgo_xiaolin_wus_line_algo.py.txt,Perfect Number,val,3_content_iykadev_pyalgo_xiaolin_wus_line_algo.py.txt,1,v5,1,0.699657142162323,False
v5_3_content_iykadev_pyalgo_zhang_suen_thinning_algo.py.txt,Perfect Number,val,3_content_iykadev_pyalgo_zhang_suen_thinning_algo.py.txt,1,v5,1,0.5994945764541626,False
v5_5_content_nmcglohon_sequence-squares_calculate_sequence.py.txt,Perfect Number,val,5_content_nmcglohon_sequence-squares_calculate_sequence.py.txt,1,v5,1,0.7147846221923828,False
v5_14_content_RohanYedagiri_Polynomial-Regression_poly.py.txt,polynomal reg,val,14_content_RohanYedagiri_Polynomial-Regression_poly.py.txt,1,v5,1,0.7084056735038757,False
v5_17_content_galacticglum_polynomial-regression_poly_regression.py.txt,polynomal reg,test,17_content_galacticglum_polynomial-regression_poly_regression.py.txt,1,v5,1,0.6105287075042725,False
v5_31_content_NorahJC_RegressionAnalyses_MultReg.py.txt,polynomal reg,test,31_content_NorahJC_RegressionAnalyses_MultReg.py.txt,1,v5,1,0.5911515355110168,False
v5_48_content_pareekajay2_Polynomial-Regression_Position_Salaries.py.txt,polynomal reg,val,48_content_pareekajay2_Polynomial-Regression_Position_Salaries.py.txt,1,v5,1,0.592044472694397,False
v5_49_content_pranurs_regression-model_main.py.txt,polynomal reg,val,49_content_pranurs_regression-model_main.py.txt,1,v5,1,0.7039214372634888,False
v5_60_content_winnie9197_The-Coding-School-projects_linear-regression.py.txt,polynomal reg,test,60_content_winnie9197_The-Coding-School-projects_linear-regression.py.txt,1,v5,1,0.537003755569458,False
v5_61_content_piyush-taneja_Salary-Predictor_Regression_Template.py.txt,polynomal reg,val,61_content_piyush-taneja_Salary-Predictor_Regression_Template.py.txt,1,v5,1,0.5495337843894958,False
v5_61_content_piyush-taneja_Salary-Predictor_Support_Vector_Regression.py.txt,polynomal reg,val,61_content_piyush-taneja_Salary-Predictor_Support_Vector_Regression.py.txt,1,v5,1,0.5804538130760193,False
v5_63_content_avitabayan_Machine-learning_regression_template.py.txt,polynomal reg,val,63_content_avitabayan_Machine-learning_regression_template.py.txt,1,v5,1,0.5562227964401245,False
v5_63_content_avitabayan_Machine-learning_svr.py.txt,polynomal reg,test,63_content_avitabayan_Machine-learning_svr.py.txt,1,v5,1,0.5164171457290649,False
v5_64_content_hardik-dadhich_Polynomial_regression_model_poly_reg.py.txt,polynomal reg,val,64_content_hardik-dadhich_Polynomial_regression_model_poly_reg.py.txt,1,v5,1,0.6557027101516724,False
v5_80_content_gbalcantara_linreg_linreg.py.txt,polynomal reg,val,80_content_gbalcantara_linreg_linreg.py.txt,1,v5,1,0.6113871335983276,False
v5_83_content_Akshaykanth_COPrediction_createModel.py.txt,polynomal reg,test,83_content_Akshaykanth_COPrediction_createModel.py.txt,1,v5,1,0.7169461846351624,False
v5_11_content_pprzygodzk_binary_search-prime_numbers_primes_p1.py.txt,Prime Number,test,11_content_pprzygodzk_binary_search-prime_numbers_primes_p1.py.txt,1,v5,1,0.7072134613990784,False
v5_18_content_zach010_PrimeOptimus_Prime.py.txt,Prime Number,test,18_content_zach010_PrimeOptimus_Prime.py.txt,1,v5,1,0.6517420411109924,False
v5_21_content_hagyu-aya_prime-number-bot_index.py.txt,Prime Number,val,21_content_hagyu-aya_prime-number-bot_index.py.txt,1,v5,1,0.5818406343460083,False
v5_23_content_cjonsmith_prime_calc_prime_days.py.txt,Prime Number,test,23_content_cjonsmith_prime_calc_prime_days.py.txt,1,v5,1,0.5448715686798096,False
v5_25_content_diXime_PrimaryNumbers_utx.py.txt,Prime Number,test,25_content_diXime_PrimaryNumbers_utx.py.txt,1,v5,1,0.7008268237113953,False
v5_25_content_Scientific-Computing-at-Temple-Physics_prime-number-finder-MicrowaveOfEvil_primes.py.txt,Prime Number,test,25_content_Scientific-Computing-at-Temple-Physics_prime-number-finder-MicrowaveOfEvil_primes.py.txt,1,v5,1,0.7177897095680237,False
v5_2_content_squeaky-godzilla_prime-factors_prime_factors.py.txt,Prime Number,val,2_content_squeaky-godzilla_prime-factors_prime_factors.py.txt,1,v5,1,0.7860942482948303,False
v5_30_content_olamofe_primeQuery_primeQuery.py.txt,Prime Number,test,30_content_olamofe_primeQuery_primeQuery.py.txt,1,v5,1,0.782724142074585,False
v5_3_content_chamarli_ColudComputing-PrimeNumberValidator-master_prime_validator.py.txt,Prime Number,test,3_content_chamarli_ColudComputing-PrimeNumberValidator-master_prime_validator.py.txt,1,v5,1,0.5536797642707825,False
v5_10_content_chiragragarwal_Graphs_And_Networks___init__.py.txt,prims a,test,10_content_chiragragarwal_Graphs_And_Networks___init__.py.txt,1,v5,1,0.5090427994728088,False
v5_11_content_Boros93_GraphProject_kruskal.py.txt,prims a,val,11_content_Boros93_GraphProject_kruskal.py.txt,1,v5,1,0.7480850219726562,False
v5_11_content_Boros93_GraphProject_test_prim.py.txt,prims a,val,11_content_Boros93_GraphProject_test_prim.py.txt,1,v5,1,0.7412900924682617,False
v5_12_content_diegooliveira95_PrimAndDijkstra_prim.py.txt,prims a,test,12_content_diegooliveira95_PrimAndDijkstra_prim.py.txt,1,v5,1,0.7300185561180115,False
v5_22_content_mikaelharseno_DurianBot_allnodesolver.py.txt,prims a,val,22_content_mikaelharseno_DurianBot_allnodesolver.py.txt,1,v5,1,0.7756873965263367,False
v5_22_content_mikaelharseno_DurianBot_solver.py.txt,prims a,val,22_content_mikaelharseno_DurianBot_solver.py.txt,1,v5,1,0.8548092246055603,False
v5_4_content_JosephFWright_Prims_Algorithm_Kruskals.py.txt,prims a,test,4_content_JosephFWright_Prims_Algorithm_Kruskals.py.txt,1,v5,1,0.7270828485488892,False
v5_4_content_JosephFWright_Prims_Algorithm_main.py.txt,prims a,val,4_content_JosephFWright_Prims_Algorithm_main.py.txt,1,v5,0,0.43857887387275696,False
v5_5_content_abcsds_Prim_example.py.txt,prims a,test,5_content_abcsds_Prim_example.py.txt,1,v5,1,0.6695449352264404,False
v5_5_content_Fmccline_Prims-Algorithm_prims_algorithm.py.txt,prims a,val,5_content_Fmccline_Prims-Algorithm_prims_algorithm.py.txt,1,v5,1,0.6845803260803223,False
v5_6_content_steviedale_random_maze_generator_main.py.txt,prims a,val,6_content_steviedale_random_maze_generator_main.py.txt,1,v5,1,0.7666572332382202,False
v5_6_content_usbogie_MSTcreator_Node.py.txt,prims a,val,6_content_usbogie_MSTcreator_Node.py.txt,1,v5,1,0.9516543745994568,False
v5_7_content_Aly-Tomato_Prims-and-Kruskals_main.py.txt,prims a,val,7_content_Aly-Tomato_Prims-and-Kruskals_main.py.txt,1,v5,1,0.6220927834510803,False
v5_7_content_fepz_AyCC_disjoint_set.py.txt,prims a,test,7_content_fepz_AyCC_disjoint_set.py.txt,1,v5,1,0.920468807220459,False
v5_16_content_GodspeedChloe_PrincipalComponentsAnalysis101_pca_two_vectors.py.txt,principal,val,16_content_GodspeedChloe_PrincipalComponentsAnalysis101_pca_two_vectors.py.txt,1,v5,1,0.5650297999382019,False
v5_21_content_bharadwajsrikanth_principal-component-analysis_ImageProcessing_PCA.py.txt,principal,test,21_content_bharadwajsrikanth_principal-component-analysis_ImageProcessing_PCA.py.txt,1,v5,1,0.5747324228286743,False
v5_27_content_AndresHerrera_PCA_Vowels_pca_training.py.txt,principal,val,27_content_AndresHerrera_PCA_Vowels_pca_training.py.txt,1,v5,1,0.6424177885055542,False
v5_30_content_ishwaryav_Principal-Component-Analysis-Implementation_pr2.py.txt,principal,val,30_content_ishwaryav_Principal-Component-Analysis-Implementation_pr2.py.txt,1,v5,1,0.6107983589172363,False
v5_31_content_bavdekar_pca_pca.py.txt,principal,val,31_content_bavdekar_pca_pca.py.txt,1,v5,0,0.4074641168117523,False
v5_49_content_christianThardy_Principal-Component-Analysis_pca.py.txt,principal,val,49_content_christianThardy_Principal-Component-Analysis_pca.py.txt,1,v5,1,0.5894598364830017,False
v5_5_content_cylance_lazy-stochastic-principal-component-analysis_plot_model_perf.py.txt,principal,test,5_content_cylance_lazy-stochastic-principal-component-analysis_plot_model_perf.py.txt,1,v5,1,0.6569734811782837,False
v5_6_content_LinHungShi_Principal-Component-Analysis-for-Images_pca_blocks.py.txt,principal,val,6_content_LinHungShi_Principal-Component-Analysis-for-Images_pca_blocks.py.txt,1,v5,1,0.5327759981155396,False
v5_6_content_LinHungShi_Principal-Component-Analysis-for-Images_pca_whole_image.py.txt,principal,val,6_content_LinHungShi_Principal-Component-Analysis-for-Images_pca_whole_image.py.txt,1,v5,0,0.3998512029647827,False
v5_73_content_hamk-uas_two-step-pca_two_step_pca.py.txt,principal,test,73_content_hamk-uas_two-step-pca_two_step_pca.py.txt,1,v5,1,0.5046229362487793,False
v5_7_content_work-nchc_PCAMN_treetop.py.txt,principal,test,7_content_work-nchc_PCAMN_treetop.py.txt,1,v5,1,0.6291058659553528,False
v5_82_content_bryonkucharski_PCA_Baseball_Statistics_pca.py.txt,principal,val,82_content_bryonkucharski_PCA_Baseball_Statistics_pca.py.txt,1,v5,1,0.5561249852180481,False
v5_84_content_rayjc_ml-pca-foreground-removal_miscHelper.py.txt,principal,test,84_content_rayjc_ml-pca-foreground-removal_miscHelper.py.txt,1,v5,1,0.6996326446533203,False
v5_8_content_kekastepanovic_Face-Gender-and-Age-Recognition-Using-Principal-Component-Analysis_Face_Gender_and_Age_Recognition.py.txt,principal,val,8_content_kekastepanovic_Face-Gender-and-Age-Recognition-Using-Principal-Component-Analysis_Face_Gender_and_Age_Recognition.py.txt,1,v5,1,0.5977932810783386,False
v5_94_content_rohithdot_ImageCompression-PCA_code.py.txt,principal,test,94_content_rohithdot_ImageCompression-PCA_code.py.txt,1,v5,1,0.6587017774581909,False
v5_95_content_JoeJimFlood_FreedomIndexPCA_FreedomIndexPCA.py.txt,principal,val,95_content_JoeJimFlood_FreedomIndexPCA_FreedomIndexPCA.py.txt,1,v5,1,0.6216487288475037,False
v5_95_content_konradpoweska_pca-sound-compression_wav.py.txt,principal,test,95_content_konradpoweska_pca-sound-compression_wav.py.txt,1,v5,1,0.6880481243133545,False
v5_9_content_spaul1014_Dimensionality-Reduction-of-Images_Image_Classification_using_PCA_and_SVM.py.txt,principal,val,9_content_spaul1014_Dimensionality-Reduction-of-Images_Image_Classification_using_PCA_and_SVM.py.txt,1,v5,1,0.6440019011497498,False
v5_12_content_shinevalora_asyncio_tornado_queues_requests_demo_test.py.txt,Queue,val,12_content_shinevalora_asyncio_tornado_queues_requests_demo_test.py.txt,1,v5,1,0.6207717657089233,False
v5_13_content_IRLadderGoat_KKIK-venteliste-nr_venteliste.py.txt,Queue,val,13_content_IRLadderGoat_KKIK-venteliste-nr_venteliste.py.txt,1,v5,1,0.6281810402870178,False
v5_1_content_gasior213214123_Python-Queue-Simulation_queue.py.txt,Queue,val,1_content_gasior213214123_Python-Queue-Simulation_queue.py.txt,1,v5,1,0.6523524522781372,False
v5_1_content_SamKnightGit_LeagueBot_context.py.txt,Queue,val,1_content_SamKnightGit_LeagueBot_context.py.txt,1,v5,1,0.7217391729354858,False
v5_30_content_HumaneWolf_telegram-spotify-queue_telegram_spotify_queue.py.txt,Queue,test,30_content_HumaneWolf_telegram-spotify-queue_telegram_spotify_queue.py.txt,1,v5,1,0.7958518266677856,False
v5_31_content_danieltshibangu_QueuePay_diranySolution.py.txt,Queue,test,31_content_danieltshibangu_QueuePay_diranySolution.py.txt,1,v5,1,0.8279784321784973,False
v5_35_content_PeterUpfold_simple-temp-queue-pusher_simple-temp-queue-pusher.py.txt,Queue,test,35_content_PeterUpfold_simple-temp-queue-pusher_simple-temp-queue-pusher.py.txt,1,v5,1,0.7171265482902527,False
v5_38_content_dareofmeashwani_Pre-Processing-Queue-For-Deep-Learning-Model_DataQueue.py.txt,Queue,val,38_content_dareofmeashwani_Pre-Processing-Queue-For-Deep-Learning-Model_DataQueue.py.txt,1,v5,1,0.6318637132644653,False
v5_41_content_sweeneyde_IndexedHeap_dijkstra.py.txt,Queue,test,41_content_sweeneyde_IndexedHeap_dijkstra.py.txt,1,v5,1,0.7345882058143616,False
v5_45_content_kriti149_Text-Summarizer_txt_summarization.py.txt,Queue,val,45_content_kriti149_Text-Summarizer_txt_summarization.py.txt,1,v5,1,0.7066364288330078,False
v5_47_content_jeshan_lambda-default-dlq_generate-config.py.txt,Queue,test,47_content_jeshan_lambda-default-dlq_generate-config.py.txt,1,v5,1,0.6308596730232239,False
v5_52_content_NYU-Molecular-Pathology_queue-stats_qstats.py.txt,Queue,val,52_content_NYU-Molecular-Pathology_queue-stats_qstats.py.txt,1,v5,1,0.7943167686462402,False
v5_53_content_haydentmichael_Assign4_TreeTraversal.py.txt,Queue,val,53_content_haydentmichael_Assign4_TreeTraversal.py.txt,1,v5,1,0.7756096124649048,False
v5_54_content_DNPA_txhqueue_txbasetest.py.txt,Queue,test,54_content_DNPA_txhqueue_txbasetest.py.txt,1,v5,1,0.5957574248313904,False
v5_54_content_VishalPadme_Queue__Simple_Driver_Code_Queue_by_VP.py.txt,Queue,val,54_content_VishalPadme_Queue__Simple_Driver_Code_Queue_by_VP.py.txt,1,v5,1,0.8252816796302795,False
v5_56_content_joseph-njogu_Rabbitmq_worker.py.txt,Queue,test,56_content_joseph-njogu_Rabbitmq_worker.py.txt,1,v5,1,0.5852035284042358,False
v5_57_content_sangyh_discrete-event-simulation_read_output.py.txt,Queue,val,57_content_sangyh_discrete-event-simulation_read_output.py.txt,1,v5,1,0.5026226043701172,False
v5_67_content_sulaiman-muhammad_Earliest-Deadline-First-Sheduler_link.py.txt,Queue,val,67_content_sulaiman-muhammad_Earliest-Deadline-First-Sheduler_link.py.txt,1,v5,1,0.9536135792732239,False
v5_13_content_gkp7_quick-sort_quick_sort.py.txt,quick sort,test,13_content_gkp7_quick-sort_quick_sort.py.txt,1,v5,1,0.8720481395721436,False
v5_18_content_TorugoH_quickSort_quick.py.txt,quick sort,val,18_content_TorugoH_quickSort_quick.py.txt,1,v5,1,0.9375180602073669,False
v5_19_content_vickyandpiggy_count_inversion_merge_sort_compare_quick_sort_count_inversion_merge_sort__compare_quick_sort.py.txt,quick sort,test,19_content_vickyandpiggy_count_inversion_merge_sort_compare_quick_sort_count_inversion_merge_sort__compare_quick_sort.py.txt,1,v5,1,0.9204703569412231,False
v5_20_content_bradruck_Quick_Sort-python_Assignment_7-P12.9.py.txt,quick sort,test,20_content_bradruck_Quick_Sort-python_Assignment_7-P12.9.py.txt,1,v5,1,0.8382266759872437,False
v5_21_content_bmawji3_tvshow-sorting_tvshow_sort.py.txt,quick sort,test,21_content_bmawji3_tvshow-sorting_tvshow_sort.py.txt,1,v5,1,0.7940047979354858,False
v5_25_content_bisigc_python_quicksort_quicksort.py.txt,quick sort,val,25_content_bisigc_python_quicksort_quicksort.py.txt,1,v5,1,0.9067199230194092,False
v5_26_content_hemidactylus_skanfixer_SelRectangle.py.txt,quick sort,test,26_content_hemidactylus_skanfixer_SelRectangle.py.txt,1,v5,1,0.7566915154457092,False
v5_27_content_mozarik_quicksortPython_insertionSort.py.txt,quick sort,val,27_content_mozarik_quicksortPython_insertionSort.py.txt,1,v5,1,0.9042184352874756,False
v5_2_content_ForeverPs_Visualization-of-sort-algorithms_SORT.py.txt,quick sort,val,2_content_ForeverPs_Visualization-of-sort-algorithms_SORT.py.txt,1,v5,1,0.8122498989105225,False
v5_30_content_choogeboom_photo-sorter_photo_sorter.py.txt,quick sort,test,30_content_choogeboom_photo-sorter_photo_sorter.py.txt,1,v5,1,0.7898588180541992,False
v5_30_content_XiaogeWang_Sort-Algorithms-Python-Version-_heap_sort.py.txt,quick sort,val,30_content_XiaogeWang_Sort-Algorithms-Python-Version-_heap_sort.py.txt,1,v5,1,0.8148230314254761,False
v5_4_content_varuntahin2210_ConversationalBot-Restaurant_nlu_model.py.txt,quick sort,test,4_content_varuntahin2210_ConversationalBot-Restaurant_nlu_model.py.txt,1,v5,1,0.650088369846344,False
v5_52_content_RefaelBeker7_Sorting-Algorithms-Python_ExampleSort_sixDifference.py.txt,quick sort,test,52_content_RefaelBeker7_Sorting-Algorithms-Python_ExampleSort_sixDifference.py.txt,1,v5,1,0.8258036971092224,False
v5_13_content_zandermoss_bessel_recursion_testi.py.txt,Recurisive,val,13_content_zandermoss_bessel_recursion_testi.py.txt,1,v5,1,0.7704465389251709,False
v5_14_content_TechnicallyRachel_Fibonacci-plus-unitTest_fibonacci.py.txt,Recurisive,test,14_content_TechnicallyRachel_Fibonacci-plus-unitTest_fibonacci.py.txt,1,v5,1,0.8708911538124084,False
v5_18_content_jmhummel_Continuation-passing-style_index.py.txt,Recurisive,test,18_content_jmhummel_Continuation-passing-style_index.py.txt,1,v5,1,0.6984795331954956,False
v5_1_content_ilmanzo666_quadtree-image-decomposition_pyImgQuadTree.py.txt,Recurisive,val,1_content_ilmanzo666_quadtree-image-decomposition_pyImgQuadTree.py.txt,1,v5,1,0.7525469660758972,False
v5_1_content_rcorcs_apref_tests.py.txt,Recurisive,test,1_content_rcorcs_apref_tests.py.txt,1,v5,1,0.6025466918945312,False
v5_20_content_Shweetz_Connect4Solver_solver.py.txt,Recurisive,val,20_content_Shweetz_Connect4Solver_solver.py.txt,1,v5,1,0.8352717757225037,False
v5_24_content_regnarg_prf-turing-machine_arith.py.txt,Recurisive,test,24_content_regnarg_prf-turing-machine_arith.py.txt,1,v5,1,0.6934382319450378,False
v5_24_content_regnarg_prf-turing-machine_tm.py.txt,Recurisive,test,24_content_regnarg_prf-turing-machine_tm.py.txt,1,v5,1,0.7310651540756226,False
v5_25_content_OmarGhoneim_wb-wikosophy_wikosopher.py.txt,Recurisive,test,25_content_OmarGhoneim_wb-wikosophy_wikosopher.py.txt,1,v5,1,0.6453120112419128,False
v5_2_content_DavidWallacedot_recursiveFunctions.py_recursive.py.txt,Recurisive,val,2_content_DavidWallacedot_recursiveFunctions.py_recursive.py.txt,1,v5,1,0.7690843939781189,False
v5_33_content_prabhatpal77_Complete-core-python-_dictcomp.py.txt,Recurisive,val,33_content_prabhatpal77_Complete-core-python-_dictcomp.py.txt,1,v5,1,0.8266726732254028,False
v5_34_content_stephypy_CS2302PasswordCracking_Main.py.txt,Recurisive,val,34_content_stephypy_CS2302PasswordCracking_Main.py.txt,1,v5,1,0.7723573446273804,False
v5_35_content_rajucsm09_Fibonacci-Sequence-using-Memoizaton_fibonacci.py.txt,Recurisive,test,35_content_rajucsm09_Fibonacci-Sequence-using-Memoizaton_fibonacci.py.txt,1,v5,1,0.8687676191329956,False
v5_39_content_dhruva-gaidhani_DNS_resolver_my_dns.py.txt,Recurisive,test,39_content_dhruva-gaidhani_DNS_resolver_my_dns.py.txt,1,v5,1,0.6488876342773438,False
v5_5_content_diandra-davidson_IS211_Assignment14_recursion.py.txt,Recurisive,test,5_content_diandra-davidson_IS211_Assignment14_recursion.py.txt,1,v5,1,0.7933931946754456,False
v5_12_content_kyardley_RSA_RSAEncrypt.py.txt,rsa,val,12_content_kyardley_RSA_RSAEncrypt.py.txt,1,v5,1,0.6665307283401489,False
v5_1_content_zsra_RSA_keygen_prime.py.txt,rsa,val,1_content_zsra_RSA_keygen_prime.py.txt,1,v5,1,0.7295974493026733,False
v5_28_content_Harzu_simple-rsa_utils.py.txt,rsa,test,28_content_Harzu_simple-rsa_utils.py.txt,1,v5,1,0.6636614799499512,False
v5_37_content_henritomas_ECE151-RSA-encryption_client.py.txt,rsa,test,37_content_henritomas_ECE151-RSA-encryption_client.py.txt,1,v5,1,0.6518827080726624,False
v5_41_content_yujiaoliang_rsa_yu01.py.txt,rsa,val,41_content_yujiaoliang_rsa_yu01.py.txt,1,v5,1,0.8700705766677856,False
v5_42_content_KimCant2019_rsa_crypto_rsa-decrypter.py.txt,rsa,test,42_content_KimCant2019_rsa_crypto_rsa-decrypter.py.txt,1,v5,1,0.6240031719207764,False
v5_43_content_strmrider_RSA_utilities.py.txt,rsa,test,43_content_strmrider_RSA_utilities.py.txt,1,v5,1,0.6876987814903259,False
v5_46_content_ThallysSo_criptografia-rsa_criptografia.py.txt,rsa,val,46_content_ThallysSo_criptografia-rsa_criptografia.py.txt,1,v5,1,0.7804630398750305,False
v5_49_content_mrsondeptrai1999_RSA_Summer_2017_project_Decryption.py.txt,rsa,val,49_content_mrsondeptrai1999_RSA_Summer_2017_project_Decryption.py.txt,1,v5,1,0.704372763633728,False
v5_52_content_CorrineTan_Digital-Signature-Schemes-Evaluation_eddsa_25519.py.txt,rsa,val,52_content_CorrineTan_Digital-Signature-Schemes-Evaluation_eddsa_25519.py.txt,1,v5,1,0.912863552570343,False
v5_66_content_MihaiGaidau_RSA_main.py.txt,rsa,val,66_content_MihaiGaidau_RSA_main.py.txt,1,v5,1,0.7684101462364197,False
v5_74_content_minahabibm_RSA-2048-Encryption-Decryption_Decrypt.py.txt,rsa,test,74_content_minahabibm_RSA-2048-Encryption-Decryption_Decrypt.py.txt,1,v5,1,0.761457085609436,False
v5_89_content_shivamsaigupta_RSA_Generator_main.py.txt,rsa,test,89_content_shivamsaigupta_RSA_Generator_main.py.txt,1,v5,1,0.5501054525375366,False
v5_95_content_anurag423_Python-Project_eKeyGen.py.txt,rsa,val,95_content_anurag423_Python-Project_eKeyGen.py.txt,1,v5,1,0.6641546487808228,False
v5_95_content_anurag423_Python-Project_primegen.py.txt,rsa,val,95_content_anurag423_Python-Project_primegen.py.txt,1,v5,1,0.7234851717948914,False
v5_97_content_DanialBeg_RSA-Decryption-CS111_decryption.py.txt,rsa,val,97_content_DanialBeg_RSA-Decryption-CS111_decryption.py.txt,1,v5,1,0.7178194522857666,False
v5_97_content_rusrom_cryptography_rsa_text_decrypt.py.txt,rsa,val,97_content_rusrom_cryptography_rsa_text_decrypt.py.txt,1,v5,1,0.6965921521186829,False
v5_10_content_lesdev_SortingMethods_selection.py.txt,Selection,test,10_content_lesdev_SortingMethods_selection.py.txt,1,v5,1,0.7213824987411499,False
v5_11_content_jdpenuliar_selectionsortdjango_manage.py.txt,Selection,test,11_content_jdpenuliar_selectionsortdjango_manage.py.txt,1,v5,0,0.42042282223701477,False
v5_11_content_rburkholder_debconf-get-selections-sort_seed.sort.py.txt,Selection,test,11_content_rburkholder_debconf-get-selections-sort_seed.sort.py.txt,1,v5,1,0.7497707009315491,False
v5_14_content_codearemo_selction-sort_selection_sort.py.txt,Selection,test,14_content_codearemo_selction-sort_selection_sort.py.txt,1,v5,1,0.8316388726234436,False
v5_17_content_alanz4196_arrays_insertion_selection_sorts.py.txt,Selection,val,17_content_alanz4196_arrays_insertion_selection_sorts.py.txt,1,v5,1,0.8864644765853882,False
v5_17_content_Ryan-Fortner_selection_sort_selection_sort.py.txt,Selection,test,17_content_Ryan-Fortner_selection_sort_selection_sort.py.txt,1,v5,1,0.7832639217376709,False
v5_20_content_jhemesonmotta_PythonSelectionSort_selectionSort.py.txt,Selection,test,20_content_jhemesonmotta_PythonSelectionSort_selectionSort.py.txt,1,v5,1,0.7499889135360718,False
v5_26_content_AbdelrhmanKhater_Comparison-between-linked-list-and-array-during-using-selection-sort_Linkedlist.py.txt,Selection,test,26_content_AbdelrhmanKhater_Comparison-between-linked-list-and-array-during-using-selection-sort_Linkedlist.py.txt,1,v5,1,0.9386696219444275,False
v5_27_content_CodeDrome_selection-sort-python_selectionsort.py.txt,Selection,test,27_content_CodeDrome_selection-sort-python_selectionsort.py.txt,1,v5,1,0.6932669878005981,False
v5_32_content_AAMergulhao_Sort_Algorithms_algorithms.py.txt,Selection,test,32_content_AAMergulhao_Sort_Algorithms_algorithms.py.txt,1,v5,1,0.8693721294403076,False
v5_34_content_rajdas2001_Sorting-of-lists-arrays_Bubble_Sort.py.txt,Selection,val,34_content_rajdas2001_Sorting-of-lists-arrays_Bubble_Sort.py.txt,1,v5,1,0.7520779371261597,False
v5_45_content_Dimildizio_pyqt_traincars_sort_gui11.py.txt,Selection,val,45_content_Dimildizio_pyqt_traincars_sort_gui11.py.txt,1,v5,1,0.5829215049743652,False
v5_9_content_naviechan_sortingAlgorithmDemo_bubbleSort.py.txt,Selection,val,9_content_naviechan_sortingAlgorithmDemo_bubbleSort.py.txt,1,v5,1,0.8130208849906921,False
v5_2_content_umam006_steganografi-tugas_LSBSteg.py.txt,Steganografi,val,2_content_umam006_steganografi-tugas_LSBSteg.py.txt,1,v5,1,0.7329730987548828,False
v5_10_content_zpeterg_bmig_5003_count_words_getFile_test.py.txt,stop words,val,10_content_zpeterg_bmig_5003_count_words_getFile_test.py.txt,1,v5,1,0.7087286114692688,False
v5_13_content_prachij94_Category-name-analysis-without-stopwords_stopwordsmcat.py.txt,stop words,val,13_content_prachij94_Category-name-analysis-without-stopwords_stopwordsmcat.py.txt,1,v5,1,0.6162930130958557,False
v5_13_content_preetidurai_Spam-Ham-Classification-using-NB-and-LR_logisticRegressionMain.py.txt,stop words,test,13_content_preetidurai_Spam-Ham-Classification-using-NB-and-LR_logisticRegressionMain.py.txt,1,v5,1,0.5655815601348877,False
v5_13_content_preetidurai_Spam-Ham-Classification-using-NB-and-LR_NBHelper.py.txt,stop words,test,13_content_preetidurai_Spam-Ham-Classification-using-NB-and-LR_NBHelper.py.txt,1,v5,1,0.7051351070404053,False
v5_14_content_ganigavinaya_NaiveBayes_NBwithStopWords.py.txt,stop words,val,14_content_ganigavinaya_NaiveBayes_NBwithStopWords.py.txt,1,v5,1,0.7184945344924927,False
v5_15_content_ganigavinaya_LogisticRegression_LRwithoutStopWords.py.txt,stop words,test,15_content_ganigavinaya_LogisticRegression_LRwithoutStopWords.py.txt,1,v5,1,0.6782427430152893,False
v5_15_content_ganigavinaya_LogisticRegression_LRwithStopWords.py.txt,stop words,val,15_content_ganigavinaya_LogisticRegression_LRwithStopWords.py.txt,1,v5,1,0.7343331575393677,False
v5_16_content_NB-prog_INTERN-2019_DataHandler.py.txt,stop words,test,16_content_NB-prog_INTERN-2019_DataHandler.py.txt,1,v5,1,0.6373423337936401,False
v5_16_content_NB-prog_INTERN-2019_train.py.txt,stop words,val,16_content_NB-prog_INTERN-2019_train.py.txt,1,v5,1,0.7371028065681458,False
v5_28_content_vinaykumarbu_sentiment-analysis-deeplearning_csv_parser.py.txt,stop words,val,28_content_vinaykumarbu_sentiment-analysis-deeplearning_csv_parser.py.txt,1,v5,1,0.6533982753753662,False
v5_28_content_vinaykumarbu_sentiment-analysis-deeplearning_data_helpers.py.txt,stop words,test,28_content_vinaykumarbu_sentiment-analysis-deeplearning_data_helpers.py.txt,1,v5,1,0.5783680081367493,False
v5_28_content_vinaykumarbu_sentiment-analysis-deeplearning_gui.py.txt,stop words,test,28_content_vinaykumarbu_sentiment-analysis-deeplearning_gui.py.txt,1,v5,1,0.5419729351997375,False
v5_3_content_crvineeth97_kannada-stop-words_stopwords_find.py.txt,stop words,val,3_content_crvineeth97_kannada-stop-words_stopwords_find.py.txt,1,v5,1,0.6976348161697388,False
v5_3_content_tusizi_document-analysis_jieba_cut_document_to_vocabulary_with_nominal.py.txt,stop words,test,3_content_tusizi_document-analysis_jieba_cut_document_to_vocabulary_with_nominal.py.txt,1,v5,1,0.6927739977836609,False
v5_5_content_JoseAntonioMora_StopWords_Stopwords.py.txt,stop words,test,5_content_JoseAntonioMora_StopWords_Stopwords.py.txt,1,v5,1,0.6650322675704956,False
v5_6_content_hsiaoyi0504_BioChem_stop_words_main.py.txt,stop words,test,6_content_hsiaoyi0504_BioChem_stop_words_main.py.txt,1,v5,1,0.6773413419723511,False
v5_6_content_Utkagr_NLPrel_all_nltk.py.txt,stop words,val,6_content_Utkagr_NLPrel_all_nltk.py.txt,1,v5,1,0.6686449646949768,False
v5_7_content_manuellah_bc-9-twitter-sentiment-app_twitter_sentiment.py.txt,stop words,val,7_content_manuellah_bc-9-twitter-sentiment-app_twitter_sentiment.py.txt,1,v5,1,0.6874878406524658,False
v5_7_content_satyammittal_IRE-Stopping-Words_hindi.py.txt,stop words,val,7_content_satyammittal_IRE-Stopping-Words_hindi.py.txt,1,v5,1,0.8448348641395569,False
v5_9_content_ttm62_customized_RAKE_RAKE.py.txt,stop words,test,9_content_ttm62_customized_RAKE_RAKE.py.txt,1,v5,1,0.7016531825065613,False
v5_3_content_Lochanahasith_t-Distributed-Stochastic-Neighbor-Embedding-t-SNE-on-EC-dataset_tsne_with_ec.py.txt,t-Distributed Stochastic Neighbor Embedding,val,3_content_Lochanahasith_t-Distributed-Stochastic-Neighbor-Embedding-t-SNE-on-EC-dataset_tsne_with_ec.py.txt,1,v5,1,0.5438104867935181,False
v5_4_content_gonzaloriquelme_DimensionalityReductionEx_Dim-red.py.txt,t-Distributed Stochastic Neighbor Embedding,val,4_content_gonzaloriquelme_DimensionalityReductionEx_Dim-red.py.txt,1,v5,1,0.5124970078468323,False
v5_11_content_Masao-Taketani_text_classification_with_alexa_make_pkl_for_data_and_dic.py.txt,tf idf,val,11_content_Masao-Taketani_text_classification_with_alexa_make_pkl_for_data_and_dic.py.txt,1,v5,1,0.6601996421813965,False
v5_17_content_davidbhan_IntelligentPatents_NLP_functions.py.txt,tf idf,test,17_content_davidbhan_IntelligentPatents_NLP_functions.py.txt,1,v5,1,0.6616044044494629,False
v5_17_content_lo1gr_tf-idf_hadoop-Spark_reducer3_A.py.txt,tf idf,test,17_content_lo1gr_tf-idf_hadoop-Spark_reducer3_A.py.txt,1,v5,1,0.8232002258300781,False
v5_1_content_nikitaa30_Content-based-Recommender-System_recommender_system.py.txt,tf idf,test,1_content_nikitaa30_Content-based-Recommender-System_recommender_system.py.txt,1,v5,1,0.6870659589767456,False
v5_41_content_antoinewg_ocr-tfidf_reducer3.py.txt,tf idf,val,41_content_antoinewg_ocr-tfidf_reducer3.py.txt,1,v5,1,0.808199942111969,False
v5_58_content_zhaoyichanghong_machine_learing_algo_python_ica.py.txt,tf idf,test,58_content_zhaoyichanghong_machine_learing_algo_python_ica.py.txt,1,v5,1,0.5870054364204407,False
v5_60_content_muskantantia0_text-analytics_tf_idf.py.txt,tf idf,val,60_content_muskantantia0_text-analytics_tf_idf.py.txt,1,v5,1,0.7168530225753784,False
v5_65_content_my-master_HashingTfidfVectorizer_en_run.py.txt,tf idf,val,65_content_my-master_HashingTfidfVectorizer_en_run.py.txt,1,v5,1,0.6321746706962585,False
v5_6_content_sherlvick_sentimental-analysis_SVM_svm_pipe.py.txt,tf idf,test,6_content_sherlvick_sentimental-analysis_SVM_svm_pipe.py.txt,1,v5,1,0.6328085660934448,False
v5_70_content_skumaravel_tf-idf_tf_idf.py.txt,tf idf,test,70_content_skumaravel_tf-idf_tf_idf.py.txt,1,v5,1,0.796029269695282,False
v5_72_content_SreekarJammula_tf-idf-_asst2_part2_1.py.txt,tf idf,test,72_content_SreekarJammula_tf-idf-_asst2_part2_1.py.txt,1,v5,1,0.6047642827033997,False
v5_13_content_gissimo_nsc_do_nsc.py.txt,variance,val,13_content_gissimo_nsc_do_nsc.py.txt,1,v5,1,0.6849295496940613,False
v5_17_content_jmullercuber_HackHarvard2k16_RedditTest.py.txt,variance,test,17_content_jmullercuber_HackHarvard2k16_RedditTest.py.txt,1,v5,1,0.7126325964927673,False
v5_18_content_wuqianfan_Variance-Reduction-for-Merton-Process-Monte-Carlo_Sampling_1.py.txt,variance,test,18_content_wuqianfan_Variance-Reduction-for-Merton-Process-Monte-Carlo_Sampling_1.py.txt,1,v5,1,0.6663490533828735,False
v5_19_content_jamzrob_Simple-Kalman-Filter_Kalman_Filter.py.txt,variance,val,19_content_jamzrob_Simple-Kalman-Filter_Kalman_Filter.py.txt,1,v5,1,0.6278232336044312,False
v5_2_content_facebookresearch_reward-estimator-corl_envs.py.txt,variance,test,2_content_facebookresearch_reward-estimator-corl_envs.py.txt,1,v5,1,0.5986029505729675,False
v5_32_content_clee1994_MasterThesis_table_helper.py.txt,variance,test,32_content_clee1994_MasterThesis_table_helper.py.txt,1,v5,1,0.6893991827964783,False
v5_34_content_rutajoshi_polyfit_experiments_plot_functions.py.txt,variance,val,34_content_rutajoshi_polyfit_experiments_plot_functions.py.txt,1,v5,1,0.6608889698982239,False
v5_35_content_facundoq_rotational_variance_experiment_accuracy_vs_rotation.py.txt,variance,val,35_content_facundoq_rotational_variance_experiment_accuracy_vs_rotation.py.txt,1,v5,1,0.6978465914726257,False
v5_35_content_XiaoCode-er_image-digital-express_image_calculation.py.txt,variance,val,35_content_XiaoCode-er_image-digital-express_image_calculation.py.txt,1,v5,1,0.5533560514450073,False
v5_3_content_lostleaf_smear-detection_smear_det.py.txt,variance,test,3_content_lostleaf_smear-detection_smear_det.py.txt,1,v5,1,0.6545227766036987,False
v5_3_content_lostleaf_smear-detection_variance.py.txt,variance,val,3_content_lostleaf_smear-detection_variance.py.txt,1,v5,1,0.658804178237915,False
v5_52_content_jamesbutler01_Normalise-Luminance-Across-Images_main.py.txt,variance,val,52_content_jamesbutler01_Normalise-Luminance-Across-Images_main.py.txt,1,v5,1,0.6074572205543518,False
v5_62_content_arushigupta148_Hybrid-Architecture-for-Numeral-Handwritten-Recognition_Multi-Model.py.txt,variance,test,62_content_arushigupta148_Hybrid-Architecture-for-Numeral-Handwritten-Recognition_Multi-Model.py.txt,1,v5,1,0.8081160187721252,False
v5_66_content_ChavezE_Parallel_PFVA_image_tester.py.txt,variance,test,66_content_ChavezE_Parallel_PFVA_image_tester.py.txt,1,v5,1,0.504223108291626,False
v5_66_content_ChavezE_Parallel_PFVA_PCA.py.txt,variance,val,66_content_ChavezE_Parallel_PFVA_PCA.py.txt,1,v5,1,0.6165908575057983,False
v5_10_content_lulu150003_Web-Scraping-Project_LinkedInWebcrawler2019.py.txt,Web Scraping,val,10_content_lulu150003_Web-Scraping-Project_LinkedInWebcrawler2019.py.txt,1,v5,1,0.7374234795570374,False
v5_10_content_lulu150003_Web-Scraping-Project_ProfileCrawler2019.py.txt,Web Scraping,val,10_content_lulu150003_Web-Scraping-Project_ProfileCrawler2019.py.txt,1,v5,1,0.7677269577980042,False
v5_11_content_namelessfintech_python-web-scraping_c12_threaded_crawler_with_queue.py.txt,Web Scraping,val,11_content_namelessfintech_python-web-scraping_c12_threaded_crawler_with_queue.py.txt,1,v5,1,0.6952992081642151,False
v5_11_content_SwatiModi_e-commerce-web-scraper_scrape_product_details_using_asins.py.txt,Web Scraping,test,11_content_SwatiModi_e-commerce-web-scraper_scrape_product_details_using_asins.py.txt,1,v5,1,0.6209300756454468,False
v5_17_content_1UC1F3R616_fastProxy_fastProxy.py.txt,Web Scraping,test,17_content_1UC1F3R616_fastProxy_fastProxy.py.txt,1,v5,1,0.5590370893478394,False
v5_18_content_yassine-youcefi_web-scraping-nike-website_scrap.py.txt,Web Scraping,test,18_content_yassine-youcefi_web-scraping-nike-website_scrap.py.txt,1,v5,1,0.6088150143623352,False
v5_20_content_ArnoldKuo_scraper_scrape_anime.py.txt,Web Scraping,test,20_content_ArnoldKuo_scraper_scrape_anime.py.txt,1,v5,1,0.6531942486763,False
v5_32_content_DarylBui_webscraping_YelpAPI.py.txt,Web Scraping,val,32_content_DarylBui_webscraping_YelpAPI.py.txt,1,v5,1,0.6216660737991333,False
v5_34_content_subhendu01_Web-Scraping_imdb_multi_pagescapping.py.txt,Web Scraping,test,34_content_subhendu01_Web-Scraping_imdb_multi_pagescapping.py.txt,1,v5,1,0.6347009539604187,False
v5_35_content_anoop123gupta_web_scraping_task4.py.txt,Web Scraping,test,35_content_anoop123gupta_web_scraping_task4.py.txt,1,v5,1,0.7528886198997498,False
v5_3_content_ahmedelfateh_scraping_CimaClub_scraper_crawlers.py.txt,Web Scraping,val,3_content_ahmedelfateh_scraping_CimaClub_scraper_crawlers.py.txt,1,v5,1,0.7193562388420105,False
v5_42_content_naomistuart_flight-scraping_main.py.txt,Web Scraping,test,42_content_naomistuart_flight-scraping_main.py.txt,1,v5,1,0.7223325967788696,False
v5_45_content_umtpfe_Projet-scrapy_gglev4.py.txt,Web Scraping,val,45_content_umtpfe_Projet-scrapy_gglev4.py.txt,1,v5,1,0.7482954263687134,False
v5_45_content_umtpfe_Projet-scrapy_testcontinue.py.txt,Web Scraping,val,45_content_umtpfe_Projet-scrapy_testcontinue.py.txt,1,v5,1,0.8001101613044739,False
v5_58_content_ianramzy_stock-news-analysis_app.py.txt,Web Scraping,test,58_content_ianramzy_stock-news-analysis_app.py.txt,1,v5,1,0.6797946691513062,False
v5_59_content_Camille98_WebScraping_scrape.py.txt,Web Scraping,test,59_content_Camille98_WebScraping_scrape.py.txt,1,v5,1,0.7644034028053284,False
v5_63_content_will62185_web-scraper_oil-scraper.py.txt,Web Scraping,test,63_content_will62185_web-scraper_oil-scraper.py.txt,1,v5,1,0.7303521037101746,False
v5_64_content_andrewrgoss_yahoo-fantasy-fball-scraper_player_season_projections.py.txt,Web Scraping,val,64_content_andrewrgoss_yahoo-fantasy-fball-scraper_player_season_projections.py.txt,1,v5,1,0.7897614240646362,False
v5_65_content_nyavramov_monitor_web_page_changes_monitor_unit_tests.py.txt,Web Scraping,test,65_content_nyavramov_monitor_web_page_changes_monitor_unit_tests.py.txt,1,v5,1,0.7661417722702026,False
v5_71_content_EltonK888_web_scraping_c01_scrape.py.txt,Web Scraping,val,71_content_EltonK888_web_scraping_c01_scrape.py.txt,1,v5,1,0.7263882756233215,False
v5_71_content_Ishanthedev_web-crawling-and-web-scraping_middlewares.py.txt,Web Scraping,val,71_content_Ishanthedev_web-crawling-and-web-scraping_middlewares.py.txt,1,v5,1,0.8167604804039001,False
v5_71_content_sairoopb_WebScrape_CBase_code.py.txt,Web Scraping,test,71_content_sairoopb_WebScrape_CBase_code.py.txt,1,v5,1,0.6605749130249023,False
v5_74_content_jrathin_Web-Scraping_injury.py.txt,Web Scraping,val,74_content_jrathin_Web-Scraping_injury.py.txt,1,v5,1,0.810869574546814,False
v5_74_content_jrathin_Web-Scraping_P_Data.py.txt,Web Scraping,val,74_content_jrathin_Web-Scraping_P_Data.py.txt,1,v5,1,0.7888858914375305,False
v5_76_content_sangeeta97_web-scraping_ru.py.txt,Web Scraping,val,76_content_sangeeta97_web-scraping_ru.py.txt,1,v5,1,0.6482492089271545,False
v5_79_content_MadhavPruthi_Email-Scraping-from-publication_API.py.txt,Web Scraping,test,79_content_MadhavPruthi_Email-Scraping-from-publication_API.py.txt,1,v5,1,0.7235047221183777,False
v5_79_content_MadhavPruthi_Email-Scraping-from-publication_metainfoscrapper.py.txt,Web Scraping,test,79_content_MadhavPruthi_Email-Scraping-from-publication_metainfoscrapper.py.txt,1,v5,1,0.7181305289268494,False
v5_80_content_andrediasesp_web-slinger_scraping.py.txt,Web Scraping,test,80_content_andrediasesp_web-slinger_scraping.py.txt,1,v5,1,0.8145655393600464,False
v5_87_content_avsprashant_webScraping_Scrapper.py.txt,Web Scraping,val,87_content_avsprashant_webScraping_Scrapper.py.txt,1,v5,1,0.7188043594360352,False
v5_8_content_casper-hansen_Web-Scraping-Reddit_scraper.py.txt,Web Scraping,val,8_content_casper-hansen_Web-Scraping-Reddit_scraper.py.txt,1,v5,1,0.8679364323616028,False
v5_94_content_adithyavasisth_VTU-Result-Scraper-with-CAPTCHA-Bypass_scraperrank.py.txt,Web Scraping,val,94_content_adithyavasisth_VTU-Result-Scraper-with-CAPTCHA-Bypass_scraperrank.py.txt,1,v5,1,0.6112074851989746,False
v5_94_content_verma1997_Scraping-Scripts_paytm_offers.py.txt,Web Scraping,val,94_content_verma1997_Scraping-Scripts_paytm_offers.py.txt,1,v5,1,0.5974586606025696,False
v5_95_content_SebastianRV26_WebScraping-WordCloud_primerM_todoParalelo.py.txt,Web Scraping,val,95_content_SebastianRV26_WebScraping-WordCloud_primerM_todoParalelo.py.txt,1,v5,1,0.6246020793914795,False
v5_96_content_sachinchaturvedi93_monster-scraper_monster-spider.py.txt,Web Scraping,val,96_content_sachinchaturvedi93_monster-scraper_monster-spider.py.txt,1,v5,1,0.7309598326683044,False
v5_97_content_VangaPoornaChand_Web-Scraping-Collections__1__Flipkart_Web_Scraping.py.txt,Web Scraping,val,97_content_VangaPoornaChand_Web-Scraping-Collections__1__Flipkart_Web_Scraping.py.txt,1,v5,1,0.6878248453140259,False
