set,file,true,pred,prob_Human-written,prob_V4
test,210_v4_19_content_andryak_complib_test.py_cleaned.png,1,0,0.5255140960216522,0.4744859039783478
test,18_29_content_udwivedi394_binarySearchTree_binarySearchTree.py_cleaned.png,0,0,0.6251160800457001,0.3748839199542999
test,196_v4_13_content_FlorentF9_DESOM_sharpness.py_cleaned.png,1,0,0.5800983905792236,0.41990160942077637
test,236_v4_8_content_harshithachidanand_Elliptic-Curve-Cryptography_pollard_rho.py_cleaned.png,1,0,0.5380122065544128,0.46198779344558716
test,225_v4_41_content_Titash21_Python-Representation-of-LinkedList_linkledistDelete.py_cleaned.png,1,0,0.5026866495609283,0.49731335043907166
test,44_7_content_MadalinaMircea_GraphAlgorithms_StartApp.py_cleaned.png,0,0,0.6540952324867249,0.34590476751327515
test,221_v4_19_content_Vijendra2410_Sentiment-Analysis_RestaurantReview.py_cleaned.png,1,1,0.45065081119537354,0.5493491888046265
test,2_10_content_analyticsbot_document-similarity_document_similarity_WMD.py_cleaned.png,0,0,0.5881237387657166,0.41187626123428345
test,214_v4_2_content_ernestosanchezmatos_-BellmanFord_algoritmo_floywarshall.py_cleaned.png,1,1,0.3072264790534973,0.6927735209465027
test,223_v4_4_content_Khante_Distance-Vector-Algorithm_simulation_1.py_cleaned.png,1,0,0.5664302706718445,0.4335697293281555
test,243_v4_93_content_EricElmoznino_rsa_emd_data_processing.py_cleaned.png,1,0,0.5613130331039429,0.43868696689605713
test,206_v4_13_content_ebchang_Apriori_Customer_Dataset_Aprori.py_cleaned.png,1,0,0.5433145761489868,0.4566854238510132
test,443_v4_45_content_umtpfe_Projet-scrapy_testcontinue.py_cleaned.png,1,0,0.5577445924282074,0.4422554075717926
test,233_v4_5_content_crazamahdi_DIFFIE-HELLMAN-KEY-EXCHANGE-ALGORITHM_dhserver.py_cleaned.png,1,1,0.44593316316604614,0.5540668368339539
test,44_66_content_SanyaKathuria10_StackOverflow-Keyword-Extraction-System_spark.py_cleaned.png,0,1,0.351277232170105,0.648722767829895
test,236_v4_99_content_erastus-murungi_binary_search_trees_splaytree.py_cleaned.png,1,0,0.6249552369117737,0.3750447630882263
test,239_v4_85_content_adamkanouse_better-lineups-dfs_constants.py_cleaned.png,1,0,0.5063682794570923,0.4936317205429077
test,31_58_content_zhaoyichanghong_machine_learing_algo_python_fuzzy_c_means.py_cleaned.png,0,0,0.5943850874900818,0.4056149125099182
test,212_v4_32_content_arian100y_Travelling-Salesman-Problem_createCaminos.py_cleaned.png,1,0,0.5754196643829346,0.42458033561706543
test,24_26_content_hemidactylus_skanfixer_SelRectangle.py_cleaned.png,0,1,0.47980040311813354,0.5201995968818665
test,36_5_content_AdamJacoby_Hopf_Frobenius_Divisibility_Algorithm.py_cleaned.png,0,1,0.4442424178123474,0.5557575821876526
test,49_8_content_LOOPPO_BSTree_RBTree_RBTree.py_cleaned.png,0,0,0.6070059239864349,0.39299407601356506
test,229_v4_5_content_Fmccline_Prims-Algorithm_graph_builder.py_cleaned.png,1,0,0.5611055195331573,0.43889448046684265
test,196_v4_17_content_yujiex9_LinkedList_reorder_linkedlist.py_cleaned.png,1,0,0.6566711068153381,0.34332889318466187
test,212_v4_2_content_johnrobyclayton_division-project_plot.py_cleaned.png,1,1,0.3302954435348511,0.6697045564651489
test,18_24_content_lesdev_SortingMethods_BubbleSort.py_cleaned.png,0,0,0.5125459134578705,0.4874540865421295
test,33_49_content_ybakos_cs261-tdd-priority-queue_test_job.py_cleaned.png,0,0,0.6834841668605804,0.31651583313941956
test,215_v4_2_content_radinhamidi_BellmanFord_BellmanFord_main.py_cleaned.png,1,1,0.37749767303466797,0.622502326965332
test,7_18_content_jiangfeng1124_digital-dendrimer_genenerate.py_cleaned.png,0,1,0.4253008961677551,0.5746991038322449
test,190_v4_12_content_timhebert1963_InsertionSortAdvancedAnalysis_Hackerrank_TC2_1_length_441_answer_46768.py_cleaned.png,1,0,0.5879113376140594,0.41208866238594055
test,8_15_content_Nan-L_Huffman_Coding_HuffmanHeap.py_cleaned.png,0,1,0.4781116247177124,0.5218883752822876
test,219_v4_2_content_swapnilg915_cosine_similarity_using_embeddings_elmo_embeddings.py_cleaned.png,1,0,0.591803252696991,0.40819674730300903
test,212_v4_26_content_Emersonxuelinux_One_Big_Archive_TempGui.rsrc.py_cleaned.png,1,1,0.4621170163154602,0.5378829836845398
test,230_v4_2_content_yyqcs_time-series-model_encoder_decoder_full.py_cleaned.png,1,0,0.6888529658317566,0.3111470341682434
test,227_v4_7_content_Aly-Tomato_Prims-and-Kruskals_prims.py_cleaned.png,1,0,0.6994105279445648,0.3005894720554352
test,486_v4_94_content_verma1997_Scraping-Scripts_paytm_offers.py_cleaned.png,1,0,0.5570507645606995,0.44294923543930054
test,228_v4_1_content_susheelsagar_LCSS_test.py_cleaned.png,1,0,0.516472578048706,0.48352742195129395
test,30_35_content_DiarmuidKelly_Key_Exchange_diffie_hellman.py_cleaned.png,0,0,0.508813202381134,0.49118679761886597
test,14_19_content_vickyandpiggy_count_inversion_merge_sort_compare_quick_sort_count_inversion_merge_sort__compare_quick_sort.py_cleaned.png,0,0,0.5005447864532471,0.49945521354675293
test,200_v4_18_content_theorisons_loto_analyse.py_cleaned.png,1,0,0.5627168118953705,0.4372831881046295
test,191_v4_100_content_ssquantum_PyDex_mythread.py_cleaned.png,1,0,0.54648557305336,0.45351442694664
test,21_21_content_loalberto_HuffmanCoding_HuffmanCoding.py_cleaned.png,0,0,0.5695479512214661,0.43045204877853394
test,219_v4_27_content_AlpCentaur_Diffie-Hellman-Implementation_Attack.py_cleaned.png,1,1,0.36115121841430664,0.6388487815856934
test,218_v4_32_content_clee1994_MasterThesis_table_helper.py_cleaned.png,1,0,0.6573807001113892,0.34261929988861084
test,40_7_content_Aly-Tomato_Prims-and-Kruskals_test.py_cleaned.png,0,0,0.5197726786136627,0.4802273213863373
test,45_3_content_iykadev_pyalgo_VertexGraph.py_cleaned.png,0,0,0.6540085971355438,0.3459914028644562
test,207_v4_19_content_bauassr_Session32_Session32Assignment1_.py_cleaned.png,1,0,0.5990336835384369,0.4009663164615631
test,8_2_content_Shanmukha-Y_SIngle-Exponential-Smoothing-_predict.py_cleaned.png,0,0,0.5443637371063232,0.45563626289367676
test,50_9_content_rach24_MS-Apriori_MS-Apriori.py_cleaned.png,0,0,0.8005687445402145,0.19943125545978546
test,21_25_content_OmarGhoneim_wb-wikosophy_wikosopher.py_cleaned.png,0,1,0.4146754741668701,0.5853245258331299
test,25_3_content_Svistoplyaz_Uniformly_Generating_Binary_Trees_main.py_cleaned.png,0,0,0.5789652168750763,0.4210347831249237
test,12_25_content_HunterXuan_QAMatch_search.py_cleaned.png,0,0,0.6083963215351105,0.3916036784648895
test,236_v4_33_content_chafiknaceri_Credit-Card-Debt_BisectionSearchPayement.py_cleaned.png,1,0,0.516874760389328,0.483125239610672
test,204_v4_13_content_alu0100821390_diffie-hellman_diffie-hellman.py_cleaned.png,1,1,0.35955214500427246,0.6404478549957275
test,201_v4_10_content_nishi1612_Email-Spam-Classification-using-SVM_extracting_unique_words_from_all_emails.py_cleaned.png,1,0,0.5601426959037781,0.4398573040962219
test,45_5_content_adamweissert_PythonLinearSearch_LinearSearch.py_cleaned.png,0,0,0.5883937478065491,0.4116062521934509
test,19_14_content_akozlu_Uninformed-Search-_lights_out_gui.py_cleaned.png,0,1,0.3329782485961914,0.6670217514038086
test,203_v4_1_content_MarcoForte_knn-matting_knn_matting.py_cleaned.png,1,1,0.27849072217941284,0.7215092778205872
test,13_1_content_aviralmathur_Word2Vec_SKU_Desc.py_cleaned.png,0,0,0.5008929967880249,0.4991070032119751
test,33_58_content_zhaoyichanghong_machine_learing_algo_python_knn.py_cleaned.png,0,0,0.5814427137374878,0.4185572862625122
test,50_9_content_ezequielbrrt_insertionSortPython_barra.py_cleaned.png,0,0,0.6331866085529327,0.36681339144706726
test,210_v4_3_content_iykadev_pyalgo_binarySearch.py_cleaned.png,1,0,0.5257936418056488,0.4742063581943512
test,28_2_content_Lok-lok_TestLinkedList_LinkedList.py_cleaned.png,0,0,0.641530305147171,0.358469694852829
test,233_v4_88_content_andreaestrada_mazecrawler_powerupPiles.py_cleaned.png,1,0,0.5524584054946899,0.44754159450531006
test,213_v4_20_content_Numanor_pyssocks5_local.py_cleaned.png,1,1,0.3082725405693054,0.6917274594306946
test,50_97_content_panjibagaskara_NaiveBayes_naive.py_cleaned.png,0,0,0.5556186139583588,0.44438138604164124
test,213_v4_42_content_KimCant2019_rsa_crypto_rsa-decrypter.py_cleaned.png,1,0,0.5565354526042938,0.4434645473957062
test,235_v4_34_content_csabasidor_RUZ_ARIMA-_pg_ruz_conn_1.py_cleaned.png,1,1,0.4631938338279724,0.5368061661720276
test,212_v4_38_content_dareofmeashwani_Pre-Processing-Queue-For-Deep-Learning-Model_DataQueue.py_cleaned.png,1,0,0.5834861099720001,0.4165138900279999
test,203_v4_13_content_frederikpietzko_fun_with_python_prime_factorization.py_cleaned.png,1,0,0.5506669282913208,0.4493330717086792
test,5_3_content_cendhikaimantoro_Tubes-1-Kripto-Steganografi_manage.py_cleaned.png,0,0,0.5601676106452942,0.4398323893547058
test,212_v4_19_content_Gorresio_easyAES256_easyAES256.py_cleaned.png,1,1,0.40327030420303345,0.5967296957969666
test,168_v4_5_content_jzell001_Bellman_Ford_Floyd_Warshall_bellman_ford.py_cleaned.png,1,0,0.6685530245304108,0.33144697546958923
test,199_v4_10_content_patrickkingg_K-means_Clustering_kmeans.py_cleaned.png,1,1,0.39205402135849,0.60794597864151
test,236_v4_39_content_dhruva-gaidhani_DNS_resolver_my_dns.py_cleaned.png,1,1,0.4959116578102112,0.5040883421897888
test,239_v4_41_content_EdmundMartin_Indigestion_ingestion_engine.py_cleaned.png,1,1,0.37957823276519775,0.6204217672348022
test,199_v4_21_content_sybernix_Insertion-Sort-Algorithm-and-Performance-Analysis_test_file.py_cleaned.png,1,1,0.4229782223701477,0.5770217776298523
test,29_33_content_prabhatpal77_Complete-core-python-_globalandlocalvar.py_cleaned.png,0,0,0.5834300518035889,0.41656994819641113
test,45_7_content_GauthamBT_Bellman-Ford-Algorithm_DirectedGraphClass.py_cleaned.png,0,1,0.4637296199798584,0.5362703800201416
test,228_v4_4_content_nikhilrampal15_real_estate_advisor_knn_kmeans_kmeans.py_cleaned.png,1,0,0.6106321811676025,0.38936781883239746
test,33_3_content_srimani-programmer_AES-Cryptographic-Tool_Script.py_cleaned.png,0,1,0.4518747925758362,0.5481252074241638
test,209_v4_31_content_aghimire15_Project2_DataStructure_ICP5_2_.py_cleaned.png,1,1,0.45636552572250366,0.5436344742774963
test,22_4_content_raghavgsk25_polynomial-regression-1_pl.py_cleaned.png,0,0,0.719575047492981,0.28042495250701904
test,207_v4_17_content_fekadeabdejene_HuffmanEncoding_Huffman.py_cleaned.png,1,0,0.513808399438858,0.48619160056114197
test,200_v4_14_content_atakanipekci_QuickSortLomutoAndHoare_quickSortsComp.py_cleaned.png,1,0,0.5187847316265106,0.4812152683734894
test,231_v4_79_content_lorenzo3117_python-sorting-scripts_heapSort.py_cleaned.png,1,0,0.5447692573070526,0.4552307426929474
test,6_14_content_gravelund-gis_MapSorter_KMeans_analysis.py_cleaned.png,0,0,0.5615807771682739,0.4384192228317261
test,233_v4_22_content_ashushekar_lemmatization-stemming_lemmatization-stemming.py_cleaned.png,1,1,0.4572717547416687,0.5427282452583313
test,4_1_content_spriya14_Data_Visualization-using_T-SNE_dataset_visualization_101.py_cleaned.png,0,0,0.5795392692089081,0.4204607307910919
test,3_13_content_theSnehaThing_HierarchicalClustering_Hierchial_Classification.py_cleaned.png,0,0,0.6285763382911682,0.3714236617088318
test,40_7_content_Aly-Tomato_Prims-and-Kruskals_kruskals.py_cleaned.png,0,0,0.6354625821113586,0.36453741788864136
test,5_17_content_Selentiym_bigHWonOrderedSets_hw3.py_cleaned.png,0,0,0.590575635433197,0.409424364566803
test,237_v4_84_content_rayjc_ml-pca-foreground-removal_miscHelper.py_cleaned.png,1,0,0.618551641702652,0.381448358297348
test,235_v4_5_content_amirheidarikhoram_longest-common-subsequence_lcs.py_cleaned.png,1,1,0.4328189492225647,0.5671810507774353
test,196_v4_24_content_Jagdishkharatmol_Sorting-techniques-_pythonin.py_cleaned.png,1,0,0.7365089952945709,0.2634910047054291
test,22_36_content_hasanunl_Hierarchical-Clustering-in-Python-Training_hc_training.py_cleaned.png,0,0,0.564172774553299,0.43582722544670105
test,203_v4_13_content_zandermoss_bessel_recursion_testi.py_cleaned.png,1,1,0.44843590259552,0.55156409740448
test,48_56_content_newsteps8_Efficiency_of_SortingAlgorithms_merge_sort.py_cleaned.png,0,0,0.6738305389881134,0.3261694610118866
test,226_v4_3_content_iykadev_pyalgo_golden_ratio.py_cleaned.png,1,0,0.5125828981399536,0.4874171018600464
test,215_v4_3_content_ml-for-nlp_authorship-attribution_attribution.py_cleaned.png,1,1,0.30372846126556396,0.696271538734436
test,224_v4_5_content_kheguy_bubbleSort_bubbleSort.py_cleaned.png,1,0,0.5827775299549103,0.4172224700450897
test,12_20_content_kristianespina_python-binary-search-tree_binary_search_tree.py_cleaned.png,0,0,0.7321709096431732,0.2678290903568268
test,16_1_content_muzixing_graph_algorithm_prim.py_cleaned.png,0,0,0.6630539298057556,0.3369460701942444
test,50_9_content_tusharnema_Implementing-Algorithms-in-python_mypythontree.py_cleaned.png,0,0,0.610762745141983,0.38923725485801697
test,40_6_content_mmcetindag_ShortestPathAlgorithms_bellman-ford.py_cleaned.png,0,0,0.6291900873184204,0.3708099126815796
test,25_60_content_fabaloc_PCA_PCAstepbystep.py_cleaned.png,0,1,0.4442288279533386,0.5557711720466614
test,205_v4_21_content_shunge_KNN-NBA-Draft-Prediction_knn-nba.py_cleaned.png,1,0,0.5938293933868408,0.4061706066131592
test,203_v4_10_content_nishi1612_Email-Spam-Classification-using-SVM_svm_implementation.py_cleaned.png,1,0,0.5309446752071381,0.46905532479286194
test,15_25_content_sharonyeji_Fibonacci_Sequence_test_sequences.py_cleaned.png,0,0,0.6088094711303711,0.3911905288696289
test,28_51_content_rw15e_CIS4930-Python-Project-3_graph.py_cleaned.png,0,1,0.4803645610809326,0.5196354389190674
test,44_70_content_crackcomm_mofn-encryption_encryption.py_cleaned.png,0,0,0.5883161723613739,0.4116838276386261
test,38_83_content_habibz2196_bfs-dan-dfs-_bfs_dan_dfs_kuda_skak.py_cleaned.png,0,0,0.7324037253856659,0.2675962746143341
test,32_56_content_lijionline_Big-Data---Hands-On_movie-similarities-1m.py_cleaned.png,0,1,0.36954426765441895,0.630455732345581
test,227_v4_1_content_susheelsagar_LCSS_temp.py_cleaned.png,1,0,0.6383146941661835,0.36168530583381653
test,205_v4_16_content_aplested_verify_PlotParam.py_cleaned.png,1,0,0.6260435581207275,0.37395644187927246
test,231_v4_3_content_iykadev_pyalgo_insertionSort.py_cleaned.png,1,1,0.40662896633148193,0.5933710336685181
test,416_v4_29_content_SantiMenendez19_scraper_meli_scraper_mercadolibre_cli.py_cleaned.png,1,0,0.6409521102905273,0.35904788970947266
test,38_35_content_sviznyuk_pokemon-selection_select_pokemon.py_cleaned.png,0,1,0.42529088258743286,0.5747091174125671
test,246_v4_81_content_gautam9595_BIC-Selhoutte_Optimal_K_using_BIC-selhoutte_Iris.py_cleaned.png,1,0,0.6968748867511749,0.3031251132488251
test,7_20_content_Cassar88226_Clustering_of_Articles_corpus.py_cleaned.png,0,1,0.49269527196884155,0.5073047280311584
test,234_v4_3_content_crvineeth97_kannada-stop-words_stopwords_find.py_cleaned.png,1,0,0.5262348055839539,0.47376519441604614
test,230_v4_4_content_varuntahin2210_ConversationalBot-Restaurant_nlu_model.py_cleaned.png,1,0,0.5118265748023987,0.4881734251976013
test,398_v4_11_content_namelessfintech_python-web-scraping_c12_threaded_crawler_with_queue.py_cleaned.png,1,1,0.4918786287307739,0.5081213712692261
test,231_v4_23_content_ayushkumarshah_Complexity-of-Linear-and-Binary-Search_code.py_cleaned.png,1,0,0.6874805986881256,0.3125194013118744
test,233_v4_5_content_ligertsicat_Rental-Scraper_scraper.py_cleaned.png,1,0,0.5019042491912842,0.4980957508087158
test,22_4_content_mmcniece_tiled_floyd_warshall_tiled_FW.py_cleaned.png,0,1,0.4981188178062439,0.5018811821937561
test,214_v4_21_content_hagyu-aya_prime-number-bot_index.py_cleaned.png,1,0,0.5608614087104797,0.43913859128952026
test,23_29_content_rahuljohnny_Bangla_OCR_Using_KNN_O6_word_segmenter.py_cleaned.png,0,1,0.4716722369194031,0.5283277630805969
test,208_v4_3_content_Frogboxe_BubbleSort_GapiExtend.py_cleaned.png,1,0,0.573426365852356,0.42657363414764404
test,36_79_content_bewing03_DFS-Baseball_scrape.py_cleaned.png,0,1,0.49533987045288086,0.5046601295471191
test,47_5_content_gupta-shantanu_huffman_compress.py_cleaned.png,0,1,0.39651215076446533,0.6034878492355347
test,231_v4_63_content_avitabayan_Machine-learning_regression_template.py_cleaned.png,1,0,0.513933926820755,0.486066073179245
test,227_v4_54_content_juancprzs_hierarchical-clustering-example_tutorial_python.py_cleaned.png,1,0,0.6080965101718903,0.39190348982810974
test,13_17_content_1UC1F3R616_fastProxy_fastProxy.py_cleaned.png,0,0,0.5335806310176849,0.46641936898231506
test,230_v4_86_content_Enkhai_simple-DES_misc.py_cleaned.png,1,0,0.5541366040706635,0.44586339592933655
test,9_1_content_dedeco_dijkstra-bellman-ford_teste_proprio_djt.py_cleaned.png,0,0,0.6404975652694702,0.3595024347305298
test,49_85_content_leandrocamara_map-reduce-words-higher-occurrence_words-higher-occurrence.py_cleaned.png,0,1,0.4354094862937927,0.5645905137062073
test,223_v4_5_content_aaronzira_apriori_miner.py_cleaned.png,1,0,0.5161966681480408,0.48380333185195923
test,200_v4_2_content_imset_Perfect-Numbers_perfNum.py_cleaned.png,1,0,0.500851958990097,0.49914804100990295
test,226_v4_1_content_akoksal_Turkish-Lemmatizer_lemmatizer.py_cleaned.png,1,1,0.4175592064857483,0.5824407935142517
test,46_25_content_aajanki_finnish-pos-accuracy_print_errors.py_cleaned.png,0,0,0.5583017468452454,0.44169825315475464
test,9_14_content_Bakhtiyar-Garashov_IMDB_Movies_Ratings_Project.py_cleaned.png,0,0,0.5802609324455261,0.4197390675544739
test,1_10_content_Bala96_Recursive-Func_nestedeaser.py_cleaned.png,0,1,0.48268187046051025,0.5173181295394897
test,211_v4_23_content_cheewoei1997_dijkstras-algorithm_graphFunctions.py_cleaned.png,1,1,0.3740914463996887,0.6259085536003113
test,35_42_content_matbot_Py_merge_vs_insert_sorts_insertionsort.py_cleaned.png,0,0,0.5446996688842773,0.45530033111572266
test,221_v4_47_content_woodElec_Parallel-Dijkstra-Networkx_voronoi_module.py_cleaned.png,1,0,0.647628664970398,0.35237133502960205
test,196_v4_18_content_jiangfeng1124_digital-dendrimer_genenerate.py_cleaned.png,1,1,0.3925556540489197,0.6074443459510803
test,207_v4_29_content_udwivedi394_binarySearchTree_binarySearchTree.py_cleaned.png,1,0,0.7034651339054108,0.29653486609458923
test,45_7_content_MadalinaMircea_GraphAlgorithms_UI.py_cleaned.png,0,1,0.48638594150543213,0.5136140584945679
test,203_v4_16_content_KjHop_quick-sort_SortingClass.py_cleaned.png,1,0,0.5883438885211945,0.41165611147880554
test,198_v4_14_content_Rainymood_Gradient-Descent-The-Ultimate-Optimizer_main.py_cleaned.png,1,1,0.3214348554611206,0.6785651445388794
test,4_13_content_isabellavieira57_dijkstra-fractionalKnapsack-polynomialMultiplication_question2a.py_cleaned.png,0,0,0.5319677889347076,0.46803221106529236
test,34_41_content_SargisYonan_uav_ml_main.py_cleaned.png,0,1,0.4931058883666992,0.5068941116333008
test,440_v4_45_content_umtpfe_Projet-scrapy_pagej.py_cleaned.png,1,0,0.6391319930553436,0.36086800694465637
test,219_v4_57_content_SorenHeinze_Principal-Component-Analysis-with-missing-data-handling_nipals_algorithm.py_cleaned.png,1,0,0.6836796700954437,0.3163203299045563
test,450_v4_59_content_Camille98_WebScraping_scrape.py_cleaned.png,1,0,0.6345608830451965,0.36543911695480347
test,32_78_content_jurrejelle_RSACrack_generate_all_quantum.py_cleaned.png,0,0,0.7204887270927429,0.2795112729072571
test,44_8_content_fepz_AyCC_binomial_heap.py_cleaned.png,0,1,0.44332534074783325,0.5566746592521667
test,22_33_content_hexingwei_Binary-tree_tree.py_cleaned.png,0,0,0.5949884951114655,0.40501150488853455
test,231_v4_7_content_Manerone_Evolutive-KNN_evolutive_knn.py_cleaned.png,1,0,0.638505756855011,0.361494243144989
test,198_v4_10_content_marcindahlen_ARIMAplus_arimaplus_dna.py_cleaned.png,1,0,0.8104289472103119,0.1895710527896881
test,205_v4_14_content_Alexander35_fibonacci_sequence_http_server_tests.py_cleaned.png,1,0,0.6433463990688324,0.3566536009311676
test,224_v4_50_content_Jille_karafun-fair-scheduler_scheduler.py_cleaned.png,1,1,0.48770982027053833,0.5122901797294617
test,233_v4_7_content_ardyerwanda_SDN-Bellman-Ford-Pyretic_routing2cost.py_cleaned.png,1,0,0.5544832646846771,0.4455167353153229
test,217_v4_44_content_akbloodadarsh_Twitter-Sentimental-Analysis_MultinomialNaiveBayes.py_cleaned.png,1,1,0.4356157183647156,0.5643842816352844
test,223_v4_5_content_yifeng-lee_RSA-In-CTF_exp1.py_cleaned.png,1,0,0.6302326917648315,0.36976730823516846
test,234_v4_69_content_soldat76_FibonacciGenerator_FibonacciGenerator.py_cleaned.png,1,0,0.5179612636566162,0.4820387363433838
test,9_1_content_modulus100_python-datastructures-algorithms_linked_list_reverse.py_cleaned.png,0,0,0.5588256120681763,0.44117438793182373
test,225_v4_32_content_AAMergulhao_Sort_Algorithms_index.py_cleaned.png,1,1,0.45708155632019043,0.5429184436798096
test,237_v4_87_content_SinaBahrami89_RSA-cryptosystem-with-different-prime-generators_RSA_Keys.py_cleaned.png,1,0,0.5771923065185547,0.4228076934814453
test,5_11_content_mrluin_EfficientAutoDeeplab_train_counter_network.py_cleaned.png,0,0,0.5404328405857086,0.4595671594142914
test,44_8_content_Omig12_dfs_delete.py_cleaned.png,0,1,0.43861138820648193,0.5613886117935181
test,240_v4_9_content_cczzaa101_Queueing_with_AC_evaluate.py_cleaned.png,1,0,0.6379059553146362,0.36209404468536377
test,10_16_content_ydhnwb_sentiment_analysis_movie_preprocessing.py_cleaned.png,0,1,0.4452935457229614,0.5547064542770386
test,18_35_content_PeterUpfold_simple-temp-queue-pusher_simple-temp-queue-pusher.py_cleaned.png,0,0,0.5554014444351196,0.44459855556488037
test,23_59_content_SMByC_PCA4CD_pca4cd.py_cleaned.png,0,1,0.4433143138885498,0.5566856861114502
test,31_52_content_msypetkowski_MEDProj_datasets.py_cleaned.png,0,0,0.5569635629653931,0.44303643703460693
test,43_4_content_doronbruder_Recursive-functions-_ex7.py_cleaned.png,0,0,0.5063232481479645,0.4936767518520355
test,23_1_content_jim-spyropoulos_Trajectory-Analysis-and-Classification-in-Python-Pandas-and-Scikit-Learn_down_left_point.py_cleaned.png,0,0,0.5737439692020416,0.4262560307979584
test,36_3_content_WDI-SEA_python-linked-lists_linkedlist-test.py_cleaned.png,0,0,0.7525965422391891,0.24740345776081085
test,46_94_content_rohithdot_ImageCompression-PCA_code.py_cleaned.png,0,0,0.5394403338432312,0.4605596661567688
test,203_v4_2_content_evinw_bubble_sort_bub.py_cleaned.png,1,0,0.5762450993061066,0.42375490069389343
test,209_v4_3_content_KirillGordievich_Bubble_Sort_Visualization_colors.py_cleaned.png,1,0,0.553797721862793,0.44620227813720703
test,10_16_content_esnmrdi_fragranceadvisor_perfumes_scraper.py_cleaned.png,0,0,0.5265589654445648,0.4734410345554352
test,228_v4_6_content_seonkyuKim_DFA_DFA.py_cleaned.png,1,1,0.4693406820297241,0.5306593179702759
test,39_7_content_Aly-Tomato_Prims-and-Kruskals_glb.py_cleaned.png,0,0,0.6503891944885254,0.3496108055114746
test,40_3_content_tusizi_document-analysis_mllib_tfidf_with_stopword.py_cleaned.png,0,0,0.5209231972694397,0.4790768027305603
test,239_v4_55_content_danmenjivar_huffman_huffman.py_cleaned.png,1,1,0.4835660457611084,0.5164339542388916
test,30_47_content_woodElec_Parallel-Dijkstra-Networkx_voronoi_module.py_cleaned.png,0,0,0.5775687396526337,0.42243126034736633
test,216_v4_36_content_akh5113_Stooge-Merge-Insert-Sort_Homework2.py_cleaned.png,1,0,0.5770645141601562,0.42293548583984375
test,35_5_content_brown9804_Python_DiversosAlgortimos_Maquina_Atwood.py_cleaned.png,0,0,0.5857238471508026,0.4142761528491974
test,41_8_content_jcwyatt_factorial_factorial.py_cleaned.png,0,0,0.5793509781360626,0.4206490218639374
test,247_v4_9_content_ahmetfbayrak12_Python-Recursive-Functions-and-Dynamic-Programming_hw5-plot.py_cleaned.png,1,0,0.5479246079921722,0.45207539200782776
test,36_5_content_brown9804_Python_DiversosAlgortimos_VerificaFechaValidaCalendario.py_cleaned.png,0,0,0.542145848274231,0.45785415172576904
test,32_5_content_aaronzira_apriori_miner.py_cleaned.png,0,0,0.7053300142288208,0.2946699857711792
test,198_v4_11_content_liubing220524_DFSL-for-hyperspectral-image-classification_KNN.py_cleaned.png,1,0,0.5720994770526886,0.4279005229473114
test,14_18_content_maxsonferovante_Dijkstra_dijsktra.py_cleaned.png,0,1,0.3662094473838806,0.6337905526161194
test,26_39_content_hamidaucc_Link-state-protocol-in-python_Test.py_cleaned.png,0,1,0.4092578887939453,0.5907421112060547
test,164_v4_3_content_renyuntao_Floyd_Warshall_floyd.py_cleaned.png,1,0,0.5596892535686493,0.4403107464313507
test,27_31_content_shreyas3336_Diffie-Hellman-KeyExchange_Seeded_Random_Generator.py_cleaned.png,0,0,0.6263920962810516,0.37360790371894836
test,32_4_content_Khante_Distance-Vector-Algorithm_simulation_1.py_cleaned.png,0,1,0.4978407025337219,0.5021592974662781
test,5_1_content_zsra_RSA_keygen_prime.py_cleaned.png,0,0,0.6253146827220917,0.3746853172779083
test,28_20_content_anasbadawy_Basic-NLP-Project_NLPProject.py_cleaned.png,0,0,0.5396487414836884,0.46035125851631165
test,43_72_content_tusharnema_Implementing-Algorithms-in-python_adj_list.py_cleaned.png,0,0,0.5704804956912994,0.42951950430870056
test,425_v4_35_content_anoop123gupta_web_scraping_task1.py_cleaned.png,1,1,0.4530707001686096,0.5469292998313904
test,216_v4_46_content_ThallysSo_criptografia-rsa_criptografia.py_cleaned.png,1,0,0.5402010977268219,0.4597989022731781
test,241_v4_9_content_mgarasz_DTW-Cryptocurrencies_crypto_scrape_helper.py_cleaned.png,1,0,0.5802995264530182,0.4197004735469818
test,18_29_content_barshaison_Naive_Bayes_Classifier_Prog.py_cleaned.png,0,1,0.45931535959243774,0.5406846404075623
test,227_v4_56_content_lijionline_Big-Data---Hands-On_movie-similarities-1m.py_cleaned.png,1,1,0.34227854013442993,0.6577214598655701
test,23_5_content_Abdallah-Elshamy_floyd-warshall_APSP-Floyd_Warshall.py_cleaned.png,0,0,0.6374607086181641,0.36253929138183594
test,43_65_content_pratikbitmesra_BID_bin_cluster.py_cleaned.png,0,0,0.5968537926673889,0.4031462073326111
test,5_11_content_NikitaGautam_FYP-Automatic-Word-Search-Puzzle-Solver_FYPPuzzle.py_cleaned.png,0,0,0.6295607686042786,0.37043923139572144
test,201_v4_17_content_y00273676_O2O_ERP_Server_app.py_cleaned.png,1,0,0.5387478172779083,0.4612521827220917
test,23_24_content_lesdev_SortingMethods_selection.py_cleaned.png,0,1,0.49244916439056396,0.507550835609436
test,222_v4_4_content_shubhamjha97_association-rule-mining-apriori_timing_wrapper.py_cleaned.png,1,1,0.4647197127342224,0.5352802872657776
test,221_v4_29_content_cmccoypdx_PythonSortCompare_Generator.py_cleaned.png,1,1,0.45031464099884033,0.5496853590011597
test,6_11_content_sergiy-chumachenko_Lists_sorting_and_binary_search_sort_BSCL.py_cleaned.png,0,0,0.5149825215339661,0.48501747846603394
test,20_23_content_gquintela_dijkstra_main.py_cleaned.png,0,0,0.679847776889801,0.320152223110199
test,201_v4_23_content_AndreasChatz_factorial_constants.py_cleaned.png,1,0,0.7768219411373138,0.22317805886268616
test,248_v4_8_content_thingumajig_weighted_lcs_sequence.py_cleaned.png,1,1,0.4917117953300476,0.5082882046699524
test,2_10_content_Suji04_ML-Clustering_hccluster.py_cleaned.png,0,0,0.6363275945186615,0.3636724054813385
test,35_39_content_jschriemer_Tennis-Tweets_web.py_cleaned.png,0,1,0.3991619348526001,0.6008380651473999
test,76_79_content_MadhavPruthi_Email-Scraping-from-publication_metainfoscrapper.py_cleaned.png,0,0,0.6144567430019379,0.38554325699806213
test,205_v4_17_content_davidbhan_IntelligentPatents_NLP_functions.py_cleaned.png,1,0,0.6344801187515259,0.3655198812484741
test,233_v4_8_content_fepz_AyCC_disjoint_set.py_cleaned.png,1,0,0.5465376377105713,0.4534623622894287
test,232_v4_81_content_AndreaG93_BST-Lazy-Deletion_binarySearchTreeLazyDeletionAVL.py_cleaned.png,1,1,0.4660164713859558,0.5339835286140442
test,29_2_content_ChangRenAU_Logistic-Regression-With-Stochastic-Gradient-Aescent_LR_classify.py_cleaned.png,0,1,0.3717806339263916,0.6282193660736084
test,202_v4_17_content_jb0xx_decrypt-onetimepad_onetimepad.py_cleaned.png,1,0,0.5542413592338562,0.4457586407661438
test,439_v4_45_content_umtpfe_Projet-scrapy_gglev5.py_cleaned.png,1,0,0.7100437879562378,0.2899562120437622
test,218_v4_4_content_razaHamdani_Fibonacci-ish-Sequence_fib.py_cleaned.png,1,0,0.6362476050853729,0.3637523949146271
test,2_10_content_stensonowen_factorial_bot_fact_bot.py_cleaned.png,0,1,0.48481547832489014,0.5151845216751099
test,205_v4_19_content_psvelezm_printSet_Pedro_Velez_pgm.py_cleaned.png,1,0,0.5459860861301422,0.4540139138698578
test,19_3_content_Frogboxe_BubbleSort_GapiExtend.py_cleaned.png,0,0,0.57394739985466,0.42605260014533997
test,206_v4_16_content_mor3dr3ad_gcdRecur_gdcRecur.py_cleaned.png,1,0,0.5160950124263763,0.48390498757362366
test,206_v4_28_content_bangarangler_binary_search_trees_binary_search_trees.py_cleaned.png,1,0,0.6141124963760376,0.3858875036239624
test,30_6_content_JayDogon_RSA_Encrypt3.py_cleaned.png,0,1,0.4601981043815613,0.5398018956184387
test,217_v4_23_content_eW1z4rd_AES-File-Encryptor_FileEncryptor.py_cleaned.png,1,1,0.3705366253852844,0.6294633746147156
test,197_v4_1_content_dhvanilp_Persistent-Binary-Search-Trees_index.py_cleaned.png,1,0,0.6383225917816162,0.3616774082183838
test,215_v4_32_content_ceyzaguirre4_AStar_A.py_cleaned.png,1,1,0.4527014493942261,0.5472985506057739
test,228_v4_5_content_abcsds_Prim_prim.py_cleaned.png,1,0,0.7150424718856812,0.28495752811431885
test,229_v4_8_content_jcwyatt_factorial_factorial.py_cleaned.png,1,0,0.5510497689247131,0.44895023107528687
test,233_v4_52_content_jamesbutler01_Normalise-Luminance-Across-Images_main.py_cleaned.png,1,1,0.3796595335006714,0.6203404664993286
test,220_v4_54_content_SteevenBrunner_Bubble-sort-python_bubble_sort.py_cleaned.png,1,0,0.6047925055027008,0.3952074944972992
test,227_v4_3_content_iRGBit_indexhelper_all_indexer.py_cleaned.png,1,1,0.38254839181900024,0.6174516081809998
test,42_6_content_psavery_quick_sort_quick_sort.py_cleaned.png,0,1,0.4405565857887268,0.5594434142112732
test,21_22_content_thctds_Sorts1_insertionSort.py_cleaned.png,0,0,0.5185557305812836,0.48144426941871643
test,2_11_content_harishchellappa_Time-Series-Analysis-Bike-Sharing-Demand-Forecasting_forecasting_passes.py_cleaned.png,0,1,0.38766980171203613,0.6123301982879639
test,37_3_content_xiekch_Adaptive-Huffman-Coding_bitStream.py_cleaned.png,0,1,0.4460301995277405,0.5539698004722595
test,30_35_content_phaniavi_project_5th_sem_KNN_reducer.py_cleaned.png,0,0,0.5471464693546295,0.4528535306453705
test,1_10_content_Frix-x_FrenchLefffLemmatizer_CreateAdditionalLefffDataFile.py_cleaned.png,0,0,0.7156929969787598,0.28430700302124023
test,37_7_content_GabrielBortolote_BFS-and-DFS-Tree_BFS.py_cleaned.png,0,0,0.6654204428195953,0.33457955718040466
test,9_16_content_sharatchandraj_MaxBandwidthPath_HeapSortForKruskals.py_cleaned.png,0,0,0.5443283021450043,0.4556716978549957
test,15_18_content_algorithmproject_Selection_sort_scripts.py_cleaned.png,0,0,0.577160120010376,0.422839879989624
test,36_53_content_haydentmichael_Assign4_TreeTraversal.py_cleaned.png,0,0,0.7286247313022614,0.27137526869773865
test,30_30_content_rogerdenisvieira_bidirectional-conditional-insertion-sort_unit_tests.py_cleaned.png,0,1,0.42478907108306885,0.5752109289169312
test,47_80_content_julianlafaye_ML-Problem-Set-5-Problem-3_k-means.py_cleaned.png,0,1,0.35624241828918457,0.6437575817108154
test,18_1_content_HarryBaker_LDAtopicSimilarity_similaritySuite.py_cleaned.png,0,0,0.699007660150528,0.30099233984947205
test,29_68_content_mvivancq_DfsSudokuSolver_dfs.py_cleaned.png,0,0,0.5763060450553894,0.4236939549446106
test,12_13_content_ebchang_Apriori_Customer_Dataset_Aprori.py_cleaned.png,0,0,0.7912629246711731,0.2087370753288269
test,3_13_content_zerolxf_VRL-SGD_process_tiny_magenet.py_cleaned.png,0,0,0.5872420966625214,0.41275790333747864
test,195_v4_18_content_HDShaw_Runaway-Reservation-System-BST-_AVL_tree.py_cleaned.png,1,0,0.5973388850688934,0.40266111493110657
test,46_45_content_umtpfe_Projet-scrapy_pagej.py_cleaned.png,0,0,0.6175848543643951,0.38241514563560486
test,240_v4_8_content_Mkarami3_Pattern_recognition_dynamic_PCA_ICA_DICA.py_cleaned.png,1,0,0.687669962644577,0.312330037355423
test,29_6_content_chawl002_PythonProject141_2_assignment2.py_cleaned.png,0,1,0.3914763331413269,0.6085236668586731
test,228_v4_62_content_agvaibhav_Binary-tree_delete-node.py_cleaned.png,1,0,0.632164716720581,0.36783528327941895
test,8_14_content_rajat1401_NaiveBayes_scratch_2016260_ques1a.py_cleaned.png,0,0,0.5637832880020142,0.43621671199798584
test,4_10_content_kllinzy_Elliptic-Curve-Cryptography_public_key.py_cleaned.png,0,1,0.4992017149925232,0.5007982850074768
test,27_49_content_Darren-Drapkin_RippleSort-with-chains_RippleSort-with-chains.py_cleaned.png,0,0,0.7134592533111572,0.2865407466888428
test,480_v4_8_content_casper-hansen_Web-Scraping-Reddit_scraper.py_cleaned.png,1,0,0.5774169564247131,0.42258304357528687
test,249_v4_9_content_krj9cr_Hybrid-Prim-Dijkstra-GUI_Node.py_cleaned.png,1,1,0.42878323793411255,0.5712167620658875
test,5_13_content_ctao5660_huffman-tree_huffmancompression.py_cleaned.png,0,0,0.5575321614742279,0.4424678385257721
test,10_18_content_jmhummel_Continuation-passing-style_index.py_cleaned.png,0,0,0.5851992666721344,0.4148007333278656
test,214_v4_21_content_emilystamm_aes-ecb-attacks_aes_ecb_oracle.py_cleaned.png,1,1,0.4741676449775696,0.5258323550224304
test,470_v4_79_content_MadhavPruthi_Email-Scraping-from-publication_API.py_cleaned.png,1,1,0.40855950117111206,0.5914404988288879
test,199_v4_21_content_sagar-13_PuzzleSolver_puzzle_tools.py_cleaned.png,1,0,0.516561359167099,0.483438640832901
test,212_v4_15_content_VakinduPhilliam_Pattern_Matching_Python_Difflib_Pattern_Matching_Unified_Diff.py_cleaned.png,1,0,0.623615950345993,0.37638404965400696
test,5_1_content_dimizisis_blocksworld_node.py_cleaned.png,0,0,0.5314379334449768,0.4685620665550232
test,193_v4_16_content_apriven_linked_lists_scratch.py_cleaned.png,1,1,0.46018731594085693,0.5398126840591431
test,47_9_content_canonicalmg_FAQ-Chat-Bot_corpus.py_cleaned.png,0,0,0.6633110046386719,0.3366889953613281
test,233_v4_27_content_yilangpeng_computational-aesthetics_edge.py_cleaned.png,1,0,0.5712043642997742,0.42879563570022583
test,204_v4_17_content_bhushankorpe_Fizz_Buzz_Fibonacci_Fizz_Buzz_Fibonacci.py_cleaned.png,1,0,0.639497846364975,0.360502153635025
test,47_9_content_gquintela_prim_main.py_cleaned.png,0,0,0.6231708526611328,0.3768291473388672
test,20_32_content_Terry-Kusunoki-Martin_World-University-Rankings-Clustering_filehelper.py_cleaned.png,0,0,0.7103579640388489,0.2896420359611511
test,1_10_content_pikulet_intellex_Dictionary.py_cleaned.png,0,0,0.6170096695423126,0.3829903304576874
test,214_v4_3_content_WDI-SEA_python-binary-trees_twenty_questions.py_cleaned.png,1,0,0.5728699862957001,0.4271300137042999
test,232_v4_3_content_jzwei023_LongestCommonSubsequence_lcs.py_cleaned.png,1,1,0.48699337244033813,0.5130066275596619
test,20_30_content_sina-ehsani_NaiveBayes_SNLI_prepro.py_cleaned.png,0,1,0.48048239946365356,0.5195176005363464
test,27_5_content_AdamJacoby_Hopf_Algebra_Tools.py_cleaned.png,0,0,0.5540524423122406,0.4459475576877594
test,458_v4_71_content_EltonK888_web_scraping_c01_scrape.py_cleaned.png,1,0,0.5626592636108398,0.43734073638916016
test,205_v4_31_content_AmitD26_The-searching-pacman_projectParams.py_cleaned.png,1,0,0.5718142092227936,0.4281857907772064
test,69_v4_11_content_harishchellappa_Time-Series-Analysis-Bike-Sharing-Demand-Forecasting_forecasting_revenue.py_cleaned.png,1,1,0.38713300228118896,0.612866997718811
test,43_49_content_andreanndrade10_Huffman-Compressor_huffman.py_cleaned.png,0,1,0.4222169518470764,0.5777830481529236
test,9_11_content_ssghule_Naive-Bayes-and-Bag-of-Words-for-Text-Classification-Problem_geolocate.py_cleaned.png,0,1,0.4088004231452942,0.5911995768547058
test,38_3_content_iykadev_pyalgo_lzw_compression.py_cleaned.png,0,0,0.6612504422664642,0.33874955773353577
test,2_15_content_ihavenonickname_RSA_rsa.py_cleaned.png,0,0,0.5880319178104401,0.41196808218955994
test,49_v4_2_content_jdk20_tsne_main.py_cleaned.png,1,1,0.4131033420562744,0.5868966579437256
test,219_v4_45_content_discovervlad_herman-flask-redis-queue_manage_worker.py_cleaned.png,1,0,0.6453507542610168,0.35464924573898315
test,234_v4_5_content_anguillanneuf_bigO_54_fix_tampered_bst_efficient.py_cleaned.png,1,1,0.4667179584503174,0.5332820415496826
test,7_29_content_arthurdamm_RSA-Factoring-Challenge_test.py_cleaned.png,0,0,0.5765148103237152,0.4234851896762848
test,199_v4_13_content_theSnehaThing_HierarchicalClustering_Hierchial_Classification.py_cleaned.png,1,0,0.5692817270755768,0.4307182729244232
test,18_2_content_facebookresearch_reward-estimator-corl_envs.py_cleaned.png,0,0,0.5473124086856842,0.4526875913143158
test,39_79_content_snehasg95_NaiveBayes_iris_classification.py_cleaned.png,0,1,0.4787972569465637,0.5212027430534363
test,213_v4_1_content_josgard94_JPEG_Algoritmo_jpeg.py_cleaned.png,1,1,0.3316503167152405,0.6683496832847595
test,12_16_content_SemyonMakhaev_elliptic-curve_main.py_cleaned.png,0,1,0.49116063117980957,0.5088393688201904
test,1_11_content_tatsuyoshi-ikenoue_fizzbuzz_fizzbuzz.py_cleaned.png,0,0,0.5306276381015778,0.46937236189842224
test,208_v4_25_content_ryansmick_SortedOrderedDict_PersistentDict.py_cleaned.png,1,0,0.5401734709739685,0.4598265290260315
test,244_v4_7_content_natiqvahabov_stop_words_of_azerbaijani_extract.py_cleaned.png,1,0,0.5353602468967438,0.4646397531032562
test,197_v4_100_content_adelaidaCreosteanu_scikit-learn-diabetes-exploration_lasso.py_cleaned.png,1,0,0.5724668204784393,0.42753317952156067
test,47_7_content_jakobpederson_divisible_pair_sums_test_divisible_pair_sums.py_cleaned.png,0,0,0.6959806382656097,0.30401936173439026
test,23_53_content_iamrj846_Predicting-insurance-prices-with-Linear-Regression_MultipleLinearRegressionModel.py_cleaned.png,0,1,0.4397816061973572,0.5602183938026428
test,223_v4_5_content_cylance_lazy-stochastic-principal-component-analysis_plot_model_perf.py_cleaned.png,1,0,0.6218443214893341,0.3781556785106659
test,16_23_content_thugsatbay_CS-Algorithms_Sorting_Comparison_Ass2-2Soln.py_cleaned.png,0,0,0.55294269323349,0.44705730676651
test,200_v4_15_content_agarwalr98_PrincipalComponentAnalysis_PCAReconstruct_with_NoisyImages.py_cleaned.png,1,1,0.45234215259552,0.54765784740448
test,31_47_content_jeshan_lambda-default-dlq_generate-config.py_cleaned.png,0,1,0.4701145887374878,0.5298854112625122
test,49_7_content_jimmygzp_bellman-ford_testclient.py_cleaned.png,0,0,0.6301448047161102,0.36985519528388977
test,231_v4_54_content_sumanth-bmsce_Unsupervised_Extreme_Learning_Machine_EM_Algo.py_cleaned.png,1,0,0.5920063555240631,0.4079936444759369
test,48_9_content_emmanuj_mst-solver_mstsolve.py_cleaned.png,0,1,0.4829148054122925,0.5170851945877075
test,71_v4_1_content_ryanRahul5_Time-Series-on-python_time_series_anlys.py_cleaned.png,1,0,0.5975253283977509,0.40247467160224915
test,228_v4_2_content_polyphilz_pricing-weather-derivatives_scrape_data.py_cleaned.png,1,1,0.37657177448272705,0.623428225517273
test,233_v4_97_content_mjurk456_mini-snakes_pesel.py_cleaned.png,1,0,0.5668433010578156,0.43315669894218445
test,200_v4_10_content_aptr288_Information_Retrieval_system_Data_Parsing_and_Processing.py_cleaned.png,1,0,0.5023904740810394,0.49760952591896057
test,16_30_content_pwneip_fibonacci_fibonacci.py_cleaned.png,0,0,0.5008810758590698,0.4991189241409302
test,48_8_content_alexvking_comp150_bsts_optimal_bst_knuth_n3.py_cleaned.png,0,1,0.47685664892196655,0.5231433510780334
test,209_v4_20_content_FMI-VT_Simplest-OT-Python-Implementation_OT.py_cleaned.png,1,0,0.5962818264961243,0.40371817350387573
test,44_7_content_ardyerwanda_SDN-Bellman-Ford-Pyretic_wG_bellfordCost.py_cleaned.png,0,0,0.6875135600566864,0.3124864399433136
test,453_v4_64_content_andrewrgoss_yahoo-fantasy-fball-scraper_historical_draft_results.py_cleaned.png,1,1,0.469368040561676,0.530631959438324
test,238_v4_6_content_HananBahy_linkedLlist-and-selection-sort_linkedlistuno.py_cleaned.png,1,0,0.626726508140564,0.37327349185943604
test,33_3_content_iykadev_pyalgo_hopcroftkarp.py_cleaned.png,0,0,0.7052327692508698,0.29476723074913025
test,197_v4_12_content_dxania_Fizzbuzz_fizzbuzz.py_cleaned.png,1,0,0.5111848413944244,0.48881515860557556
test,244_v4_7_content_MercuryM_Metric-Learning_Q2_Aa_2.py_cleaned.png,1,1,0.42580360174179077,0.5741963982582092
test,31_35_content_anoop123gupta_web_scraping_task1.py_cleaned.png,0,1,0.494692325592041,0.505307674407959
test,3_12_content_tristanang_DPifier_y_combinator.py_cleaned.png,0,1,0.46443623304367065,0.5355637669563293
test,222_v4_6_content_oml90_Combining-Structural-and-Bioactivity-descriptors_STEP_4.make_htsfp-from_flag_sparse.py_cleaned.png,1,1,0.3792450428009033,0.6207549571990967
test,46_92_content_FranzScheerer_DES_perihel.py_cleaned.png,0,1,0.38466876745224,0.61533123254776
test,223_v4_5_content_alisarmusa_House-Price-Estimation_housePriceEstimation.py_cleaned.png,1,0,0.5567887425422668,0.44321125745773315
test,25_44_content_IQbrod_Hierarchical-clustering_parthieragglo.py_cleaned.png,0,1,0.49142706394195557,0.5085729360580444
test,24_29_content_gdkat_Recursive-DNS-Client-Server-Communication_rs.py_cleaned.png,0,0,0.5433197319507599,0.4566802680492401
test,47_7_content_jerrguo_cybitrage_app.py_cleaned.png,0,0,0.6282819211483002,0.37171807885169983
test,37_64_content_hardik-dadhich_Polynomial_regression_model_poly_reg.py_cleaned.png,0,0,0.6564183831214905,0.3435816168785095
test,196_v4_11_content_mrluin_EfficientAutoDeeplab_train_counter_network.py_cleaned.png,1,1,0.39935070276260376,0.6006492972373962
test,209_v4_1_content_ForeverPs_Visualization-of-sort-algorithms_SORT.py_cleaned.png,1,0,0.6971682608127594,0.3028317391872406
test,246_v4_9_content_gquintela_prim_main.py_cleaned.png,1,0,0.6231708526611328,0.3768291473388672
test,415_v4_24_content_A3M4_Monster-Crawler_middlewares.py_cleaned.png,1,1,0.47527891397476196,0.524721086025238
test,39_46_content_arun-p12_sort-algorithms_insertion_sort.py_cleaned.png,0,0,0.6300659477710724,0.3699340522289276
test,15_1_content_0x27_shodan_key_checker_shodankeys.py_cleaned.png,0,1,0.43285107612609863,0.5671489238739014
test,38_3_content_crvineeth97_kannada-stop-words_stopwords_find.py_cleaned.png,0,0,0.5343782007694244,0.46562179923057556
test,42_68_content_Nircek_DiffHell2_main.py_cleaned.png,0,1,0.4982212781906128,0.5017787218093872
test,196_v4_16_content_sharatchandraj_MaxBandwidthPath_DijkstrasNoHeap.py_cleaned.png,1,1,0.49984705448150635,0.5001529455184937
test,39_86_content_Enkhai_simple-DES_misc.py_cleaned.png,0,1,0.49914294481277466,0.5008570551872253
test,8_13_content_Odarlie_fizz_buzz_programming_logic_andelab_test_fizz_buzz.py_cleaned.png,0,0,0.6860378980636597,0.31396210193634033
test,10_11_content_sichen-x_search-engine_linear_search.py_cleaned.png,0,0,0.5722920000553131,0.4277079999446869
test,34_5_content_brown9804_Python_DiversosAlgortimos_JuegoGato_XO.py_cleaned.png,0,1,0.40857601165771484,0.5914239883422852
test,212_v4_35_content_jfwhite_CourseSelection_interact_with_user.py_cleaned.png,1,0,0.5068517327308655,0.4931482672691345
test,13_18_content_NegarMirgati_CodingAndErrorDetection_All.py_cleaned.png,0,0,0.5726568400859833,0.4273431599140167
test,231_v4_78_content_FernandoDurier_apa-dijkstra___main__.py_cleaned.png,1,1,0.40170055627822876,0.5982994437217712
test,230_v4_71_content_QingmouLi_SizerPy_SizeRaster.py_cleaned.png,1,0,0.6635013520717621,0.3364986479282379
test,7_10_content_Suraj-Rajesh_elliptic_curve_cryptography_main.py_cleaned.png,0,0,0.5771019160747528,0.4228980839252472
test,45_v4_1_content_spriya14_Data_Visualization-using_T-SNE_dataset_visualization_101.py_cleaned.png,1,0,0.5933763682842255,0.40662363171577454
test,30_55_content_NM20XX_Python_Fibonacci_Sequence.py_cleaned.png,0,0,0.5305890738964081,0.4694109261035919
test,3_2_content_umam006_steganografi-tugas_app.py_cleaned.png,0,0,0.5591902732849121,0.4408097267150879
test,237_v4_5_content_wiflore_Data-Lakes-on-AWS_etl.py_cleaned.png,1,1,0.4664279818534851,0.5335720181465149
test,200_v4_11_content_momaabna_Python-create-password-list-_creatlist.py_cleaned.png,1,0,0.5383808612823486,0.46161913871765137
test,46_9_content_Boros93_GraphProject_test_prim.py_cleaned.png,0,0,0.5008151829242706,0.49918481707572937
test,22_4_content_hyper750_factorialhr_constants.py_cleaned.png,0,1,0.47807061672210693,0.5219293832778931
test,446_v4_51_content_palashjboro_Web_Scraping_weather_info.py_cleaned.png,1,0,0.5847665667533875,0.41523343324661255
test,13_15_content_VakinduPhilliam_Pattern_Matching_Python_Difflib_Pattern_Matching_Sequence_Matcher.py_cleaned.png,0,1,0.4929025173187256,0.5070974826812744
test,234_v4_8_content_KreandOStudio_FizzBuzz_fizzbuzz.py_cleaned.png,1,0,0.6665657460689545,0.33343425393104553
test,44_74_content_MarynaTatsevich_Machine-Learning-Unsupervised-Learning-Techniques_hierarchical_clustering_algorithm.py_cleaned.png,0,0,0.6359030902385712,0.36409690976142883
test,2_12_content_jcarstenson_parallel_final_performanceTest.py_cleaned.png,0,1,0.483564555644989,0.516435444355011
test,23_29_content_gdkat_Recursive-DNS-Client-Server-Communication_client.py_cleaned.png,0,1,0.4536139965057373,0.5463860034942627
test,36_2_content_johndoe31415_toyecc_StopWatch.py_cleaned.png,0,0,0.671735942363739,0.328264057636261
test,208_v4_24_content_lavi09_Linked-Lists_findingnnodelinkedlist.py_cleaned.png,1,0,0.6514661312103271,0.34853386878967285
test,44_4_content_gracerichardson0_Recursive-Functions_max.py_cleaned.png,0,1,0.48633909225463867,0.5136609077453613
test,239_v4_6_content_sherlvick_sentimental-analysis_SVM_svm_pipe.py_cleaned.png,1,0,0.5496639311313629,0.4503360688686371
test,235_v4_8_content_AlfioEmanueleFresta_practical-one-time-pad_conf.py_cleaned.png,1,0,0.6273158192634583,0.37268418073654175
test,4_13_content_danielSbastos_binary-fibonacci_columns.py_cleaned.png,0,0,0.6115739345550537,0.3884260654449463
test,33_27_content_ashwinvis98_Particle-Swarm-Optimization-for-Robotic-Search-Applications_aruco_detect.py_cleaned.png,0,0,0.5475708544254303,0.4524291455745697
test,198_v4_19_content_vickyabi_singly-linked-list_singly_linked_list.py_cleaned.png,1,1,0.38728582859039307,0.6127141714096069
test,207_v4_16_content_Shweetz_BranchingGameSolver_branchingGame.py_cleaned.png,1,1,0.3706112504005432,0.6293887495994568
test,19_4_content_mahimanzum_PCA-and-GMM-from-scratch-_PCA_With_GMM.py_cleaned.png,0,0,0.57431760430336,0.42568239569664
test,14_14_content_Dawlatly_Recommender-system_apriori.py_cleaned.png,0,0,0.7289185523986816,0.27108144760131836
test,210_v4_2_content_carlosguadir_kruskal_Puertos.py_cleaned.png,1,1,0.32559067010879517,0.6744093298912048
test,222_v4_5_content_GregLahaye_wikipedia-game_game.py_cleaned.png,1,0,0.5796978175640106,0.4203021824359894
test,26_2_content_DavidWallacedot_recursiveFunctions.py_recursive.py_cleaned.png,0,0,0.6308268308639526,0.36917316913604736
test,7_1_content_vuolleko_pyTSNE_test_tsne_mnist.py_cleaned.png,0,0,0.5115929543972015,0.48840704560279846
test,232_v4_54_content_sumanth-bmsce_Unsupervised_Extreme_Learning_Machine_Spectral_Clustering.py_cleaned.png,1,0,0.6104816496372223,0.3895183503627777
test,17_17_content_bickyeric_steganography_lsb.py_cleaned.png,0,0,0.745099663734436,0.25490033626556396
test,34_63_content_avitabayan_Machine-learning_regression_template.py_cleaned.png,0,1,0.4622105360031128,0.5377894639968872
test,224_v4_24_content_shikharsharma23_AESDecryptionBasic_final.py_cleaned.png,1,0,0.53346848487854,0.46653151512145996
test,8_2_content_Liu-WeiYi_Private_Preserving_Outlier_Behavior_Detection_utils.py_cleaned.png,0,0,0.8227420449256897,0.1772579550743103
test,49_94_content_skatsd_Sorting-Algorithm-Visualiser_SORT_VISUALISER.py_cleaned.png,0,0,0.6749823093414307,0.32501769065856934
test,243_v4_26_content_Nofenigma_lt_lemma_prefixes_check_lt_prefixed_lemmas.py_cleaned.png,1,0,0.5226173400878906,0.4773826599121094
test,27_4_content_alex-rantos_Project-1-Search-in-Pacman_keyboardAgents.py_cleaned.png,0,0,0.5553491711616516,0.4446508288383484
test,44_79_content_lorenzo3117_python-sorting-scripts_sortingScript.py_cleaned.png,0,0,0.5301513671875,0.4698486328125
test,217_v4_24_content_regnarg_prf-turing-machine_prf.py_cleaned.png,1,1,0.45980143547058105,0.540198564529419
test,218_v4_4_content_mincanhe_Network-routing-protocol_kruskal.py_cleaned.png,1,0,0.7036371827125549,0.29636281728744507
test,209_v4_29_content_barshaison_Naive_Bayes_Classifier_Prog.py_cleaned.png,1,0,0.5048467516899109,0.4951532483100891
test,212_v4_42_content_tesladodger_Fibonacci_fibonacci.py_cleaned.png,1,1,0.46878403425216675,0.5312159657478333
test,93_95_content_SebastianRV26_WebScraping-WordCloud_primerM_todoParalelo.py_cleaned.png,0,1,0.4732639193534851,0.5267360806465149
test,14_2_content_evinw_bubble_sort_bub.py_cleaned.png,0,0,0.5917583703994751,0.4082416296005249
test,17_1_content_mtony75_isprime_isprime.py_cleaned.png,0,1,0.4504901170730591,0.5495098829269409
test,23_18_content_ashwinjoseph95_reviewanalysis_natural_language_processing.py_cleaned.png,0,0,0.5889554917812347,0.41104450821876526
test,240_v4_3_content_iykadev_pyalgo_treeNode.py_cleaned.png,1,0,0.5633612275123596,0.4366387724876404
test,36_60_content_muskantantia0_text-analytics_tf_idf.py_cleaned.png,0,0,0.6767615079879761,0.3232384920120239
test,241_v4_30_content_KOUGD7_Implementation-of-Cryptographic_simplified_AES.py_cleaned.png,1,1,0.38740479946136475,0.6125952005386353
test,204_v4_17_content_fxbp_spd-5_criptoanalisi.py_cleaned.png,1,0,0.6287240087985992,0.37127599120140076
test,40_6_content_cooperlab_KNN_Survival_DataManagement.py_cleaned.png,0,0,0.5683325529098511,0.4316674470901489
test,27_2_content_judeisnotobscure_linked_list_linked_list.py_cleaned.png,0,1,0.49771881103515625,0.5022811889648438
test,232_v4_5_content_egeismail_SteamWorkshopCollectionInstaller_workshopinstaller.py_cleaned.png,1,1,0.450147807598114,0.549852192401886
test,200_v4_1_content_SiccoVerwer_binoct_regtrees.py_cleaned.png,1,1,0.28129661083221436,0.7187033891677856
test,207_v4_1_content_jwan659_forex-arbitrage_Vert.py_cleaned.png,1,0,0.5021730065345764,0.4978269934654236
test,49_9_content_ludmal_knn_knn.py_cleaned.png,0,1,0.4746089577674866,0.5253910422325134
test,200_v4_12_content_MarynaTatsevich_Machine-Learning-Regression-Techniques_Simple_Linear_Regression.py_cleaned.png,1,1,0.4985947608947754,0.5014052391052246
test,98_9_content_chaseycodes_StockX-Scraper_2-sneaker_scraper.py_cleaned.png,0,0,0.5458736717700958,0.4541263282299042
test,203_v4_3_content_iykadev_pyalgo_ackermann_func.py_cleaned.png,1,0,0.608178973197937,0.391821026802063
test,206_v4_31_content_Cadellinman_RB-EmailSorter_RedBubbleSorter.py_cleaned.png,1,1,0.3675141930580139,0.6324858069419861
test,45_8_content_uzzielc_Document_Similarity_using_TF-IDF_with_Cosine_Dist_article.py_cleaned.png,0,0,0.7603700757026672,0.23962992429733276
test,26_25_content_Scientific-Computing-at-Temple-Physics_prime-number-finder-MicrowaveOfEvil_primes.py_cleaned.png,0,0,0.5010596811771393,0.4989403188228607
test,40_43_content_muhamuttaqien_python-data-structure_heap.py_cleaned.png,0,1,0.4950716495513916,0.5049283504486084
test,26_1_content_ahmetax_trstop_trstop.py_cleaned.png,0,1,0.4254376292228699,0.5745623707771301
test,203_v4_21_content_bharadwajsrikanth_principal-component-analysis_ImageProcessing_PCA.py_cleaned.png,1,0,0.540239006280899,0.45976099371910095
test,16_22_content_harpreetsi_DataStructureImpl_StackImplUsingArrayTest.py_cleaned.png,0,0,0.73555126786232,0.26444873213768005
test,39_83_content_sjatakia_Path-of-Prime-Numbers_assignment1_p4.py_cleaned.png,0,0,0.6540566682815552,0.3459433317184448
test,22_35_content_facundoq_rotational_variance_experiment_variance.py_cleaned.png,0,0,0.6409435272216797,0.3590564727783203
test,205_v4_19_content_DennyHsieh_many-time-pad-attack_decrypt.py_cleaned.png,1,0,0.5335510671138763,0.46644893288612366
test,229_v4_5_content_llp0702_one-time-pad-implementation-python_main.py_cleaned.png,1,1,0.4110691547393799,0.5889308452606201
test,222_v4_2_content_siddhesh10_Quicksort-and-Randomized-Quick-Sort_randomized_quicksort.py_cleaned.png,1,0,0.5151781439781189,0.4848218560218811
test,15_20_content_Shweetz_Connect4Solver_solver.py_cleaned.png,0,0,0.5689447820186615,0.4310552179813385
test,200_v4_11_content_AlexCardaillac_K-Means-Clustering_k-means.py_cleaned.png,1,1,0.4690667986869812,0.5309332013130188
test,19_3_content_iykadev_pyalgo_bubbleSort.py_cleaned.png,0,0,0.5666376054286957,0.4333623945713043
test,33_37_content_AAdewunmi_Following-Links-in-HTML-Using-BeautifulSoup_assign_12.6.py_cleaned.png,0,1,0.4908895492553711,0.5091104507446289
test,26_35_content_jaxarthur_2dmazegenerator_gen2dmaze.py_cleaned.png,0,0,0.5001210868358612,0.4998789131641388
test,424_v4_34_content_vizzerdrix55_web-scraping-vBulletin-forum_1_generate_URLs.py_cleaned.png,1,0,0.664741039276123,0.33525896072387695
test,25_46_content_hackabit19__destroyingRecursively__vibration.py_cleaned.png,0,0,0.629293292760849,0.370706707239151
test,38_59_content_RoobiyaKhan_Clustering-Models-in-R-and-Python_r.HierarchicalClus.py_cleaned.png,0,0,0.6449484527111053,0.35505154728889465
test,27_64_content_xmenji_RSA_rsa.py_cleaned.png,0,1,0.2950479984283447,0.7049520015716553
test,228_v4_6_content_zhenv5_breaking_cycles_in_noisy_hierarchies_synthetic_performance.py_cleaned.png,1,1,0.4132845401763916,0.5867154598236084
test,34_5_content_GregLahaye_wikipedia-game_game.py_cleaned.png,0,0,0.6311379373073578,0.3688620626926422
test,210_v4_19_content_Venergon_huffman_huffman_binary.py_cleaned.png,1,1,0.4435582756996155,0.5564417243003845
test,213_v4_41_content_Daisy0828_Search_dgraph.py_cleaned.png,1,0,0.5227139294147491,0.47728607058525085
test,203_v4_13_content_preetidurai_Spam-Ham-Classification-using-NB-and-LR_NBHelper.py_cleaned.png,1,0,0.5476424992084503,0.4523575007915497
test,5_11_content_kousu_primes_wsieve_b.py_cleaned.png,0,1,0.4999229907989502,0.5000770092010498
test,38_39_content_dhruva-gaidhani_DNS_resolver_my_dns.py_cleaned.png,0,1,0.49981778860092163,0.5001822113990784
test,9_1_content_jdmcpeek_pretty-print-binary-tree_tree.py_cleaned.png,0,0,0.5167481303215027,0.4832518696784973
test,203_v4_11_content_sidmishraw_cs-267-project_pdf_processing_demo.py_cleaned.png,1,0,0.5079435408115387,0.4920564591884613
test,418_v4_2_content_chuksleo_web-scraping-beautifulsoup-flask_test.py_cleaned.png,1,1,0.4725368618965149,0.5274631381034851
test,43_8_content_abhishekmsharma_knn-python-artificial-intelligence_abhishek_sharma_knn_environment.py_cleaned.png,0,1,0.4347817301750183,0.5652182698249817
test,41_7_content_cp2-dc-info-lamp-2018_iris-knn_nao_somos_botanicos.py_cleaned.png,0,0,0.5624513030052185,0.4375486969947815
test,235_v4_7_content_syedshameersarwar_DocumentSimilarityChecker_pdfReader.py_cleaned.png,1,0,0.6206427216529846,0.3793572783470154
test,39_3_content_ahmedelfateh_scraping_CimaClub_scraper_urllib.py_cleaned.png,0,1,0.48144209384918213,0.5185579061508179
test,247_v4_95_content_KyawHtetWin_RSA-Encryption-Decryption_rsa_encryption.py_cleaned.png,1,1,0.49907952547073364,0.5009204745292664
test,206_v4_21_content_p-kim1_Image-Segmentation-with-K-means_kmeans.py_cleaned.png,1,0,0.5550910830497742,0.44490891695022583
test,33_32_content_rihartma_huffmanCoding_files.py_cleaned.png,0,0,0.5611580312252045,0.43884196877479553
test,211_v4_15_content_VakinduPhilliam_Pattern_Matching_Python_Difflib_Pattern_Matching_Sequence_Matcher.py_cleaned.png,1,1,0.4345073103904724,0.5654926896095276
test,32_5_content_gabriel-arauj_grafos_teste_desempenho.py_cleaned.png,0,0,0.6679514050483704,0.33204859495162964
test,8_1_content_akhilesh1311_MazeSolver_path_planning.py_cleaned.png,0,1,0.4306439161300659,0.5693560838699341
test,204_v4_23_content_MahmoudiHosni_Principal-Component-Analysis-PCA-_pca.py_cleaned.png,1,1,0.4941314458847046,0.5058685541152954
test,43_5_content_andresionek91_portuguese-stop-words___init__.py_cleaned.png,0,0,0.6466148495674133,0.35338515043258667
test,226_v4_5_content_dedeco_dijkstra-bellman-ford_grafo.py_cleaned.png,1,0,0.5921506583690643,0.40784934163093567
test,15_20_content_IbrahimAyed_Multifractal-analysis-of-natural-images_texture_synthesis.py_cleaned.png,0,0,0.705594539642334,0.294405460357666
test,472_v4_7_content_sky-97_web-scraping-box-office-mojo_sc.py_cleaned.png,1,0,0.5989838540554047,0.40101614594459534
test,210_v4_21_content_bentoro_7402_Ass3_otp.py_cleaned.png,1,0,0.5131442844867706,0.48685571551322937
test,40_78_content_FernandoDurier_apa-dijkstra___main__.py_cleaned.png,0,0,0.6316866874694824,0.3683133125305176
test,25_2_content_ZatinMe_Python-Search-engine_buildindex.py_cleaned.png,0,1,0.4138556718826294,0.5861443281173706
test,40_23_content_clydedacruz_worddoc-indexer-py_create_index.py_cleaned.png,0,1,0.40637439489364624,0.5936256051063538
test,47_88_content_ilkayDevran_HEAP_and_BTS_Implementation_binarySearchTree.py_cleaned.png,0,0,0.6400333940982819,0.35996660590171814
test,227_v4_1_content_akoksal_Turkish-Lemmatizer_trainLexicon.py_cleaned.png,1,1,0.36017870903015137,0.6398212909698486
test,417_v4_29_content_vbelz_Lyrics_classifier_prepare_for_training.py_cleaned.png,1,1,0.430408239364624,0.569591760635376
test,43_8_content_16chuang_CS161_Project_1a.py_cleaned.png,0,0,0.5366140007972717,0.46338599920272827
test,200_v4_10_content_chiragragarwal_Graphs_And_Networks_graph_plot.py_cleaned.png,1,0,0.5687934458255768,0.4312065541744232
test,210_v4_19_content_lisamryl_prime-number-multiplication-table_tests.py_cleaned.png,1,1,0.3665754795074463,0.6334245204925537
test,46_3_content_iykadev_pyalgo_xiaolin_wus_line_algo.py_cleaned.png,0,1,0.34791886806488037,0.6520811319351196
test,24_4_content_drinkbeer_DFS-Python_common.py_cleaned.png,0,0,0.5677063763141632,0.4322936236858368
test,204_v4_17_content_alanz4196_arrays_insertion_selection_sorts.py_cleaned.png,1,1,0.48250019550323486,0.5174998044967651
test,234_v4_27_content_ashwinvis98_Particle-Swarm-Optimization-for-Robotic-Search-Applications_ultrasonic_test.py_cleaned.png,1,0,0.5009413957595825,0.4990586042404175
test,11_6_content_hungph-dev-ict_simple-exponential-smoothing_main.py_cleaned.png,0,1,0.4525725245475769,0.5474274754524231
test,213_v4_26_content_Emersonxuelinux_One_Big_Archive_VirtualPet.py_cleaned.png,1,0,0.647786557674408,0.35221344232559204
test,228_v4_53_content_faisalkhan91_Sort-Comparison_Sort_Comparison.py_cleaned.png,1,1,0.4413487911224365,0.5586512088775635
test,194_v4_18_content_akrentsel_insertion-sort-graph_insertion_sort_graph.py_cleaned.png,1,1,0.3657185435295105,0.6342814564704895
test,12_22_content_sagarwani_Breaking-Diffie-Hellman_dl-brute.py_cleaned.png,0,0,0.5773409008979797,0.42265909910202026
test,196_v4_10_content_edwardj728_sequences_project_sequences.py_cleaned.png,1,1,0.4743385314941406,0.5256614685058594
test,229_v4_7_content_usbogie_MSTcreator_Node.py_cleaned.png,1,0,0.5050260126590729,0.4949739873409271
test,14_1_content_alexirpan_divisibility-regex_app.py_cleaned.png,0,0,0.529539942741394,0.47046005725860596
test,11_16_content_nicolasenciso_One-time-pad-crypto-algorithm_OneTimePad.py_cleaned.png,0,0,0.6018533408641815,0.3981466591358185
test,232_v4_27_content_yilangpeng_computational-aesthetics_box.py_cleaned.png,1,1,0.33015596866607666,0.6698440313339233
test,5_1_content_ryanRahul5_Time-Series-on-python_time_series_anlys.py_cleaned.png,0,0,0.6562524139881134,0.3437475860118866
test,31_31_content_homeowmorphism_list-sorting-algorithms_quicksort.py_cleaned.png,0,0,0.5981431305408478,0.4018568694591522
test,201_v4_12_content_Rafelito19_Crypo-Number-Theory-Projects_ferm.py_cleaned.png,1,0,0.5271740257740021,0.4728259742259979
test,238_v4_89_content_shivamsaigupta_RSA_Generator_main.py_cleaned.png,1,0,0.5862436890602112,0.4137563109397888
test,244_v4_7_content_MadalinaMircea_GraphAlgorithms_UI.py_cleaned.png,1,0,0.5234045386314392,0.4765954613685608
test,39_3_content_chamarli_ColudComputing-PrimeNumberValidator-master_prime_validator.py_cleaned.png,0,0,0.6945860683917999,0.3054139316082001
test,18_1_content_anthonyzhub_One-Time-Pad_One-Time_Pad.py_cleaned.png,0,0,0.573787122964859,0.426212877035141
test,199_v4_13_content_danielSbastos_binary-fibonacci_columns.py_cleaned.png,1,1,0.3991991877555847,0.6008008122444153
test,33_7_content_syamkakarla98_PCA-On-IRIS-Dataset-With-Classification-Using-KNNC_iris_after_pca_knnc.py_cleaned.png,0,0,0.5338847041130066,0.4661152958869934
test,46_8_content_LockGit_Py_svm.py_cleaned.png,0,1,0.3095009922981262,0.6904990077018738
test,26_4_content_rohinigopalqxf2_Factorial-Calculator-Practice_05_Non_Integer_Validation.py_cleaned.png,0,1,0.4640445113182068,0.5359554886817932
test,190_v4_10_content_rsmith-nl_onepad_onepad.py_cleaned.png,1,1,0.49224382638931274,0.5077561736106873
test,202_v4_17_content_kwikadi_BFS-v-DFS_dfs.py_cleaned.png,1,0,0.6808309257030487,0.3191690742969513
test,33_52_content_Tchaikovic_dijkstra_mapcreator.py_cleaned.png,0,1,0.4528564214706421,0.5471435785293579
test,14_1_content_pranav-dahiya_NaiveBayes_vocabulary.py_cleaned.png,0,1,0.47225695848464966,0.5277430415153503
test,8_3_content_iykadev_pyalgo_anagram.py_cleaned.png,0,0,0.5364225208759308,0.4635774791240692
test,214_v4_2_content_facebookresearch_reward-estimator-corl_configurations_continuous_gaussian.py_cleaned.png,1,0,0.7170766592025757,0.2829233407974243
test,225_v4_3_content_iykadev_pyalgo_fibo.py_cleaned.png,1,0,0.5228078663349152,0.47719213366508484
test,230_v4_26_content_BroadbentT_BASE64-AES_base64-aes_ecb.py_cleaned.png,1,0,0.5841753780841827,0.41582462191581726
test,31_29_content_SilentCatA_is_prime_number_is_prime_number.py_cleaned.png,0,0,0.5896352529525757,0.4103647470474243
test,194_v4_10_content_kllinzy_Elliptic-Curve-Cryptography_demo.py_cleaned.png,1,0,0.5550684034824371,0.44493159651756287
test,22_15_content_jknight1725_linear_search_vs_random_search_random_case.py_cleaned.png,0,0,0.5364972949028015,0.4635027050971985
test,43_8_content_BhushanVM_Market-Basker-Analyzer_son_spark.py_cleaned.png,0,0,0.5327653288841248,0.46723467111587524
test,206_v4_11_content_kirokuan_Idf-tf-DocCompare_VectorSpace.py_cleaned.png,1,1,0.3285493850708008,0.6714506149291992
test,22_21_content_Nareshbabu19_Python-Image-compression_test2.py_cleaned.png,0,0,0.6292900145053864,0.37070998549461365
test,23_4_content_JosephFWright_Prims_Algorithm_Kruskals.py_cleaned.png,0,0,0.5938137173652649,0.4061862826347351
test,6_12_content_eyalr0_AES-Cryptoanalysis_plotRB.py_cleaned.png,0,1,0.4780696630477905,0.5219303369522095
test,82_87_content_avsprashant_webScraping_Scrapper.py_cleaned.png,0,0,0.5284166932106018,0.4715833067893982
test,38_66_content_KarlaFlorentino_Dijkstra_dijkstra.py_cleaned.png,0,1,0.43970388174057007,0.5602961182594299
test,8_20_content_a-hamza-r_Hierarchical-Clustering_hpc_classify.py_cleaned.png,0,1,0.4439319968223572,0.5560680031776428
test,29_6_content_LinHungShi_Principal-Component-Analysis-for-Images_pca_blocks.py_cleaned.png,0,0,0.6869129240512848,0.3130870759487152
test,9_11_content_sidmishraw_cs-267-project_pdf_processing_demo.py_cleaned.png,0,1,0.3735089898109436,0.6264910101890564
test,16_33_content_mirkomantovani_web-search-engine-UIC_multithreaded_crawling.py_cleaned.png,0,1,0.46461039781570435,0.5353896021842957
test,46_6_content_bradruck_Selection_Sort-python_Assignment_7-P12.2.py_cleaned.png,0,1,0.40736132860183716,0.5926386713981628
test,1_10_content_aponce12_Lab6-B_Lab6.py_cleaned.png,0,1,0.3588263988494873,0.6411736011505127
test,231_v4_61_content_cthorrez_deepsetLinkage_baselines.py_cleaned.png,1,0,0.6192230880260468,0.38077691197395325
test,206_v4_23_content_changchanglccc_kNN_test.py_cleaned.png,1,0,0.551811695098877,0.44818830490112305
test,212_v4_44_content_emilgab_bubble-sort_bubble_sort.py_cleaned.png,1,0,0.5291343629360199,0.4708656370639801
test,214_v4_39_content_arundhati-b_NaiveBayesClassifier_computation.py_cleaned.png,1,0,0.7629332989454269,0.23706670105457306
test,13_8_content_6test5_expsmooth_expsmooth.py_cleaned.png,0,1,0.3409431576728821,0.6590568423271179
test,26_3_content_manishjathan_Money-laundering-Detection-System_DisconnectedGraphs.py_cleaned.png,0,0,0.5986877083778381,0.40131229162216187
test,241_v4_7_content_kanthagirish-rit_lcs-project_recursive.py_cleaned.png,1,1,0.49331146478652954,0.5066885352134705
test,216_v4_23_content_cjonsmith_prime_calc_prime_days.py_cleaned.png,1,1,0.3798025846481323,0.6201974153518677
test,11_13_content_bhavuk0909_Apriori_Bhavuk_apriori.py_cleaned.png,0,0,0.6329365372657776,0.3670634627342224
test,226_v4_29_content_SilentCatA_is_prime_number_is_prime_number.py_cleaned.png,1,0,0.5294270217418671,0.47057297825813293
test,24_32_content_jtuckerk_oscar_prediction_imdb_data_create.py_cleaned.png,0,0,0.7344938516616821,0.26550614833831787
test,36_6_content_HaoLyu_Association-rule-learning_FP_Tree.py_cleaned.png,0,0,0.7555852681398392,0.24441473186016083
test,48_7_content_adwarner_Diffie-Hellman_Division_Algo.py_cleaned.png,0,1,0.4732131361961365,0.5267868638038635
test,4_14_content_tusizi_document-analysis_jieba_cut_document_to_vocabulary_with_nominal.py_cleaned.png,0,0,0.5858396291732788,0.4141603708267212
test,222_v4_59_content_SMByC_PCA4CD_pca4cd.py_cleaned.png,1,1,0.4627232551574707,0.5372767448425293
test,203_v4_14_content_willow617_AE2-Nets_test_hand.py_cleaned.png,1,0,0.6606618463993073,0.33933815360069275
test,437_v4_42_content_naomistuart_flight-scraping_main.py_cleaned.png,1,1,0.40810972452163696,0.591890275478363
test,235_v4_8_content_omjego_AR-Mining-Hash-Tree_naive_apriori.py_cleaned.png,1,1,0.48358261585235596,0.516417384147644
test,202_v4_21_content_yashag66_Python-Code-Samples_hashingString.py_cleaned.png,1,0,0.5444134175777435,0.45558658242225647
test,235_v4_2_content_hari526_LinearSearch_linearSearch.py_cleaned.png,1,0,0.524300217628479,0.475699782371521
test,23_2_content_radinhamidi_BellmanFord_BellmanFord_main.py_cleaned.png,0,1,0.47204482555389404,0.527955174446106
test,14_19_content_lisamryl_prime-number-multiplication-table_tests.py_cleaned.png,0,1,0.3593428134918213,0.6406571865081787
test,40_64_content_armx40_insecure-df_insecure_df.py_cleaned.png,0,0,0.5936236083507538,0.4063763916492462
test,50_8_content_leocarr_smallestmultiple_smallestmult.py_cleaned.png,0,0,0.6192640364170074,0.38073596358299255
test,221_v4_29_content_fwoodruff_ECDH_TypeConversion.py_cleaned.png,1,0,0.507917732000351,0.49208226799964905
test,21_2_content_adwansyed_Market-Basket-Analysis-Apriori_bruteforce_marketbasketanalysis.py_cleaned.png,0,1,0.4570502042770386,0.5429497957229614
test,227_v4_69_content_mertall_PCA_PCA.py_cleaned.png,1,0,0.6504360437393188,0.34956395626068115
test,217_v4_40_content_cofinley_sudoku_cell.py_cleaned.png,1,0,0.5218616127967834,0.47813838720321655
test,234_v4_45_content_Dimildizio_pyqt_traincars_sort_gui11.py_cleaned.png,1,0,0.771979346871376,0.22802065312862396
test,2_10_content_marcindahlen_ARIMAplus_arimaplus_neurony.py_cleaned.png,0,0,0.8592699766159058,0.14073002338409424
test,226_v4_6_content_dennishnf_indoor-location-using-naive-bayes_2_division_data.py_cleaned.png,1,0,0.506135880947113,0.49386411905288696
test,208_v4_12_content_ianscottknight_Predicting-Myers-Briggs-Type-Indicator-with-Recurrent-Neural-Networks_make_test_set.py_cleaned.png,1,0,0.5509068071842194,0.44909319281578064
test,27_24_content_MariosPitsali_algorithms-practice_rollback.py_cleaned.png,0,1,0.4402506947517395,0.5597493052482605
test,35_77_content_mehtaravina_ScaleableComputingDFS_Client.py_cleaned.png,0,1,0.3894340395927429,0.6105659604072571
test,7_12_content_eyalr0_AES-Cryptoanalysis_RetracingBoomerang.py_cleaned.png,0,0,0.6530613601207733,0.3469386398792267
test,27_28_content_kimdanny_HeapSort-and-QuickSort-Comparison_quicksort.py_cleaned.png,0,0,0.5494435429573059,0.4505564570426941
test,7_18_content_Saychakr13_CLUSTERING_MODELS_hc.py_cleaned.png,0,0,0.6582141220569611,0.34178587794303894
test,234_v4_7_content_chmullig_culpabuddies_hello.py_cleaned.png,1,1,0.4897645115852356,0.5102354884147644
test,1_10_content_poku18_CE_III_06_Lab2_lab2.py_cleaned.png,0,0,0.601575493812561,0.39842450618743896
test,213_v4_1_content_jiteshjha_Frequent-item-set-mining_dat2csv.py_cleaned.png,1,0,0.5248892903327942,0.4751107096672058
test,68_74_content_jrathin_Web-Scraping_injury.py_cleaned.png,0,0,0.6059089601039886,0.39409103989601135
test,9_17_content_strategist922_sales_forecast_ana.py_cleaned.png,0,0,0.6908335983753204,0.30916640162467957
test,203_v4_22_content_harpreetsi_DataStructureImpl_LinkedListTest.py_cleaned.png,1,1,0.49585819244384766,0.5041418075561523
test,241_v4_93_content_KordingLab_hilbert-constrained-gradient-descent_utils.py_cleaned.png,1,1,0.435865581035614,0.564134418964386
test,237_v4_8_content_harshithachidanand_Elliptic-Curve-Cryptography_Shanks_algo.py_cleaned.png,1,0,0.559454470872879,0.44054552912712097
test,32_28_content_vinaykumarbu_sentiment-analysis-deeplearning_csv_parser.py_cleaned.png,0,0,0.5139858722686768,0.48601412773132324
test,204_v4_14_content_TechnicallyRachel_Fibonacci-plus-unitTest_fibonacci.py_cleaned.png,1,0,0.5542743802070618,0.44572561979293823
test,16_3_content_iykadev_pyalgo_binary_search2.py_cleaned.png,0,1,0.44462525844573975,0.5553747415542603
test,5_12_content_wallaceicy06_room-draw_roomdraw.py_cleaned.png,0,1,0.4375678300857544,0.5624321699142456
test,77_7_content_sky-97_web-scraping-box-office-mojo_sc.py_cleaned.png,0,1,0.45064276456832886,0.5493572354316711
test,207_v4_19_content_mgersalan_Unsorted-Median-Spark-AWS_unsorted_median.py_cleaned.png,1,1,0.4894859790802002,0.5105140209197998
test,233_v4_6_content_steviedale_random_maze_generator_graphics.py_cleaned.png,1,1,0.446128785610199,0.553871214389801
test,216_v4_26_content_AbdelrhmanKhater_Comparison-between-linked-list-and-array-during-using-selection-sort_GUI.py_cleaned.png,1,1,0.424610435962677,0.575389564037323
test,212_v4_30_content_rogerdenisvieira_bidirectional-conditional-insertion-sort_main.py_cleaned.png,1,0,0.5154010355472565,0.48459896445274353
test,44_7_content_shuming1211_CMU_project_BinaryClassifier_decisionTree.py_cleaned.png,0,0,0.5427131950855255,0.4572868049144745
test,14_15_content_V-Sense_Aesthetic-Image-Captioning-ICCVW-2019_clean_using_subjectivity.py_cleaned.png,0,0,0.6341305673122406,0.3658694326877594
test,220_v4_5_content_AdamJacoby_Hopf_Example_DihedralGroup.py_cleaned.png,1,1,0.44534623622894287,0.5546537637710571
test,8_14_content_delabi_prime_number-sieve_generate_prime_numbers.py_cleaned.png,0,0,0.596883237361908,0.40311676263809204
test,47_3_content_iykadev_pyalgo_zhang_suen_thinning_algo.py_cleaned.png,0,0,0.6469588279724121,0.3530411720275879
test,220_v4_16_content_davda54_pytorch-transformer-lemmatization_lr_decay.py_cleaned.png,1,1,0.48622792959213257,0.5137720704078674
test,10_21_content_jakubsilhavy_mhhc_data_prep_LLS.py_cleaned.png,0,0,0.5908735394477844,0.4091264605522156
test,18_27_content_SethEggerRocks_WakingMoments_WakingMoments.py_cleaned.png,0,0,0.6722718477249146,0.32772815227508545
test,45_5_content_diandra-davidson_IS211_Assignment14_recursion.py_cleaned.png,0,0,0.5239584445953369,0.4760415554046631
test,10_16_content_loalberto_Analysis-of-Compression-Algorithms-_HuffmanCoding.py_cleaned.png,0,1,0.48352283239364624,0.5164771676063538
test,197_v4_26_content_naviechan_sortingAlgorithmDemo_main.py_cleaned.png,1,0,0.5635219812393188,0.43647801876068115
test,215_v4_27_content_aferaudo_xor_keyobtainer_xor_keyobtainer.py_cleaned.png,1,1,0.3998820185661316,0.6001179814338684
test,59_64_content_andrewrgoss_yahoo-fantasy-fball-scraper_historical_draft_results.py_cleaned.png,0,0,0.5571808815002441,0.44281911849975586
test,216_v4_41_content_bhavaniprasad73_Principal-Component-Analysis_PCA.py_cleaned.png,1,0,0.5601768791675568,0.43982312083244324
test,162_v4_3_content_hamedomidvar_GPU_FloydWarshall_FW_Rev0.1.py_cleaned.png,1,1,0.35784685611724854,0.6421531438827515
test,242_v4_8_content_16chuang_CS161_Project_1a.py_cleaned.png,1,0,0.5420630574226379,0.45793694257736206
test,211_v4_19_content_orzal_python_prime_numbers_prime_numbers.py_cleaned.png,1,0,0.5398141741752625,0.46018582582473755
test,8_11_content_Patrick-Doucet_Elliptic-Curve-Cryptography_EllipticCurve.py_cleaned.png,0,1,0.38689911365509033,0.6131008863449097
test,204_v4_15_content_Dhruv-Panchal_AES_socket_GUI_decryptor.py_cleaned.png,1,1,0.4894030690193176,0.5105969309806824
test,240_v4_85_content_adamkanouse_better-lineups-dfs_lineup_nba_fanduel.py_cleaned.png,1,1,0.4422116279602051,0.5577883720397949
test,31_51_content_adityapatelgithub_Expressions-and-Functions_peekable.py_cleaned.png,0,0,0.6592575013637543,0.3407424986362457
test,237_v4_29_content_diego95root_CryptoAttacks_MD4.py_cleaned.png,1,1,0.3606717586517334,0.6393282413482666
test,5_14_content_bkdwei_kdDesktopAssistant_install_script.py_cleaned.png,0,0,0.6636647582054138,0.3363352417945862
test,194_v4_15_content_ben-mackenzie_mst-kruskal_kruskal.py_cleaned.png,1,0,0.5078670978546143,0.49213290214538574
test,223_v4_5_content_brown9804_Python_DiversosAlgortimos_CreandoMatrizApartirTXT.py_cleaned.png,1,0,0.5381810367107391,0.46181896328926086
test,216_v4_48_content_PhilGrogan_fibonacci_fibonacci.py_cleaned.png,1,0,0.6499190032482147,0.3500809967517853
test,196_v4_12_content_chiforbogdan_naive-bayes-reputation_satisfaction_humidity.py_cleaned.png,1,0,0.5867360830307007,0.4132639169692993
test,3_12_content_timhebert1963_InsertionSortAdvancedAnalysis_Hackerrank_TC2_1_length_441_answer_46768.py_cleaned.png,0,0,0.6555694937705994,0.34443050622940063
test,44_6_content_hongzimao_input_driven_rl_example_script.py_cleaned.png,0,1,0.41423559188842773,0.5857644081115723
test,217_v4_4_content_alex-rantos_Project-1-Search-in-Pacman_projectParams.py_cleaned.png,1,0,0.5799679458141327,0.4200320541858673
test,24_25_content_robsonribeiroft_tempo-de-ordencao-com-selection-sort_main.py_cleaned.png,0,0,0.5219501852989197,0.4780498147010803
test,195_v4_13_content_qwerty1917_KNN_OCR_main_py2.py_cleaned.png,1,1,0.4225330948829651,0.5774669051170349
test,34_1_content_hipster-philology_pyrrha_manage.py_cleaned.png,0,0,0.6507895886898041,0.3492104113101959
test,241_v4_70_content_skumaravel_tf-idf_tf_idf.py_cleaned.png,1,0,0.6622799634933472,0.33772003650665283
test,40_84_content_khushhallchandra_EE677-VLSI-CAD_REQUIRED_READING_DAG_aat_dynprog_lec_9_ee677_2016_Mon_22ndAug2016.py_cleaned.png,0,1,0.48066914081573486,0.5193308591842651
test,2_10_content_raviolliii_AES-Encryption_driver.py_cleaned.png,0,0,0.5945985317230225,0.40540146827697754
test,4_17_content_kwikadi_BFS-v-DFS_bfs.py_cleaned.png,0,0,0.6741684377193451,0.3258315622806549
test,42_46_content_arun-p12_sort-algorithms_shell_sort.py_cleaned.png,0,0,0.6405612826347351,0.3594387173652649
test,42_40_content_HimalayPatel_loan-likelihood-prediction_predicting_loan_eda.py_cleaned.png,0,0,0.5353305041790009,0.46466949582099915
test,236_v4_88_content_jinshang-msft_Dijkstra-Algorithm-Implementation_Dijkstra.py_cleaned.png,1,1,0.33713865280151367,0.6628613471984863
test,494_v4_9_content_chaseycodes_StockX-Scraper_3-image_downloader.py_cleaned.png,1,0,0.6010546386241913,0.3989453613758087
test,217_v4_23_content_cjonsmith_prime_prime.py_cleaned.png,1,1,0.39151763916015625,0.6084823608398438
test,237_v4_33_content_chafiknaceri_Credit-Card-Debt_DebtLeft.py_cleaned.png,1,0,0.6379326581954956,0.3620673418045044
test,22_23_content_AMARPATEEL_Selection-sort-in-python_selection_by_user_input.py_cleaned.png,0,0,0.5339264869689941,0.46607351303100586
test,226_v4_52_content_worldofnick_Wikipedia-Mining_wiki_prepare.py_cleaned.png,1,0,0.548086017370224,0.451913982629776
test,21_38_content_taesungp_pytorch-kmeans-init_demo.py_cleaned.png,0,1,0.3981105089187622,0.6018894910812378
test,215_v4_1_content_muzixing_graph_algorithm_prim.py_cleaned.png,1,0,0.6588932871818542,0.34110671281814575
test,237_v4_6_content_usbogie_MSTcreator_Sollins.py_cleaned.png,1,0,0.5346647500991821,0.46533524990081787
test,232_v4_37_content_coertquinton_number_sequences_start.py_cleaned.png,1,1,0.39399516582489014,0.6060048341751099
test,1_10_content_Jeremiah9000_prime_numbers_truncatable_prime_numbers_truncatable_faster.py_cleaned.png,0,0,0.6793392300605774,0.3206607699394226
test,33_32_content_AAMergulhao_Sort_Algorithms_algorithms.py_cleaned.png,0,0,0.6394595503807068,0.3605404496192932
test,13_1_content_bhedavivek_prims_algorithm_vertex.py_cleaned.png,0,0,0.521562784910202,0.478437215089798
test,49_9_content_jeffwang0516_Frequent-Itemset-Mining_eclat.py_cleaned.png,0,1,0.4920806288719177,0.5079193711280823
test,32_5_content_brown9804_Python_DiversosAlgortimos_CalculoParametrosBalonClimatico.py_cleaned.png,0,0,0.605879545211792,0.394120454788208
test,25_4_content_JosephFWright_Prims_Algorithm_Prims.py_cleaned.png,0,0,0.577182948589325,0.42281705141067505
test,194_v4_13_content_notpresident35_one-time-pad-machine_STILL_More_Testing.py_cleaned.png,1,1,0.41698312759399414,0.5830168724060059
test,20_15_content_jknight1725_linear_search_vs_random_search_binary_game.py_cleaned.png,0,0,0.5094316899776459,0.4905683100223541
test,236_v4_23_content_uthea_lemmatizer_test_lemma.py_cleaned.png,1,0,0.5707592964172363,0.42924070358276367
test,241_v4_77_content_Zerox-1337_Simplified-OTR-Protocol_otr.py_cleaned.png,1,1,0.3954728841781616,0.6045271158218384
test,13_2_content_CthulhuDen_Factorials_slaves.py_cleaned.png,0,0,0.6467214822769165,0.3532785177230835
test,28_29_content_flintlouis_Sorting_algo_mergesort.py_cleaned.png,0,0,0.6736847758293152,0.3263152241706848
test,238_v4_65_content_pratikbitmesra_BID_bin_cluster.py_cleaned.png,1,1,0.39770281314849854,0.6022971868515015
test,210_v4_33_content_hexingwei_Binary-tree_tree.py_cleaned.png,1,0,0.5628429651260376,0.4371570348739624
test,91_94_content_verma1997_Scraping-Scripts_paytm_offers.py_cleaned.png,0,1,0.40377670526504517,0.5962232947349548
test,7_1_content_dedeco_dijkstra-bellman-ford_teste_lobo_djt.py_cleaned.png,0,0,0.5695028901100159,0.43049710988998413
test,213_v4_11_content_sichen-x_search-engine_test_htable.py_cleaned.png,1,1,0.43545353412628174,0.5645464658737183
test,224_v4_16_content_sanjay3001_Search-in-python_linear_search.py_cleaned.png,1,0,0.5440722107887268,0.4559277892112732
test,34_27_content_ashwinvis98_Particle-Swarm-Optimization-for-Robotic-Search-Applications_sensor_check.py_cleaned.png,0,1,0.497281551361084,0.502718448638916
test,238_v4_66_content_ChavezE_Parallel_PFVA_image_tester.py_cleaned.png,1,0,0.6988247036933899,0.3011752963066101
test,39_6_content_ryanlid87_BubbleSort_bubblesort.py_cleaned.png,0,0,0.616921454668045,0.38307854533195496
test,5_13_content_zandermoss_bessel_recursion_testi.py_cleaned.png,0,1,0.49662309885025024,0.5033769011497498
test,244_v4_93_content_djzgroup_Visual-basedCharacterEmbedding_word2vec_network.py_cleaned.png,1,0,0.6490021646022797,0.35099783539772034
test,202_v4_13_content_preetidurai_Spam-Ham-Classification-using-NB-and-LR_naiveBayes.py_cleaned.png,1,1,0.3949730396270752,0.6050269603729248
test,41_v4_3_content_cendhikaimantoro_Tubes-1-Kripto-Steganografi_manage.py_cleaned.png,1,0,0.5601676106452942,0.4398323893547058
test,244_v4_79_content_astrojneil_AllanVarCodeFinal_allanVar_plot.py_cleaned.png,1,0,0.5137051343917847,0.48629486560821533
test,195_v4_10_content_adrianvellamlt_Quick-Sort---Insertion-Sort_quicksort.py_cleaned.png,1,1,0.3915010094642639,0.6084989905357361
test,49_25_content_OlaRonning_ah16_corenlp_gen_dep_lemma.py_cleaned.png,0,1,0.4567747116088867,0.5432252883911133
test,10_21_content_rahul494_Mental-Health-On-Twitter-Analysis_sorter.py_cleaned.png,0,0,0.5536425411701202,0.44635745882987976
test,222_v4_3_content_coreymyster_linked-lists_stack.py_cleaned.png,1,0,0.6030667424201965,0.39693325757980347
test,47_93_content_vishwakftw_extreme-classification_baseline.py_cleaned.png,0,0,0.6069691777229309,0.3930308222770691
test,43_6_content_samirgupta_PubmedClustering_dumpDiseaseDict.py_cleaned.png,0,1,0.4769861102104187,0.5230138897895813
test,39_4_content_andreacanepa_Many-Time-Pad_cracker.py_cleaned.png,0,0,0.5746348202228546,0.4253651797771454
test,36_35_content_ZachDischner_FizzBuzz_fizzbuzz.py_cleaned.png,0,0,0.5566407442092896,0.44335925579071045
test,197_v4_11_content_sergiy-chumachenko_Lists_sorting_and_binary_search_sort_BSCL.py_cleaned.png,1,1,0.4606074094772339,0.5393925905227661
test,3_14_content_udwivedi394_binaryTree_ksumPath.py_cleaned.png,0,0,0.7522189319133759,0.24778106808662415
test,233_v4_83_content_mrh929_qrcode_signature_ScanInvedio.py_cleaned.png,1,0,0.5539845824241638,0.4460154175758362
test,228_v4_34_content_bsmorton_linked-list-python_linkedlist.py_cleaned.png,1,0,0.6445355713367462,0.3554644286632538
test,31_30_content_choogeboom_photo-sorter_photo_sorter.py_cleaned.png,0,0,0.629701167345047,0.370298832654953
test,157_v4_16_content_QueraltSM_HospitalShortestPath_main.py_cleaned.png,1,0,0.7138102054595947,0.2861897945404053
test,205_v4_16_content_loalberto_Analysis-of-Compression-Algorithms-_HuffmanCoding.py_cleaned.png,1,1,0.4307844042778015,0.5692155957221985
test,2_10_content_SamAllegretto_NaiveBayes_bayes__3_.py_cleaned.png,0,1,0.47899025678634644,0.5210097432136536
test,243_v4_77_content_ThomasThorpe_KMeansClustering_data_generator.py_cleaned.png,1,0,0.5169551074504852,0.48304489254951477
test,234_v4_45_content_craig-m-k_huffman-coding_heapify.py_cleaned.png,1,1,0.4411180019378662,0.5588819980621338
test,245_v4_4_content_Ityer_3x3_Squared_Magic_Square_Finder_randomGuessing_OLD.py_cleaned.png,1,1,0.49266141653060913,0.5073385834693909
test,1_10_content_sumanthsunny35_RHM-assignment_LCS.py_cleaned.png,0,0,0.5393820106983185,0.4606179893016815
test,20_3_content_harisrkhan7_FloydWarshallAlgorithmParallelisation_goodgraph.py_cleaned.png,0,0,0.6352430880069733,0.36475691199302673
test,207_v4_28_content_brandonvilla21_polynomial-regression_polinomial.py_cleaned.png,1,1,0.46918952465057373,0.5308104753494263
test,204_v4_18_content_jzpero_enigma_main.py_cleaned.png,1,1,0.43342792987823486,0.5665720701217651
test,18_24_content_regnarg_prf-turing-machine_arith.py_cleaned.png,0,1,0.36885762214660645,0.6311423778533936
test,28_30_content_rogerdenisvieira_bidirectional-conditional-insertion-sort_data_generator.py_cleaned.png,0,0,0.5366219878196716,0.46337801218032837
test,5_12_content_byu014_all-pairs-shortest-path_allPairsShortestPath.py_cleaned.png,0,1,0.4517552852630615,0.5482447147369385
test,44_8_content_lucasmullerm_turing-machine-fibonacci_main.py_cleaned.png,0,1,0.43932878971099854,0.5606712102890015
test,204_v4_15_content_Skyblueballykid_SPX-Arima-model_SPX.py_cleaned.png,1,0,0.6073676645755768,0.3926323354244232
test,21_24_content_A3M4_Monster-Crawler_middlewares.py_cleaned.png,0,0,0.5180558562278748,0.48194414377212524
test,218_v4_3_content_riteshkasat_Community-Detection-Algorithm_detect_community.py_cleaned.png,1,1,0.27584582567214966,0.7241541743278503
validation,396_v4_10_content_lulu150003_Web-Scraping-Project_ProfileCrawler2019.py_cleaned.png,1,1,0.3587566018104553,0.6412433981895447
validation,34_58_content_zhaoyichanghong_machine_learing_algo_python_pla.py_cleaned.png,0,0,0.5280136466026306,0.4719863533973694
validation,22_25_content_Cytla24_LinkedLists_print_append_insert_delete.py_cleaned.png,0,0,0.5779805481433868,0.42201945185661316
validation,231_v4_2_content_yyqcs_time-series-model_encoder_decoder_fullv-1.py_cleaned.png,1,0,0.7126970291137695,0.28730297088623047
validation,35_7_content_work-nchc_PCAMN_pcamn_batch.py_cleaned.png,0,0,0.543924868106842,0.45607513189315796
validation,35_60_content_iamdiwas_TF-IDF-for-Simple-Text-Mining_tf_idf_basics.py_cleaned.png,0,0,0.6044134199619293,0.3955865800380707
validation,195_v4_13_content_TubyNeto_one-time-pad_main.py_cleaned.png,1,0,0.5336861312389374,0.4663138687610626
validation,37_5_content_anguillanneuf_bigO_28_valid_bst.py_cleaned.png,0,1,0.4771493673324585,0.5228506326675415
validation,226_v4_57_content_Nirusha1_Binary-Search-Tree-_binaryTree.py_cleaned.png,1,0,0.5845215320587158,0.4154784679412842
validation,15_20_content_ArnoldKuo_scraper_scrape_anime.py_cleaned.png,0,0,0.5539162755012512,0.4460837244987488
validation,15_24_content_Brew8it_Python_DHAES_DiffieHellman.py_cleaned.png,0,0,0.5494610071182251,0.4505389928817749
validation,11_2_content_Rohit967_Outlier-Analysis-With-Python_OutlierAnalysis.py_cleaned.png,0,0,0.7933981269598007,0.20660187304019928
validation,215_v4_23_content_HakimdarC_Fibonacci-Sequence_fibfirst.py_cleaned.png,1,0,0.5191000998020172,0.4808999001979828
validation,194_v4_10_content_raviolliii_AES-Encryption_driver.py_cleaned.png,1,0,0.5945985317230225,0.40540146827697754
validation,210_v4_1_content_aviralmathur_Word2Vec_SKU_Desc.py_cleaned.png,1,0,0.5512701570987701,0.44872984290122986
validation,4_10_content_adrianvellamlt_Quick-Sort---Insertion-Sort_utils.py_cleaned.png,0,1,0.3533194661140442,0.6466805338859558
validation,1_11_content_liam-han_all-pairs-shortest-path_allPairsShortestPath.py_cleaned.png,0,1,0.4975385069847107,0.5024614930152893
validation,197_v4_10_content_zpeterg_bmig_5003_count_words_getFile_test.py_cleaned.png,1,0,0.6362563967704773,0.3637436032295227
validation,46_8_content_16chuang_CS161_Project_LCS.py_cleaned.png,0,1,0.47853904962539673,0.5214609503746033
validation,13_28_content_misbahulard_search-engine-tfidf_app.py_cleaned.png,0,0,0.6294276416301727,0.37057235836982727
validation,236_v4_49_content_andreanndrade10_Huffman-Compressor_huffman.py_cleaned.png,1,1,0.40835851430892944,0.5916414856910706
validation,22_30_content_sdws1983_The-big-data-OF-The-Plant-Cell_parse-abstract.py_cleaned.png,0,1,0.41312074661254883,0.5868792533874512
validation,200_v4_19_content_riccardobisori_Binary-Trees_TestHeights.py_cleaned.png,1,1,0.41321927309036255,0.5867807269096375
validation,407_v4_17_content_1UC1F3R616_fastProxy_fastProxy.py_cleaned.png,1,1,0.45921075344085693,0.5407892465591431
validation,234_v4_68_content_ajitashree_Data_Mining_Algorithms_eclat.py_cleaned.png,1,1,0.4577144384384155,0.5422855615615845
validation,45_6_content_hsiaoyi0504_BioChem_stop_words_main.py_cleaned.png,0,1,0.445176899433136,0.554823100566864
validation,91_v4_5_content_harshdarji22_crypto_outlier.py_cleaned.png,1,0,0.522390216588974,0.477609783411026
validation,230_v4_3_content_iykadev_pyalgo_hopcroftkarp.py_cleaned.png,1,0,0.6421394944190979,0.3578605055809021
validation,201_v4_20_content_kristianespina_python-binary-search-tree_binary_search_tree.py_cleaned.png,1,0,0.7110880017280579,0.28891199827194214
validation,204_v4_14_content_gravelund-gis_MapSorter_KMeans_analysis.py_cleaned.png,1,0,0.5897167026996613,0.41028329730033875
validation,237_v4_7_content_lhuangufl_QuickSort_QuickSort.py_cleaned.png,1,1,0.4417112469673157,0.5582887530326843
validation,37_61_content_gpwood_fibonacciOfOrderN_pad.py_cleaned.png,0,0,0.5390383899211884,0.46096161007881165
validation,236_v4_92_content_FranzScheerer_DES_P3160.py_cleaned.png,1,1,0.32449084520339966,0.6755091547966003
validation,2_11_content_moazkh60_Polynomial-Regression_polynomial_regression.py_cleaned.png,0,1,0.4056200385093689,0.5943799614906311
validation,226_v4_31_content_alonek1_huffman_compression_algorithm_haffmen.py_cleaned.png,1,0,0.5451183915138245,0.45488160848617554
validation,201_v4_14_content_jonathanchang97_ThatsJustTheWazeItIs_car.py_cleaned.png,1,1,0.4248126745223999,0.5751873254776001
validation,219_v4_35_content_phaniavi_project_5th_sem_KNN_reducer.py_cleaned.png,1,0,0.5122702717781067,0.4877297282218933
validation,225_v4_60_content_fabaloc_PCA_RollingPCAonCDS.py_cleaned.png,1,1,0.235512375831604,0.764487624168396
validation,4_13_content_zerolxf_VRL-SGD_textCNN.py_cleaned.png,0,1,0.4804121255874634,0.5195878744125366
validation,31_49_content_lllunaticer_pathFindGUI_Draw.py_cleaned.png,0,1,0.43836385011672974,0.5616361498832703
validation,232_v4_67_content_GilbyScarChest_Fibonacci_API_app.py_cleaned.png,1,0,0.5362416207790375,0.4637583792209625
validation,8_12_content_diegooliveira95_PrimAndDijkstra_dijkstra.py_cleaned.png,0,0,0.5440674424171448,0.4559325575828552
validation,37_5_content_teawifi_k-means_clustering_loader.py_cleaned.png,0,0,0.5895687937736511,0.4104312062263489
validation,27_3_content_iykadev_pyalgo_fast_fourier_transform.py_cleaned.png,0,1,0.44820576906204224,0.5517942309379578
validation,13_29_content_zcogley_Bubble-Sort_bubble_sort.py_cleaned.png,0,0,0.6064377427101135,0.3935622572898865
validation,45_5_content_Algomaster0628_SelectionSortAlgorithm_selection_sort.py_cleaned.png,0,0,0.6089732944965363,0.39102670550346375
validation,234_v4_7_content_oscarokker_OneTimePad_trivial_compression.py_cleaned.png,1,0,0.5360592603683472,0.46394073963165283
validation,28_1_content_susheelsagar_LCSS_final_loader.py_cleaned.png,0,1,0.4904443025588989,0.5095556974411011
validation,229_v4_6_content_LinHungShi_Principal-Component-Analysis-for-Images_pca_whole_image.py_cleaned.png,1,1,0.3026745319366455,0.6973254680633545
validation,248_v4_7_content_bclark2_Unordered-Linear-Search_linearSearch.py Kopya_cleaned.png,1,0,0.5631885230541229,0.4368114769458771
validation,26_3_content_danedabomb_InformationRetrieval_IRSystem.py_cleaned.png,0,0,0.7522108256816864,0.2477891743183136
validation,217_v4_2_content_facebookresearch_reward-estimator-corl_envs.py_cleaned.png,1,0,0.5473124086856842,0.4526875913143158
validation,1_1_content_firmai_ffood_._setup.py_cleaned.png,0,0,0.6188320219516754,0.3811679780483246
validation,32_73_content_hamk-uas_two-step-pca_two_step_pca.py_cleaned.png,0,1,0.4623578190803528,0.5376421809196472
validation,201_v4_12_content_MarynaTatsevich_Machine-Learning-Regression-Techniques_SVR.py_cleaned.png,1,0,0.6925426125526428,0.3074573874473572
validation,198_v4_10_content_Frix-x_FrenchLefffLemmatizer_FrenchLefffLemmatizer.py_cleaned.png,1,1,0.46802908182144165,0.5319709181785583
validation,228_v4_34_content_rajdas2001_Sorting-of-lists-arrays_Bubble_Sort.py_cleaned.png,1,0,0.7246936559677124,0.2753063440322876
validation,217_v4_3_content_manishjathan_Money-laundering-Detection-System_DisconnectedGraphs.py_cleaned.png,1,0,0.5500698089599609,0.44993019104003906
validation,23_4_content_moduloone_QualtricsFactorialVignettes_questiongen.py_cleaned.png,0,1,0.4991709589958191,0.5008290410041809
validation,210_v4_27_content_SethEggerRocks_WakingMoments_WakingMoments.py_cleaned.png,1,0,0.6017058789730072,0.3982941210269928
validation,38_3_content_lrnselfreliance_one_time_pad_otp_server.py_cleaned.png,0,0,0.5285578966140747,0.4714421033859253
validation,226_v4_68_content_huynguyenqc_DIP-PCA_json_logger.py_cleaned.png,1,0,0.5283322632312775,0.47166773676872253
validation,32_2_content_athulvijayan6_python-rlcs_lcssMain.py_cleaned.png,0,0,0.5906127095222473,0.4093872904777527
validation,156_v4_14_content_MGhousSarwar_Algorithm-Analysis_Script.py_cleaned.png,1,1,0.3709183931350708,0.6290816068649292
validation,217_v4_45_content_gio-salvador_tree_exercise_python_tree.py_cleaned.png,1,0,0.5873256623744965,0.41267433762550354
validation,25_4_content_captainACE_python-ADVANCEMATH-lib_lineq.py_cleaned.png,0,0,0.6713461875915527,0.32865381240844727
validation,23_35_content_jamescarney3_pybst_tree.py_cleaned.png,0,0,0.614408552646637,0.38559144735336304
validation,33_31_content_alexthejewell_photo_sorter_get_photo_data.py_cleaned.png,0,1,0.3623391389846802,0.6376608610153198
validation,234_v4_3_content_chamarli_ColudComputing-PrimeNumberValidator-master_prime_validator.py_cleaned.png,1,0,0.6755985021591187,0.32440149784088135
validation,236_v4_5_content_Algomaster0628_SelectionSortAlgorithm_selection_sort.py_cleaned.png,1,0,0.5579768419265747,0.4420231580734253
validation,204_v4_11_content_Hyperparticle_LemmaTag_lemmatag.py_cleaned.png,1,1,0.40396982431411743,0.5960301756858826
validation,1_10_content_patrickkingg_K-means_Clustering_kmeans.py_cleaned.png,0,0,0.5351056456565857,0.4648943543434143
validation,201_v4_13_content_sehajchawla_Compression_arithmetic.py_cleaned.png,1,0,0.5333912074565887,0.46660879254341125
validation,213_v4_20_content_DanielKrolopp_Sieves_Eratosthenes.py_cleaned.png,1,0,0.5548419058322906,0.44515809416770935
validation,236_v4_7_content_yashkant_pnas-binary-nets_train.py_cleaned.png,1,1,0.4135054349899292,0.5864945650100708
validation,2_11_content_langokalla_A-star-Pathfinder_map.py_cleaned.png,0,0,0.5120038986206055,0.48799610137939453
validation,6_17_content_kimjaeh10_Hybrid-Sort_LinkedList.py_cleaned.png,0,0,0.7263226211071014,0.27367737889289856
validation,82_v4_9_content_Soumyabrata_predicting-pwv_read_matfile.py_cleaned.png,1,0,0.5594804584980011,0.4405195415019989
validation,227_v4_64_content_xmenji_RSA_rsa.py_cleaned.png,1,1,0.28206008672714233,0.7179399132728577
validation,218_v4_4_content_mahimanzum_PCA-and-GMM-from-scratch-_PCA_With_GMM.py_cleaned.png,1,1,0.3820074200630188,0.6179925799369812
validation,238_v4_8_content_rprahlad1_guavabot_solver.py_cleaned.png,1,1,0.45795828104019165,0.5420417189598083
validation,35_27_content_ashwinvis98_Particle-Swarm-Optimization-for-Robotic-Search-Applications_ultrasonic_test.py_cleaned.png,0,1,0.48496556282043457,0.5150344371795654
validation,25_56_content_Desire100_Machine-Learning-Regression-Models-for-beginners_polynomial_linear_regression.py_cleaned.png,0,0,0.7266007661819458,0.2733992338180542
validation,4_12_content_kevinyang372_San-Francisco-crime-data-analysis_datasource.py_cleaned.png,0,0,0.5935793519020081,0.40642064809799194
validation,231_v4_6_content_mmcetindag_ShortestPathAlgorithms_dijkstra.py_cleaned.png,1,0,0.5386243760585785,0.4613756239414215
validation,2_10_content_lulu150003_Web-Scraping-Project_ProfileCrawler2019.py_cleaned.png,0,1,0.4890683889389038,0.5109316110610962
validation,27_6_content_1siddhi7_Floyd-Warshall_fw.py_cleaned.png,0,0,0.5883786380290985,0.4116213619709015
validation,210_v4_28_content_alexanderogle_Enigma_Machine_em_functions.py_cleaned.png,1,0,0.6503368020057678,0.3496631979942322
validation,73_76_content_staticparsley_HackerNews_WebScrape_scrape.py_cleaned.png,0,0,0.5488628149032593,0.4511371850967407
validation,219_v4_3_content_abantikabasak_ImprovisedDijkstraFlood_GraphInput.py_cleaned.png,1,0,0.5825158655643463,0.4174841344356537
validation,211_v4_35_content_riccardobisori_Binary-Trees_ResultsInsert.py_cleaned.png,1,0,0.6016380488872528,0.3983619511127472
validation,209_v4_26_content_nakamoo_dfs_v_function.py_cleaned.png,1,0,0.6378331184387207,0.3621668815612793
validation,28_5_content_AdamJacoby_Hopf_ElementClass.py_cleaned.png,0,1,0.37362968921661377,0.6263703107833862
validation,234_v4_8_content_BhushanVM_Market-Basker-Analyzer_son_spark.py_cleaned.png,1,1,0.4239403009414673,0.5760596990585327
validation,230_v4_7_content_Broski-AC_FizzBuzz1_Fizzbuzz.py_cleaned.png,1,0,0.6539677381515503,0.3460322618484497
validation,6_14_content_harrydurbin_temperature-monitoring_temperature.py_cleaned.png,0,0,0.6587128341197968,0.34128716588020325
validation,191_v4_13_content_hypervinay_Insertion-sort_Insertionsort.py_cleaned.png,1,1,0.39194899797439575,0.6080510020256042
validation,49_92_content_FranzScheerer_DES_x4.py_cleaned.png,0,0,0.600065678358078,0.399934321641922
validation,12_27_content_gcmurillo_sortingAlgorithmsComparation_shellSort.py_cleaned.png,0,0,0.5155009925365448,0.4844990074634552
validation,213_v4_34_content_polegarh_Eight-Puzzle_DFS.py_cleaned.png,1,0,0.5758873224258423,0.4241126775741577
validation,217_v4_49_content_christianThardy_Principal-Component-Analysis_pca.py_cleaned.png,1,1,0.45102977752685547,0.5489702224731445
validation,209_v4_19_content_CQuocDat_huffman_de_huffman.py_cleaned.png,1,0,0.6049962341785431,0.3950037658214569
validation,166_v4_5_content_Abdallah-Elshamy_floyd-warshall_APSP-Floyd_Warshall.py_cleaned.png,1,0,0.6115573048591614,0.3884426951408386
validation,201_v4_16_content_ydhnwb_sentiment_analysis_movie_preprocessing.py_cleaned.png,1,1,0.42377787828445435,0.5762221217155457
validation,48_92_content_FranzScheerer_DES_The_signature_with_ECDSA_or_Schnorr.py_cleaned.png,0,0,0.6132653951644897,0.38673460483551025
validation,202_v4_10_content_bradib0y_searchalgorithms_io.py_cleaned.png,1,1,0.4737292528152466,0.5262707471847534
validation,33_52_content_worldofnick_Wikipedia-Mining_wiki_prepare.py_cleaned.png,0,0,0.5641935765743256,0.43580642342567444
validation,210_v4_1_content_randombit_pairings.py_bls.py_cleaned.png,1,1,0.45403891801834106,0.5459610819816589
validation,5_13_content_trsavi_Largest-Common-Sequence_subSequence.py_cleaned.png,0,0,0.592048168182373,0.40795183181762695
validation,47_7_content_yashkant_pnas-binary-nets_train.py_cleaned.png,0,1,0.32474637031555176,0.6752536296844482
validation,92_94_content_ytnguyenedalgo_scrape_retail_site_scrape_macys.py_cleaned.png,0,0,0.5433118939399719,0.4566881060600281
validation,230_v4_6_content_JayDogon_RSA_Encrypt3.py_cleaned.png,1,0,0.5089037120342255,0.49109628796577454
validation,49_9_content_spaul1014_Dimensionality-Reduction-of-Images_Image_Classification_using_PCA_and_SVM.py_cleaned.png,0,0,0.5933921337127686,0.40660786628723145
validation,4_12_content_AtahanCelebi_Shortest-Route-with-Floyd-Warshall-Algorithm_map_distance.py_cleaned.png,0,0,0.5674329996109009,0.4325670003890991
validation,410_v4_21_content_DaSunnySide_Stock-Analysis_csv_practice.py_cleaned.png,1,0,0.5727957785129547,0.4272042214870453
validation,3_12_content_michaelasper_Diffie-Hellman_diffie_hellman.py_cleaned.png,0,0,0.6347871124744415,0.36521288752555847
validation,18_13_content_Pedinpsy_-inverted-index-search_main.py_cleaned.png,0,1,0.2949139475822449,0.7050860524177551
validation,34_36_content_guoziqingbupt_Huffman-Coding_HuffmanDecode.py_cleaned.png,0,0,0.5304129719734192,0.4695870280265808
validation,197_v4_10_content_nazaninsbr_Intelligent-Systems-CA3_Q3_Clustering.py_cleaned.png,1,0,0.7110685110092163,0.2889314889907837
validation,218_v4_22_content_Raxev_datastructures3_huffElement.py_cleaned.png,1,0,0.5961843132972717,0.40381568670272827
validation,42_43_content_agusmakmun_changewords_tests.py_cleaned.png,0,0,0.6134497821331024,0.3865502178668976
validation,469_v4_78_content_hsauers5_OptionsScraper_main.py_cleaned.png,1,1,0.4392296075820923,0.5607703924179077
validation,490_v4_96_content_sachinchaturvedi93_monster-scraper_monster-spider.py_cleaned.png,1,1,0.4925939440727234,0.5074060559272766
validation,18_2_content_Mypathissional_Data_Structures_AVL.py_cleaned.png,0,0,0.5932788252830505,0.40672117471694946
validation,48_25_content_OlaRonning_ah16_corenlp_client.py_cleaned.png,0,0,0.5425957143306732,0.4574042856693268
validation,223_v4_29_content_ntzhong_box_api_modify_links_main.py_cleaned.png,1,0,0.5191698968410492,0.4808301031589508
validation,478_v4_89_content_pratikdeshmukh2004_Web_scraping_flipcart.py_cleaned.png,1,0,0.5203000903129578,0.47969990968704224
validation,239_v4_9_content_muchlisinadi_ALPR-Indonesia_GenData.py_cleaned.png,1,0,0.5380909740924835,0.4619090259075165
validation,11_1_content_bhedavivek_prims_algorithm_graph.py_cleaned.png,0,0,0.5127978324890137,0.48720216751098633
validation,26_39_content_ercjns_WinOfTheDay_toolbox.py_cleaned.png,0,0,0.5527632832527161,0.44723671674728394
validation,18_33_content_Ryan-Fortner_bubble_sort_bubble_sort.py_cleaned.png,0,0,0.5133253335952759,0.4866746664047241
validation,49_8_content_Develop-It-19_Random_Forest_RF_Classifier_Wine_Quality.py_cleaned.png,0,0,0.5518389046192169,0.4481610953807831
validation,212_v4_1_content_sadnessFree_arima-lstm_combine-linear.py_cleaned.png,1,1,0.41969406604766846,0.5803059339523315
validation,67_74_content_jrathin_Web-Scraping_db.py_cleaned.png,0,1,0.35590386390686035,0.6440961360931396
validation,25_44_content_suzheng123_BFS_N-aryTreeLevel.py_cleaned.png,0,0,0.5691068172454834,0.4308931827545166
validation,38_33_content_chafiknaceri_Credit-Card-Debt_DebtLeft.py_cleaned.png,0,0,0.6257840096950531,0.3742159903049469
validation,32_53_content_ding-si-han_Flight-Length-BFS_graph.py_cleaned.png,0,0,0.5036943852901459,0.4963056147098541
validation,48_8_content_karangargg_trees-notes_trees1.py_cleaned.png,0,0,0.6704359650611877,0.32956403493881226
validation,20_49_content_pranurs_regression-model_main.py_cleaned.png,0,0,0.6672144532203674,0.33278554677963257
validation,17_34_content_robinkthomas_DFS1_authentication.py_cleaned.png,0,0,0.5795529186725616,0.42044708132743835
validation,201_v4_13_content_FN-HD_Elliptic_Curve_Cryptography_Main.py_cleaned.png,1,1,0.49806803464889526,0.5019319653511047
validation,228_v4_36_content_guoziqingbupt_Huffman-Coding_HuffmanDecode.py_cleaned.png,1,0,0.5304129719734192,0.4695870280265808
validation,6_18_content_ronak-07_Agglomerative-Hierarchical-Clustering_Preprocess.py_cleaned.png,0,0,0.5424432158470154,0.4575567841529846
validation,225_v4_6_content_coorty_apriori-agorithm-python_test_apriori_command_line.py_cleaned.png,1,0,0.548633873462677,0.451366126537323
validation,30_34_content_jackle98_Deque-Code-_Queue.py_cleaned.png,0,0,0.5224529802799225,0.4775470197200775
validation,201_v4_10_content_chiragragarwal_Graphs_And_Networks_numpy_help.py_cleaned.png,1,1,0.4656212329864502,0.5343787670135498
validation,235_v4_84_content_LatrecheYasser_Secure-Python-Chat_RSA.py_cleaned.png,1,0,0.5978503823280334,0.40214961767196655
validation,224_v4_32_content_AAMergulhao_Sort_Algorithms_algorithms.py_cleaned.png,1,0,0.6740256547927856,0.32597434520721436
validation,42_8_content_dianaelmasri_TravellingSalesManProblem_AStar_Kruskal_Recuit_test.py_cleaned.png,0,0,0.581682026386261,0.418317973613739
validation,222_v4_6_content_chiragragarwal_Graphs_And_Networks_numpy_help.py_cleaned.png,1,0,0.5609546303749084,0.43904536962509155
validation,210_v4_20_content_jhemesonmotta_PythonSelectionSort_selectionSort.py_cleaned.png,1,1,0.4336221218109131,0.5663778781890869
validation,237_v4_37_content_bouziane-meed_time-series-forcasting-using-ARIMA_app.py_cleaned.png,1,0,0.6780990958213806,0.3219009041786194
validation,202_v4_13_content_zerolxf_VRL-SGD_process_tiny_magenet.py_cleaned.png,1,0,0.5134898126125336,0.48651018738746643
validation,216_v4_1_content_sadnessFree_arima-lstm_lstm.py_cleaned.png,1,0,0.5478605628013611,0.4521394371986389
validation,2_11_content_sachinrajgowda_NetworkDesign_Kruskal_DisjointSet.py_cleaned.png,0,0,0.6406590938568115,0.3593409061431885
validation,44_75_content_yaroslava-tkachuk_quicksort_accelerated_quicksort_accelerated.py_cleaned.png,0,1,0.3860602378845215,0.6139397621154785
validation,197_v4_11_content_langokalla_A-star-Pathfinder_map.py_cleaned.png,1,1,0.4571842551231384,0.5428157448768616
validation,26_44_content_akbloodadarsh_Twitter-Sentimental-Analysis_MultinomialNaiveBayes.py_cleaned.png,0,1,0.4356157183647156,0.5643842816352844
validation,23_41_content_akshay-gupta7_kmeans-using-mapreduce_k_means_reducer.py_cleaned.png,0,0,0.5623361766338348,0.43766382336616516
validation,41_7_content_DMDarkness_Data-mining_Example_pyfpgrowth_fp2ar.py_cleaned.png,0,0,0.7097184956073761,0.2902815043926239
validation,9_18_content_wuqianfan_Variance-Reduction-for-Merton-Process-Monte-Carlo_Sampling_1.py_cleaned.png,0,1,0.4331795573234558,0.5668204426765442
validation,234_v4_7_content_work-nchc_PCAMN_pcamn_batch.py_cleaned.png,1,0,0.5225021839141846,0.47749781608581543
validation,48_7_content_mharsha315_Python---Hangman_Hangman.py_cleaned.png,0,1,0.36763399839401245,0.6323660016059875
validation,45_8_content_16chuang_CS161_Project_judge.py_cleaned.png,0,1,0.4310852885246277,0.5689147114753723
validation,37_v4_2_content_IhsanPratama_ccvs_functions.py_cleaned.png,1,1,0.4472472071647644,0.5527527928352356
validation,45_88_content_jinshang-msft_Dijkstra-Algorithm-Implementation_Dijkstra.py_cleaned.png,0,1,0.47306889295578003,0.52693110704422
validation,28_55_content_wangfan950309_TF-IDF_tf_idf.py_cleaned.png,0,1,0.402937650680542,0.597062349319458
validation,30_7_content_ghifarozarrr_floyd-warshall-algorithm_floyd.py_cleaned.png,0,1,0.43649089336395264,0.5635091066360474
validation,28_28_content_yifan0330_stock-trader_stocktrade_final.py_cleaned.png,0,0,0.7392047047615051,0.2607952952384949
validation,15_17_content_loranloranvl_ecc-point_ECC_Point.py_cleaned.png,0,1,0.4077684283256531,0.5922315716743469
validation,17_22_content_ABHIJIT-13_Kruskal-MST_kruskal.py_cleaned.png,0,0,0.6180615127086639,0.38193848729133606
validation,234_v4_23_content_clydedacruz_worddoc-indexer-py_create_index.py_cleaned.png,1,1,0.4233509302139282,0.5766490697860718
validation,228_v4_64_content_YifeiY_Depth-of-BTS_BTS_Depth.py_cleaned.png,1,1,0.39940494298934937,0.6005950570106506
validation,7_19_content_bowiechen_FactorialDigitsSum_Counter.py_cleaned.png,0,0,0.6673927903175354,0.3326072096824646
validation,213_v4_2_content_zalayo_Hierarchical-Linkage-Regression_HLRlinkages.py_cleaned.png,1,0,0.6279890239238739,0.3720109760761261
validation,48_7_content_natiqvahabov_stop_words_of_azerbaijani_extract.py_cleaned.png,0,0,0.6472155153751373,0.35278448462486267
validation,237_v4_70_content_metr0jw_video-liveness-measurement_video_cut_itzy.py_cleaned.png,1,0,0.6194624304771423,0.38053756952285767
validation,195_v4_13_content_IRLadderGoat_KKIK-venteliste-nr_venteliste.py_cleaned.png,1,1,0.39328426122665405,0.606715738773346
validation,41_68_content_jacob-bonner_ICS3U-Assignment7-Python_fibonacci.py_cleaned.png,0,0,0.5267556607723236,0.4732443392276764
validation,218_v4_36_content_prakhardogra921_Clustering-using-Kmeans-Cmeans-and-GMM_gmm_sklearn.py_cleaned.png,1,0,0.6142015755176544,0.3857984244823456
validation,79_82_content_rsmath_Personal-Bot_authenticate.py_cleaned.png,0,0,0.7324318885803223,0.26756811141967773
validation,249_v4_9_content_yangzi4_gPCA_gPCA_simulation.py_cleaned.png,1,0,0.5224455893039703,0.47755441069602966
validation,34_40_content_kurosh-wss_Insersion-Sort_insertionSort.py_cleaned.png,0,0,0.6131387054920197,0.38686129450798035
validation,221_v4_58_content_Deborah-byte_data-strictures-and-algorithms_binary-search-tree-algo.py_cleaned.png,1,0,0.5763170123100281,0.4236829876899719
validation,196_v4_1_content_dedeco_dijkstra-bellman-ford_bellman_ford.py_cleaned.png,1,0,0.6434138417243958,0.35658615827560425
validation,224_v4_2_content_DavidWallacedot_recursiveFunctions.py_recursive.py_cleaned.png,1,0,0.6398241817951202,0.36017581820487976
validation,9_19_content_riccardobisori_Binary-Trees_TestHeights.py_cleaned.png,0,1,0.40400397777557373,0.5959960222244263
validation,220_v4_20_content_suchitnasre_Air-Passengers-model-using-ARIMA_Airpassenger_ARIMA.py_cleaned.png,1,0,0.6269922256469727,0.37300777435302734
validation,37_54_content_DNPA_txhqueue_txbasetest.py_cleaned.png,0,0,0.6163336038589478,0.38366639614105225
validation,25_25_content_diXime_PrimaryNumbers_utx.py_cleaned.png,0,0,0.6776345074176788,0.32236549258232117
validation,36_5_content_domodomodomo_binary_search_tree_binary_search_tree.py_cleaned.png,0,0,0.6992104947566986,0.3007895052433014
validation,195_v4_10_content_stensonowen_factorial_bot_text2num.py_cleaned.png,1,0,0.5211719870567322,0.4788280129432678
validation,235_v4_49_content_guptavasu1213_Comparing-Sorting-Algorithms_compare_sorting.py_cleaned.png,1,0,0.7264909446239471,0.27350905537605286
validation,30_45_content_kriti149_Text-Summarizer_txt_summarization.py_cleaned.png,0,0,0.6681546568870544,0.33184534311294556
validation,17_38_content_emilyhammer_fibonacci_app.py_cleaned.png,0,1,0.4876338243484497,0.5123661756515503
validation,226_v4_1_content_susheelsagar_LCSS_final_loader.py_cleaned.png,1,0,0.588347852230072,0.411652147769928
validation,39_66_content_Fremont28_movie_recommender-_movies_tfidf.py_cleaned.png,0,0,0.6037088930606842,0.3962911069393158
validation,228_v4_58_content_zhaoyichanghong_machine_learing_algo_python_agnes.py_cleaned.png,1,0,0.529107928276062,0.470892071723938
validation,28_40_content_ajh1143_BinarySearchTreePractice_BST.py_cleaned.png,0,0,0.7185922265052795,0.28140777349472046
validation,16_27_content_gabysoares_PythonBinaryTree_ReconstructTree.py_cleaned.png,0,0,0.5342169106006622,0.46578308939933777
validation,21_19_content_darkerego_blitzkloud_server.py_cleaned.png,0,0,0.6531316339969635,0.3468683660030365
validation,32_2_content_rdisipio_prime_numbers_primes.py_cleaned.png,0,1,0.44310206174850464,0.5568979382514954
validation,232_v4_27_content_ashwinvis98_Particle-Swarm-Optimization-for-Robotic-Search-Applications_aruco_detect.py_cleaned.png,1,1,0.4760357737541199,0.5239642262458801
validation,12_18_content_TorugoH_quickSort_quick.py_cleaned.png,0,0,0.6125804781913757,0.38741952180862427
validation,9_2_content_jdk20_tsne_main.py_cleaned.png,0,1,0.43251746892929077,0.5674825310707092
validation,25_20_content_Numanor_pyssocks5_local.py_cleaned.png,0,1,0.358772337436676,0.641227662563324
validation,41_6_content_pushpanjalis_Basic-python-code_basic_code.py_cleaned.png,0,0,0.6389495134353638,0.36105048656463623
validation,46_8_content_aboood40091_BFSTM-to-BFWAV_conv.py_cleaned.png,0,1,0.39092588424682617,0.6090741157531738
validation,50_9_content_OJFord_python-tailrecursion_tailrecursion.py_cleaned.png,0,0,0.5191689133644104,0.4808310866355896
validation,203_v4_16_content_adityalokesh_Polynomial_Regressor_polynomial_regression.py_cleaned.png,1,0,0.5691975355148315,0.43080246448516846
validation,213_v4_37_content_saurabhzingade_Naive-Bayes-Basic_naive.py_cleaned.png,1,1,0.4716339111328125,0.5283660888671875
validation,28_17_content_gorarakelyan_JointUD_train.py_cleaned.png,0,1,0.3997386693954468,0.6002613306045532
validation,198_v4_11_content_SharifAmit_HuffmanCoding_encoder.py_cleaned.png,1,1,0.4967888593673706,0.5032111406326294
validation,20_31_content_jwjohns_binary-tree_python_binary_tree_search.py_cleaned.png,0,0,0.7241514027118683,0.2758485972881317
validation,237_v4_9_content_fritzwill_apriori-algorithm_apriori.py_cleaned.png,1,1,0.26478224992752075,0.7352177500724792
validation,236_v4_5_content_anguillanneuf_bigO_89_license_plate.py_cleaned.png,1,0,0.5045613944530487,0.4954386055469513
validation,217_v4_26_content_bahadircolak44_EllipticCurve_PointAddition.py_cleaned.png,1,1,0.3516474962234497,0.6483525037765503
validation,210_v4_36_content_dchrostowski_autoproxy_dry_run.py_cleaned.png,1,0,0.5854328870773315,0.41456711292266846
validation,213_v4_27_content_KyleSeaman201_Ordered-Linked-List_Ordered_Linked_List.py_cleaned.png,1,0,0.6385962963104248,0.3614037036895752
validation,49_9_content_naviechan_sortingAlgorithmDemo_bubbleSort.py_cleaned.png,0,0,0.5779435634613037,0.4220564365386963
validation,19_26_content_bahadircolak44_EllipticCurve_extEuclid.py_cleaned.png,0,0,0.5945773124694824,0.4054226875305176
validation,29_3_content_iykadev_pyalgo_golden_ratio.py_cleaned.png,0,0,0.6842327415943146,0.3157672584056854
validation,196_v4_11_content_kousu_primes_cubesieve_explore.py_cleaned.png,1,1,0.24484896659851074,0.7551510334014893
validation,6_16_content_hoefler02_diffie-hellman_dh_client.py_cleaned.png,0,1,0.4496861696243286,0.5503138303756714
validation,25_35_content_ankitsejwal_organize-folder_organize.py_cleaned.png,0,0,0.5273904502391815,0.4726095497608185
validation,216_v4_5_content_AdamJacoby_Hopf_Algebra_Tools.py_cleaned.png,1,1,0.460862934589386,0.539137065410614
validation,48_80_content_hanas879_Payday-2-Big-Oil-Engine-Calculator_engineCalculator.py_cleaned.png,0,0,0.6847295165061951,0.31527048349380493
validation,226_v4_3_content_facebookresearch_deep-variance-reduction_optimizers.py_cleaned.png,1,0,0.5963058769702911,0.40369412302970886
validation,232_v4_72_content_tusharnema_Implementing-Algorithms-in-python_adj_list.py_cleaned.png,1,0,0.5033217370510101,0.49667826294898987
validation,1_11_content_lanaelsanyoura_BubbleSort_object_graphics.py_cleaned.png,0,0,0.5079630315303802,0.49203696846961975
validation,32_23_content_ayushkumarshah_Complexity-of-Linear-and-Binary-Search_code.py_cleaned.png,0,0,0.7521395683288574,0.24786043167114258
validation,3_11_content_XlogicX_Fibonacci_fib.py_cleaned.png,0,1,0.4576866626739502,0.5423133373260498
validation,212_v4_12_content_ianscottknight_Predicting-Myers-Briggs-Type-Indicator-with-Recurrent-Neural-Networks_trump_predictor.py_cleaned.png,1,1,0.39177781343460083,0.6082221865653992
validation,3_11_content_SharifAmit_HuffmanCoding_encoder.py_cleaned.png,0,0,0.6888244152069092,0.3111755847930908
validation,237_v4_92_content_tule2236_superheros-social-graph_degrees-of-seperation.py_cleaned.png,1,0,0.5469478666782379,0.4530521333217621
validation,243_v4_3_content_iykadev_pyalgo_zhang_suen_thinning_algo.py_cleaned.png,1,0,0.6050595939159393,0.39494040608406067
validation,202_v4_1_content_SICTC_BST_BinSearchTree.py_cleaned.png,1,0,0.6086461544036865,0.3913538455963135
validation,39_5_content_anguillanneuf_bigO_54_fix_tampered_bst_efficient.py_cleaned.png,0,0,0.5055823028087616,0.4944176971912384
validation,202_v4_23_content_AndreasChatz_factorial_prime_swing.py_cleaned.png,1,0,0.6036846935749054,0.3963153064250946
validation,190_v4_11_content_lanaelsanyoura_BubbleSort_object_graphics.py_cleaned.png,1,1,0.40773457288742065,0.5922654271125793
validation,246_v4_9_content_singgihnft_BFS-and-DFS_Breadth_First_Search.py_cleaned.png,1,0,0.5149671733379364,0.4850328266620636
validation,3_16_content_exitmsconfig_python_knn.py_cleaned.png,0,1,0.46517252922058105,0.534827470779419
validation,231_v4_86_content_Enkhai_simple-DES_permutations.py_cleaned.png,1,0,0.550842672586441,0.44915732741355896
validation,40_61_content_hlalit_Data-Structures-Python_BinaryTree.py_cleaned.png,0,0,0.7130818068981171,0.28691819310188293
validation,11_16_content_helloiamivan_crypto-quant_cryptoscreener.py_cleaned.png,0,0,0.6828590035438538,0.31714099645614624
validation,230_v4_40_content_Charles-Peeke_clinical_variances_sponsor_app.py_cleaned.png,1,0,0.515301913022995,0.484698086977005
validation,18_1_content_sadnessFree_arima-lstm_combine.py_cleaned.png,0,1,0.383502721786499,0.616497278213501
validation,25_29_content_ntzhong_box_api_modify_links_main.py_cleaned.png,0,0,0.519146740436554,0.48085325956344604
validation,227_v4_4_content_JakubVojvoda_elliptic-curve-brute-force_decipher.py_cleaned.png,1,1,0.27244478464126587,0.7275552153587341
validation,49_9_content_anishur_ARIMA-MODEL_arima.py_cleaned.png,0,0,0.7018643915653229,0.2981356084346771
validation,223_v4_3_content_iykadev_pyalgo_e_number.py_cleaned.png,1,0,0.6190033853054047,0.38099661469459534
validation,226_v4_5_content_Schemberizer_Binary-Tree-Compression_tree.py_cleaned.png,1,1,0.4312668442726135,0.5687331557273865
validation,45_7_content_allenabraham999_Bubble-sort_bubble_sort.py_cleaned.png,0,1,0.49106574058532715,0.5089342594146729
validation,239_v4_36_content_akaif95_U.S-Currency-Patterns_us_currency_regex.py_cleaned.png,1,1,0.4126197099685669,0.5873802900314331
validation,14_15_content_VakinduPhilliam_Pattern_Matching_Python_Difflib_Pattern_Matching_Unified_Diff.py_cleaned.png,0,0,0.5934503078460693,0.40654969215393066
validation,227_v4_61_content_GauravRoy48_Polynomial-Regression_plr_GR.py_cleaned.png,1,1,0.47148191928863525,0.5285180807113647
validation,10_11_content_kirokuan_Idf-tf-DocCompare_VectorSpace.py_cleaned.png,0,0,0.5923196375370026,0.40768036246299744
validation,225_v4_76_content_sylvain-reynaud_projet-voltaire-solver_projetvoltairesolver.py_cleaned.png,1,0,0.590161144733429,0.40983885526657104
validation,38_65_content_swaruptripathy_two_way_anova_two_way_anova.py_cleaned.png,0,0,0.81301049888134,0.18698950111865997
validation,30_5_content_Fmccline_Prims-Algorithm_graph_builder.py_cleaned.png,0,0,0.5611055195331573,0.43889448046684265
validation,25_1_content_jim-spyropoulos_Trajectory-Analysis-and-Classification-in-Python-Pandas-and-Scikit-Learn_grid_points.py_cleaned.png,0,0,0.5398739278316498,0.4601260721683502
validation,435_v4_40_content_roddock_web-crawling_main_scraping.py_cleaned.png,1,0,0.6196087300777435,0.38039126992225647
validation,223_v4_5_content_AdamJacoby_Hopf_Frobenius_Divisibility_Algorithm.py_cleaned.png,1,1,0.31978392601013184,0.6802160739898682
validation,196_v4_15_content_mahfuzali_AzureRSAPy_run.py_cleaned.png,1,0,0.6897615790367126,0.31023842096328735
validation,41_6_content_sherlvick_sentimental-analysis_SVM_svm_test_0.py_cleaned.png,0,0,0.5231088697910309,0.4768911302089691
validation,238_v4_29_content_diego95root_CryptoAttacks_serverHMAC.py_cleaned.png,1,1,0.41224074363708496,0.587759256362915
validation,50_9_content_Sknapper4_CS3310A2_main.py_cleaned.png,0,1,0.4598785638809204,0.5401214361190796
validation,205_v4_15_content_VakinduPhilliam_Pattern_Matching_Python_Difflib_Pattern_Matching_Differ.py_cleaned.png,1,0,0.6105557084083557,0.3894442915916443
validation,44_83_content_Akshaykanth_COPrediction_createModel.py_cleaned.png,0,0,0.5730537176132202,0.4269462823867798
validation,209_v4_19_content_tanishqjasoria_elliptic_curve_cryptography_mod.py_cleaned.png,1,0,0.5540191233158112,0.44598087668418884
validation,209_v4_1_content_nageshsinghc4_stock-market-forecasting_ZBH_stock.py_cleaned.png,1,1,0.4765772223472595,0.5234227776527405
validation,16_20_content_IbrahimAyed_Multifractal-analysis-of-natural-images_zoom.py_cleaned.png,0,0,0.5818128287792206,0.4181871712207794
validation,27_20_content_aditiopangestu_spam_data_converter_lingspam_filter.py_cleaned.png,0,1,0.4693659543991089,0.5306340456008911
validation,51_49_content_S-GH_WebtoonReply_Scraping-and-Sentiment_Analysis_2._Preprocess.py_cleaned.png,0,0,0.5206471383571625,0.4793528616428375
validation,231_v4_8_content_fepz_AyCC_aycc.py_cleaned.png,1,0,0.8586458265781403,0.14135417342185974
validation,32_31_content_tobymyers_codingthematrix_bitutil.py_cleaned.png,0,0,0.5903899967670441,0.40961000323295593
validation,225_v4_4_content_reza-asad_Prims-Minimum-Spanning-Tree_Prim_s_algorithm.py_cleaned.png,1,0,0.6469168663024902,0.35308313369750977
validation,39_64_content_YifeiY_Depth-of-BTS_BTS_Depth.py_cleaned.png,0,1,0.3767005205154419,0.6232994794845581
validation,15_24_content_Patrik-Stas_kata-bst-tree_bst_ll.py_cleaned.png,0,1,0.4958847761154175,0.5041152238845825
validation,204_v4_24_content_lesdev_SortingMethods_quicksort.py_cleaned.png,1,1,0.4740522503852844,0.5259477496147156
validation,205_v4_31_content_atorulia_Some-kind-of-sort-algorithm_InsertionSort.py_cleaned.png,1,0,0.6124037206172943,0.3875962793827057
validation,26_27_content_mozarik_quicksortPython_insertionSort.py_cleaned.png,0,0,0.5832136571407318,0.4167863428592682
validation,20_36_content_dchrostowski_autoproxy_dry_run.py_cleaned.png,0,0,0.6492446959018707,0.3507553040981293
validation,8_16_content_sharatchandraj_MaxBandwidthPath_DijkstrasWithHeap.py_cleaned.png,0,0,0.5084617137908936,0.49153828620910645
validation,207_v4_16_content_mukosh123_primegenetator_primeg.py_cleaned.png,1,0,0.5684708952903748,0.43152910470962524
validation,26_1_content_Chunning-Zhou_MILPBasedSearchAlgorithmDiff_function.py_cleaned.png,0,0,0.7276074290275574,0.2723925709724426
validation,20_20_content_UAvinash7_Cryptography_AsymmetricRSAAlgorithm.py_cleaned.png,0,0,0.5800601541996002,0.4199398458003998
validation,231_v4_2_content_shreya21rathi_Longest-Common-Subsequence_lcs.py_cleaned.png,1,1,0.4122684597969055,0.5877315402030945
validation,4_11_content_OlgaCobaquil_One-Time-Pad_onetimepad.py_cleaned.png,0,1,0.3591853976249695,0.6408146023750305
validation,18_3_content_kressi_turing_turing.py_cleaned.png,0,0,0.579035609960556,0.42096439003944397
validation,17_46_content_ThallysSo_criptografia-rsa_gerarChaves.py_cleaned.png,0,1,0.4483332633972168,0.5516667366027832
validation,231_v4_62_content_MurphyPone_fibo-converter_main.py_cleaned.png,1,0,0.6478363871574402,0.3521636128425598
validation,476_v4_85_content_givonz_WebScraping_scrubClarkeTtl.py_cleaned.png,1,0,0.6600320637226105,0.3399679362773895
validation,21_35_content_fireclawthefox_DirectGuiDesigner_main.py_cleaned.png,0,0,0.6140279173851013,0.3859720826148987
validation,23_32_content_jtuckerk_oscar_prediction_full_featureset_prediction.py_cleaned.png,0,0,0.5912087261676788,0.40879127383232117
validation,237_v4_88_content_NoFishLikeIan_Dijkstra_currency_currency_api.py_cleaned.png,1,0,0.5369962155818939,0.4630037844181061
validation,30_6_content_LinHungShi_Principal-Component-Analysis-for-Images_pca_whole_image.py_cleaned.png,0,0,0.7634275257587433,0.2365724742412567
validation,21_24_content_vijayant123_music-sortt_sort.py_cleaned.png,0,0,0.6181446313858032,0.3818553686141968
validation,212_v4_21_content_KingYapster_ECC-Elliptic-Curve-Cryptography-in-Python_ECC.py_cleaned.png,1,0,0.5954091250896454,0.4045908749103546
validation,247_v4_95_content_konradpoweska_pca-sound-compression_wav.py_cleaned.png,1,0,0.518527090549469,0.481472909450531
validation,225_v4_67_content_theSnehaThing_NaiveBayes_Naive-Bayes_Classifier.py_cleaned.png,1,1,0.4264802932739258,0.5735197067260742
validation,198_v4_13_content_chandimajayawickrama_Simple-Sorting-Algorithms_insertion_sort.py_cleaned.png,1,1,0.41154909133911133,0.5884509086608887
validation,48_6_content_gionanide_Cryptography_VernamCipher.py_cleaned.png,0,1,0.479492723941803,0.520507276058197
validation,214_v4_12_content_romanorac_elastic_localized_search_controller_elastic.py_cleaned.png,1,1,0.4430375099182129,0.5569624900817871
validation,43_7_content_aira26_HomeWork3_bubblesortclass.py_cleaned.png,0,0,0.5787949860095978,0.4212050139904022
validation,218_v4_4_content_raghavgsk25_polynomial-regression-1_pl.py_cleaned.png,1,0,0.695919394493103,0.304080605506897
validation,3_11_content_AlfioEmanueleFresta_practical-one-time-pad-python_exercise2.py_cleaned.png,0,0,0.545502632856369,0.454497367143631
validation,224_v4_2_content_jaurelio1_Huffman_Opencv_main.py_cleaned.png,1,0,0.5013965666294098,0.4986034333705902
validation,227_v4_61_content_mcsweena_Dijkstras-Algorithm_bidirectional_dijkstra.py_cleaned.png,1,1,0.4384043216705322,0.5615956783294678
validation,205_v4_31_content_danieltshibangu_QueuePay_diranySolution.py_cleaned.png,1,1,0.49668997526168823,0.5033100247383118
validation,202_v4_13_content_dannbleeker_SearchForPrimeNumbers_runPrimeSearch.py_cleaned.png,1,1,0.3543848991394043,0.6456151008605957
validation,206_v4_25_content_01FE16BME072_PolynomialRegression_polyregmy.py_cleaned.png,1,0,0.5246973037719727,0.47530269622802734
validation,25_4_content_rohinigopalqxf2_Factorial-Calculator-Practice_04_Calculation.py_cleaned.png,0,1,0.4858880043029785,0.5141119956970215
validation,230_v4_67_content_damianrr_bisect-ordered-file_bisect_file_with_numbers.py_cleaned.png,1,1,0.40209150314331055,0.5979084968566895
validation,212_v4_16_content_NB-prog_INTERN-2019_analogy_eval.py_cleaned.png,1,1,0.4247925281524658,0.5752074718475342
validation,37_2_content_Yash0day_ElgamalEncryption-using-ECC_Hash.py_cleaned.png,0,0,0.5454358756542206,0.4545641243457794
validation,221_v4_59_content_orzinger_8-Puzzle-game_World_State.py_cleaned.png,1,0,0.5221894085407257,0.4778105914592743
validation,38_89_content_shivamsaigupta_RSA_Generator_main.py_cleaned.png,0,0,0.5476688742637634,0.4523311257362366
validation,201_v4_17_content_kwikadi_BFS-v-DFS_bfs.py_cleaned.png,1,0,0.6103940010070801,0.3896059989929199
validation,207_v4_3_content_iykadev_pyalgo_anagram3.py_cleaned.png,1,0,0.5812977254390717,0.41870227456092834
validation,5_14_content_LOOPPO_INS_MERGE_sort_insertionSort.py_cleaned.png,0,1,0.48201942443847656,0.5179805755615234
validation,14_24_content_Brew8it_Python_DHAES_AES.py_cleaned.png,0,0,0.5907793939113617,0.4092206060886383
validation,36_3_content_iRGBit_indexhelper_indexer.py_cleaned.png,0,1,0.3283610939979553,0.6716389060020447
validation,228_v4_2_content_squeaky-godzilla_prime-factors_prime_factors.py_cleaned.png,1,0,0.5542612075805664,0.4457387924194336
validation,221_v4_39_content_mirajp_tweet_sentiments_baseline.py_cleaned.png,1,1,0.4459662437438965,0.5540337562561035
validation,218_v4_27_content_mozarik_quicksortPython_insertionSort.py_cleaned.png,1,1,0.48157745599746704,0.518422544002533
validation,7_16_content_0v3rW4tch_Cryptography-course-design_DES_destruct.py_cleaned.png,0,0,0.6142365634441376,0.3857634365558624
validation,202_v4_1_content_dedeco_dijkstra-bellman-ford_utils.py_cleaned.png,1,1,0.49508386850357056,0.5049161314964294
validation,27_32_content_paolazola_Scraping-data-from-Web_StreamingData.py_cleaned.png,0,1,0.48576754331588745,0.5142324566841125
validation,34_46_content_MrJmk_protocoles_crypto_Diffie-Hellman.py_cleaned.png,0,0,0.5539757609367371,0.44602423906326294
validation,231_v4_6_content_muhammadhabibi_CBS01_Main.py_cleaned.png,1,0,0.6512616574764252,0.34873834252357483
validation,176_v4_8_content_chiragragarwal_Graphs_And_Networks_numpy_help.py_cleaned.png,1,1,0.47696125507354736,0.5230387449264526
validation,5_12_content_Rafelito19_Crypo-Number-Theory-Projects_ferm.py_cleaned.png,0,1,0.4887627959251404,0.5112372040748596
validation,211_v4_25_content_HunterXuan_QAMatch_search.py_cleaned.png,1,0,0.6083963215351105,0.3916036784648895
validation,229_v4_26_content_BroadbentT_BASE64-AES_base64-aes_cbc.py_cleaned.png,1,0,0.5328613817691803,0.4671386182308197
validation,193_v4_17_content_kimjaeh10_Hybrid-Sort_LinkedList.py_cleaned.png,1,0,0.6261869370937347,0.37381306290626526
validation,13_19_content_frankiekienlam_Fibonacci_Pyramids_test_pset.py_cleaned.png,0,1,0.4436824321746826,0.5563175678253174
validation,220_v4_5_content_gabriel-arauj_grafos_teste_desempenho.py_cleaned.png,1,0,0.6190142035484314,0.3809857964515686
validation,206_v4_31_content_benarg_A_star-BFS-Dijkstra-algorithms_AI_assignment3_part2.py_cleaned.png,1,1,0.4958871603012085,0.5041128396987915
validation,221_v4_29_content_gdkat_Recursive-DNS-Client-Server-Communication_client.py_cleaned.png,1,1,0.43561041355133057,0.5643895864486694
validation,227_v4_61_content_AaronRobson_sequences_triangle_numbers.py_cleaned.png,1,1,0.4435437321662903,0.5564562678337097
validation,206_v4_3_content_iykadev_pyalgo_anagram2.py_cleaned.png,1,0,0.5124081671237946,0.48759183287620544
validation,421_v4_32_content_paolazola_Scraping-data-from-Web_StreamingData.py_cleaned.png,1,0,0.6296336054801941,0.3703663945198059
validation,21_30_content_sdws1983_The-big-data-OF-The-Plant-Cell_calculate-author.py_cleaned.png,0,1,0.3635689616203308,0.6364310383796692
validation,200_v4_1_content_colettebedoya_primsAndKruskal_DisjointSet.py_cleaned.png,1,1,0.4493909478187561,0.5506090521812439
validation,243_v4_8_content_16chuang_CS161_Project_CLCSSlow.py_cleaned.png,1,1,0.42348235845565796,0.576517641544342
validation,12_15_content_ganigavinaya_LogisticRegression_LRwithoutStopWords.py_cleaned.png,0,0,0.5704583525657654,0.4295416474342346
validation,43_4_content_jomse_InsertionSort_tests.py_cleaned.png,0,0,0.5346700251102448,0.46532997488975525
validation,232_v4_44_content_arun-p12_sort-algorithms_heap_sort.py_cleaned.png,1,1,0.4702485203742981,0.5297514796257019
validation,202_v4_15_content_ihavenonickname_RSA_rsa.py_cleaned.png,1,0,0.5271223783493042,0.4728776216506958
validation,45_7_content_anderspkd_broken-one-time-pad_somecode.py_cleaned.png,0,1,0.40918463468551636,0.5908153653144836
validation,19_1_content_sadnessFree_arima-lstm_data_review.py_cleaned.png,0,1,0.4131097197532654,0.5868902802467346
validation,26_29_content_MeriBalasanyan_Circular_Linked_List_circular_linked_list.py_cleaned.png,0,1,0.38565123081207275,0.6143487691879272
validation,47_95_content_KyawHtetWin_RSA-Encryption-Decryption_rsa_encryption.py_cleaned.png,0,0,0.5481052696704865,0.45189473032951355
validation,238_v4_5_content_alexeyev_nm_main.py_cleaned.png,1,0,0.56800177693367,0.43199822306632996
validation,31_60_content_michaelstrefeler_pyFibonacci_fibonacci.py_cleaned.png,0,0,0.73917555809021,0.26082444190979004
validation,36_33_content_ilkayDevran_Analysis_of_Sorting_Algorithms_allInOne.py_cleaned.png,0,0,0.614065021276474,0.385934978723526
validation,225_v4_2_content_JoshuaEbenezer_huffman_encoding_huffman.py_cleaned.png,1,1,0.49010413885116577,0.5098958611488342
validation,224_v4_18_content_ppke-nlpg_emmorphpy_emmorphrest.py_cleaned.png,1,0,0.6188311874866486,0.38116881251335144
validation,45_8_content_Shreyaskulkarni98_MarketAnalysis_Basic_Main.py_cleaned.png,0,0,0.644013524055481,0.35598647594451904
validation,44_6_content_gionanide_Cryptography_ECC_DH_key_exchange.py_cleaned.png,0,0,0.5285642147064209,0.4714357852935791
validation,202_v4_23_content_mpgiii_binarysearchtree_unittests.py_cleaned.png,1,0,0.5481532216072083,0.45184677839279175
validation,16_16_content_NB-prog_INTERN-2019_analogy_eval.py_cleaned.png,0,1,0.37474024295806885,0.6252597570419312
validation,47_v4_1_content_vuolleko_pyTSNE_data.py_cleaned.png,1,0,0.5367864668369293,0.4632135331630707
validation,9_3_content_cdr6934_eSMA_ExpSMA.py_cleaned.png,0,0,0.5004201531410217,0.49957984685897827
validation,10_13_content_limqiying_crypto_final_project_DH-test.py_cleaned.png,0,0,0.621693342924118,0.37830665707588196
validation,33_49_content_ReydVires_monte_carlo_mean_variance.py_cleaned.png,0,1,0.38815897703170776,0.6118410229682922
validation,211_v4_43_content_hraizes_Sorting_SortingPractice.py_cleaned.png,1,1,0.4441128969192505,0.5558871030807495
validation,207_v4_12_content_ianscottknight_Predicting-Myers-Briggs-Type-Indicator-with-Recurrent-Neural-Networks_differentiate_words.py_cleaned.png,1,1,0.47730451822280884,0.5226954817771912
validation,13_1_content_MarcoForte_knn-matting_knn_matting.py_cleaned.png,0,1,0.4330483675003052,0.5669516324996948
validation,38_5_content_anguillanneuf_bigO_38_rabin_karp.py_cleaned.png,0,0,0.5777823030948639,0.4222176969051361
validation,209_v4_1_content_rosshochwert_arbitrage_arbitrage_py3.py_cleaned.png,1,0,0.5032280683517456,0.4967719316482544
validation,43_79_content_s1ssagar_fibonacci-finding-easy_fibonacci-finding-easy.py_cleaned.png,0,1,0.4883209466934204,0.5116790533065796
validation,49_4_content_Ityer_3x3_Squared_Magic_Square_Finder_randomGuessing_OLD.py_cleaned.png,0,0,0.5615447759628296,0.4384552240371704
validation,9_3_content_iykadev_pyalgo_anagram2.py_cleaned.png,0,0,0.508001834154129,0.49199816584587097
validation,40_57_content_sangyh_discrete-event-simulation_read_output.py_cleaned.png,0,0,0.6079078912734985,0.39209210872650146
validation,41_7_content_gautamdasika_Document-Search-Engine_finalsearch.py_cleaned.png,0,0,0.6482787132263184,0.35172128677368164
validation,20_2_content_johnrobyclayton_division-project_plot.py_cleaned.png,0,1,0.46034085750579834,0.5396591424942017
validation,49_92_content_paulfauthmayer_versopy_verso.py_cleaned.png,0,0,0.5364184677600861,0.46358153223991394
validation,234_v4_6_content_psavery_quick_sort_quick_sort.py_cleaned.png,1,1,0.4221801161766052,0.5778198838233948
validation,8_17_content_yujiex9_LinkedList_reorder_linkedlist.py_cleaned.png,0,0,0.6333049535751343,0.3666950464248657
validation,200_v4_13_content_ctao5660_huffman-tree_huffmancompression.py_cleaned.png,1,0,0.5669126212596893,0.43308737874031067
validation,243_v4_8_content_GHasanKaraman_CS_PolynomialRegression_pr3.py_cleaned.png,1,0,0.6257160902023315,0.37428390979766846
validation,43_42_content_naomistuart_flight-scraping_main.py_cleaned.png,0,1,0.4046133756637573,0.5953866243362427
validation,231_v4_4_content_gionanide_Cryptography_manipulate_CRC_computations.py_cleaned.png,1,0,0.5237394273281097,0.47626057267189026
validation,206_v4_11_content_Boros93_GraphProject_test_prim.py_cleaned.png,1,0,0.5008151829242706,0.49918481707572937
validation,218_v4_24_content_regnarg_prf-turing-machine_tm.py_cleaned.png,1,1,0.33487993478775024,0.6651200652122498
validation,69_74_content_jrathin_Web-Scraping_P_Data.py_cleaned.png,0,0,0.6592017710208893,0.3407982289791107
validation,223_v4_4_content_JosephFWright_Prims_Algorithm_main.py_cleaned.png,1,1,0.4758754372596741,0.5241245627403259
validation,19_22_content_mikaelharseno_DurianBot_solver.py_cleaned.png,0,0,0.5635961890220642,0.4364038109779358
validation,229_v4_1_content_guoliu_London-scikit_LondonScikit.py_cleaned.png,1,0,0.5507884919643402,0.4492115080356598
validation,29_4_content_Khante_Distance-Vector-Algorithm_link_1.py_cleaned.png,0,1,0.40765249729156494,0.5923475027084351
validation,211_v4_3_content_akh5113_BFS-Wrestling-Teams_Homework5.py_cleaned.png,1,0,0.5546647310256958,0.4453352689743042
validation,10_2_content_shadykdc_Probabilistic_Inference_courseworks_123.py_cleaned.png,0,0,0.7882158607244492,0.21178413927555084
validation,25_3_content_Avinash793_FPGrowth-and-Apriori-algorithm-Association-Rule-Data-Mining_Apriori-algorithm-using-HashTree.py_cleaned.png,0,0,0.7784575372934341,0.22154246270656586
validation,167_v4_5_content_jzell001_Bellman_Ford_Floyd_Warshall_._c9_invoke_zARza2.py_cleaned.png,1,0,0.5199108123779297,0.4800891876220703
validation,10_15_content_leni1_python-fizzbuzz_fizzbuzz_test.py_cleaned.png,0,0,0.5160976350307465,0.48390236496925354
validation,46_92_content_kousthub93_Web-Crawler_hw1_bfs.py_cleaned.png,0,0,0.7030437886714935,0.29695621132850647
validation,238_v4_8_content_rianlian7_FibonacciSequence-Python-Tk_Fibonacci_Sequence.py_cleaned.png,1,0,0.5534116625785828,0.44658833742141724
validation,4_12_content_shinevalora_asyncio_tornado_queues_requests_demo_test.py_cleaned.png,0,1,0.49492812156677246,0.5050718784332275
validation,15_24_content_GrayHat12_Desktop-GrayBot_playlist.py_cleaned.png,0,0,0.6306008100509644,0.36939918994903564
validation,9_28_content_mmelodea_CodesForPCA_pca_analysis2.py_cleaned.png,0,0,0.8262716680765152,0.1737283319234848
validation,244_v4_81_content_Saiteja-Reddy_Basic-SFTP_caesar_cipher.py_cleaned.png,1,0,0.6055336594581604,0.3944663405418396
validation,213_v4_1_content_colettebedoya_primsAndKruskal_DisjointSet.py_cleaned.png,1,1,0.4373010993003845,0.5626989006996155
validation,25_19_content_longnguyen1997_linear-versus-binary-search_search_runtime_longnguyen.py_cleaned.png,0,1,0.47975558042526245,0.5202444195747375
validation,48_9_content_jeffwang0516_Frequent-Itemset-Mining_apriori.py_cleaned.png,0,0,0.5381689965724945,0.4618310034275055
validation,234_v4_60_content_dunglq2000_chatbox-encrypt_client.py_cleaned.png,1,1,0.4589930772781372,0.5410069227218628
validation,229_v4_46_content_lili668668_tensorflow-note_trytfb.py_cleaned.png,1,0,0.5401973724365234,0.45980262756347656
validation,201_v4_12_content_tristanang_DPifier_y_combinator.py_cleaned.png,1,1,0.46581918001174927,0.5341808199882507
validation,220_v4_5_content_SirAeroWN_two_des_meet_in_the_middle_mitm.py_cleaned.png,1,1,0.32406508922576904,0.675934910774231
validation,19_1_content_jiteshjha_Frequent-item-set-mining_dat2csv.py_cleaned.png,0,0,0.6955908536911011,0.3044091463088989
validation,200_v4_13_content_scedu25_EU-Rail_heap_priority_queue.py_cleaned.png,1,0,0.5110026895999908,0.48899731040000916
validation,18_21_content_Tyrone-Zhao_crawlerUtils_tornadoExample.py_cleaned.png,0,0,0.6261431872844696,0.3738568127155304
validation,23_35_content_XiaoCode-er_image-digital-express_cluster_mean_variance.py_cleaned.png,0,1,0.47540318965911865,0.5245968103408813
validation,214_v4_42_content_nadavgover_Cryptography_decrypt.py_cleaned.png,1,0,0.5113399028778076,0.4886600971221924
validation,211_v4_27_content_SethEggerRocks_WakingMoments_wakingWidgets.py_cleaned.png,1,1,0.3952289819717407,0.6047710180282593
validation,45_7_content_deawpic_math01_compute2.py_cleaned.png,0,0,0.7400742769241333,0.2599257230758667
validation,216_v4_12_content_ikraj5120_Linear_Search_Linear_search.py_cleaned.png,1,0,0.5269700586795807,0.4730299413204193
validation,42_6_content_gionanide_Cryptography_Crack_zip_files.py_cleaned.png,0,0,0.5530846118927002,0.4469153881072998
validation,199_v4_12_content_eyalr0_AES-Cryptoanalysis_softAESr.py_cleaned.png,1,0,0.6491816639900208,0.35081833600997925
validation,234_v4_88_content_andreaestrada_mazecrawler_server.py_cleaned.png,1,1,0.4861125946044922,0.5138874053955078
validation,243_v4_7_content_adwarner_Diffie-Hellman_Division_Algo.py_cleaned.png,1,1,0.43216776847839355,0.5678322315216064
validation,200_v4_11_content_SabikAbtahee_Apriori-Implementation_AprioriAlgorithm.py_cleaned.png,1,0,0.5587919056415558,0.4412080943584442
validation,38_41_content_Titash21_Python-Representation-of-LinkedList_linkledistDelete.py_cleaned.png,0,1,0.470966100692749,0.529033899307251
validation,209_v4_19_content_jamzrob_Simple-Kalman-Filter_Kalman_Filter.py_cleaned.png,1,1,0.3673771619796753,0.6326228380203247
validation,9_26_content_naviechan_sortingAlgorithmDemo_selectionSort.py_cleaned.png,0,0,0.6096368432044983,0.3903631567955017
validation,28_3_content_lostleaf_smear-detection_smear_det.py_cleaned.png,0,1,0.4716254472732544,0.5283745527267456
validation,36_84_content_LatrecheYasser_Secure-Python-Chat_server.py_cleaned.png,0,1,0.39826029539108276,0.6017397046089172
validation,201_v4_10_content_mateus-n00b_Diffie-Hellman_alice.py_cleaned.png,1,1,0.4816659688949585,0.5183340311050415
validation,205_v4_11_content_NikitaGautam_FYP-Automatic-Word-Search-Puzzle-Solver_FYPPuzzle.py_cleaned.png,1,0,0.54103222489357,0.45896777510643005
validation,19_21_content_hagyu-aya_prime-number-bot_index.py_cleaned.png,0,0,0.5608614087104797,0.43913859128952026
validation,193_v4_11_content_Koushikmc_Knn-Classifier_Knn.py_cleaned.png,1,1,0.485237717628479,0.514762282371521
validation,223_v4_46_content_arun-p12_sort-algorithms_radix_sort.py_cleaned.png,1,0,0.522009938955307,0.477990061044693
validation,201_v4_1_content_dedeco_dijkstra-bellman-ford_teste_proprio_djt.py_cleaned.png,1,0,0.6575001180171967,0.34249988198280334
validation,210_v4_31_content_sheffieldjordan_binarySearchTree_BST.py_cleaned.png,1,0,0.617957353591919,0.38204264640808105
validation,2_17_content_qwarlock_python-bubble-sort_bubble_sort.py_cleaned.png,0,0,0.5870387256145477,0.41296127438545227
validation,230_v4_48_content_AdityaMalani_Diffie-Hellman-Key_Exchange_diffie.py_cleaned.png,1,1,0.34318435192108154,0.6568156480789185
validation,39_39_content_lorenzo3117_python-sorting-scripts_sortingScript.py_cleaned.png,0,0,0.5301513671875,0.4698486328125
validation,224_v4_2_content_Yash0day_ElgamalEncryption-using-ECC_Hash.py_cleaned.png,1,0,0.5971360206604004,0.4028639793395996
validation,235_v4_7_content_kristianespina_python-binary-search-tree_binary_search_tree.py_cleaned.png,1,0,0.7191774845123291,0.2808225154876709
validation,231_v4_4_content_DebashishSarkarDurjoy_DoublyLinkedList_doublyLinkedList.py_cleaned.png,1,0,0.6280217170715332,0.3719782829284668
validation,31_2_content_johndoe31415_toyecc_dual_ec_drbg.py_cleaned.png,0,0,0.5458354651927948,0.4541645348072052
validation,223_v4_3_content_danedabomb_InformationRetrieval_IRSystem.py_cleaned.png,1,0,0.7200770676136017,0.2799229323863983
validation,224_v4_66_content_Talon-Zhang_Naive-Bayes_reader.py_cleaned.png,1,0,0.5752659440040588,0.42473405599594116
validation,27_22_content_SivaRanjan17_AES-Multi-Client-Chat-System_client.py_cleaned.png,0,1,0.3174087405204773,0.6825912594795227
validation,47_8_content_AlfioEmanueleFresta_practical-one-time-pad_conf.py_cleaned.png,0,0,0.6387526094913483,0.36124739050865173
validation,39_7_content_Aly-Tomato_Prims-and-Kruskals_prims.py_cleaned.png,0,0,0.6848692297935486,0.3151307702064514
validation,208_v4_1_content_becurrie_py-sorts_sorter-runner.py_cleaned.png,1,0,0.6513470113277435,0.34865298867225647
validation,38_6_content_greed2411_LCS_try.py_cleaned.png,0,0,0.5478428304195404,0.4521571695804596
validation,25_5_content_jzell001_Bellman_Ford_Floyd_Warshall_bellman_ford.py_cleaned.png,0,0,0.6615167856216431,0.33848321437835693
validation,40_40_content_Grijesh-Chauhan_aadhaar_webrequests.py_cleaned.png,0,0,0.8078249990940094,0.1921750009059906
validation,431_v4_3_content_ahmedelfateh_scraping_CimaClub_scraper_crawlers.py_cleaned.png,1,0,0.5625785291194916,0.4374214708805084
validation,10_12_content_rileyqi_Apriori-Algorithm-Python_apriori.py_cleaned.png,0,0,0.7075099349021912,0.29249006509780884
validation,24_35_content_jfwhite_CourseSelection_interact_with_user.py_cleaned.png,0,0,0.6447234451770782,0.35527655482292175
validation,10_16_content_nbui151_K-Nearest-Neighbors-Implementation_nearest_neighbors.py_cleaned.png,0,1,0.48459452390670776,0.5154054760932922
validation,223_v4_20_content_aditiopangestu_spam_data_converter_lingspam_filter.py_cleaned.png,1,1,0.4374459385871887,0.5625540614128113
validation,230_v4_73_content_elados93_AI_Ex1_BFS.py_cleaned.png,1,0,0.523908257484436,0.47609174251556396
validation,211_v4_20_content_UAvinash7_Cryptography_SymmmetricAESAlogrithm.py_cleaned.png,1,0,0.5946820378303528,0.4053179621696472
validation,217_v4_3_content_abdulqadirs_distance-vector-routing-protocol_update.py_cleaned.png,1,0,0.52044478058815,0.47955521941185
validation,233_v4_54_content_wenlin-koh_K-Means-Clustering---python_kmeans.py_cleaned.png,1,0,0.5358642935752869,0.46413570642471313
validation,41_59_content_mahmoudhossam_task-queue_db.py_cleaned.png,0,0,0.5912649631500244,0.4087350368499756
validation,202_v4_10_content_nishi1612_Email-Spam-Classification-using-SVM_processing_emails_to_find_occurance_of_words.py_cleaned.png,1,0,0.5226341784000397,0.4773658215999603
validation,428_v4_38_content_UncleEngineer_webscraping_temperature.py_cleaned.png,1,0,0.507089227437973,0.492910772562027
validation,219_v4_51_content_adityapatelgithub_Expressions-and-Functions_linkedlist.py_cleaned.png,1,0,0.5426411032676697,0.4573588967323303
validation,43_8_content_robinbg_search-engine_se.py_cleaned.png,0,0,0.5637429058551788,0.43625709414482117
validation,2_13_content_gissimo_nsc_do_nsc.py_cleaned.png,0,0,0.6489483416080475,0.3510516583919525
validation,199_v4_13_content_Tom-Le_Dota2Grids_generate-grid.py_cleaned.png,1,0,0.5810636878013611,0.4189363121986389
validation,199_v4_19_content_AlbCalv_kruskal-algorithm_Kruskal.py_cleaned.png,1,0,0.6060231626033783,0.3939768373966217
validation,5_12_content_cuhsat_practical_practical_test.py_cleaned.png,0,0,0.606730580329895,0.393269419670105
validation,213_v4_36_content_arpan-ghosh_python-data-algorithms_LinearRelationshipFit.py_cleaned.png,1,1,0.3860703706741333,0.6139296293258667
validation,39_89_content_dronabanerjee_PCA-and-EM_hw03.py_cleaned.png,0,0,0.6393820643424988,0.3606179356575012
validation,2_1_content_Pranshu258_Crowd_Behavior_Analysis_outlierDetector.py_cleaned.png,0,0,0.7732433974742889,0.22675660252571106
validation,230_v4_61_content_piyush-taneja_Salary-Predictor_Support_Vector_Regression.py_cleaned.png,1,0,0.7472739517688751,0.2527260482311249
validation,242_v4_6_content_Utkagr_NLPrel_all_nltk.py_cleaned.png,1,0,0.5812098383903503,0.41879016160964966
validation,234_v4_6_content_programmer290399_Youtube-transcript-extractor_links_finder.py_cleaned.png,1,0,0.7738583236932755,0.22614167630672455
validation,60_64_content_andrewrgoss_yahoo-fantasy-fball-scraper_player_season_projections.py_cleaned.png,0,1,0.4106106758117676,0.5893893241882324
validation,210_v4_28_content_surgoku_sentiment_analysis_knn_submission.py_cleaned.png,1,1,0.4487076997756958,0.5512923002243042
validation,19_36_content_OneWinged-Eagle_spotimy_getFeatures.py_cleaned.png,0,0,0.5613965392112732,0.4386034607887268
validation,15_22_content_harpreetsi_DataStructureImpl_LinkedListTest.py_cleaned.png,0,0,0.683326005935669,0.31667399406433105
validation,47_91_content_mahsarazavi_Text-Classification_naivebayes.py_cleaned.png,0,0,0.5028616189956665,0.4971383810043335
validation,229_v4_35_content_sviznyuk_pokemon-selection_select_pokemon.py_cleaned.png,1,0,0.6239665150642395,0.3760334849357605
validation,227_v4_4_content_Askjensen_scikittf-idfNLTK_str_func.py_cleaned.png,1,0,0.5391186773777008,0.4608813226222992
validation,214_v4_4_content_captainACE_python-ADVANCEMATH-lib_lineq.py_cleaned.png,1,1,0.48774510622024536,0.5122548937797546
validation,1_10_content_shehand_Game_Graphics_using_Binary_Search_Tree_calc.py_cleaned.png,0,0,0.6067759394645691,0.3932240605354309
validation,225_v4_33_content_nikhil-paramane_-Diffie-Hellman-key-Exchange-Algorithm_dh.py_cleaned.png,1,0,0.5397499203681946,0.4602500796318054
validation,44_49_content_guptavasu1213_Comparing-Sorting-Algorithms_compare_sorting.py_cleaned.png,0,0,0.7746723890304565,0.22532761096954346
validation,209_v4_18_content_Shweetz_TicTacToeSolver_solver.py_cleaned.png,1,1,0.35376453399658203,0.646235466003418
validation,227_v4_61_content_EricHasegawa_binary-search_binary_search.py_cleaned.png,1,1,0.4297129511833191,0.5702870488166809
validation,7_13_content_AtahanCelebi_En-K-sa-Yol_polyline_denemesi.py_cleaned.png,0,0,0.5773980021476746,0.42260199785232544
validation,226_v4_38_content_TadayoshiCarvajal_Sorting-in-Python_sortingAlgorithms.py_cleaned.png,1,0,0.5692950487136841,0.4307049512863159
validation,30_3_content_naiveHobo_TextRank_preprocessing.py_cleaned.png,0,1,0.4297177791595459,0.5702822208404541
validation,212_v4_1_content_jiteshjha_Frequent-item-set-mining_apriori_mpi.py_cleaned.png,1,0,0.6320856213569641,0.3679143786430359
validation,15_31_content_AmitD26_The-searching-pacman_projectParams.py_cleaned.png,0,0,0.5099083185195923,0.4900916814804077
validation,234_v4_88_content_ilkayDevran_HEAP_and_BTS_Implementation_binarySearchTree.py_cleaned.png,1,0,0.6391485631465912,0.3608514368534088
validation,229_v4_54_content_ceydapolat_Sorting-Algorithms-Analysis_InsertionSort.py_cleaned.png,1,1,0.4911133050918579,0.5088866949081421
validation,20_22_content_ahmedheakl_Get-prime-Numbers_Get_Prime_Numbers.py_cleaned.png,0,0,0.5893169045448303,0.4106830954551697
validation,5_15_content_DrMMZ_Diffie-Hellman_DH.py_cleaned.png,0,0,0.6511615812778473,0.3488384187221527
validation,223_v4_60_content_michaelstrefeler_pyFibonacci_fibonacci.py_cleaned.png,1,0,0.6747074723243713,0.32529252767562866
validation,221_v4_3_content_iykadev_pyalgo_evolutionary_algo.py_cleaned.png,1,1,0.45991116762161255,0.5400888323783875
validation,27_3_content_manishjathan_Money-laundering-Detection-System_GraphAnalysis.py_cleaned.png,0,0,0.6123284995555878,0.38767150044441223
validation,32_2_content_johndoe31415_toyecc_ecctest.py_cleaned.png,0,1,0.47428077459335327,0.5257192254066467
validation,7_17_content_lo1gr_tf-idf_hadoop-Spark_reducer3_A.py_cleaned.png,0,1,0.45379573106765747,0.5462042689323425
validation,27_3_content_dlohith_text-similarity_run.py_cleaned.png,0,0,0.6609249711036682,0.3390750288963318
validation,9_14_content_Alexander35_fibonacci_sequence_fibonacci.py_cleaned.png,0,1,0.39292770624160767,0.6070722937583923
validation,11_37_content_henritomas_ECE151-RSA-encryption_client.py_cleaned.png,0,0,0.5181351006031036,0.48186489939689636
validation,37_3_content_archit-p_two-time-pad-exploit_exploit-two-time-pad.py_cleaned.png,0,1,0.4135993719100952,0.5864006280899048
validation,32_47_content_mathwoods_binseqcomp_binseqcomp.py_cleaned.png,0,1,0.3272520899772644,0.6727479100227356
validation,215_v4_39_content_msinghal34_M-M-1-Queue-Simulation-with-timeouts_M_M_1_with_timeouts.py_cleaned.png,1,1,0.4519693851470947,0.5480306148529053
validation,238_v4_89_content_dronabanerjee_PCA-and-EM_hw03.py_cleaned.png,1,0,0.7141192555427551,0.2858807444572449
validation,34_4_content_mtnyrgn_Bellman-Ford-Algorithm-with-Python_bellman-ford.py_cleaned.png,0,0,0.5270819962024689,0.47291800379753113
validation,37_37_content_coertquinton_number_sequences_start.py_cleaned.png,0,1,0.3649737238883972,0.6350262761116028
validation,38_5_content_AdamJacoby_Hopf_HopfConstructions.py_cleaned.png,0,0,0.5550402104854584,0.4449597895145416
validation,244_v4_95_content_anurag423_Python-Project_eKeyGen.py_cleaned.png,1,0,0.7613749951124191,0.23862500488758087
validation,236_v4_62_content_arushigupta148_Hybrid-Architecture-for-Numeral-Handwritten-Recognition_Multi-Model.py_cleaned.png,1,0,0.5744389891624451,0.42556101083755493
validation,230_v4_1_content_mikekestemont_pandora_unseen.py_cleaned.png,1,0,0.5246923267841339,0.4753076732158661
validation,218_v4_40_content_jcarstenson_parallel_final_performanceTest.py_cleaned.png,1,1,0.4456338882446289,0.5543661117553711
validation,35_6_content_steviedale_random_maze_generator_main.py_cleaned.png,0,1,0.48748892545700073,0.5125110745429993
validation,20_40_content_cofinley_sudoku_cell.py_cleaned.png,0,0,0.5086485147476196,0.49135148525238037
validation,23_3_content_iykadev_pyalgo_dragon_curve.py_cleaned.png,0,0,0.6661790907382965,0.3338209092617035
validation,10_2_content_moluronghuakai_outlier-analysis_feature.py_cleaned.png,0,1,0.4690650701522827,0.5309349298477173
validation,462_v4_74_content_jrathin_Web-Scraping_db.py_cleaned.png,1,1,0.3945326805114746,0.6054673194885254
validation,489_v4_96_content_Chaitra-D99_Ecommerce-Product-price-monitoring-tool-using-Data-Analytics-Web-scraping_croma.py_cleaned.png,1,1,0.3931938409805298,0.6068061590194702
validation,36_61_content_gpwood_fibonacciOfOrderN_fib.py_cleaned.png,0,0,0.5316193699836731,0.4683806300163269
validation,205_v4_21_content_AnnaPiatek_Graph_Ford-Fulkerson.py_cleaned.png,1,0,0.5795762240886688,0.4204237759113312
validation,48_81_content_gautam9595_BIC-Selhoutte_Optimal_K_using_BIC-selhoutte_Iris.py_cleaned.png,0,0,0.5474651157855988,0.45253488421440125
validation,222_v4_4_content_ktrujillo52_Bitcoin-price-forecast_bitcoin_clustering.py_cleaned.png,1,1,0.4293399453163147,0.5706600546836853
validation,6_14_content_jldbc_gutenberg_populate_db.py_cleaned.png,0,1,0.45488351583480835,0.5451164841651917
validation,45_8_content_jasminegrewal_Naive-Bayes-KNN-Logistic-Regression_3b_knn.py_cleaned.png,0,1,0.4532933235168457,0.5467066764831543
validation,208_v4_28_content_mmelodea_CodesForPCA_pca_analysis2.py_cleaned.png,1,1,0.33854275941848755,0.6614572405815125
validation,48_6_content_neal-o-r_array_search_binary_search.py_cleaned.png,0,0,0.520169585943222,0.47983041405677795
validation,48_99_content_MatheusMuriel_ProgramacaoDinamica_Memoria.py_cleaned.png,0,1,0.46857190132141113,0.5314280986785889
validation,222_v4_1_content_ahmetax_trstop_trstop.py_cleaned.png,1,0,0.5641306340694427,0.43586936593055725
validation,223_v4_17_content_gorarakelyan_JointUD_train.py_cleaned.png,1,1,0.4041443467140198,0.5958556532859802
validation,6_3_content_GentaHI_SteganografiLSB-ImageToImage_steganography.py_cleaned.png,0,1,0.38892990350723267,0.6110700964927673
validation,247_v4_88_content_hfk97_VaR_VaR.py_cleaned.png,1,1,0.4379711151123047,0.5620288848876953
validation,10_1_content_SamKnightGit_LeagueBot_context.py_cleaned.png,0,1,0.4489712715148926,0.5510287284851074
validation,218_v4_1_content_Gopal9028_Longest-Common-Subsequence-using-MPI_lcs_using_MPI.py_cleaned.png,1,1,0.362876296043396,0.637123703956604
validation,3_16_content_Deus1223_Pac-Man_ghostAgents.py_cleaned.png,0,0,0.5193069875240326,0.4806930124759674
validation,197_v4_1_content_gasior213214123_Python-Queue-Simulation_queue.py_cleaned.png,1,0,0.6353354156017303,0.36466458439826965
validation,4_1_content_amazingspain_ExponentialSmoothing_finalWorldQuant.py_cleaned.png,0,1,0.47275787591934204,0.527242124080658
validation,38_86_content_Enkhai_simple-DES_encryption.py_cleaned.png,0,0,0.5962232947349548,0.40377670526504517
validation,9_21_content_rahul494_Mental-Health-On-Twitter-Analysis_relevant_tweet_filter.py_cleaned.png,0,0,0.5773055553436279,0.42269444465637207
validation,236_v4_75_content_yaroslava-tkachuk_quicksort_accelerated_quicksort_accelerated.py_cleaned.png,1,1,0.41110289096832275,0.5888971090316772
validation,215_v4_22_content_SivaRanjan17_AES-Multi-Client-Chat-System_client.py_cleaned.png,1,1,0.3794403076171875,0.6205596923828125
validation,215_v4_43_content_shayanalibhatti_Designing-a-PDF-Audiobook-using-Python_PDF_reading_software.py_cleaned.png,1,1,0.35324805974960327,0.6467519402503967
validation,2_16_content_hungapp_big_o_01-29-HW.py_cleaned.png,0,0,0.6374699175357819,0.36253008246421814
validation,219_v4_45_content_ilkayDevran_Analysis_of_Sorting_Algorithms_pyplot.py_cleaned.png,1,0,0.6312856674194336,0.3687143325805664
validation,32_3_content_sarmedalwan_AES-Decryption_AES-Decryption.py_cleaned.png,0,0,0.5927347540855408,0.40726524591445923
validation,203_v4_10_content_bradib0y_searchalgorithms_w.py_cleaned.png,1,0,0.5996486246585846,0.4003513753414154
validation,41_45_content_craig-m-k_huffman-coding_heapify.py_cleaned.png,0,0,0.5824081599712372,0.4175918400287628
validation,38_68_content_pierobeat_Beginner-bubble-sort-py_bubble_sort.py_cleaned.png,0,0,0.5401086807250977,0.45989131927490234
validation,217_v4_16_content_NB-prog_INTERN-2019_train.py_cleaned.png,1,0,0.5269739329814911,0.4730260670185089
validation,208_v4_35_content_PeterUpfold_simple-temp-queue-pusher_simple-temp-queue-pusher.py_cleaned.png,1,0,0.5345984399318695,0.4654015600681305
validation,247_v4_9_content_krj9cr_Hybrid-Prim-Dijkstra-GUI_main.py_cleaned.png,1,0,0.5391404926776886,0.4608595073223114
validation,203_v4_20_content_kavyasree-bvs_Network-Optimization_heap.py_cleaned.png,1,0,0.5303133130073547,0.46968668699264526
validation,29_22_content_mikpim01_Python-NLTK_task_stopword_removal.py_cleaned.png,0,1,0.48896706104278564,0.5110329389572144
validation,26_23_content_michailx_arima_example_arima_predictor.py_cleaned.png,0,0,0.6880572140216827,0.31194278597831726
validation,33_40_content_WuStardust_KNN-for-iris_iris.py_cleaned.png,0,1,0.43207693099975586,0.5679230690002441
validation,46_7_content_wallacelab_paper-maize-rhizosphere-2017_1b_PlotHeritabilities.py_cleaned.png,0,1,0.43769335746765137,0.5623066425323486
validation,17_34_content_dvsa_cvs-tsk-dlq-handler_dlq_handler.py_cleaned.png,0,1,0.4850645065307617,0.5149354934692383
validation,40_7_content_ettuniversum_NaiveBayesian_iris_classifier.py_cleaned.png,0,1,0.45890969038009644,0.5410903096199036
validation,233_v4_5_content_supfisher_PredicrionInQueueNets_regression.py_cleaned.png,1,1,0.44677579402923584,0.5532242059707642
validation,63_66_content_furkanturkn_python-beautifulsoup-take-news-post-from-the-site_take_news.py_cleaned.png,0,0,0.7347131967544556,0.26528680324554443
validation,214_v4_34_content_robinkthomas_DFS1_authentication.py_cleaned.png,1,1,0.49444466829299927,0.5055553317070007
validation,448_v4_53_content_VipinindKumar_Web-scraping-price_newegg.py_cleaned.png,1,1,0.4903174042701721,0.5096825957298279
validation,47_6_content_bclark2_Ordered-Linear-Search_orderedLinearSearch.py_cleaned.png,0,0,0.5528086721897125,0.4471913278102875
validation,10_12_content_ianscottknight_Predicting-Myers-Briggs-Type-Indicator-with-Recurrent-Neural-Networks_baseline.py_cleaned.png,0,0,0.5591147541999817,0.4408852458000183
validation,43_6_content_picrin_DiffieHellmanChallenge_discreteLogEfficient.py_cleaned.png,0,0,0.5322670042514801,0.4677329957485199
validation,47_82_content_ceydapolat_Sorting-Algorithms-Analysis_MergeSort.py_cleaned.png,0,0,0.5448446869850159,0.45515531301498413
validation,37_76_content_mashfiq10_Naive-Bayes-classification_prob_1.py_cleaned.png,0,1,0.47913384437561035,0.5208661556243896
validation,44_92_content_FranzScheerer_DES_e_.py_cleaned.png,0,1,0.46593528985977173,0.5340647101402283
validation,17_38_content_hanhanwu_Hanhan-NaturalLanguageProcessing_Basic_tf_idf_term_search.py_cleaned.png,0,1,0.4771270751953125,0.5228729248046875
validation,23_41_content_Daisy0828_Search_dgraph.py_cleaned.png,0,0,0.699115514755249,0.300884485244751
validation,227_v4_54_content_DNPA_txhqueue_txbasetest.py_cleaned.png,1,0,0.5128286182880402,0.48717138171195984
validation,209_v4_31_content_jwjohns_binary-tree_python_binary_tree_search.py_cleaned.png,1,0,0.7219558656215668,0.2780441343784332
validation,9_12_content_diegooliveira95_PrimAndDijkstra_prim.py_cleaned.png,0,0,0.6214404106140137,0.37855958938598633
validation,210_v4_28_content_tomsiwek_gprMax-Designer_operation.py_cleaned.png,1,0,0.5352286398410797,0.4647713601589203
validation,238_v4_67_content_sulaiman-muhammad_Earliest-Deadline-First-Sheduler_link.py_cleaned.png,1,0,0.5067044198513031,0.4932955801486969
validation,203_v4_23_content_tomasmcoronado_prob-alpha_PhyloTree.py_cleaned.png,1,0,0.5623032748699188,0.4376967251300812
validation,229_v4_39_content_falay_HuffmanCoding_decoder.py_cleaned.png,1,1,0.3642081618309021,0.6357918381690979
validation,12_16_content_rachwong_One-time-pad-code-_Word_guesser_2_.py_cleaned.png,0,0,0.7716450691223145,0.22835493087768555
validation,32_5_content_AdamJacoby_Hopf_Example_DihedralGroup.py_cleaned.png,0,1,0.47881096601486206,0.5211890339851379
validation,41_92_content_ZJGSU-C-moon_RSA-Blind-Signature-Based-Bank-System_rsa_blind_sign.py_cleaned.png,0,1,0.40937340259552,0.59062659740448
validation,39_70_content_DimaAntoniuk_Lab4_bfs_bfs.py_cleaned.png,0,1,0.4792848825454712,0.5207151174545288
validation,11_28_content_brandonvilla21_polynomial-regression_polinomial.py_cleaned.png,0,0,0.5211228430271149,0.47887715697288513
validation,94_96_content_Chaitra-D99_Ecommerce-Product-price-monitoring-tool-using-Data-Analytics-Web-scraping_croma.py_cleaned.png,0,0,0.5588997602462769,0.44110023975372314
validation,12_1_content_bhedavivek_prims_algorithm_heap.py_cleaned.png,0,0,0.5539757609367371,0.44602423906326294
validation,244_v4_4_content_Ityer_3x3_Squared_Magic_Square_Finder_Current.py_cleaned.png,1,0,0.6802700459957123,0.3197299540042877
validation,42_47_content_saladcat_Huffman_Form1.py_cleaned.png,0,0,0.7389837801456451,0.26101621985435486
validation,38_4_content_Askjensen_scikittf-idfNLTK_str_func.py_cleaned.png,0,0,0.5610195100307465,0.43898048996925354
validation,26_5_content_NuttySalmon_connecting_flights_start.py_cleaned.png,0,0,0.6015813946723938,0.3984186053276062
validation,34_5_content_anguillanneuf_bigO_106_sudoku.py_cleaned.png,0,0,0.5640645325183868,0.43593546748161316
validation,12_1_content_colettebedoya_primsAndKruskal_mst.py_cleaned.png,0,0,0.5764796733856201,0.4235203266143799
validation,2_11_content_momaabna_Python-create-password-list-_creatlist.py_cleaned.png,0,0,0.6463651955127716,0.3536348044872284
validation,45_8_content_lucasmullerm_turing-machine-fibonacci_tm.py_cleaned.png,0,0,0.5609114170074463,0.4390885829925537
validation,213_v4_4_content_moduloone_QualtricsFactorialVignettes_questiongen.py_cleaned.png,1,0,0.6255360543727875,0.3744639456272125
validation,203_v4_18_content_Saychakr13_CLUSTERING_MODELS_hc.py_cleaned.png,1,0,0.5831214785575867,0.41687852144241333
validation,244_v4_5_content_adamweissert_PythonLinearSearch_LinearSearch.py_cleaned.png,1,0,0.6612646281719208,0.3387353718280792
validation,224_v4_51_content_ParthanOlikkal_Agglomerative-Hierarchical-Clustering_Agglomerative_hierarchical_clustering.py_cleaned.png,1,1,0.46675074100494385,0.5332492589950562
validation,217_v4_3_content_iykadev_pyalgo_conways_game_of_life_algo.py_cleaned.png,1,0,0.6049303114414215,0.3950696885585785
validation,49_89_content_agarwalr98_K-means-Clustering_plot.py_cleaned.png,0,0,0.5538711547851562,0.44612884521484375
validation,207_v4_23_content_JeffersonLPLima_knn_pca_knn_wine.py_cleaned.png,1,0,0.6627974808216095,0.3372025191783905
validation,220_v4_27_content_michaelbauerinc_TowersOfHanoi_node.py_cleaned.png,1,0,0.5995855033397675,0.40041449666023254
validation,215_v4_30_content_Aishwarya1401_Diabetic-Retinopathy-Project-Deep-Learning-_KNN_RawImage.py_cleaned.png,1,0,0.5336773097515106,0.4663226902484894
validation,15_1_content_nilsonneto_floydWarshall_main.py_cleaned.png,0,1,0.27108442783355713,0.7289155721664429
validation,10_22_content_chenjie_BFS-DFS-puzzle-solving_puzzle.py_cleaned.png,0,0,0.5713589489459991,0.42864105105400085
validation,207_v4_1_content_0x27_shodan_key_checker_shodankeys.py_cleaned.png,1,1,0.4174463152885437,0.5825536847114563
validation,40_3_content_iykadev_pyalgo_prime_numbers.py_cleaned.png,0,0,0.603949785232544,0.39605021476745605
validation,31_6_content_oml90_Combining-Structural-and-Bioactivity-descriptors_STEP_4.make_htsfp-from_flag_sparse.py_cleaned.png,0,1,0.41398799419403076,0.5860120058059692
validation,35_8_content_chiragragarwal_Graphs_And_Networks_PlotGraph.py_cleaned.png,0,1,0.3556182384490967,0.6443817615509033
validation,422_v4_32_content_paolazola_Scraping-data-from-Web_textMining2.py_cleaned.png,1,0,0.6372191309928894,0.3627808690071106
validation,211_v4_30_content_rogerdenisvieira_bidirectional-conditional-insertion-sort_data_generator.py_cleaned.png,1,0,0.5603336989879608,0.4396663010120392
validation,201_v4_17_content_blackhawk42_OTP-python_otp.py_cleaned.png,1,1,0.46376270055770874,0.5362372994422913
validation,248_v4_96_content_jtwaugh_gap-statistic_gap.py_cleaned.png,1,1,0.4206659197807312,0.5793340802192688
validation,42_6_content_kennedyCzar_n-th_monsien_number_monsien_number.py_cleaned.png,0,0,0.5473072826862335,0.4526927173137665
validation,46_7_content_jakobpederson_divisible_pair_sums_divisible_pair_sums.py_cleaned.png,0,0,0.6296980977058411,0.37030190229415894
validation,217_v4_26_content_hemidactylus_skanfixer_sfUtilities.py_cleaned.png,1,0,0.5262131690979004,0.4737868309020996
validation,199_v4_13_content_lev1nyo_Spotify-Best-before-task_parse_dates.py_cleaned.png,1,0,0.5639031529426575,0.43609684705734253
validation,22_24_content_lesdev_SortingMethods_radix.py_cleaned.png,0,1,0.43308210372924805,0.566917896270752
validation,228_v4_3_content_iykadev_pyalgo_hanoi_tower_algorithm.py_cleaned.png,1,1,0.4745391607284546,0.5254608392715454
validation,40_61_content_cthorrez_deepsetLinkage_plot_results.py_cleaned.png,0,0,0.5277974307537079,0.4722025692462921
validation,44_8_content_omjego_AR-Mining-Hash-Tree_naive_apriori.py_cleaned.png,0,0,0.616612046957016,0.383387953042984
validation,209_v4_28_content_tomsiwek_gprMax-Designer_materials.py_cleaned.png,1,1,0.4673699736595154,0.5326300263404846
validation,30_2_content_cardwizard_EllipticCurves_math_helpers.py_cleaned.png,0,0,0.5271739065647125,0.4728260934352875
validation,34_5_content_AdamJacoby_Hopf_Example_Matrix_Algebra.py_cleaned.png,0,1,0.45132309198379517,0.5486769080162048
validation,73_v4_2_content_kristpapadopoulos_keras-exponential-smoothing_ses.py_cleaned.png,1,0,0.5791586935520172,0.4208413064479828
validation,16_14_content_Dawlatly_Recommender-system_manage.py_cleaned.png,0,0,0.7162105143070221,0.2837894856929779
validation,205_v4_21_content_jakubsilhavy_mhhc_config.py_cleaned.png,1,0,0.6933988630771637,0.3066011369228363
validation,49_97_content_rusrom_cryptography_rsa_sign_create.py_cleaned.png,0,0,0.5680258870124817,0.4319741129875183
validation,215_v4_20_content_maganoegi_huffman_decompressor_decomp_PLATONOV_MPACKO.py_cleaned.png,1,0,0.610164076089859,0.389835923910141
validation,14_9_content_Soumyabrata_predicting-pwv_benchmarking.py_cleaned.png,0,1,0.32174599170684814,0.6782540082931519
validation,11_1_content_SICTC_BST_BinSearchTree.py_cleaned.png,0,0,0.6291050016880035,0.37089499831199646
validation,24_4_content_captainACE_python-ADVANCEMATH-lib_ap.py_cleaned.png,0,0,0.5083051025867462,0.4916948974132538
validation,41_40_content_roddock_web-crawling_main_scraping.py_cleaned.png,0,0,0.6202553808689117,0.37974461913108826
validation,36_66_content_abouchan01_Merge-Bubble-Sort-con-_interfazGrafica.py_cleaned.png,0,0,0.7142471671104431,0.2857528328895569
validation,204_v4_12_content_rileyqi_Apriori-Algorithm-Python_apriori.py_cleaned.png,1,0,0.6223362386226654,0.3776637613773346
validation,230_v4_6_content_mmcetindag_ShortestPathAlgorithms_bellman-ford.py_cleaned.png,1,0,0.5406544506549835,0.4593455493450165
validation,9_18_content_theorisons_loto_fonction.py_cleaned.png,0,0,0.8015165776014328,0.1984834223985672
validation,42_7_content_ardyerwanda_SDN-Bellman-Ford-Pyretic_routebellman.py_cleaned.png,0,1,0.41779154539108276,0.5822084546089172
validation,216_v4_16_content_NB-prog_INTERN-2019_similarity_eval.py_cleaned.png,1,0,0.6610515415668488,0.33894845843315125
validation,216_v4_30_content_a1928375_click_count_click_count.py_cleaned.png,1,0,0.6041549146175385,0.39584508538246155
validation,229_v4_3_content_iykadev_pyalgo_hashingHashTable.py_cleaned.png,1,0,0.5549984872341156,0.4450015127658844
validation,220_v4_51_content_adityapatelgithub_Expressions-and-Functions_newsplit.py_cleaned.png,1,0,0.6181847751140594,0.38181522488594055
validation,202_v4_10_content_chiragragarwal_Graphs_And_Networks_ReadGraph.py_cleaned.png,1,0,0.5315980911254883,0.4684019088745117
validation,25_24_content_maganoegi_huffman_compressor_comp_PLATONOV_MPACKO.py_cleaned.png,0,0,0.6187166571617126,0.38128334283828735
validation,202_v4_12_content_aabulhaj_SpectralClustering_synthetic_data.py_cleaned.png,1,0,0.6769950985908508,0.32300490140914917
validation,47_8_content_gustavo-ren_PolynomialRegressionPython_polynomialRegression.py_cleaned.png,0,0,0.6476602852344513,0.3523397147655487
validation,44_7_content_denisyarats_pytorch_sac_ae_train.py_cleaned.png,0,0,0.7156414985656738,0.28435850143432617
validation,230_v4_74_content_OstapKuch_Lab_01_alg_sort.py_cleaned.png,1,0,0.500454843044281,0.499545156955719
validation,245_v4_8_content_16chuang_CS161_Project_LCS.py_cleaned.png,1,1,0.47192126512527466,0.5280787348747253
validation,50_9_content_ankur-anand_Factorial-Algorithm_fact_12_unittest.py_cleaned.png,0,0,0.6567598879337311,0.3432401120662689
validation,31_38_content_juandes_knnbot-messenger-bot_distance.py_cleaned.png,0,0,0.5412806570529938,0.4587193429470062
validation,7_11_content_SabikAbtahee_Apriori-Implementation_AprioriMain.py_cleaned.png,0,1,0.4857245087623596,0.5142754912376404
validation,10_19_content_bauassr_Session32_Session32Assignment1_.py_cleaned.png,0,0,0.6720913350582123,0.3279086649417877
validation,226_v4_25_content_hs366399_Image-Super-Resolution-Using-VAE-GAN-with-PyTorch_data_loader.py_cleaned.png,1,0,0.544396698474884,0.45560330152511597
validation,50_9_content_jabrekadabre_prime-numbers_prime_nums.py_cleaned.png,0,1,0.49593204259872437,0.5040679574012756
validation,11_3_content_iykadev_pyalgo_babil_square_root.py_cleaned.png,0,0,0.5631186366081238,0.4368813633918762
validation,233_v4_7_content_syamkakarla98_PCA-On-IRIS-Dataset-With-Classification-Using-KNNC_pca_iris_knnc.py_cleaned.png,1,0,0.5431278347969055,0.4568721652030945
validation,206_v4_27_content_Mypathissional_Data_Structures_AVL.py_cleaned.png,1,0,0.5454316437244415,0.45456835627555847
validation,9_22_content_sabarahman_k-means-Clustering-On-Banking-Data-Set_clustering.py_cleaned.png,0,0,0.6050012707710266,0.3949987292289734
validation,81_v4_2_content_Liu-WeiYi_Private_Preserving_Outlier_Behavior_Detection_statistic.py_cleaned.png,1,1,0.35509979724884033,0.6449002027511597
validation,208_v4_17_content_txrp0x9_py_prime_number_primeno.py_cleaned.png,1,0,0.5000705718994141,0.49992942810058594
validation,18_26_content_cteters_Minimum-spanning-tree_kruskal.py_cleaned.png,0,1,0.40653353929519653,0.5934664607048035
validation,13_4_content_mrimahajan_advanced_analysis_package_variable_reduction.py_cleaned.png,0,0,0.7160528004169464,0.2839471995830536
validation,31_5_content_gabriel-arauj_grafos_matriz.py_cleaned.png,0,1,0.4072532057762146,0.5927467942237854
validation,222_v4_2_content_ZatinMe_Python-Search-engine_buildindex.py_cleaned.png,1,1,0.4269602298736572,0.5730397701263428
validation,210_v4_12_content_ianscottknight_Predicting-Myers-Briggs-Type-Indicator-with-Recurrent-Neural-Networks_rnn.py_cleaned.png,1,0,0.7390096187591553,0.2609903812408447
validation,30_51_content_adityapatelgithub_Expressions-and-Functions_newsplit.py_cleaned.png,0,1,0.46241652965545654,0.5375834703445435
validation,218_v4_3_content_iykadev_pyalgo_deal_cards_for_freecell_algo.py_cleaned.png,1,0,0.559017539024353,0.440982460975647
validation,193_v4_10_content_Raj-Kumar2208_linkedList-Stacks-Queues-Hashing_arrayStack.py_cleaned.png,1,0,0.6239348948001862,0.37606510519981384
validation,209_v4_30_content_pwneip_fibonacci_fibonacci.py_cleaned.png,1,0,0.5728742480278015,0.4271257519721985
validation,20_1_content_suyash248_plagiarism_detection_app.py_cleaned.png,0,0,0.6362903416156769,0.3637096583843231
validation,208_v4_20_content_dexhug_ciphers_one_time_pad.py_cleaned.png,1,0,0.5295738577842712,0.47042614221572876
validation,201_v4_15_content_hgdsraj_python_vs_ruby_speed_analyze_script_cpp.py_cleaned.png,1,0,0.504432886838913,0.49556711316108704
validation,205_v4_19_content_jamesnearn_sortDigitalCameraFiles_sortDigitalCameraFiles.py_cleaned.png,1,1,0.44356197118759155,0.5564380288124084
validation,27_52_content_jitunayak_Tensorflow-object-recognition-GUI-DesktopApp_face_crop.py_cleaned.png,0,0,0.5080321431159973,0.4919678568840027
validation,33_5_content_kushagradarkdk_AssociationRuleMining_Apriori_Comet.py_cleaned.png,0,0,0.6872094869613647,0.31279051303863525
validation,222_v4_4_content_JosephFWright_Prims_Algorithm_Kruskals.py_cleaned.png,1,0,0.6005012392997742,0.39949876070022583
validation,218_v4_39_content_hamidaucc_Link-state-protocol-in-python_Test.py_cleaned.png,1,0,0.500466912984848,0.499533087015152
