set,file,true,pred,prob_Human-written,prob_V4
fold1,230_14_content_149ps_leetcode-solutions_27_remove_element.py_cleaned.png,0,0,0.7300743162631989,0.26992568373680115
fold1,326_v4_17_content_adampicker_DES_implementation_binary_utils.py_cleaned.png,1,1,0.10111552476882935,0.8988844752311707
fold1,1391_44_content_Ian-OBrien-503_sort_analysis_selection_sort.py_cleaned.png,0,0,0.9763168357312679,0.02368316426873207
fold1,417_18_content_ashwinjoseph95_reviewanalysis_natural_language_processing.py_cleaned.png,0,0,0.5872574746608734,0.4127425253391266
fold1,2120_8_content_16chuang_CS161_Project_judge.py_cleaned.png,0,1,0.23956197500228882,0.7604380249977112
fold1,1293_3_content_Mushahar_Binary-Search-Tree-Python-_node.py_cleaned.png,0,0,0.7290841639041901,0.27091583609580994
fold1,1323_40_content_Charles-Peeke_clinical_variances_local_db.py_cleaned.png,0,1,0.4745525121688843,0.5254474878311157
fold1,2173_90_content_cody-elhard_NaiveBayes_naive-bayes-numerical.py_cleaned.png,0,0,0.5066614747047424,0.49333852529525757
fold1,129_v4_12_content_diegooliveira95_PrimAndDijkstra_graph.py_cleaned.png,1,0,0.5120067298412323,0.4879932701587677
fold1,871_v4_2_content_mayankagrawal93_Outlier-Analysis_cblof.py_cleaned.png,1,1,0.08721232414245605,0.912787675857544
fold1,1942_78_content_syh5_Linear-Polynomial-and-Multivariate-Regression_Decision-Boundaries.py_cleaned.png,0,0,0.9249342009425163,0.07506579905748367
fold1,320_15_content_VakinduPhilliam_Pattern_Matching_Python_Filecmp_Recursive_Search.py_cleaned.png,0,1,0.3163534998893738,0.6836465001106262
fold1,422_v4_19_content_Vijendra2410_Sentiment-Analysis_movie_review.py_cleaned.png,1,1,0.4804483652114868,0.5195516347885132
fold1,2064_v4_v4_12_content_ianscottknight_Predicting-Myers-Briggs-Type-Indicator-with-Recurrent-Neural-Networks_make_test_set.py_cleaned.png,1,1,0.2926304340362549,0.7073695659637451
fold1,161_12_content_NWuensche_DijkstraInPython_calculate_shortest_way.py_cleaned.png,0,0,0.9417288862168789,0.05827111378312111
fold1,1624_v4_67_content_theSnehaThing_NaiveBayes_Naive-Bayes_Classifier.py_cleaned.png,1,1,0.17915815114974976,0.8208418488502502
fold1,47_v4_10_content_Raj-Kumar2208_linkedList-Stacks-Queues-Hashing_arrayStack.py_cleaned.png,1,1,0.48126935958862305,0.518730640411377
fold1,803_v4_29_content_mashfiq10_Linear-and-logistic-regression_prob1.py_cleaned.png,1,0,0.6793869435787201,0.3206130564212799
fold1,1627_v4_68_content_DheerajKumar97_Linear-and-Generalized-Linear-Model-Algorithms-from-scratch_Logistic_Regression.py_cleaned.png,1,0,0.6862185597419739,0.3137814402580261
fold1,1207_3_content_adikele_Prims-Algorithm-Implementation_refGrAndVerBig2.py_cleaned.png,0,0,0.5677927434444427,0.43220725655555725
fold1,874_v4_2_content_Mypathissional_Data_Structures_AVL.py_cleaned.png,1,1,0.4203558564186096,0.5796441435813904
fold1,1559_v4_5_content_teawifi_k-means_clustering_loader.py_cleaned.png,1,0,0.9147160649299622,0.08528393507003784
fold1,2016_7_content_oscarokker_OneTimePad_unbreakable_encryption.py_cleaned.png,0,1,0.3931162357330322,0.6068837642669678
fold1,349_v4_17_content_loranloranvl_ecc-point_ECC_Point.py_cleaned.png,1,1,0.3847798705101013,0.6152201294898987
fold1,714_v4_26_content_dmallya93_Intelligent-Web-Services-Discovery-using-Clustering-Method_description_similarities.py_cleaned.png,1,0,0.8638306856155396,0.13616931438446045
fold1,220_v4_14_content_lisha1992_KNN-Clasify_KNN_datingExample.py_cleaned.png,1,1,0.33785682916641235,0.6621431708335876
fold1,1518_v4_5_content_brown9804_Python_DiversosAlgortimos_CreandoMatrizApartirTXT.py_cleaned.png,1,1,0.10948187112808228,0.8905181288719177
fold1,1121_v4_3_content_iykadev_pyalgo_bubbleSort.py_cleaned.png,1,0,0.6004475653171539,0.39955243468284607
fold1,475_v4_1_content_jiteshjha_Frequent-item-set-mining_dat2csv.py_cleaned.png,1,1,0.1253252625465393,0.8746747374534607
fold1,1398_44_content_suzheng123_BFS_N-aryTreeLevel.py_cleaned.png,0,0,0.9977839055936784,0.0022160944063216448
fold1,2039_80_content_arun-p12_sort-algorithms_quick_sort.py_cleaned.png,0,1,0.03730207681655884,0.9626979231834412
fold1,1454_49_content_ajh1143_FibonacciScatterPlot_FibonacciScatter.py_cleaned.png,0,0,0.8146601915359497,0.1853398084640503
fold1,822_26_content_naviechan_sortingAlgorithmDemo_main.py_cleaned.png,0,1,0.44659411907196045,0.5534058809280396
fold1,1778_65_content_pratikbitmesra_BID_bin_cluster.py_cleaned.png,0,0,0.8002246171236038,0.19977538287639618
fold1,1240_3_content_iykadev_pyalgo_anagram2.py_cleaned.png,0,0,0.9304689168930054,0.06953108310699463
fold1,1699_v4_6_content_yilmazalp_bitirme_eigenface.py_cleaned.png,1,0,0.5133807063102722,0.4866192936897278
fold1,237_v4_15_content_ben-mackenzie_mst-kruskal_kruskal.py_cleaned.png,1,0,0.9021403416991234,0.09785965830087662
fold1,933_v4_31_content_igoreliasm_binary-tree_arvore.py_cleaned.png,1,0,0.5662913024425507,0.43370869755744934
fold1,336_16_content_hungapp_big_o_06-09.py_cleaned.png,0,0,0.9818666335195303,0.018133366480469704
fold1,1075_32_content_vaish06_TextProcessor_red_black_tree.py_cleaned.png,0,1,0.44054335355758667,0.5594566464424133
fold1,1476_4_content_Askjensen_scikittf-idfNLTK_str_func.py_cleaned.png,0,1,0.43083828687667847,0.5691617131233215
fold1,123_v4_12_content_chiforbogdan_naive-bayes-reputation_naive_bayes.py_cleaned.png,1,0,0.5314540565013885,0.46854594349861145
fold1,1742_61_content_AaronRobson_sequences_fibonacci_numbers.py_cleaned.png,0,0,0.7860338091850281,0.21396619081497192
fold1,678_v4_24_content_SajjadAemmi_Text-Summarization_main.py_cleaned.png,1,1,0.4735090732574463,0.5264909267425537
fold1,496_v4_1_content_pranav-dahiya_NaiveBayes_vocabulary.py_cleaned.png,1,1,0.21933019161224365,0.7806698083877563
fold1,529_v4_20_content_aditiopangestu_spam_data_converter_lingspam_filter.py_cleaned.png,1,1,0.1857684850692749,0.8142315149307251
fold1,819_v4_29_content_zcogley_Bubble-Sort_bubble_sort.py_cleaned.png,1,0,0.8798753172159195,0.1201246827840805
fold1,846_v4_2_content_hannahxchen_Diffie-Hellman-Python-Implementation_CA_generate_key.py_cleaned.png,1,1,0.22939330339431763,0.7706066966056824
fold1,2250_9_content_jeffwang0516_Frequent-Itemset-Mining_apriori.py_cleaned.png,0,0,0.9536523409187794,0.04634765908122063
fold1,392_v4_18_content_theorisons_loto_analyse.py_cleaned.png,1,1,0.06652474403381348,0.9334752559661865
fold1,1706_v4_70_content_Panagiotis-Zachos_Primality-Checks-Python_Miller_Rabin_PrimalityCheck.py_cleaned.png,1,0,0.7666478604078293,0.23335213959217072
fold1,1322_v4_49_content_michael-ayako_AES-Encryption_bitshift.py_cleaned.png,1,1,0.05657339096069336,0.9434266090393066
fold1,1786_66_content_naveen-770_Linear-regression-From-Scratch_my_linear_regression_housing_data.py_cleaned.png,0,0,0.8739056438207626,0.12609435617923737
fold1,1423_46_content_lili668668_tensorflow-note_trytfb.py_cleaned.png,0,1,0.312796413898468,0.687203586101532
fold1,785_25_content_dmoshayof_ML-Deep_Network_mlp1.py_cleaned.png,0,0,0.5591451525688171,0.44085484743118286
fold1,463_v4_1_content_ilmanzo666_quadtree-image-decomposition_pyImgQuadTree.py_cleaned.png,1,1,0.03331947326660156,0.9666805267333984
fold1,382_v4_18_content_ronak-07_Agglomerative-Hierarchical-Clustering_Preprocess.py_cleaned.png,1,1,0.2453562617301941,0.7546437382698059
fold1,1194_39_content_LonelyRanger_Prime-Numbers_EuclideanPrimeTest15May2018TestFromLowerPrimes.py_cleaned.png,0,0,0.7988810986280441,0.20111890137195587
fold1,407_17_content_tzhang1404_Polynomial-Regression-and-Perceptron-Classifier_load_json_data.py_cleaned.png,0,0,0.552796483039856,0.44720351696014404
fold1,1299_3_content_redneptun_lokkat_lokkat.py_cleaned.png,0,1,0.46702438592910767,0.5329756140708923
fold1,2081_84_content_vineetred_aesDES_test.py_cleaned.png,0,0,0.9685202389955521,0.03147976100444794
fold1,748_v4_27_content_gcmurillo_sortingAlgorithmsComparation_shellSort.py_cleaned.png,1,1,0.06927907466888428,0.9307209253311157
fold1,313_v4_16_content_sharatchandraj_MaxBandwidthPath_DijkstrasNoHeap.py_cleaned.png,1,1,0.10616588592529297,0.893834114074707
fold1,1065_v4_39_content_alejandrakudo_BinarySearch-Sorting_CISC121_Assignment_3_exampleSolution.py_cleaned.png,1,0,0.9244379326701164,0.07556206732988358
fold1,1872_v4_83_content_baccatore_polynominal_regression_polynominal_regression.py_cleaned.png,1,1,0.18758797645568848,0.8124120235443115
fold1,1502_4_content_Khante_Distance-Vector-Algorithm_link_2.py_cleaned.png,0,0,0.51593416929245,0.48406583070755005
fold1,2091_v4_v5_13_content_Skulsta_cluster_unlabelled_dataset_elbow_analysis.py_cleaned.png,1,1,0.2354670763015747,0.7645329236984253
fold1,2255_9_content_mgarasz_DTW-Cryptocurrencies_crypto_scrape_helper.py_cleaned.png,0,1,0.06091707944869995,0.9390829205513
fold1,679_v4_24_content_scraos_Prim-s-Algorithm_Prim_s_Algorithm.py_cleaned.png,1,0,0.9212921634316444,0.07870783656835556
fold1,930_v4_31_content_danieltshibangu_QueuePay_diranySolution.py_cleaned.png,1,1,0.11224353313446045,0.8877564668655396
fold1,590_1_content_vuolleko_pyTSNE_bh_tsne.py_cleaned.png,0,1,0.40701985359191895,0.592980146408081
fold1,1912_73_content_itsbharatsaini_ghostPy--an-Encryption-and-Decryption-Tool_decrypting_file.py_cleaned.png,0,1,0.179432213306427,0.820567786693573
fold1,1169_38_content_davidcarrollnyc_Recursive_Python_WebScraper_BeautifulSoup_into_MongoDB_webscraper.py_cleaned.png,0,1,0.28302228450775146,0.7169777154922485
fold1,302_v4_16_content_Murali91_Algorithms---Python_Dijkstra.py_cleaned.png,1,1,0.02557528018951416,0.9744247198104858
fold1,64_v4_11_content_AlfioEmanueleFresta_practical-one-time-pad-python_exercise2.py_cleaned.png,1,1,0.26053184270858765,0.7394681572914124
fold1,1067_v4_39_content_datalivre_web-scraping_scra.py_cleaned.png,1,0,0.6033785045146942,0.3966214954853058
fold1,62_10_content_Suraj-Rajesh_elliptic_curve_cryptography_main.py_cleaned.png,0,0,0.665587455034256,0.334412544965744
fold1,1050_31_content_shreyas3336_Diffie-Hellman-KeyExchange_Seed_Generator.py_cleaned.png,0,0,0.7888904809951782,0.21110951900482178
fold1,126_11_content_Zoe327_Linear-Classification_project1_utilities.py_cleaned.png,0,1,0.4978611469268799,0.5021388530731201
fold1,1432_v4_53_content_rghv404_Language_identification_make_predictions.py_cleaned.png,1,1,0.4754684567451477,0.5245315432548523
fold1,1232_v4_42_content_TechnoMonoCo_Python-Doubly-Linked-List_LL.py_cleaned.png,1,0,0.5873435735702515,0.41265642642974854
fold1,1272_3_content_iykadev_pyalgo_sift3.py_cleaned.png,0,0,0.9603558480739594,0.03964415192604065
fold1,2062_v4_v4_11_content_sichen-x_search-engine_search.py_cleaned.png,1,1,0.342618465423584,0.657381534576416
fold1,1670_v4_6_content_hungph-dev-ict_simple-exponential-smoothing_main.py_cleaned.png,1,1,0.12787044048309326,0.8721295595169067
fold1,1856_6_content_mayuri0192_Image-classification_log.py_cleaned.png,0,1,0.45453202724456787,0.5454679727554321
fold1,2070_v4_v4_1_content_sadnessFree_arima-lstm_muilt_lstm.py_cleaned.png,1,1,0.14888900518417358,0.8511109948158264
fold1,942_v4_31_content_shreyas3336_Diffie-Hellman-KeyExchange_Diffie_Key_Exchange.py_cleaned.png,1,1,0.41849035024642944,0.5815096497535706
fold1,1383_v4_4_content_vieirinhaabr_balanced_binary_search_tree_tree_tester.py_cleaned.png,1,1,0.023011982440948486,0.9769880175590515
fold1,1081_v4_39_content_rcchoksi_ANN-and-hierarchical-clustering-for-Flag-data_Clustering.py_cleaned.png,1,1,0.36492639780044556,0.6350736021995544
fold1,1136_35_content_saboyle_asyncio-pg-nats-bridge_apg_bridge.py_cleaned.png,0,1,0.13864374160766602,0.861356258392334
fold1,639_21_content_jakubsilhavy_mhhc_config.py_cleaned.png,0,0,0.8778245970606804,0.12217540293931961
fold1,249_14_content_codearemo_selction-sort_selection_sort.py_cleaned.png,0,0,0.5275808870792389,0.4724191129207611
fold1,216_v4_14_content_GBursali_RSA-Talker_server.py_cleaned.png,1,1,0.21162068843841553,0.7883793115615845
fold1,741_24_content_fellakmoh876_mailing-lists-scraper_scrape.py_cleaned.png,0,1,0.22167551517486572,0.7783244848251343
fold1,1768_64_content_gargimaheshwari_Wikiart-similar-art_download.py_cleaned.png,0,0,0.9879861697554588,0.012013830244541168
fold1,523_v4_1_content_vuolleko_pyTSNE_test_tsne_mnist.py_cleaned.png,1,1,0.08001559972763062,0.9199844002723694
fold1,140_12_content_chiforbogdan_naive-bayes-reputation_naive_bayes.py_cleaned.png,0,1,0.3156358003616333,0.6843641996383667
fold1,1552_51_content_adityapatelgithub_Expressions-and-Functions_newsplit.py_cleaned.png,0,0,0.8053524792194366,0.19464752078056335
fold1,518_1_content_farizrahman4u_huffmax_test_training_speed.py_cleaned.png,0,1,0.32186728715896606,0.6781327128410339
fold1,479_1_content_0x27_shodan_key_checker_shodankeys.py_cleaned.png,0,1,0.440118670463562,0.559881329536438
fold1,185_13_content_danielSbastos_binary-fibonacci_prototype.py_cleaned.png,0,0,0.6742095351219177,0.3257904648780823
fold1,1895_70_content_skumaravel_tf-idf_tf_idf.py_cleaned.png,0,1,0.2627609968185425,0.7372390031814575
fold1,1744_v4_76_content_sarthak1598_PyRAT-Remote-Administration-Tool-TROJAN-_attacker_side.py_cleaned.png,1,1,0.22829818725585938,0.7717018127441406
fold1,1051_v4_38_content_davidcarrollnyc_Recursive_Python_WebScraper_BeautifulSoup_into_MongoDB_webscraper.py_cleaned.png,1,0,0.5369977355003357,0.4630022644996643
fold1,1530_v4_5_content_domodomodomo_binary_search_tree_binary_search_tree.py_cleaned.png,1,0,0.6776490211486816,0.32235097885131836
fold1,1301_3_content_riteshkasat_Community-Detection-Algorithm_detect_community.py_cleaned.png,0,0,0.6412913799285889,0.35870862007141113
fold1,2127_v5_v4_1_content_mikekestemont_pandora_unseen.py_cleaned.png,1,1,0.033921658992767334,0.9660783410072327
fold1,558_1_content_pickus91_Polynomial-Regression-From-Scratch_generatePolyPoints.py_cleaned.png,0,0,0.5063165426254272,0.49368345737457275
fold1,680_22_content_N8Brooks_lcs_hash_search_parallel_hash_search.py_cleaned.png,0,1,0.2444043755531311,0.7555956244468689
fold1,183_v4_13_content_preetidurai_Spam-Ham-Classification-using-NB-and-LR_NBHelper.py_cleaned.png,1,1,0.15816718339920044,0.8418328166007996
fold1,743_v4_27_content_danish45007_PLACEMENTS-IN-SRM-2013-2016-_placements.py_cleaned.png,1,1,0.4800894856452942,0.5199105143547058
fold1,523_1_content_gsharu_QA_FACT_test_QAInterviewAppl.py_cleaned.png,0,0,0.9411680474877357,0.05883195251226425
fold1,1403_v4_51_content_ParthanOlikkal_Agglomerative-Hierarchical-Clustering_Agglomerative_hierarchical_clustering.py_cleaned.png,1,1,0.20875924825668335,0.7912407517433167
fold1,414_v4_19_content_riccardobisori_Binary-Trees_TestHeights.py_cleaned.png,1,1,0.19282662868499756,0.8071733713150024
fold1,104_v4_11_content_sichen-x_search-engine_index_search.py_cleaned.png,1,0,0.5623420476913452,0.4376579523086548
fold1,1139_v4_3_content_iykadev_pyalgo_recursiveBinarySearch.py_cleaned.png,1,1,0.42269599437713623,0.5773040056228638
fold1,527_1_content_jdmcpeek_pretty-print-binary-tree_tree.py_cleaned.png,0,0,0.8996902033686638,0.10030979663133621
fold1,1070_v4_39_content_ercjns_WinOfTheDay_toolbox.py_cleaned.png,1,1,0.34389352798461914,0.6561064720153809
fold1,878_v4_2_content_Prateek-Bansal_Admission_decision_tree_classifier.py_cleaned.png,1,1,0.23979246616363525,0.7602075338363647
fold1,1434_v4_54_content_adnan-mehremic_plagiarism-detection_cosine_similarity.py_cleaned.png,1,1,0.1532456874847412,0.8467543125152588
fold1,1166_38_content_d7x_pyrsacrack_pyrsacrack.raw.py_cleaned.png,0,0,0.9801585637032986,0.01984143629670143
fold1,52_10_content_Raj-Kumar2208_linkedList-Stacks-Queues-Hashing_arrayStack.py_cleaned.png,0,0,0.6008241772651672,0.39917582273483276
fold1,1280_3_content_KirillGordievich_Bubble_Sort_Visualization_mainloop.py_cleaned.png,0,0,0.5138340294361115,0.48616597056388855
fold1,797_v4_29_content_fwoodruff_ECDH_TypeConversion.py_cleaned.png,1,0,0.5781480073928833,0.4218519926071167
fold1,1187_39_content_dhruva-gaidhani_DNS_resolver_my_dns.py_cleaned.png,0,0,0.9143097028136253,0.08569029718637466
fold1,1345_41_content_kerrgavin_Algorithms-Research-Project_graph.py_cleaned.png,0,1,0.4763716459274292,0.5236283540725708
fold1,649_v4_24_content_Brew8it_Python_DHAES_AES.py_cleaned.png,1,1,0.25158393383026123,0.7484160661697388
fold1,1612_v4_66_content_skallaje_Ranked-Information-Retrieval_test.py_cleaned.png,1,0,0.7874092161655426,0.2125907838344574
fold1,850_27_content_pedrohba1_brute-force-RSA_bruteforceRSA.py_cleaned.png,0,0,0.6927747428417206,0.3072252571582794
fold1,1254_v4_44_content_CNTexas_Chinese-Text-Classification_test2Bunch.py_cleaned.png,1,1,0.1661425232887268,0.8338574767112732
fold1,1539_v4_5_content_gabriel-arauj_grafos_matriz.py_cleaned.png,1,1,0.08529138565063477,0.9147086143493652
fold1,1530_4_content_rohinigopalqxf2_Factorial-Calculator-Practice_05_Non_Integer_Validation.py_cleaned.png,0,0,0.9132720455527306,0.08672795444726944
fold1,2061_v4_v4_10_content_mahimagupta_NLP-Research-Project-_supervisedLearner.py_cleaned.png,1,1,0.05210322141647339,0.9478967785835266
fold1,626_v4_23_content_gquintela_dijkstra_main.py_cleaned.png,1,1,0.19509029388427734,0.8049097061157227
fold1,625_20_content_UAvinash7_Cryptography_SymmmetricAESAlogrithm.py_cleaned.png,0,1,0.49584656953811646,0.5041534304618835
fold1,589_1_content_TamaWilson_floyd_python_floyd.py_cleaned.png,0,1,0.4962754249572754,0.5037245750427246
fold1,677_v4_24_content_regnarg_prf-turing-machine_tm.py_cleaned.png,1,1,0.44658923149108887,0.5534107685089111
fold1,913_29_content_SilentCatA_is_prime_number_is_prime_number.py_cleaned.png,0,0,0.6752232611179352,0.3247767388820648
fold1,1666_5_content_AdamJacoby_Hopf_Example_Taft.py_cleaned.png,0,0,0.9800169412046671,0.01998305879533291
fold1,1576_52_content_maxmartinezruts_Aircraft-Path-Optimization_nearestneighbor.py_cleaned.png,0,0,0.5556365549564362,0.44436344504356384
fold1,284_v4_16_content_Deus1223_Pac-Man_ghostAgents.py_cleaned.png,1,0,0.5152888596057892,0.4847111403942108
fold1,171_v4_13_content_isabellavieira57_dijkstra-fractionalKnapsack-polynomialMultiplication_question3b.py_cleaned.png,1,1,0.49027520418167114,0.5097247958183289
fold1,1363_42_content_tesladodger_Fibonacci_fibonacci.py_cleaned.png,0,0,0.9911173088476062,0.008882691152393818
fold1,31_v4_10_content_hsngurler_Kruskal-s-Algorithm_Kruskal_s_Algorithm.py_cleaned.png,1,1,0.0886087417602539,0.9113912582397461
fold1,1485_v4_59_content_danish45007_polynomial-regression_polynomial_regression.py_cleaned.png,1,0,0.5169841349124908,0.48301586508750916
fold1,1781_66_content_abinavrameshs_Web-Scraping-and-Car-Brand-Analysis_web_scraping_code_edmunds.py_cleaned.png,0,0,0.9787813704460859,0.02121862955391407
fold1,210_v4_14_content_CohleM_Maze_test.py_cleaned.png,1,1,0.44861000776290894,0.5513899922370911
fold1,922_29_content_zxenonx_diffie-hellman-raw_dh2.py_cleaned.png,0,0,0.9410780891776085,0.05892191082239151
fold1,102_11_content_movingpictures83_Variance_VariancePlugin.py_cleaned.png,0,0,0.8076070696115494,0.19239293038845062
fold1,65_v4_11_content_AlfioEmanueleFresta_practical-one-time-pad-python_extension.py_cleaned.png,1,1,0.40006929636001587,0.5999307036399841
fold1,798_v4_29_content_gdkat_Recursive-DNS-Client-Server-Communication_client.py_cleaned.png,1,1,0.11253070831298828,0.8874692916870117
fold1,1216_v4_41_content_EdmundMartin_Indigestion_ingestion_engine.py_cleaned.png,1,1,0.27924656867980957,0.7207534313201904
fold1,976_2_content_Madeeha-Anjum_Box_Head_testing_BFS.py_cleaned.png,0,0,0.997554540168494,0.002445459831506014
fold1,1544_50_content_mhkhojaste_solve-polynoma-regression-with-genetic_P2.py_cleaned.png,0,1,0.3398860692977905,0.6601139307022095
fold1,1986_v4_94_content_skatsd_Sorting-Algorithm-Visualiser_SORT_VISUALISER.py_cleaned.png,1,1,0.40978384017944336,0.5902161598205566
fold1,2080_84_content_rev1z_async_factorial_webapp_logic.py_cleaned.png,0,0,0.9344202354550362,0.06557976454496384
fold1,1943_v4_8_content_dianaelmasri_TravellingSalesManProblem_AStar_Kruskal_Recuit_test.py_cleaned.png,1,0,0.8704206347465515,0.1295793652534485
fold1,91_v4_11_content_mrluin_EfficientAutoDeeplab_train_counter_network.py_cleaned.png,1,1,0.14641988277435303,0.853580117225647
fold1,241_14_content_ambasthv_Analytics_ARIMA_polynomial_Linear_Regression_test_lib.py_cleaned.png,0,0,0.7077928483486176,0.29220715165138245
fold1,904_v4_30_content_MKI603_Python3-RSA_rsa.py_cleaned.png,1,1,0.3230399489402771,0.6769600510597229
fold1,2132_v5_v4_22_content_ABHISHEKVALSAN_Malayalam-Newspaper-Article-Dataset_MalayalamScraping.py_cleaned.png,1,1,0.1698964238166809,0.8301035761833191
fold1,765_24_content_regnarg_prf-turing-machine_tm.py_cleaned.png,0,0,0.9876367207616568,0.012363279238343239
fold1,1796_67_content_GilbyScarChest_Fibonacci_API_app.py_cleaned.png,0,0,0.9886697577312589,0.01133024226874113
fold1,1573_v4_61_content_arthurgsf_BuscaAEstrela_main.py_cleaned.png,1,1,0.09113287925720215,0.9088671207427979
fold1,1443_v4_54_content_VishalPadme_Queue__Simple_Driver_Code_Queue_by_VP.py_cleaned.png,1,1,0.4249838590621948,0.5750161409378052
fold1,866_v4_2_content_Liu-WeiYi_Private_Preserving_Outlier_Behavior_Detection_Process_TianChi_Main.py_cleaned.png,1,1,0.04798084497451782,0.9520191550254822
fold1,441_18_content_swaroop396_linkedLists_LinkedList.py_cleaned.png,0,0,0.9195387661457062,0.08046123385429382
fold1,1506_4_content_ljm7b2_OBSTstandardDeviation_main_final.py_cleaned.png,0,0,0.8757809922099113,0.12421900779008865
fold1,2066_v4_v4_15_content_Skyblueballykid_SPX-Arima-model_SPX.py_cleaned.png,1,1,0.2873755097389221,0.7126244902610779
fold1,1458_49_content_lastralab_Statistics_ConverS.py_cleaned.png,0,0,0.9935010001063347,0.006498999893665314
fold1,380_17_content_fekadeabdejene_HuffmanEncoding_Huffman.py_cleaned.png,0,0,0.6302469670772552,0.36975303292274475
fold1,551_1_content_morganc3_LinkedInHarvester_harvest.py_cleaned.png,0,0,0.9983568581519648,0.0016431418480351567
fold1,761_v4_28_content_albertsegura_tmux-jobqueue_run_jobs.py_cleaned.png,1,1,0.4038553833961487,0.5961446166038513
fold1,1683_v4_6_content_programmer290399_Youtube-transcript-extractor_links_finder.py_cleaned.png,1,0,0.5867947936058044,0.41320520639419556
fold1,1391_v4_50_content_mrugankray_Hierarchical_Clustering_hierarchichal_clustering.py_cleaned.png,1,0,0.8033957630395889,0.19660423696041107
fold1,2087_v4_v5_11_content_sichen-x_search-engine_search.py_cleaned.png,1,1,0.06851059198379517,0.9314894080162048
fold1,327_16_content_apriven_linked_lists_scratch.py_cleaned.png,0,0,0.5960252285003662,0.4039747714996338
fold1,591_v4_22_content_boneanxs_Apriori-Algorithm_Apriori.py_cleaned.png,1,1,0.06649672985076904,0.933503270149231
fold1,81_11_content_harishchellappa_Time-Series-Analysis-Bike-Sharing-Demand-Forecasting_forecasting_2.py_cleaned.png,0,0,0.991062599234283,0.00893740076571703
fold1,1506_v4_5_content_amirheidarikhoram_longest-common-subsequence_lcs.py_cleaned.png,1,0,0.9541393145918846,0.04586068540811539
fold1,738_24_content_clxmente_Python-Password-Manager_main.py_cleaned.png,0,1,0.1943623423576355,0.8056376576423645
fold1,1026_30_content_williamsdsantos_dijkstras_algorithm_Topology.py_cleaned.png,0,0,0.9453712403774261,0.05462875962257385
fold1,650_v4_24_content_Brew8it_Python_DHAES_server.py_cleaned.png,1,1,0.02855616807937622,0.9714438319206238
fold1,1985_7_content_ghifarozarrr_floyd-warshall-algorithm_floyd.py_cleaned.png,0,0,0.9653714559972286,0.03462854400277138
fold1,1472_v4_57_content_Wwicked_Bubble-sort-visualization_main.py_cleaned.png,1,0,0.5138855874538422,0.48611441254615784
fold1,707_v4_25_content_Scientific-Computing-at-Temple-Physics_prime-number-finder-MicrowaveOfEvil_primes.py_cleaned.png,1,1,0.11726135015487671,0.8827386498451233
fold1,1638_v4_69_content_IhorVodko_NYCDSA_WebScraping_project_Data_transfrmtion.py_cleaned.png,1,1,0.13302427530288696,0.866975724697113
fold1,1329_40_content_j-nicholson_FibonacciPy_fibonacci.py_cleaned.png,0,0,0.7621854990720749,0.2378145009279251
fold1,1434_47_content_jeshan_lambda-default-dlq_generate-config.py_cleaned.png,0,1,0.41340237855911255,0.5865976214408875
fold1,426_18_content_kandapagari_NaiveBayes_Naive_bayes.py_cleaned.png,0,0,0.8450854867696762,0.1549145132303238
fold1,1140_v4_3_content_iykadev_pyalgo_selectionSorting.py_cleaned.png,1,0,0.7571331411600113,0.2428668588399887
fold1,667_v4_24_content_MariosPitsali_algorithms-practice_ducks.py_cleaned.png,1,1,0.25296908617019653,0.7470309138298035
fold1,2142_8_content_drake-young_Euler12_Python_main.py_cleaned.png,0,0,0.8369514048099518,0.16304859519004822
fold1,415_18_content_Areege_BFS-and-Prim_SourceCode.py_cleaned.png,0,0,0.9965243581682444,0.003475641831755638
fold1,28_10_content_fadlytanjung_chatbot-lcs-line_app.py_cleaned.png,0,0,0.873083084821701,0.12691691517829895
fold1,1868_v4_82_content_joaoluga_python-rsa-algorithm_main.py_cleaned.png,1,0,0.6242215931415558,0.3757784068584442
fold1,93_v4_11_content_namelessfintech_python-web-scraping_advanced_link_crawler.py_cleaned.png,1,0,0.5594009757041931,0.4405990242958069
fold1,1029_v4_36_content_hasanunl_Hierarchical-Clustering-in-Python-Training_hc_training.py_cleaned.png,1,1,0.1646491289138794,0.8353508710861206
fold1,2032_7_content_usbogie_MSTcreator_Node.py_cleaned.png,0,0,0.888909749686718,0.11109025031328201
fold1,1851_v4_80_content_julianlafaye_ML-Problem-Set-5-Problem-3_k-means.py_cleaned.png,1,1,0.22984373569488525,0.7701562643051147
fold1,1058_v4_38_content_sapurvaa_Regression_logisticregression.py_cleaned.png,1,0,0.8016060143709183,0.19839398562908173
fold1,1378_v4_4_content_SadraSamadi_n_queens_n_queens.py_cleaned.png,1,0,0.6560424864292145,0.3439575135707855
fold1,886_v4_2_content_Rohit967_Outlier-Analysis-With-Python_OutlierAnalysis.py_cleaned.png,1,1,0.23422729969024658,0.7657727003097534
fold1,1515_v4_5_content_anguillanneuf_bigO_89_license_plate.py_cleaned.png,1,0,0.8473988175392151,0.1526011824607849
fold1,1321_v4_49_content_lllunaticer_pathFindGUI_Draw.py_cleaned.png,1,0,0.598701000213623,0.40129899978637695
fold1,1161_37_content_saurabhzingade_Naive-Bayes-Basic_naive.py_cleaned.png,0,1,0.41953420639038086,0.5804657936096191
fold1,879_28_content_tomsiwek_gprMax-Designer_operation.py_cleaned.png,0,1,0.2600092887878418,0.7399907112121582
fold1,1660_v4_6_content_gionanide_Cryptography_Decrypt_Hip_replacement.py_cleaned.png,1,1,0.03518038988113403,0.964819610118866
fold1,956_v4_32_content_clee1994_MasterThesis_port_opt.py_cleaned.png,1,1,0.23992735147476196,0.760072648525238
fold1,305_15_content_ronma1_Dijkstra_graph_algo.py_cleaned.png,0,1,0.23179322481155396,0.768206775188446
fold1,736_24_content_Brew8it_Python_DHAES_server.py_cleaned.png,0,0,0.691511482000351,0.30848851799964905
fold1,968_2_content_lidq92_LinearityIQA_IQAperformance.py_cleaned.png,0,0,0.6061791181564331,0.3938208818435669
fold1,2208_97_content_ChristinaKr_RegressionAnalysis_split_train_test.py_cleaned.png,0,0,0.9150912910699844,0.08490870893001556
fold1,1687_v4_6_content_sanjay-bhat_find_route_bfs_find_route.py_cleaned.png,1,1,0.1902671456336975,0.8097328543663025
fold1,444_18_content_TorugoH_quickSort_quick.py_cleaned.png,0,0,0.9979117733892053,0.0020882266107946634
fold1,763_24_content_regnarg_prf-turing-machine_arith.py_cleaned.png,0,1,0.45587652921676636,0.5441234707832336
fold1,1790_v4_7_content_gabriel-arauj_grafos_dijkstraalgorithm.py_cleaned.png,1,1,0.13826853036880493,0.8617314696311951
fold1,583_1_content_susheelsagar_LCSS_final_loader.py_cleaned.png,0,0,0.9876422984525561,0.012357701547443867
fold1,1535_v4_5_content_edison12a_bmrs-json-api_test_bmrs.py_cleaned.png,1,1,0.4296985864639282,0.5703014135360718
fold1,1431_v4_53_content_RefaelBeker7_Sorting-Algorithms-Python_ExampleSort_sixDifference.py_cleaned.png,1,1,0.10604244470596313,0.8939575552940369
fold1,1759_62_content_srkhedkar_Polynomial-Regression_PolynomialRegression.py_cleaned.png,0,1,0.4044446349143982,0.5955553650856018
fold1,1580_52_content_RefaelBeker7_Sorting-Algorithms-Python_ExampleSort_sixDifference.py_cleaned.png,0,0,0.962777204811573,0.03722279518842697
fold1,1547_v4_5_content_JoseAntonioMora_StopWords_Stopwords.py_cleaned.png,1,0,0.822287917137146,0.177712082862854
fold1,2177_91_content_mahsarazavi_Text-Classification_MLP_Model.py_cleaned.png,0,0,0.6199773550033569,0.38002264499664307
fold1,189_v4_13_content_ToonBlok_LinkedList_test_pylinkedlist.py_cleaned.png,1,0,0.7959083467721939,0.2040916532278061
fold1,1168_v4_3_content_pombredanne_string-alignment_globalAlignment.py_cleaned.png,1,0,0.8015793412923813,0.1984206587076187
fold1,549_v4_20_content_subhadeep-123_Apriori-on-Market-Basket_apriori.py_cleaned.png,1,1,0.3618243932723999,0.6381756067276001
fold1,1735_60_content_antoniomaldonado_Cifradores_vigenereCipher.py_cleaned.png,0,1,0.04867821931838989,0.9513217806816101
fold1,1592_v4_64_content_AhmadMamduhh_Data-Mining-Project_visualizer.py_cleaned.png,1,0,0.6523507535457611,0.3476492464542389
fold1,1735_v4_75_content_LucaRemaggi_RSAO_Parameteriser_MixingTime_Estimation.py_cleaned.png,1,0,0.5336337387561798,0.4663662612438202
fold1,1676_v4_6_content_movingpictures83_CalcMeanStd_CalcMeanStdPlugin.py_cleaned.png,1,1,0.41597509384155273,0.5840249061584473
fold1,955_2_content_johndoe31415_toyecc_dual_ec_drbg.py_cleaned.png,0,0,0.9688323121517897,0.031167687848210335
fold1,2116_89_content_AasthaGoyal_Mathimatical-Statistics-on-an-integer-array_python_code.py_cleaned.png,0,0,0.9702062774449587,0.029793722555041313
fold1,520_1_content_gasior213214123_Python-Queue-Simulation_queue.py_cleaned.png,0,0,0.8713530451059341,0.12864695489406586
fold1,669_v4_24_content_MuyaoWang_OnePlusTwo-BigData_PostProcessForReport.py_cleaned.png,1,1,0.3675464987754822,0.6324535012245178
fold1,344_16_content_MiKoronjoo_Python-Huffman-coding_decoding.py_cleaned.png,0,1,0.19537866115570068,0.8046213388442993
fold1,692_v4_25_content_Cytla24_LinkedLists_print_append_insert_delete.py_cleaned.png,1,1,0.1536937952041626,0.8463062047958374
fold1,1466_49_content_pranurs_regression-model_performance_analysis.py_cleaned.png,0,0,0.8679298758506775,0.1320701241493225
fold1,2219_97_content_VangaPoornaChand_Web-Scraping-Collections__2__OU_Results_Final.py_cleaned.png,0,0,0.8598531782627106,0.14014682173728943
fold1,684_v4_24_content_xosherry_Machine-Learning-_knn.py_cleaned.png,1,1,0.2612023949623108,0.7387976050376892
fold1,1855_6_content_marcelotokarnia_dojo-divisibility-rules_is_divisible.py_cleaned.png,0,0,0.5815202295780182,0.4184797704219818
fold1,876_28_content_tomsiwek_gprMax-Designer_echogramwindow.py_cleaned.png,0,0,0.517983078956604,0.482016921043396
fold1,1731_5_content_swkim94_Running-Variance-Algorithm-Test_running_variance_test.py_cleaned.png,0,0,0.9056530371308327,0.09434696286916733
fold1,1825_v4_7_content_pherde_naive_bayes_spam_classifier.py_cleaned.png,1,1,0.037793099880218506,0.9622069001197815
fold1,334_16_content_hoefler02_diffie-hellman_dh_example.py_cleaned.png,0,0,0.5045936703681946,0.4954063296318054
fold1,194_v4_14_content_149ps_leetcode-solutions_27_remove_element.py_cleaned.png,1,0,0.720825731754303,0.279174268245697
fold1,2161_8_content_lucasxteixeira_RandomQuickSort_benchmark.py_cleaned.png,0,0,0.9910948509350419,0.008905149064958096
fold1,2129_v5_v4_1_content_sadnessFree_arima-lstm_data_review.py_cleaned.png,1,1,0.16253870725631714,0.8374612927436829
fold1,553_v4_21_content_anko9801_RSA-attack_simple_attack.py_cleaned.png,1,1,0.3481208086013794,0.6518791913986206
fold1,1827_v4_7_content_rizanw_DAA_Pacman_Pacman.py_cleaned.png,1,1,0.09198886156082153,0.9080111384391785
fold1,1287_v4_46_content_lili668668_tensorflow-note_trytfb.py_cleaned.png,1,1,0.3188238739967346,0.6811761260032654
fold1,1966_7_content_Broski-AC_FizzBuzz1_Fizzbuzz.py_cleaned.png,0,0,0.9823562726378441,0.017643727362155914
fold1,768_v4_28_content_IPDT_car_review_k-means_clustering_word_freq.py_cleaned.png,1,1,0.14510679244995117,0.8548932075500488
fold1,240_v4_15_content_DiptaGomes_Apriori-Association-Rule-Mining-_implementation.py_cleaned.png,1,1,0.055895447731018066,0.9441045522689819
fold1,402_17_content_sdevkota007_KNN-And-NaiveBayes-Classifier_ConfusionMatrix.py_cleaned.png,0,0,0.9763865508139133,0.023613449186086655
fold1,172_12_content_vidya_digit-factorial-chain_test_digitfactorialchain.py_cleaned.png,0,1,0.4892972707748413,0.5107027292251587
fold1,134_12_content_AtahanCelebi_Shortest-Route-with-Floyd-Warshall-Algorithm_map_distance.py_cleaned.png,0,0,0.9516410604119301,0.048358939588069916
fold1,2092_v4_v5_1_content_Chunning-Zhou_MILPBasedSearchAlgorithmDiff_function.py_cleaned.png,1,0,0.5144286751747131,0.48557132482528687
fold1,1581_52_content_seanluo1_Arm-Link-AI_const.py_cleaned.png,0,0,0.7340335547924042,0.2659664452075958
fold1,1949_79_content_eochandler_ML-Linear-Reg-Bin-Class_KaggeFraudAttempt.py_cleaned.png,0,0,0.9602001495659351,0.039799850434064865
fold1,1910_v4_88_content_andreaestrada_mazecrawler_powerupPiles.py_cleaned.png,1,1,0.46419084072113037,0.5358091592788696
fold1,119_11_content_sichen-x_search-engine_test_htable.py_cleaned.png,0,1,0.19123297929763794,0.8087670207023621
fold1,122_v4_12_content_burrussmp_MST-Algorithms_Sollins.py_cleaned.png,1,1,0.2575729489326477,0.7424270510673523
fold1,516_v4_1_content_susheelsagar_LCSS_lcss2.py_cleaned.png,1,1,0.3673062324523926,0.6326937675476074
fold1,181_v4_13_content_Pedinpsy_-inverted-index-search_hash.py_cleaned.png,1,0,0.5537088513374329,0.44629114866256714
fold1,1971_7_content_denisyarats_pytorch_sac_ae_decoder.py_cleaned.png,0,1,0.3930123448371887,0.6069876551628113
fold1,665_22_content_asmitaneupane_Python-project_testfile.py_cleaned.png,0,1,0.4899559020996094,0.5100440979003906
fold1,1622_56_content_sfitzgerald96_WebScraping_main.py_cleaned.png,0,1,0.21041250228881836,0.7895874977111816
fold1,2020_7_content_rmssoares_8Puzzle-StateSpaceSearches_node.py_cleaned.png,0,0,0.9935096427798271,0.006490357220172882
fold1,582_v4_22_content_ABHISHEKVALSAN_Malayalam-Newspaper-Article-Dataset_MalayalamScraping.py_cleaned.png,1,1,0.10923409461975098,0.890765905380249
fold1,734_24_content_Brew8it_Python_DHAES_AES.py_cleaned.png,0,1,0.387101411819458,0.612898588180542
fold1,2111_v4_v5_56_content_lpyhdzx_clustering_data.py_cleaned.png,1,0,0.6276427805423737,0.37235721945762634
fold1,1031_v4_36_content_mskroar18_GraphWizard_Prim.py_cleaned.png,1,1,0.20046013593673706,0.7995398640632629
fold1,2123_v5_v4_12_content_ianscottknight_Predicting-Myers-Briggs-Type-Indicator-with-Recurrent-Neural-Networks_make_test_set.py_cleaned.png,1,1,0.24447250366210938,0.7555274963378906
fold1,1571_52_content_DSCPoltekpos_Py-PCA-Calory_PCA.py_cleaned.png,0,0,0.8761665299534798,0.12383347004652023
fold1,1728_5_content_Schemberizer_Binary-Tree-Compression_tree.py_cleaned.png,0,1,0.08117341995239258,0.9188265800476074
fold1,900_29_content_gdkat_Recursive-DNS-Client-Server-Communication_rs.py_cleaned.png,0,0,0.8340423852205276,0.16595761477947235
fold1,888_29_content_cmccoypdx_PythonSortCompare_Generator.py_cleaned.png,0,0,0.975752180442214,0.024247819557785988
fold1,624_20_content_UAvinash7_Cryptography_DigitalSignature.py_cleaned.png,0,0,0.7751814424991608,0.22481855750083923
fold1,1834_6_content_cliptic_nlp_spinner02.py_cleaned.png,0,0,0.9933092761784792,0.006690723821520805
fold1,2140_8_content_dianaelmasri_TravellingSalesManProblem_AStar_Kruskal_Recuit_Recuit.py_cleaned.png,0,0,0.9639097042381763,0.036090295761823654
fold1,365_v4_18_content_artcomp_PrincipalComponentAnalysis-PCA-Algorithm_kmeans.py_cleaned.png,1,1,0.1799028515815735,0.8200971484184265
fold1,1206_v4_40_content_phoolchandra_Text-Search-Engine_search.py_cleaned.png,1,0,0.5145379304885864,0.4854620695114136
fold1,2112_v4_v5_5_content_teawifi_k-means_clustering_loader.py_cleaned.png,1,1,0.41430652141571045,0.5856934785842896
fold1,1864_6_content_picrin_DiffieHellmanChallenge_discreteLogEfficient.py_cleaned.png,0,0,0.9811791144311428,0.018820885568857193
fold1,117_v4_12_content_anapandza_ComputerNetworks_Binary_Division.py_cleaned.png,1,1,0.16644632816314697,0.833553671836853
fold1,1293_v4_46_content_whoif_Cost-Sensitive-KNN_plotHelper.py_cleaned.png,1,0,0.7199434340000153,0.28005656599998474
fold1,1152_36_content_prakhardogra921_Clustering-using-Kmeans-Cmeans-and-GMM_gmm_sklearn.py_cleaned.png,0,0,0.7936587631702423,0.2063412368297577
fold1,1348_v4_4_content_gracerichardson0_Recursive-Functions_max.py_cleaned.png,1,1,0.25828784704208374,0.7417121529579163
fold1,1087_v4_3_content_ahmedelfateh_scraping_CimaClub_scraper_urllib.py_cleaned.png,1,0,0.935639500617981,0.06436049938201904
fold1,1468_49_content_S-GH_WebtoonReply_Scraping-and-Sentiment_Analysis_2._Preprocess.py_cleaned.png,0,0,0.9512916877865791,0.04870831221342087
fold1,2002_v4_97_content_mjurk456_mini-snakes_aligning_text_file.py_cleaned.png,1,0,0.8513807505369186,0.14861924946308136
fold1,2034_v4_9_content_ghemsley_fibonacci_fib.py_cleaned.png,1,1,0.416376531124115,0.583623468875885
fold1,301_15_content_MubasharSardar_Multipurpose-Gui-App-python_Projectpart2revice.py_cleaned.png,0,0,0.9956387113779783,0.004361288622021675
fold1,1936_v4_8_content_chiragragarwal_Graphs_And_Networks_graph_plot.py_cleaned.png,1,0,0.8886217251420021,0.1113782748579979
fold1,1782_66_content_abouchan01_Merge-Bubble-Sort-con-_interfazGrafica.py_cleaned.png,0,0,0.8834140375256538,0.11658596247434616
fold1,857_27_content_yukiiwong_Some-Simple-Graph-Theory-that-I-have-studyed_________.py_cleaned.png,0,0,0.8400013595819473,0.15999864041805267
fold1,1224_3_content_dare2095_EllipticCurveProject_ec_run.sage.py_cleaned.png,0,0,0.6309721767902374,0.3690278232097626
fold1,215_v4_14_content_ganigavinaya_NaiveBayes_MLAssignment.py_cleaned.png,1,1,0.05131250619888306,0.9486874938011169
fold1,1738_60_content_Thehunk1206_Polynomial-Regression_demo.py_cleaned.png,0,0,0.9189215153455734,0.08107848465442657
fold1,59_10_content_stensonowen_factorial_bot_text2num.py_cleaned.png,0,0,0.8980488553643227,0.10195114463567734
fold1,1961_7_content_Aly-Tomato_Prims-and-Kruskals_glb.py_cleaned.png,0,0,0.9149084612727165,0.08509153872728348
fold1,7_10_content_adrianvellamlt_Quick-Sort---Insertion-Sort_utils.py_cleaned.png,0,0,0.9832232426851988,0.016776757314801216
fold1,1340_v4_4_content_doronbruder_Recursive-functions-_ex7.py_cleaned.png,1,0,0.8120197355747223,0.1879802644252777
fold1,1017_30_content_rogerdenisvieira_bidirectional-conditional-insertion-sort_unit_tests.py_cleaned.png,0,0,0.5736657977104187,0.4263342022895813
fold1,306_15_content_shahrukh-ak_Finding-the-standard-deviation-of-stores-sales-in-each-city._reducer_shahrukh_alam_khan_B.py_cleaned.png,0,1,0.46076202392578125,0.5392379760742188
fold1,1410_v4_52_content_analokmaus_idao2020-online_trackB_predict.py_cleaned.png,1,1,0.47353512048721313,0.5264648795127869
fold1,2005_7_content_manuellah_bc-9-twitter-sentiment-app_try.py_cleaned.png,0,0,0.6349571645259857,0.3650428354740143
fold1,439_v4_1_content_colettebedoya_primsAndKruskal_DisjointSet.py_cleaned.png,1,1,0.4672088027000427,0.5327911972999573
fold1,214_13_content_Pedinpsy_-inverted-index-search_main.py_cleaned.png,0,0,0.9386880770325661,0.06131192296743393
fold1,239_14_content_ambasthv_Analytics_ARIMA_polynomial_Linear_Regression_matrix_operation.py_cleaned.png,0,0,0.9769294988363981,0.023070501163601875
fold1,1295_3_content_pombredanne_string-alignment_LCS.py_cleaned.png,0,0,0.8658679872751236,0.1341320127248764
fold1,869_28_content_Mansy_HuffmanCode_Huffman.py_cleaned.png,0,1,0.32634586095809937,0.6736541390419006
fold1,589_v4_22_content_ayush-garg341_skill_recommendation_database.py_cleaned.png,1,0,0.799299955368042,0.200700044631958
fold1,959_2_content_johndoe31415_toyecc_PrefixMatcher.py_cleaned.png,0,1,0.08693164587020874,0.9130683541297913
fold1,543_v4_20_content_ndodson_Cosine-Similarity_cosSimilarity3.py_cleaned.png,1,0,0.6193850934505463,0.38061490654945374
fold1,1582_52_content_Tchaikovic_dijkstra_mapcreator.py_cleaned.png,0,0,0.5749470889568329,0.4250529110431671
fold1,337_16_content_hungapp_big_o_09-04.py_cleaned.png,0,1,0.4183233380317688,0.5816766619682312
fold1,1538_v4_5_content_Fmccline_Prims-Algorithm_graph_saver.py_cleaned.png,1,1,0.45992952585220337,0.5400704741477966
fold1,1938_v4_8_content_chiragragarwal_Graphs_And_Networks_PlotGraph.py_cleaned.png,1,1,0.16041213274002075,0.8395878672599792
fold1,1270_v4_45_content_absu5530_cnn_pos_experiments_results.py_cleaned.png,1,0,0.5234171152114868,0.4765828847885132
fold1,1917_74_content_eenblam_grid_dfs_image_example.py_cleaned.png,0,0,0.7757309973239899,0.22426900267601013
fold1,676_v4_24_content_regnarg_prf-turing-machine_prf.py_cleaned.png,1,1,0.391058087348938,0.608941912651062
fold1,1810_v4_7_content_MadalinaMircea_GraphAlgorithms_Graph.py_cleaned.png,1,0,0.6723501086235046,0.32764989137649536
fold1,2139_8_content_Develop-It-19_Random_Forest_Random_Forest_Interpretation.py_cleaned.png,0,0,0.7569262385368347,0.24307376146316528
fold1,943_v4_31_content_shreyas3336_Diffie-Hellman-KeyExchange_Seed_Generator.py_cleaned.png,1,0,0.5175400674343109,0.4824599325656891
fold1,691_v4_25_content_bisigc_python_quicksort_run_parallel_QuickSort_threading.py_cleaned.png,1,0,0.7752596735954285,0.22474032640457153
fold1,173_13_content_Ade-Adeleke_KruskalAlg_Kruskal_Algorithm__1_.py_cleaned.png,0,1,0.35338419675827026,0.6466158032417297
fold1,142_v4_12_content_nidhigup01_Quick-sort_quick_sort.py_cleaned.png,1,1,0.3937770128250122,0.6062229871749878
fold1,1882_v4_84_content_Keon6_CrapsSimulator_RunSimulation.py_cleaned.png,1,1,0.09705793857574463,0.9029420614242554
fold1,1983_v4_93_content_RoshanSPai_Map-Reduce-TF-IDF_reducer3.py_cleaned.png,1,0,0.9940645773895085,0.005935422610491514
fold1,2246_9_content_fritzwill_apriori-algorithm_apriori.py_cleaned.png,0,0,0.997145060217008,0.0028549397829920053
fold1,1646_59_content_Arouck_AES-python_aes.py_cleaned.png,0,0,0.8493657261133194,0.1506342738866806
fold1,1495_4_content_JakubVojvoda_elliptic-curve-brute-force_decipher.py_cleaned.png,0,0,0.524101197719574,0.475898802280426
fold1,1375_43_content_odubno_ford-fulkerson-max-flow_test_max_flow.py_cleaned.png,0,0,0.8438764214515686,0.1561235785484314
fold1,1920_74_content_Pratik08_prox-svrg_stats.py_cleaned.png,0,1,0.29391980171203613,0.7060801982879639
fold1,1084_33_content_Howellp80_Algorithms---Merge-Sort-vs-Insertion-Sort_hw1.py_cleaned.png,0,0,0.9563891775906086,0.0436108224093914
fold1,643_v4_24_content_Am4teur_LinkedList_LL0.py_cleaned.png,1,1,0.05775284767150879,0.9422471523284912
fold1,887_v4_2_content_Rookieprogrammer521_Kruskal_Kruskal.py_cleaned.png,1,0,0.5441003143787384,0.4558996856212616
fold1,664_22_content_asmitaneupane_Python-project_mytest.py_cleaned.png,0,0,0.7079988718032837,0.2920011281967163
fold1,21_v4_10_content_circulosmeos_haveibeenpwned-binary_pwned-pass-binary-fast.py_cleaned.png,1,0,0.7497464716434479,0.2502535283565521
fold1,2107_v4_v5_52_content_msypetkowski_MEDProj_datasets.py_cleaned.png,1,0,0.6028099358081818,0.39719006419181824
fold1,745_v4_27_content_gabysoares_PythonBinaryTree_ReconstructTree.py_cleaned.png,1,1,0.3156614303588867,0.6843385696411133
fold1,988_v4_33_content_wpaturaj_FuzzyKNN_Sample_read.py_cleaned.png,1,0,0.9381355009973049,0.061864499002695084
fold1,938_2_content_cvwilliams_BellmanFord-Python_client.py_cleaned.png,0,0,0.5645800232887268,0.4354199767112732
fold1,2124_8_content_abhishekmsharma_knn-python-artificial-intelligence_abhishek_sharma_knn_environment.py_cleaned.png,0,0,0.9467003010213375,0.05329969897866249
fold1,41_v4_10_content_MBataille_encrypt-xor_encr.py_cleaned.png,1,1,0.23444139957427979,0.7655586004257202
fold1,756_v4_27_content_pedrohba1_brute-force-RSA_bruteforceRSA.py_cleaned.png,1,0,0.7646438032388687,0.2353561967611313
fold1,2013_7_content_oscarokker_OneTimePad_decrypt.py_cleaned.png,0,1,0.4845336675643921,0.5154663324356079
fold1,1108_34_content_jackle98_Deque-Code-_Queue.py_cleaned.png,0,1,0.3264251947402954,0.6735748052597046
fold1,957_2_content_johndoe31415_toyecc_ed25519test.py_cleaned.png,0,0,0.9690119903534651,0.03098800964653492
fold1,228_14_content_149ps_leetcode-solutions_258_Add_Digits.py_cleaned.png,0,1,0.4178880453109741,0.5821119546890259
fold1,490_v4_1_content_mtony75_isprime_isprime.py_cleaned.png,1,0,0.5869543552398682,0.41304564476013184
fold1,335_16_content_hungapp_big_o_01-29-HW.py_cleaned.png,0,0,0.7373642921447754,0.2626357078552246
fold1,1226_3_content_Dextro1597_Diffie-Hellman_diffie2.py_cleaned.png,0,1,0.44908857345581055,0.5509114265441895
fold1,1247_3_content_iykadev_pyalgo_bubbleSort.py_cleaned.png,0,0,0.9802164603024721,0.019783539697527885
fold1,1808_v4_7_content_lhuangufl_QuickSort_QuickSort.py_cleaned.png,1,1,0.4324745535850525,0.5675254464149475
fold1,1333_40_content_phoolchandra_Text-Search-Engine_search.py_cleaned.png,0,0,0.9249293208122253,0.07507067918777466
fold1,1124_35_content_facundoq_rotational_variance_experiment_runner.py_cleaned.png,0,0,0.8898940458893776,0.1101059541106224
fold1,528_1_content_jim-spyropoulos_Trajectory-Analysis-and-Classification-in-Python-Pandas-and-Scikit-Learn_auxiliaryfunctions.py_cleaned.png,0,0,0.9517498202621937,0.04825017973780632
fold1,538_v4_20_content_kavyasree-bvs_Network-Optimization_vertex.py_cleaned.png,1,0,0.6470800340175629,0.35291996598243713
fold1,1869_v4_82_content_winter-code_Scraping_s.py_cleaned.png,1,0,0.8501311540603638,0.14986884593963623
fold1,1116_34_content_subhendu01_Web-Scraping_imdb_multi_pagescapping.py_cleaned.png,0,0,0.8958270698785782,0.10417293012142181
fold1,625_v4_23_content_git-remove_OTP-Decipher_cipher.py_cleaned.png,1,1,0.1362093687057495,0.8637906312942505
fold1,1104_34_content_bsmorton_linked-list-python_linkedlist.py_cleaned.png,0,0,0.7436054348945618,0.25639456510543823
fold1,620_20_content_Shweetz_Connect4Solver_solver.py_cleaned.png,0,0,0.8760712817311287,0.12392871826887131
fold1,1614_56_content_ANLY521_naive_bayes_template_zero_rule.py_cleaned.png,0,0,0.507696121931076,0.49230387806892395
fold1,1086_v4_3_content_ahmedelfateh_scraping_CimaClub_scraper_HTTP.py_cleaned.png,1,1,0.0413021445274353,0.9586978554725647
fold1,1669_5_content_AdamJacoby_Hopf_HopfConstructions.py_cleaned.png,0,0,0.8166095465421677,0.18339045345783234
fold1,1962_v4_8_content_Shreyaskulkarni98_MarketAnalysis_Basic_Main.py_cleaned.png,1,0,0.937448151409626,0.06255184859037399
fold1,1204_39_content_trunc8_cosine-similarity-nlp_cosine_similarity.py_cleaned.png,0,0,0.5415558815002441,0.45844411849975586
fold1,1216_3_content_bapjiws_prims-minimum-spanning-tree-algorithm_prim.py_cleaned.png,0,1,0.19670623540878296,0.803293764591217
fold1,967_2_content_kristpapadopoulos_keras-exponential-smoothing_ses.py_cleaned.png,0,1,0.3811228275299072,0.6188771724700928
fold1,1494_4_content_Ityer_3x3_Squared_Magic_Square_Finder_test.py_cleaned.png,0,0,0.9794709905982018,0.02052900940179825
fold1,893_29_content_diego95root_CryptoAttacks_MD4.py_cleaned.png,0,0,0.6350254118442535,0.36497458815574646
fold1,517_v4_1_content_susheelsagar_LCSS_lcss3.py_cleaned.png,1,1,0.13763660192489624,0.8623633980751038
fold1,468_19_content_rohaanuv_Bellman-FOrd-Algorithm_algo.py_cleaned.png,0,0,0.7256991863250732,0.27430081367492676
fold1,2265_9_content_SiPBA_swpca_swpca.py_cleaned.png,0,0,0.5973596572875977,0.40264034271240234
fold1,1768_v4_7_content_AastroLePetitRobot_Huffman-Coding_Huffman.py_cleaned.png,1,1,0.0255315899848938,0.9744684100151062
fold1,1582_v4_62_content_arushigupta148_Hybrid-Architecture-for-Numeral-Handwritten-Recognition_Load_Images.py_cleaned.png,1,0,0.7440540492534637,0.25594595074653625
fold1,741_v4_27_content_ayaar25_elgamalecceg_elgamal.py_cleaned.png,1,1,0.49602586030960083,0.5039741396903992
fold1,1722_v4_72_content_SreekarJammula_tf-idf-_asst2_part2_2.py_cleaned.png,1,1,0.37976235151290894,0.6202376484870911
fold1,249_v4_15_content_hgdsraj_python_vs_ruby_speed_analyze_script_cpp.py_cleaned.png,1,1,0.2507040500640869,0.7492959499359131
fold1,672_22_content_EmperorCodeman_SortingAlgorithms_EntryPoint.py_cleaned.png,0,0,0.9753401800990105,0.024659819900989532
fold1,2216_97_content_mjurk456_mini-snakes_web_scrapper.py_cleaned.png,0,0,0.8905456811189651,0.10945431888103485
fold1,1346_v4_4_content_gionanide_Cryptography_manipulate_CRC_computations.py_cleaned.png,1,1,0.1675715446472168,0.8324284553527832
fold1,629_v4_23_content_jfb125_pythonLinkedLists_ex13.py_cleaned.png,1,1,0.2893092632293701,0.7106907367706299
fold1,106_11_content_namelessfintech_python-web-scraping_advanced_link_crawler.py_cleaned.png,0,0,0.5436786711215973,0.4563213288784027
fold1,1327_40_content_Fremont28_tv_networks_fox_cnn.py_cleaned.png,0,1,0.45620834827423096,0.543791651725769
fold1,401_17_content_Ryan-Fortner_selection_sort_selection_sort.py_cleaned.png,0,1,0.33643174171447754,0.6635682582855225
fold1,1200_39_content_PankajJ08_DataStructure_tower_of_hanoi.py_cleaned.png,0,1,0.30748188495635986,0.6925181150436401
fold1,502_v4_1_content_sadnessFree_arima-lstm_arima.py_cleaned.png,1,0,0.5333398580551147,0.46666014194488525
fold1,1979_7_content_gabriel-arauj_grafos_dijkstraalgorithm.py_cleaned.png,0,0,0.5526673197746277,0.4473326802253723
fold1,1556_51_content_jumadilakbar_Recomender-Cosine-Similarity-tfidf-python-flask_preprocess.py_cleaned.png,0,1,0.26488131284713745,0.7351186871528625
fold1,604_20_content_Govind9_BubbleSortAnalysis_Sorting.py_cleaned.png,0,0,0.622187465429306,0.37781253457069397
fold1,854_27_content_sinoobie_DeShal_deshal.py_cleaned.png,0,0,0.866321474313736,0.13367852568626404
fold1,697_23_content_binaya07_8-puzzle_queue.py_cleaned.png,0,0,0.9978797424118966,0.0021202575881034136
fold1,764_24_content_regnarg_prf-turing-machine_prf.py_cleaned.png,0,0,0.7969068586826324,0.20309314131736755
fold1,168_v4_13_content_hypervinay_Insertion-sort_Insertionsort.py_cleaned.png,1,1,0.03248775005340576,0.9675122499465942
fold1,639_v4_23_content_tomasmcoronado_prob-alpha_PhyloTree.py_cleaned.png,1,1,0.48431164026260376,0.5156883597373962
fold1,223_v4_14_content_MGhousSarwar_Algorithm-Analysis_Script.py_cleaned.png,1,1,0.17552495002746582,0.8244750499725342
fold1,567_v4_21_content_manasbichoo_spellchecker_char.py_cleaned.png,1,1,0.2930130362510681,0.7069869637489319
fold1,489_1_content_becurrie_py-sorts_sorter-runner.py_cleaned.png,0,1,0.4995308518409729,0.5004691481590271
fold1,666_22_content_asmitaneupane_Python-project_vernam.py_cleaned.png,0,1,0.3143433928489685,0.6856566071510315
fold1,971_2_content_Liu-WeiYi_Private_Preserving_Outlier_Behavior_Detection_Incremental_Time_analysis.py_cleaned.png,0,1,0.3840525150299072,0.6159474849700928
fold1,1266_3_content_iykadev_pyalgo_selectionSorting.py_cleaned.png,0,0,0.95993272960186,0.040067270398139954
fold1,480_1_content_abdullahwaqar_docsearx_pdf_reader.py_cleaned.png,0,0,0.5752034187316895,0.42479658126831055
fold1,315_15_content_VakinduPhilliam_Pattern_Matching_Python_Difflib_Pattern_Matching_N_Diff.py_cleaned.png,0,0,0.7635418325662613,0.2364581674337387
fold1,384_17_content_haroldport_portfolio-scripts_Stock.py_cleaned.png,0,1,0.4934653043746948,0.5065346956253052
fold1,42_v4_10_content_nazaninsbr_Intelligent-Systems-CA3_Q3_Clustering.py_cleaned.png,1,1,0.07124370336532593,0.9287562966346741
fold1,188_13_content_dannbleeker_SearchForPrimeNumbers_timerForIsPrime.py_cleaned.png,0,1,0.23876065015792847,0.7612393498420715
fold1,1811_v4_7_content_Manerone_Evolutive-KNN_evolutive_knn.py_cleaned.png,1,0,0.728702038526535,0.27129796147346497
fold1,1013_30_content_paritosh3006_NLP-TF_IDF-Cosine_Similarity_tf--idf.py_cleaned.png,0,0,0.8818523362278938,0.11814766377210617
fold1,1154_v4_3_content_KirillGordievich_Bubble_Sort_Visualization_mainloop.py_cleaned.png,1,0,0.7935592383146286,0.2064407616853714
fold1,2004_v4_97_content_mjurk456_mini-snakes_pseudorandom_sentence_generator.py_cleaned.png,1,1,0.017154574394226074,0.9828454256057739
fold1,381_17_content_fxbp_spd-5_funcions.py_cleaned.png,0,0,0.979658767580986,0.020341232419013977
fold1,927_2_content_anrputina_OutlierDenStream-BigDama18_readGroundTruth.py_cleaned.png,0,0,0.6598716080188751,0.3401283919811249
fold1,2112_88_content_NoFishLikeIan_Dijkstra_currency_currency_api.py_cleaned.png,0,1,0.1307583451271057,0.8692416548728943
fold1,695_23_content_AndreasChatz_factorial_prime_swing.py_cleaned.png,0,1,0.2727075219154358,0.7272924780845642
fold1,1460_v4_56_content_lijionline_Big-Data---Hands-On_movie-similarities-1m.py_cleaned.png,1,1,0.1141207218170166,0.8858792781829834
fold1,1513_4_content_mincanhe_Network-routing-protocol_graph.py_cleaned.png,0,0,0.819788247346878,0.18021175265312195
fold1,1028_30_content_zaghlol94_Predict-Salary-depend-on-position_salary-prediction-upon-position.py_cleaned.png,0,0,0.7513563632965088,0.2486436367034912
fold1,1796_v4_7_content_havatv_qgisstandarddeviationalellipseplugin___init__.py_cleaned.png,1,1,0.4396498203277588,0.5603501796722412
fold1,822_v4_2_content_ablumenf_ECCpy_ECC.py_cleaned.png,1,0,0.5027388334274292,0.4972611665725708
fold1,704_23_content_crsbrk_polynomialRegression_test.py_cleaned.png,0,0,0.9466644786298275,0.0533355213701725
fold1,1817_69_content_IceyW_PCA_pca.py_cleaned.png,0,0,0.8800751343369484,0.1199248656630516
fold1,191_13_content_FN-HD_Elliptic_Curve_Cryptography_Main.py_cleaned.png,0,0,0.9763913173228502,0.023608682677149773
fold1,805_26_content_dmallya93_Intelligent-Web-Services-Discovery-using-Clustering-Method_description_similarities.py_cleaned.png,0,0,0.9295478090643883,0.07045219093561172
fold1,333_16_content_Hmnt39_Snake-Automation-Using-AI_constants.py_cleaned.png,0,0,0.5870550870895386,0.4129449129104614
fold1,1875_6_content_ShishirKumar93_linear_regression_implementation_test_class.py_cleaned.png,0,0,0.9501804336905479,0.04981956630945206
fold1,818_26_content_liangsheng02_Huffman-Tree_huff-decompress.py_cleaned.png,0,1,0.25116926431655884,0.7488307356834412
fold1,200_13_content_isabellavieira57_dijkstra-fractionalKnapsack-polynomialMultiplication_question3b.py_cleaned.png,0,0,0.8153349608182907,0.1846650391817093
fold1,820_26_content_mosco_geodesic-knn_test_dijkstra.py_cleaned.png,0,0,0.6595171391963959,0.3404828608036041
fold1,1056_31_content_tobymyers_codingthematrix_The_Function_problems.py_cleaned.png,0,0,0.9441756382584572,0.055824361741542816
fold1,985_2_content_Prateek-Bansal_Admission_kernel_Svm.py_cleaned.png,0,0,0.9894730746746063,0.010526925325393677
fold1,1518_4_content_mrimahajan_advanced_analysis_package_analyze.py_cleaned.png,0,1,0.23949581384658813,0.7605041861534119
fold1,556_v4_21_content_binojohnthomas_WebScraper-Example_main.py_cleaned.png,1,1,0.19456380605697632,0.8054361939430237
fold1,1854_6_content_kennedyCzar_n-th_monsien_number_monsien_number.py_cleaned.png,0,0,0.9757611285895109,0.024238871410489082
fold1,2268_9_content_Soumyabrata_predicting-pwv_benchmarking.py_cleaned.png,0,0,0.8719217926263809,0.12807820737361908
fold1,1166_v4_3_content_ml-for-nlp_authorship-attribution_attribution.py_cleaned.png,1,1,0.40745681524276733,0.5925431847572327
fold1,853_v4_2_content_johndoe31415_toyecc_elgamaltest.py_cleaned.png,1,1,0.23800158500671387,0.7619984149932861
fold1,386_17_content_henryfox_encryption_rand.py_cleaned.png,0,1,0.49529755115509033,0.5047024488449097
fold1,1130_35_content_NavneetSomwal_Weather-Data-Clustering-using-k-Means_waether_data_Clustering_k-means_scikit-learn.py_cleaned.png,0,0,0.902083583176136,0.09791641682386398
fold1,1052_31_content_tobymyers_codingthematrix_factoring_support.py_cleaned.png,0,1,0.3400248885154724,0.6599751114845276
fold1,197_13_content_hypervinay_Insertion-sort_Insertionsort.py_cleaned.png,0,1,0.49882280826568604,0.501177191734314
fold1,1250_3_content_iykadev_pyalgo_dragon_curve.py_cleaned.png,0,0,0.7962524443864822,0.20374755561351776
fold1,1759_v4_79_content_Devansh-Maurya_RSA-Algorithm_rsa.py_cleaned.png,1,0,0.6068292856216431,0.39317071437835693
fold1,723_23_content_wliabc_Prime-numbers_prime.py_cleaned.png,0,0,0.8993867039680481,0.1006132960319519
fold1,1875_v4_83_content_Kal9iL_mini-dfs_globalvar.py_cleaned.png,1,0,0.7006065249443054,0.2993934750556946
fold1,430_18_content_rdilip_facial-recognition_main.py_cleaned.png,0,1,0.4476180672645569,0.5523819327354431
fold1,1652_59_content_orzinger_8-Puzzle-game_World_State.py_cleaned.png,0,0,0.5154148042201996,0.4845851957798004
fold1,727_v4_26_content_manzala_Analysis-of-Algorithms_merge_sort.py_cleaned.png,1,1,0.33754396438598633,0.6624560356140137
fold1,1873_6_content_sherlvick_sentimental-analysis_SVM_svm_pipe.py_cleaned.png,0,0,0.8149040937423706,0.1850959062576294
fold1,950_2_content_Gregory-Matthews_Bitcoin-Price-Predictor_polynomial_regression_1ftr.py_cleaned.png,0,1,0.26665812730789185,0.7333418726921082
fold1,1057_v4_38_content_SamDaQueen_Algorithms-In-Python_Binary_Search_O_log2n_.py_cleaned.png,1,1,0.4440699815750122,0.5559300184249878
fold1,1624_57_content_Amin-Matola_WebRobots_networkscanner.py_cleaned.png,0,0,0.6068662106990814,0.3931337893009186
fold1,1957_7_content_AastroLePetitRobot_Huffman-Coding_Huffman.py_cleaned.png,0,0,0.9899402400478721,0.010059759952127934
fold1,1799_67_content_sulaiman-muhammad_Earliest-Deadline-First-Sheduler_link.py_cleaned.png,0,0,0.9792289491742849,0.020771050825715065
fold1,757_v4_27_content_ppplinday_Picture-Classification-PCA-KNN_KNN-PCA.py_cleaned.png,1,1,0.09365791082382202,0.906342089176178
fold1,1595_54_content_AhmedRaafat14_Binary-Tree-traversal_BST.py_cleaned.png,0,1,0.28475427627563477,0.7152457237243652
fold1,1466_v4_57_content_Mahesh-gowda_polynomial-regression_polynomial_regression.py_cleaned.png,1,0,0.640048623085022,0.359951376914978
fold1,1401_v4_51_content_knausb_proc_mpileup_fasta2nuccomp.py_cleaned.png,1,1,0.060089707374572754,0.9399102926254272
fold1,1724_v4_73_content_ansarishadab121_Number-of-Upvotes_upvotes.py_cleaned.png,1,0,0.7666892111301422,0.2333107888698578
fold1,1563_51_content_rw15e_CIS4930-Python-Project-3_graph.py_cleaned.png,0,0,0.9592564404010773,0.04074355959892273
fold1,1307_v4_48_content_fhadyan_Document-classification-with-TF-IDF_UniqueWord.py_cleaned.png,1,1,0.11500680446624756,0.8849931955337524
fold1,1750_v4_77_content_solyaH_RSA-algorithm_RSAbasic.py_cleaned.png,1,1,0.17082905769348145,0.8291709423065186
fold1,1643_58_content_zhaoyichanghong_machine_learing_algo_python_bisecting_kmeans.py_cleaned.png,0,0,0.7189940214157104,0.28100597858428955
fold1,1967_v4_8_content_usmanali414_Destruction-Detection-in-Satellite-Imagery_augmentation.py_cleaned.png,1,1,0.05222982168197632,0.9477701783180237
fold1,577_1_content_SiccoVerwer_binoct_regtrees.py_cleaned.png,0,0,0.8044118881225586,0.1955881118774414
fold1,811_v4_29_content_rahuljohnny_Bangla_OCR_Using_KNN_O6_word_segmenter.py_cleaned.png,1,0,0.5020656287670135,0.49793437123298645
fold1,335_v4_17_content_haroldport_portfolio-scripts_Utilities.py_cleaned.png,1,1,0.16532647609710693,0.8346735239028931
fold1,273_v4_15_content_VakinduPhilliam_Pattern_Matching_Python_Difflib_Pattern_Matching_SequenceMatcher.py_cleaned.png,1,0,0.918124333024025,0.08187566697597504
fold1,2035_v4_9_content_ivanbgd_Quick3-Sort-Py_sorting.py_cleaned.png,1,1,0.12413018941879272,0.8758698105812073
fold1,1901_v4_86_content_ChokMania_ft_linear_regression_train.py_cleaned.png,1,0,0.6322552859783173,0.36774471402168274
fold1,1871_v4_83_content_baccatore_polynominal_regression_lagrangeMultiplier.py_cleaned.png,1,1,0.3792291283607483,0.6207708716392517
fold1,160_12_content_nikhilrajucc_Python_firstfile.py_cleaned.png,0,0,0.9938955125398934,0.006104487460106611
fold1,1526_v4_5_content_diandra-davidson_IS211_Assignment14_recursion.py_cleaned.png,1,0,0.930732324719429,0.06926767528057098
fold1,2183_92_content_Lifan-9527_DFSprocess_STFT.py_cleaned.png,0,0,0.6697305738925934,0.3302694261074066
fold1,2180_92_content_aakorolyova_DeSpin___main__.py_cleaned.png,0,0,0.9969563554041088,0.0030436445958912373
fold1,609_20_content_IbrahimAyed_Multifractal-analysis-of-natural-images_zoom.py_cleaned.png,0,0,0.938569936901331,0.06143006309866905
fold1,18_10_content_bradib0y_searchalgorithms_app.py_cleaned.png,0,0,0.5044458210468292,0.4955541789531708
fold1,193_v4_14_content_149ps_leetcode-solutions_145_Binary_Tree_Postorder_Traversal_1.py.py_cleaned.png,1,0,0.869525209069252,0.13047479093074799
fold1,579_1_content_smbanaie_floyd-warshall-python_Main.py_cleaned.png,0,1,0.35315388441085815,0.6468461155891418
fold1,165_12_content_shinevalora_asyncio_tornado_queues_requests_demo_test.py_cleaned.png,0,0,0.8721892833709717,0.12781071662902832
fold1,137_v4_12_content_ianscottknight_Predicting-Myers-Briggs-Type-Indicator-with-Recurrent-Neural-Networks_make_training_set.py_cleaned.png,1,0,0.8721054643392563,0.1278945356607437
fold1,2025_v4_9_content_cczzaa101_Queueing_with_AC_evaluate.py_cleaned.png,1,1,0.4229670763015747,0.5770329236984253
fold1,1783_v4_7_content_DMDarkness_Data-mining_Example_pyarmga.py_cleaned.png,1,0,0.6228988766670227,0.3771011233329773
fold1,783_v4_28_content_vinaykumarbu_sentiment-analysis-deeplearning_tweet.py_cleaned.png,1,1,0.07668668031692505,0.923313319683075
fold1,1297_v4_47_content_mathwoods_binseqcomp_binseqcomp.py_cleaned.png,1,1,0.1959403157234192,0.8040596842765808
fold1,537_1_content_josgard94_JPEG_Algoritmo_jpeg.py_cleaned.png,0,0,0.9973099839407951,0.002690016059204936
fold1,1672_v4_6_content_marcelotokarnia_dojo-divisibility-rules_is_divisible.py_cleaned.png,1,1,0.371243953704834,0.628756046295166
fold1,2002_7_content_MadalinaMircea_GraphAlgorithms_Graph.py_cleaned.png,0,0,0.9382650442421436,0.06173495575785637
fold1,1484_v4_59_content_Arouck_AES-python_aes.py_cleaned.png,1,0,0.5144820809364319,0.4855179190635681
fold1,1513_v4_5_content_anguillanneuf_bigO_54_fix_tampered_bst_efficient.py_cleaned.png,1,1,0.134022057056427,0.865977942943573
fold1,343_v4_17_content_jmullercuber_HackHarvard2k16_RedditTest.py_cleaned.png,1,0,0.9389287792146206,0.06107122078537941
fold1,2152_8_content_jcwyatt_factorial_factorial.py_cleaned.png,0,0,0.9851904986426234,0.014809501357376575
fold1,1559_51_content_ParthanOlikkal_Agglomerative-Hierarchical-Clustering_Agglomerative_hierarchical_clustering.py_cleaned.png,0,0,0.8344137668609619,0.16558623313903809
fold1,2272_9_content_tusharnema_Implementing-Algorithms-in-python_mypythontree.py_cleaned.png,0,0,0.9685088656842709,0.03149113431572914
fold1,1937_v4_8_content_chiragragarwal_Graphs_And_Networks_numpy_help.py_cleaned.png,1,1,0.08887851238250732,0.9111214876174927
fold1,106_v4_11_content_sidmishraw_cs-267-project_pdf_processing_demo.py_cleaned.png,1,0,0.517413854598999,0.482586145401001
fold1,2035_7_content_work-nchc_PCAMN_pcamn.py_cleaned.png,0,0,0.6177933216094971,0.38220667839050293
fold1,96_v4_11_content_nick-commits_LinkedList_linkedlistprac.py_cleaned.png,1,0,0.9335868507623672,0.06641314923763275
fold1,38_10_content_kllinzy_Elliptic-Curve-Cryptography_ecc.py_cleaned.png,0,0,0.9913387782871723,0.008661221712827682
fold1,2011_v4_98_content_pooja1909_Bigdata-project_input.py_cleaned.png,1,1,0.45664095878601074,0.5433590412139893
fold1,621_20_content_StillWorking_Stats_OnlineStats.py_cleaned.png,0,1,0.23389339447021484,0.7661066055297852
fold1,433_v4_1_content_becurrie_py-sorts_sorter-runner.py_cleaned.png,1,1,0.4995308518409729,0.5004691481590271
fold1,553_1_content_MuricanCoderVersionTwo_Factorial-Calculation_Factorial.py_cleaned.png,0,0,0.7766001224517822,0.22339987754821777
fold1,1165_v4_3_content_Misael89_Programacion-Ejercicios_Promedio.py_cleaned.png,1,1,0.4411572217941284,0.5588427782058716
fold1,389_17_content_j2colaco_stock_anomaly_stock_functions.py_cleaned.png,0,1,0.2454993724822998,0.7545006275177002
fold1,1599_54_content_juancprzs_hierarchical-clustering-example_tutorial_python.py_cleaned.png,0,0,0.6743486225605011,0.3256513774394989
fold1,2119_v5_v4_10_content_bradib0y_searchalgorithms_app.py_cleaned.png,1,1,0.2760612368583679,0.7239387631416321
fold1,2000_v4_97_content_ChristinaKr_RegressionAnalysis_split_train_test.py_cleaned.png,1,0,0.6434037983417511,0.3565962016582489
fold1,564_1_content_rcorcs_apref_tests.py_cleaned.png,0,0,0.8463409543037415,0.15365904569625854
fold1,1667_v4_6_content_HananBahy_linkedLlist-and-selection-sort_sort_linked_list.py_cleaned.png,1,1,0.3143957257270813,0.6856042742729187
fold1,719_23_content_thugsatbay_CS-Algorithms_Sorting_Comparison_Ass2-1SolnCustomInput.py_cleaned.png,0,0,0.8995033577084541,0.10049664229154587
fold1,1332_v4_4_content_alex-rantos_Project-1-Search-in-Pacman_keyboardAgents.py_cleaned.png,1,0,0.7793789654970169,0.2206210345029831
fold1,311_v4_16_content_QueraltSM_HospitalShortestPath_main.py_cleaned.png,1,0,0.927581250667572,0.07241874933242798
fold1,1111_v4_3_content_iykadev_pyalgo_3plus1.py_cleaned.png,1,0,0.9809725042432547,0.01902749575674534
fold1,2245_9_content_FFloresM_tarea3_ListaLigada.py_cleaned.png,0,1,0.22477376461029053,0.7752262353897095
fold1,1862_v4_81_content_kiranathealea_regressionMachineLearning_polynomialregression_degree2_final.py_cleaned.png,1,0,0.8885850310325623,0.11141496896743774
fold1,1907_v4_86_content_YouGotJaked_Face-Recognition_model.py_cleaned.png,1,0,0.7506147027015686,0.2493852972984314
fold1,1566_v4_60_content_Thehunk1206_Polynomial-Regression_demo.py_cleaned.png,1,0,0.6391207873821259,0.36087921261787415
fold1,484_v4_1_content_mikekestemont_pandora_train.py_cleaned.png,1,1,0.46271443367004395,0.537285566329956
fold1,1940_78_content_ashish0707_basic_webcrawler_task2.A_BFS.py_cleaned.png,0,0,0.6002562940120697,0.3997437059879303
fold1,1232_3_content_hamedomidvar_GPU_FloydWarshall_FW_Rev0.1.py_cleaned.png,0,0,0.6303116679191589,0.36968833208084106
fold1,652_21_content_rahul494_Mental-Health-On-Twitter-Analysis_sorter.py_cleaned.png,0,0,0.955192293971777,0.04480770602822304
fold1,1052_v4_38_content_emilyhammer_fibonacci_app.py_cleaned.png,1,1,0.48478221893310547,0.5152177810668945
fold1,250_v4_15_content_hgdsraj_python_vs_ruby_speed_analyze_script_rb.py_cleaned.png,1,1,0.302881121635437,0.697118878364563
fold1,1896_v4_85_content_melfaiz_EigenFaces_training.py_cleaned.png,1,1,0.46116018295288086,0.5388398170471191
fold1,1922_75_content_LucaRemaggi_RSAO_Parameteriser_Beamformers.py_cleaned.png,0,0,0.5398387908935547,0.4601612091064453
fold1,1126_35_content_fireclawthefox_DirectGuiDesigner_setup_p3d.py_cleaned.png,0,0,0.9545520469546318,0.045447953045368195
fold1,1880_6_content_usbogie_MSTcreator_mstDriver.py_cleaned.png,0,0,0.9055270701646805,0.09447292983531952
fold1,1049_v4_38_content_dareofmeashwani_Pre-Processing-Queue-For-Deep-Learning-Model_DataQueue.py_cleaned.png,1,0,0.5941568911075592,0.4058431088924408
fold1,1477_4_content_bnriiitb_autostopwordgen_stopword_generator.py_cleaned.png,0,1,0.3003237843513489,0.6996762156486511
fold1,1601_v4_65_content_swaruptripathy_two_way_anova_two_way_anova.py_cleaned.png,1,0,0.5494739711284637,0.45052602887153625
fold1,312_v4_16_content_RachnaRajput_Apriori_Algorithm_Rachna_Rajput_son_phase2.py_cleaned.png,1,0,0.8062183558940887,0.19378164410591125
fold1,258_v4_15_content_Nan-L_Huffman_Coding_HuffmanHeap.py_cleaned.png,1,0,0.8395022004842758,0.16049779951572418
fold1,1176_v4_3_content_RobbieXie_ExponentialSmoothing_Holt_Winters.py_cleaned.png,1,1,0.1544351577758789,0.8455648422241211
fold1,2146_8_content_haozou-official_DFS-BFS-in-Maze_myqueue.py_cleaned.png,0,0,0.9956118566915393,0.004388143308460712
fold1,1970_v4_90_content_cody-elhard_NaiveBayes_naive-bayes-numerical.py_cleaned.png,1,1,0.4556662440299988,0.5443337559700012
fold1,1483_4_content_doronbruder_Recursive-functions-_ex7.py_cleaned.png,0,0,0.7465372979640961,0.25346270203590393
fold1,1792_v4_7_content_gabriel-arauj_grafos_kruskal.py_cleaned.png,1,1,0.23046153783798218,0.7695384621620178
fold1,1574_52_content_jitunayak_Tensorflow-object-recognition-GUI-DesktopApp_face_crop.py_cleaned.png,0,0,0.7826866507530212,0.21731334924697876
fold1,841_v4_2_content_ForeverPs_Visualization-of-sort-algorithms_SORT.py_cleaned.png,1,1,0.43798941373825073,0.5620105862617493
fold1,1486_4_content_flaviohenriqu_divisibility_flaskapp.py_cleaned.png,0,0,0.7937183976173401,0.2062816023826599
fold1,666_v4_24_content_maganoegi_huffman_compressor_comp_PLATONOV_MPACKO.py_cleaned.png,1,0,0.867980107665062,0.13201989233493805
fold1,2166_8_content_thingumajig_weighted_lcs_patterns.py_cleaned.png,0,0,0.5116595923900604,0.4883404076099396
fold1,1935_77_content_elisawarner_Fun_determinant.py_cleaned.png,0,1,0.3203509449958801,0.6796490550041199
fold1,23_10_content_divyanshgupt_one-time-pad_main.py_cleaned.png,0,0,0.9417676813900471,0.05823231860995293
fold1,1030_v4_36_content_mskroar18_GraphWizard_edge.py_cleaned.png,1,1,0.44055497646331787,0.5594450235366821
fold1,800_v4_29_content_gentom_sentences-similarity-cluster_levenshtein.py_cleaned.png,1,0,0.9760546535253525,0.023945346474647522
fold1,1970_7_content_DeFacto_DeFactoNLP_sentence_retrieval.py_cleaned.png,0,1,0.3584611415863037,0.6415388584136963
fold1,1313_3_content_WDI-SEA_python-binary-trees_twenty_questions.py_cleaned.png,0,1,0.3355059027671814,0.6644940972328186
fold1,286_v4_16_content_frknozr_knn_knn.py_cleaned.png,1,1,0.33922767639160156,0.6607723236083984
fold1,1647_59_content_danish45007_polynomial-regression_polynomial_regression.py_cleaned.png,0,1,0.46160560846328735,0.5383943915367126
fold1,2055_81_content_kiranathealea_regressionMachineLearning_polynomialregression.py_cleaned.png,0,1,0.4927845597267151,0.5072154402732849
fold1,1749_v4_77_content_lynzz1701_RSA_client3.py_cleaned.png,1,0,0.6393813192844391,0.3606186807155609
fold1,642_v4_23_content_xuwangme_huffmanTree_Main.py_cleaned.png,1,0,0.862836092710495,0.137163907289505
fold1,265_14_content_rajat1401_NaiveBayes_scratch_2016260_ques1a.py_cleaned.png,0,0,0.8568177223205566,0.14318227767944336
fold1,1265_3_content_iykadev_pyalgo_recursiveBinarySearch.py_cleaned.png,0,0,0.985794372856617,0.014205627143383026
fold1,1240_v4_43_content_hraizes_Sorting_SortingPractice.py_cleaned.png,1,1,0.44489824771881104,0.555101752281189
fold1,630_v4_23_content_jsierp_apriori_apriori.py_cleaned.png,1,1,0.110007643699646,0.889992356300354
fold1,1361_v4_4_content_ljm7b2_OBSTstandardDeviation_output_methods.py_cleaned.png,1,1,0.4596618413925171,0.5403381586074829
fold1,987_v4_33_content_wcpun_DFS_shell.py_cleaned.png,1,1,0.15312761068344116,0.8468723893165588
fold1,896_v4_2_content_zalayo_Hierarchical-Linkage-Regression_HLRtest.py_cleaned.png,1,1,0.11125540733337402,0.888744592666626
fold1,42_10_content_ko-hii_EASY-Elliptic-curve-cryptography_rho.py_cleaned.png,0,0,0.9824227448552847,0.01757725514471531
fold1,321_15_content_VakinduPhilliam_Pattern_Matching_Python_Fnmatch_fnmatch.py_cleaned.png,0,0,0.5171084702014923,0.4828915297985077
fold1,1617_56_content_jlucartc_Polynomial-Regression_regressao.py_cleaned.png,0,0,0.957739569246769,0.04226043075323105
fold1,996_2_content_siddhesh10_Quicksort-and-Randomized-Quick-Sort_randomized_quicksort.py_cleaned.png,0,0,0.7687264531850815,0.23127354681491852
fold1,1757_v4_79_content_astrojneil_AllanVarCodeFinal_concat_files.py_cleaned.png,1,1,0.30020415782928467,0.6997958421707153
fold1,980_v4_33_content_nikhil-paramane_-Diffie-Hellman-key-Exchange-Algorithm_dh.py_cleaned.png,1,1,0.13986998796463013,0.8601300120353699
fold1,1690_5_content_chriskbwong_quickSort_quickSort.py_cleaned.png,0,1,0.4298957586288452,0.5701042413711548
fold1,1209_3_content_ahmedelfateh_scraping_CimaClub_scraper_urllib.py_cleaned.png,0,0,0.8365545868873596,0.16344541311264038
fold1,1650_v4_6_content_cliptic_nlp_spam2.py_cleaned.png,1,1,0.37957191467285156,0.6204280853271484
fold1,1616_56_content_GiuseppeFasanella_RaiPlay_scraping_RaiPlayDL.py_cleaned.png,0,1,0.03330022096633911,0.9666997790336609
fold1,1519_v4_5_content_brown9804_Python_DiversosAlgortimos_JuegoGato_XO.py_cleaned.png,1,1,0.01672130823135376,0.9832786917686462
fold1,1217_v4_41_content_moyeshkhanal_HuffmanCompression_test_ReadWrite.py_cleaned.png,1,0,0.6501980721950531,0.3498019278049469
fold1,1021_30_content_sina-ehsani_NaiveBayes_SNLI_prepro.py_cleaned.png,0,1,0.28327006101608276,0.7167299389839172
fold1,2117_8_content_16chuang_CS161_Project_1a.py_cleaned.png,0,0,0.8054435700178146,0.19455642998218536
fold1,1416_46_content_arun-p12_sort-algorithms_quick_sort.py_cleaned.png,0,1,0.03730207681655884,0.9626979231834412
fold1,1492_4_content_heaven00_cosine_similarities_stream.py_cleaned.png,0,1,0.15652227401733398,0.843477725982666
fold1,177_v4_13_content_limqiying_crypto_final_project_EG-test.py_cleaned.png,1,1,0.11065304279327393,0.8893469572067261
fold1,290_v4_16_content_hungapp_big_o_06-09.py_cleaned.png,1,0,0.9766289349645376,0.02337106503546238
fold1,830_26_content_talhakerpicci_sahibinden-house-checker_house_database.py_cleaned.png,0,0,0.6846090257167816,0.3153909742832184
fold1,1386_v4_50_content_eyablokov_fibonacci-api_test_resources.py_cleaned.png,1,0,0.5364775955677032,0.46352240443229675
fold1,1515_4_content_mincanhe_Network-routing-protocol_kruskal.py_cleaned.png,0,1,0.40149807929992676,0.5985019207000732
fold1,1881_6_content_VishakVeerasamy_Prims-algorithm_graph.py_cleaned.png,0,0,0.9099416732788086,0.0900583267211914
fold1,1389_v4_50_content_krj9cr_Hybrid-Prim-Dijkstra-GUI_Helpers.py_cleaned.png,1,1,0.11046046018600464,0.8895395398139954
fold1,2073_v4_v4_25_content_SaadatRizvi_Movie-Recommendation-System_collaborative-filtering.py_cleaned.png,1,1,0.4270886182785034,0.5729113817214966
fold1,396_17_content_kimjaeh10_Hybrid-Sort_LinkedList.py_cleaned.png,0,0,0.6290794909000397,0.3709205090999603
fold1,2114_v4_v5_6_content_mayuri0192_Image-classification_log.py_cleaned.png,1,1,0.32431256771087646,0.6756874322891235
fold1,362_16_content_sharatchandraj_MaxBandwidthPath_HeapSortForKruskals.py_cleaned.png,0,1,0.3743016719818115,0.6256983280181885
fold1,450_v4_1_content_dedeco_dijkstra-bellman-ford_teste_proprio_bford.py_cleaned.png,1,1,0.05517435073852539,0.9448256492614746
fold1,1800_v4_7_content_JaysonBH_Out-Of-Queue-Bot_app.py_cleaned.png,1,1,0.0925445556640625,0.9074554443359375
fold1,1090_33_content_mirkomantovani_web-search-engine-UIC_crawling_utils.py_cleaned.png,0,1,0.37726229429244995,0.62273770570755
fold1,438_18_content_skociu_multiple-stocks_MultipleStocks.py_cleaned.png,0,1,0.31361597776412964,0.6863840222358704
fold1,378_17_content_CHINAJR_BinaryTree_biggestsubBSTtree.py_cleaned.png,0,0,0.525100588798523,0.47489941120147705
fold1,1074_v4_39_content_LonelyRanger_Prime-Numbers_EuclideanPrimeTest15May2018TestFromLowerPrimes.py_cleaned.png,1,1,0.021324098110198975,0.978675901889801
fold1,1090_v4_3_content_archit-p_two-time-pad-exploit_exploit-two-time-pad.py_cleaned.png,1,1,0.44097620248794556,0.5590237975120544
fold1,1212_v4_40_content_WuStardust_KNN-for-iris_iris.py_cleaned.png,1,1,0.08067512512207031,0.9193248748779297
fold1,660_v4_24_content_lesdev_SortingMethods_Insertion.py_cleaned.png,1,1,0.437370240688324,0.562629759311676
fold1,1368_v4_4_content_mincanhe_Network-routing-protocol_heap.py_cleaned.png,1,0,0.6405254006385803,0.3594745993614197
fold1,1399_44_content_thibault-lahire_ALAS_loss_function.py_cleaned.png,0,0,0.7074677646160126,0.2925322353839874
fold1,117_11_content_SharifAmit_HuffmanCoding_encoder.py_cleaned.png,0,0,0.9960752064362168,0.003924793563783169
fold1,993_2_content_shahardekel_polynomial-vs.-linear-regression_main.py_cleaned.png,0,0,0.5028798878192902,0.49712011218070984
fold1,1976_7_content_DMDarkness_Data-mining_fp2ar.py_cleaned.png,0,0,0.9789132885634899,0.021086711436510086
fold1,413_v4_19_content_qwarlock_python-selection-sort_PythonSelectionSort.py_cleaned.png,1,1,0.2342381477355957,0.7657618522644043
fold1,1723_v4_72_content_tusharnema_Implementing-Algorithms-in-python_adj_list.py_cleaned.png,1,0,0.7473440170288086,0.2526559829711914
fold1,259_v4_15_content_prashant-kikani_image-optimizer_utils.py_cleaned.png,1,0,0.9106355607509613,0.0893644392490387
fold1,973_2_content_Liu-WeiYi_Private_Preserving_Outlier_Behavior_Detection_statistic.py_cleaned.png,0,1,0.46978431940078735,0.5302156805992126
fold1,133_v4_12_content_Fadope1_LinearRegression_hotels_prediction_source_code.py_cleaned.png,1,0,0.958387054502964,0.04161294549703598
fold1,925_2_content_AllanLa_LongestCommonSubsequence_LCS.py_cleaned.png,0,0,0.569053053855896,0.430946946144104
fold1,1107_34_content_imAliAzhar_Distance-Vector-Routing-Protocol_readFile.py_cleaned.png,0,0,0.8050218373537064,0.19497816264629364
fold1,1772_65_content_burak-gunay_AES_encryption_hw2.py_cleaned.png,0,0,0.7438119053840637,0.2561880946159363
fold1,2159_8_content_lucasmullerm_turing-machine-fibonacci_main.py_cleaned.png,0,1,0.48506230115890503,0.514937698841095
fold1,1489_v4_59_content_nicolaschen1_SortingAlgorithms_sortingAlgorithms.py_cleaned.png,1,1,0.27879005670547485,0.7212099432945251
fold1,1632_57_content_Wwicked_Bubble-sort-visualization_main.py_cleaned.png,0,0,0.8778223246335983,0.12217767536640167
fold1,1447_48_content_hazalmergen_EstimatingValues_ML_polynomialregression.py_cleaned.png,0,1,0.35527747869491577,0.6447225213050842
fold1,1798_v4_7_content_jakobpederson_divisible_pair_sums_divisible_pair_sums.py_cleaned.png,1,1,0.18690431118011475,0.8130956888198853
fold1,519_1_content_Fellfalla_prime-predictor_prime_predictor.py_cleaned.png,0,0,0.8071496039628983,0.19285039603710175
fold1,836_v4_2_content_DavidWallacedot_recursiveFunctions.py_recursive.py_cleaned.png,1,1,0.1874598264694214,0.8125401735305786
fold1,586_1_content_susheelsagar_LCSS_lcss3.py_cleaned.png,0,0,0.9896372286602855,0.010362771339714527
fold1,2076_84_content_Leilusen_Logit-model_binary_choice.py_cleaned.png,0,0,0.6169118583202362,0.3830881416797638
fold1,320_v4_16_content_vineetkia_Fundamentals-Of-Cryptography__7_-Diffi-Hellman-KeyExchange.py_cleaned.png,1,1,0.449995756149292,0.550004243850708
fold1,687_22_content_Swapnillokhande_Sales-Prediction-of-a-Supermarket-chain_Exploratory_Data_Analysis.py_cleaned.png,0,1,0.27472710609436035,0.7252728939056396
fold1,2199_94_content_verma1997_Scraping-Scripts_paytm_offers.py_cleaned.png,0,0,0.9161453396081924,0.08385466039180756
fold1,1029_31_content_aghimire15_Project2_DataStructure_ICP5_2_.py_cleaned.png,0,0,0.5199502408504486,0.4800497591495514
fold1,1027_30_content_XiaogeWang_Sort-Algorithms-Python-Version-_heap_sort.py_cleaned.png,0,0,0.7875101119279861,0.21248988807201385
fold1,1150_v4_3_content_iykadev_pyalgo_zigzag_matrix.py_cleaned.png,1,0,0.5753462016582489,0.4246537983417511
fold1,1007_30_content_jcwall_dfs_rotoguru_scraper.py_cleaned.png,0,1,0.29076534509658813,0.7092346549034119
fold1,1141_36_content_denniszj_crawler_comment.py_cleaned.png,0,0,0.5172439813613892,0.48275601863861084
fold1,1603_v4_66_content_abinavrameshs_Web-Scraping-and-Car-Brand-Analysis_web_scraping_code_edmunds.py_cleaned.png,1,0,0.7467160820960999,0.25328391790390015
fold1,1622_v4_67_content_sulaiman-muhammad_Earliest-Deadline-First-Sheduler_link.py_cleaned.png,1,1,0.3999728560447693,0.6000271439552307
fold1,1837_6_content_cooperlab_KNN_Survival_DataManagement.py_cleaned.png,0,1,0.3064749836921692,0.6935250163078308
fold1,332_v4_17_content_fxbp_spd-5_funcions.py_cleaned.png,1,0,0.9634098224341869,0.036590177565813065
fold1,204_v4_14_content_arnaudperalta_py_graphpath_graph.py_cleaned.png,1,1,0.11987137794494629,0.8801286220550537
fold1,1117_34_content_vizzerdrix55_web-scraping-vBulletin-forum_2_transform_html_to_xml.py_cleaned.png,0,0,0.947980422526598,0.05201957747340202
fold1,1673_5_content_Algomaster0628_SelectionSortAlgorithm_selection_sort.py_cleaned.png,0,0,0.5446098446846008,0.45539015531539917
fold1,1746_v4_76_content_yingtaoluo_Latent-Factor-Model-with-JIT-CUDA-on-movielens_predict.py_cleaned.png,1,0,0.6849189698696136,0.31508103013038635
fold1,8_10_content_ajcse1_Predicting_Picture_Orientation_NeuralNetwork_predict.py_cleaned.png,0,0,0.9797849096357822,0.020215090364217758
fold1,379_17_content_davidbhan_IntelligentPatents_NLP_functions.py_cleaned.png,0,0,0.6671748161315918,0.3328251838684082
fold1,733_24_content_BrandonSersion_face-pad_manage.py_cleaned.png,0,0,0.91007050126791,0.08992949873209
fold1,45_10_content_mateus-n00b_Diffie-Hellman_alice.py_cleaned.png,0,0,0.9944872530177236,0.00551274698227644
fold1,1022_v4_36_content_cyndyishida_QueueQuickSort_linked_queue.py_cleaned.png,1,1,0.2736918330192566,0.7263081669807434
fold1,593_1_content_vuolleko_pyTSNE_vptree.py_cleaned.png,0,1,0.38996779918670654,0.6100322008132935
fold1,1430_v4_53_content_mmorshed99_binary_search_rotated_sorted_array.py_cleaned.png,1,1,0.2744916081428528,0.7255083918571472
fold1,1137_35_content_ZachDischner_FizzBuzz_fizzbuzz.py_cleaned.png,0,0,0.7949748337268829,0.20502516627311707
fold1,2096_v4_v5_22_content_ABHISHEKVALSAN_Malayalam-Newspaper-Article-Dataset_MalayalamScraping.py_cleaned.png,1,1,0.036464691162109375,0.9635353088378906
fold1,1740_v4_76_content_fractionofadot_rsa_rsa.py_cleaned.png,1,0,0.9534806087613106,0.04651939123868942
fold1,369_16_content_wolfdroid_MST_Prim-s_and_Kruskal-s_kruskal.py_cleaned.png,0,0,0.9273922443389893,0.07260775566101074
fold1,25_v4_10_content_edwardj728_sequences_project_sequences.py_cleaned.png,1,1,0.2867024540901184,0.7132975459098816
fold1,654_21_content_sagar-13_PuzzleSolver_puzzle_tools.py_cleaned.png,0,0,0.9699503239244223,0.030049676075577736
fold1,1277_3_content_JennaBellassai_phrase-similarity_similarity_score.py_cleaned.png,0,1,0.09507614374160767,0.9049238562583923
fold1,1189_v4_3_content_xiekch_Adaptive-Huffman-Coding_bitStream.py_cleaned.png,1,1,0.4455399513244629,0.5544600486755371
fold1,941_v4_31_content_sheffieldjordan_binarySearchTree_BST.py_cleaned.png,1,1,0.29195743799209595,0.708042562007904
fold1,1951_v4_8_content_jasminegrewal_Naive-Bayes-KNN-Logistic-Regression_3b_knn.py_cleaned.png,1,1,0.12129741907119751,0.8787025809288025
fold1,1710_v4_71_content_DylanHarrisonGithub_AVLTree_AVLTree.py_cleaned.png,1,1,0.43593084812164307,0.5640691518783569
fold1,1976_v4_91_content_MerliX_async-factorial_server.py_cleaned.png,1,0,0.8555487245321274,0.14445127546787262
fold1,852_27_content_SethEggerRocks_WakingMoments_WakingMoments.py_cleaned.png,0,0,0.9717400539666414,0.028259946033358574
fold1,1487_v4_59_content_kessler-frost_sdku-dfs_function.py_cleaned.png,1,1,0.22490286827087402,0.775097131729126
fold1,483_v4_1_content_mattjj_pyhsmm-factorial_util.py_cleaned.png,1,0,0.603859931230545,0.39614006876945496
fold1,1282_v4_46_content_arun-p12_sort-algorithms_quick_sort.py_cleaned.png,1,1,0.1833769679069519,0.8166230320930481
fold1,1635_v4_69_content_ghfkddorl_mazerunner_config.py_cleaned.png,1,1,0.25499677658081055,0.7450032234191895
fold1,977_v4_33_content_meghavijendra_Linear_Regression_model_Linear_regression.py_cleaned.png,1,1,0.09150242805480957,0.9084975719451904
fold1,2145_8_content_gordon636798_DiffieHellman-AES_DiffieHellman_AES.py_cleaned.png,0,0,0.8191563636064529,0.18084363639354706
fold1,914_v4_30_content_sina-ehsani_NaiveBayes_SNLI_prepro.py_cleaned.png,1,1,0.173708975315094,0.826291024684906
fold1,11_v4_10_content_Antracen_Maze-Generator_maze.py_cleaned.png,1,1,0.3995887041091919,0.6004112958908081
fold1,1964_v4_8_content_thingumajig_weighted_lcs_sequence.py_cleaned.png,1,1,0.3556045889854431,0.6443954110145569
fold1,1427_v4_53_content_faisalkhan91_Sort-Comparison_Sort_Comparison.py_cleaned.png,1,1,0.32958972454071045,0.6704102754592896
fold1,1826_6_content_chawl002_PythonProject141_2_assignment2.py_cleaned.png,0,0,0.9953509531915188,0.004649046808481216
fold1,1747_v4_77_content_elisawarner_Fun_determinant.py_cleaned.png,1,1,0.26034969091415405,0.739650309085846
fold1,1133_v4_3_content_iykadev_pyalgo_monty_hall_problem.py_cleaned.png,1,0,0.8209835886955261,0.17901641130447388
fold1,292_15_content_hgdsraj_python_vs_ruby_speed_analyze_script_cpp.py_cleaned.png,0,0,0.9679900109767914,0.03200998902320862
fold1,1821_v4_7_content_oscarokker_OneTimePad_decrypt.py_cleaned.png,1,1,0.4631103277206421,0.5368896722793579
fold1,341_16_content_knair97_Sentiment-Analysis-of-Amazon-Reviews_random_forest.py_cleaned.png,0,0,0.6565938293933868,0.34340617060661316
fold1,1271_3_content_iykadev_pyalgo_sieve_of_eratosthenes_algo.py_cleaned.png,0,0,0.5897211134433746,0.41027888655662537
fold1,1448_48_content_hazalmergen_EstimatingValues_ML_RandomForest.py_cleaned.png,0,1,0.45622146129608154,0.5437785387039185
fold1,549_1_content_modulus100_python-datastructures-algorithms_flattering_nested_linked_lists.py_cleaned.png,0,1,0.46488791704177856,0.5351120829582214
fold1,1237_3_content_iykadev_pyalgo_3plus1.py_cleaned.png,0,0,0.8430715501308441,0.15692844986915588
fold1,1760_62_content_taabishm2_Proactive-FDH-RSA-Signature_additiveSignatures.py_cleaned.png,0,1,0.43481194972991943,0.5651880502700806
fold1,566_v4_21_content_loalberto_HuffmanCoding_HuffmanCoding.py_cleaned.png,1,1,0.12383592128753662,0.8761640787124634
fold1,1095_v4_3_content_chamarli_ColudComputing-PrimeNumberValidator-master_prime_validator.py_cleaned.png,1,0,0.9978715870529413,0.0021284129470586777
fold1,1764_v4_79_content_lorenzo3117_python-sorting-scripts_sortingScript.py_cleaned.png,1,1,0.04627871513366699,0.953721284866333
fold1,962_v4_32_content_paolazola_Scraping-data-from-Web_textMining3.py_cleaned.png,1,0,0.6960410177707672,0.3039589822292328
fold1,1862_6_content_nio-blocks_control_bands_band_data.py_cleaned.png,0,1,0.19071578979492188,0.8092842102050781
fold1,1336_v4_4_content_bnriiitb_autostopwordgen_stopword_generator.py_cleaned.png,1,1,0.21069562435150146,0.7893043756484985
fold1,917_v4_30_content_tommasofioravanti_DecisionTreeLearning_Dataset.py_cleaned.png,1,0,0.6519867777824402,0.3480132222175598
fold1,2065_83_content_baccatore_polynominal_regression_polynominal_regression.py_cleaned.png,0,1,0.39612698554992676,0.6038730144500732
fold1,374_v4_18_content_jmhummel_Continuation-passing-style_index.py_cleaned.png,1,1,0.2084394097328186,0.7915605902671814
fold1,1555_51_content_Hossam86_PCA_pca.py_cleaned.png,0,0,0.6453512012958527,0.35464879870414734
fold1,1182_39_content_AasthaGoyal_Mathimatical-Statistics-on-an-integer-array_python_code.py_cleaned.png,0,0,0.9702062774449587,0.029793722555041313
fold1,199_13_content_isabellavieira57_dijkstra-fractionalKnapsack-polynomialMultiplication_question2a.py_cleaned.png,0,1,0.29136765003204346,0.7086323499679565
fold1,867_v4_2_content_Liu-WeiYi_Private_Preserving_Outlier_Behavior_Detection_statistic.py_cleaned.png,1,1,0.021777093410491943,0.9782229065895081
fold1,1572_52_content_gquintela_dfs_dfs.py_cleaned.png,0,1,0.3344275951385498,0.6655724048614502
fold1,2160_8_content_lucasmullerm_turing-machine-fibonacci_tm.py_cleaned.png,0,0,0.5192715227603912,0.48072847723960876
fold1,1309_v4_48_content_hazalmergen_EstimatingValues_ML_RandomForest.py_cleaned.png,1,0,0.5470550060272217,0.4529449939727783
fold1,919_v4_30_content_williamsdsantos_dijkstras_algorithm_Topology.py_cleaned.png,1,1,0.026395201683044434,0.9736047983169556
fold1,1164_v4_3_content_mightydeveloper_Deep-Compression-PyTorch_pruning.py_cleaned.png,1,1,0.22291946411132812,0.7770805358886719
fold1,779_v4_28_content_tomsiwek_gprMax-Designer_echogramwindow.py_cleaned.png,1,1,0.3362390995025635,0.6637609004974365
fold1,1779_65_content_swaruptripathy_two_way_anova_two_way_anova.py_cleaned.png,0,0,0.8105525374412537,0.18944746255874634
fold1,576_v4_21_content_RikilG_Data-Science-Foundations_main.py_cleaned.png,1,0,0.6417043805122375,0.35829561948776245
fold1,2039_v4_9_content_jkAtGitHub_Standard-Deviational-Ellipse_geomutils.py_cleaned.png,1,1,0.33985114097595215,0.6601488590240479
fold1,1303_3_content_RobbieXie_ExponentialSmoothing_Holt_Winters.py_cleaned.png,0,1,0.23437637090682983,0.7656236290931702
fold1,385_17_content_haroldport_portfolio-scripts_Utilities.py_cleaned.png,0,0,0.8782678991556168,0.12173210084438324
fold1,1162_v4_3_content_matheusfrancisco_Implementation_RSA_and_Diffie-Hellman_main.py_cleaned.png,1,1,0.27584969997406006,0.7241503000259399
fold1,354_v4_17_content_sk-aravind_cosine_similarity_Cos_similarity.py_cleaned.png,1,1,0.14215457439422607,0.8578454256057739
fold1,364_v4_18_content_Areege_BFS-and-Prim_SourceCode.py_cleaned.png,1,1,0.22062504291534424,0.7793749570846558
fold1,1172_v4_3_content_ravinderiiit_Market-Basket-Optimisation-by-apriori-Algorithm_apriori.py_cleaned.png,1,0,0.9565565101802349,0.04344348981976509
fold1,545_v4_20_content_POOSARLADIVAKAR_FODS-Assignment2_preprocessing.py_cleaned.png,1,1,0.4810773730278015,0.5189226269721985
fold1,911_v4_30_content_SanShery_Regression_Classification_classification.py_cleaned.png,1,1,0.08878278732299805,0.911217212677002
fold1,1805_v4_7_content_kanthagirish-rit_lcs-project_memoization.py_cleaned.png,1,0,0.7672006040811539,0.23279939591884613
fold1,1427_46_content_Ritikgarg1773_Implementing-Linear-and-Logistic-regression-from-scratch_test.py_cleaned.png,0,0,0.9072715491056442,0.09272845089435577
fold1,1872_6_content_seonkyuKim_DFA_DFA.py_cleaned.png,0,0,0.9937723097391427,0.006227690260857344
fold1,1836_v4_7_content_syedshameersarwar_DocumentSimilarityChecker_pdfReader.py_cleaned.png,1,1,0.48805832862854004,0.51194167137146
fold1,1351_v4_4_content_Ityer_3x3_Squared_Magic_Square_Finder_test.py_cleaned.png,1,1,0.36092180013656616,0.6390781998634338
fold1,860_v4_2_content_kristpapadopoulos_keras-exponential-smoothing_main.py_cleaned.png,1,1,0.09020650386810303,0.909793496131897
fold1,1092_33_content_nikhil-paramane_-Diffie-Hellman-key-Exchange-Algorithm_dh.py_cleaned.png,0,0,0.7391821444034576,0.26081785559654236
fold1,924_v4_31_content_alonek1_huffman_compression_algorithm_haffmen.py_cleaned.png,1,0,0.5919198989868164,0.4080801010131836
fold1,1497_4_content_jomse_InsertionSort_tests.py_cleaned.png,0,1,0.2305213212966919,0.7694786787033081
fold1,1328_40_content_Grijesh-Chauhan_aadhaar_utils.py_cleaned.png,0,1,0.18808448314666748,0.8119155168533325
fold1,1805_68_content_DheerajKumar97_Linear-and-Generalized-Linear-Model-Algorithms-from-scratch_Logistic_Regression.py_cleaned.png,0,0,0.8690296113491058,0.13097038865089417
fold1,1677_v4_6_content_mr-18_random-walks-project_Variance.py_cleaned.png,1,0,0.5294467210769653,0.47055327892303467
fold1,1825_6_content_austinteshuba_QuickSort_Sort.py_cleaned.png,0,0,0.875731810927391,0.12426818907260895
fold1,1163_37_content_winstonmzhang_CalculateVariance_method_r.py_cleaned.png,0,0,0.5742197632789612,0.4257802367210388
fold1,900_v4_30_content_HumaneWolf_telegram-spotify-queue_telegram_spotify_queue.py_cleaned.png,1,0,0.5694880485534668,0.4305119514465332
fold1,709_23_content_harshaldhone_Diffie-Hellman_server.py_cleaned.png,0,0,0.9499178975820541,0.05008210241794586
fold1,468_v4_1_content_jim-spyropoulos_Trajectory-Analysis-and-Classification-in-Python-Pandas-and-Scikit-Learn_best_classifier.py_cleaned.png,1,1,0.43180370330810547,0.5681962966918945
fold1,1349_v4_4_content_heaven00_cosine_similarities_stream.py_cleaned.png,1,1,0.12086784839630127,0.8791321516036987
fold1,851_v4_2_content_johndoe31415_toyecc_ecctest.py_cleaned.png,1,0,0.8509222269058228,0.14907777309417725
fold1,1316_3_content_xiekch_Adaptive-Huffman-Coding_node.py_cleaned.png,0,0,0.5798919498920441,0.42010805010795593
fold1,319_15_content_VakinduPhilliam_Pattern_Matching_Python_Difflib_Pattern_Matching_Unified_Diff.py_cleaned.png,0,0,0.8156251162290573,0.1843748837709427
fold1,557_1_content_nilsonneto_floydWarshall_main.py_cleaned.png,0,1,0.2499043345451355,0.7500956654548645
fold1,597_20_content_a-hamza-r_Hierarchical-Clustering_hpc_classify.py_cleaned.png,0,1,0.37838929891586304,0.621610701084137
fold1,299_15_content_mahfuzali_AzureRSAPy_run.py_cleaned.png,0,1,0.4853666424751282,0.5146333575248718
fold1,1372_43_content_kimkoech_perf-pin-output-parsing-tools_perf_output_analysis.py_cleaned.png,0,1,0.16999876499176025,0.8300012350082397
fold1,2129_8_content_alexvking_comp150_bsts_optimal_bst_knuth_n3.py_cleaned.png,0,1,0.11066669225692749,0.8893333077430725
fold1,417_v4_19_content_tanishqjasoria_elliptic_curve_cryptography_mod.py_cleaned.png,1,0,0.7046855688095093,0.2953144311904907
fold1,363_16_content_Shweetz_BranchingGameSolver_branchingGame.py_cleaned.png,0,0,0.9830358307808638,0.016964169219136238
fold1,474_v4_1_content_jim-spyropoulos_Trajectory-Analysis-and-Classification-in-Python-Pandas-and-Scikit-Learn_lcss_neighbors.py_cleaned.png,1,0,0.7905316650867462,0.20946833491325378
fold1,958_v4_32_content_harshm1111_Principal-component-analysis_PCA.py_cleaned.png,1,1,0.2560218572616577,0.7439781427383423
fold2,1370_v4_4_content_moduloone_QualtricsFactorialVignettes_questiongen.py_cleaned.png,1,0,0.8619638979434967,0.1380361020565033
fold2,442_18_content_theorisons_loto_analyse.py_cleaned.png,0,1,0.33597278594970703,0.664027214050293
fold2,648_v4_24_content_BrandonSersion_face-pad_manage.py_cleaned.png,1,0,0.6848494410514832,0.31515055894851685
fold2,175_13_content_AtahanCelebi_En-K-sa-Yol_map_distance.py_cleaned.png,0,0,0.5596895813941956,0.44031041860580444
fold2,423_18_content_HDShaw_Runaway-Reservation-System-BST-_AVL_tree.py_cleaned.png,0,0,0.7997218668460846,0.2002781331539154
fold2,289_15_content_ganigavinaya_LogisticRegression_MLAssignment.py_cleaned.png,0,0,0.5916745960712433,0.4083254039287567
fold2,2136_8_content_chiragragarwal_Graphs_And_Networks_PlotGraph.py_cleaned.png,0,1,0.4512603282928467,0.5487396717071533
fold2,754_v4_27_content_Mypathissional_Data_Structures_AVL.py_cleaned.png,1,1,0.23087257146835327,0.7691274285316467
fold2,1716_v4_72_content_AnirudhRathinam_naive-bayes_naiveBayes.py_cleaned.png,1,1,0.1907947063446045,0.8092052936553955
fold2,1115_v4_3_content_iykadev_pyalgo_anagram3.py_cleaned.png,1,0,0.803564265370369,0.19643573462963104
fold2,1953_v4_8_content_karangargg_trees-notes_trees1.py_cleaned.png,1,0,0.6875255405902863,0.31247445940971375
fold2,1013_v4_35_content_NavneetSomwal_Weather-Data-Clustering-using-k-Means_waether_data_Clustering_k-means_scikit-learn.py_cleaned.png,1,0,0.553897500038147,0.446102499961853
fold2,981_v4_33_content_prabhatpal77_Complete-core-python-_assignmentope.py_cleaned.png,1,0,0.7699284851551056,0.2300715148448944
fold2,1771_64_content_YifeiY_Depth-of-BTS_BTS_Depth.py_cleaned.png,0,1,0.4266701340675354,0.5733298659324646
fold2,2227_99_content_MatheusMuriel_ProgramacaoDinamica_Memoria.py_cleaned.png,0,1,0.4722461700439453,0.5277538299560547
fold2,1252_3_content_iykadev_pyalgo_fibo.py_cleaned.png,0,0,0.671690046787262,0.32830995321273804
fold2,689_v4_25_content_arjunsoin_CME-193-Final_SF_Salary_Market.py_cleaned.png,1,0,0.6014110147953033,0.39858898520469666
fold2,2_v4_100_content_cem8301_DataCleaningForInformedPurchases_middlewares.py_cleaned.png,1,1,0.2948507070541382,0.7051492929458618
fold2,368_16_content_vineetkia_Fundamentals-Of-Cryptography__8_-BlowFish-CBC.py_cleaned.png,0,0,0.6718660891056061,0.3281339108943939
fold2,1516_4_content_mmcniece_tiled_floyd_warshall_tiled_FW.py_cleaned.png,0,0,0.7289842665195465,0.2710157334804535
fold2,2235_9_content_avenezia_Arbitrage-detection_CurrencyExchange.py_cleaned.png,0,0,0.5000594258308411,0.49994057416915894
fold2,1218_3_content_cdr6934_eSMA_ExpSMA.py_cleaned.png,0,1,0.2502368688583374,0.7497631311416626
fold2,1663_v4_6_content_gionanide_Cryptography_VernamCipher.py_cleaned.png,1,1,0.4659738540649414,0.5340261459350586
fold2,1578_v4_61_content_hlalit_Data-Structures-Python_BinaryTree.py_cleaned.png,1,0,0.90870800614357,0.09129199385643005
fold2,215_13_content_preetidurai_Spam-Ham-Classification-using-NB-and-LR_NBHelper.py_cleaned.png,0,0,0.6175563037395477,0.38244369626045227
fold2,1743_v4_76_content_sangeeta97_web-scraping_restnested.py_cleaned.png,1,1,0.259202241897583,0.740797758102417
fold2,1142_36_content_DeokchangSeo_recommenderSystem_mean_centerred_ratings.py_cleaned.png,0,0,0.614223450422287,0.385776549577713
fold2,712_v4_26_content_alex-code4okc_LinkedList_linkedlist.py_cleaned.png,1,1,0.4561077356338501,0.5438922643661499
fold2,1186_v4_3_content_victornguyen75_x-factor_source.py_cleaned.png,1,1,0.32810068130493164,0.6718993186950684
fold2,564_v4_21_content_jmintel7_linked_list_linked_list.py_cleaned.png,1,1,0.49561768770217896,0.504382312297821
fold2,1507_v4_5_content_anguillanneuf_bigO_02_linked_list.py_cleaned.png,1,0,0.8222452402114868,0.17775475978851318
fold2,1422_v4_52_content_seanluo1_Arm-Link-AI_const.py_cleaned.png,1,0,0.8500743210315704,0.14992567896842957
fold2,1168_38_content_davidcarrollnyc_Recursive_Python_WebScraper_BeautifulSoup_into_MongoDB_insertIntoMongo.py_cleaned.png,0,1,0.4455963373184204,0.5544036626815796
fold2,1381_v4_4_content_sumedhvdatar_Longest_Common_Subsequence_lcs.py_cleaned.png,1,0,0.5658968091011047,0.43410319089889526
fold2,859_28_content_alexanderogle_Enigma_Machine_em_functions.py_cleaned.png,0,0,0.8552922457456589,0.14470775425434113
fold2,1721_5_content_kheguy_bubbleSort_bubbleSort.py_cleaned.png,0,0,0.6232345998287201,0.3767654001712799
fold2,1024_v4_36_content_denniszj_crawler_comment.py_cleaned.png,1,1,0.3872515559196472,0.6127484440803528
fold2,1072_32_content_sainathGit_rulemining-for-marketbasket_main.py_cleaned.png,0,0,0.9816886875778437,0.018311312422156334
fold2,1310_3_content_tusizi_document-analysis_mllib_tfidf_with_stopword.py_cleaned.png,0,0,0.7888282239437103,0.21117177605628967
fold2,869_v4_2_content_Lok-lok_TestLinkedList_LinkedList.py_cleaned.png,1,0,0.5294782817363739,0.4705217182636261
fold2,282_15_content_Dhruv-Panchal_AES_socket_GUI_decryptor.py_cleaned.png,0,0,0.7937974780797958,0.20620252192020416
fold2,1550_51_content_adityapatelgithub_Expressions-and-Functions_evaluate.py_cleaned.png,0,1,0.44768238067626953,0.5523176193237305
fold2,855_v4_2_content_johnrobyclayton_division-project_plot.py_cleaned.png,1,0,0.610528439283371,0.38947156071662903
fold2,949_v4_31_content_tobymyers_codingthematrix_The_Function_problems.py_cleaned.png,1,0,0.6648381948471069,0.33516180515289307
fold2,1860_v4_81_content_kiranathealea_regressionMachineLearning_main.py_cleaned.png,1,1,0.32136476039886475,0.6786352396011353
fold2,1137_v4_3_content_iykadev_pyalgo_orderedSequentialSearch.py_cleaned.png,1,0,0.8153253346681595,0.18467466533184052
fold2,2069_83_content_reshma78611_Multi-Linear-Regression-using-python_toyota.py_cleaned.png,0,0,0.7522477358579636,0.24775226414203644
fold2,847_v4_2_content_imset_Perfect-Numbers_perfNum.py_cleaned.png,1,0,0.6513684391975403,0.3486315608024597
fold2,593_v4_22_content_domreichl_credit-card-math_credit_card_math.py_cleaned.png,1,1,0.25552284717559814,0.7444771528244019
fold2,1114_v4_3_content_iykadev_pyalgo_anagram2.py_cleaned.png,1,0,0.5858443379402161,0.41415566205978394
fold2,62_v4_10_content_zpeterg_bmig_5003_count_words_utils_test.py_cleaned.png,1,1,0.4915093779563904,0.5084906220436096
fold2,151_v4_13_content_Ade-Adeleke_KruskalAlg_Kruskal_Algorithm__1_.py_cleaned.png,1,0,0.6666551530361176,0.33334484696388245
fold2,2132_8_content_andersonlthome_floyd-warshall-algorithm_floyd_warshall.py_cleaned.png,0,0,0.7972140908241272,0.2027859091758728
fold2,1868_6_content_raghavgr_Go-Game_gridGo.py_cleaned.png,0,0,0.820726215839386,0.179273784160614
fold2,1899_71_content_logyball_public_private_encryption_decrypt.py_cleaned.png,0,1,0.4286518096923828,0.5713481903076172
fold2,76_v4_11_content_harshit496_eigen_expressions_csv_to_images.py_cleaned.png,1,1,0.23211824893951416,0.7678817510604858
fold2,1908_72_content_reshma78611_Simple-Linear-Regression-using-Python_salary_hike.py_cleaned.png,0,0,0.6960656344890594,0.30393436551094055
fold2,1504_4_content_Khante_Distance-Vector-Algorithm_simulation_2.py_cleaned.png,0,1,0.49297183752059937,0.5070281624794006
fold2,2056_81_content_kiranathealea_regressionMachineLearning_polynomialregression_degree2_final.py_cleaned.png,0,1,0.483040988445282,0.516959011554718
fold2,550_1_content_modulus100_python-datastructures-algorithms_linked_list_reverse.py_cleaned.png,0,0,0.6959996223449707,0.3040003776550293
fold2,633_v4_23_content_ntorba_Naive_Bayes_Naive_Bayes.py_cleaned.png,1,1,0.17648077011108398,0.823519229888916
fold2,1389_44_content_emilgab_bubble-sort_bubble_sort.py_cleaned.png,0,0,0.5154331028461456,0.48456689715385437
fold2,701_23_content_cjonsmith_prime_calc_prime_days.py_cleaned.png,0,1,0.4105706810951233,0.5894293189048767
fold2,1662_5_content_AdamJacoby_Hopf_Example_CyclicGroup.py_cleaned.png,0,1,0.4233969449996948,0.5766030550003052
fold2,1591_v4_64_content_AhmadMamduhh_Data-Mining-Project_main.py_cleaned.png,1,1,0.30413007736206055,0.6958699226379395
fold2,774_25_content_83Shashi_Hierarchical-Clustering_hierarchicalclustering.py_cleaned.png,0,0,0.7797272503376007,0.2202727496623993
fold2,2261_9_content_noumanmalik960_bubbleSort_bubbleSort.py_cleaned.png,0,0,0.6689903736114502,0.3310096263885498
fold2,1532_4_content_sezisoro_PyTimePad_PyTimePad.py_cleaned.png,0,0,0.7555995434522629,0.24440045654773712
fold2,1244_v4_43_content_odubno_ford-fulkerson-max-flow_test_max_flow.py_cleaned.png,1,1,0.2291232943534851,0.7708767056465149
fold2,1762_63_content_bisohns_signalum-desktop_build.py_cleaned.png,0,0,0.610512763261795,0.38948723673820496
fold2,1290_3_content_mightydeveloper_Deep-Compression-PyTorch_pruning.py_cleaned.png,0,0,0.7793280929327011,0.2206719070672989
fold2,1672_5_content_alexeyev_nm_main.py_cleaned.png,0,0,0.6567761301994324,0.3432238698005676
fold2,2019_7_content_rizanw_DAA_Pacman_Pacman.py_cleaned.png,0,1,0.3554818034172058,0.6445181965827942
fold2,71_v4_11_content_DaiDongyang_knn_experiments.py_cleaned.png,1,1,0.29967957735061646,0.7003204226493835
fold2,928_2_content_Ap1402_floydWarshall_floyd.py_cleaned.png,0,0,0.9311232566833496,0.06887674331665039
fold2,148_12_content_dxania_Fizzbuzz_fizzbuzz.py_cleaned.png,0,0,0.8426599949598312,0.15734000504016876
fold2,2113_88_content_ns3agravat_sklearn_tfidf_cmle_train_idf.py_cleaned.png,0,0,0.7102403938770294,0.2897596061229706
fold2,1892_70_content_Ram-95_Weather_Forecast_Application_Weather_forecast_application.py_cleaned.png,0,1,0.4549368619918823,0.5450631380081177
fold2,1708_v4_70_content_skumaravel_tf-idf_tf_idf.py_cleaned.png,1,0,0.5548285841941833,0.44517141580581665
fold2,1255_v4_44_content_CppbetterC_A-Star_Heap.py_cleaned.png,1,1,0.35248231887817383,0.6475176811218262
fold2,2127_8_content_abpaudel_8-puzzle_board.py_cleaned.png,0,0,0.871187150478363,0.12881284952163696
fold2,356_v4_17_content_tzhang1404_Polynomial-Regression-and-Perceptron-Classifier_load_json_data.py_cleaned.png,1,1,0.45280998945236206,0.5471900105476379
fold2,37_10_content_kllinzy_Elliptic-Curve-Cryptography_demo.py_cleaned.png,0,0,0.8260524123907089,0.17394758760929108
fold2,1568_v4_60_content_winnie9197_The-Coding-School-projects_polynomial_regression.py_cleaned.png,1,0,0.520461231470108,0.47953876852989197
fold2,1319_40_content_alttch_pyaltt_test.py_cleaned.png,0,0,0.947174921631813,0.05282507836818695
fold2,1793_v4_7_content_gabriel-arauj_grafos_main.py_cleaned.png,1,0,0.9269281551241875,0.07307184487581253
fold2,1096_v4_3_content_colinmcnicholl_queueing_theory_homework3_map6264a.py_cleaned.png,1,1,0.2427130937576294,0.7572869062423706
fold2,1421_46_content_hackabit19__destroyingRecursively__StickerTester.py_cleaned.png,0,0,0.5665519833564758,0.43344801664352417
fold2,844_v4_2_content_Gregory-Matthews_Bitcoin-Price-Predictor_LSTM.py_cleaned.png,1,1,0.49826258420944214,0.5017374157905579
fold2,1969_7_content_deawpic_math01_compute2.py_cleaned.png,0,0,0.9380999989807606,0.061900001019239426
fold2,964_v4_32_content_rihartma_huffmanCoding_files.py_cleaned.png,1,1,0.3676922917366028,0.6323077082633972
fold2,1108_v4_3_content_HundredVisionsGuy_DivisibilityExceptionHandlingTests_test_Divisibility.py_cleaned.png,1,1,0.2495816946029663,0.7504183053970337
fold2,566_1_content_ryanRahul5_Time-Series-on-python_time_series_anlys.py_cleaned.png,0,0,0.8464178740978241,0.1535821259021759
fold2,1178_v4_3_content_Sapphirine_Detecting-and-Predicting-the-Impact-of-Events_calc_train_anamoly_10ile-Copy5.py_cleaned.png,1,0,0.6028341054916382,0.3971658945083618
fold2,98_11_content_liam-han_all-pairs-shortest-path_test.py_cleaned.png,0,0,0.722165048122406,0.277834951877594
fold2,644_v4_24_content_AntoAndGar_ProgettazioneDiAlgoritmi_bk2.py_cleaned.png,1,0,0.7995823174715042,0.2004176825284958
fold2,1417_46_content_arun-p12_sort-algorithms_radix_sort.py_cleaned.png,0,0,0.6505431234836578,0.34945687651634216
fold2,1870_6_content_sanjay-bhat_find_route_bfs_find_route.py_cleaned.png,0,0,0.882878489792347,0.11712151020765305
fold2,126_v4_12_content_Cy1614_Bellman-Ford_Project2_Bellman-Ford.py_cleaned.png,1,1,0.2668914794921875,0.7331085205078125
fold2,880_28_content_vinaykumarbu_sentiment-analysis-deeplearning_csv_parser.py_cleaned.png,0,0,0.6322290003299713,0.3677709996700287
fold2,209_v4_14_content_codearemo_selction-sort_selection_sort.py_cleaned.png,1,1,0.48508554697036743,0.5149144530296326
fold2,1253_3_content_iykadev_pyalgo_insertionSort.py_cleaned.png,0,0,0.6221314966678619,0.37786850333213806
fold2,1747_61_content_cthorrez_deepsetLinkage_plot_results.py_cleaned.png,0,1,0.41673290729522705,0.583267092704773
fold2,649_21_content_PyEldar_PyMazeSolver_maze_solve.py_cleaned.png,0,0,0.6814570724964142,0.3185429275035858
fold2,1345_v4_4_content_giocarro_BubbleSort-and-Words-Sort_MergeSort2.py_cleaned.png,1,0,0.8416937440633774,0.15830625593662262
fold2,2006_7_content_meenaljain8001_BasicsOfPython-SelectionSort_selection_sort_in_python.py_cleaned.png,0,0,0.6523618400096893,0.34763815999031067
fold2,1189_39_content_ercjns_WinOfTheDay_toolbox.py_cleaned.png,0,1,0.3592076301574707,0.6407923698425293
fold2,815_v4_29_content_udwivedi394_binarySearchTree_binarySearchTree.py_cleaned.png,1,0,0.6155074238777161,0.38449257612228394
fold2,213_v4_14_content_delabi_prime_number-sieve_generate_prime_numbers.py_cleaned.png,1,1,0.41555917263031006,0.5844408273696899
fold2,1069_32_content_paolazola_Scraping-data-from-Web_textMining3.py_cleaned.png,0,0,0.7780853062868118,0.22191469371318817
fold2,26_10_content_ElizabethRosse_Algoritmo-Bellman-Ford_BellmanFordAlgorithm.py_cleaned.png,0,0,0.8278913348913193,0.17210866510868073
fold2,1931_v4_8_content_alexvking_comp150_bsts_optimal_bst_knuth_n3.py_cleaned.png,1,1,0.24102115631103516,0.7589788436889648
fold2,1121_35_content_DiarmuidKelly_Key_Exchange_diffie_hellman.py_cleaned.png,0,1,0.3517179489135742,0.6482820510864258
fold2,1469_v4_57_content_popkinj_azimuth-swath_azimuth_swath_dialog.py_cleaned.png,1,0,0.5535957515239716,0.44640424847602844
fold2,161_v4_13_content_danielSbastos_binary-fibonacci_columns.py_cleaned.png,1,1,0.45024436712265015,0.5497556328773499
fold2,1310_v4_48_content_nabima_nabi_distribution_client_region.py_cleaned.png,1,0,0.5748396515846252,0.42516034841537476
fold2,1674_v4_6_content_mmcetindag_ShortestPathAlgorithms_bellman-ford.py_cleaned.png,1,1,0.2542960047721863,0.7457039952278137
fold2,1958_v4_8_content_lucasmullerm_turing-machine-fibonacci_tm.py_cleaned.png,1,1,0.25438517332077026,0.7456148266792297
fold2,2110_v4_v5_54_content_wenlin-koh_K-Means-Clustering---python_kmeans.py_cleaned.png,1,1,0.2585400342941284,0.7414599657058716
fold2,196_v4_14_content_Alexander35_fibonacci_sequence_fibonacci_tests.py_cleaned.png,1,1,0.408175528049469,0.591824471950531
fold2,1342_v4_4_content_fcunhaneto_py-binary-trees-draw_node.py_cleaned.png,1,0,0.5267532467842102,0.4732467532157898
fold2,659_22_content_ABHIJIT-13_Kruskal-MST_kruskal.py_cleaned.png,0,0,0.9016063809394836,0.09839361906051636
fold2,848_v4_2_content_jaurelio1_Huffman_Opencv_main.py_cleaned.png,1,1,0.165144681930542,0.834855318069458
fold2,2223_99_content_777moneymaker_Graphs_play.py_cleaned.png,0,0,0.6816376149654388,0.31836238503456116
fold2,608_20_content_IbrahimAyed_Multifractal-analysis-of-natural-images_texture_synthesis.py_cleaned.png,0,0,0.9258509278297424,0.07414907217025757
fold2,1701_5_content_domodomodomo_binary_search_tree_test.py_cleaned.png,0,1,0.4077017903327942,0.5922982096672058
fold2,1410_45_content_supriya363_break-des-6round_Request.py_cleaned.png,0,0,0.8557299077510834,0.14427009224891663
fold2,1054_31_content_tobymyers_codingthematrix_GF2.py_cleaned.png,0,0,0.5336931645870209,0.4663068354129791
fold2,82_11_content_harishchellappa_Time-Series-Analysis-Bike-Sharing-Demand-Forecasting_forecasting_passes.py_cleaned.png,0,0,0.8002661913633347,0.19973380863666534
fold2,1002_2_content_zalayo_Hierarchical-Linkage-Regression_HLRtest.py_cleaned.png,0,0,0.7006890773773193,0.29931092262268066
fold2,1773_65_content_disha2sinha_Employee-Salary-Prediction_predictSalary.py_cleaned.png,0,0,0.7360419034957886,0.2639580965042114
fold2,1261_3_content_iykadev_pyalgo_nth_root_algo.py_cleaned.png,0,0,0.7052200436592102,0.2947799563407898
fold2,1021_v4_36_content_akh5113_Stooge-Merge-Insert-Sort_Homework2.py_cleaned.png,1,1,0.2835822105407715,0.7164177894592285
fold2,1705_5_content_egeismail_SteamWorkshopCollectionInstaller_workshopinstaller.py_cleaned.png,0,0,0.6064083874225616,0.39359161257743835
fold2,674_22_content_harpreetsi_DataStructureImpl_StackImplUsingArrayTest.py_cleaned.png,0,0,0.7451056241989136,0.2548943758010864
fold2,317_15_content_VakinduPhilliam_Pattern_Matching_Python_Difflib_Pattern_Matching_SequenceMatcher.py_cleaned.png,0,0,0.6743993759155273,0.32560062408447266
fold2,1236_v4_43_content_agusmakmun_changewords_tests.py_cleaned.png,1,1,0.4155210256576538,0.5844789743423462
fold2,506_1_content_dedeco_dijkstra-bellman-ford_teste_cormen_bford.py_cleaned.png,0,0,0.7736306190490723,0.22636938095092773
fold2,844_27_content_KyleSeaman201_Ordered-Linked-List_Ordered_Linked_List.py_cleaned.png,0,0,0.5495117604732513,0.45048823952674866
fold2,664_v4_24_content_lesdev_SortingMethods_selection.py_cleaned.png,1,0,0.5157406330108643,0.48425936698913574
fold2,1454_v4_56_content_angauber_linear_regression_learn.py_cleaned.png,1,0,0.5924411416053772,0.4075588583946228
fold2,1093_33_content_prabhatpal77_Complete-core-python-_assignmentope.py_cleaned.png,0,0,0.7271508276462555,0.2728491723537445
fold2,424_18_content_jiangfeng1124_digital-dendrimer_genenerate.py_cleaned.png,0,0,0.8872452452778816,0.11275475472211838
fold2,2074_84_content_inventaire-des-orgues_docs_geocodage_manufactures.py_cleaned.png,0,0,0.5521958470344543,0.44780415296554565
fold2,2053_v4_9_content_SirThana_RSA_rsa.py_cleaned.png,1,1,0.2984027862548828,0.7015972137451172
fold2,565_v4_21_content_KingYapster_ECC-Elliptic-Curve-Cryptography-in-Python_ECC.py_cleaned.png,1,1,0.22532570362091064,0.7746742963790894
fold2,1692_5_content_cylance_lazy-stochastic-principal-component-analysis_plot_distance_submission.py_cleaned.png,0,1,0.40040093660354614,0.5995990633964539
fold2,1543_50_content_krj9cr_Hybrid-Prim-Dijkstra-GUI_Helpers.py_cleaned.png,0,0,0.6685940027236938,0.33140599727630615
fold2,1784_v4_7_content_DMDarkness_Data-mining_Example_pybpsohd.py_cleaned.png,1,1,0.3541412353515625,0.6458587646484375
fold2,770_v4_28_content_kimdanny_HeapSort-and-QuickSort-Comparison_quicksort.py_cleaned.png,1,1,0.23041117191314697,0.769588828086853
fold2,266_14_content_Robo-Sapien_Maze-Perilous-Real-Time-Implemention-of-Dijkstra-Algorithm_new091016.py_cleaned.png,0,1,0.3977840542793274,0.6022159457206726
fold2,428_18_content_NegarMirgati_CodingAndErrorDetection_All.py_cleaned.png,0,0,0.5094049572944641,0.4905950427055359
fold2,1785_66_content_Fremont28_movie_recommender-_movies_tfidf.py_cleaned.png,0,0,0.6570782959461212,0.3429217040538788
fold2,1849_v4_80_content_cgeopapa_NaiveBayesClassifier-ham-spam-mail_Bayes.py_cleaned.png,1,1,0.3291335701942444,0.6708664298057556
fold2,146_12_content_diegooliveira95_PrimAndDijkstra_graph.py_cleaned.png,0,0,0.5904894173145294,0.4095105826854706
fold2,1284_v4_46_content_arun-p12_sort-algorithms_shell_sort.py_cleaned.png,1,1,0.4176291823387146,0.5823708176612854
fold2,28_v4_10_content_fadlytanjung_chatbot-lcs-line_app.py_cleaned.png,1,0,0.8187729269266129,0.18122707307338715
fold2,393_17_content_jmullercuber_HackHarvard2k16_RedditTest.py_cleaned.png,0,0,0.9482528604567051,0.05174713954329491
fold2,1482_v4_58_content_zhaoyichanghong_machine_learing_algo_python_ica.py_cleaned.png,1,1,0.3515644669532776,0.6484355330467224
fold2,841_27_content_gcmurillo_sortingAlgorithmsComparation_quickSort.py_cleaned.png,0,0,0.5902139842510223,0.40978601574897766
fold2,1306_3_content_Sapphirine_Detecting-and-Predicting-the-Impact-of-Events_calc_train_anamoly_10ile-Copy5.py_cleaned.png,0,0,0.7718374878168106,0.2281625121831894
fold2,1022_30_content_talbrecht_ensemble-scoring_run.py_cleaned.png,0,0,0.7273067235946655,0.2726932764053345
fold2,1071_32_content_rihartma_huffmanCoding_files.py_cleaned.png,0,0,0.6581938564777374,0.3418061435222626
fold2,495_v4_1_content_pranav-dahiya_NaiveBayes_spam_filter.py_cleaned.png,1,1,0.29751336574554443,0.7024866342544556
fold2,1534_v4_5_content_ebrahim-j_pRIME-nUMBERS_Test_GPN.py_cleaned.png,1,1,0.4592486619949341,0.5407513380050659
fold2,401_v4_19_content_bowiechen_FactorialDigitsSum_Counter.py_cleaned.png,1,1,0.2608245611190796,0.7391754388809204
fold2,2038_7_content_yicheng-w_70Factorial_app.py_cleaned.png,0,1,0.4691440463066101,0.5308559536933899
fold2,1841_6_content_gionanide_Cryptography_Crack_zip_files.py_cleaned.png,0,0,0.7160362601280212,0.28396373987197876
fold2,1905_72_content_kperry2215_webscrape_monthly_og_data_bakken_Bakken_web_scrape.py_cleaned.png,0,1,0.4472641944885254,0.5527358055114746
fold2,1449_48_content_nabima_nabi_distribution_client_region.py_cleaned.png,0,0,0.5765992105007172,0.42340078949928284
fold2,1344_v4_4_content_ganluannj_ANOVA_Assumption_make_a_skew_distribution.py_cleaned.png,1,1,0.3285340666770935,0.6714659333229065
fold2,751_24_content_lesdev_SortingMethods_radix.py_cleaned.png,0,0,0.7886056154966354,0.21139438450336456
fold2,655_21_content_shunge_KNN-NBA-Draft-Prediction_knn-nba.py_cleaned.png,0,0,0.5297286212444305,0.47027137875556946
fold2,1414_v4_52_content_DSCPoltekpos_Py-PCA-Calory_PCA.py_cleaned.png,1,0,0.8242379128932953,0.1757620871067047
fold2,1110_v4_3_content_iRGBit_indexhelper_indexer.py_cleaned.png,1,1,0.16326427459716797,0.836735725402832
fold2,531_1_content_jim-spyropoulos_Trajectory-Analysis-and-Classification-in-Python-Pandas-and-Scikit-Learn_datacleaning.py_cleaned.png,0,0,0.5327385663986206,0.4672614336013794
fold2,1640_58_content_rahul1502_polynomial-regression_polynomial-regression.py_cleaned.png,0,0,0.780896469950676,0.21910353004932404
fold2,26_v4_10_content_ElizabethRosse_Algoritmo-Bellman-Ford_BellmanFordAlgorithm.py_cleaned.png,1,0,0.7359070181846619,0.26409298181533813
fold2,2176_90_content_poojakudav309_Data-Representation-project-I_scatter3.py_cleaned.png,0,0,0.952779296785593,0.04722070321440697
fold2,1880_v4_84_content_InternityFoundation_ML_Abhiraj_srivastava_iris1_decision_tree.py_cleaned.png,1,1,0.48773252964019775,0.5122674703598022
fold2,1469_49_content_ybakos_cs261-tdd-priority-queue_test_job.py_cleaned.png,0,0,0.6603570282459259,0.3396429717540741
fold2,1756_v4_79_content_alxrm_scent-of-literature_supply.py_cleaned.png,1,1,0.38089627027511597,0.619103729724884
fold2,329_v4_17_content_CHINAJR_BinaryTree_biggestsubBSTtree.py_cleaned.png,1,0,0.5412571728229523,0.45874282717704773
fold2,1926_v4_8_content_abhishekmsharma_knn-python-artificial-intelligence_abhishek_sharma_knn_environment.py_cleaned.png,1,1,0.36689722537994385,0.6331027746200562
fold2,200_v4_14_content_ambasthv_Analytics_ARIMA_polynomial_Linear_Regression_assignment_dataset.py_cleaned.png,1,1,0.49817782640457153,0.5018221735954285
fold2,12_v4_10_content_anuragshiv_PCA_pca.py_cleaned.png,1,1,0.4488403797149658,0.5511596202850342
fold2,1359_42_content_matbot_Py_merge_vs_insert_sorts_insertionsort.py_cleaned.png,0,0,0.555994987487793,0.44400501251220703
fold2,75_11_content_Aprataksh_Python-Files_stdev_ema.py_cleaned.png,0,1,0.4865758419036865,0.5134241580963135
fold2,1039_31_content_homeowmorphism_list-sorting-algorithms_quicksort.py_cleaned.png,0,0,0.6153385937213898,0.38466140627861023
fold2,966_v4_32_content_Terry-Kusunoki-Martin_World-University-Rankings-Clustering_filehelper.py_cleaned.png,1,1,0.278361439704895,0.721638560295105
fold2,1656_v4_6_content_dennishnf_indoor-location-using-naive-bayes_2_division_data.py_cleaned.png,1,1,0.32002151012420654,0.6799784898757935
fold2,698_23_content_binaya07_8-puzzle_stack.py_cleaned.png,0,0,0.9382100403308868,0.06178995966911316
fold2,1541_v4_5_content_GregLahaye_wikipedia-game_wikipedia.py_cleaned.png,1,0,0.6908267438411713,0.30917325615882874
fold2,938_v4_31_content_saharmilis_AprioriAlgorithm_algo-Server.py_cleaned.png,1,1,0.37419456243515015,0.6258054375648499
fold2,1828_v4_7_content_rmssoares_8Puzzle-StateSpaceSearches_node.py_cleaned.png,1,1,0.2782829999923706,0.7217170000076294
fold2,726_24_content_alphagov_metadata-standards-description-language_poc-json.py_cleaned.png,0,0,0.6623992621898651,0.3376007378101349
fold2,1012_30_content_olamofe_primeQuery_primeQuery.py_cleaned.png,0,0,0.837440237402916,0.16255976259708405
fold2,1213_3_content_arhamrizvi_Kruskals-algorithm_Kruskal.py_cleaned.png,0,0,0.9647788852453232,0.03522111475467682
fold2,1019_30_content_sdws1983_The-big-data-OF-The-Plant-Cell_calculate-author.py_cleaned.png,0,0,0.6878952085971832,0.3121047914028168
fold2,1496_4_content_jclifford442_Perfect-Number_main.py_cleaned.png,0,0,0.6749926507472992,0.3250073492527008
fold2,1257_v4_44_content_emilgab_bubble-sort_bubble_sort.py_cleaned.png,1,1,0.2763213515281677,0.7236786484718323
fold2,1095_33_content_prabhatpal77_Complete-core-python-_globalandlocalvar.py_cleaned.png,0,0,0.8500012755393982,0.1499987244606018
fold2,1886_70_content_cat1996_linear-regression-on-sample_knn_calssification.py_cleaned.png,0,0,0.9613090194761753,0.03869098052382469
fold2,799_25_content_unifiprojects_TemporalGraphs_DFS-v1.py_cleaned.png,0,0,0.6209589242935181,0.37904107570648193
fold2,289_v4_16_content_hungapp_big_o_01-29-HW.py_cleaned.png,1,0,0.973448846489191,0.026551153510808945
fold2,461_19_content_Mital188_Naive-Bayes_Naive_Bayes.py_cleaned.png,0,1,0.29952698945999146,0.7004730105400085
fold2,647_21_content_pavel-shepelev_NaiveBayes_News_Classifier.py_cleaned.png,0,0,0.9083962142467499,0.09160378575325012
fold2,1670_5_content_adityadas8888_Naive-Bayes_naive_bayes.py_cleaned.png,0,0,0.6752175092697144,0.32478249073028564
fold2,1425_v4_53_content_7enTropy7_RSA_cryptography_rsa.py_cleaned.png,1,0,0.6404614150524139,0.35953858494758606
fold2,1465_v4_57_content_Carloshtda_SistemaRSA_rsa.py_cleaned.png,1,1,0.3647614121437073,0.6352385878562927
fold2,429_v4_1_content_Aghabekyan_calculator-of-median-value_helpers.py_cleaned.png,1,0,0.6497024595737457,0.3502975404262543
fold2,987_2_content_Prateek-Bansal_Admission_logistic_regression.py_cleaned.png,0,0,0.8220366537570953,0.17796334624290466
fold2,174_13_content_amitgaikwad1730_Polynomial-Regression_polynomial_regression.py_cleaned.png,0,0,0.7659785449504852,0.23402145504951477
fold2,1516_v4_5_content_BenKalish42_Best-fit-Polynomial-Regression_nfoldpolyfit.py_cleaned.png,1,1,0.2870083451271057,0.7129916548728943
fold2,642_21_content_KingYapster_ECC-Elliptic-Curve-Cryptography-in-Python_ECC.py_cleaned.png,0,1,0.48976123332977295,0.510238766670227
fold2,815_26_content_hemidactylus_skanfixer_sfUtilities.py_cleaned.png,0,0,0.8068741708993912,0.19312582910060883
fold2,927_v4_31_content_atorulia_Some-kind-of-sort-algorithm_InsertionSort.py_cleaned.png,1,0,0.8576637357473373,0.14233626425266266
fold2,739_24_content_elllot_CurrencyArbitrage_Scraper.py_cleaned.png,0,1,0.4364783763885498,0.5635216236114502
fold2,1337_v4_4_content_bstefansen_HomePriceStatistics_Stefansen_Homes.py_cleaned.png,1,0,0.6628797948360443,0.3371202051639557
fold2,843_v4_2_content_Gregory-Matthews_Bitcoin-Price-Predictor_linear_regression_multifeature.py_cleaned.png,1,1,0.22952735424041748,0.7704726457595825
fold2,1569_v4_61_content_AaronRobson_sequences_decorators.py_cleaned.png,1,0,0.6777229607105255,0.3222770392894745
fold2,842_27_content_gcmurillo_sortingAlgorithmsComparation_shellSort.py_cleaned.png,0,1,0.43430113792419434,0.5656988620758057
fold2,188_v4_13_content_ShankyTiwari_Naive-Bayes-Classifier-using-python_naive_bayes_supermall.py_cleaned.png,1,1,0.29744046926498413,0.7025595307350159
fold2,1903_71_content_Santosh-Sah_Simple_Linear_Regression_SimpleLinearRegressionUtils.py_cleaned.png,0,1,0.26610517501831055,0.7338948249816895
fold2,1376_v4_4_content_prathmachowksey_Multivariate-Polynomial-Regression_generate_polynomials.py_cleaned.png,1,1,0.48764169216156006,0.5123583078384399
fold2,334_v4_17_content_haroldport_portfolio-scripts_Stock.py_cleaned.png,1,0,0.6213861107826233,0.3786138892173767
fold2,1111_34_content_rajdas2001_Sorting-of-lists-arrays_Bubble_Sort.py_cleaned.png,0,0,0.6324690878391266,0.3675309121608734
fold2,1218_v4_41_content_sarahandert_python-practice--sorting_sample4.py_cleaned.png,1,0,0.5735258758068085,0.42647412419319153
fold2,1279_3_content_KirillGordievich_Bubble_Sort_Visualization_colors.py_cleaned.png,0,0,0.6961536407470703,0.3038463592529297
fold2,488_1_content_amazingspain_ExponentialSmoothing_finalWorldQuant.py_cleaned.png,0,0,0.761891558766365,0.23810844123363495
fold2,722_v4_26_content_FlyingWolFox_Prime-Number-Tool_prime_generator.py_cleaned.png,1,0,0.7665879130363464,0.23341208696365356
fold2,2191_94_content_hbergun_AI_Pacman_PriorityQueue.py_cleaned.png,0,0,0.5600369572639465,0.43996304273605347
fold2,1039_v4_37_content_anagnostouJohn_Simple_DF_Socket_clien.py_cleaned.png,1,1,0.25773680210113525,0.7422631978988647
fold2,1439_47_content_SimonBFrank_Algorithm_Analysis_Test_File_Creation.py_cleaned.png,0,0,0.6530246436595917,0.3469753563404083
fold2,270_14_content_Tomev_weightedAppendingStDevTester_stDev-checker.py_cleaned.png,0,1,0.47283560037612915,0.5271643996238708
fold2,1366_43_content_aabs_edx-ai-week11-project_Tests.py_cleaned.png,0,0,0.5168404579162598,0.48315954208374023
fold2,734_v4_26_content_NicolasAG_ML-assignment1_main.py_cleaned.png,1,1,0.17677301168441772,0.8232269883155823
fold2,772_24_content_WangHaomao_Dijkstra_and_Bellman-Ford_pyspark_shortestpath.py_cleaned.png,0,1,0.45856773853302,0.54143226146698
fold2,671_22_content_domreichl_credit-card-math_credit_card_math.py_cleaned.png,0,1,0.3976325988769531,0.6023674011230469
fold2,1946_v4_8_content_gordon636798_DiffieHellman-AES_DiffieHellman_AES.py_cleaned.png,1,1,0.2439711093902588,0.7560288906097412
fold2,1338_40_content_urmilkadakia_Rainfall-prediction-for-the-state-of-Gujarat-using-deep-learning-technique_lr_p.py_cleaned.png,0,0,0.6225181818008423,0.3774818181991577
fold2,1840_v4_7_content_usbogie_MSTcreator_Sollins.py_cleaned.png,1,1,0.2341262698173523,0.7658737301826477
fold2,2190_93_content_vishwakftw_extreme-classification_baseline.py_cleaned.png,0,0,0.6337217092514038,0.3662782907485962
fold2,958_2_content_johndoe31415_toyecc_elgamaltest.py_cleaned.png,0,1,0.4167543053627014,0.5832456946372986
fold2,1657_v4_6_content_gabrielmbmb_aes_crypt.py_cleaned.png,1,0,0.8783194720745087,0.12168052792549133
fold2,579_v4_21_content_sybernix_Insertion-Sort-Algorithm-and-Performance-Analysis_test_file.py_cleaned.png,1,1,0.4271489381790161,0.5728510618209839
fold2,691_23_content_ajh1143_ClassicQuickSort_QuickSorter.py_cleaned.png,0,0,0.8856701999902725,0.11432980000972748
fold2,30_10_content_hmjansen_overflow-algorithm_overflow_algorithm.py_cleaned.png,0,1,0.45010071992874146,0.5498992800712585
fold2,1585_v4_62_content_MurphyPone_fibo-converter_main.py_cleaned.png,1,1,0.3943396806716919,0.6056603193283081
fold2,1837_v4_7_content_TongTongX_HuffmanCompressor_huffman.py_cleaned.png,1,1,0.32943445444107056,0.6705655455589294
fold2,781_25_content_Cytla24_LinkedLists_print_append_insert_delete.py_cleaned.png,0,0,0.8979028090834618,0.10209719091653824
fold2,464_v4_1_content_ivan-gramatikov_Median-calc-basic_median.py_cleaned.png,1,0,0.5199689269065857,0.4800310730934143
fold2,578_1_content_SICTC_BST_BinSearchTree.py_cleaned.png,0,1,0.47169286012649536,0.5283071398735046
fold2,590_v4_22_content_ayush-garg341_skill_recommendation_preprocess.py_cleaned.png,1,1,0.35741448402404785,0.6425855159759521
fold2,14_v4_10_content_aqchin_abalonestatistics_sample_abalone.py_cleaned.png,1,0,0.5799343585968018,0.42006564140319824
fold2,1063_v4_38_content_YuqianHou_RSA_RSA.py_cleaned.png,1,1,0.48893409967422485,0.5110659003257751
fold2,1855_v4_81_content_fwang084_DFS_Optimizer_Initialize.py_cleaned.png,1,0,0.8174183815717697,0.18258161842823029
fold2,1896_70_content_zeineb-rejiba_linear-regression_lin_reg.py_cleaned.png,0,1,0.379940927028656,0.620059072971344
fold2,989_v4_34_content_bsmorton_linked-list-python_linkedlist.py_cleaned.png,1,0,0.9516332894563675,0.04836671054363251
fold2,1098_33_content_sandyscoloski_GraphMatrixGenerator_kruskal_generator.py_cleaned.png,0,0,0.6686752140522003,0.3313247859477997
fold2,1621_56_content_RohanBose95_CommunityDetectionAlgorithmImplementation_CommunityDetectionAlgorithmOnKarateClubGraph.py_cleaned.png,0,0,0.6344419717788696,0.36555802822113037
fold2,1151_36_content_NabinAdhikari674_Study-on-Different-ML-Models-on-Housing-Dataset_pre_processor.py_cleaned.png,0,1,0.45775020122528076,0.5422497987747192
fold2,457_v4_1_content_farizrahman4u_huffmax_test_training_speed.py_cleaned.png,1,1,0.26777225732803345,0.7322277426719666
fold2,2031_7_content_udaram_Data-Structure_Doubly_linklist.py_cleaned.png,0,0,0.9304618388414383,0.0695381611585617
fold2,342_v4_17_content_jmullercuber_HackHarvard2k16_RedditScraper.py_cleaned.png,1,1,0.35567981004714966,0.6443201899528503
fold2,459_19_content_jamesnearn_sortDigitalCameraFiles_sortDigitalCameraFiles.py_cleaned.png,0,1,0.2687419652938843,0.7312580347061157
fold2,2164_8_content_rianlian7_FibonacciSequence-Python-Tk_Fibonacci_Sequence.py_cleaned.png,0,0,0.6703986823558807,0.32960131764411926
fold2,46_10_content_MBataille_encrypt-xor_encr.py_cleaned.png,0,0,0.7289625406265259,0.2710374593734741
fold2,124_v4_12_content_chiforbogdan_naive-bayes-reputation_satisfaction_humidity.py_cleaned.png,1,1,0.48009103536605835,0.5199089646339417
fold2,1668_v4_6_content_HananBahy_linkedLlist-and-selection-sort_sort_normal_list__linked_list.py_cleaned.png,1,1,0.32787197828292847,0.6721280217170715
fold2,125_11_content_yuvalkif_NaiveBayes_NaiveBayes.py_cleaned.png,0,1,0.46796178817749023,0.5320382118225098
fold2,1684_5_content_BenKalish42_Best-fit-Polynomial-Regression_nfoldpolyfit.py_cleaned.png,0,0,0.5425821840763092,0.4574178159236908
fold2,1866_6_content_psavery_quick_sort_quick_sort.py_cleaned.png,0,0,0.7939504086971283,0.2060495913028717
fold2,66_v4_11_content_Aprataksh_Python-Files_range_high.py_cleaned.png,1,1,0.3202241063117981,0.6797758936882019
fold2,817_26_content_JNorrie12_Optimization_Bsc.py_cleaned.png,0,0,0.7511994242668152,0.24880057573318481
fold2,1035_31_content_benarg_A_star-BFS-Dijkstra-algorithms_AI_assignment3_part2.py_cleaned.png,0,0,0.9255741760134697,0.0744258239865303
fold2,868_v4_2_content_Liu-WeiYi_Private_Preserving_Outlier_Behavior_Detection_utils.py_cleaned.png,1,1,0.24095451831817627,0.7590454816818237
fold2,1626_v4_68_content_ajitashree_Data_Mining_Algorithms_eclat.py_cleaned.png,1,1,0.1755191683769226,0.8244808316230774
fold2,389_v4_18_content_sudhanshugupta09_MS-Apriori_Algorithm_candidateGen.py_cleaned.png,1,0,0.6692080199718475,0.33079198002815247
fold2,1445_v4_54_content_wilrnh_oneoffs_file2mail.py_cleaned.png,1,1,0.3651554584503174,0.6348445415496826
fold2,261_v4_15_content_shahrukh-ak_Finding-the-standard-deviation-of-stores-sales-in-each-city._reducer_shahrukh_alam_khan_B.py_cleaned.png,1,0,0.5527591705322266,0.44724082946777344
fold2,1724_5_content_MadalinaMircea_GraphAlgorithms_StartApp.py_cleaned.png,0,0,0.8182631433010101,0.18173685669898987
fold2,1012_v4_35_content_mahfuzali_AzureRSAPy_receiver.py_cleaned.png,1,0,0.7219491899013519,0.27805081009864807
fold2,1042_v4_37_content_coertquinton_number_sequences_start.py_cleaned.png,1,1,0.3500828742980957,0.6499171257019043
fold2,497_1_content_colettebedoya_primsAndKruskal_mst.py_cleaned.png,0,0,0.9451826848089695,0.0548173151910305
fold2,514_v4_1_content_susheelsagar_LCSS_final_loader.py_cleaned.png,1,1,0.37832212448120117,0.6216778755187988
fold2,916_29_content_udwivedi394_binarySearchTree_binarySearchTree.py_cleaned.png,0,0,0.7781245559453964,0.22187544405460358
fold2,97_v4_11_content_po-oya_Emulated-Bellman-Ford-Algorithm_Router1.py_cleaned.png,1,1,0.24343597888946533,0.7565640211105347
fold2,1980_v4_92_content_paulfauthmayer_versopy_verso.py_cleaned.png,1,1,0.3604089021682739,0.6395910978317261
fold2,501_v4_1_content_sadnessFree_arima-lstm_arima-order.py_cleaned.png,1,0,0.7792278528213501,0.2207721471786499
fold2,129_12_content_AlejandroNavLuna_standard_deviation_of_complex_envelope_in_python_project_test.py_cleaned.png,0,0,0.7196820676326752,0.28031793236732483
fold2,198_v4_14_content_amanmehta-maniac_DistanceVectorRouting_or.py_cleaned.png,1,0,0.7746654599905014,0.2253345400094986
fold2,1064_32_content_DarylBui_webscraping_WebScraping.py_cleaned.png,0,0,0.5565454363822937,0.4434545636177063
fold2,1149_v4_3_content_iykadev_pyalgo_unknown_sorting_algo.py_cleaned.png,1,0,0.8264846056699753,0.17351539433002472
fold2,1388_v4_50_content_Jille_karafun-fair-scheduler_scheduler.py_cleaned.png,1,0,0.9736673012375832,0.02633269876241684
fold2,760_24_content_Najib-Haq_Sort-functions-analysis-with-Tensorflow_Training.py_cleaned.png,0,1,0.35623228549957275,0.6437677145004272
fold2,394_v4_18_content_TorugoH_quickSort_quick.py_cleaned.png,1,1,0.448383092880249,0.551616907119751
fold2,481_1_content_abx67_Algorithms_mergesort.py_cleaned.png,0,0,0.7377742230892181,0.26222577691078186
fold2,2027_7_content_syamkakarla98_PCA-On-IRIS-Dataset-With-Classification-Using-KNNC_pca_iris.py_cleaned.png,0,0,0.8528223186731339,0.14717768132686615
fold2,1304_v4_48_content_anowarh2514_Bubble-Sort-Algorithm-in-Python_Bubble_Sort_Algorithm.py_cleaned.png,1,0,0.5353853702545166,0.4646146297454834
fold2,1_v4_ 1_content_sadnessFree_arima-lstm_arima-order.py_cleaned.png,1,0,0.7972629517316818,0.20273704826831818
fold2,122_11_content_tatsuyoshi-ikenoue_fizzbuzz_fizzbuzz.py_cleaned.png,0,0,0.5864387154579163,0.41356128454208374
fold2,105_11_content_mskroar18_GraphWizard_Prim.py_cleaned.png,0,0,0.8429276496171951,0.15707235038280487
fold2,112_v4_11_content_Zoe327_Linear-Classification_project1_utilities.py_cleaned.png,1,1,0.3986942768096924,0.6013057231903076
fold2,532_1_content_jim-spyropoulos_Trajectory-Analysis-and-Classification-in-Python-Pandas-and-Scikit-Learn_down_left_point.py_cleaned.png,0,0,0.6629412472248077,0.33705875277519226
fold2,945_v4_31_content_tobymyers_codingthematrix_factoring_support.py_cleaned.png,1,0,0.8916603326797485,0.10833966732025146
fold2,429_18_content_o-az_Insertion-vs-Merge_MergeSort.py_cleaned.png,0,0,0.9676224663853645,0.03237753361463547
fold2,436_18_content_Saychakr13_CLUSTERING_MODELS_hc.py_cleaned.png,0,0,0.7564421445131302,0.2435578554868698
fold2,499_v4_1_content_rcorcs_apref_tests.py_cleaned.png,1,0,0.7184736728668213,0.2815263271331787
fold2,717_23_content_StellaLH_pco_darknoise_noise_analysis.py_cleaned.png,0,1,0.45613420009613037,0.5438657999038696
fold2,337_v4_17_content_henryfox_encryption_run.py_cleaned.png,1,0,0.6173524260520935,0.3826475739479065
fold2,1997_7_content_kanthagirish-rit_lcs-project_memoization.py_cleaned.png,0,0,0.5979129076004028,0.40208709239959717
fold2,2198_94_content_verma1997_Scraping-Scripts_indigo_offers.py_cleaned.png,0,1,0.4907968044281006,0.5092031955718994
fold2,1886_v4_84_content_rayjc_ml-pca-foreground-removal_removeForeground.py_cleaned.png,1,1,0.21128803491592407,0.7887119650840759
fold2,1955_79_content_s1ssagar_fibonacci-finding-easy_fibonacci-finding-easy.py_cleaned.png,0,0,0.7473478019237518,0.25265219807624817
fold2,584_v4_22_content_arnavdutta_Motion-Detection_motion_detection.py_cleaned.png,1,0,0.6540189385414124,0.34598106145858765
fold2,141_v4_12_content_MarynaTatsevich_Machine-Learning-Regression-Techniques_Polynomial_Regression.py_cleaned.png,1,0,0.7298708558082581,0.27012914419174194
fold2,688_22_content_thctds_Sorts1_insertionSort.py_cleaned.png,0,0,0.6221314966678619,0.37786850333213806
fold2,1278_3_content_jzwei023_LongestCommonSubsequence_lcs.py_cleaned.png,0,0,0.9016502425074577,0.09834975749254227
fold2,567_1_content_sadnessFree_arima-lstm_arima-order.py_cleaned.png,0,0,0.8725572824478149,0.12744271755218506
fold2,387_v4_18_content_Shweetz_TicTacToeSolver_solver.py_cleaned.png,1,0,0.6012634634971619,0.39873653650283813
fold2,661_v4_24_content_lesdev_SortingMethods_merge.py_cleaned.png,1,0,0.7655394077301025,0.23446059226989746
fold2,1663_5_content_AdamJacoby_Hopf_Example_DihedralGroup.py_cleaned.png,0,1,0.45796793699264526,0.5420320630073547
fold2,1302_v4_48_content_7e1ght_RSA_RSA_keys.py_cleaned.png,1,1,0.33424657583236694,0.6657534241676331
fold2,581_v4_22_content_ABHIJIT-13_Kruskal-MST_kruskal.py_cleaned.png,1,0,0.7004206776618958,0.29957932233810425
fold2,54_10_content_selden-lin_python_huffman_tree_decompressor_nodes.py_cleaned.png,0,1,0.3135643005371094,0.6864356994628906
fold2,1990_v4_94_content_verma1997_Scraping-Scripts_easemytrip_offers.py_cleaned.png,1,1,0.4102272391319275,0.5897727608680725
fold2,806_v4_29_content_MeriBalasanyan_Circular_Linked_List_circular_linked_list.py_cleaned.png,1,1,0.2776830792427063,0.7223169207572937
fold2,1692_v4_6_content_singh-sidharth_Longest-Common-Subsequence_LCS.py_cleaned.png,1,0,0.5837951004505157,0.41620489954948425
fold2,490_1_content_beekbin_bert-cosine-sim_prerun.py_cleaned.png,0,1,0.39453333616256714,0.6054666638374329
fold2,1215_v4_41_content_Daisy0828_Search_dgraph.py_cleaned.png,1,1,0.4324120283126831,0.5675879716873169
fold2,1531_v4_5_content_domodomodomo_binary_search_tree_graph.py_cleaned.png,1,1,0.2431856393814087,0.7568143606185913
fold2,541_1_content_jwan659_forex-arbitrage_Main.py_cleaned.png,0,0,0.5697996318340302,0.43020036816596985
fold2,671_v4_24_content_Najib-Haq_Sort-functions-analysis-with-Tensorflow_sorting_algos.py_cleaned.png,1,0,0.5896947085857391,0.41030529141426086
fold2,1650_59_content_mahmoudhossam_task-queue_db.py_cleaned.png,0,1,0.49252015352249146,0.5074798464775085
fold2,1339_v4_4_content_DebashishSarkarDurjoy_DoublyLinkedList_doublyLinkedList.py_cleaned.png,1,1,0.45995187759399414,0.5400481224060059
fold2,2044_v4_9_content_mohamedhossam07_rsa_encryption_keygen_extras.py_cleaned.png,1,0,0.8810758590698242,0.11892414093017578
fold2,1291_v4_46_content_suyash-sneo_rsa-wiener-attack_RSAkeys.py_cleaned.png,1,0,0.9404963739216328,0.05950362607836723
fold2,1861_v4_81_content_kiranathealea_regressionMachineLearning_polynomialregression.py_cleaned.png,1,0,0.6482950747013092,0.3517049252986908
fold2,2081_v4_v4_6_content_mayuri0192_Image-classification_log.py_cleaned.png,1,1,0.21549272537231445,0.7845072746276855
fold2,1925_75_content_mcsteve-e_project-4_4.01.py_cleaned.png,0,1,0.45826297998428345,0.5417370200157166
fold2,1439_v4_54_content_juancprzs_hierarchical-clustering-example_tutorial_python.py_cleaned.png,1,0,0.8518288433551788,0.14817115664482117
fold2,1369_43_content_CarlaLlama_XhosaBot-PhraseVarianceGenerator_faq_dataset.py_cleaned.png,0,1,0.25067299604415894,0.7493270039558411
fold2,1408_45_content_Janteby1_bubble_sort-copy_bubble_sort.py_cleaned.png,0,0,0.5182037651538849,0.4817962348461151
fold2,1274_3_content_iykadev_pyalgo_trabb_pardo_knuth_algo.py_cleaned.png,0,0,0.6087687611579895,0.3912312388420105
fold2,271_14_content_ToshikiShawn_Robust_PCA_via_ADMM_RPCA_ADMM.py_cleaned.png,0,0,0.7006547451019287,0.2993452548980713
fold2,1737_v4_75_content_mcsteve-e_project-4_4.01.py_cleaned.png,1,1,0.2548425793647766,0.7451574206352234
fold2,559_1_content_pranav-dahiya_NaiveBayes_spam_filter.py_cleaned.png,0,1,0.4312029480934143,0.5687970519065857
fold2,144_12_content_dandanpeng_ComputationalProteinDesign_run.py_cleaned.png,0,0,0.5566542744636536,0.44334572553634644
fold2,485_1_content_Aghabekyan_calculator-of-median-value_test.py_cleaned.png,0,1,0.47509151697158813,0.5249084830284119
fold2,970_2_content_Liu-WeiYi_Private_Preserving_Outlier_Behavior_Detection_community_main.py_cleaned.png,0,0,0.6222465336322784,0.37775346636772156
fold2,110_11_content_Patrick-Doucet_Elliptic-Curve-Cryptography_EllipticCurve.py_cleaned.png,0,0,0.6777170896530151,0.32228291034698486
fold2,2058_v4_9_content_wwlorey_one-time-pad_bin_otp_key_gen.py_cleaned.png,1,1,0.34245365858078003,0.65754634141922
fold2,260_14_content_LOOPPO_INS_MERGE_sort_insertionSort.py_cleaned.png,0,0,0.5942644774913788,0.4057355225086212
fold2,1539_50_content_cristend_spam_email_auto_run.py_cleaned.png,0,0,0.7046714723110199,0.2953285276889801
fold2,132_12_content_anapandza_ComputerNetworks_CRC-32.py_cleaned.png,0,0,0.7452989816665649,0.25470101833343506
fold2,1459_v4_56_content_joseph-njogu_Rabbitmq_worker.py_cleaned.png,1,0,0.6504289507865906,0.3495710492134094
fold2,156_v4_13_content_bhavuk0909_Apriori_Bhavuk_apriori.py_cleaned.png,1,1,0.4684898853302002,0.5315101146697998
fold2,1409_v4_52_content_albertbrook_simple-rsa_create_rsa.py_cleaned.png,1,0,0.8859651237726212,0.11403487622737885
fold2,2072_v4_v4_22_content_ABHISHEKVALSAN_Malayalam-Newspaper-Article-Dataset_MalayalamScraping.py_cleaned.png,1,1,0.24601846933364868,0.7539815306663513
fold2,2055_v4_9_content_Soumyabrata_predicting-pwv_read_matfile.py_cleaned.png,1,1,0.2682722210884094,0.7317277789115906
fold2,716_23_content_ryanarnouk_BinaryInsertionSort_index.py_cleaned.png,0,0,0.6813509166240692,0.3186490833759308
fold2,659_v4_24_content_lesdev_SortingMethods_BubbleSort.py_cleaned.png,1,1,0.3482432961463928,0.6517567038536072
fold2,1285_3_content_Lochanahasith_t-Distributed-Stochastic-Neighbor-Embedding-t-SNE-on-EC-dataset_tsne_with_ec.py_cleaned.png,0,0,0.6526887118816376,0.3473112881183624
fold2,547_v4_20_content_Shweetz_Connect4Solver_solver.py_cleaned.png,1,1,0.49818164110183716,0.5018183588981628
fold2,1736_60_content_michaelstrefeler_pyFibonacci_fibonacci.py_cleaned.png,0,0,0.9664926491677761,0.03350735083222389
fold2,1863_6_content_petronius_minotaur_dimensions.py_cleaned.png,0,0,0.9479468613862991,0.05205313861370087
fold2,1533_4_content_ssghule_Naive-Bayes-and-Bag-of-Words-for-Text-Classification-Problem_geolocate.py_cleaned.png,0,0,0.6115762293338776,0.38842377066612244
fold2,1633_v4_68_content_mazy1998_Machine-Learning-Polynomial-Regression_Stochastic_Gradient_Descent_Linear_Regression.py_cleaned.png,1,1,0.40061885118484497,0.599381148815155
fold2,1790_66_content_skallaje_Ranked-Information-Retrieval_test.py_cleaned.png,0,0,0.8871522843837738,0.1128477156162262
fold2,1048_31_content_sheffieldjordan_binarySearchTree_BST.py_cleaned.png,0,0,0.6777791678905487,0.3222208321094513
fold2,1554_v4_5_content_NuttySalmon_connecting_flights_start.py_cleaned.png,1,1,0.39864635467529297,0.601353645324707
fold2,1421_v4_52_content_RefaelBeker7_Sorting-Algorithms-Python_ExampleSort_sixDifference.py_cleaned.png,1,0,0.6104212403297424,0.38957875967025757
fold2,1950_79_content_lorenzo3117_python-sorting-scripts_heapSort.py_cleaned.png,0,0,0.7684279680252075,0.23157203197479248
fold2,1752_61_content_lgphone_delay-queue_timer.py_cleaned.png,0,0,0.52413010597229,0.47586989402770996
fold2,883_v4_2_content_Prateek-Bansal_Admission_Random_forest_classifier.py_cleaned.png,1,0,0.5769175589084625,0.4230824410915375
fold2,1020_v4_35_content_ZachDischner_FizzBuzz_fizzbuzz.py_cleaned.png,1,0,0.6756578683853149,0.32434213161468506
fold2,2110_88_content_andreaestrada_mazecrawler_singlePowerup.py_cleaned.png,0,1,0.41869282722473145,0.5813071727752686
fold2,1388_44_content_eastxe_cosine-knn_knn.py_cleaned.png,0,0,0.5752546787261963,0.4247453212738037
fold2,2038_v4_9_content_jeffwang0516_Frequent-Itemset-Mining_eclat.py_cleaned.png,1,1,0.34807878732681274,0.6519212126731873
fold2,310_15_content_udwivedi394_LinkedList_convertBT2LL.py_cleaned.png,0,0,0.9539390355348587,0.046060964465141296
fold2,52_v4_10_content_stensonowen_factorial_bot_atoi.py_cleaned.png,1,0,0.6406712234020233,0.3593287765979767
fold2,695_v4_25_content_dmoshayof_ML-Deep_Network_loglinear.py_cleaned.png,1,0,0.6686718761920929,0.3313281238079071
fold2,1122_35_content_ethiersamuel_Geospatial-data-classification_tests.py_cleaned.png,0,1,0.2575492262840271,0.7424507737159729
fold2,2194_94_content_UniqueRoHo_NaiveBayes_Continuous.py_cleaned.png,0,0,0.9055295437574387,0.09447045624256134
fold2,154_v4_13_content_AtahanCelebi_En-K-sa-Yol_warshall.py_cleaned.png,1,1,0.37181639671325684,0.6281836032867432
fold2,1253_v4_44_content_CNTexas_Chinese-Text-Classification_segment2Bunch.py_cleaned.png,1,1,0.43983906507492065,0.5601609349250793
fold2,1975_7_content_DMDarkness_Data-mining_Example_pyfpgrowth_fp2ar.py_cleaned.png,0,0,0.8790857046842575,0.12091429531574249
fold2,1844_6_content_gionanide_Cryptography_encrypt_Image_sha256.py_cleaned.png,0,0,0.6286723017692566,0.3713276982307434
fold2,503_v4_1_content_sadnessFree_arima-lstm_data_review.py_cleaned.png,1,0,0.7356958985328674,0.26430410146713257
fold2,1405_v4_51_content_rrnarayan1_one-big-thing-backend_app.py_cleaned.png,1,1,0.33385658264160156,0.6661434173583984
fold2,1387_44_content_CppbetterC_A-Star_Heap.py_cleaned.png,0,1,0.2909088134765625,0.7090911865234375
fold2,300_15_content_meghanagabhushan_DijkstraAlgorithm_main.py_cleaned.png,0,0,0.6179152429103851,0.38208475708961487
fold2,652_v4_24_content_elllot_CurrencyArbitrage_Scraper.py_cleaned.png,1,1,0.3495200276374817,0.6504799723625183
fold2,15_10_content_awaisakram64_Statistic_operat_operation.py_cleaned.png,0,0,0.5749141275882721,0.4250858724117279
fold2,357_16_content_QueraltSM_HospitalShortestPath_main.py_cleaned.png,0,1,0.37240707874298096,0.627592921257019
fold2,37_v4_10_content_kllinzy_Elliptic-Curve-Cryptography_ecc.py_cleaned.png,1,1,0.25260812044143677,0.7473918795585632
fold2,1627_57_content_mercury0100_pynb_pynb.py_cleaned.png,0,0,0.7504686266183853,0.24953137338161469
fold2,1502_v4_5_content_adityadas8888_Naive-Bayes_naive_bayes.py_cleaned.png,1,1,0.23925715684890747,0.7607428431510925
fold2,163_v4_13_content_dannbleeker_SearchForPrimeNumbers_timerForIsPrime.py_cleaned.png,1,1,0.45093196630477905,0.549068033695221
fold2,807_v4_29_content_MEShufengRen_path_search_debug2.py_cleaned.png,1,1,0.20230412483215332,0.7976958751678467
fold2,2021_7_content_sambiak_Codage-de-Huffman_v2.py_cleaned.png,0,1,0.311387300491333,0.688612699508667
fold2,1861_6_content_muhammadhabibi_CBS01_Main.py_cleaned.png,0,0,0.5097382366657257,0.4902617633342743
fold2,1946_79_content_bmiller19_QuickDFSFootballAnalyzer_QuickDFSFootballMatchupAnalyzer.py_cleaned.png,0,1,0.4920887351036072,0.5079112648963928
fold2,737_24_content_cagrias_django-rabbitmq-celery-docker-example_manage.py_cleaned.png,0,0,0.5517689287662506,0.4482310712337494
fold2,1011_30_content_mtony75_isItPrime_main.py_cleaned.png,0,0,0.8986408114433289,0.10135918855667114
fold2,1235_v4_43_content_aabs_edx-ai-week11-project_Tests.py_cleaned.png,1,0,0.5251287817955017,0.4748712182044983
fold2,1933_v4_8_content_amit0-git_simple-python-program_English-alphabets.py_cleaned.png,1,0,0.8451984375715256,0.15480156242847443
fold2,532_v4_20_content_DanielKrolopp_Sieves_Eratosthenes.py_cleaned.png,1,1,0.4220119118690491,0.5779880881309509
fold2,226_13_content_zerolxf_VRL-SGD_process_text.py_cleaned.png,0,1,0.22975820302963257,0.7702417969703674
fold2,1642_58_content_yaroslava-tkachuk_quicksort_accelerated_quicksort_accelerated.py_cleaned.png,0,0,0.7645454257726669,0.23545457422733307
fold2,1162_37_content_TolgaGolet_CPU-Scheduling-Algorithms-Simulation_OperatingSystems_CPUSchedulingReverse.py_cleaned.png,0,0,0.783547043800354,0.216452956199646
fold2,1857_6_content_mmcetindag_ShortestPathAlgorithms_bellman-ford.py_cleaned.png,0,0,0.8529266268014908,0.14707337319850922
fold2,33_10_content_ivanbgd_Self-Balancing-Binary-Search-Trees_Test_BST_Iterative.py_cleaned.png,0,0,0.9578179940581322,0.04218200594186783
fold2,2099_86_content_Enkhai_simple-DES_encryption.py_cleaned.png,0,1,0.24083614349365234,0.7591638565063477
fold2,424_v4_19_content_walter090_cluster_runner.py_cleaned.png,1,1,0.3832005262374878,0.6167994737625122
fold2,1511_4_content_mincanhe_Network-routing-protocol_Dijkstra.py_cleaned.png,0,1,0.3766336441040039,0.6233663558959961
fold2,735_24_content_Brew8it_Python_DHAES_client.py_cleaned.png,0,0,0.6138343811035156,0.3861656188964844
fold2,1927_75_content_yaroslava-tkachuk_quicksort_accelerated_quicksort_accelerated.py_cleaned.png,0,0,0.7645454257726669,0.23545457422733307
fold2,1894_v4_85_content_Dimildizio_pyqt_traincars_sort_cars_coal.py_cleaned.png,1,1,0.2421209216117859,0.7578790783882141
fold2,1274_v4_45_content_ilkayDevran_Analysis_of_Sorting_Algorithms_pyplot.py_cleaned.png,1,1,0.46738094091415405,0.532619059085846
fold2,141_12_content_chiforbogdan_naive-bayes-reputation_satisfaction_humidity.py_cleaned.png,0,1,0.4806540012359619,0.5193459987640381
fold2,710_v4_25_content_unifiprojects_TemporalGraphs_DFS-v1.py_cleaned.png,1,1,0.33601242303848267,0.6639875769615173
fold2,555_v4_21_content_bentoro_7402_Ass3_otp.py_cleaned.png,1,1,0.28943634033203125,0.7105636596679688
fold2,812_26_content_faisalkhan91_Dijkstras-Algorithm_DijkstrasAlgo.py_cleaned.png,0,0,0.5632174015045166,0.4367825984954834
fold2,1475_v4_58_content_Deborah-byte_data-strictures-and-algorithms_binary-search-tree-algo.py_cleaned.png,1,0,0.6478293240070343,0.3521706759929657
fold2,1556_v4_5_content_shinjikato_gp_for_prime_number_base.py_cleaned.png,1,1,0.37811368703842163,0.6218863129615784
fold2,125_v4_12_content_croiden_successive-prime-numbers_generatePrime.py_cleaned.png,1,0,0.7528270483016968,0.24717295169830322
fold2,1490_v4_59_content_orzinger_8-Puzzle-game_World_State.py_cleaned.png,1,1,0.49518924951553345,0.5048107504844666
fold2,1696_5_content_dobrosketchkun_IV-chat_input_IVchat.py_cleaned.png,0,0,0.5805405378341675,0.4194594621658325
fold2,739_v4_27_content_aferaudo_xor_keyobtainer_xor_keyobtainer.py_cleaned.png,1,1,0.35911619663238525,0.6408838033676147
fold2,1112_v4_3_content_iykadev_pyalgo_ackermann_func.py_cleaned.png,1,0,0.7981593161821365,0.20184068381786346
fold2,1063_32_content_clee1994_MasterThesis_port_opt.py_cleaned.png,0,0,0.6129130423069,0.3870869576931
fold2,605_20_content_higirodj_Dijkstra_dijkstra.py_cleaned.png,0,1,0.33826708793640137,0.6617329120635986
fold2,1170_v4_3_content_pombredanne_string-alignment_localAlignment.py_cleaned.png,1,0,0.6130949258804321,0.38690507411956787
fold2,1967_7_content_codingple_UAVPathPlanning_path.py(1)_cleaned.png,0,1,0.3809930086135864,0.6190069913864136
fold2,636_21_content_detsikas_PCA_pca_example.py_cleaned.png,0,0,0.6129607558250427,0.3870392441749573
fold2,1769_v4_7_content_aira26_HomeWork3_bubblesortclass.py_cleaned.png,1,1,0.2446116805076599,0.7553883194923401
fold2,814_v4_29_content_TheJaeLal_apriori_apriori.py_cleaned.png,1,1,0.22840845584869385,0.7715915441513062
fold2,707_23_content_HakimdarC_Fibonacci-Sequence_fibfirst.py_cleaned.png,0,0,0.8207219392061234,0.17927806079387665
fold2,1438_v4_54_content_gly11_Sort_sort_numbers.py_cleaned.png,1,1,0.41559910774230957,0.5844008922576904
fold2,524_1_content_ilmanzo666_quadtree-image-decomposition_pyImgQuadTree.py_cleaned.png,0,0,0.7067084014415741,0.2932915985584259
fold2,1103_33_content_wpaturaj_FuzzyKNN_Sample_read.py_cleaned.png,0,1,0.49831098318099976,0.5016890168190002
fold2,1057_31_content_tobymyers_codingthematrix_vecutil.py_cleaned.png,0,0,0.694840133190155,0.30515986680984497
fold2,1413_45_content_vdanny_bst-python_binary_search_tree.py_cleaned.png,0,0,0.5788619220256805,0.42113807797431946
fold2,1594_v4_64_content_YifeiY_Depth-of-BTS_BTS_Depth.py_cleaned.png,1,1,0.3826506733894348,0.6173493266105652
fold2,762_v4_28_content_alexanderogle_Enigma_Machine_em_functions.py_cleaned.png,1,1,0.34163767099380493,0.6583623290061951
fold2,2102_86_content_kartik31_Cryptocurrency-Market-Predictor_lstm.py_cleaned.png,0,0,0.7040690779685974,0.2959309220314026
fold2,690_23_content_abdullahwaqar_docsearx_pdf_reader.py_cleaned.png,0,0,0.6537155210971832,0.3462844789028168
fold2,1778_v4_7_content_codingple_UAVPathPlanning_path.py_cleaned.png,1,1,0.22416359186172485,0.7758364081382751
fold2,823_26_content_naviechan_sortingAlgorithmDemo_selectionSort.py_cleaned.png,0,1,0.37578219175338745,0.6242178082466125
fold2,1803_67_content_wishuhere_AES-encryption-by-python_very_sign.py_cleaned.png,0,1,0.24268615245819092,0.7573138475418091
fold2,1818_69_content_IhorVodko_NYCDSA_WebScraping_project_Data_transfrmtion.py_cleaned.png,0,0,0.7395178079605103,0.26048219203948975
fold2,872_v4_2_content_mhiratsuka_selectionSortPython_selectionSort.py_cleaned.png,1,0,0.6933559477329254,0.3066440522670746
fold2,1969_v4_8_content_ynewton_variance_filter_filter_out_lowest_varying_genes.py_cleaned.png,1,1,0.1716468334197998,0.8283531665802002
fold2,1157_37_content_baptiste0928_userinfo-bot_main.py_cleaned.png,0,0,0.8038913756608963,0.1961086243391037
fold2,46_v4_10_content_poku18_CE_III_06_Lab2_lab2.py_cleaned.png,1,1,0.40549856424331665,0.5945014357566833
fold2,1924_75_content_maxilevi_airport-system_graph.py_cleaned.png,0,0,0.7186161577701569,0.28138384222984314
fold2,2065_v4_v4_14_content_gravelund-gis_MapSorter_KMeans_analysis.py_cleaned.png,1,1,0.44228875637054443,0.5577112436294556
fold2,1467_v4_57_content_mercury0100_pynb_pynb.py_cleaned.png,1,1,0.47811079025268555,0.5218892097473145
fold2,1484_4_content_fcunhaneto_py-binary-trees-draw_handletrees.py_cleaned.png,0,0,0.8226676136255264,0.17733238637447357
fold2,985_v4_33_content_sandyscoloski_GraphMatrixGenerator_kruskal_generator.py_cleaned.png,1,0,0.5327564179897308,0.46724358201026917
fold2,1303_v4_48_content_andrewdoanutz_NaiveBayesClassifier_NaiveBayesClassifier.py_cleaned.png,1,1,0.2664831876754761,0.7335168123245239
fold2,1889_v4_85_content_asifraza-sonu_Polynomial-regression-Ridge-regression-Lasso-Regression_2018AIML551_lasso_part_d.py_cleaned.png,1,1,0.37578147649765015,0.6242185235023499
fold2,2147_8_content_harshithachidanand_Elliptic-Curve-Cryptography_pollard_rho.py_cleaned.png,0,0,0.7011533677577972,0.29884663224220276
fold2,1590_v4_64_content_AhmadMamduhh_Data-Mining-Project_clustering.py_cleaned.png,1,1,0.3271218538284302,0.6728781461715698
fold2,460_v4_1_content_Gopal9028_Longest-Common-Subsequence-using-MPI_lcs_using_MPI.py_cleaned.png,1,0,0.6535051167011261,0.3464948832988739
fold2,339_v4_17_content_j2colaco_stock_anomaly_stock_functions.py_cleaned.png,1,1,0.22384363412857056,0.7761563658714294
fold2,1767_64_content_coronary_makerHubTool_testSheets.py_cleaned.png,0,0,0.5767886340618134,0.42321136593818665
fold2,1780_v4_7_content_deawpic_math01_compute2.py_cleaned.png,1,0,0.7208020091056824,0.2791979908943176
fold2,988_2_content_Prateek-Bansal_Admission_naive_bayes.py_cleaned.png,0,0,0.8475852012634277,0.15241479873657227
fold2,219_v4_14_content_lisha1992_KNN-Clasify_handWritingClassify.py_cleaned.png,1,1,0.2017308473587036,0.7982691526412964
fold2,213_13_content_Pedinpsy_-inverted-index-search_hash.py_cleaned.png,0,0,0.5543956160545349,0.4456043839454651
fold2,440_18_content_sudhanshugupta09_MS-Apriori_Algorithm_functions.py_cleaned.png,0,0,0.9785342775285244,0.0214657224714756
fold2,1147_v4_3_content_iykadev_pyalgo_spiral_matrix.py_cleaned.png,1,1,0.43891310691833496,0.561086893081665
fold2,1495_v4_5_content_aaronzira_apriori_miner.py_cleaned.png,1,1,0.33249008655548096,0.667509913444519
fold2,1098_v4_3_content_coreymyster_linked-lists_stack.py_cleaned.png,1,0,0.6052567064762115,0.39474329352378845
fold2,923_v4_31_content_alexthejewell_photo_sorter_get_photo_data.py_cleaned.png,1,1,0.18935739994049072,0.8106426000595093
fold2,2009_7_content_motazsaad_comparable-text-miner_aligning-docs-by-interlinks-demo.py_cleaned.png,0,0,0.6645041108131409,0.33549588918685913
fold2,2067_v4_v4_1_content_mikekestemont_pandora_unseen.py_cleaned.png,1,1,0.2111472487449646,0.7888527512550354
fold2,1545_50_content_mrdonkada_nba-dfs_opensql.py_cleaned.png,0,0,0.6894310116767883,0.31056898832321167
fold2,1732_v4_74_content_Pratik08_prox-svrg_stats.py_cleaned.png,1,1,0.33842748403549194,0.6615725159645081
fold2,1930_76_content_sangeeta97_web-scraping_ctri_cleaning.py_cleaned.png,0,1,0.2691841125488281,0.7308158874511719
fold2,1128_35_content_jfwhite_CourseSelection_interact_with_user.py_cleaned.png,0,0,0.7564371675252914,0.24356283247470856
fold2,1066_32_content_jtuckerk_oscar_prediction_full_featureset_prediction.py_cleaned.png,0,1,0.39316070079803467,0.6068392992019653
fold2,231_v4_14_content_tusizi_document-analysis_jieba_cut_document_to_vocabulary_without_stopword.py_cleaned.png,1,0,0.5905047953128815,0.40949520468711853
fold2,1244_3_content_iykadev_pyalgo_binaryTree.py_cleaned.png,0,0,0.9626041352748871,0.037395864725112915
fold2,668_22_content_ayush-garg341_skill_recommendation_preprocess.py_cleaned.png,0,0,0.6956394910812378,0.3043605089187622
fold2,1009_30_content_manojrameshrao_machine-learning-iris_iris_web3.py_cleaned.png,0,1,0.4107130765914917,0.5892869234085083
fold2,1928_v4_8_content_aboood40091_BFSTM-to-BFWAV_conv.py_cleaned.png,1,1,0.24983865022659302,0.750161349773407
fold2,159_v4_13_content_chandimajayawickrama_Simple-Sorting-Algorithms_selection_sort.py_cleaned.png,1,1,0.40244853496551514,0.5975514650344849
fold2,244_14_content_atakanipekci_QuickSortLomutoAndHoare_quickSortsComp.py_cleaned.png,0,0,0.9704546015709639,0.02954539842903614
fold2,1804_v4_7_content_kanthagirish-rit_lcs-project_hlcs.py_cleaned.png,1,1,0.37870651483535767,0.6212934851646423
fold2,763_v4_28_content_bangarangler_binary_search_trees_binary_search_trees.py_cleaned.png,1,0,0.5405703783035278,0.45942962169647217
fold2,634_v4_23_content_ryanarnouk_BinaryInsertionSort_index.py_cleaned.png,1,1,0.4972086548805237,0.5027913451194763
fold2,41_10_content_ko-hii_EASY-Elliptic-curve-cryptography_decryption.py_cleaned.png,0,1,0.34684568643569946,0.6531543135643005
fold2,207_v4_14_content_BalaMungala_GroceryRecommendations-Association_Market_Basket_Optimisation.py_cleaned.png,1,0,0.5651871263980865,0.43481287360191345
fold2,2011_7_content_natiqvahabov_stop_words_of_azerbaijani_extract.py_cleaned.png,0,0,0.5752423405647278,0.4247576594352722
fold2,2240_9_content_emmanuj_mst-solver_edge.py_cleaned.png,0,0,0.6615142524242401,0.3384857475757599
fold2,308_v4_16_content_nbui151_K-Nearest-Neighbors-Implementation_nearest_neighbors.py_cleaned.png,1,1,0.18677330017089844,0.8132266998291016
fold2,1341_41_content_chaohstat_FGWAS_2_bstp.py_cleaned.png,0,0,0.5118586122989655,0.48814138770103455
fold2,6_10_content_adrianvellamlt_Quick-Sort---Insertion-Sort_quicksort.py_cleaned.png,0,0,0.6246083676815033,0.3753916323184967
fold2,1246_v4_43_content_pkonowrocki_Neural-network_csvReader.py_cleaned.png,1,1,0.32199984788894653,0.6780001521110535
fold2,406_17_content_txrp0x9_py_prime_number_primeno.py_cleaned.png,0,0,0.8326347172260284,0.16736528277397156
fold2,1263_3_content_iykadev_pyalgo_orderedSequentialSearch.py_cleaned.png,0,0,0.8305696249008179,0.16943037509918213
fold2,87_11_content_jvpessoa10_Diffie-Hellman_getIp.py_cleaned.png,0,0,0.6114313304424286,0.3885686695575714
fold2,1397_v4_51_content_adityapatelgithub_Expressions-and-Functions_peekable.py_cleaned.png,1,0,0.6148973405361176,0.38510265946388245
fold2,2120_v5_v4_10_content_mahimagupta_NLP-Research-Project-_supervisedLearner.py_cleaned.png,1,1,0.21709227561950684,0.7829077243804932
fold2,531_v4_20_content_Cassar88226_Clustering_of_Articles_corpus.py_cleaned.png,1,1,0.383392870426178,0.616607129573822
fold2,1961_v4_8_content_rianlian7_FibonacciSequence-Python-Tk_Fibonacci_Sequence.py_cleaned.png,1,1,0.2721695899963379,0.7278304100036621
fold2,1661_v4_6_content_gionanide_Cryptography_ECC_DH_key_exchange.py_cleaned.png,1,1,0.48491162061691284,0.5150883793830872
fold2,534_1_content_jim-spyropoulos_Trajectory-Analysis-and-Classification-in-Python-Pandas-and-Scikit-Learn_grid_points.py_cleaned.png,0,0,0.5748148858547211,0.42518511414527893
fold2,2203_95_content_subhradipmukherjee_Movie-prediction-using-M.L_moviepredict_cosine_similarity_.py_cleaned.png,0,0,0.9030236527323723,0.09697634726762772
fold2,361_v4_18_content_abellakr_indeed-job-search-python-script_indeed.py_cleaned.png,1,1,0.4915408492088318,0.5084591507911682
fold2,1702_5_content_DvorakSimon_divisibility_DivisionBySeven.py_cleaned.png,0,0,0.6245714724063873,0.37542852759361267
fold2,1344_41_content_EdmundMartin_Indigestion_ingestion_engine.py_cleaned.png,0,1,0.362650990486145,0.637349009513855
fold2,97_11_content_liam-han_all-pairs-shortest-path_py.py_cleaned.png,0,0,0.9496152102947235,0.05038478970527649
fold2,1046_v4_38_content_artigupt_Clustering-Algorithms_final_dbscan.py_cleaned.png,1,1,0.22837990522384644,0.7716200947761536
fold2,830_v4_2_content_cardwizard_EllipticCurves_math_helpers.py_cleaned.png,1,0,0.5012845098972321,0.49871549010276794
fold2,1992_7_content_jimmygzp_bellman-ford_testserver.py_cleaned.png,0,0,0.6828157901763916,0.3171842098236084
fold2,784_v4_28_content_zamb66_StockDataCovariance_StockDataCovariance.py_cleaned.png,1,1,0.22571688890457153,0.7742831110954285
fold2,2124_v5_v4_14_content_gravelund-gis_MapSorter_KMeans_analysis.py_cleaned.png,1,1,0.3811946511268616,0.6188053488731384
fold2,1956_v4_8_content_LockGit_Py_svm.py_cleaned.png,1,1,0.24680191278457642,0.7531980872154236
fold2,1520_v4_5_content_brown9804_Python_DiversosAlgortimos_Maquina_Atwood.py_cleaned.png,1,1,0.35922348499298096,0.640776515007019
fold2,795_25_content_ryansmick_SortedOrderedDict_PersistentDict.py_cleaned.png,0,1,0.29846930503845215,0.7015306949615479
fold2,1890_v4_85_content_asifraza-sonu_Polynomial-regression-Ridge-regression-Lasso-Regression_2018AIML551_ridge_part_d.py_cleaned.png,1,1,0.3714544177055359,0.6285455822944641
fold2,616_v4_23_content_binaya07_8-puzzle_queue.py_cleaned.png,1,0,0.5189669728279114,0.4810330271720886
fold2,2078_84_content_NickKessidis_Advanced-Encryption-Standards___main__.py_cleaned.png,0,0,0.716660887002945,0.28333911299705505
fold2,259_14_content_lisha1992_KNN-Clasify_KNN_datingExample.py_cleaned.png,0,0,0.6100051701068878,0.3899948298931122
fold2,951_v4_32_content_AdarshRavikumar_Apriori-Algorithm_AprStub.py_cleaned.png,1,1,0.2610059380531311,0.7389940619468689
fold2,810_v4_29_content_rahuljohnny_Bangla_OCR_Using_KNN_class_contour.py_cleaned.png,1,0,0.5312948226928711,0.4687051773071289
fold2,968_v4_33_content_apoorvpatne10_Hierarchical-clustering_hc.py_cleaned.png,1,1,0.3257446885108948,0.6742553114891052
fold2,281_v4_16_content_aplested_verify_file_tools.py_cleaned.png,1,1,0.4296514391899109,0.5703485608100891
fold2,1174_v4_3_content_riteshkasat_Community-Detection-Algorithm_detect_community.py_cleaned.png,1,1,0.21785199642181396,0.782148003578186
fold2,235_v4_14_content_zhongraymond_Selection-Sort_RZ_Selection_Sort.py_cleaned.png,1,0,0.8086264282464981,0.1913735717535019
fold2,32_10_content_iJohnMaged_Huffman-Coding_fileIO.py_cleaned.png,0,0,0.9121543318033218,0.08784566819667816
fold2,60_10_content_Suji04_ML-Clustering_hccluster.py_cleaned.png,0,0,0.7588332295417786,0.24116677045822144
fold2,702_23_content_cjonsmith_prime_prime.py_cleaned.png,0,0,0.8127247244119644,0.18727527558803558
fold2,1373_43_content_kimkoech_perf-pin-output-parsing-tools_pin_output_analysis.py_cleaned.png,0,0,0.5171560645103455,0.48284393548965454
fold2,667_22_content_ayush-garg341_skill_recommendation_database.py_cleaned.png,0,0,0.8364194929599762,0.1635805070400238
fold2,1364_42_content_Y-Kuro-u_RSA_python_rsa_encription.py_cleaned.png,0,0,0.588011234998703,0.411988765001297
fold2,179_13_content_bhavuk0909_Apriori_Bhavuk_apriori.py_cleaned.png,0,0,0.8129156976938248,0.18708430230617523
fold2,1626_57_content_kapilggg10_Plagiarism-checker-nltk_plag_training.py_cleaned.png,0,0,0.6258514225482941,0.37414857745170593
fold2,1612_55_content_taksug229_Python-hierarchical-clustering_Working_Data_Hierarchical_Clustering.py_cleaned.png,0,0,0.7622259706258774,0.23777402937412262
fold2,183_13_content_ctao5660_huffman-tree_huffmancompression.py_cleaned.png,0,0,0.898385114967823,0.10161488503217697
fold2,39_10_content_kllinzy_Elliptic-Curve-Cryptography_point.py_cleaned.png,0,0,0.8257115334272385,0.17428846657276154
fold2,916_v4_30_content_thomasjedstrom_Bubble_Sort_Selection_Sort.py_cleaned.png,1,0,0.5136489570140839,0.48635104298591614
fold2,554_v4_21_content_AntonisFK_selection_sort_python_selectionSort.py_cleaned.png,1,1,0.48862332105636597,0.511376678943634
fold2,217_13_content_santyias87_Webscrape_webscrape_categories.py_cleaned.png,0,1,0.23876434564590454,0.7612356543540955
fold2,282_v4_16_content_apriven_linked_lists_scratch.py_cleaned.png,1,1,0.47101324796676636,0.5289867520332336
fold2,80_v4_11_content_Koushikmc_Knn-Classifier_Knn.py_cleaned.png,1,1,0.2652105689048767,0.7347894310951233
fold2,1753_62_content_agvaibhav_Binary-tree_delete-node.py_cleaned.png,0,0,0.9468915238976479,0.05310847610235214
fold2,350_16_content_NB-prog_INTERN-2019_Model.py_cleaned.png,0,1,0.302412211894989,0.697587788105011
fold2,1510_v4_5_content_anguillanneuf_bigO_17_island_count.py_cleaned.png,1,0,0.9455961212515831,0.0544038787484169
fold2,2037_v4_9_content_jeffwang0516_Frequent-Itemset-Mining_apriori.py_cleaned.png,1,1,0.37555408477783203,0.624445915222168
fold2,1601_54_content_ramankh_CommodityPrice_getCommodityPrice.py_cleaned.png,0,0,0.9067291393876076,0.09327086061239243
fold2,885_29_content_ArpithaMalavalli_RSA-Encryption_check2.py_cleaned.png,0,0,0.9688498228788376,0.031150177121162415
fold2,1791_66_content_Talon-Zhang_Naive-Bayes_reader.py_cleaned.png,0,0,0.7057584822177887,0.2942415177822113
fold2,2094_86_content_bahtibyte_RSA-Decryption_decipherN.py_cleaned.png,0,0,0.5263681709766388,0.4736318290233612
fold2,443_v4_1_content_DanShai_kernalized-tsne_main.py_cleaned.png,1,0,0.5149728953838348,0.48502710461616516
fold2,1583_52_content_worldofnick_Wikipedia-Mining_wiki_prepare.py_cleaned.png,0,1,0.45973747968673706,0.5402625203132629
fold2,1184_v4_3_content_tusizi_document-analysis_mllib_tfidf_with_stopword.py_cleaned.png,1,1,0.42504316568374634,0.5749568343162537
fold2,1328_v4_49_content_ybakos_cs261-tdd-priority-queue_test_job.py_cleaned.png,1,0,0.6603570282459259,0.3396429717540741
fold2,58_v4_10_content_zpeterg_bmig_5003_count_words_getFile_test.py_cleaned.png,1,1,0.2289656400680542,0.7710343599319458
fold2,2126_8_content_aboood40091_BFSTM-to-BFWAV_conv.py_cleaned.png,0,0,0.7061713337898254,0.29382866621017456
fold2,1242_3_content_iykadev_pyalgo_babil_square_root.py_cleaned.png,0,0,0.7676121443510056,0.23238785564899445
fold2,1399_v4_51_content_Hossam86_PCA_pca.py_cleaned.png,1,0,0.7068179249763489,0.2931820750236511
fold2,86_11_content_jvpessoa10_Diffie-Hellman_DHCalculator.py_cleaned.png,0,0,0.6304509043693542,0.36954909563064575
fold2,744_v4_27_content_dfpena_KoiWebScrapingExample_ScrapeUrlTable2Pandas.py_cleaned.png,1,0,0.8376039266586304,0.16239607334136963
fold2,450_19_content_BhargavAllarapu_Binary-Search-tree_binarySearchTree.py_cleaned.png,0,0,0.6894622445106506,0.31053775548934937
fold2,317_v4_16_content_spkywood_DocVectorizations_VVID_Test_2.py_cleaned.png,1,1,0.42256224155426025,0.5774377584457397
fold2,964_2_content_judeisnotobscure_linked_list_linked_list.py_cleaned.png,0,0,0.945116251707077,0.054883748292922974
fold2,328_16_content_arifromadhan19_LinkedList_simple_linked_list.py_cleaned.png,0,0,0.6608917117118835,0.33910828828811646
fold2,1963_v4_8_content_thingumajig_weighted_lcs_patterns.py_cleaned.png,1,1,0.19772231578826904,0.802277684211731
fold2,1249_3_content_iykadev_pyalgo_deepFirstSearch.py_cleaned.png,0,1,0.4496353268623352,0.5503646731376648
fold2,1033_31_content_anowarh2514_Selection-Sort-Algorithm-in-Python_Selection_Sort.py_cleaned.png,0,0,0.8103489726781845,0.1896510273218155
fold2,640_v4_23_content_TuckerStewart98_LinkedList_MyLinkedList.py_cleaned.png,1,1,0.4987739324569702,0.5012260675430298
fold2,307_15_content_sharonWU0505_Hierarchical-Clustering-of-Facebook-Fan-Pages_Preprocess_tf.py_cleaned.png,0,1,0.41391676664352417,0.5860832333564758
fold2,893_v4_2_content_varun10221_ARIMA-model_s_and_p.py_cleaned.png,1,0,0.5520602464675903,0.44793975353240967
fold2,1001_v4_34_content_subhendu01_Web-Scraping_imdb_multi_pagescapping.py_cleaned.png,1,0,0.6363701820373535,0.3636298179626465
fold2,1871_6_content_satssehgal_WebScraping_Heroku_scraper.py_cleaned.png,0,0,0.6879655420780182,0.3120344579219818
fold2,635_21_content_danielleos_Fibonacci-Generator_main.py_cleaned.png,0,0,0.8851467296481133,0.11485327035188675
fold2,1256_v4_44_content_eastxe_cosine-knn_knn.py_cleaned.png,1,1,0.2882075309753418,0.7117924690246582
fold2,1406_v4_51_content_rrraharja_Kecerdasan-Buatan-AI_Project_DFS.py_cleaned.png,1,1,0.4303376078605652,0.5696623921394348
fold2,2033_7_content_usbogie_MSTcreator_Sollins.py_cleaned.png,0,0,0.7203375995159149,0.2796624004840851
fold2,159_12_content_nidhigup01_Quick-sort_quick_sort.py_cleaned.png,0,0,0.6420641839504242,0.3579358160495758
fold2,2014_v4_99_content_kjchoi10_slr_slr_boosted.py_cleaned.png,1,1,0.3047139048576355,0.6952860951423645
fold2,737_v4_26_content_talhakerpicci_sahibinden-house-checker_house_database.py_cleaned.png,1,0,0.63392573595047,0.36607426404953003
fold2,572_v4_21_content_PyEldar_PyMazeSolver_maze_solve.py_cleaned.png,1,0,0.5042323768138885,0.49576762318611145
fold2,1538_50_content_bharavi15_FileEncrypter_FileEncrypter.py_cleaned.png,0,1,0.4081125855445862,0.5918874144554138
fold2,1777_v4_7_content_codingple_UAVPathPlanning_path.py(1)_cleaned.png,1,1,0.26193666458129883,0.7380633354187012
fold2,587_1_content_susheelsagar_LCSS_temp.py_cleaned.png,0,0,0.8322723656892776,0.16772763431072235
fold2,2053_81_content_kiranathealea_regressionMachineLearning_linearregression_final.py_cleaned.png,0,1,0.45582425594329834,0.5441757440567017
fold2,651_21_content_rahul494_Mental-Health-On-Twitter-Analysis_relevant_tweet_filter.py_cleaned.png,0,0,0.6686288118362427,0.3313711881637573
fold2,1845_v4_7_content_yicheng-w_70Factorial_app.py_cleaned.png,1,1,0.27132076025009155,0.7286792397499084
fold2,940_v4_31_content_sbahaddi_ft_linear_regression_train.py_cleaned.png,1,1,0.39633554220199585,0.6036644577980042
fold2,1891_v4_85_content_CHSTROKIN_Machine-Learning-Lab_decesion_tree.py_cleaned.png,1,1,0.19478392601013184,0.8052160739898682
fold2,622_20_content_subhadeep-123_Apriori-on-Market-Basket_apriori.py_cleaned.png,0,0,0.8539500534534454,0.14604994654655457
fold2,78_v4_11_content_jvpessoa10_Diffie-Hellman_DHCalculator.py_cleaned.png,1,1,0.18679898977279663,0.8132010102272034
fold2,622_v4_23_content_clydedacruz_worddoc-indexer-py_query_index.py_cleaned.png,1,0,0.5049851834774017,0.49501481652259827
fold2,1924_v4_8_content_16chuang_CS161_Project_LCStest.py_cleaned.png,1,0,0.7520462721586227,0.24795372784137726
fold2,1295_v4_47_content_jeshan_lambda-default-dlq_generate-config.py_cleaned.png,1,0,0.5412769317626953,0.4587230682373047
fold2,1123_v4_3_content_iykadev_pyalgo_deepFirstSearch.py_cleaned.png,1,1,0.43440091609954834,0.5655990839004517
fold2,1036_v4_36_content_Zattri_tutorial-recursion_binary.py_cleaned.png,1,0,0.6448712050914764,0.35512879490852356
fold2,1330_v4_4_content_agvaibhav_linked-list_insertion-doubly.py_cleaned.png,1,1,0.3345944881439209,0.6654055118560791
fold2,466_v4_1_content_jdmcpeek_pretty-print-binary-tree_tree.py_cleaned.png,1,0,0.6765083372592926,0.3234916627407074
fold2,803_26_content_BroadbentT_BASE64-AES_base64-aes_cbc.py_cleaned.png,0,0,0.618255227804184,0.38174477219581604
fold2,2142_v5_v4_6_content_neal-o-r_array_search_binary_search.py_cleaned.png,1,1,0.22017651796340942,0.7798234820365906
fold2,480_v4_1_content_larsbratholm_unbiased_std_ustd.py_cleaned.png,1,1,0.42699217796325684,0.5730078220367432
fold2,2121_v5_v4_11_content_sichen-x_search-engine_search.py_cleaned.png,1,1,0.312838077545166,0.687161922454834
fold2,290_15_content_gregapodobnik_wowza_deleteautorecordings_wowza_deleterecordings.py_cleaned.png,0,0,0.8615869283676147,0.13841307163238525
fold2,6_v4_100_content_ssquantum_PyDex_mythread.py_cleaned.png,1,0,0.694660484790802,0.305339515209198
fold2,1320_v4_49_content_lastralab_Statistics_SkewU.py_cleaned.png,1,1,0.4224189519882202,0.5775810480117798
fold2,2006_v4_97_content_panjibagaskara_NaiveBayes_naive.py_cleaned.png,1,0,0.5449128746986389,0.4550871253013611
fold2,1838_6_content_dennishnf_indoor-location-using-naive-bayes_2_division_data.py_cleaned.png,0,0,0.5718157887458801,0.4281842112541199
fold2,767_v4_28_content_iamsainikhil_polynomial-selection_Sainikhil_Bheemanathini_polynomial_selection.py_cleaned.png,1,0,0.5038317143917084,0.4961682856082916
fold2,1489_4_content_gionanide_Cryptography_manipulate_CRC_computations.py_cleaned.png,0,0,0.941777691245079,0.05822230875492096
fold2,1102_v4_3_content_dlohith_text-similarity_run.py_cleaned.png,1,1,0.36682164669036865,0.6331783533096313
fold2,1904_72_content_AnirudhRathinam_naive-bayes_naiveBayes.py_cleaned.png,0,0,0.9627721458673477,0.03722785413265228
fold2,533_1_content_jim-spyropoulos_Trajectory-Analysis-and-Classification-in-Python-Pandas-and-Scikit-Learn_fast_dtw_neigbors.py_cleaned.png,0,0,0.611481249332428,0.388518750667572
fold2,224_13_content_trsavi_Largest-Common-Sequence_subSequence.py_cleaned.png,0,0,0.8956660330295563,0.10433396697044373
fold2,612_v4_23_content_AMARPATEEL_Selection-sort-in-python_selection_sort.py_cleaned.png,1,1,0.29723405838012695,0.702765941619873
fold2,1481_4_content_captainACE_python-ADVANCEMATH-lib_lineq.py_cleaned.png,0,0,0.9733990170061588,0.02660098299384117
fold2,253_14_content_delabi_prime_number-sieve_generate_prime_numbers.py_cleaned.png,0,0,0.6986176073551178,0.3013823926448822
fold2,1508_4_content_MaisyZhang_Diffie-Hellman-Algorithm_DH.py_cleaned.png,0,1,0.35389143228530884,0.6461085677146912
fold2,365_16_content_vineetkia_Fundamentals-Of-Cryptography__1_-Caesar.py_cleaned.png,0,0,0.8061744123697281,0.1938255876302719
fold2,473_v4_1_content_jim-spyropoulos_Trajectory-Analysis-and-Classification-in-Python-Pandas-and-Scikit-Learn_grid_points.py_cleaned.png,1,1,0.3732838034629822,0.6267161965370178
fold2,2239_9_content_diegooliveira95_PrimAndDijkstra_dijkstra.py_cleaned.png,0,1,0.41473478078842163,0.5852652192115784
fold2,1300_v4_47_content_SimonBFrank_Algorithm_Analysis_Test_File_Creation.py_cleaned.png,1,0,0.5913433134555817,0.40865668654441833
fold2,796_25_content_Scientific-Computing-at-Temple-Physics_prime-number-finder-MicrowaveOfEvil_primes.py_cleaned.png,0,0,0.7653831541538239,0.23461684584617615
fold2,725_23_content_xuwangme_huffmanTree_Main.py_cleaned.png,0,0,0.6382899880409241,0.3617100119590759
fold2,1829_v4_7_content_sambiak_Codage-de-Huffman_v2.py_cleaned.png,1,1,0.24811768531799316,0.7518823146820068
fold2,1155_37_content_AAdewunmi_Following-Links-in-HTML-Using-BeautifulSoup_assign_12.6.py_cleaned.png,0,1,0.4783496856689453,0.5216503143310547
fold2,627_v4_23_content_HakimdarC_Fibonacci-Sequence_fibfirst.py_cleaned.png,1,1,0.3361448049545288,0.6638551950454712
fold2,833_v4_2_content_carlosguadir_kruskal_Nodo.py_cleaned.png,1,1,0.18177688121795654,0.8182231187820435
fold2,947_v4_31_content_tobymyers_codingthematrix_GF2.py_cleaned.png,1,0,0.5484223663806915,0.45157763361930847
fold2,296_v4_16_content_knair97_Sentiment-Analysis-of-Amazon-Reviews_svm.py_cleaned.png,1,0,0.8276505619287491,0.17234943807125092
fold2,1252_v4_44_content_arun-p12_sort-algorithms_selection_insertion_sort.py_cleaned.png,1,0,0.5872703492641449,0.4127296507358551
fold2,2090_85_content_melfaiz_EigenFaces_training.py_cleaned.png,0,0,0.5465942621231079,0.4534057378768921
fold2,1985_v4_94_content_hbergun_AI_Pacman_PriorityQueue.py_cleaned.png,1,1,0.3852287530899048,0.6147712469100952
fold2,1002_v4_34_content_vizzerdrix55_web-scraping-vBulletin-forum_2_transform_html_to_xml.py_cleaned.png,1,1,0.44065964221954346,0.5593403577804565
fold2,1629_57_content_popkinj_azimuth-swath_azimuth_swath_dialog.py_cleaned.png,0,0,0.5535957515239716,0.44640424847602844
fold2,1175_38_content_SamDaQueen_Algorithms-In-Python_Binary_Search_O_log2n_.py_cleaned.png,0,0,0.8196486234664917,0.1803513765335083
fold2,1433_v4_53_content_sgm1191_m-polynomial-regression-GA_genetic.py_cleaned.png,1,0,0.8980957120656967,0.10190428793430328
fold2,2061_82_content_joaoluga_python-rsa-algorithm_main.py_cleaned.png,0,0,0.735193282365799,0.26480671763420105
fold2,234_v4_14_content_wiktorjl_algorithm-apriori_apriori.py_cleaned.png,1,1,0.29408395290374756,0.7059160470962524
fold2,1546_v4_5_content_harshdarji22_crypto_outlier.py_cleaned.png,1,1,0.20021122694015503,0.799788773059845
fold2,1697_5_content_dobrosketchkun_IV-chat_output_IVchat.py_cleaned.png,0,0,0.8389109075069427,0.16108909249305725
fold2,1995_7_content_kanthagirish-rit_lcs-project_dynamicprog.py_cleaned.png,0,0,0.551061600446701,0.44893839955329895
fold2,257_14_content_jldbc_gutenberg_populate_db.py_cleaned.png,0,1,0.460097074508667,0.539902925491333
fold2,1984_v4_93_content_vishwakftw_extreme-classification_baseline.py_cleaned.png,1,1,0.15534335374832153,0.8446566462516785
fold2,73_11_content_AlfioEmanueleFresta_practical-one-time-pad-python_extension.py_cleaned.png,0,0,0.7185251414775848,0.28147485852241516
fold2,1596_v4_65_content_josephnavarro_space-strategy_conversation.py_cleaned.png,1,1,0.37927931547164917,0.6207206845283508
fold2,2264_9_content_RooiAap_One-Time-Pad_encrypt.py_cleaned.png,0,0,0.8877121582627296,0.11228784173727036
fold2,1474_v4_58_content_davidawad_TISLA_FAQ_tests.py_cleaned.png,1,1,0.3558485507965088,0.6441514492034912
fold2,859_v4_2_content_kaushiksk_multi-time-interval-apriori_config.py_cleaned.png,1,0,0.5863160789012909,0.4136839210987091
fold2,965_v4_32_content_sainathGit_rulemining-for-marketbasket_main.py_cleaned.png,1,1,0.2241494059562683,0.7758505940437317
fold2,911_29_content_rahuljohnny_Bangla_OCR_Using_KNN_class_contour.py_cleaned.png,0,0,0.6263707876205444,0.37362921237945557
fold2,1652_v4_6_content_cliptic_nlp_spinner02.py_cleaned.png,1,0,0.5370146036148071,0.46298539638519287
fold2,1124_v4_3_content_iykadev_pyalgo_dragon_curve.py_cleaned.png,1,0,0.7839145362377167,0.21608546376228333
fold2,152_12_content_gabrielviggiano_MD_Huffman_huffman.py_cleaned.png,0,0,0.796338751912117,0.203661248087883
fold2,1722_5_content_ligertsicat_Rental-Scraper_scraper.py_cleaned.png,0,0,0.7247402369976044,0.27525976300239563
fold2,107_v4_11_content_TanaySinghal_SortingAlgorithms_sorts.py_cleaned.png,1,0,0.5633063912391663,0.43669360876083374
fold2,121_11_content_TanaySinghal_SortingAlgorithms_sorts.py_cleaned.png,0,0,0.9487890154123306,0.05121098458766937
fold2,2118_v5_v4_ 1_content_sadnessFree_arima-lstm_arima-order.py_cleaned.png,1,0,0.5087727010250092,0.49122729897499084
fold2,1342_41_content_chaohstat_FGWAS_S2_GSIS.py_cleaned.png,0,1,0.2850802540779114,0.7149197459220886
fold2,347_v4_17_content_krshubham_ecc-elgamal_elgamal.py_cleaned.png,1,1,0.24471282958984375,0.7552871704101562
fold2,445_v4_1_content_dedeco_dijkstra-bellman-ford_bellman_ford.py_cleaned.png,1,1,0.47809898853302,0.52190101146698
fold2,2232_9_content_ahmetfbayrak12_Python-Recursive-Functions-and-Dynamic-Programming_hw5-dynamic.py_cleaned.png,0,0,0.9106221124529839,0.08937788754701614
fold2,1290_v4_46_content_skropf_fib-drawer_Mathematics.py_cleaned.png,1,1,0.3958297371864319,0.6041702628135681
fold2,851_27_content_ppplinday_Picture-Classification-PCA-KNN_KNN-PCA.py_cleaned.png,0,1,0.2638259530067444,0.7361740469932556
fold2,1906_72_content_LucasSSales_RSA_gerarChavePublica.py_cleaned.png,0,1,0.3720250725746155,0.6279749274253845
fold2,728_24_content_AntoAndGar_ProgettazioneDiAlgoritmi_bk2.py_cleaned.png,0,0,0.7475186586380005,0.2524813413619995
fold2,1047_31_content_sbahaddi_ft_linear_regression_train.py_cleaned.png,0,1,0.46284615993499756,0.5371538400650024
fold2,2109_v4_v5_54_content_sumanth-bmsce_Unsupervised_Extreme_Learning_Machine_EM_Algo.py_cleaned.png,1,1,0.47404706478118896,0.525952935218811
fold2,211_v4_14_content_Dawlatly_Recommender-system_kmeans.py_cleaned.png,1,0,0.6945441365242004,0.30545586347579956
fold2,540_1_content_jwan659_forex-arbitrage_Edges.py_cleaned.png,0,1,0.498016357421875,0.501983642578125
fold2,1974_v4_91_content_mahsarazavi_Text-Classification_MLP_Model.py_cleaned.png,1,0,0.708399087190628,0.29160091280937195
fold2,1887_70_content_cat1996_linear-regression-on-sample_linear_regression.py_cleaned.png,0,0,0.9776423871517181,0.02235761284828186
fold2,67_10_content_zpeterg_bmig_5003_count_words_index.py_cleaned.png,0,0,0.6708804368972778,0.32911956310272217
fold2,1099_33_content_shelbyjoji_Machine_Learning_PartI_MachineLearning_part1.py_cleaned.png,0,0,0.943728618323803,0.05627138167619705
fold2,1340_40_content_WuStardust_KNN-for-iris_iris.py_cleaned.png,0,1,0.25303906202316284,0.7469609379768372
fold2,794_25_content_penji2_encode-OTP-client-server_key_generator.py_cleaned.png,0,0,0.7105535566806793,0.2894464433193207
fold2,1055_v4_38_content_juandes_knnbot-messenger-bot_distance.py_cleaned.png,1,0,0.6823588609695435,0.31764113903045654
fold2,1076_33_content_apoorvpatne10_Hierarchical-clustering_hc.py_cleaned.png,0,0,0.7595188915729523,0.24048110842704773
fold2,113_11_content_pprzygodzk_binary_search-prime_numbers_binarysearch.py_cleaned.png,0,1,0.27080434560775757,0.7291956543922424
fold2,56_v4_10_content_UrielMaD_Image-GPS-metadata-tags-generator_Principal2.py_cleaned.png,1,0,0.734021931886673,0.265978068113327
fold2,1795_v4_7_content_gchacaltana_BreadthFirstSearch_DepthFirstSearch_UninformedSearchAlgorithm.py_cleaned.png,1,0,0.5855036079883575,0.41449639201164246
fold2,1176_38_content_sapurvaa_Regression_logisticregression.py_cleaned.png,0,1,0.2191448211669922,0.7808551788330078
fold2,1743_61_content_AaronRobson_sequences_prime_gui.py_cleaned.png,0,1,0.39192259311676025,0.6080774068832397
fold2,109_11_content_nick-commits_LinkedList_linkedlistprac.py_cleaned.png,0,0,0.9008129984140396,0.09918700158596039
fold2,1066_v4_39_content_arundhati-b_NaiveBayesClassifier_computation.py_cleaned.png,1,1,0.32509171962738037,0.6749082803726196
fold2,2017_v4_99_content_mincanhe_Network-routing-protocol_Dijkstra.py_cleaned.png,1,1,0.3089573383331299,0.6910426616668701
fold2,131_12_content_anapandza_ComputerNetworks_Binary_Division.py_cleaned.png,0,0,0.7147538661956787,0.2852461338043213
fold2,1509_v4_5_content_anguillanneuf_bigO_128_text_to_lines.py_cleaned.png,1,1,0.45699191093444824,0.5430080890655518
fold2,2121_8_content_16chuang_CS161_Project_LCS.py_cleaned.png,0,0,0.8800731003284454,0.11992689967155457
fold2,535_v4_20_content_HritikAttri_web_scraping_script.py_cleaned.png,1,0,0.7225834727287292,0.27741652727127075
fold2,1475_4_content_amzhang1_simple-JPEG-compression_zigzag.py_cleaned.png,0,0,0.6779424846172333,0.3220575153827667
fold2,834_v4_2_content_carlosguadir_kruskal_Puertos.py_cleaned.png,1,0,0.6077786982059479,0.3922213017940521
fold2,82_v4_11_content_kousu_primes_wsieve_b.py_cleaned.png,1,1,0.31166625022888184,0.6883337497711182
fold2,1493_4_content_hyper750_factorialhr_constants.py_cleaned.png,0,0,0.8108265399932861,0.18917346000671387
fold2,360_v4_18_content_10elements_BinaryTree_binaryTree.py_cleaned.png,1,0,0.785913497209549,0.21408650279045105
fold2,574_v4_21_content_rahul494_Mental-Health-On-Twitter-Analysis_relevant_tweet_filter.py_cleaned.png,1,1,0.4848506450653076,0.5151493549346924
fold2,1151_v4_3_content_JennaBellassai_phrase-similarity_similarity_score.py_cleaned.png,1,1,0.3053075075149536,0.6946924924850464
fold2,536_1_content_jiteshjha_Frequent-item-set-mining_dat2csv.py_cleaned.png,0,0,0.6204035580158234,0.37959644198417664
fold2,2032_v4_9_content_FFloresM_tarea3_ListaLigada.py_cleaned.png,1,1,0.43673378229141235,0.5632662177085876
fold2,1630_v4_68_content_ipozdeev_paper_vrp_mini_visuals.py_cleaned.png,1,0,0.7832988500595093,0.21670114994049072
fold2,936_2_content_carlosguadir_kruskal_Puertos.py_cleaned.png,0,0,0.9485787227749825,0.05142127722501755
fold2,710_23_content_JeffersonLPLima_knn_pca_knn_wine.py_cleaned.png,0,0,0.8061142712831497,0.19388572871685028
fold2,1730_5_content_supfisher_PredicrionInQueueNets_regression.py_cleaned.png,0,1,0.22904223203659058,0.7709577679634094
fold2,1955_v4_8_content_lesscake_prime-numbers-eratosthenes_naive.py_cleaned.png,1,0,0.8292827159166336,0.1707172840833664
fold2,940_2_content_DavidWallacedot_recursiveFunctions.py_recursive.py_cleaned.png,0,0,0.7727574408054352,0.22724255919456482
fold2,1835_v4_7_content_syamkakarla98_PCA-On-IRIS-Dataset-With-Classification-Using-KNNC_pca_iris.py_cleaned.png,1,0,0.6930666565895081,0.30693334341049194
fold2,729_v4_26_content_nakamoo_dfs_plot_scores.py_cleaned.png,1,1,0.4897540211677551,0.5102459788322449
fold2,963_2_content_JoshuaEbenezer_huffman_encoding_huffman.py_cleaned.png,0,0,0.80577751994133,0.19422248005867004
fold2,953_v4_32_content_arian100y_Travelling-Salesman-Problem_createDBOrdered.py_cleaned.png,1,1,0.4023447632789612,0.5976552367210388
fold2,1163_v4_3_content_matheusfrancisco_Implementation_RSA_and_Diffie-Hellman_rsa.py_cleaned.png,1,1,0.20971989631652832,0.7902801036834717
fold2,206_13_content_limqiying_crypto_final_project_DH-test.py_cleaned.png,0,0,0.7671948075294495,0.23280519247055054
fold2,1324_v4_49_content_mrsondeptrai1999_RSA_Summer_2017_project_Rabin-Miller_Prime.py_cleaned.png,1,0,0.8895781114697456,0.11042188853025436
fold2,1677_5_content_anguillanneuf_bigO_128_text_to_lines.py_cleaned.png,0,0,0.7035056948661804,0.2964943051338196
fold2,75_v4_11_content_harishchellappa_Time-Series-Analysis-Bike-Sharing-Demand-Forecasting_forecasting_revenue.py_cleaned.png,1,1,0.22708648443222046,0.7729135155677795
fold2,456_19_content_frankiekienlam_Fibonacci_Pyramids_test_pset.py_cleaned.png,0,0,0.8255877047777176,0.1744122952222824
fold2,1202_39_content_rcchoksi_ANN-and-hierarchical-clustering-for-Flag-data_Clustering.py_cleaned.png,0,0,0.9470555558800697,0.05294444411993027
fold2,1729_v4_74_content_eenblam_grid_dfs_image_example.py_cleaned.png,1,0,0.5619963109493256,0.43800368905067444
fold2,322_15_content_VakinduPhilliam_Pattern_Matching_Python_Fnmatch_Translate.py_cleaned.png,0,0,0.7630239874124527,0.2369760125875473
fold2,1934_76_content_yingtaoluo_Latent-Factor-Model-with-JIT-CUDA-on-movielens_predict.py_cleaned.png,0,0,0.7038935422897339,0.2961064577102661
fold2,158_v4_13_content_chandimajayawickrama_Simple-Sorting-Algorithms_insertion_sort.py_cleaned.png,1,1,0.4066447615623474,0.5933552384376526
fold2,573_1_content_shivam1196_LRU-Caching_Caching.py_cleaned.png,0,1,0.4787481427192688,0.5212518572807312
fold2,177_13_content_AtahanCelebi_En-K-sa-Yol_warshall.py_cleaned.png,0,1,0.4312269687652588,0.5687730312347412
fold2,296_15_content_Josiriser_Predict-Stock-Price_main.py_cleaned.png,0,1,0.473141074180603,0.526858925819397
fold2,757_24_content_MuyaoWang_OnePlusTwo-BigData_PostProcessForReport.py_cleaned.png,0,0,0.626093327999115,0.373906672000885
fold2,607_20_content_hugaofernandes_apriori_algorithm_main_SAD.py_cleaned.png,0,0,0.5225197970867157,0.4774802029132843
fold2,1598_v4_65_content_NidhiPati_PythonProgramsAcademicProjects_StackQueue.py_cleaned.png,1,1,0.3156139850616455,0.6843860149383545
fold2,11_10_content_Antracen_Maze-Generator_maze.py_cleaned.png,0,1,0.3379906415939331,0.6620093584060669
fold2,321_v4_16_content_wolfdroid_MST_Prim-s_and_Kruskal-s_kruskal.py_cleaned.png,1,1,0.32981550693511963,0.6701844930648804
fold2,1651_v4_6_content_cliptic_nlp_Spam_2.py_cleaned.png,1,1,0.3688715696334839,0.6311284303665161
fold2,874_28_content_pranav94_Self-balancing-BST_AVL.py_cleaned.png,0,0,0.5808370411396027,0.41916295886039734
fold2,1613_v4_66_content_Talon-Zhang_Naive-Bayes_reader.py_cleaned.png,1,1,0.2617441415786743,0.7382558584213257
fold2,131_v4_12_content_dxania_Fizzbuzz_fizzbuzz_tests.py_cleaned.png,1,1,0.3174981474876404,0.6825018525123596
fold2,67_v4_11_content_Aprataksh_Python-Files_stdev_ema.py_cleaned.png,1,1,0.1885203719139099,0.8114796280860901
fold3,1504_v4_5_content_alexeyev_nm_main.py_cleaned.png,1,0,0.6703619062900543,0.3296380937099457
fold3,1685_v4_6_content_raghavgr_Go-Game_gridGo.py_cleaned.png,1,0,0.776946946978569,0.22305305302143097
fold3,1250_v4_44_content_akbloodadarsh_Twitter-Sentimental-Analysis_MultinomialNaiveBayes.py_cleaned.png,1,1,0.3580220341682434,0.6419779658317566
fold3,1708_5_content_gabriel-arauj_grafos_matriz.py_cleaned.png,0,0,0.7401764690876007,0.2598235309123993
fold3,520_v4_1_content_susheelsagar_LCSS_test.py_cleaned.png,1,0,0.9187993630766869,0.08120063692331314
fold3,641_v4_23_content_wliabc_Prime-numbers_prime.py_cleaned.png,1,0,0.5520123541355133,0.4479876458644867
fold3,492_1_content_bhedavivek_prims_algorithm_test.py_cleaned.png,0,0,0.9883457086980343,0.011654291301965714
fold3,1621_v4_67_content_SuchitPSawant_Clustering_hc.py_cleaned.png,1,1,0.3579258918762207,0.6420741081237793
fold3,173_v4_13_content_jhomswk_Minimum_Spanning_Tree_heap.py_cleaned.png,1,0,0.5215497016906738,0.47845029830932617
fold3,817_v4_29_content_vbelz_Lyrics_classifier_make_data_base.py_cleaned.png,1,0,0.7368898391723633,0.2631101608276367
fold3,2044_80_content_MachineLearning-Nerd_Linear-Regression-with-Numpy-and-Scikit_linearregression.py_cleaned.png,0,0,0.5227530896663666,0.4772469103336334
fold3,1134_v4_3_content_iykadev_pyalgo_move_to_front_algo.py_cleaned.png,1,0,0.5213730037212372,0.4786269962787628
fold3,2021_v4_9_content_ahmetfbayrak12_Python-Recursive-Functions-and-Dynamic-Programming_hw5-plot.py_cleaned.png,1,0,0.5089511573314667,0.4910488426685333
fold3,74_11_content_Aprataksh_Python-Files_range_high.py_cleaned.png,0,0,0.6254340410232544,0.3745659589767456
fold3,1833_6_content_cliptic_nlp_Spam_2.py_cleaned.png,0,0,0.5118700861930847,0.4881299138069153
fold3,895_29_content_flintlouis_Sorting_algo_mergesort.py_cleaned.png,0,0,0.8700551986694336,0.1299448013305664
fold3,1833_v4_7_content_Sbrown4321_Assignment_2_Assignment2.py_cleaned.png,1,0,0.8110206425189972,0.1889793574810028
fold3,2226_99_content_MatheusMuriel_ProgramacaoDinamica_fib_rec_memorization.py_cleaned.png,0,0,0.877625398337841,0.12237460166215897
fold3,116_11_content_sergiy-chumachenko_Lists_sorting_and_binary_search_sort_BSCL.py_cleaned.png,0,0,0.9379200525581837,0.06207994744181633
fold3,384_v4_18_content_rutajoshi_polyfit_experiments_polyfit_experiment.py_cleaned.png,1,1,0.14447414875030518,0.8555258512496948
fold3,368_v4_18_content_cteters_Minimum-spanning-tree_kruskal.py_cleaned.png,1,1,0.08289563655853271,0.9171043634414673
fold3,2211_97_content_mjurk456_mini-snakes_fizz_buzz.py_cleaned.png,0,0,0.9496213495731354,0.050378650426864624
fold3,1269_3_content_iykadev_pyalgo_shortBubbleSort.py_cleaned.png,0,0,0.7178323268890381,0.2821676731109619
fold3,715_23_content_ntorba_Naive_Bayes_Naive_Bayes.py_cleaned.png,0,0,0.6347027719020844,0.36529722809791565
fold3,693_23_content_AMARPATEEL_Selection-sort-in-python_selection_sort.py_cleaned.png,0,0,0.7814763933420181,0.21852360665798187
fold3,1929_76_content_mashfiq10_Naive-Bayes-classification_prob_1.py_cleaned.png,0,0,0.6819072067737579,0.31809279322624207
fold3,1512_v4_5_content_anguillanneuf_bigO_38_rabin_karp.py_cleaned.png,1,0,0.9276242256164551,0.07237577438354492
fold3,2138_v5_v4_54_content_wenlin-koh_K-Means-Clustering---python_kmeans.py_cleaned.png,1,1,0.36067330837249756,0.6393266916275024
fold3,87_v4_11_content_Meghali-Nandi_DNA-PATTERN-MATCHER_dna_matching.py_cleaned.png,1,0,0.576798141002655,0.42320185899734497
fold3,1934_v4_8_content_andersonlthome_floyd-warshall-algorithm_floyd_warshall.py_cleaned.png,1,1,0.10988873243331909,0.8901112675666809
fold3,931_v4_31_content_dariswan_AudioRetrieval-Classification_ekstraksi.py_cleaned.png,1,1,0.3859984874725342,0.6140015125274658
fold3,736_v4_26_content_RahulSingal_ProductRecommendations_HW1.py_cleaned.png,1,1,0.3383806347846985,0.6616193652153015
fold3,2181_92_content_FranzScheerer_DES_safeprime.py_cleaned.png,0,0,0.9392968788743019,0.06070312112569809
fold3,1183_v4_3_content_tusizi_document-analysis_mllib_lda_after_tfidf.py_cleaned.png,1,1,0.4371799826622009,0.5628200173377991
fold3,2210_97_content_mjurk456_mini-snakes_aligning_text_file.py_cleaned.png,0,0,0.9192585274577141,0.08074147254228592
fold3,602_v4_22_content_N8Brooks_lcs_hash_search_parallel_hash_search.py_cleaned.png,1,0,0.7678633779287338,0.23213662207126617
fold3,1968_v4_8_content_uzzielc_Document_Similarity_using_TF-IDF_with_Cosine_Dist_article.py_cleaned.png,1,1,0.23461616039276123,0.7653838396072388
fold3,1755_62_content_arushigupta148_Hybrid-Architecture-for-Numeral-Handwritten-Recognition_Load_Images.py_cleaned.png,0,0,0.590426504611969,0.409573495388031
fold3,1715_v4_71_content_Santosh-Sah_Simple_Linear_Regression_SimpleLinearRegressionUtils.py_cleaned.png,1,1,0.3833351731300354,0.6166648268699646
fold3,1393_44_content_Mazuh_Fibonacci_fib_benchmark.py_cleaned.png,0,0,0.7440229952335358,0.25597700476646423
fold3,1990_7_content_jakobpederson_divisible_pair_sums_test_divisible_pair_sums.py_cleaned.png,0,1,0.07319730520248413,0.9268026947975159
fold3,751_v4_27_content_michaelbauerinc_TowersOfHanoi_node.py_cleaned.png,1,0,0.5486428439617157,0.4513571560382843
fold3,1671_v4_6_content_kennedyCzar_n-th_monsien_number_monsien_number.py_cleaned.png,1,1,0.38358068466186523,0.6164193153381348
fold3,1325_v4_49_content_pranurs_regression-model_performance_analysis.py_cleaned.png,1,1,0.4835931658744812,0.5164068341255188
fold3,699_v4_25_content_jimmy-ly00_DHE-prime-grabber_find_primes.py_cleaned.png,1,1,0.10698384046554565,0.8930161595344543
fold3,2247_9_content_ghemsley_fibonacci_fib.py_cleaned.png,0,0,0.5951700210571289,0.4048299789428711
fold3,1374_v4_4_content_mrimahajan_advanced_analysis_package___init__.py_cleaned.png,1,0,0.506580114364624,0.493419885635376
fold3,680_v4_24_content_scraos_Prim-s-Algorithm_WGraphClass.py_cleaned.png,1,1,0.48376888036727905,0.516231119632721
fold3,847_27_content_mskroar18_GraphWizard_Kruskal.py_cleaned.png,0,0,0.9497280716896057,0.05027192831039429
fold3,1541_50_content_iwona-janny_PCA_PCA.py_cleaned.png,0,1,0.2696162462234497,0.7303837537765503
fold3,268_v4_15_content_VakinduPhilliam_Pattern_Matching_Python_Difflib_Pattern_Matching_Differ.py_cleaned.png,1,0,0.5707347095012665,0.4292652904987335
fold3,1071_v4_39_content_falay_HuffmanCoding_decoder.py_cleaned.png,1,1,0.28039371967315674,0.7196062803268433
fold3,288_v4_16_content_hoefler02_diffie-hellman_dh_example.py_cleaned.png,1,1,0.06577926874160767,0.9342207312583923
fold3,1820_69_content_ShubhangiKukreti_Linear-Regression_LinearRegressionUsingNumpy.py_cleaned.png,0,0,0.8743061870336533,0.12569381296634674
fold3,1289_3_content_matheusfrancisco_Implementation_RSA_and_Diffie-Hellman_rsa.py_cleaned.png,0,0,0.8772416263818741,0.12275837361812592
fold3,470_v4_1_content_jim-spyropoulos_Trajectory-Analysis-and-Classification-in-Python-Pandas-and-Scikit-Learn_datacleaning.py_cleaned.png,1,1,0.2627245783805847,0.7372754216194153
fold3,1003_v4_35_content_ankitsejwal_organize-folder_organize.py_cleaned.png,1,0,0.5717736482620239,0.4282263517379761
fold3,1602_54_content_SteevenBrunner_Bubble-sort-python_bubble_sort.py_cleaned.png,0,0,0.6303282380104065,0.3696717619895935
fold3,838_v4_2_content_DmitryOstroushko_Linear-Regression_trainer.py_cleaned.png,1,0,0.9429854638874531,0.05701453611254692
fold3,1992_v4_94_content_verma1997_Scraping-Scripts_indigo_offers.py_cleaned.png,1,1,0.46422600746154785,0.5357739925384521
fold3,1758_v4_79_content_bmiller19_QuickDFSFootballAnalyzer_QuickDFSFootballMatchupAnalyzer.py_cleaned.png,1,1,0.2303432822227478,0.7696567177772522
fold3,1920_v4_8_content_16chuang_CS161_Project_CLCSFast.py_cleaned.png,1,0,0.672044426202774,0.32795557379722595
fold3,495_1_content_chonhenry_binary-search-tree_binary_search_tree.py_cleaned.png,0,0,0.9254219830036163,0.07457801699638367
fold3,1658_5_content_AdamJacoby_Hopf_Algebra_Tools.py_cleaned.png,0,0,0.8220390826463699,0.17796091735363007
fold3,1009_v4_35_content_facundoq_rotational_variance_experiment_runner.py_cleaned.png,1,0,0.6614046394824982,0.33859536051750183
fold3,778_v4_28_content_surgoku_sentiment_analysis_knn_submission.py_cleaned.png,1,1,0.2775942087173462,0.7224057912826538
fold3,1453_v4_55_content_taksug229_Python-hierarchical-clustering_Working_Data_Hierarchical_Clustering.py_cleaned.png,1,0,0.5680188238620758,0.4319811761379242
fold3,2040_v4_9_content_loserboi23_rsa-publickey_signer.py_cleaned.png,1,1,0.19094103574752808,0.8090589642524719
fold3,1262_3_content_iykadev_pyalgo_one_time_password.py_cleaned.png,0,1,0.4607912302017212,0.5392087697982788
fold3,1952_79_content_lorenzo3117_python-sorting-scripts_sortingScript.py_cleaned.png,0,0,0.5747351944446564,0.42526480555534363
fold3,977_2_content_mayankagrawal93_Outlier-Analysis_cblof.py_cleaned.png,0,0,0.9829429425299168,0.017057057470083237
fold3,484_1_content_Aghabekyan_calculator-of-median-value_main.py_cleaned.png,0,0,0.6289457976818085,0.37105420231819153
fold3,2020_v4_9_content_ahmetfbayrak12_Python-Recursive-Functions-and-Dynamic-Programming_hw5-dynamic.py_cleaned.png,1,0,0.8357091844081879,0.16429081559181213
fold3,1948_79_content_eochandler_ML-Linear-Reg-Bin-Class_generateSyntheticDataForBinaryClassification.py_cleaned.png,0,0,0.8011108785867691,0.1988891214132309
fold3,1401_44_content_volyomaS_Phys_Lab_Calculator_phys_lab_calc.py_cleaned.png,0,0,0.808491975069046,0.19150802493095398
fold3,2074_v4_v4_2_content_varun10221_ARIMA-model_s_and_p.py_cleaned.png,1,0,0.6695435643196106,0.3304564356803894
fold3,1696_v4_6_content_VishakVeerasamy_Prims-algorithm_graph.py_cleaned.png,1,0,0.5643035769462585,0.43569642305374146
fold3,43_v4_10_content_nishi1612_Email-Spam-Classification-using-SVM_extracting_unique_words_from_all_emails.py_cleaned.png,1,1,0.27126097679138184,0.7287390232086182
fold3,491_v4_1_content_muzixing_graph_algorithm_floyd.py_cleaned.png,1,1,0.46937769651412964,0.5306223034858704
fold3,1409_45_content_kriti149_Text-Summarizer_txt_summarization.py_cleaned.png,0,0,0.7830640375614166,0.21693596243858337
fold3,446_19_content_abedigram_genpy_app.py_cleaned.png,0,0,0.7207102179527283,0.27928978204727173
fold3,1832_v4_7_content_satyammittal_IRE-Stopping-Words_xml_parser.py_cleaned.png,1,0,0.664396196603775,0.335603803396225
fold3,1625_v4_67_content_wishuhere_AES-encryption-by-python_very_sign.py_cleaned.png,1,1,0.37375807762145996,0.62624192237854
fold3,618_v4_23_content_calmlyarun_PythonAssignment_read_documents.py_cleaned.png,1,0,0.5829736590385437,0.4170263409614563
fold3,782_v4_28_content_vinaykumarbu_sentiment-analysis-deeplearning_preprocess.py_cleaned.png,1,1,0.38829052448272705,0.611709475517273
fold3,2022_v4_9_content_ankur-anand_Factorial-Algorithm_fact_12_unittest.py_cleaned.png,1,0,0.529603511095047,0.470396488904953
fold3,1354_42_content_amandalynne_language-similarity_mapping.py_cleaned.png,0,1,0.37359070777893066,0.6264092922210693
fold3,310_v4_16_content_pizzolatto_python_dijkstra_dijkstra.py_cleaned.png,1,0,0.5441439151763916,0.4558560848236084
fold3,371_v4_18_content_FN-HD_Elliptic_Curve_Cryptography_Fp_main.py_cleaned.png,1,1,0.4270477294921875,0.5729522705078125
fold3,1982_v4_93_content_RoshanSPai_Map-Reduce-TF-IDF_mapper1.py_cleaned.png,1,1,0.3635479211807251,0.6364520788192749
fold3,715_v4_26_content_dmallya93_Intelligent-Web-Services-Discovery-using-Clustering-Method_jsonMaker.py_cleaned.png,1,1,0.19618135690689087,0.8038186430931091
fold3,278_15_content_ben-mackenzie_mst-kruskal_kruskal.py_cleaned.png,0,0,0.7418627142906189,0.2581372857093811
fold3,1047_v4_38_content_citigoad_Appengine_factorial_factorial.py_cleaned.png,1,0,0.812913179397583,0.187086820602417
fold3,400_v4_19_content_BhargavAllarapu_Binary-Search-tree_binarySearchTree.py_cleaned.png,1,0,0.8938357830047607,0.10616421699523926
fold3,681_22_content_Phillyclause89_ANIMAL_Quiz_ANIMAL.py_cleaned.png,0,0,0.9408699944615364,0.05913000553846359
fold3,1952_v4_8_content_jcwyatt_factorial_factorial.py_cleaned.png,1,1,0.39194321632385254,0.6080567836761475
fold3,905_v4_30_content_mtony75_isItPrime_main.py_cleaned.png,1,0,0.8432807922363281,0.15671920776367188
fold3,283_15_content_DiptaGomes_Apriori-Association-Rule-Mining-_implementation.py_cleaned.png,0,0,0.832123801112175,0.167876198887825
fold3,176_v4_13_content_lev1nyo_Spotify-Best-before-task_parse_dates.py_cleaned.png,1,0,0.559319406747818,0.440680593252182
fold3,1641_58_content_tarasrumezhak_TicTacToe_board.py_cleaned.png,0,0,0.5933579802513123,0.40664201974868774
fold3,1445_48_content_fhadyan_Document-classification-with-TF-IDF_Stemming.py_cleaned.png,0,0,0.8683549761772156,0.13164502382278442
fold3,327_v4_17_content_AnirbanMajumder_Topic-Modeling-using-LDA_Topic_Modeling_using_LDA.py_cleaned.png,1,1,0.05686235427856445,0.9431376457214355
fold3,2105_v4_v5_40_content_HimalayPatel_loan-likelihood-prediction_predicting_loan_eda.py_cleaned.png,1,1,0.39242106676101685,0.6075789332389832
fold3,469_19_content_Shooobz_BigData-ProjectOne_mongoSandbox.py_cleaned.png,0,0,0.7741025239229202,0.22589747607707977
fold3,217_v4_14_content_gravelund-gis_MapSorter_KMeans_analysis.py_cleaned.png,1,1,0.12981504201889038,0.8701849579811096
fold3,373_17_content_achusat_Elliptic_Curve_Cryptography_ecc.py_cleaned.png,0,0,0.5969921350479126,0.4030078649520874
fold3,1496_v4_5_content_Abdallah-Elshamy_floyd-warshall_APSP-Floyd_Warshall.py_cleaned.png,1,1,0.06137639284133911,0.9386236071586609
fold3,1146_36_content_Hafpaf_Programmering-C-eksamensprojekt_rsa_test.py_cleaned.png,0,0,0.9731641951948404,0.02683580480515957
fold3,1897_v4_85_content_SCNUJackyChen_TF-IDF_NN.py_cleaned.png,1,0,0.7719821631908417,0.22801783680915833
fold3,171_12_content_truong225_Cosine-similarity_cosine_similarity.py_cleaned.png,0,0,0.865236222743988,0.13476377725601196
fold3,1352_v4_4_content_JakubVojvoda_elliptic-curve-brute-force_decipher.py_cleaned.png,1,0,0.5972713232040405,0.4027286767959595
fold3,2221_98_content_plagache_linear_regression_training.py_cleaned.png,0,1,0.1553085446357727,0.8446914553642273
fold3,1922_v4_8_content_16chuang_CS161_Project_judge.py_cleaned.png,1,0,0.6655200123786926,0.3344799876213074
fold3,983_v4_33_content_prabhatpal77_Complete-core-python-_globalandlocalvar.py_cleaned.png,1,0,0.6594922244548798,0.34050777554512024
fold3,730_24_content_AntoAndGar_ProgettazioneDiAlgoritmi_PDesame10_06_19.py_cleaned.png,0,0,0.9416229799389839,0.05837702006101608
fold3,1437_47_content_saladcat_Huffman_Form1.py_cleaned.png,0,0,0.6810087263584137,0.3189912736415863
fold3,694_v4_25_content_diXime_PrimaryNumbers_utx.py_cleaned.png,1,0,0.6005105972290039,0.3994894027709961
fold3,1452_48_content_PhilGrogan_fibonacci_fibonacci.py_cleaned.png,0,0,0.9552456140518188,0.04475438594818115
fold3,2089_85_content_leandrocamara_map-reduce-words-higher-occurrence_words-higher-occurrence.py_cleaned.png,0,0,0.7908158302307129,0.2091841697692871
fold3,2003_v4_97_content_mjurk456_mini-snakes_love_calculator.py_cleaned.png,1,0,0.6885424852371216,0.3114575147628784
fold3,1278_v4_45_content_umtpfe_Projet-scrapy_gglev5.py_cleaned.png,1,1,0.4715060591697693,0.5284939408302307
fold3,779_25_content_bisigc_python_quicksort_quicksort.py_cleaned.png,0,0,0.5642456412315369,0.43575435876846313
fold3,1659_v4_6_content_gionanide_Cryptography_Crack_zip_files.py_cleaned.png,1,0,0.564400315284729,0.435599684715271
fold3,2113_v4_v5_65_content_ankushjain2001_k-means-clustering-algorithm_driver.py_cleaned.png,1,0,0.5292162895202637,0.47078371047973633
fold3,872_28_content_no-lineal_bias_variance_Bias_variance_fx_ax_b.py_cleaned.png,0,0,0.9780725352466106,0.02192746475338936
fold3,1074_32_content_thingscouldbeworse_apriori_KirkApriori.py_cleaned.png,0,0,0.9520228914916515,0.047977108508348465
fold3,2168_8_content_thingumajig_weighted_lcs_weighted_lcs.py_cleaned.png,0,0,0.8070453852415085,0.19295461475849152
fold3,409_v4_19_content_Mital188_Naive-Bayes_Naive_Bayes.py_cleaned.png,1,1,0.04075807332992554,0.9592419266700745
fold3,1700_5_content_domodomodomo_binary_search_tree_graph.py_cleaned.png,0,1,0.06144285202026367,0.9385571479797363
fold3,1638_58_content_dunglq2000_chatbox-encrypt_client.py_cleaned.png,0,0,0.9132890626788139,0.08671093732118607
fold3,2010_v4_98_content_plagache_linear_regression_training.py_cleaned.png,1,1,0.05625945329666138,0.9437405467033386
fold3,2263_9_content_RooiAap_One-Time-Pad_decrypt.py_cleaned.png,0,1,0.4788318872451782,0.5211681127548218
fold3,1222_v4_42_content_adityaiiitv_Polynomial-Regression_multiple_linear_regression.py_cleaned.png,1,0,0.6290345191955566,0.37096548080444336
fold3,1573_52_content_JHeisey_Daily-Forex-Bot_scraper.py_cleaned.png,0,0,0.5087854564189911,0.4912145435810089
fold3,845_v4_2_content_Gregory-Matthews_Bitcoin-Price-Predictor_polynomial_regression_1ftr.py_cleaned.png,1,1,0.06467729806900024,0.9353227019309998
fold3,631_21_content_bentoro_7402_Ass3_otp.py_cleaned.png,0,0,0.5449597537517548,0.45504024624824524
fold3,509_v4_1_content_SiccoVerwer_binoct_regtrees.py_cleaned.png,1,1,0.21391582489013672,0.7860841751098633
fold3,2085_85_content_CHSTROKIN_Machine-Learning-Lab_decesion_tree.py_cleaned.png,0,0,0.97529661282897,0.024703387171030045
fold3,563_1_content_randombit_pairings.py_tripartite.py_cleaned.png,0,0,0.5559062659740448,0.4440937340259552
fold3,1761_62_content_taabishm2_Proactive-FDH-RSA-Signature_generatePrime.py_cleaned.png,0,0,0.860634982585907,0.13936501741409302
fold3,1414_46_content_arun-p12_sort-algorithms_counting_sort.py_cleaned.png,0,0,0.629553347826004,0.37044665217399597
fold3,1656_5_content_aaronzira_apriori_miner.py_cleaned.png,0,0,0.9522332921624184,0.047766707837581635
fold3,2196_94_content_verma1997_Scraping-Scripts_easemytrip_offers.py_cleaned.png,0,1,0.4889245629310608,0.5110754370689392
fold3,74_v4_11_content_harishchellappa_Time-Series-Analysis-Bike-Sharing-Demand-Forecasting_forecasting_passes.py_cleaned.png,1,1,0.15382206439971924,0.8461779356002808
fold3,509_1_content_dedeco_dijkstra-bellman-ford_teste_lobo_djt.py_cleaned.png,0,0,0.9794012401252985,0.0205987598747015
fold3,668_v4_24_content_MariosPitsali_algorithms-practice_rollback.py_cleaned.png,1,0,0.5524185001850128,0.4475814998149872
fold3,1675_v4_6_content_morekeysjr_TechHubZambia_Project.py_cleaned.png,1,1,0.1495113968849182,0.8504886031150818
fold3,2207_97_content_alkaaithal_rsa-task_MongoInsert.py_cleaned.png,0,0,0.6827079355716705,0.31729206442832947
fold3,1876_6_content_singh-sidharth_Longest-Common-Subsequence_LCS.py_cleaned.png,0,0,0.9391129203140736,0.06088707968592644
fold3,1846_v4_80_content_arun-p12_sort-algorithms_quick_sort.py_cleaned.png,1,1,0.21663588285446167,0.7833641171455383
fold3,278_v4_15_content_VakinduPhilliam_Pattern_Matching_Python_Glob_Directory_Matching.py_cleaned.png,1,0,0.5328270494937897,0.4671729505062103
fold3,2001_v4_97_content_Hillul_-Comparing-the-Algorithm-of-ML-where-Random-Forest-is-found-to-be-best_Comparision_Of_Algorithm.py_cleaned.png,1,1,0.3958480954170227,0.6041519045829773
fold3,954_v4_32_content_arian100y_Travelling-Salesman-Problem_graph2.py_cleaned.png,1,0,0.7380203902721405,0.2619796097278595
fold3,434_18_content_rutajoshi_polyfit_experiments_polyfit_experiment.py_cleaned.png,0,1,0.2424597144126892,0.7575402855873108
fold3,888_v4_2_content_shahardekel_polynomial-vs.-linear-regression_main.py_cleaned.png,1,1,0.35950082540512085,0.6404991745948792
fold3,2084_v4_v5_10_content_bradib0y_searchalgorithms_app.py_cleaned.png,1,0,0.541727215051651,0.458272784948349
fold3,954_2_content_jdk20_tsne_main.py_cleaned.png,0,0,0.8699107617139816,0.13008923828601837
fold3,919_29_content_vtheno_kNN_one_line.py_cleaned.png,0,0,0.9406537562608719,0.05934624373912811
fold3,1507_4_content_ljm7b2_OBSTstandardDeviation_output_methods.py_cleaned.png,0,1,0.3921281695365906,0.6078718304634094
fold3,901_v4_30_content_jcwall_dfs_rotoguru_scraper.py_cleaned.png,1,1,0.4170372486114502,0.5829627513885498
fold3,2060_v4_v4_10_content_bradib0y_searchalgorithms_app.py_cleaned.png,1,1,0.20702320337295532,0.7929767966270447
fold3,12_10_content_anuragshiv_PCA_pca.py_cleaned.png,0,0,0.774357795715332,0.22564220428466797
fold3,1207_v4_40_content_Shikhar-S_Search-TF-IDF_graph_script.py_cleaned.png,1,0,0.7390510737895966,0.26094892621040344
fold3,222_13_content_theSnehaThing_HierarchicalClustering_Hierchial_Classification.py_cleaned.png,0,0,0.8043623715639114,0.19563762843608856
fold3,149_12_content_dxania_Fizzbuzz_fizzbuzz_tests.py_cleaned.png,0,1,0.43083786964416504,0.569162130355835
fold3,861_28_content_ckeshava_Enhanced-Diffie-Hellman-Protocol_generateMessage.py_cleaned.png,0,1,0.26948148012161255,0.7305185198783875
fold3,1435_47_content_llewellyn-kevin_club-matchmaking_usattRatings.py_cleaned.png,0,1,0.26096081733703613,0.7390391826629639
fold3,1876_v4_83_content_reshma78611_Multi-Linear-Regression-using-python_toyota.py_cleaned.png,1,0,0.5765644907951355,0.4234355092048645
fold3,1603_54_content_VishalPadme_Queue__Simple_Driver_Code_Queue_by_VP.py_cleaned.png,0,0,0.9496707245707512,0.05032927542924881
fold3,794_v4_29_content_diego95root_CryptoAttacks_serverHMAC.py_cleaned.png,1,1,0.18089115619659424,0.8191088438034058
fold3,2158_8_content_LOOPPO_BSTree_RBTree_RBTree.py_cleaned.png,0,0,0.7230305671691895,0.27696943283081055
fold3,1542_v4_5_content_gupta-shantanu_huffman_compress.py_cleaned.png,1,0,0.6888342499732971,0.3111657500267029
fold3,166_12_content_Subhamacademia_Efficient-way-to-Check-the-Divisibility-of-a-Number-by-Three_ex0.py_cleaned.png,0,0,0.9547527357935905,0.045247264206409454
fold3,2026_7_content_shuming1211_CMU_project_BinaryClassifier_decisionTree.py_cleaned.png,0,0,0.9178928360342979,0.08210716396570206
fold3,460_19_content_lisamryl_prime-number-multiplication-table_tests.py_cleaned.png,0,0,0.5973440110683441,0.4026559889316559
fold3,1219_3_content_chamarli_ColudComputing-PrimeNumberValidator-master_prime_validator.py_cleaned.png,0,0,0.98270926438272,0.017290735617280006
fold3,791_25_content_Nazar910_chameleon-problem_a_star.test.py_cleaned.png,0,0,0.7160091698169708,0.2839908301830292
fold3,1260_v4_44_content_IQbrod_Hierarchical-clustering_parthieragglo.py_cleaned.png,1,1,0.12629657983779907,0.8737034201622009
fold3,800_26_content_aishnupur_Principal-Component-Analysis_PCA.py_cleaned.png,0,0,0.6489595770835876,0.35104042291641235
fold3,30_v4_10_content_hmjansen_overflow-algorithm_overflow_algorithm.py_cleaned.png,1,1,0.30008214712142944,0.6999178528785706
fold3,1878_v4_83_content_vikcui_dfs_combination_sum_combination_sum.py_cleaned.png,1,1,0.4473961591720581,0.5526038408279419
fold3,705_23_content_git-remove_OTP-Decipher_cipher.py_cleaned.png,0,1,0.24023449420928955,0.7597655057907104
fold3,283_v4_16_content_arifromadhan19_LinkedList_simple_linked_list.py_cleaned.png,1,1,0.488775372505188,0.511224627494812
fold3,459_v4_1_content_gasior213214123_Python-Queue-Simulation_queue.py_cleaned.png,1,1,0.3662111163139343,0.6337888836860657
fold3,522_1_content_griffbr_BubbleNets_bubblenets_select_frame.py_cleaned.png,0,1,0.2451269030570984,0.7548730969429016
fold3,1213_v4_41_content_chaohstat_FGWAS_2_bstp.py_cleaned.png,1,1,0.32026392221450806,0.6797360777854919
fold3,1848_6_content_greed2411_LCS_try.py_cleaned.png,0,0,0.7649081945419312,0.23509180545806885
fold3,169_12_content_tristanang_DPifier_y_combinator.py_cleaned.png,0,1,0.45532000064849854,0.5446799993515015
fold3,1830_6_content_cliptic_nlp_article_spinner.py_cleaned.png,0,0,0.9131661653518677,0.08683383464813232
fold3,2185_92_content_paulfauthmayer_versopy_verso.py_cleaned.png,0,0,0.6380030512809753,0.36199694871902466
fold3,53_v4_10_content_Suji04_ML-Clustering_hccluster.py_cleaned.png,1,0,0.5329242944717407,0.4670757055282593
fold3,1006_30_content_HumaneWolf_telegram-spotify-queue_telegram_spotify_queue.py_cleaned.png,0,0,0.8910712003707886,0.10892879962921143
fold3,1742_v4_76_content_sangeeta97_web-scraping_ctri_cleaning.py_cleaned.png,1,0,0.9215288907289505,0.0784711092710495
fold3,79_11_content_DaiDongyang_knn_experiments.py_cleaned.png,0,1,0.14754760265350342,0.8524523973464966
fold3,193_13_content_frederikpietzko_fun_with_python_prime_factorization.py_cleaned.png,0,0,0.8967464342713356,0.1032535657286644
fold3,1717_v4_72_content_kperry2215_webscrape_monthly_og_data_bakken_Bakken_web_scrape.py_cleaned.png,1,0,0.5221316516399384,0.47786834836006165
fold3,1686_5_content_brown9804_Python_DiversosAlgortimos_CreandoMatrizApartirTXT.py_cleaned.png,0,0,0.8609646260738373,0.13903537392616272
fold3,1869_6_content_ryanlid87_BubbleSort_bubblesort.py_cleaned.png,0,0,0.9093545228242874,0.09064547717571259
fold3,525_v4_1_content_wanglouis49_risk_estimation_EX10H.py_cleaned.png,1,0,0.703904390335083,0.296095609664917
fold3,1109_v4_3_content_iRGBit_indexhelper_all_indexer.py_cleaned.png,1,1,0.16815608739852905,0.831843912601471
fold3,948_2_content_Gregory-Matthews_Bitcoin-Price-Predictor_linear_regression_multifeature.py_cleaned.png,0,1,0.1293056607246399,0.8706943392753601
fold3,2064_83_content_baccatore_polynominal_regression_lagrangeMultiplier.py_cleaned.png,0,0,0.689046323299408,0.31095367670059204
fold3,483_1_content_Aghabekyan_calculator-of-median-value_helpers.py_cleaned.png,0,0,0.5565532743930817,0.44344672560691833
fold3,204_13_content_jhomswk_Minimum_Spanning_Tree_union_find.py_cleaned.png,0,1,0.3993772268295288,0.6006227731704712
fold3,271_v4_15_content_VakinduPhilliam_Pattern_Matching_Python_Difflib_Pattern_Matching_N_Diff.py_cleaned.png,1,0,0.5682897865772247,0.43171021342277527
fold3,581_1_content_spriya14_Data_Visualization-using_T-SNE_dataset_visualization_101.py_cleaned.png,0,0,0.7479776442050934,0.2520223557949066
fold3,1915_v4_88_content_ns3agravat_sklearn_tfidf_cmle_train_idf.py_cleaned.png,1,1,0.4060704708099365,0.5939295291900635
fold3,1892_v4_85_content_CHSTROKIN_Machine-Learning-Lab_logistic_regression.py_cleaned.png,1,0,0.5529614686965942,0.44703853130340576
fold3,1694_5_content_dedeco_dijkstra-bellman-ford_grafo.py_cleaned.png,0,0,0.5870271921157837,0.4129728078842163
fold3,1653_v4_6_content_cliptic_nlp_Spinner03.py_cleaned.png,1,1,0.13835656642913818,0.8616434335708618
fold3,162_v4_13_content_dannbleeker_SearchForPrimeNumbers_runPrimeSearch.py_cleaned.png,1,0,0.8289313316345215,0.17106866836547852
fold3,533_v4_20_content_ErikDeBruijn_seed-split_seed-split.py_cleaned.png,1,0,0.5880297124385834,0.4119702875614166
fold3,2172_8_content_ynewton_variance_filter_filter_out_lowest_varying_genes.py_cleaned.png,0,1,0.49999892711639404,0.500001072883606
fold3,587_v4_22_content_asmitaneupane_Python-project_testfile.py_cleaned.png,1,0,0.6040516495704651,0.3959483504295349
fold3,1221_3_content_cookbenjamin_Regression_polyPy.py_cleaned.png,0,0,0.6299260258674622,0.37007397413253784
fold3,569_1_content_sadnessFree_arima-lstm_data_review.py_cleaned.png,0,0,0.5042076706886292,0.49579232931137085
fold3,1048_v4_38_content_d7x_pyrsacrack_pyrsacrack.raw.py_cleaned.png,1,0,0.9128174930810928,0.08718250691890717
fold3,413_18_content_akrentsel_insertion-sort-graph_insertion_sort_graph.py_cleaned.png,0,0,0.6656669974327087,0.33433300256729126
fold3,1710_5_content_GregLahaye_wikipedia-game_wikipedia.py_cleaned.png,0,0,0.9598246105015278,0.040175389498472214
fold3,1827_6_content_chengdai_gestation_multiomics_pregnancy_multiomics.py_cleaned.png,0,0,0.8477428555488586,0.15225714445114136
fold3,2003_7_content_Manerone_Evolutive-KNN_evolutive_knn.py_cleaned.png,0,0,0.5797176957130432,0.4202823042869568
fold3,133_12_content_anapandza_ComputerNetworks_Dijkstra.py_cleaned.png,0,0,0.782774806022644,0.21722519397735596
fold3,908_v4_30_content_rogerdenisvieira_bidirectional-conditional-insertion-sort_data_generator.py_cleaned.png,1,1,0.442508339881897,0.557491660118103
fold3,1317_3_content_xiekch_Adaptive-Huffman-Coding_test.py_cleaned.png,0,0,0.7212595045566559,0.2787404954433441
fold3,643_21_content_leonshen95_EC500-Modular-design-2.4_OutputAlert_module.py_cleaned.png,0,0,0.7626473605632782,0.2373526394367218
fold3,1589_53_content_iamrj846_Predicting-insurance-prices-with-Linear-Regression_PolynomialRegressionRegularized.py_cleaned.png,0,1,0.3245224952697754,0.6754775047302246
fold3,500_v4_1_content_RyanMarcus_TreeConvolution_util.py_cleaned.png,1,1,0.10651654005050659,0.8934834599494934
fold3,318_v4_16_content_vineetkia_Fundamentals-Of-Cryptography__1_-Caesar.py_cleaned.png,1,1,0.29216283559799194,0.7078371644020081
fold3,1963_7_content_Aly-Tomato_Prims-and-Kruskals_prims.py_cleaned.png,0,0,0.7045065462589264,0.2954934537410736
fold3,1286_3_content_Locrian24_PrimsMaze_mazes.py_cleaned.png,0,0,0.6005727648735046,0.39942723512649536
fold3,1119_35_content_darkhark_AverageNFLSafetyHeight_CalculateAverageSafetyHeight.py_cleaned.png,0,0,0.8011500984430313,0.1988499015569687
fold3,752_24_content_lesdev_SortingMethods_selection.py_cleaned.png,0,0,0.8552610278129578,0.14473897218704224
fold3,348_16_content_Murali91_Algorithms---Python_Dijkstra.py_cleaned.png,0,0,0.5038726031780243,0.4961273968219757
fold3,265_v4_15_content_tjarriel_CRV-analysis_demo_CRV_slidingwindow.py_cleaned.png,1,1,0.3710835576057434,0.6289164423942566
fold3,1006_v4_35_content_DiarmuidKelly_Key_Exchange_diffie_hellman.py_cleaned.png,1,1,0.2454836368560791,0.7545163631439209
fold3,1900_v4_86_content_bharathsharma95_DES_readFile.py_cleaned.png,1,0,0.6475836634635925,0.35241633653640747
fold3,190_v4_13_content_trsavi_Largest-Common-Sequence_subSequence.py_cleaned.png,1,0,0.6824657320976257,0.31753426790237427
fold3,939_v4_31_content_sayan-syn94_Apriori-Algorithm-implementation_apriory2.py_cleaned.png,1,1,0.10040384531021118,0.8995961546897888
fold3,2189_93_content_RoshanSPai_Map-Reduce-TF-IDF_reducer3.py_cleaned.png,0,0,0.8000908643007278,0.19990913569927216
fold3,2031_v4_9_content_ezequielbrrt_insertionSortPython_barra.py_cleaned.png,1,0,0.7282090783119202,0.27179092168807983
fold3,550_v4_21_content_abhishekmsharma_ai-knn-kmeans-crawler-python_job_search_environment.py_cleaned.png,1,0,0.7340849339962006,0.26591506600379944
fold3,411_18_content_10elements_BinaryTree_binaryTree.py_cleaned.png,0,0,0.6568028628826141,0.34319713711738586
fold3,929_2_content_aspremon_NaiveFeatureSelection_DemoNFS.py_cleaned.png,0,0,0.9532398357987404,0.04676016420125961
fold3,164_v4_13_content_fangzhengzhu_minst-knn_imgReader.py_cleaned.png,1,1,0.06753385066986084,0.9324661493301392
fold3,192_13_content_frederikpietzko_fun_with_python_gdc_euclidian_algorithm.py_cleaned.png,0,0,0.8901152610778809,0.10988473892211914
fold3,2005_v4_97_content_mjurk456_mini-snakes_web_scrapper.py_cleaned.png,1,1,0.33926117420196533,0.6607388257980347
fold3,1644_v4_6_content_chawl002_PythonProject141_2_assignment2.py_cleaned.png,1,1,0.36446821689605713,0.6355317831039429
fold3,1512_4_content_mincanhe_Network-routing-protocol_DwithHeap.py_cleaned.png,0,0,0.798186331987381,0.20181366801261902
fold3,1083_33_content_hexingwei_Binary-tree_tree.py_cleaned.png,0,0,0.7431437075138092,0.2568562924861908
fold3,636_v4_23_content_StellaLH_pco_darknoise_noise_analysis_2.py_cleaned.png,1,0,0.5372331440448761,0.4627668559551239
fold3,931_2_content_cardwizard_EllipticCurves_ec_dhe.py_cleaned.png,0,1,0.20456397533416748,0.7954360246658325
fold3,1403_45_content_absu5530_cnn_pos_experiments_results.py_cleaned.png,0,0,0.7485842108726501,0.25141578912734985
fold3,1488_v4_59_content_mahmoudhossam_task-queue_db.py_cleaned.png,1,0,0.5953995287418365,0.40460047125816345
fold3,1803_v4_7_content_kanthagirish-rit_lcs-project_dynamicprog.py_cleaned.png,1,0,0.7016782760620117,0.2983217239379883
fold3,708_v4_25_content_sharonyeji_Fibonacci_Sequence_test_sequences.py_cleaned.png,1,0,0.6455813050270081,0.35441869497299194
fold3,1167_38_content_dareofmeashwani_Pre-Processing-Queue-For-Deep-Learning-Model_DataQueue.py_cleaned.png,0,1,0.46533894538879395,0.534661054611206
fold3,918_v4_30_content_tommasofioravanti_DecisionTreeLearning_DecisionTree.py_cleaned.png,1,0,0.6357356905937195,0.3642643094062805
fold3,970_v4_33_content_gquintela_bfs_graph.py_cleaned.png,1,0,0.534402072429657,0.465597927570343
fold3,1521_v4_5_content_brown9804_Python_DiversosAlgortimos_VerificaFechaValidaCalendario.py_cleaned.png,1,1,0.23766404390335083,0.7623359560966492
fold3,1628_57_content_Nirusha1_Binary-Search-Tree-_binaryTree.py_cleaned.png,0,0,0.5739491879940033,0.4260508120059967
fold3,892_29_content_cmccoypdx_PythonSortCompare_Timer.py_cleaned.png,0,1,0.4508700370788574,0.5491299629211426
fold3,1188_v4_3_content_WDI-SEA_python-linked-lists_linkedlist-test.py_cleaned.png,1,0,0.8896558806300163,0.11034411936998367
fold3,2071_83_content_vikcui_dfs_combination_sum_combination_sum.py_cleaned.png,0,0,0.8955478519201279,0.10445214807987213
fold3,1807_v4_7_content_kristianespina_python-binary-search-tree_binary_search_tree.py_cleaned.png,1,0,0.5042486786842346,0.4957513213157654
fold3,995_v4_34_content_jhomswk_Binary_Search_Tree_avl_tree.py_cleaned.png,1,0,0.707799106836319,0.29220089316368103
fold3,1749_61_content_gpwood_fibonacciOfOrderN_fib.py_cleaned.png,0,0,0.7120955884456635,0.28790441155433655
fold3,1610_v4_66_content_saucecode_rsaved_clean_user.py_cleaned.png,1,1,0.2846866846084595,0.7153133153915405
fold3,2253_9_content_loserboi23_rsa-publickey_signer.py_cleaned.png,0,1,0.3183698058128357,0.6816301941871643
fold3,628_v4_23_content_JeffersonLPLima_knn_pca_knn_wine.py_cleaned.png,1,1,0.44582027196884155,0.5541797280311584
fold3,1479_v4_58_content_tarasrumezhak_TicTacToe_board.py_cleaned.png,1,0,0.5838846862316132,0.41611531376838684
fold3,267_14_content_Robo-Sapien_Maze-Perilous-Real-Time-Implemention-of-Dijkstra-Algorithm_pixel_values.py_cleaned.png,0,0,0.7923763990402222,0.20762360095977783
fold3,418_18_content_CommanderSnuggle_RSA_signer.py_cleaned.png,0,0,0.6702312231063843,0.3297687768936157
fold3,1524_4_content_nikitaa30_Content-based-Recommender-System_recommender_system.py_cleaned.png,0,0,0.5925640165805817,0.40743598341941833
fold3,837_v4_2_content_DmitryOstroushko_Linear-Regression_model.py_cleaned.png,1,1,0.2585040330886841,0.7414959669113159
fold3,838_27_content_dfpena_KoiWebScrapingExample_ScrapeUrlTable2Pandas.py_cleaned.png,0,0,0.8738865852355957,0.1261134147644043
fold3,511_v4_1_content_speix_8-puzzle-solver_state.py_cleaned.png,1,1,0.43730103969573975,0.5626989603042603
fold3,1224_v4_42_content_akipekoren_Polynomial-regression_polynomial_regression.py_cleaned.png,1,0,0.6105929017066956,0.38940709829330444
fold3,203_v4_14_content_ambasthv_Analytics_ARIMA_polynomial_Linear_Regression_test_lib.py_cleaned.png,1,1,0.4577937126159668,0.5422062873840332
fold3,50_10_content_patrickkingg_K-means_Clustering_kmeans.py_cleaned.png,0,0,0.793133869767189,0.20686613023281097
fold3,1845_6_content_gionanide_Cryptography_manipulate_CRC_computations.py_cleaned.png,0,0,0.9348734393715858,0.06512656062841415
fold3,1199_v4_40_content_Charles-Peeke_clinical_variances_sponsor_app.py_cleaned.png,1,1,0.2075604796409607,0.7924395203590393
fold3,1877_6_content_sockster_metroCard_metroCard.py_cleaned.png,0,0,0.5033715963363647,0.49662840366363525
fold3,957_v4_32_content_DarylBui_webscraping_WebScraping.py_cleaned.png,1,1,0.3225020170211792,0.6774979829788208
fold3,1661_5_content_AdamJacoby_Hopf_Example_Bpq.py_cleaned.png,0,0,0.8082407563924789,0.19175924360752106
fold3,72_11_content_AlfioEmanueleFresta_practical-one-time-pad-python_exercise2.py_cleaned.png,0,0,0.8087915778160095,0.19120842218399048
fold3,2228_99_content_MatheusMuriel_ProgramacaoDinamica_Plotador.py_cleaned.png,0,0,0.7948291748762131,0.20517082512378693
fold3,1361_42_content_nidhigup01_Least-Common-Ancestor-in-Binary-tree_self_least_common_ancestor.py_cleaned.png,0,1,0.3891438841819763,0.6108561158180237
fold3,1965_v4_8_content_thingumajig_weighted_lcs_weighted_lcs.py_cleaned.png,1,0,0.7387568652629852,0.26124313473701477
fold3,2200_94_content_ytnguyenedalgo_scrape_retail_site_useragentls.py_cleaned.png,0,0,0.6470829546451569,0.35291704535484314
fold3,1032_v4_36_content_NabinAdhikari674_Study-on-Different-ML-Models-on-Housing-Dataset_main.py_cleaned.png,1,0,0.7032333612442017,0.29676663875579834
fold3,1212_3_content_archit-p_two-time-pad-exploit_exploit-two-time-pad.py_cleaned.png,0,0,0.7984864562749863,0.20151354372501373
fold3,562_v4_21_content_hagyu-aya_prime-number-bot_index.py_cleaned.png,1,0,0.6276375651359558,0.3723624348640442
fold3,77_11_content_ayushkumarshah_Dynamic-Programming-MCM-and-LCS_matmul.py_cleaned.png,0,0,0.7468897104263306,0.25311028957366943
fold3,96_11_content_liam-han_all-pairs-shortest-path_allPairsShortestPath.py_cleaned.png,0,0,0.865185871720314,0.13481412827968597
fold3,1801_67_content_theSnehaThing_NaiveBayes_Naive-Bayes_Classifier.py_cleaned.png,0,0,0.542457789182663,0.45754221081733704
fold3,2075_84_content_Keon6_CrapsSimulator_RunSimulation.py_cleaned.png,0,1,0.3586233854293823,0.6413766145706177
fold3,124_11_content_XlogicX_Fibonacci_fib.py_cleaned.png,0,0,0.7192135751247406,0.2807864248752594
fold3,1129_35_content_mahfuzali_AzureRSAPy_receiver.py_cleaned.png,0,0,0.7025545239448547,0.29744547605514526
fold3,848_27_content_Mypathissional_Data_Structures_AVL.py_cleaned.png,0,1,0.4957311153411865,0.5042688846588135
fold3,362_v4_18_content_akrentsel_insertion-sort-graph_insertion_sort_graph.py_cleaned.png,1,0,0.5652859210968018,0.43471407890319824
fold3,2135_8_content_chiragragarwal_Graphs_And_Networks_numpy_help.py_cleaned.png,0,0,0.9414553381502628,0.05854466184973717
fold3,309_v4_16_content_nicolasenciso_One-time-pad-crypto-algorithm_OneTimePad.py_cleaned.png,1,1,0.17902833223342896,0.820971667766571
fold3,1678_v4_6_content_muhammadhabibi_CBS01_Main.py_cleaned.png,1,1,0.37269097566604614,0.6273090243339539
fold3,1079_33_content_georgealexiou_Blocksworld-Puzzle-AI-Solver_driver.py_cleaned.png,0,0,0.6376077830791473,0.36239221692085266
fold3,1239_3_content_iykadev_pyalgo_anagram.py_cleaned.png,0,0,0.8398738205432892,0.16012617945671082
fold3,1203_39_content_sabernn_linear_regression_lin_reg_b.py_cleaned.png,0,0,0.9843579158186913,0.015642084181308746
fold3,1440_47_content_woodElec_Parallel-Dijkstra-Networkx_voronoi_module.py_cleaned.png,0,0,0.5399211347103119,0.4600788652896881
fold3,1523_4_content_nikhilrampal15_real_estate_advisor_knn_kmeans_kmeans.py_cleaned.png,0,0,0.5998637676239014,0.40013623237609863
fold3,379_v4_18_content_ppke-nlpg_emmorphpy_emmorphrest.py_cleaned.png,1,0,0.6905789375305176,0.3094210624694824
fold3,1331_40_content_kurosh-wss_Insersion-Sort_insertionSort.py_cleaned.png,0,0,0.763661339879036,0.23633866012096405
fold3,2119_8_content_16chuang_CS161_Project_CLCSSlow.py_cleaned.png,0,0,0.659757524728775,0.340242475271225
fold3,2043_v4_9_content_mohamedhossam07_rsa_encryption_keygen.py_cleaned.png,1,0,0.6314301192760468,0.36856988072395325
fold3,1636_58_content_davidawad_TISLA_FAQ_tests.py_cleaned.png,0,0,0.6440748274326324,0.35592517256736755
fold3,1298_3_content_ravinderiiit_Market-Basket-Optimisation-by-apriori-Algorithm_apriori.py_cleaned.png,0,0,0.9340482801198959,0.06595171988010406
fold3,1044_31_content_NagarajSMurthy_Data-Structures_LinkedList.py_cleaned.png,0,0,0.8912660777568817,0.10873392224311829
fold3,2271_9_content_Soumyabrata_predicting-pwv_read_matfile.py_cleaned.png,0,0,0.5833693742752075,0.4166306257247925
fold3,745_24_content_jakubfolta_PrimeNumber_Prime.py_cleaned.png,0,0,0.9138076901435852,0.0861923098564148
fold3,2082_84_content_WizHacks_ChordDFS_ChordMessage.py_cleaned.png,0,0,0.514695554971695,0.48530444502830505
fold3,740_24_content_Esperano_internal_noise_generate_d_k.py_cleaned.png,0,1,0.2431952953338623,0.7568047046661377
fold3,145_v4_12_content_Rafelito19_Crypo-Number-Theory-Projects_ferm.py_cleaned.png,1,0,0.9224296137690544,0.07757038623094559
fold3,839_v4_2_content_ernestosanchezmatos_-BellmanFord_algoritmo_bellmanford.py_cleaned.png,1,0,0.866534635424614,0.13346536457538605
fold3,1238_v4_43_content_CarlaLlama_XhosaBot-PhraseVarianceGenerator_faq_dataset.py_cleaned.png,1,1,0.3915979266166687,0.6084020733833313
fold3,880_v4_2_content_Prateek-Bansal_Admission_K_nearest_neighbours.py_cleaned.png,1,0,0.5768450200557709,0.4231549799442291
fold3,1062_32_content_BhaveshMotwani_Hierarchical_Document_Clustering_hac.py_cleaned.png,0,0,0.9795249532908201,0.020475046709179878
fold3,1943_78_content_uptodiff_kdd-cup-99-Analysis-machine-learning-python_kdd_binary_classification_ANN.py_cleaned.png,0,0,0.6450216770172119,0.3549783229827881
fold3,2072_84_content_ieeeWang_Linear-regression-using-tf_linear_regression_tf_medium_API.py_cleaned.png,0,0,0.8193619549274445,0.18063804507255554
fold3,1809_v4_7_content_luluforever_segword-and-TF-IDF_get_50_tf-idf.py_cleaned.png,1,1,0.19361984729766846,0.8063801527023315
fold3,903_29_content_Jedshady_Variance-Reduction-on-CNN_download_data.py_cleaned.png,0,0,0.562667191028595,0.43733280897140503
fold3,1526_4_content_prathmachowksey_Multivariate-Polynomial-Regression_generate_polynomials.py_cleaned.png,0,0,0.8671262264251709,0.1328737735748291
fold3,27_10_content_Ethan2018_Apriori_APRI.py_cleaned.png,0,0,0.9685010425746441,0.03149895742535591
fold3,1748_v4_77_content_keryl_prime-numbers_prime_numbers.py_cleaned.png,1,0,0.5914227664470673,0.40857723355293274
fold3,1551_51_content_adityapatelgithub_Expressions-and-Functions_linkedlist.py_cleaned.png,0,1,0.24016284942626953,0.7598371505737305
fold3,216_13_content_qwerty1917_KNN_OCR_main_py2.py_cleaned.png,0,1,0.435627281665802,0.564372718334198
fold3,263_14_content_necall_cosine-similarity_sent_seg.py_cleaned.png,0,1,0.2919269800186157,0.7080730199813843
fold3,1703_v4_70_content_DimaAntoniuk_Lab4_bfs_bfs.py_cleaned.png,1,1,0.37291795015335083,0.6270820498466492
fold3,2155_8_content_leocarr_smallestmultiple_smallestmult.py_cleaned.png,0,0,0.9894389780238271,0.010561021976172924
fold3,1472_4_content_alex-rantos_Project-1-Search-in-Pacman_ghostAgents.py_cleaned.png,0,0,0.9611960612237453,0.038803938776254654
fold3,1776_65_content_NidhiPati_PythonProgramsAcademicProjects_StackQueue.py_cleaned.png,0,0,0.5002431869506836,0.4997568130493164
fold3,1794_v4_7_content_gabriel-arauj_grafos_matriz.py_cleaned.png,1,1,0.3080059885978699,0.6919940114021301
fold3,206_v4_14_content_b-hub_cracker_test.py_cleaned.png,1,0,0.7615952640771866,0.23840473592281342
fold3,732_v4_26_content_NicolasAG_ML-assignment1_a1q1d.py_cleaned.png,1,0,0.6463442444801331,0.35365575551986694
fold3,1011_v4_35_content_jfwhite_CourseSelection_interact_with_user.py_cleaned.png,1,0,0.6223430633544922,0.3776569366455078
fold3,572_1_content_SamKnightGit_LeagueBot_context.py_cleaned.png,0,0,0.6347770392894745,0.3652229607105255
fold3,412_18_content_abellakr_indeed-job-search-python-script_indeed.py_cleaned.png,0,0,0.5543113350868225,0.4456886649131775
fold3,1673_v4_6_content_mayuri0192_Image-classification_log.py_cleaned.png,1,0,0.5290175676345825,0.4709824323654175
fold3,663_22_content_asmitaneupane_Python-project_algorithm.py_cleaned.png,0,0,0.8105234950780869,0.18947650492191315
fold3,769_v4_28_content_joswinkj_apriori_constants.py_cleaned.png,1,0,0.5340577661991119,0.46594223380088806
fold3,519_v4_1_content_susheelsagar_LCSS_temp.py_cleaned.png,1,0,0.7490803301334381,0.2509196698665619
fold3,1187_v4_3_content_WDI-SEA_python-binary-trees_twenty_questions.py_cleaned.png,1,1,0.20504117012023926,0.7949588298797607
fold3,1611_v4_66_content_saucecode_rsaved_verify_integrity.py_cleaned.png,1,0,0.6329727172851562,0.36702728271484375
fold3,1797_v4_7_content_j2kun_binary-search-graphs_dijkstra.py_cleaned.png,1,1,0.3687589168548584,0.6312410831451416
fold3,404_v4_19_content_eug_minimum-spanning-tree_main.py_cleaned.png,1,1,0.2683063745498657,0.7316936254501343
fold3,1353_42_content_akipekoren_Polynomial-regression_polynomial_regression.py_cleaned.png,0,0,0.8049895614385605,0.19501043856143951
fold3,305_v4_16_content_NB-prog_INTERN-2019_plot.py_cleaned.png,1,1,0.48352742195129395,0.516472578048706
fold3,463_19_content_mpiivonen_apriori-algorithm_parse.py_cleaned.png,0,0,0.9574850499629974,0.042514950037002563
fold3,1481_v4_58_content_zhaoyichanghong_machine_learing_algo_python_bisecting_kmeans.py_cleaned.png,1,1,0.25675398111343384,0.7432460188865662
fold3,808_26_content_Emersonxuelinux_One_Big_Archive_Listing_18-2.py_cleaned.png,0,1,0.17820990085601807,0.8217900991439819
fold3,755_v4_27_content_ohbriansung_rsa_key_cryptosystem_rsa_key_cryptosystem.py_cleaned.png,1,1,0.48974746465682983,0.5102525353431702
fold3,1804_68_content_ajitashree_Data_Mining_Algorithms_eclat.py_cleaned.png,0,0,0.8491165339946747,0.15088346600532532
fold3,1978_v4_92_content_Lifan-9527_DFSprocess_STFT.py_cleaned.png,1,1,0.2490401268005371,0.7509598731994629
fold3,156_12_content_jplevy_PolynomialRegressionPython_my_polynomial_regression.py_cleaned.png,0,0,0.659805417060852,0.34019458293914795
fold3,1494_v4_59_content_Yousab_parallel-bubble-sort-mpi_bubble_parallel.py_cleaned.png,1,1,0.3581884503364563,0.6418115496635437
fold3,1916_73_content_OstapKuch_Lab_01_alg_sort.py_cleaned.png,0,0,0.7834045141935349,0.21659548580646515
fold3,2046_81_content_AbanoubGhadban_des-encryption_des.py_cleaned.png,0,0,0.644227921962738,0.35577207803726196
fold3,2085_v4_v5_10_content_mahimagupta_NLP-Research-Project-_supervisedLearner.py_cleaned.png,1,1,0.10176688432693481,0.8982331156730652
fold3,527_v4_1_content_xaneon_Clust_template.py_cleaned.png,1,1,0.23493719100952148,0.7650628089904785
fold3,223_13_content_ToonBlok_LinkedList_test_pylinkedlist.py_cleaned.png,0,0,0.8378756791353226,0.16212432086467743
fold3,1613_56_content_angauber_linear_regression_learn.py_cleaned.png,0,0,0.8988779187202454,0.10112208127975464
fold3,574_1_content_shkolovy_path-finder-algorithms_bfs.py_cleaned.png,0,1,0.36198294162750244,0.6380170583724976
fold3,237_14_content_ambasthv_Analytics_ARIMA_polynomial_Linear_Regression_arimaMA.py_cleaned.png,0,0,0.7110497057437897,0.2889502942562103
fold3,1623_v4_67_content_TadayoshiCarvajal_Sorting-in-Python_sortingAlgorithms.py_cleaned.png,1,1,0.22232669591903687,0.7776733040809631
fold3,881_v4_2_content_Prateek-Bansal_Admission_logistic_regression.py_cleaned.png,1,1,0.4790639281272888,0.5209360718727112
fold3,1075_v4_39_content_lorenzo3117_python-sorting-scripts_bubbleSort.py_cleaned.png,1,1,0.38906270265579224,0.6109372973442078
fold3,1276_v4_45_content_kriti149_Text-Summarizer_txt_summarization.py_cleaned.png,1,1,0.16245806217193604,0.837541937828064
fold3,1669_v4_6_content_hsiaoyi0504_BioChem_stop_words_main.py_cleaned.png,1,1,0.30264270305633545,0.6973572969436646
fold3,1949_v4_8_content_harshithachidanand_Elliptic-Curve-Cryptography_Shanks_algo.py_cleaned.png,1,1,0.4718739986419678,0.5281260013580322
fold3,1211_3_content_ameyak11_Creative-prims_creative_prims.py_cleaned.png,0,0,0.9620224088430405,0.037977591156959534
fold3,1025_v4_36_content_DeokchangSeo_recommenderSystem_mean_centerred_ratings.py_cleaned.png,1,1,0.0779375433921814,0.9220624566078186
fold3,406_v4_19_content_Haridut_Data-Mining-algorithms_Frag_shell.py_cleaned.png,1,0,0.6818381547927856,0.31816184520721436
fold3,1460_49_content_lllunaticer_pathFindGUI_Draw.py_cleaned.png,0,1,0.44778871536254883,0.5522112846374512
fold3,2084_85_content_asifraza-sonu_Polynomial-regression-Ridge-regression-Lasso-Regression_2018AIML551_ridge_part_d.py_cleaned.png,0,1,0.13700175285339355,0.8629982471466064
fold3,2054_81_content_kiranathealea_regressionMachineLearning_main.py_cleaned.png,0,1,0.24091309309005737,0.7590869069099426
fold3,1551_v4_5_content_kheguy_bubbleSort_bubbleSort.py_cleaned.png,1,1,0.29961496591567993,0.7003850340843201
fold3,1567_v4_60_content_winnie9197_The-Coding-School-projects_mini-game.py_cleaned.png,1,0,0.697194367647171,0.302805632352829
fold3,1939_v4_8_content_chiragragarwal_Graphs_And_Networks_ReadGraph.py_cleaned.png,1,1,0.11389338970184326,0.8861066102981567
fold3,2135_v5_v4_36_content_OneWinged-Eagle_spotimy_getArtists.py_cleaned.png,1,1,0.20041197538375854,0.7995880246162415
fold3,1264_3_content_iykadev_pyalgo_quickSort.py_cleaned.png,0,0,0.7019061148166656,0.29809388518333435
fold3,471_19_content_tanishqjasoria_elliptic_curve_cryptography_mod.py_cleaned.png,0,0,0.9349133223295212,0.06508667767047882
fold3,2086_v4_v5_10_content_nishi1612_Email-Spam-Classification-using-SVM_extracting_unique_words_from_all_emails.py_cleaned.png,1,1,0.25908488035202026,0.7409151196479797
fold3,1357_v4_4_content_kevalmorabia97_Agglomerative-Hierarchical-Clustering-Comparison_HierarchicalAgglomerativeClustering.py_cleaned.png,1,1,0.17255645990371704,0.827443540096283
fold3,1477_v4_58_content_loulai_InformationRetrieval_information_retrieval.py_cleaned.png,1,1,0.3074396848678589,0.6925603151321411
fold3,1847_v4_80_content_Ayushhiman_LR_LRP.py(1)_cleaned.png,1,0,0.6537407338619232,0.3462592661380768
fold3,904_29_content_mashfiq10_Linear-and-logistic-regression_prob1.py_cleaned.png,0,0,0.5698281824588776,0.43017181754112244
fold3,575_1_content_shkolovy_path-finder-algorithms_b_star.py_cleaned.png,0,1,0.11047476530075073,0.8895252346992493
fold3,920_v4_30_content_XiaogeWang_Sort-Algorithms-Python-Version-_heap_sort.py_cleaned.png,1,0,0.6037514209747314,0.39624857902526855
fold3,1018_v4_35_content_riccardobisori_Binary-Trees_ResultsInsert.py_cleaned.png,1,1,0.3455970287322998,0.6544029712677002
fold3,1788_v4_7_content_ettuniversum_NaiveBayesian_iris_classifier.py_cleaned.png,1,1,0.43683749437332153,0.5631625056266785
fold3,250_14_content_CohleM_Maze_test.py_cleaned.png,0,0,0.9291754215955734,0.07082457840442657
fold3,626_21_content_abhishekmsharma_ai-knn-kmeans-crawler-python_job_search_environment.py_cleaned.png,0,0,0.8697600215673447,0.13023997843265533
fold3,2097_86_content_ChokMania_ft_linear_regression_train.py_cleaned.png,0,0,0.7047163248062134,0.2952836751937866
fold3,831_v4_2_content_carlosguadir_kruskal_AlgoritmoKruskal.py_cleaned.png,1,0,0.6372312307357788,0.3627687692642212
fold3,766_v4_28_content_gizzidan_basic-python-practice_primes.py_cleaned.png,1,1,0.36981844902038574,0.6301815509796143
fold3,603_20_content_ErikDeBruijn_seed-split_seed-split.py_cleaned.png,0,0,0.7014084160327911,0.29859158396720886
fold3,49_v4_10_content_selden-lin_python_huffman_tree_decompressor_nodes.py_cleaned.png,1,0,0.5303243100643158,0.4696756899356842
fold3,1131_35_content_PeterUpfold_simple-temp-queue-pusher_simple-temp-queue-pusher.py_cleaned.png,0,0,0.6067370474338531,0.39326295256614685
fold3,731_24_content_AntoAndGar_ProgettazioneDiAlgoritmi_PDesame10_06_19_matrix.py_cleaned.png,0,0,0.7420516014099121,0.2579483985900879
fold3,2068_v4_v4_1_content_sadnessFree_arima-lstm_arima.py_cleaned.png,1,1,0.0545344352722168,0.9454655647277832
fold3,352_16_content_NB-prog_INTERN-2019_similarity_eval.py_cleaned.png,0,0,0.5126855075359344,0.48731449246406555
fold3,277_v4_15_content_VakinduPhilliam_Pattern_Matching_Python_Fnmatch_Translate.py_cleaned.png,1,0,0.7950131893157959,0.2049868106842041
fold3,92_v4_11_content_mskroar18_GraphWizard_Prim.py_cleaned.png,1,1,0.1429843306541443,0.8570156693458557
fold3,1911_v4_88_content_andreaestrada_mazecrawler_server.py_cleaned.png,1,1,0.18311339616775513,0.8168866038322449
fold3,139_v4_12_content_jcarstenson_parallel_final_performanceTest.py_cleaned.png,1,0,0.7375496327877045,0.26245036721229553
fold3,59_v4_10_content_zpeterg_bmig_5003_count_words_index.py_cleaned.png,1,0,0.8282382935285568,0.17176170647144318
fold3,1302_3_content_rizkyary_BFS_BASE_BFS_BASE.py_cleaned.png,0,0,0.87074314057827,0.12925685942173004
fold3,256_14_content_GBursali_RSA-Talker_server.py_cleaned.png,0,0,0.8191327303647995,0.1808672696352005
fold3,170_12_content_tristanang_DPifier_y_combinator_test.py_cleaned.png,0,0,0.6651716530323029,0.33482834696769714
fold3,10_v4_10_content_analyticsbot_document-similarity_document_similarity_WMD.py_cleaned.png,1,1,0.07382774353027344,0.9261722564697266
fold3,1713_v4_71_content_logyball_public_private_encryption_millerrabin.py_cleaned.png,1,0,0.7251612544059753,0.27483874559402466
fold3,2015_v4_99_content_MatheusMuriel_ProgramacaoDinamica_Memoria.py_cleaned.png,1,1,0.4052872061729431,0.5947127938270569
fold3,1306_v4_48_content_fhadyan_Document-classification-with-TF-IDF_Stemming.py_cleaned.png,1,1,0.45042628049850464,0.5495737195014954
fold3,700_v4_25_content_MarcLindenbach_2d-grouping_k_cluster.py_cleaned.png,1,0,0.5762063562870026,0.42379364371299744
fold3,1294_3_content_pombredanne_string-alignment_globalAlignment.py_cleaned.png,0,0,0.9101899638772011,0.08981003612279892
fold3,1050_v4_38_content_davidcarrollnyc_Recursive_Python_WebScraper_BeautifulSoup_into_MongoDB_insertIntoMongo.py_cleaned.png,1,1,0.192654550075531,0.807345449924469
fold3,1457_49_content_Darren-Drapkin_RippleSort-with-chains_RippleSort-with-chains.py_cleaned.png,0,0,0.562320351600647,0.437679648399353
fold3,345_16_content_mor3dr3ad_gcdRecur_gdcRecur.py_cleaned.png,0,0,0.8923380300402641,0.10766196995973587
fold3,623_20_content_UAvinash7_Cryptography_AsymmetricRSAAlgorithm.py_cleaned.png,0,0,0.5859586894512177,0.41404131054878235
fold3,726_v4_26_content_liangsheng02_Huffman-Tree_huff-decompress.py_cleaned.png,1,1,0.11632275581359863,0.8836772441864014
fold3,1131_v4_3_content_iykadev_pyalgo_midpoint_circle_algo.py_cleaned.png,1,0,0.5726464092731476,0.4273535907268524
fold3,1689_v4_6_content_sherlvick_sentimental-analysis_SVM_svm_pipe.py_cleaned.png,1,0,0.5889711081981659,0.4110288918018341
fold3,2273_9_content_vbelz_Movie-recommender_prepare_database.py_cleaned.png,0,1,0.4681288003921509,0.5318711996078491
fold3,1629_v4_68_content_elados93_AI_Ex1_PuzzleState.py_cleaned.png,1,0,0.526671975851059,0.47332802414894104
fold3,232_14_content_149ps_leetcode-solutions_66_plus_one.py_cleaned.png,0,0,0.8599806129932404,0.14001938700675964
fold3,453_v4_1_content_dhvanilp_Persistent-Binary-Search-Trees_index.py_cleaned.png,1,0,0.6441897451877594,0.3558102548122406
fold3,1190_v4_3_content_xiekch_Adaptive-Huffman-Coding_node.py_cleaned.png,1,0,0.5736541152000427,0.4263458847999573
fold3,2274_9_content_wwlorey_one-time-pad_bin_otp_key_gen.py_cleaned.png,0,1,0.26261812448501587,0.7373818755149841
fold3,573_v4_21_content_qiulingxu_Variance-Reduced-Policy-Gradient_gymif.py_cleaned.png,1,1,0.16162121295928955,0.8383787870407104
fold3,1394_44_content_mlnn_PCA_PCA.py_cleaned.png,0,0,0.5028273165225983,0.49717268347740173
fold3,1073_32_content_Terry-Kusunoki-Martin_World-University-Rankings-Clustering_filehelper.py_cleaned.png,0,0,0.8502448946237564,0.1497551053762436
fold3,1960_7_content_allenabraham999_Bubble-sort_bubble_sort.py_cleaned.png,0,0,0.6093522906303406,0.3906477093696594
fold3,1325_40_content_Charles-Peeke_clinical_variances_sponsor_app.py_cleaned.png,0,0,0.8952509313821793,0.10474906861782074
fold3,1719_5_content_jzell001_Bellman_Ford_Floyd_Warshall_bellman_ford.py_cleaned.png,0,0,0.9818215575069189,0.018178442493081093
fold3,1968_7_content_cp2-dc-info-lamp-2018_iris-knn_nao_somos_botanicos.py_cleaned.png,0,0,0.6965676546096802,0.3034323453903198
fold3,1957_v4_8_content_LOOPPO_BSTree_RBTree_RBTree.py_cleaned.png,1,0,0.5924139022827148,0.40758609771728516
fold3,1332_40_content_Lemon-cmd_Linear-Regression_lreg.py_cleaned.png,0,1,0.18027430772781372,0.8197256922721863
fold3,284_15_content_DrSara9888_Machaine-Learning-Big-Data_Outliers_IQR.py_cleaned.png,0,0,0.9630848132073879,0.036915186792612076
fold3,1382_44_content_akbloodadarsh_Twitter-Sentimental-Analysis_MultinomialNaiveBayes.py_cleaned.png,0,1,0.2677818536758423,0.7322181463241577
fold3,1192_39_content_hamidaucc_Link-state-protocol-in-python_Test.py_cleaned.png,0,1,0.44902724027633667,0.5509727597236633
fold3,1127_35_content_jamescarney3_pybst_tree.py_cleaned.png,0,0,0.5616694390773773,0.4383305609226227
fold3,1698_v4_6_content_yasinakinn_hierarchical-clustering_linkage_methods.py_cleaned.png,1,1,0.28165125846862793,0.7183487415313721
fold3,103_11_content_mrluin_EfficientAutoDeeplab_evaluation.py_cleaned.png,0,1,0.2568792700767517,0.7431207299232483
fold3,252_v4_15_content_jknight1725_linear_search_vs_random_search_myFunctions.py_cleaned.png,1,0,0.8497868478298187,0.15021315217018127
fold3,1809_68_content_jacob-bonner_ICS3U-Assignment7-Python_fibonacci.py_cleaned.png,0,0,0.6919926702976227,0.3080073297023773
fold3,1779_v4_7_content_cp2-dc-info-lamp-2018_iris-knn_nao_somos_botanicos.py_cleaned.png,1,0,0.506798505783081,0.49320149421691895
fold3,1597_54_content_DNPA_txhqueue_txbasetest.py_cleaned.png,0,0,0.8031225949525833,0.1968774050474167
fold3,2100_86_content_Enkhai_simple-DES_misc.py_cleaned.png,0,1,0.46865570545196533,0.5313442945480347
fold3,1916_v4_88_content_Ronaldo009_genPlanByDFS_mysqlConnection.py_cleaned.png,1,0,0.6505592167377472,0.3494407832622528
fold3,2156_8_content_lesscake_prime-numbers-eratosthenes_naive.py_cleaned.png,0,0,0.8682819902896881,0.1317180097103119
fold3,999_2_content_varun10221_ARIMA-model_s_and_p.py_cleaned.png,0,1,0.2833631634712219,0.7166368365287781
fold3,2088_v4_v5_11_content_sichen-x_search-engine_test_htable.py_cleaned.png,1,1,0.4518740773200989,0.5481259226799011
fold3,605_v4_22_content_SivaRanjan17_AES-Multi-Client-Chat-System_client.py_cleaned.png,1,0,0.7706742435693741,0.22932575643062592
fold3,1470_v4_57_content_popkinj_azimuth-swath___init__.py_cleaned.png,1,0,0.6289332807064056,0.37106671929359436
fold3,78_11_content_Boros93_GraphProject_prim.py_cleaned.png,0,0,0.5563384294509888,0.44366157054901123
fold3,1885_70_content_Arcnor_binja_search___init__.py_cleaned.png,0,0,0.5857626497745514,0.4142373502254486
fold3,1905_v4_86_content_sudarshan-koirala_Clustering-Algorithms-Comparision_hierarchical_clustering.py_cleaned.png,1,1,0.46896064281463623,0.5310393571853638
fold3,1343_v4_4_content_flaviohenriqu_divisibility_flaskapp.py_cleaned.png,1,0,0.5342729687690735,0.4657270312309265
fold3,1038_v4_37_content_AAdewunmi_Following-Links-in-HTML-Using-BeautifulSoup_assign_12.6.py_cleaned.png,1,1,0.265919029712677,0.734080970287323
fold3,603_v4_22_content_Raxev_datastructures3_huffElement.py_cleaned.png,1,0,0.6938867270946503,0.30611327290534973
fold3,972_2_content_Liu-WeiYi_Private_Preserving_Outlier_Behavior_Detection_Process_TianChi_Main.py_cleaned.png,0,1,0.09199565649032593,0.9080043435096741
fold3,563_v4_21_content_jakubsilhavy_mhhc_config.py_cleaned.png,1,0,0.9209921509027481,0.07900784909725189
fold3,422_18_content_FN-HD_Elliptic_Curve_Cryptography_Fp_main.py_cleaned.png,0,0,0.9509620405733585,0.049037959426641464
fold3,2051_v4_9_content_RooiAap_One-Time-Pad_encrypt.py_cleaned.png,1,1,0.16210663318634033,0.8378933668136597
fold3,376_17_content_bhushankorpe_Fizz_Buzz_Fibonacci_Fizz_Buzz_Fibonacci.py_cleaned.png,0,0,0.9299488961696625,0.07005110383033752
fold3,1806_68_content_DheerajKumar97_Linear-and-Generalized-Linear-Model-Algorithms-from-scratch_Simple_Linear_Regression.py_cleaned.png,0,0,0.918971836566925,0.08102816343307495
fold3,1270_3_content_iykadev_pyalgo_sierpinski_triangle.py_cleaned.png,0,0,0.8586075752973557,0.14139242470264435
fold3,1511_v4_5_content_anguillanneuf_bigO_28_valid_bst.py_cleaned.png,1,1,0.37759828567504883,0.6224017143249512
fold3,1664_v4_6_content_greed2411_LCS_main.py_cleaned.png,1,0,0.5666750371456146,0.4333249628543854
fold3,1225_3_content_deniselucey_Python_Recursive_Definitions_factorial.py_cleaned.png,0,0,0.8748698234558105,0.12513017654418945
fold3,258_14_content_lisha1992_KNN-Clasify_handWritingClassify.py_cleaned.png,0,0,0.7515774965286255,0.2484225034713745
fold3,1275_v4_45_content_Janteby1_bubble_sort-copy_bubble_sort.py_cleaned.png,1,1,0.04954010248184204,0.950459897518158
fold3,1686_v4_6_content_ryanlid87_BubbleSort_bubblesort.py_cleaned.png,1,1,0.21920990943908691,0.7807900905609131
fold3,1836_6_content_cliptic_nlp_spinner_function_to_prob_dict.py_cleaned.png,0,1,0.4116569757461548,0.5883430242538452
fold3,684_22_content_sanpreet_Text-Similarity-using-cosine-similarity_Text_Similarity.py_cleaned.png,0,0,0.7626622468233109,0.23733775317668915
fold3,1620_56_content_newsteps8_Efficiency_of_SortingAlgorithms_merge_sort.py_cleaned.png,0,0,0.9225527793169022,0.07744722068309784
fold3,1082_v4_39_content_sabernn_linear_regression_lin_reg_b.py_cleaned.png,1,0,0.8513674885034561,0.14863251149654388
fold3,1400_v4_51_content_jumadilakbar_Recomender-Cosine-Similarity-tfidf-python-flask_preprocess.py_cleaned.png,1,1,0.20441550016403198,0.795584499835968
fold3,1020_30_content_sdws1983_The-big-data-OF-The-Plant-Cell_parse-abstract.py_cleaned.png,0,0,0.8647670596837997,0.13523294031620026
fold3,1901_71_content_logyball_public_private_encryption_millerrabin.py_cleaned.png,0,0,0.8407574594020844,0.15924254059791565
fold3,1479_4_content_bward_ecc_signatures.py_cleaned.png,0,1,0.38755863904953003,0.61244136095047
fold3,2103_86_content_sudarshan-koirala_Clustering-Algorithms-Comparision_hierarchical_clustering.py_cleaned.png,0,0,0.7503005266189575,0.24969947338104248
fold3,1527_4_content_razaHamdani_Fibonacci-ish-Sequence_fib.py_cleaned.png,0,0,0.7263602018356323,0.2736397981643677
fold3,1505_4_content_ktrujillo52_Bitcoin-price-forecast_bitcoin_clustering.py_cleaned.png,0,0,0.9300891607999802,0.06991083920001984
fold3,673_v4_24_content_pacslab_ACM-trans-papers-spider_ACMPaperSpider.py_cleaned.png,1,1,0.18450838327407837,0.8154916167259216
fold3,1061_32_content_arian100y_Travelling-Salesman-Problem_graph2.py_cleaned.png,0,0,0.9343024417757988,0.0656975582242012
fold3,1236_3_content_iRGBit_indexhelper_indexer.py_cleaned.png,0,0,0.6748265326023102,0.3251734673976898
fold3,2138_8_content_dargust_OTPChat_OTPIRC.py_cleaned.png,0,0,0.509577214717865,0.490422785282135
fold3,780_v4_28_content_tomsiwek_gprMax-Designer_modelsizewindow.py_cleaned.png,1,1,0.4376835227012634,0.5623164772987366
fold3,1398_v4_51_content_HackAtUCI_learn-web-scraping-template_scraper.py_cleaned.png,1,1,0.37751704454421997,0.62248295545578
fold3,301_v4_16_content_mukosh123_primegenetator_primeg.py_cleaned.png,1,0,0.6912796795368195,0.30872032046318054
fold3,2079_84_content_rayjc_ml-pca-foreground-removal_removeForeground.py_cleaned.png,0,1,0.12055093050003052,0.8794490694999695
fold3,2167_8_content_thingumajig_weighted_lcs_sequence.py_cleaned.png,0,0,0.5261691212654114,0.4738308787345886
fold3,341_v4_17_content_jmullercuber_HackHarvard2k16_cognitive.py_cleaned.png,1,0,0.7178840935230255,0.2821159064769745
fold3,1885_v4_84_content_NickKessidis_Advanced-Encryption-Standards___main__.py_cleaned.png,1,1,0.29550623893737793,0.7044937610626221
fold3,2170_8_content_usmanali414_Destruction-Detection-in-Satellite-Imagery_augmentation.py_cleaned.png,0,1,0.48328596353530884,0.5167140364646912
fold3,242_v4_15_content_DrSara9888_Machaine-Learning-Big-Data_outliers_Zscore.py_cleaned.png,1,0,0.7547354102134705,0.24526458978652954
fold3,637_21_content_eugene-eliseev_diffie_hellman_hacker.py_cleaned.png,0,1,0.214544415473938,0.785455584526062
fold3,594_v4_22_content_EmperorCodeman_SortingAlgorithms_EntryPoint.py_cleaned.png,1,0,0.7049139738082886,0.2950860261917114
fold3,1243_3_content_iykadev_pyalgo_binarySearch.py_cleaned.png,0,0,0.7276651263237,0.27233487367630005
fold3,1007_v4_35_content_ethiersamuel_Geospatial-data-classification_tests.py_cleaned.png,1,1,0.10244208574295044,0.8975579142570496
fold3,1407_v4_51_content_rw15e_CIS4930-Python-Project-3_graph.py_cleaned.png,1,0,0.5214757919311523,0.47852420806884766
fold3,1846_6_content_gionanide_Cryptography_superincreasing_knapsack.py_cleaned.png,0,0,0.9453482963144779,0.05465170368552208
fold3,1285_v4_46_content_gabysoares_PythonBubbleSort_ResultTable.py_cleaned.png,1,1,0.12104213237762451,0.8789578676223755
fold3,1051_31_content_sonicwu_Portfolio_bellman_ford.py_cleaned.png,0,0,0.8508402854204178,0.14915971457958221
fold3,1297_3_content_QuriQuant_qq-pat_test.py_cleaned.png,0,1,0.1899559497833252,0.8100440502166748
fold3,1904_v4_86_content_kartik31_Cryptocurrency-Market-Predictor_lstm.py_cleaned.png,1,1,0.16424983739852905,0.835750162601471
fold3,1171_38_content_JediWattson_rsa_edu_primegen.py_cleaned.png,0,0,0.9512798860669136,0.048720113933086395
fold3,1973_v4_90_content_poojakudav309_Data-Representation-project-I_scatter3.py_cleaned.png,1,0,0.6340121626853943,0.3659878373146057
fold3,950_v4_31_content_tobymyers_codingthematrix_vecutil.py_cleaned.png,1,0,0.6152950525283813,0.38470494747161865
fold3,390_17_content_jb0xx_decrypt-onetimepad_texthelper.py_cleaned.png,0,0,0.5284041166305542,0.4715958833694458
fold3,1249_v4_43_content_wilson9001_DHKeyExchange_DH.py_cleaned.png,1,1,0.16899782419204712,0.8310021758079529
fold3,673_22_content_harpreetsi_DataStructureImpl_LinkedListTest.py_cleaned.png,0,0,0.6839701235294342,0.3160298764705658
fold3,1814_v4_7_content_meenaljain8001_BasicsOfPython-SelectionSort_selection_sort_in_python.py_cleaned.png,1,0,0.5793320834636688,0.4206679165363312
fold3,274_14_content_udwivedi394_binaryTree_ksumPath.py_cleaned.png,0,0,0.5306118130683899,0.4693881869316101
fold3,1711_5_content_gupta-shantanu_huffman_compress.py_cleaned.png,0,0,0.7421281337738037,0.2578718662261963
fold3,2010_7_content_motazsaad_comparable-text-miner_split_processed_wikipedia_file.py_cleaned.png,0,1,0.4731103181838989,0.5268896818161011
fold3,1229_v4_42_content_matbot_Py_merge_vs_insert_sorts_insertionsort.py_cleaned.png,1,1,0.4524179697036743,0.5475820302963257
fold3,1958_7_content_aira26_HomeWork3_bubblesortclass.py_cleaned.png,0,1,0.4694020748138428,0.5305979251861572
fold3,1646_v4_6_content_chiragragarwal_Graphs_And_Networks_numpy_help.py_cleaned.png,1,0,0.52625972032547,0.47374027967453003
fold3,19_10_content_Chinmay-395_AES-algorithm-using-GUI_CNSmini1.py_cleaned.png,0,0,0.6223487854003906,0.3776512145996094
fold3,972_v4_33_content_hamzaenaime_rsa_python_rsa.py_cleaned.png,1,1,0.4758964776992798,0.5241035223007202
fold3,711_23_content_jfb125_pythonLinkedLists_ex13.py_cleaned.png,0,1,0.2207968831062317,0.7792031168937683
fold3,1775_v4_7_content_Aly-Tomato_Prims-and-Kruskals_test.py_cleaned.png,1,0,0.6152338087558746,0.38476619124412537
fold3,81_v4_11_content_kousu_primes_cubesieve_explore.py_cleaned.png,1,0,0.5540458559989929,0.4459541440010071
fold3,1392_44_content_IQbrod_Hierarchical-clustering_parthieragglo.py_cleaned.png,0,0,0.9780798144638538,0.021920185536146164
fold3,198_13_content_IRLadderGoat_KKIK-venteliste-nr_venteliste.py_cleaned.png,0,1,0.24694019556045532,0.7530598044395447
fold3,211_13_content_Odarlie_fizz_buzz_programming_logic_andelab_test_fizz_buzz.py_cleaned.png,0,0,0.7532014697790146,0.2467985302209854
fold3,1420_v4_52_content_PhaniBalagam27_Big-data-Analytics-on-dallas-police-incidents-dataset_Q5_code.py_cleaned.png,1,1,0.2635629177093506,0.7364370822906494
fold3,1_100_content_cem8301_DataCleaningForInformedPurchases_middlewares.py_cleaned.png,0,0,0.5895696878433228,0.41043031215667725
fold3,1380_43_content_Warriorchief_Euler34_DigitFactorials_Euler34_Digit_Factorials.py_cleaned.png,0,0,0.9514267183840275,0.04857328161597252
fold3,773_v4_28_content_misbahulard_search-engine-tfidf_app.py_cleaned.png,1,0,0.7276653051376343,0.2723346948623657
fold3,5_v4_100_content_paulofaria_dr-naive-bayes_server.py_cleaned.png,1,1,0.3973839282989502,0.6026160717010498
fold3,2222_98_content_pooja1909_Bigdata-project_input.py_cleaned.png,0,0,0.7680375128984451,0.23196248710155487
fold3,91_11_content_kousu_primes_wsieve_b.py_cleaned.png,0,0,0.7592869251966476,0.24071307480335236
fold3,1685_5_content_brown9804_Python_DiversosAlgortimos_CalculoParametrosBalonClimatico.py_cleaned.png,0,0,0.6549430191516876,0.3450569808483124
fold3,1915_73_content_MachineLearning-Nerd_Multiple-Polynomial-Regression_experiment.py_cleaned.png,0,0,0.7681934535503387,0.23180654644966125
fold3,111_11_content_po-oya_Emulated-Bellman-Ford-Algorithm_Router1.py_cleaned.png,0,0,0.9507088623940945,0.04929113760590553
fold3,896_29_content_fwoodruff_ECDH_ECbase58.py_cleaned.png,0,0,0.8816186562180519,0.11838134378194809
fold3,1482_4_content_DebashishSarkarDurjoy_DoublyLinkedList_doublyLinkedList.py_cleaned.png,0,1,0.4790842533111572,0.5209157466888428
fold3,1486_v4_59_content_itmap_data_analysis_text_rank.py_cleaned.png,1,1,0.34039461612701416,0.6596053838729858
fold3,744_24_content_Jagdishkharatmol_Sorting-techniques-_pythonin.py_cleaned.png,0,0,0.9497622065246105,0.05023779347538948
fold3,1089_33_content_meghavijendra_Linear_Regression_model_Linear_regression.py_cleaned.png,0,1,0.24211442470550537,0.7578855752944946
fold3,24_v4_10_content_divyanshgupt_one-time-pad_takeinput.py_cleaned.png,1,0,0.6528857350349426,0.3471142649650574
fold3,2269_9_content_Soumyabrata_predicting-pwv_grid_search.py_cleaned.png,0,1,0.43499547243118286,0.5650045275688171
fold3,508_v4_1_content_shkolovy_path-finder-algorithms_bfs.py_cleaned.png,1,1,0.15128719806671143,0.8487128019332886
fold3,1680_v4_6_content_nio-blocks_control_bands_band_data.py_cleaned.png,1,0,0.5522190630435944,0.44778093695640564
fold3,180_v4_13_content_odiliohafidh_Pencarian-Rumahsakit-Terdekat-dengan-metode-dfs-dan-bfs-python-_cari_rumsakit.py_cleaned.png,1,1,0.4733530879020691,0.5266469120979309
fold3,1726_v4_73_content_kamil-owczarek_sorter_sorter.py_cleaned.png,1,0,0.7588968276977539,0.2411031723022461
fold3,1921_v4_8_content_16chuang_CS161_Project_CLCSSlow.py_cleaned.png,1,0,0.5338457524776459,0.4661542475223541
fold3,2186_92_content_punk12321_AES-chat_cipher.py_cleaned.png,0,0,0.6663728356361389,0.3336271643638611
fold3,148_v4_12_content_timhebert1963_InsertionSortAdvancedAnalysis_Hackerrank_TC2_1_length_441_answer_46768.py_cleaned.png,1,1,0.047321856021881104,0.9526781439781189
fold3,1683_5_content_anguillanneuf_bigO_89_license_plate.py_cleaned.png,0,0,0.8258656859397888,0.17413431406021118
fold3,291_15_content_hgdsraj_python_vs_ruby_speed_analyze_script.py_cleaned.png,0,0,0.89759811013937,0.10240188986063004
fold3,165_v4_13_content_FN-HD_Elliptic_Curve_Cryptography_Main.py_cleaned.png,1,0,0.6783938407897949,0.3216061592102051
fold3,473_19_content_Venergon_huffman_huffman_binary.py_cleaned.png,0,0,0.8099458068609238,0.19005419313907623
fold3,1636_v4_69_content_ghfkddorl_mazerunner_main.py_cleaned.png,1,1,0.20819199085235596,0.791808009147644
fold3,130_12_content_anapandza_ComputerNetworks_Bellman-Ford.py_cleaned.png,0,0,0.7073167562484741,0.2926832437515259
fold3,275_14_content_wiktorjl_algorithm-apriori_apriori.py_cleaned.png,0,0,0.8138862103223801,0.18611378967761993
fold3,941_2_content_DmitryOstroushko_Linear-Regression_model.py_cleaned.png,0,1,0.2830076217651367,0.7169923782348633
fold3,932_2_content_cardwizard_EllipticCurves_math_helpers.py_cleaned.png,0,0,0.5494199693202972,0.45058003067970276
fold3,1251_v4_44_content_arun-p12_sort-algorithms_common.py_cleaned.png,1,1,0.1350255012512207,0.8649744987487793
fold3,286_15_content_EdwinKato_prime_number_generator_prime_number_generator.py_cleaned.png,0,0,0.9300091490149498,0.0699908509850502
fold3,1347_41_content_sarahandert_python-practice--sorting_sample4.py_cleaned.png,0,0,0.8495383411645889,0.15046165883541107
fold3,1704_5_content_edison12a_bmrs-json-api_test_bmrs.py_cleaned.png,0,0,0.6080386340618134,0.39196136593818665
fold3,824_v4_2_content_AllanLa_LongestCommonSubsequence_LCS.py_cleaned.png,1,1,0.3138924241065979,0.6861075758934021
fold3,530_1_content_jim-spyropoulos_Trajectory-Analysis-and-Classification-in-Python-Pandas-and-Scikit-Learn_classifytraj.py_cleaned.png,0,0,0.8767760172486305,0.12322398275136948
fold3,2047_81_content_AndreaG93_BST-Lazy-Deletion_binarySearchTreeLazyDeletionAVL.py_cleaned.png,0,0,0.8138968646526337,0.18610313534736633
fold3,1667_5_content_AdamJacoby_Hopf_Frobenius_Divisibility_Algorithm.py_cleaned.png,0,0,0.8213162571191788,0.17868374288082123
fold3,55_10_content_shehand_Game_Graphics_using_Binary_Search_Tree_calc.py_cleaned.png,0,0,0.8204930275678635,0.17950697243213654
fold3,1019_v4_35_content_saboyle_asyncio-pg-nats-bridge_apg_bridge.py_cleaned.png,1,0,0.5057337284088135,0.4942662715911865
fold3,1853_v4_80_content_sharmapulkit_PoisonAttacks-LinearRegression_load_datasets.py_cleaned.png,1,0,0.5179290175437927,0.4820709824562073
fold3,63_10_content_tjazerzen_a_star_algorithm_helper_functions.py_cleaned.png,0,0,0.8847477063536644,0.1152522936463356
fold3,201_13_content_jhomswk_Minimum_Spanning_Tree_graph.py_cleaned.png,0,1,0.3410302996635437,0.6589697003364563
fold3,1055_31_content_tobymyers_codingthematrix_orthonormalization.py_cleaned.png,0,0,0.6400083005428314,0.3599916994571686
fold3,304_v4_16_content_NB-prog_INTERN-2019_Model.py_cleaned.png,1,1,0.4209088683128357,0.5790911316871643
fold3,25_10_content_edwardj728_sequences_project_sequences.py_cleaned.png,0,1,0.16366851329803467,0.8363314867019653
fold3,909_29_content_NohaWaly_PolynomialRegression_polynomialregression.py_cleaned.png,0,0,0.6789486408233643,0.32105135917663574
fold3,1527_v4_5_content_dobrosketchkun_IV-chat_input_IVchat.py_cleaned.png,1,1,0.4421752095222473,0.5578247904777527
fold3,1113_34_content_rajdas2001_Sorting-of-lists-arrays_Selection_Sort_1.py_cleaned.png,0,0,0.8257350474596024,0.17426495254039764
fold3,494_v4_1_content_pickus91_Polynomial-Regression-From-Scratch_generatePolyPoints.py_cleaned.png,1,0,0.7504145503044128,0.24958544969558716
fold3,246_v4_15_content_ganigavinaya_LogisticRegression_MLAssignment.py_cleaned.png,1,1,0.1976667046546936,0.8023332953453064
fold3,541_v4_20_content_maganoegi_huffman_decompressor_decomp_PLATONOV_MPACKO.py_cleaned.png,1,0,0.8160866498947144,0.18391335010528564
fold3,57_10_content_stensonowen_factorial_bot_atoi.py_cleaned.png,0,0,0.8837885558605194,0.11621144413948059
fold3,669_22_content_boneanxs_Apriori-Algorithm_Apriori.py_cleaned.png,0,0,0.8957214877009392,0.10427851229906082
fold3,640_21_content_jakubsilhavy_mhhc_data_prep_LLS.py_cleaned.png,0,1,0.3928006887435913,0.6071993112564087
fold3,1004_30_content_Aishwarya1401_Diabetic-Retinopathy-Project-Deep-Learning-_KNN_RawImage.py_cleaned.png,0,0,0.9160909950733185,0.08390900492668152
fold3,2068_83_content_Kal9iL_mini-dfs_globalvar.py_cleaned.png,0,0,0.6842614710330963,0.3157385289669037
fold3,1437_v4_54_content_DNPA_txhqueue_txbasetest.py_cleaned.png,1,0,0.5755031406879425,0.4244968593120575
fold3,1812_68_content_mazy1998_Machine-Learning-Polynomial-Regression_Stochastic_Gradient_Descent_Linear_Regression.py_cleaned.png,0,0,0.9403120204806328,0.05968797951936722
fold3,552_v4_21_content_anko9801_RSA-attack_LSB_leak_attack.py_cleaned.png,1,1,0.37340062856674194,0.6265993714332581
fold3,2075_v4_v4_36_content_OneWinged-Eagle_spotimy_getArtists.py_cleaned.png,1,1,0.20041197538375854,0.7995880246162415
fold3,1277_v4_45_content_trsav_linear-regression_LassoRegression.py_cleaned.png,1,0,0.7576372921466827,0.24236270785331726
fold3,1355_v4_4_content_JosephFWright_Prims_Algorithm_functions.py_cleaned.png,1,0,0.5684610605239868,0.4315389394760132
fold3,292_v4_16_content_johnllanos_selection_sort.py_selection_sort.py_cleaned.png,1,1,0.281512975692749,0.718487024307251
fold3,1424_v4_52_content_worldofnick_Wikipedia-Mining_wiki_prepare.py_cleaned.png,1,1,0.36219966411590576,0.6378003358840942
fold3,551_v4_21_content_ahmedbally_Sorting-LL_LinkedList.py_cleaned.png,1,1,0.4995845556259155,0.5004154443740845
fold3,2201_95_content_anapandza_ComputerNetworks_Dijkstra.py_cleaned.png,0,0,0.782774806022644,0.21722519397735596
fold3,1593_53_content_sgm1191_m-polynomial-regression-GA_genetic.py_cleaned.png,0,0,0.9593054838478565,0.04069451615214348
fold3,1200_v4_40_content_damesca_mpc-rsa_config_nodes.py_cleaned.png,1,1,0.16773229837417603,0.832267701625824
fold3,1562_51_content_rrraharja_Kecerdasan-Buatan-AI_Project_DFS.py_cleaned.png,0,0,0.7936229109764099,0.2063770890235901
fold3,1810_68_content_maniaclogic_movie-recommender_models.py_cleaned.png,0,1,0.18314820528030396,0.816851794719696
fold3,974_2_content_Liu-WeiYi_Private_Preserving_Outlier_Behavior_Detection_utils.py_cleaned.png,0,0,0.9332772418856621,0.06672275811433792
fold3,73_v4_11_content_harishchellappa_Time-Series-Analysis-Bike-Sharing-Demand-Forecasting_forecasting_2.py_cleaned.png,1,1,0.26732391119003296,0.732676088809967
fold3,644_21_content_loalberto_HuffmanCoding_HuffmanCoding.py_cleaned.png,0,1,0.4443012475967407,0.5556987524032593
fold3,1755_v4_78_content_uptodiff_kdd-cup-99-Analysis-machine-learning-python_kdd_binary_classification_ANN.py_cleaned.png,1,1,0.10336709022521973,0.8966329097747803
fold3,1280_v4_46_content_arun-p12_sort-algorithms_counting_sort.py_cleaned.png,1,0,0.6067165732383728,0.3932834267616272
fold3,377_17_content_bickyeric_steganography_lsb.py_cleaned.png,0,0,0.8637832552194595,0.13621674478054047
fold3,1241_3_content_iykadev_pyalgo_anagram3.py_cleaned.png,0,0,0.9093267247080803,0.09067327529191971
fold3,720_v4_26_content_Emersonxuelinux_One_Big_Archive_VirtualPet.py_cleaned.png,1,1,0.35820215940475464,0.6417978405952454
fold3,243_14_content_arnaudperalta_py_graphpath___main__.py_cleaned.png,0,0,0.8262287676334381,0.1737712323665619
fold3,113_v4_11_content_Zoe327_Linear-Classification_sklearn_compare.py_cleaned.png,1,1,0.4743378758430481,0.5256621241569519
fold3,1076_v4_39_content_lorenzo3117_python-sorting-scripts_insertionSort.py_cleaned.png,1,0,0.5003883242607117,0.49961167573928833
fold3,624_v4_23_content_crsbrk_polynomialRegression_test.py_cleaned.png,1,0,0.878603108227253,0.12139689177274704
fold3,281_15_content_DevMandalia_cosineSimilarity_q7.py_cleaned.png,0,0,0.9378290362656116,0.06217096373438835
fold3,358_v4_17_content_yujiex9_LinkedList_LinkedList.py_cleaned.png,1,1,0.33045727014541626,0.6695427298545837
fold3,982_v4_33_content_prabhatpal77_Complete-core-python-_dictcomp.py_cleaned.png,1,0,0.6981411278247833,0.3018588721752167
fold3,1891_70_content_Panagiotis-Zachos_Primality-Checks-Python_Miller_Rabin_PrimalityCheck.py_cleaned.png,0,0,0.9586272053420544,0.04137279465794563
fold3,1719_v4_72_content_reshma78611_Simple-Linear-Regression-using-Python_delivery_time.py_cleaned.png,1,1,0.32730621099472046,0.6726937890052795
fold3,717_v4_26_content_Emersonxuelinux_One_Big_Archive_Listing_18-2.py_cleaned.png,1,1,0.11108756065368652,0.8889124393463135
fold3,1715_5_content_harshdarji22_crypto_outlier.py_cleaned.png,0,0,0.8599825501441956,0.14001744985580444
fold3,619_v4_23_content_changchanglccc_kNN_test.py_cleaned.png,1,0,0.8944727256894112,0.10552727431058884
fold3,427_18_content_luisfmelo_Automatic-Sort-Algorithm-selection_config.py_cleaned.png,0,1,0.4816298484802246,0.5183701515197754
fold3,781_v4_28_content_vinaykumarbu_sentiment-analysis-deeplearning_csv_parser.py_cleaned.png,1,0,0.6018284559249878,0.3981715440750122
fold3,2016_v4_99_content_MatheusMuriel_ProgramacaoDinamica_Plotador.py_cleaned.png,1,0,0.5874622464179993,0.41253775358200073
fold3,1159_v4_3_content_Lochanahasith_t-Distributed-Stochastic-Neighbor-Embedding-t-SNE-on-EC-dataset_tsne_with_ec.py_cleaned.png,1,1,0.31510794162750244,0.6848920583724976
fold3,1705_v4_70_content_metr0jw_video-liveness-measurement_video_cut_itzy.py_cleaned.png,1,1,0.33152949810028076,0.6684705018997192
fold3,88_v4_11_content_momaabna_Python-create-password-list-_creatlist.py_cleaned.png,1,1,0.06001526117324829,0.9399847388267517
fold3,1268_v4_44_content_volyomaS_Phys_Lab_Calculator_phys_lab_calc.py_cleaned.png,1,1,0.4738057851791382,0.5261942148208618
fold3,1632_v4_68_content_maniaclogic_movie-recommender_recommender.py_cleaned.png,1,1,0.37503302097320557,0.6249669790267944
fold3,1682_v4_6_content_picrin_DiffieHellmanChallenge_discreteLogEfficient.py_cleaned.png,1,1,0.4280321002006531,0.5719678997993469
fold3,768_24_content_scraos_Prim-s-Algorithm_WGraphClass.py_cleaned.png,0,0,0.7697051018476486,0.23029489815235138
fold3,1999_v4_97_content_alkaaithal_rsa-task_MongoInsert.py_cleaned.png,1,0,0.5087758004665375,0.4912241995334625
fold3,1684_v4_6_content_psavery_quick_sort_quick_sort.py_cleaned.png,1,1,0.13923072814941406,0.8607692718505859
fold3,179_v4_13_content_Odarlie_fizz_buzz_programming_logic_andelab_fizz_buzz_bootcamp_function.py_cleaned.png,1,0,0.7621413618326187,0.2378586381673813
fold3,812_v4_29_content_SilentCatA_is_prime_number_is_prime_number.py_cleaned.png,1,0,0.6605159640312195,0.3394840359687805
fold3,420_v4_19_content_vickyabi_singly-linked-list_singly_linked_list.py_cleaned.png,1,1,0.15719622373580933,0.8428037762641907
fold3,1700_v4_70_content_Arcnor_binja_search___init__.py_cleaned.png,1,1,0.3058108687400818,0.6941891312599182
fold3,2151_8_content_jasminegrewal_Naive-Bayes-KNN-Logistic-Regression_3b_knn.py_cleaned.png,0,0,0.8636488616466522,0.13635113835334778
fold3,960_v4_32_content_jtuckerk_oscar_prediction_imdb_data_create.py_cleaned.png,1,1,0.46460336446762085,0.5353966355323792
fold3,1858_6_content_morekeysjr_TechHubZambia_Project.py_cleaned.png,0,1,0.14952176809310913,0.8504782319068909
fold3,592_v4_22_content_cneally_BubbleSortingAlgorithm_bubble_sort.py_cleaned.png,1,1,0.36507272720336914,0.6349272727966309
fold3,1849_6_content_HananBahy_linkedLlist-and-selection-sort_Node.py_cleaned.png,0,0,0.771961584687233,0.22803841531276703
fold3,721_23_content_tomasmcoronado_prob-alpha_PhyloTree.py_cleaned.png,0,1,0.3928554058074951,0.6071445941925049
fold3,1288_v4_46_content_mamtajakter_word2vec-cosine-similarity_hw1part3c.py_cleaned.png,1,1,0.4010179042816162,0.5989820957183838
fold3,1935_v4_8_content_BhushanVM_Market-Basker-Analyzer_son_spark.py_cleaned.png,1,0,0.5530989468097687,0.4469010531902313
fold3,1292_v4_46_content_vaish06_EurailShortestPath_brainstorm.py_cleaned.png,1,1,0.0326882004737854,0.9673117995262146
fold3,1654_v4_6_content_cliptic_nlp_spinner_function_to_prob_dict.py_cleaned.png,1,1,0.15238022804260254,0.8476197719573975
fold3,646_21_content_Nareshbabu19_Python-Image-compression_test2.py_cleaned.png,0,1,0.42252296209335327,0.5774770379066467
fold3,1204_v4_40_content_kurosh-wss_Insersion-Sort_insertionSort.py_cleaned.png,1,1,0.2938203811645508,0.7061796188354492
fold3,2062_82_content_winter-code_Scraping_s.py_cleaned.png,0,0,0.9190704897046089,0.08092951029539108
fold3,1078_v4_39_content_mirajp_tweet_sentiments_baseline.py_cleaned.png,1,0,0.6986373066902161,0.30136269330978394
fold3,1140_36_content_dchrostowski_autoproxy_dry_run.py_cleaned.png,0,0,0.9603923708200455,0.03960762917995453
fold3,1351_42_content_adityaiiitv_Polynomial-Regression_multiple_linear_regression.py_cleaned.png,0,0,0.8137049973011017,0.18629500269889832
fold3,316_15_content_VakinduPhilliam_Pattern_Matching_Python_Difflib_Pattern_Matching_Restore.py_cleaned.png,0,0,0.6311217546463013,0.36887824535369873
fold3,1851_6_content_HananBahy_linkedLlist-and-selection-sort_sort_normal_list__linked_list.py_cleaned.png,0,0,0.9192928969860077,0.08070710301399231
fold3,2257_9_content_mohamedhossam07_rsa_encryption_keygen_extras.py_cleaned.png,0,0,0.8648242205381393,0.13517577946186066
fold3,1531_4_content_SadraSamadi_n_queens_n_queens.py_cleaned.png,0,0,0.9186501353979111,0.08134986460208893
fold3,1954_v4_8_content_KreandOStudio_FizzBuzz_fizzbuzz.py_cleaned.png,1,0,0.6364002525806427,0.3635997474193573
fold3,34_v4_10_content_Jeremiah9000_prime_numbers_truncatable_prime_numbers_truncatable_faster.py_cleaned.png,1,0,0.7864905297756195,0.2135094702243805
fold3,1281_3_content_kressi_turing_turing.py_cleaned.png,0,0,0.9100238606333733,0.08997613936662674
fold3,241_v4_15_content_DrSara9888_Machaine-Learning-Big-Data_Outliers_IQR.py_cleaned.png,1,0,0.9345897138118744,0.06541028618812561
fold3,963_v4_32_content_prakashsellathurai_OPTICAL_CHARACTER_RECOGNITION_PossibleChar.py_cleaned.png,1,0,0.7842143028974533,0.2157856971025467
fold3,1450_48_content_nabima_nabi_distribution_client_ville.py_cleaned.png,0,0,0.6633734107017517,0.3366265892982483
fold3,2233_9_content_ahmetfbayrak12_Python-Recursive-Functions-and-Dynamic-Programming_hw5-plot.py_cleaned.png,0,1,0.4708141088485718,0.5291858911514282
fold3,2231_99_content_sadhana-lenkala_Clustering-Models-for-retail-store_Hierarchial_Clsutering.py_cleaned.png,0,0,0.7053403854370117,0.2946596145629883
fold3,554_1_content_muzixing_graph_algorithm_floyd.py_cleaned.png,0,0,0.8537915349006653,0.14620846509933472
fold3,1751_61_content_hlalit_Data-Structures-Python_BinaryTree.py_cleaned.png,0,0,0.939240425825119,0.06075957417488098
fold3,1986_7_content_git-remove_CBC-and-CTR-Decipher_decipher.py_cleaned.png,0,1,0.1912946105003357,0.8087053894996643
fold3,391_17_content_jmullercuber_HackHarvard2k16_cognitive.py_cleaned.png,0,0,0.811163067817688,0.188836932182312
fold3,18_v4_10_content_bradib0y_searchalgorithms_app.py_cleaned.png,1,1,0.3402954936027527,0.6597045063972473
fold3,2165_8_content_Shreyaskulkarni98_MarketAnalysis_Basic_Main.py_cleaned.png,0,0,0.9081589728593826,0.09184102714061737
fold3,153_v4_13_content_AtahanCelebi_En-K-sa-Yol_polyline_denemesi.py_cleaned.png,1,0,0.8720562607049942,0.1279437392950058
fold3,452_v4_1_content_dedeco_dijkstra-bellman-ford_utils.py_cleaned.png,1,0,0.6138268113136292,0.38617318868637085
fold3,1353_v4_4_content_jclifford442_Perfect-Number_main.py_cleaned.png,1,0,0.8786977455019951,0.12130225449800491
fold3,69_v4_11_content_ayushkumarshah_Dynamic-Programming-MCM-and-LCS_matmul.py_cleaned.png,1,0,0.7309890985488892,0.26901090145111084
fold3,255_v4_15_content_meghanagabhushan_DijkstraAlgorithm_main.py_cleaned.png,1,0,0.7076400220394135,0.29235997796058655
fold3,802_26_content_AnnaPiatek_Graph_Prim_and_Kruskal.py_cleaned.png,0,0,0.5731157660484314,0.4268842339515686
fold3,262_v4_15_content_sharonWU0505_Hierarchical-Clustering-of-Facebook-Fan-Pages_Preprocess_tf.py_cleaned.png,1,1,0.3083927035331726,0.6916072964668274
fold3,615_v4_23_content_ayushkumarshah_Complexity-of-Linear-and-Binary-Search_code.py_cleaned.png,1,0,0.6703005433082581,0.32969945669174194
fold3,753_24_content_lesdev_SortingMethods_sequential.py_cleaned.png,0,0,0.6363542377948761,0.3636457622051239
fold3,862_28_content_ckeshava_Enhanced-Diffie-Hellman-Protocol_paderson_commitment.py_cleaned.png,0,0,0.9675863422453403,0.03241365775465965
fold3,1156_37_content_anagnostouJohn_Simple_DF_Socket_clien.py_cleaned.png,0,0,0.9184623584151268,0.0815376415848732
fold3,2241_9_content_emmanuj_mst-solver_heapq.py_cleaned.png,0,0,0.8404805362224579,0.15951946377754211
fold3,1395_44_content_nathanthomashoang_fibonacci-sequence-recursive_fibonacci_recursive.py_cleaned.png,0,0,0.8842601478099823,0.1157398521900177
fold3,915_v4_30_content_talbrecht_ensemble-scoring_run.py_cleaned.png,1,0,0.5151530504226685,0.48484694957733154
fold3,68_v4_11_content_ayushkumarshah_Dynamic-Programming-MCM-and-LCS_lcs.py_cleaned.png,1,1,0.3041842579841614,0.6958157420158386
fold3,45_v4_10_content_patrickkingg_K-means_Clustering_kmeans.py_cleaned.png,1,1,0.26709944009780884,0.7329005599021912
fold3,1169_v4_3_content_pombredanne_string-alignment_LCS.py_cleaned.png,1,0,0.5909044444561005,0.40909555554389954
fold3,762_24_content_Patrik-Stas_kata-bst-tree_bst_ll.py_cleaned.png,0,1,0.42196571826934814,0.5780342817306519
fold3,1299_v4_47_content_sejall_Hierarchical-Clustering_hierrchical_clustering.py_cleaned.png,1,0,0.563492476940155,0.43650752305984497
fold3,207_13_content_limqiying_crypto_final_project_EG-test.py_cleaned.png,0,0,0.5715275406837463,0.42847245931625366
fold3,752_v4_27_content_mozarik_quicksortPython_insertionSort.py_cleaned.png,1,1,0.1583842635154724,0.8416157364845276
fold3,343_16_content_loalberto_Analysis-of-Compression-Algorithms-_HuffmanCoding.py_cleaned.png,0,0,0.9804087784141302,0.01959122158586979
fold3,1874_6_content_sherlvick_sentimental-analysis_SVM_svm_test_0.py_cleaned.png,0,0,0.7297956943511963,0.2702043056488037
fold3,1301_v4_47_content_woodElec_Parallel-Dijkstra-Networkx_voronoi_module.py_cleaned.png,1,1,0.341905415058136,0.658094584941864
fold3,1832_6_content_cliptic_nlp_spam2.py_cleaned.png,0,0,0.6437876522541046,0.3562123477458954
fold3,419_v4_19_content_Venergon_huffman_huffman_binary.py_cleaned.png,1,1,0.25405871868133545,0.7459412813186646
fold3,657_21_content_sybernix_Insertion-Sort-Algorithm-and-Performance-Analysis_test_file.py_cleaned.png,0,0,0.8314903378486633,0.16850966215133667
fold3,1453_48_content_prateek22sri_Image-orientation-detector_AdaBoost.py_cleaned.png,0,0,0.64252769947052,0.35747230052948
fold3,1202_v4_40_content_Grijesh-Chauhan_aadhaar_utils.py_cleaned.png,1,1,0.4644349217414856,0.5355650782585144
fold3,489_v4_1_content_morganc3_LinkedInHarvester_harvest.py_cleaned.png,1,0,0.9304158836603165,0.06958411633968353
fold3,1429_46_content_skropf_fib-drawer_test-animation.py_cleaned.png,0,1,0.40286993980407715,0.5971300601959229
fold3,522_v4_1_content_vuolleko_pyTSNE_data.py_cleaned.png,1,1,0.3996726870536804,0.6003273129463196
fold3,1510_4_content_mhubjer_rand_multiply.py_rand_multiply.py_cleaned.png,0,0,0.6376163363456726,0.3623836636543274
fold3,507_v4_1_content_shivam1196_LRU-Caching_Caching.py_cleaned.png,1,0,0.6461770236492157,0.3538229763507843
fold3,1217_3_content_calleia_one-time-pad-python_one-time-pad.py_cleaned.png,0,0,0.7791834771633148,0.22081652283668518
fold3,54_v4_10_content_sumanthsunny35_RHM-assignment_LCS.py_cleaned.png,1,1,0.21116960048675537,0.7888303995132446
fold3,764_v4_28_content_ckeshava_Enhanced-Diffie-Hellman-Protocol_generateMessage.py_cleaned.png,1,1,0.2569034695625305,0.7430965304374695
fold3,731_v4_26_content_naviechan_sortingAlgorithmDemo_selectionSort.py_cleaned.png,1,1,0.22553157806396484,0.7744684219360352
fold3,2248_9_content_ivanbgd_Quick3-Sort-Py_sorting.py_cleaned.png,0,0,0.5217404365539551,0.4782595634460449
fold3,477_19_content_Vijendra2410_Sentiment-Analysis_RestaurantReview.py_cleaned.png,0,0,0.9125261977314949,0.0874738022685051
fold3,843_27_content_gregoribarros_dijkstra_caminho_minimo.py_cleaned.png,0,0,0.8535352349281311,0.1464647650718689
fold3,704_v4_25_content_penji2_encode-OTP-client-server_key_generator.py_cleaned.png,1,0,0.5748288929462433,0.4251711070537567
fold3,1043_v4_37_content_saurabhzingade_Naive-Bayes-Basic_naive.py_cleaned.png,1,1,0.22699189186096191,0.7730081081390381
fold3,712_23_content_jsierp_apriori_apriori.py_cleaned.png,0,0,0.9133109003305435,0.08668909966945648
fold3,1819_69_content_MarynaTatsevich_Machine-Learning-Unsupervised-Learning-Techniques_hierarchical_clustering_algorithm.py_cleaned.png,0,0,0.769570380449295,0.23042961955070496
fold3,298_15_content_leni1_python-fizzbuzz_fizzbuzz_test.py_cleaned.png,0,1,0.49452149868011475,0.5054785013198853
fold3,703_v4_25_content_OmarGhoneim_wb-wikosophy_wikosopher.py_cleaned.png,1,0,0.6256443560123444,0.37435564398765564
fold3,1412_45_content_umtpfe_Projet-scrapy_gglev5.py_cleaned.png,0,0,0.9122976884245872,0.08770231157541275
fold3,219_13_content_sehajchawla_Compression_arithmetic.py_cleaned.png,0,0,0.8050519227981567,0.19494807720184326
fold3,660_22_content_ABHISHEKVALSAN_Malayalam-Newspaper-Article-Dataset_MalayalamScraping.py_cleaned.png,0,0,0.5839297771453857,0.41607022285461426
fold3,373_v4_18_content_jiangfeng1124_digital-dendrimer_genenerate.py_cleaned.png,1,0,0.5251558721065521,0.4748441278934479
fold3,510_1_content_dedeco_dijkstra-bellman-ford_teste_proprio_bford.py_cleaned.png,0,0,0.8917919993400574,0.10820800065994263
fold3,1181_v4_3_content_TeencodeAfrica_binary-search-lab_testBinarySearch.py_cleaned.png,1,0,0.7786579728126526,0.2213420271873474
fold3,9_10_content_analyticsbot_document-similarity_document_similarity_nlevenstein.py_cleaned.png,0,0,0.8563252389431,0.14367476105690002
fold3,1138_v4_3_content_iykadev_pyalgo_quickSort.py_cleaned.png,1,1,0.22728246450424194,0.7727175354957581
fold3,1245_3_content_iykadev_pyalgo_binary_search2.py_cleaned.png,0,1,0.33427703380584717,0.6657229661941528
fold3,254_14_content_Dmujt_Naive-Bayes-Sentiment-Analysis_mutual_information.py_cleaned.png,0,1,0.4157179594039917,0.5842820405960083
fold3,630_21_content_AntonisFK_selection_sort_python_selectionSort.py_cleaned.png,0,0,0.8979484438896179,0.10205155611038208
fold3,890_v4_2_content_siddhesh10_Quicksort-and-Randomized-Quick-Sort_randomized_quicksort.py_cleaned.png,1,1,0.24762874841690063,0.7523712515830994
fold3,1789_66_content_saucecode_rsaved_verify_integrity.py_cleaned.png,0,1,0.48336511850357056,0.5166348814964294
fold3,1161_v4_3_content_matheusfrancisco_Implementation_RSA_and_Diffie-Hellman_euclidean.py_cleaned.png,1,0,0.529887855052948,0.470112144947052
fold4,901_29_content_gentom_sentences-similarity-cluster_levenshtein.py_cleaned.png,0,1,0.3699353337287903,0.6300646662712097
fold4,688_v4_25_content_aravindkanna_Implementation-of-Apriori-Algorithm_Trie.py_cleaned.png,1,1,0.24778258800506592,0.7522174119949341
fold4,682_22_content_Raxev_datastructures3_huffElement.py_cleaned.png,0,0,0.6634492576122284,0.3365507423877716
fold4,898_v4_30_content_Aishwarya1401_Diabetic-Retinopathy-Project-Deep-Learning-_KNN_RawImage.py_cleaned.png,1,0,0.5131494700908661,0.4868505299091339
fold4,184_13_content_danielSbastos_binary-fibonacci_columns.py_cleaned.png,0,0,0.605497270822525,0.394502729177475
fold4,2078_v4_v4_54_content_wenlin-koh_K-Means-Clustering---python_kmeans.py_cleaned.png,1,1,0.3310841917991638,0.6689158082008362
fold4,1501_4_content_Khante_Distance-Vector-Algorithm_link_1.py_cleaned.png,0,0,0.5100487768650055,0.4899512231349945
fold4,1913_v4_88_content_ilkayDevran_HEAP_and_BTS_Implementation_binarySearchTree.py_cleaned.png,1,1,0.4698001742362976,0.5301998257637024
fold4,359_16_content_SemyonMakhaev_elliptic-curve_main.py_cleaned.png,0,1,0.17155498266220093,0.8284450173377991
fold4,458_v4_1_content_Fellfalla_prime-predictor_prime_predictor.py_cleaned.png,1,1,0.39600878953933716,0.6039912104606628
fold4,1043_31_content_mujtabali_Multivariate-Linear-Regression_mvlr.py_cleaned.png,0,0,0.7253997325897217,0.2746002674102783
fold4,1989_v4_94_content_verma1997_Scraping-Scripts_akbartravels_offers.py_cleaned.png,1,1,0.29008907079696655,0.7099109292030334
fold4,608_v4_22_content_thctds_Sorts1_selectionSort.py_cleaned.png,1,1,0.3388553857803345,0.6611446142196655
fold4,1160_v4_3_content_Locrian24_PrimsMaze_mazes.py_cleaned.png,1,0,0.5656297206878662,0.4343702793121338
fold4,1913_73_content_itsbharatsaini_ghostPy--an-Encryption-and-Decryption-Tool_encrypting_file.py_cleaned.png,0,1,0.16501444578170776,0.8349855542182922
fold4,331_16_content_frknozr_knn_knn.py_cleaned.png,0,0,0.7750736773014069,0.22492632269859314
fold4,1446_48_content_fhadyan_Document-classification-with-TF-IDF_UniqueWord.py_cleaned.png,0,0,0.5601167380809784,0.4398832619190216
fold4,2236_9_content_avenezia_Arbitrage-detection_CurrencyExchangeReader.py_cleaned.png,0,1,0.3854506015777588,0.6145493984222412
fold4,20_v4_10_content_chiragragarwal_Graphs_And_Networks_PlotGraph.py_cleaned.png,1,1,0.44676756858825684,0.5532324314117432
fold4,873_28_content_no-lineal_bias_variance_Bias_variance_fx_b.py_cleaned.png,0,0,0.7425715625286102,0.25742843747138977
fold4,898_29_content_fwoodruff_ECDH_TypeConversion.py_cleaned.png,0,0,0.7681936472654343,0.23180635273456573
fold4,1005_30_content_choogeboom_photo-sorter_photo_sorter.py_cleaned.png,0,1,0.20165413618087769,0.7983458638191223
fold4,742_v4_27_content_ayaar25_elgamalecceg_interface.py_cleaned.png,1,1,0.2551308870315552,0.7448691129684448
fold4,212_13_content_odiliohafidh_Pencarian-Rumahsakit-Terdekat-dengan-metode-dfs-dan-bfs-python-_cari_rumsakit.py_cleaned.png,0,0,0.6997785270214081,0.3002214729785919
fold4,678_22_content_mikpim01_Python-NLTK_task_testing.py_cleaned.png,0,0,0.585204154253006,0.414795845746994
fold4,631_v4_23_content_mkhambat_Bubble-and-insertion-sort_sorting.py_cleaned.png,1,1,0.35715556144714355,0.6428444385528564
fold4,758_v4_27_content_SethEggerRocks_WakingMoments_WakingMoments.py_cleaned.png,1,1,0.2839316129684448,0.7160683870315552
fold4,1509_4_content_mast-group_OpenVocabCodeNLM_create_subtoken_data.py_cleaned.png,0,1,0.2883920669555664,0.7116079330444336
fold4,889_v4_2_content_shreya21rathi_Longest-Common-Subsequence_lcs.py_cleaned.png,1,0,0.7093210220336914,0.2906789779663086
fold4,1549_v4_5_content_jzell001_Bellman_Ford_Floyd_Warshall_bellman_ford.py_cleaned.png,1,1,0.37602490186691284,0.6239750981330872
fold4,40_10_content_kllinzy_Elliptic-Curve-Cryptography_public_key.py_cleaned.png,0,0,0.616827517747879,0.38317248225212097
fold4,842_v4_2_content_Gregory-Matthews_Bitcoin-Price-Predictor_linear_regression_1ftr.py_cleaned.png,1,1,0.22232526540756226,0.7776747345924377
fold4,1203_v4_40_content_jcarstenson_parallel_final_performanceTest.py_cleaned.png,1,1,0.49831217527389526,0.5016878247261047
fold4,1999_7_content_kristianespina_python-binary-search-tree_binary_search_tree.py_cleaned.png,0,0,0.6505970060825348,0.3494029939174652
fold4,537_v4_20_content_jhemesonmotta_PythonSelectionSort_selectionSort.py_cleaned.png,1,1,0.46959763765335083,0.5304023623466492
fold4,1199_39_content_msinghal34_M-M-1-Queue-Simulation-with-timeouts_M_M_1_with_timeouts.py_cleaned.png,0,1,0.29253363609313965,0.7074663639068604
fold4,316_v4_16_content_Shweetz_BranchingGameSolver_branchingGame.py_cleaned.png,1,1,0.4055980443954468,0.5944019556045532
fold4,915_29_content_TheJaeLal_apriori_apriori.py_cleaned.png,0,0,0.7851580679416656,0.21484193205833435
fold4,55_v4_10_content_tjazerzen_a_star_algorithm_helper_functions.py_cleaned.png,1,0,0.5986825823783875,0.40131741762161255
fold4,2140_v5_v4_62_content_wang2226_Clustering_k-means_plot.py_cleaned.png,1,0,0.6009211838245392,0.3990788161754608
fold4,340_v4_17_content_jb0xx_decrypt-onetimepad_texthelper.py_cleaned.png,1,0,0.6004666090011597,0.39953339099884033
fold4,1564_v4_60_content_michaelstrefeler_pyFibonacci_fibonacci.py_cleaned.png,1,1,0.43731558322906494,0.5626844167709351
fold4,1318_v4_49_content_Darren-Drapkin_RippleSort-with-chains_RippleSort-with-chains.py_cleaned.png,1,1,0.4963115453720093,0.5036884546279907
fold4,868_28_content_kurtalex_selection_sort_alhorithm_selection_sort.py_cleaned.png,0,1,0.4936028718948364,0.5063971281051636
fold4,47_10_content_nazaninsbr_Intelligent-Systems-CA3_Q3_Clustering.py_cleaned.png,0,0,0.6776463985443115,0.3223536014556885
fold4,1727_v4_73_content_MachineLearning-Nerd_Multiple-Polynomial-Regression_experiment.py_cleaned.png,1,0,0.7151252329349518,0.2848747670650482
fold4,627_21_content_ahmedbally_Sorting-LL_LinkedList.py_cleaned.png,0,0,0.5783599019050598,0.4216400980949402
fold4,971_v4_33_content_hamzaenaime_rsa_python_encrypt.py_cleaned.png,1,0,0.6263949573040009,0.37360504269599915
fold4,1105_34_content_dvsa_cvs-tsk-dlq-handler_dlq_handler.py_cleaned.png,0,1,0.22833740711212158,0.7716625928878784
fold4,1018_30_content_SanShery_Regression_Classification_classification.py_cleaned.png,0,1,0.1621401309967041,0.8378598690032959
fold4,1783_66_content_adamweissert_PythonBinarySearch_BinarySearch.py_cleaned.png,0,1,0.49564850330352783,0.5043514966964722
fold4,645_21_content_manasbichoo_spellchecker_char.py_cleaned.png,0,0,0.7543196976184845,0.2456803023815155
fold4,3_v4_100_content_cem8301_DataCleaningForInformedPurchases_pipelines.py_cleaned.png,1,0,0.6061082482337952,0.39389175176620483
fold4,1852_6_content_hsiaoyi0504_BioChem_stop_words_main.py_cleaned.png,0,1,0.377572238445282,0.622427761554718
fold4,1145_v4_3_content_iykadev_pyalgo_sieve_of_eratosthenes_algo.py_cleaned.png,1,0,0.6909660995006561,0.30903390049934387
fold4,595_1_content_xaneon_Clust_precluster.py_cleaned.png,0,1,0.3430185914039612,0.6569814085960388
fold4,1065_32_content_harshm1111_Principal-component-analysis_PCA.py_cleaned.png,0,1,0.3753998875617981,0.6246001124382019
fold4,1135_35_content_riccardobisori_Binary-Trees_ResultsInsert.py_cleaned.png,0,0,0.6540446281433105,0.34595537185668945
fold4,35_v4_10_content_joepearson95_Polynomial-and-K-Means_polynomial.py_cleaned.png,1,0,0.5566127598285675,0.4433872401714325
fold4,1818_v4_7_content_motazsaad_comparable-text-miner_split_processed_wikipedia_file.py_cleaned.png,1,1,0.4863440990447998,0.5136559009552002
fold4,382_17_content_GGonzalezRojas_Tarea_1_MDR_Dijkstra_dijkstra.py_cleaned.png,0,0,0.6575965583324432,0.34240344166755676
fold4,1730_v4_74_content_ikravche_polynomial_regression_NNE.py_cleaned.png,1,0,0.5542824268341064,0.44571757316589355
fold4,1977_7_content_ettuniversum_NaiveBayesian_iris_classifier.py_cleaned.png,0,0,0.7249240875244141,0.27507591247558594
fold4,1341_v4_4_content_fcunhaneto_py-binary-trees-draw_handletrees.py_cleaned.png,1,0,0.8193321228027344,0.18066787719726562
fold4,119_v4_12_content_AtahanCelebi_Shortest-Route-with-Floyd-Warshall-Algorithm_map_distance.py_cleaned.png,1,1,0.18596339225769043,0.8140366077423096
fold4,1473_v4_58_content_BuleSky233_LinearRegression_Boston.py_cleaned.png,1,1,0.3196486234664917,0.6803513765335083
fold4,1215_3_content_avinashbhat_keyword-extraction-using-tf-idf_main.py_cleaned.png,0,0,0.7201678156852722,0.2798321843147278
fold4,824_26_content_NicolasAG_ML-assignment1_a1q1d.py_cleaned.png,0,1,0.20183640718460083,0.7981635928153992
fold4,623_v4_23_content_crsbrk_polynomialRegression_polynomial_regression.py_cleaned.png,1,0,0.671747088432312,0.328252911567688
fold4,1699_5_content_domodomodomo_binary_search_tree_binary_search_tree.py_cleaned.png,0,0,0.7906061410903931,0.20939385890960693
fold4,1153_36_content_Zattri_tutorial-recursion_binary.py_cleaned.png,0,0,0.7077038884162903,0.2922961115837097
fold4,255_14_content_ganigavinaya_NaiveBayes_MLAssignment.py_cleaned.png,0,0,0.6518707275390625,0.3481292724609375
fold4,1611_55_content_siddbhatia07_MACHINE-LEARNING_Simple_linear_regression.py_cleaned.png,0,1,0.4989248514175415,0.5010751485824585
fold4,1744_61_content_AaronRobson_sequences_triangle_numbers.py_cleaned.png,0,0,0.5625988841056824,0.4374011158943176
fold4,926_v4_31_content_anowarh2514_Selection-Sort-Algorithm-in-Python_Selection_Sort.py_cleaned.png,1,0,0.6528436839580536,0.3471563160419464
fold4,1739_v4_75_content_yaroslava-tkachuk_quicksort_accelerated_quicksort_accelerated.py_cleaned.png,1,0,0.6437358558177948,0.3562641441822052
fold4,658_21_content_yashag66_Python-Code-Samples_hashingString.py_cleaned.png,0,1,0.4480521082878113,0.5519478917121887
fold4,2270_9_content_Soumyabrata_predicting-pwv_pwv_forecasting.py_cleaned.png,0,0,0.6322396993637085,0.3677603006362915
fold4,1448_v4_55_content_devGyulMem_Tensorflow_TF_IDF_preprocessing.py_cleaned.png,1,0,0.507138580083847,0.49286141991615295
fold4,2213_97_content_mjurk456_mini-snakes_love_calculator.py_cleaned.png,0,0,0.7259719967842102,0.2740280032157898
fold4,1884_6_content_yilmazalp_bitirme_eigenface.py_cleaned.png,0,1,0.38654738664627075,0.6134526133537292
fold4,1080_v4_39_content_RagibZaman_pokemon-autoencoder_test_models.py_cleaned.png,1,1,0.3196015954017639,0.6803984045982361
fold4,942_2_content_DmitryOstroushko_Linear-Regression_trainer.py_cleaned.png,0,0,0.5778456926345825,0.4221543073654175
fold4,1910_72_content_tusharnema_Implementing-Algorithms-in-python_adj_list.py_cleaned.png,0,0,0.6792938411235809,0.32070615887641907
fold4,1326_40_content_damesca_mpc-rsa_config_nodes.py_cleaned.png,0,1,0.46693259477615356,0.5330674052238464
fold4,1308_3_content_tusizi_document-analysis_jieba_cut_document_to_vocabulary_with_nominal.py_cleaned.png,0,0,0.6402387917041779,0.35976120829582214
fold4,1273_v4_45_content_gio-salvador_tree_exercise_python_tree.py_cleaned.png,1,1,0.415391743183136,0.584608256816864
fold4,452_19_content_CQuocDat_huffman_de_huffman.py_cleaned.png,0,0,0.8569675981998444,0.14303240180015564
fold4,1272_v4_45_content_discovervlad_herman-flask-redis-queue_manage_worker.py_cleaned.png,1,0,0.5542709529399872,0.4457290470600128
fold4,330_16_content_exitmsconfig_python_rpn.py_cleaned.png,0,0,0.6007179915904999,0.3992820084095001
fold4,1411_45_content_trsav_linear-regression_LassoRegression.py_cleaned.png,0,0,0.7366310954093933,0.2633689045906067
fold4,1902_v4_86_content_Enkhai_simple-DES_encryption.py_cleaned.png,1,1,0.11958158016204834,0.8804184198379517
fold4,1996_v4_95_content_ravularohit_sms-spam-detection_spam_detection.py_cleaned.png,1,0,0.6605346202850342,0.3394653797149658
fold4,1035_v4_36_content_prakhardogra921_Clustering-using-Kmeans-Cmeans-and-GMM_gmm_sklearn.py_cleaned.png,1,0,0.713979572057724,0.286020427942276
fold4,395_v4_18_content_zach010_PrimeOptimus_Prime.py_cleaned.png,1,1,0.41642987728118896,0.583570122718811
fold4,146_v4_12_content_rileyqi_Apriori-Algorithm-Python_apriori.py_cleaned.png,1,1,0.16539150476455688,0.8346084952354431
fold4,2149_8_content_JanFeys_Floyd-Warshall-All-Pairs-Shortest-Path_FloydWarshallAPSP.py_cleaned.png,0,1,0.41136372089385986,0.5886362791061401
fold4,1089_v4_3_content_ameyak11_Creative-prims_creative_prims.py_cleaned.png,1,0,0.6941214501857758,0.30587854981422424
fold4,1529_4_content_rohinigopalqxf2_Factorial-Calculator-Practice_04_Calculation.py_cleaned.png,0,0,0.6771785914897919,0.32282140851020813
fold4,1023_30_content_thomasjedstrom_Bubble_Sort_Selection_Sort.py_cleaned.png,0,1,0.32221007347106934,0.6777899265289307
fold4,1273_3_content_iykadev_pyalgo_spiral_matrix.py_cleaned.png,0,0,0.5291537642478943,0.4708462357521057
fold4,1602_v4_66_content_aakashrai1_principal-component-analysis-on-iris-dataset_PCA_iris.py_cleaned.png,1,1,0.4695236086845398,0.5304763913154602
fold4,952_v4_32_content_arian100y_Travelling-Salesman-Problem_createCaminos.py_cleaned.png,1,0,0.5512257814407349,0.44877421855926514
fold4,1142_v4_3_content_iykadev_pyalgo_shellSort.py_cleaned.png,1,1,0.1702427864074707,0.8297572135925293
fold4,1839_v4_7_content_usbogie_MSTcreator_Node.py_cleaned.png,1,1,0.47842419147491455,0.5215758085250854
fold4,1457_v4_56_content_GiuseppeFasanella_RaiPlay_scraping_RaiPlayDL.py_cleaned.png,1,1,0.09996175765991211,0.9000382423400879
fold4,1068_32_content_mahtabfarrokh_classic-search_Astar.py_cleaned.png,0,0,0.7670457512140274,0.2329542487859726
fold4,2215_97_content_mjurk456_mini-snakes_pseudorandom_sentence_generator.py_cleaned.png,0,0,0.745763748884201,0.25423625111579895
fold4,721_v4_26_content_faisalkhan91_Dijkstras-Algorithm_DijkstrasAlgo.py_cleaned.png,1,1,0.1376827359199524,0.8623172640800476
fold4,2098_v4_v5_25_content_aajanki_finnish-pos-accuracy_sample_ftb1.py_cleaned.png,1,1,0.29568636417388916,0.7043136358261108
fold4,1197_39_content_lorenzo3117_python-sorting-scripts_selectionSort.py_cleaned.png,0,0,0.5200126469135284,0.47998735308647156
fold4,708_23_content_harshaldhone_Diffie-Hellman_client.py_cleaned.png,0,0,0.7575523257255554,0.24244767427444458
fold4,442_v4_1_content_DanShai_kernalized-tsne_kernels.py_cleaned.png,1,1,0.13405698537826538,0.8659430146217346
fold4,685_22_content_SivaRanjan17_AES-Multi-Client-Chat-System_client.py_cleaned.png,0,0,0.7617272287607193,0.2382727712392807
fold4,2162_8_content_n1az_DiffieHellman_primRoot.py_cleaned.png,0,0,0.5786643326282501,0.4213356673717499
fold4,494_1_content_brandonio_Stats-Calculator_stats.py_cleaned.png,0,0,0.7825497388839722,0.21745026111602783
fold4,500_1_content_DanShai_kernalized-tsne_ktsne.py_cleaned.png,0,1,0.3725157380104065,0.6274842619895935
fold4,632_v4_23_content_mpgiii_binarysearchtree_unittests.py_cleaned.png,1,1,0.2106589674949646,0.7893410325050354
fold4,828_v4_2_content_aspremon_NaiveFeatureSelection_DemoNFS.py_cleaned.png,1,1,0.17511296272277832,0.8248870372772217
fold4,1745_61_content_arthurgsf_BuscaAEstrela_main.py_cleaned.png,0,1,0.2870768904685974,0.7129231095314026
fold4,2000_7_content_lhuangufl_QuickSort_QuickSort.py_cleaned.png,0,1,0.3759341239929199,0.6240658760070801
fold4,17_v4_10_content_ben-j-chapman_Dice-Statistics_dice_statistics.py_cleaned.png,1,1,0.15949344635009766,0.8405065536499023
fold4,1694_v4_6_content_usbogie_MSTcreator_driverAlt.py_cleaned.png,1,1,0.3312409520149231,0.6687590479850769
fold4,1971_v4_90_content_kubrailkul_Linear-Polynomial-Regression-model_polynomial_regression.py_cleaned.png,1,0,0.6406161785125732,0.35938382148742676
fold4,302_15_content_Nabeel-Asghar_List-Divsion_List-Division.py_cleaned.png,0,0,0.6964631974697113,0.3035368025302887
fold4,1491_v4_59_content_rakesh-1601_Stock_prediction_predicting_google_stocks.py_cleaned.png,1,0,0.7117456793785095,0.2882543206214905
fold4,1419_46_content_gabysoares_PythonBubbleSort_ResultTable.py_cleaned.png,0,1,0.41830694675445557,0.5816930532455444
fold4,834_27_content_ayaar25_elgamalecceg_elgamal.py_cleaned.png,0,0,0.7027623653411865,0.2972376346588135
fold4,1330_40_content_jcarstenson_parallel_final_performanceTest.py_cleaned.png,0,0,0.6541703045368195,0.34582969546318054
fold4,1205_v4_40_content_Lemon-cmd_Linear-Regression_lreg.py_cleaned.png,1,1,0.4684608578681946,0.5315391421318054
fold4,1311_3_content_tusizi_document-analysis_mllib_word2vec.py_cleaned.png,0,0,0.5283799469470978,0.4716200530529022
fold4,472_19_content_VaibhavSaini19_Maze-Generator_maze_gen_prims.py_cleaned.png,0,1,0.3441620469093323,0.6558379530906677
fold4,1757_62_content_jkassis87_QueScreenDataExtractor_qsde.py_cleaned.png,0,0,0.7869918197393417,0.21300818026065826
fold4,1103_v4_3_content_dlohith_text-similarity_utils.py_cleaned.png,1,0,0.5341406464576721,0.4658593535423279
fold4,66_10_content_zpeterg_bmig_5003_count_words_getFile_test.py_cleaned.png,0,0,0.5010692775249481,0.4989307224750519
fold4,1945_79_content_astrojneil_AllanVarCodeFinal_concat_files.py_cleaned.png,0,0,0.5876618325710297,0.41233816742897034
fold4,1378_43_content_pkonowrocki_Neural-network_script.py_cleaned.png,0,1,0.3793718218803406,0.6206281781196594
fold4,547_1_content_mikekestemont_pandora_train.py_cleaned.png,0,0,0.6738212406635284,0.32617875933647156
fold4,1129_v4_3_content_iykadev_pyalgo_lagged_fibonacci_gen.py_cleaned.png,1,0,0.6421023011207581,0.35789769887924194
fold4,1135_v4_3_content_iykadev_pyalgo_nth_root_algo.py_cleaned.png,1,0,0.7205063104629517,0.27949368953704834
fold4,437_18_content_Shweetz_TicTacToeSolver_solver.py_cleaned.png,0,0,0.7708486914634705,0.22915130853652954
fold4,2179_91_content_MerliX_async-factorial_server.py_cleaned.png,0,1,0.40102410316467285,0.5989758968353271
fold4,599_20_content_bradruck_Quick_Sort-python_Assignment_7-P12.9.py_cleaned.png,0,0,0.7120547592639923,0.2879452407360077
fold4,104_11_content_mrluin_EfficientAutoDeeplab_train_counter_network.py_cleaned.png,0,1,0.15422183275222778,0.8457781672477722
fold4,393_v4_18_content_TianyuDu_UTCourses_download_info.py_cleaned.png,1,1,0.30238765478134155,0.6976123452186584
fold4,633_21_content_bmawji3_tvshow-sorting_tvshow_sort.py_cleaned.png,0,0,0.5688006281852722,0.4311993718147278
fold4,1959_7_content_akshattrivedi_IT-Sales-With-Recommendation-System_manage.py_cleaned.png,0,0,0.5453764200210571,0.45462357997894287
fold4,2069_v4_v4_1_content_sadnessFree_arima-lstm_data_review.py_cleaned.png,1,1,0.31301790475845337,0.6869820952415466
fold4,1981_v4_92_content_tule2236_superheros-social-graph_degrees-of-seperation.py_cleaned.png,1,1,0.28356754779815674,0.7164324522018433
fold4,1728_v4_73_content_OstapKuch_Lab_01_alg_sort.py_cleaned.png,1,1,0.43738728761672974,0.5626127123832703
fold4,105_v4_11_content_sichen-x_search-engine_test_htable.py_cleaned.png,1,0,0.5288613438606262,0.4711386561393738
fold4,280_15_content_DevMandalia_cosineSimilarity_q5.py_cleaned.png,0,0,0.7086546719074249,0.2913453280925751
fold4,1704_v4_70_content_metr0jw_video-liveness-measurement_video_cut_bts.py_cleaned.png,1,1,0.3476333022117615,0.6523666977882385
fold4,2093_85_content_xzha0006_LibrarySearchingEngine_spell.py_cleaned.png,0,1,0.47246307134628296,0.527536928653717
fold4,287_15_content_elkozmon_otp_test_otp.py_cleaned.png,0,0,0.5324164927005768,0.4675835072994232
fold4,2184_92_content_meltonjoseph_CorpusReader_CreateTFIDF_driver.py_cleaned.png,0,1,0.4716950058937073,0.5283049941062927
fold4,1898_71_content_DylanHarrisonGithub_AVLTree_AVLTree.py_cleaned.png,0,0,0.8626728951931,0.13732710480690002
fold4,620_v4_23_content_cjonsmith_prime_calc_prime_days.py_cleaned.png,1,1,0.207963228225708,0.792036771774292
fold4,2109_88_content_andreaestrada_mazecrawler_server.py_cleaned.png,0,1,0.42445552349090576,0.5755444765090942
fold4,656_21_content_swawibe_pyDH_main.py_cleaned.png,0,0,0.5140786170959473,0.48592138290405273
fold4,512_v4_1_content_spriya14_Data_Visualization-using_T-SNE_dataset_visualization_101.py_cleaned.png,1,0,0.6989259421825409,0.3010740578174591
fold4,1358_42_content_jrooks0520_Python_Factorial_CS230_Project4.py_cleaned.png,0,0,0.5327265858650208,0.46727341413497925
fold4,137_12_content_burrussmp_MST-Algorithms_Prims.py_cleaned.png,0,1,0.28652405738830566,0.7134759426116943
fold4,135_v4_12_content_ianscottknight_Predicting-Myers-Briggs-Type-Indicator-with-Recurrent-Neural-Networks_differentiate_words.py_cleaned.png,1,1,0.2825121283531189,0.7174878716468811
fold4,298_v4_16_content_MiKoronjoo_Python-Huffman-coding_decoding.py_cleaned.png,1,1,0.2749044895172119,0.7250955104827881
fold4,979_2_content_moluronghuakai_outlier-analysis_feature.py_cleaned.png,0,0,0.6155378818511963,0.3844621181488037
fold4,1666_v4_6_content_HananBahy_linkedLlist-and-selection-sort_Node.py_cleaned.png,1,1,0.4465235471725464,0.5534764528274536
fold4,1092_v4_3_content_avinashbhat_keyword-extraction-using-tf-idf_main.py_cleaned.png,1,0,0.6763363480567932,0.3236636519432068
fold4,17_10_content_ben-j-chapman_Dice-Statistics_dice_statistics.py_cleaned.png,0,0,0.7001790702342987,0.2998209297657013
fold4,498_v4_1_content_randombit_pairings.py_tripartite.py_cleaned.png,1,1,0.22064930200576782,0.7793506979942322
fold4,34_10_content_Jeremiah9000_prime_numbers_truncatable_prime_numbers_truncatable_faster.py_cleaned.png,0,0,0.7767958045005798,0.22320419549942017
fold4,498_1_content_danrludwig_perfect_number_perfect_number_code.py_cleaned.png,0,0,0.7325637340545654,0.26743626594543457
fold4,804_v4_29_content_mashfiq10_Linear-and-logistic-regression_prob4.py_cleaned.png,1,0,0.6632803082466125,0.33671969175338745
fold4,1679_5_content_anguillanneuf_bigO_28_valid_bst.py_cleaned.png,0,1,0.41853439807891846,0.5814656019210815
fold4,1600_54_content_pr1998_Student_Management_System_main.py_cleaned.png,0,1,0.27638328075408936,0.7236167192459106
fold4,404_17_content_sk-aravind_cosine_similarity_Cos_similarity.py_cleaned.png,0,0,0.6011064946651459,0.3988935053348541
fold4,877_v4_2_content_polyphilz_pricing-weather-derivatives_clean_data.py_cleaned.png,1,1,0.23277020454406738,0.7672297954559326
fold4,658_v4_24_content_lavi09_Linked-Lists_findingnnodelinkedlist.py_cleaned.png,1,0,0.5719049572944641,0.4280950427055359
fold4,1575_v4_61_content_cthorrez_deepsetLinkage_plot_results.py_cleaned.png,1,1,0.3264479637145996,0.6735520362854004
fold4,601_20_content_DanielKrolopp_Sieves_Eratosthenes.py_cleaned.png,0,0,0.7279739081859589,0.27202609181404114
fold4,175_v4_13_content_jhomswk_Minimum_Spanning_Tree_union_find.py_cleaned.png,1,1,0.34662526845932007,0.6533747315406799
fold4,138_12_content_burrussmp_MST-Algorithms_Sollins.py_cleaned.png,0,0,0.5918401181697845,0.40815988183021545
fold4,1288_3_content_matheusfrancisco_Implementation_RSA_and_Diffie-Hellman_main.py_cleaned.png,0,0,0.7059827148914337,0.2940172851085663
fold4,293_15_content_hgdsraj_python_vs_ruby_speed_analyze_script_rb.py_cleaned.png,0,0,0.7387999892234802,0.2612000107765198
fold4,962_2_content_jorgebt95_SelectionSort_selectorsort.py_cleaned.png,0,0,0.7377333641052246,0.2622666358947754
fold4,1044_v4_37_content_TolgaGolet_CPU-Scheduling-Algorithms-Simulation_OperatingSystems_CPUSchedulingReverse.py_cleaned.png,1,1,0.2912091016769409,0.7087908983230591
fold4,1649_59_content_kessler-frost_sdku-dfs_function.py_cleaned.png,0,0,0.6349093019962311,0.3650906980037689
fold4,1698_5_content_dobrosketchkun_IV-chat_roster.py_cleaned.png,0,0,0.5864614844322205,0.41353851556777954
fold4,1788_66_content_saucecode_rsaved_clean_user.py_cleaned.png,0,1,0.2147344946861267,0.7852655053138733
fold4,1258_v4_44_content_huaijun-lee_tf-idf_rank_chang_code.py_cleaned.png,1,1,0.3609578013420105,0.6390421986579895
fold4,742_24_content_gly11_Sort_Run.py_cleaned.png,0,0,0.7298743724822998,0.2701256275177002
fold4,1381_43_content_wilson9001_DHKeyExchange_DH.py_cleaned.png,0,0,0.6514231264591217,0.3485768735408783
fold4,56_10_content_shelbynelson_STDEVCalculator_stdev_calc.py_cleaned.png,0,0,0.5902783870697021,0.40972161293029785
fold4,1550_v4_5_content_Kevin2408_perfect-number_perfect_number.py_cleaned.png,1,0,0.5028009116649628,0.49719908833503723
fold4,1923_75_content_LucaRemaggi_RSAO_Parameteriser_MixingTime_Estimation.py_cleaned.png,0,0,0.5215651988983154,0.47843480110168457
fold4,789_25_content_MarcLindenbach_2d-grouping_k_cluster.py_cleaned.png,0,1,0.3561525344848633,0.6438474655151367
fold4,558_v4_21_content_CanKorkut_Python-Sort-Algorithm_quick.py_cleaned.png,1,1,0.19352638721466064,0.8064736127853394
fold4,1235_3_content_iRGBit_indexhelper_all_indexer.py_cleaned.png,0,1,0.3020052909851074,0.6979947090148926
fold4,100_11_content_Meghali-Nandi_DNA-PATTERN-MATCHER_dna_matching.py_cleaned.png,0,0,0.7017998993396759,0.2982001006603241
fold4,690_v4_25_content_bisigc_python_quicksort_quicksort.py_cleaned.png,1,1,0.19097912311553955,0.8090208768844604
fold4,1363_v4_4_content_mast-group_OpenVocabCodeNLM_create_subtoken_data.py_cleaned.png,1,1,0.16923439502716064,0.8307656049728394
fold4,746_24_content_lavi09_Linked-Lists_findingnnodelinkedlist.py_cleaned.png,0,0,0.7766615152359009,0.22333848476409912
fold4,656_v4_24_content_Jagdishkharatmol_Sorting-techniques-_pythonin.py_cleaned.png,1,1,0.45406603813171387,0.5459339618682861
fold4,366_16_content_vineetkia_Fundamentals-Of-Cryptography__2_-Vignere.py_cleaned.png,0,0,0.6620464026927948,0.3379535973072052
fold4,1517_4_content_moduloone_QualtricsFactorialVignettes_questiongen.py_cleaned.png,0,0,0.5726396441459656,0.4273603558540344
fold4,1566_52_content_albertbrook_simple-rsa_create_rsa.py_cleaned.png,0,0,0.502029150724411,0.497970849275589
fold4,264_14_content_owenlo_OTP-Python_otp.py_cleaned.png,0,0,0.7163256704807281,0.28367432951927185
fold4,1746_61_content_cthorrez_deepsetLinkage_baselines.py_cleaned.png,0,1,0.21187818050384521,0.7881218194961548
fold4,585_1_content_susheelsagar_LCSS_lcss2.py_cleaned.png,0,0,0.8833635151386261,0.1166364848613739
fold4,821_v4_29_content_zxenonx_diffie-hellman-raw_dh2.py_cleaned.png,1,0,0.644393265247345,0.35560673475265503
fold4,1100_33_content_wcpun_DFS_dfs.py_cleaned.png,0,0,0.6722930371761322,0.3277069628238678
fold4,2015_7_content_oscarokker_OneTimePad_readImgBytes.py_cleaned.png,0,1,0.48032212257385254,0.5196778774261475
fold4,1637_58_content_Deborah-byte_data-strictures-and-algorithms_binary-search-tree-algo.py_cleaned.png,0,0,0.7330934405326843,0.2669065594673157
fold4,1681_5_content_anguillanneuf_bigO_54_fix_tampered_bst_efficient.py_cleaned.png,0,0,0.7234514355659485,0.2765485644340515
fold4,1619_v4_67_content_kevinrizki1019_face-recognition_main.py_cleaned.png,1,1,0.18704712390899658,0.8129528760910034
fold4,418_v4_19_content_VaibhavSaini19_Maze-Generator_maze_gen_prims.py_cleaned.png,1,1,0.37832218408584595,0.621677815914154
fold4,1099_v4_3_content_crvineeth97_kannada-stop-words_stopwords_find.py_cleaned.png,1,1,0.23008733987808228,0.7699126601219177
fold4,407_v4_19_content_jamesnearn_sortDigitalCameraFiles_sortDigitalCameraFiles.py_cleaned.png,1,1,0.3549445867538452,0.6450554132461548
fold4,1223_3_content_crvineeth97_kannada-stop-words_stopwords_find.py_cleaned.png,0,1,0.35998058319091797,0.640019416809082
fold4,280_v4_15_content_xiong414_rsa_python_main.py_cleaned.png,1,1,0.48896902799606323,0.5110309720039368
fold4,408_17_content_y00273676_O2O_ERP_Server_app.py_cleaned.png,0,1,0.31173384189605713,0.6882661581039429
fold4,338_v4_17_content_henryfox_encryption_run_ui.py_cleaned.png,1,1,0.18925786018371582,0.8107421398162842
fold4,1726_5_content_preetha2711_Algorithm-Design-and-Analysis_DP.py_cleaned.png,0,0,0.6849948167800903,0.31500518321990967
fold4,2133_8_content_BhushanVM_Market-Basker-Analyzer_son_spark.py_cleaned.png,0,0,0.7820621877908707,0.21793781220912933
fold4,1619_56_content_lijionline_Big-Data---Hands-On_movie-similarities-1m.py_cleaned.png,0,1,0.48278898000717163,0.5172110199928284
fold4,92_11_content_lanaelsanyoura_BubbleSort_object_graphics.py_cleaned.png,0,0,0.6351205408573151,0.36487945914268494
fold4,261_14_content_lucascamposj_huffman-coding_huffman_decode.py_cleaned.png,0,1,0.3265805244445801,0.6734194755554199
fold4,225_13_content_zandermoss_bessel_recursion_testi.py_cleaned.png,0,0,0.696345180273056,0.30365481972694397
fold4,1950_v4_8_content_jasminegrewal_Naive-Bayes-KNN-Logistic-Regression_2b_gnb.py_cleaned.png,1,1,0.1903781294822693,0.8096218705177307
fold4,49_10_content_nishi1612_Email-Spam-Classification-using-SVM_processing_emails_to_find_occurance_of_words.py_cleaned.png,0,0,0.7102923393249512,0.28970766067504883
fold4,1634_58_content_aarav-tech_design-patterns-python_singleton_4.py_cleaned.png,0,0,0.7054608464241028,0.2945391535758972
fold4,1995_v4_95_content_anapandza_ComputerNetworks_Dijkstra.py_cleaned.png,1,1,0.16146254539489746,0.8385374546051025
fold4,1159_37_content_coertquinton_number_sequences_start.py_cleaned.png,0,0,0.548279196023941,0.45172080397605896
fold4,1540_v4_5_content_GregLahaye_wikipedia-game_game.py_cleaned.png,1,1,0.4551505446434021,0.5448494553565979
fold4,242_14_content_arnaudperalta_py_graphpath_graph.py_cleaned.png,0,0,0.5020239353179932,0.49797606468200684
fold4,22_v4_10_content_dedeco_crawler-linkedin-public-profiles_crawler.py_cleaned.png,1,1,0.33867526054382324,0.6613247394561768
fold4,438_v4_1_content_chonhenry_binary-search-tree_binary_search_tree.py_cleaned.png,1,0,0.5896657705307007,0.4103342294692993
fold4,1557_51_content_knausb_proc_mpileup_fasta2nuccomp.py_cleaned.png,0,0,0.7050735354423523,0.2949264645576477
fold4,267_v4_15_content_VakinduPhilliam_Pattern_Matching_Python_Difflib_Pattern_Matching_CL_Interface.py_cleaned.png,1,0,0.5399048328399658,0.4600951671600342
fold4,864_v4_2_content_Liu-WeiYi_Private_Preserving_Outlier_Behavior_Detection_community_main.py_cleaned.png,1,1,0.28102707862854004,0.71897292137146
fold4,682_v4_24_content_vijayant123_music-sortt_sort.py_cleaned.png,1,0,0.6640221774578094,0.33597782254219055
fold4,1156_v4_3_content_linye1111_Perfect_Numbers_Euler_Perfects.py_cleaned.png,1,0,0.5504702627658844,0.4495297372341156
fold4,294_15_content_hgdsraj_python_vs_ruby_speed_quick.py_cleaned.png,0,0,0.7430640757083893,0.2569359242916107
fold4,235_14_content_Alexander35_fibonacci_sequence_http_server_tests.py_cleaned.png,0,1,0.37088239192962646,0.6291176080703735
fold4,662_22_content_arnavdutta_Motion-Detection_motion_detection.py_cleaned.png,0,0,0.5801604688167572,0.4198395311832428
fold4,638_21_content_hagyu-aya_prime-number-bot_index.py_cleaned.png,0,0,0.6606217622756958,0.3393782377243042
fold4,1639_58_content_loulai_InformationRetrieval_information_retrieval.py_cleaned.png,0,0,0.6377379298210144,0.3622620701789856
fold4,324_v4_16_content_ydhnwb_sentiment_analysis_movie_preprocessing.py_cleaned.png,1,1,0.3536909222602844,0.6463090777397156
fold4,239_v4_15_content_Dhruv-Panchal_AES_socket_GUI_decryptor.py_cleaned.png,1,1,0.22413575649261475,0.7758642435073853
fold4,1940_v4_8_content_dargust_OTPChat_OTPIRC.py_cleaned.png,1,1,0.36021971702575684,0.6397802829742432
fold4,60_v4_10_content_zpeterg_bmig_5003_count_words_index_test.py_cleaned.png,1,0,0.5347420573234558,0.4652579426765442
fold4,1326_v4_49_content_pranurs_regression-model_preprocess.py_cleaned.png,1,1,0.26488274335861206,0.7351172566413879
fold4,2099_v4_v5_25_content_SaadatRizvi_Movie-Recommendation-System_collaborative-filtering.py_cleaned.png,1,0,0.5114326775074005,0.4885673224925995
fold4,1473_4_content_alex-rantos_Project-1-Search-in-Pacman_keyboardAgents.py_cleaned.png,0,0,0.8277469575405121,0.17225304245948792
fold4,260_v4_15_content_ronma1_Dijkstra_graph_algo.py_cleaned.png,1,1,0.35057467222213745,0.6494253277778625
fold4,998_2_content_squeaky-godzilla_prime-factors_prime_factors.py_cleaned.png,0,0,0.7277165353298187,0.2722834646701813
fold4,1865_v4_81_content_Saiteja-Reddy_Basic-SFTP_caesar_cipher.py_cleaned.png,1,1,0.42407792806625366,0.5759220719337463
fold4,372_16_content_ydhnwb_sentiment_analysis_movie_preprocessing.py_cleaned.png,0,1,0.450580358505249,0.549419641494751
fold4,1989_7_content_jakobpederson_divisible_pair_sums_divisible_pair_sums.py_cleaned.png,0,1,0.44919759035110474,0.5508024096488953
fold4,1848_v4_80_content_Ayushhiman_LR_LRP.py_cleaned.png,1,0,0.6486574411392212,0.3513425588607788
fold4,1770_64_content_qnguyen3010_Dota2-Recommender-System_009276839_256_randomforest.py_cleaned.png,0,0,0.7365154922008514,0.26348450779914856
fold4,2028_7_content_syedshameersarwar_DocumentSimilarityChecker_pdfReader.py_cleaned.png,0,0,0.6180522739887238,0.38194772601127625
fold4,607_v4_22_content_thctds_Sorts1_insertionSort.py_cleaned.png,1,1,0.44363605976104736,0.5563639402389526
fold4,1537_v4_5_content_fernandolobato_ecc_verifiable_threshold_cryptosystem_key_gen.py_cleaned.png,1,1,0.38036859035491943,0.6196314096450806
fold4,1580_v4_62_content_agvaibhav_Binary-tree_delete-node.py_cleaned.png,1,0,0.7484515309333801,0.2515484690666199
fold4,1380_v4_4_content_ssghule_Naive-Bayes-and-Bag-of-Words-for-Text-Classification-Problem_geolocate.py_cleaned.png,1,1,0.2965651750564575,0.7034348249435425
fold4,2023_7_content_satyammittal_IRE-Stopping-Words_hindi.py_cleaned.png,0,0,0.8220801800489426,0.17791981995105743
fold4,1748_61_content_EricHasegawa_binary-search_binary_search.py_cleaned.png,0,0,0.6580098569393158,0.3419901430606842
fold4,653_v4_24_content_Esperano_internal_noise_generate_d_k.py_cleaned.png,1,1,0.47345077991485596,0.526549220085144
fold4,1983_7_content_gabriel-arauj_grafos_matriz.py_cleaned.png,0,0,0.5882303714752197,0.4117696285247803
fold4,466_19_content_qwarlock_python-selection-sort_PythonSelectionSort.py_cleaned.png,0,0,0.7222142815589905,0.2777857184410095
fold4,412_v4_19_content_psvelezm_printSet_Pedro_Velez_pgm.py_cleaned.png,1,1,0.428949236869812,0.571050763130188
fold4,1586_53_content_ding-si-han_Flight-Length-BFS_graph.py_cleaned.png,0,0,0.5214672684669495,0.47853273153305054
fold4,976_v4_33_content_ilkayDevran_Analysis_of_Sorting_Algorithms_selection_sort.py_cleaned.png,1,0,0.5415107011795044,0.4584892988204956
fold4,1822_69_content_TheOnly1338_ProxyScrapper_proxyscraper.py_cleaned.png,0,0,0.5982747375965118,0.40172526240348816
fold4,2130_8_content_AlfioEmanueleFresta_practical-one-time-pad_conf.py_cleaned.png,0,0,0.7757768481969833,0.22422315180301666
fold4,1816_69_content_ghfkddorl_mazerunner_main.py_cleaned.png,0,0,0.6098382771015167,0.3901617228984833
fold4,786_v4_29_content_barshaison_Naive_Bayes_Classifier_PreProcessing.py_cleaned.png,1,1,0.2373855710029602,0.7626144289970398
fold4,426_v4_1_content_abdullahwaqar_docsearx_pdf_reader.py_cleaned.png,1,1,0.4052928686141968,0.5947071313858032
fold4,992_2_content_Rookieprogrammer521_Kruskal_Kruskal.py_cleaned.png,0,0,0.5010628700256348,0.49893712997436523
fold4,226_v4_14_content_Robo-Sapien_Maze-Perilous-Real-Time-Implemention-of-Dijkstra-Algorithm_new091016.py_cleaned.png,1,1,0.1805506944656372,0.8194493055343628
fold4,723_v4_26_content_hemidactylus_skanfixer_SelRectangle.py_cleaned.png,1,1,0.19062834978103638,0.8093716502189636
fold4,1634_v4_68_content_pierobeat_Beginner-bubble-sort-py_bubble_sort.py_cleaned.png,1,0,0.6682224273681641,0.33177757263183594
fold4,1565_51_content_UnPolinomio_fibonacci-number_numbers.py_cleaned.png,0,0,0.6221024394035339,0.37789756059646606
fold4,1565_v4_60_content_muskantantia0_text-analytics_tf_idf.py_cleaned.png,1,0,0.6899720132350922,0.31002798676490784
fold4,297_15_content_leni1_python-fizzbuzz_fizzbuzz.py_cleaned.png,0,0,0.5693058371543884,0.4306941628456116
fold4,1234_3_content_HundredVisionsGuy_DivisibilityExceptionHandlingTests_test_Divisibility.py_cleaned.png,0,1,0.23088133335113525,0.7691186666488647
fold4,1693_v4_6_content_sujayt123_intelligent-segmentation_dijkstra.py_cleaned.png,1,1,0.08908402919769287,0.9109159708023071
fold4,176_13_content_AtahanCelebi_En-K-sa-Yol_polyline_denemesi.py_cleaned.png,0,1,0.47249317169189453,0.5275068283081055
fold4,1997_v4_96_content_catirado_MachineLearning_kmeans.py_cleaned.png,1,1,0.44679057598114014,0.5532094240188599
fold4,2092_85_content_TheSuri_Dijsktras_shortest_path.py_cleaned.png,0,0,0.5935595631599426,0.4064404368400574
fold4,775_25_content_aravindkanna_Implementation-of-Apriori-Algorithm_otherMethods.py_cleaned.png,0,0,0.8620605170726776,0.1379394829273224
fold4,276_14_content_zhongraymond_Selection-Sort_RZ_Selection_Sort.py_cleaned.png,0,0,0.8128327280282974,0.18716727197170258
fold4,1522_4_content_mtnyrgn_Bellman-Ford-Algorithm-with-Python_bellman-ford.py_cleaned.png,0,0,0.5738941431045532,0.4261058568954468
fold4,187_v4_13_content_sehajchawla_Compression_arithmetic.py_cleaned.png,1,0,0.7108187973499298,0.2891812026500702
fold4,637_v4_23_content_thugsatbay_CS-Algorithms_Sorting_Comparison_Ass2-1SolnCustomInput.py_cleaned.png,1,1,0.13009309768676758,0.8699069023132324
fold4,837_27_content_danish45007_PLACEMENTS-IN-SRM-2013-2016-_placements.py_cleaned.png,0,0,0.5731907486915588,0.42680925130844116
fold4,565_1_content_RyanMarcus_TreeConvolution_util.py_cleaned.png,0,1,0.088553786277771,0.911446213722229
fold4,2049_v4_9_content_OJFord_python-tailrecursion_tailrecursion.py_cleaned.png,1,0,0.5217272937297821,0.4782727062702179
fold4,1172_38_content_jeshan_dlq-to-telegram_configure-aws-cli.template.py_cleaned.png,0,1,0.1490681767463684,0.8509318232536316
fold4,191_v4_13_content_zandermoss_bessel_recursion_testi.py_cleaned.png,1,0,0.6972428262233734,0.3027571737766266
fold4,386_v4_18_content_Saychakr13_CLUSTERING_MODELS_hc.py_cleaned.png,1,0,0.7196405827999115,0.2803594172000885
fold4,1813_v4_7_content_manuellah_bc-9-twitter-sentiment-app_try.py_cleaned.png,1,1,0.39029616117477417,0.6097038388252258
fold4,730_v4_26_content_naviechan_sortingAlgorithmDemo_main.py_cleaned.png,1,1,0.34579312801361084,0.6542068719863892
fold4,1758_62_content_MurphyPone_fibo-converter_main.py_cleaned.png,0,0,0.5524495542049408,0.4475504457950592
fold4,1772_v4_7_content_Aly-Tomato_Prims-and-Kruskals_glb.py_cleaned.png,1,0,0.7531804740428925,0.24681952595710754
fold4,108_v4_11_content_tatsuyoshi-ikenoue_fizzbuzz_fizzbuzz.py_cleaned.png,1,0,0.6969018280506134,0.3030981719493866
fold4,2025_7_content_Sbrown4321_Assignment_2_Assignment2.py_cleaned.png,0,0,0.6687135100364685,0.3312864899635315
fold4,272_v4_15_content_VakinduPhilliam_Pattern_Matching_Python_Difflib_Pattern_Matching_Restore.py_cleaned.png,1,0,0.6664201617240906,0.3335798382759094
fold4,1082_33_content_hamzaenaime_rsa_python_rsa.py_cleaned.png,0,0,0.8145272433757782,0.1854727566242218
fold4,506_v4_1_content_SamKnightGit_LeagueBot_context.py_cleaned.png,1,1,0.2341710925102234,0.7658289074897766
fold4,826_v4_2_content_anrputina_OutlierDenStream-BigDama18_readGroundTruth.py_cleaned.png,1,1,0.41518592834472656,0.5848140716552734
fold4,1471_v4_57_content_sangyh_discrete-event-simulation_read_output.py_cleaned.png,1,1,0.29484957456588745,0.7051504254341125
fold4,1346_41_content_moyeshkhanal_HuffmanCompression_test_ReadWrite.py_cleaned.png,0,0,0.7739374935626984,0.22606250643730164
fold4,252_14_content_Dawlatly_Recommender-system_manage.py_cleaned.png,0,0,0.7339739203453064,0.2660260796546936
fold4,396_v4_19_content_abedigram_genpy_app.py_cleaned.png,1,1,0.33613520860671997,0.66386479139328
fold4,1609_55_content_midderbear_DFS-optimizer_playerlists.py_cleaned.png,0,1,0.30653083324432373,0.6934691667556763
fold4,1444_48_content_asaadam_TextMining_Preprocessing.py_cleaned.png,0,0,0.7224056422710419,0.27759435772895813
fold4,923_2_content_ablumenf_ECCpy_ECC.py_cleaned.png,0,0,0.7209230661392212,0.2790769338607788
fold4,1932_76_content_sarthak1598_PyRAT-Remote-Administration-Tool-TROJAN-_attacker_side.py_cleaned.png,0,0,0.6489439904689789,0.3510560095310211
fold4,1085_33_content_ilkayDevran_Analysis_of_Sorting_Algorithms_insertion_sort.py_cleaned.png,0,0,0.5558014512062073,0.4441985487937927
fold4,136_v4_12_content_ianscottknight_Predicting-Myers-Briggs-Type-Indicator-with-Recurrent-Neural-Networks_make_test_set.py_cleaned.png,1,1,0.4599180221557617,0.5400819778442383
fold4,433_18_content_rutajoshi_polyfit_experiments_noise_variance_experiment.py_cleaned.png,0,1,0.15622687339782715,0.8437731266021729
fold4,1425_46_content_mamtajakter_word2vec-cosine-similarity_hw1part3d.py_cleaned.png,0,0,0.7469308972358704,0.25306910276412964
fold4,1279_v4_45_content_vdanny_bst-python_binary_search_tree.py_cleaned.png,1,1,0.3652050495147705,0.6347949504852295
fold4,2077_v4_v4_40_content_HimalayPatel_loan-likelihood-prediction_predicting_loan_eda.py_cleaned.png,1,0,0.541332483291626,0.458667516708374
fold4,227_v4_14_content_sherlockhoatszx_MachineLearning_CTR_project_auc.py_cleaned.png,1,1,0.09091806411743164,0.9090819358825684
fold4,1657_5_content_Abdallah-Elshamy_floyd-warshall_APSP-Floyd_Warshall.py_cleaned.png,0,1,0.49141085147857666,0.5085891485214233
fold4,1738_v4_75_content_pikiaboy_Investing.com-Scraper_db_table.py_cleaned.png,1,1,0.2533606290817261,0.7466393709182739
fold4,1180_v4_3_content_Svistoplyaz_Uniformly_Generating_Binary_Trees_main.py_cleaned.png,1,0,0.6420787572860718,0.3579212427139282
fold4,772_v4_28_content_Mansy_HuffmanCode_Huffman.py_cleaned.png,1,1,0.2861725687980652,0.7138274312019348
fold4,755_24_content_MariosPitsali_algorithms-practice_ducks.py_cleaned.png,0,0,0.6369892954826355,0.3630107045173645
fold4,39_v4_10_content_mahimagupta_NLP-Research-Project-_supervisedLearner.py_cleaned.png,1,1,0.23004978895187378,0.7699502110481262
fold4,7_v4_10_content_adrianvellamlt_Quick-Sort---Insertion-Sort_quicksort.py_cleaned.png,1,1,0.33381181955337524,0.6661881804466248
fold4,1408_v4_51_content_ShrutheeshIR_Principal-Component-Analysis-on-Images_Pcaimages.py_cleaned.png,1,1,0.48380935192108154,0.5161906480789185
fold4,538_1_content_josgard94_JPEG_generador_huffman_code.py_cleaned.png,0,0,0.7152157723903656,0.2847842276096344
fold4,1998_7_content_kanthagirish-rit_lcs-project_recursive.py_cleaned.png,0,0,0.64862260222435,0.35137739777565
fold4,229_v4_14_content_Tomev_weightedAppendingStDevTester_stDev-checker.py_cleaned.png,1,1,0.33019357919692993,0.6698064208030701
fold4,1396_v4_51_content_adityapatelgithub_Expressions-and-Functions_newsplit.py_cleaned.png,1,0,0.5713841021060944,0.42861589789390564
fold4,1367_43_content_agusmakmun_changewords_tests.py_cleaned.png,0,1,0.2970287799835205,0.7029712200164795
fold4,2234_9_content_ankur-anand_Factorial-Algorithm_fact_12_unittest.py_cleaned.png,0,1,0.4359719157218933,0.5640280842781067
fold4,1594_54_content_adnan-mehremic_plagiarism-detection_cosine_similarity.py_cleaned.png,0,0,0.607760101556778,0.39223989844322205
fold4,544_1_content_lucaspauker_factor-perfect-numbers_Factors_Perfect_Number.py_cleaned.png,0,0,0.7850009799003601,0.2149990200996399
fold4,588_v4_22_content_asmitaneupane_Python-project_vernam.py_cleaned.png,1,1,0.45008552074432373,0.5499144792556763
fold4,29_v4_10_content_gochieng_BinarySearch_test.py_cleaned.png,1,0,0.6862137615680695,0.31378623843193054
fold4,2123_8_content_6test5_expsmooth_expsmooth.py_cleaned.png,0,0,0.7101321220397949,0.2898678779602051
fold4,1741_v4_76_content_mashfiq10_Naive-Bayes-classification_prob_1.py_cleaned.png,1,1,0.4639119505882263,0.5360880494117737
fold4,709_v4_25_content_surbhisinghal_Binary-Tree-leftchild-rightsib_tree.py_cleaned.png,1,0,0.7489457726478577,0.25105422735214233
fold4,1660_5_content_AdamJacoby_Hopf_ExampleGroup_Functions.py_cleaned.png,0,0,0.6690697073936462,0.33093029260635376
fold4,560_v4_21_content_detsikas_PCA_pca_example.py_cleaned.png,1,0,0.6613718867301941,0.3386281132698059
fold4,339_16_content_KjHop_quick-sort_SortingClass.py_cleaned.png,0,0,0.6823854744434357,0.31761452555656433
fold4,15_v4_10_content_awaisakram64_Statistic_operat_operation.py_cleaned.png,1,1,0.38881587982177734,0.6111841201782227
fold4,1179_v4_3_content_Sapphirine_Detecting-and-Predicting-the-Impact-of-Events_calc_train_anamoly_10ile.py_cleaned.png,1,1,0.38421082496643066,0.6157891750335693
fold4,1102_33_content_wcpun_DFS_utils.py_cleaned.png,0,1,0.4746488928794861,0.5253511071205139
fold4,982_2_content_nuchi_bst-matrix-vector_bst_vector.py_cleaned.png,0,0,0.8079541921615601,0.19204580783843994
fold4,686_22_content_SivaRanjan17_AES-Multi-Client-Chat-System_server.py_cleaned.png,0,1,0.4405999183654785,0.5594000816345215
fold4,1106_34_content_iamhimanshu0_Ml_Linear_Regression_Gradient_Descent_Linear_Regression_using_Gradient_Descent_HIMANSHU.py_cleaned.png,0,0,0.7822261303663254,0.21777386963367462
fold4,1879_v4_84_content_ieeeWang_Linear-regression-using-tf_linear_regression_tf_medium_API.py_cleaned.png,1,0,0.5735578835010529,0.42644211649894714
fold4,220_13_content_ShankyTiwari_Naive-Bayes-Classifier-using-python_naive_bayes_supermall.py_cleaned.png,0,0,0.6538872718811035,0.3461127281188965
fold4,1415_46_content_arun-p12_sort-algorithms_insertion_sort.py_cleaned.png,0,1,0.3580473065376282,0.6419526934623718
fold4,1546_50_content_mrugankray_Hierarchical_Clustering_hierarchichal_clustering.py_cleaned.png,0,0,0.6709880828857422,0.3290119171142578
fold4,687_v4_25_content_aravindkanna_Implementation-of-Apriori-Algorithm_project.py_cleaned.png,1,1,0.3455003499984741,0.6544996500015259
fold4,1679_v4_6_content_neal-o-r_array_search_binary_search.py_cleaned.png,1,1,0.26985782384872437,0.7301421761512756
fold4,936_v4_31_content_mujtabali_Multivariate-Linear-Regression_mvlr.py_cleaned.png,1,0,0.5884970426559448,0.4115029573440552
fold4,127_v4_12_content_dandanpeng_ComputationalProteinDesign_run.py_cleaned.png,1,0,0.7649840712547302,0.23501592874526978
fold4,2027_v4_9_content_emmanuj_mst-solver_edge.py_cleaned.png,1,1,0.4632446765899658,0.5367553234100342
fold4,906_29_content_mbarylsk_primes_primes.py_cleaned.png,0,0,0.6776240170001984,0.32237598299980164
fold4,1781_v4_7_content_DeFacto_DeFactoNLP_sentence_retrieval.py_cleaned.png,1,1,0.21553128957748413,0.7844687104225159
fold4,1593_v4_64_content_coronary_makerHubTool_testSheets.py_cleaned.png,1,1,0.4307674765586853,0.5692325234413147
fold4,1736_v4_75_content_maxilevi_airport-system_graph.py_cleaned.png,1,1,0.36215800046920776,0.6378419995307922
fold4,645_v4_24_content_AntoAndGar_ProgettazioneDiAlgoritmi_bkesame10_06_19.py_cleaned.png,1,0,0.5561659634113312,0.4438340365886688
fold4,780_25_content_bisigc_python_quicksort_run_parallel_QuickSort_threading.py_cleaned.png,0,0,0.5446072220802307,0.4553927779197693
fold4,2048_v4_9_content_noumanmalik960_bubbleSort_bubbleSort.py_cleaned.png,1,1,0.31386077404022217,0.6861392259597778
fold4,1233_3_content_harisrkhan7_FloydWarshallAlgorithmParallelisation_goodgraph.py_cleaned.png,0,1,0.4862671494483948,0.5137328505516052
fold4,632_21_content_binojohnthomas_WebScraper-Example_main.py_cleaned.png,0,1,0.24640893936157227,0.7535910606384277
fold4,1101_33_content_wcpun_DFS_shell.py_cleaned.png,0,1,0.4180310368537903,0.5819689631462097
fold4,1569_52_content_CorrineTan_Digital-Signature-Schemes-Evaluation_ecdsa_fast.py_cleaned.png,0,1,0.36355793476104736,0.6364420652389526
fold4,1678_5_content_anguillanneuf_bigO_17_island_count.py_cleaned.png,0,0,0.8222420364618301,0.17775796353816986
fold4,1134_35_content_rajucsm09_Fibonacci-Sequence-using-Memoizaton_fibonacci.py_cleaned.png,0,0,0.7883480787277222,0.21165192127227783
fold4,2057_v4_9_content_vbelz_Movie-recommender_prepare_database.py_cleaned.png,1,1,0.3858987092971802,0.6141012907028198
fold4,1355_42_content_aryanshar_TextMining_extract.py_cleaned.png,0,0,0.558251678943634,0.44174832105636597
fold4,1815_v4_7_content_mharsha315_Python---Hangman_Hangman.py_cleaned.png,1,1,0.1933169960975647,0.8066830039024353
fold4,801_26_content_alex-code4okc_LinkedList_linkedlist.py_cleaned.png,0,1,0.21945834159851074,0.7805416584014893
fold4,2130_v5_v4_1_content_sadnessFree_arima-lstm_muilt_lstm.py_cleaned.png,1,1,0.27737200260162354,0.7226279973983765
fold4,1817_v4_7_content_motazsaad_comparable-text-miner_aligning-docs-by-interlinks-demo.py_cleaned.png,1,1,0.4526853561401367,0.5473146438598633
fold4,511_1_content_dedeco_dijkstra-bellman-ford_teste_proprio_djt.py_cleaned.png,0,0,0.7347051501274109,0.2652948498725891
fold4,806_26_content_dmallya93_Intelligent-Web-Services-Discovery-using-Clustering-Method_jsonMaker.py_cleaned.png,0,0,0.760555624961853,0.23944437503814697
fold4,1887_v4_84_content_rev1z_async_factorial_webapp_logic.py_cleaned.png,1,1,0.46406108140945435,0.5359389185905457
fold4,1461_49_content_matbarPL_Vacuum-with-preknowledge_Queue.py_cleaned.png,0,0,0.6955068111419678,0.3044931888580322
fold4,120_v4_12_content_burrussmp_MST-Algorithms_DataGenerator.py_cleaned.png,1,1,0.4391683340072632,0.5608316659927368
fold4,394_17_content_jmullercuber_HackHarvard2k16_TwitterTest.py_cleaned.png,0,0,0.6779839992523193,0.32201600074768066
fold4,1461_v4_56_content_newsteps8_Efficiency_of_SortingAlgorithms_merge_sort.py_cleaned.png,1,0,0.5793261229991913,0.4206738770008087
fold4,876_v4_2_content_nuchi_bst-matrix-vector_bst_vector.py_cleaned.png,1,0,0.5602495074272156,0.4397504925727844
fold4,809_v4_29_content_ntzhong_box_api_modify_links_main.py_cleaned.png,1,1,0.11369156837463379,0.8863084316253662
fold4,1211_v4_40_content_urmilkadakia_Rainfall-prediction-for-the-state-of-Gujarat-using-deep-learning-technique_mlp_1_p.py_cleaned.png,1,1,0.4540368318557739,0.5459631681442261
fold4,1343_41_content_Daisy0828_Search_dgraph.py_cleaned.png,0,0,0.647185206413269,0.35281479358673096
fold4,1774_65_content_josephnavarro_space-strategy_conversation.py_cleaned.png,0,1,0.4441831707954407,0.5558168292045593
fold4,1271_v4_45_content_craig-m-k_huffman-coding_heapify.py_cleaned.png,1,1,0.38251161575317383,0.6174883842468262
fold4,1714_v4_71_content_puria-radmard_truncatedspline_truncspline.py_cleaned.png,1,1,0.40045684576034546,0.5995431542396545
fold4,338_16_content_johnllanos_selection_sort.py_selection_sort.py_cleaned.png,0,0,0.6992105543613434,0.3007894456386566
fold4,1712_v4_71_content_logyball_public_private_encryption_keygen.py_cleaned.png,1,1,0.2477681040763855,0.7522318959236145
fold4,1114_34_content_rajdas2001_Sorting-of-lists-arrays_Selection_Sort_2.py_cleaned.png,0,0,0.6054257452487946,0.39457425475120544
fold4,1780_66_content_aakashrai1_principal-component-analysis-on-iris-dataset_PCA_iris.py_cleaned.png,0,0,0.5066522061824799,0.49334779381752014
fold4,2117_v4_v5_74_content_MarynaTatsevich_Machine-Learning-Unsupervised-Learning-Techniques_hierarchical_clustering_algorithm.py_cleaned.png,1,1,0.29629480838775635,0.7037051916122437
fold4,2230_99_content_OmerFarukTekgozoglu_Machine-Learning-Polynomial-Regression_polynomialRegression.py_cleaned.png,0,0,0.7032411694526672,0.29675883054733276
fold4,1873_v4_83_content_freniapinto_Search-Engine_SnippetGen.py_cleaned.png,1,1,0.46522223949432373,0.5347777605056763
fold4,1471_4_content_agvaibhav_linked-list_insertion-doubly.py_cleaned.png,0,1,0.4128696322441101,0.5871303677558899
fold4,2205_96_content_Iangecko_aes.py_easy_aes.py_cleaned.png,0,1,0.1287723183631897,0.8712276816368103
fold4,1188_39_content_engmubarak48_polynomial-regression_Polynomial_Regression__2_.py_cleaned.png,0,0,0.5896845161914825,0.41031548380851746
fold4,831_27_content_AdamClarksCode_Primes_primesBetter.py_cleaned.png,0,0,0.6637078523635864,0.3362921476364136
fold4,882_28_content_vinaykumarbu_sentiment-analysis-deeplearning_tweet.py_cleaned.png,0,0,0.6326161921024323,0.36738380789756775
fold4,1352_42_content_aira26_HomeWork3_quicksortclass.py_cleaned.png,0,0,0.5189043879508972,0.4810956120491028
fold4,748_24_content_lesdev_SortingMethods_Insertion.py_cleaned.png,0,0,0.611110121011734,0.388889878988266
fold4,1132_v4_3_content_iykadev_pyalgo_monte_carlo_method.py_cleaned.png,1,0,0.6295746862888336,0.3704253137111664
fold4,1042_31_content_jwjohns_binary-tree_python_binary_tree_search.py_cleaned.png,0,0,0.8142072111368179,0.18579278886318207
fold4,351_16_content_NB-prog_INTERN-2019_plot.py_cleaned.png,0,1,0.4304967522621155,0.5695032477378845
fold4,1752_v4_78_content_ashish0707_basic_webcrawler_task2.A_BFS.py_cleaned.png,1,1,0.3846172094345093,0.6153827905654907
fold4,172_v4_13_content_jhomswk_Minimum_Spanning_Tree_graph.py_cleaned.png,1,1,0.2153104543685913,0.7846895456314087
fold4,634_21_content_CanKorkut_Python-Sort-Algorithm_quick.py_cleaned.png,0,0,0.6201078593730927,0.37989214062690735
fold4,728_v4_26_content_mosco_geodesic-knn_test_dijkstra.py_cleaned.png,1,1,0.3803299069404602,0.6196700930595398
fold4,515_v4_1_content_susheelsagar_LCSS_lcss.py_cleaned.png,1,1,0.2604300379753113,0.7395699620246887
fold4,1464_v4_57_content_Amin-Matola_WebRobots_networkscanner.py_cleaned.png,1,1,0.42548131942749023,0.5745186805725098
fold4,1014_30_content_pwneip_fibonacci_fibonacci.py_cleaned.png,0,0,0.5847168564796448,0.4152831435203552
fold4,1488_4_content_giocarro_BubbleSort-and-Words-Sort_MergeSort2.py_cleaned.png,0,0,0.7831103950738907,0.21688960492610931
fold4,1126_v4_3_content_iykadev_pyalgo_fibo.py_cleaned.png,1,0,0.6300367414951324,0.36996325850486755
fold4,189_13_content_fangzhengzhu_minst-knn_imgReader.py_cleaned.png,0,1,0.3941243886947632,0.6058756113052368
fold4,1296_v4_47_content_llewellyn-kevin_club-matchmaking_usattRatings.py_cleaned.png,1,1,0.37229812145233154,0.6277018785476685
fold4,1560_v4_5_content_wiflore_Data-Lakes-on-AWS_etl.py_cleaned.png,1,1,0.10983073711395264,0.8901692628860474
fold4,1680_5_content_anguillanneuf_bigO_38_rabin_karp.py_cleaned.png,0,0,0.7421586811542511,0.2578413188457489
fold4,370_16_content_wolfdroid_MST_Prim-s_and_Kruskal-s_prim.py_cleaned.png,0,0,0.56401327252388,0.43598672747612
fold4,1210_3_content_akh5113_BFS-Wrestling-Teams_Homework5.py_cleaned.png,0,0,0.8681750446557999,0.13182495534420013
fold4,1155_v4_3_content_kressi_turing_turing.py_cleaned.png,1,1,0.19256985187530518,0.8074301481246948
fold4,369_v4_18_content_cteters_Minimum-spanning-tree_prim.py_cleaned.png,1,1,0.172990083694458,0.827009916305542
fold4,2106_v4_v5_4_content_noteven2degrees_timeseries_statsmodels_arima_evaluation.py_cleaned.png,1,1,0.47395479679107666,0.5260452032089233
fold4,508_1_content_dedeco_dijkstra-bellman-ford_teste_lobo_bford.py_cleaned.png,0,0,0.7099102437496185,0.29008975625038147
fold4,44_v4_10_content_nishi1612_Email-Spam-Classification-using-SVM_processing_emails_to_find_occurance_of_words.py_cleaned.png,1,1,0.3239840269088745,0.6760159730911255
fold4,157_12_content_MarynaTatsevich_Machine-Learning-Regression-Techniques_Polynomial_Regression.py_cleaned.png,0,0,0.6769688129425049,0.3230311870574951
fold4,1335_v4_4_content_Askjensen_scikittf-idfNLTK_str_func.py_cleaned.png,1,1,0.21571022272109985,0.7842897772789001
fold4,1553_v4_5_content_MadalinaMircea_GraphAlgorithms_StartApp.py_cleaned.png,1,0,0.6575489044189453,0.3424510955810547
fold4,889_29_content_cmccoypdx_PythonSortCompare_MergeSort.py_cleaned.png,0,0,0.7940509468317032,0.20594905316829681
fold4,1080_33_content_gquintela_bfs_graph.py_cleaned.png,0,0,0.5991845726966858,0.4008154273033142
fold4,1196_v4_40_content_Charles-Peeke_clinical_variances_keyword_app.py_cleaned.png,1,0,0.5746125280857086,0.4253874719142914
fold4,1921_75_content_benbroks_ipca_ipca.py_cleaned.png,0,1,0.3809770941734314,0.6190229058265686
fold4,953_2_content_jaurelio1_Huffman_Opencv_main.py_cleaned.png,0,0,0.614050567150116,0.38594943284988403
fold4,1766_v4_79_content_s1ssagar_fibonacci-finding-easy_fibonacci-finding-easy.py_cleaned.png,1,1,0.32392680644989014,0.6760731935501099
fold4,1456_49_content_andreanndrade10_Huffman-Compressor_huffman.py_cleaned.png,0,0,0.6655279695987701,0.33447203040122986
fold4,1091_v4_3_content_arhamrizvi_Kruskals-algorithm_Kruskal.py_cleaned.png,1,0,0.5298131704330444,0.47018682956695557
fold4,2034_7_content_wallacelab_paper-maize-rhizosphere-2017_1b_PlotHeritabilities.py_cleaned.png,0,0,0.5138696134090424,0.48613038659095764
fold4,1709_v4_70_content_zeineb-rejiba_linear-regression_lin_reg.py_cleaned.png,1,1,0.15444904565811157,0.8455509543418884
fold4,1764_64_content_AhmadMamduhh_Data-Mining-Project_clustering.py_cleaned.png,0,1,0.34237200021743774,0.6576279997825623
fold4,1671_5_content_alexeyev_nm_data_preparation.py_cleaned.png,0,0,0.7046954929828644,0.2953045070171356
fold4,1377_43_content_pkonowrocki_Neural-network_csvReader.py_cleaned.png,0,0,0.6338810622692108,0.3661189377307892
fold4,1918_74_content_ikravche_polynomial_regression_NNE.py_cleaned.png,0,0,0.6781504452228546,0.3218495547771454
fold4,1338_v4_4_content_captainACE_python-ADVANCEMATH-lib_ap.py_cleaned.png,1,1,0.3909881114959717,0.6090118885040283
fold4,326_16_content_aplested_verify_file_tools.py_cleaned.png,0,0,0.6818749904632568,0.31812500953674316
fold4,513_1_content_dedeco_dijkstra-bellman-ford_vertice.py_cleaned.png,0,0,0.5723162293434143,0.4276837706565857
fold4,1734_v4_75_content_LucaRemaggi_RSAO_Parameteriser_Beamformers.py_cleaned.png,1,1,0.27928298711776733,0.7207170128822327
fold4,928_v4_31_content_benarg_A_star-BFS-Dijkstra-algorithms_AI_assignment3_part2.py_cleaned.png,1,0,0.5336248278617859,0.4663751721382141
fold4,1005_v4_35_content_dharan-s_Data_Structure_Python_LLPalindrome.py_cleaned.png,1,0,0.5106085538864136,0.4893914461135864
fold4,1444_v4_54_content_wenlin-koh_K-Means-Clustering---python_kmeans.py_cleaned.png,1,1,0.24537140130996704,0.754628598690033
fold4,828_26_content_RahulSingal_ProductRecommendations_HW1.py_cleaned.png,0,0,0.8168319016695023,0.18316809833049774
fold4,570_v4_21_content_pavel-shepelev_NaiveBayes_News_Classifier.py_cleaned.png,1,1,0.3299194574356079,0.6700805425643921
fold4,107_11_content_namelessfintech_python-web-scraping_downloader.py_cleaned.png,0,1,0.3903765082359314,0.6096234917640686
fold4,403_17_content_Selentiym_bigHWonOrderedSets_hw3.py_cleaned.png,0,0,0.7450063824653625,0.25499361753463745
fold4,1842_6_content_gionanide_Cryptography_Decrypt_Hip_replacement.py_cleaned.png,0,1,0.48586732149124146,0.5141326785087585
fold4,1079_v4_39_content_msinghal34_M-M-1-Queue-Simulation-with-timeouts_M_M_1_with_timeouts.py_cleaned.png,1,1,0.29092711210250854,0.7090728878974915
fold4,367_16_content_vineetkia_Fundamentals-Of-Cryptography__7_-Diffi-Hellman-KeyExchange.py_cleaned.png,0,0,0.7052552700042725,0.29474472999572754
fold4,1978_7_content_fepz_AyCC_dary_heap.py_cleaned.png,0,1,0.3622030019760132,0.6377969980239868
fold4,1260_3_content_iykadev_pyalgo_move_to_front_algo.py_cleaned.png,0,1,0.4551076292991638,0.5448923707008362
fold4,1857_v4_81_content_jvdwyer_Sorting_Sorts.py_cleaned.png,1,1,0.3120422959327698,0.6879577040672302
fold4,790_v4_29_content_cmccoypdx_PythonSortCompare_QuickSort.py_cleaned.png,1,1,0.33811765909194946,0.6618823409080505
fold4,367_v4_18_content_CommanderSnuggle_RSA_signer.py_cleaned.png,1,1,0.2316022515296936,0.7683977484703064
fold4,568_1_content_sadnessFree_arima-lstm_arima.py_cleaned.png,0,0,0.6217441856861115,0.37825581431388855
fold4,1027_v4_36_content_guoziqingbupt_Huffman-Coding_HuffmanDecode.py_cleaned.png,1,0,0.6068015396595001,0.3931984603404999
fold4,1369_v4_4_content_mincanhe_Network-routing-protocol_kruskal.py_cleaned.png,1,0,0.6055859327316284,0.3944140672683716
fold4,929_v4_31_content_Cadellinman_RB-EmailSorter_RedBubbleSorter.py_cleaned.png,1,1,0.407718300819397,0.592281699180603
fold4,1248_3_content_iykadev_pyalgo_deal_cards_for_freecell_algo.py_cleaned.png,0,0,0.5155602097511292,0.48443979024887085
fold4,29_10_content_gochieng_BinarySearch_test.py_cleaned.png,0,0,0.7165122330188751,0.2834877669811249
fold4,400_17_content_qwarlock_python-bubble-sort_bubble_sort.py_cleaned.png,0,0,0.8194582164287567,0.1805417835712433
fold4,1452_v4_55_content_siddbhatia07_MACHINE-LEARNING_Simple_linear_regression.py_cleaned.png,1,0,0.5668238401412964,0.4331761598587036
fold4,1944_v4_8_content_FelixHuangX_Naive-Bayes-for-Text-Classification_Naivebayes_train.py_cleaned.png,1,1,0.15432703495025635,0.8456729650497437
fold4,79_v4_11_content_kirokuan_Idf-tf-DocCompare_hwTest.py_cleaned.png,1,1,0.13301420211791992,0.8669857978820801
fold4,2040_80_content_Ayushhiman_LR_LRP.py(1)_cleaned.png,0,0,0.7383837401866913,0.2616162598133087
fold4,1291_3_content_Misael89_Programacion-Ejercicios_Promedio.py_cleaned.png,0,0,0.6290948688983917,0.3709051311016083
fold4,1436_v4_54_content_ceydapolat_Sorting-Algorithms-Analysis_InsertionSort.py_cleaned.png,1,1,0.3328986167907715,0.6671013832092285
fold4,279_v4_15_content_VakinduPhilliam_Pattern_Matching_Python_Glob_Directory_Paths.py_cleaned.png,1,1,0.48839741945266724,0.5116025805473328
fold4,477_v4_1_content_josgard94_JPEG_generador_huffman_code.py_cleaned.png,1,1,0.11005163192749023,0.8899483680725098
fold4,1238_3_content_iykadev_pyalgo_ackermann_func.py_cleaned.png,0,0,0.697721004486084,0.302278995513916
fold4,1177_v4_3_content_Robert-Barclay_Statistics-Calculator_Stat_CalculatorV3.0.py_cleaned.png,1,1,0.2476797103881836,0.7523202896118164
fold4,548_v4_20_content_StillWorking_Stats_OnlineStats.py_cleaned.png,1,1,0.22815454006195068,0.7718454599380493
fold4,1877_v4_83_content_SonNinh_sorting-algorithm_sorting_deck.py_cleaned.png,1,1,0.23138552904129028,0.7686144709587097
fold4,1813_68_content_MyMichaelSinaga_Document-Search-Engine_tokeniser.py_cleaned.png,0,1,0.3747396469116211,0.6252603530883789
fold4,1402_v4_51_content_knausb_proc_mpileup_proc_mpileup2.py_cleaned.png,1,1,0.1957889199256897,0.8042110800743103
fold4,1762_v4_79_content_lorenzo3117_python-sorting-scripts_heapSort.py_cleaned.png,1,0,0.6275765299797058,0.3724234700202942
fold4,559_v4_21_content_danielleos_Fibonacci-Generator_main.py_cleaned.png,1,1,0.4700091481208801,0.5299908518791199
fold4,870_28_content_misbahulard_search-engine-tfidf_app.py_cleaned.png,0,0,0.5246168076992035,0.4753831923007965
fold4,1350_41_content_Titash21_Python-Representation-of-LinkedList_linkledistDelete.py_cleaned.png,0,0,0.7309750020503998,0.2690249979496002
fold4,675_22_content_jguo13_Linear-Inverse-Theory-Least-Squares-Model_leastsquaresfit.py_cleaned.png,0,0,0.6003802120685577,0.39961978793144226
fold4,801_v4_29_content_ikravche_Apriori_Apriori.py_cleaned.png,1,0,0.5428918600082397,0.45710813999176025
fold4,1148_v4_3_content_iykadev_pyalgo_trabb_pardo_knuth_algo.py_cleaned.png,1,1,0.46238380670547485,0.5376161932945251
fold4,2066_83_content_freniapinto_Search-Engine_SnippetGen.py_cleaned.png,0,0,0.6788614988327026,0.32113850116729736
fold4,1824_v4_7_content_oscarokker_OneTimePad_unbreakable_encryption.py_cleaned.png,1,1,0.3296927809715271,0.6703072190284729
fold4,875_v4_2_content_neonb88_knn_knn_machine_learning_hw1.py_cleaned.png,1,1,0.22523605823516846,0.7747639417648315
fold4,236_v4_15_content_Areege_Binary-and-Trinary-Search-Trees_SourceCode.py_cleaned.png,1,1,0.152748703956604,0.847251296043396
fold4,399_17_content_loranloranvl_ecc-point_ECC_Point.py_cleaned.png,0,1,0.45522600412368774,0.5447739958763123
fold4,825_26_content_NicolasAG_ML-assignment1_a1q1f.py_cleaned.png,0,1,0.20601904392242432,0.7939809560775757
fold4,2096_86_content_bharathsharma95_DES_readFile.py_cleaned.png,0,0,0.6054641008377075,0.3945358991622925
fold4,1553_51_content_adityapatelgithub_Expressions-and-Functions_peekable.py_cleaned.png,0,0,0.6801282167434692,0.31987178325653076
fold4,465_19_content_psvelezm_printSet_Pedro_Velez_pgm.py_cleaned.png,0,0,0.686111330986023,0.31388866901397705
fold4,2048_81_content_fwang084_DFS_Optimizer_Initialize.py_cleaned.png,0,0,0.5904741287231445,0.40952587127685547
fold4,1618_56_content_joseph-njogu_Rabbitmq_worker.py_cleaned.png,0,0,0.5997755527496338,0.4002244472503662
fold4,2030_v4_9_content_emmanuj_mst-solver_treeset.py_cleaned.png,1,1,0.31200283765792847,0.6879971623420715
fold4,1144_v4_3_content_iykadev_pyalgo_sierpinski_triangle.py_cleaned.png,1,0,0.6107930541038513,0.3892069458961487
fold4,663_v4_24_content_lesdev_SortingMethods_radix.py_cleaned.png,1,0,0.6294673979282379,0.3705326020717621
fold4,1334_40_content_Shikhar-S_Search-TF-IDF_graph_script.py_cleaned.png,0,0,0.7174034714698792,0.28259652853012085
fold4,1379_43_content_rmaur012_Measures-of-Vector-Similarity_vectorSimilarityFunctions.py_cleaned.png,0,1,0.475441575050354,0.524558424949646
fold4,513_v4_1_content_susheelsagar_LCSS_file.py_cleaned.png,1,0,0.7236534953117371,0.27634650468826294
fold4,1305_v4_48_content_asaadam_TextMining_Preprocessing.py_cleaned.png,1,0,0.5337214767932892,0.4662785232067108
fold4,164_12_content_rileyqi_Apriori-Algorithm-Python_apriori.py_cleaned.png,0,0,0.795387402176857,0.204612597823143
fold4,1570_v4_61_content_AaronRobson_sequences_fibonacci_numbers.py_cleaned.png,1,0,0.7351100146770477,0.26488998532295227
fold4,1682_5_content_anguillanneuf_bigO_76_longest_subsequence.py_cleaned.png,0,0,0.8324803411960602,0.16751965880393982
fold4,1964_7_content_Aly-Tomato_Prims-and-Kruskals_test.py_cleaned.png,0,1,0.3987828493118286,0.6012171506881714
fold4,856_27_content_yilangpeng_computational-aesthetics_edge.py_cleaned.png,0,1,0.26781362295150757,0.7321863770484924
fold4,1067_32_content_jtuckerk_oscar_prediction_imdb_data_create.py_cleaned.png,0,0,0.6179511249065399,0.3820488750934601
fold4,69_10_content_zpeterg_bmig_5003_count_words_utils.py_cleaned.png,0,0,0.6938473880290985,0.3061526119709015
fold4,540_v4_20_content_learn-co-students_applying-gradient-descent-lab-dc-ds-career-042219_linear_equations.py_cleaned.png,1,1,0.4010850191116333,0.5989149808883667
fold4,325_v4_17_content_achusat_Elliptic_Curve_Cryptography_ecc.py_cleaned.png,1,1,0.20803511142730713,0.7919648885726929
fold4,990_v4_34_content_dvsa_cvs-tsk-dlq-handler_dlq_handler.py_cleaned.png,1,1,0.24238508939743042,0.7576149106025696
fold4,2111_88_content_ilkayDevran_HEAP_and_BTS_Implementation_binarySearchTree.py_cleaned.png,0,0,0.6585536301136017,0.3414463698863983
fold4,580_v4_21_content_yashag66_Python-Code-Samples_hashingString.py_cleaned.png,1,1,0.40837711095809937,0.5916228890419006
fold4,897_29_content_fwoodruff_ECDH_SymmetricCiphers.py_cleaned.png,0,0,0.5476474761962891,0.45235252380371094
fold4,1152_v4_3_content_jzwei023_LongestCommonSubsequence_lcs.py_cleaned.png,1,1,0.2776726484298706,0.7223273515701294
fold4,274_v4_15_content_VakinduPhilliam_Pattern_Matching_Python_Difflib_Pattern_Matching_Sequence_Matcher.py_cleaned.png,1,0,0.5700852274894714,0.42991477251052856
fold4,870_v4_2_content_Madeeha-Anjum_Box_Head_testing_BFS.py_cleaned.png,1,0,0.7672068029642105,0.2327931970357895
fold4,110_v4_11_content_XlogicX_Fibonacci_fib.py_cleaned.png,1,1,0.26608580350875854,0.7339141964912415
fold4,2050_v4_9_content_RooiAap_One-Time-Pad_decrypt.py_cleaned.png,1,1,0.2068852186203003,0.7931147813796997
fold4,967_v4_32_content_thingscouldbeworse_apriori_KirkApriori.py_cleaned.png,1,1,0.11186152696609497,0.888138473033905
fold4,1802_v4_7_content_kanthagirish-rit_lcs-project_datagen.py_cleaned.png,1,0,0.5758736431598663,0.42412635684013367
fold4,740_v4_27_content_AndresHerrera_PCA_Vowels_extract_vowels.py_cleaned.png,1,1,0.21962982416152954,0.7803701758384705
fold4,836_27_content_ayaar25_elgamalecceg_pointoperatorecc.py_cleaned.png,0,0,0.7369814217090607,0.26301857829093933
fold4,90_11_content_kousu_primes_cubesieve_explore.py_cleaned.png,0,0,0.6106229722499847,0.38937702775001526
fold4,2030_7_content_tsingh94_Bellman-Ford-and-Floyd-Warshall-Algorithms_Shortestdistance_graph_algos.py_cleaned.png,0,0,0.5279754996299744,0.47202450037002563
fold4,1560_51_content_qolina_AggED_simple-txt-to-text-stream.py_cleaned.png,0,1,0.496094286441803,0.503905713558197
fold4,873_v4_2_content_moluronghuakai_outlier-analysis_feature.py_cleaned.png,1,1,0.2929222583770752,0.7070777416229248
fold4,1947_79_content_Devansh-Maurya_RSA-Algorithm_rsa.py_cleaned.png,0,0,0.643450528383255,0.356549471616745
fold4,939_2_content_cvwilliams_BellmanFord-Python_server.py_cleaned.png,0,0,0.8099009990692139,0.19009900093078613
fold4,195_v4_14_content_Alexander35_fibonacci_sequence_fibonacci.py_cleaned.png,1,1,0.23767071962356567,0.7623292803764343
fold4,1562_v4_60_content_antoniomaldonado_Cifradores_encriptWithRSA.py_cleaned.png,1,1,0.11817008256912231,0.8818299174308777
fold4,1498_4_content_JosephFWright_Prims_Algorithm_functions.py_cleaned.png,0,0,0.7383762001991272,0.2616237998008728
fold4,1304_3_content_Robert-Barclay_Statistics-Calculator_Stat_CalculatorV3.0.py_cleaned.png,0,1,0.3520328998565674,0.6479671001434326
fold4,2022_7_content_satyammittal_IRE-Stopping-Words_bahasa.py_cleaned.png,0,0,0.8241037130355835,0.1758962869644165
fold4,2076_v4_v4_36_content_prakhardogra921_Clustering-using-Kmeans-Cmeans-and-GMM_gmm_sklearn.py_cleaned.png,1,0,0.7099258005619049,0.2900741994380951
fold4,1930_v4_8_content_abpaudel_8-puzzle_iddfs.py_cleaned.png,1,1,0.2668812870979309,0.7331187129020691
fold4,1000_v4_34_content_stephypy_CS2302PasswordCracking_Main.py_cleaned.png,1,1,0.41863709688186646,0.5813629031181335
fold4,1406_45_content_gio-salvador_tree_exercise_python_tree.py_cleaned.png,0,1,0.4103020429611206,0.5896979570388794
fold4,178_13_content_avirambh_vcl_pytorch_utils.py_cleaned.png,0,0,0.5735049843788147,0.4264950156211853
fold4,1798_67_content_mikail2004_Spae_deploy.py_cleaned.png,0,0,0.6387434303760529,0.36125656962394714
fold4,1856_v4_81_content_gautam9595_BIC-Selhoutte_Optimal_K_using_BIC-selhoutte_Iris.py_cleaned.png,1,0,0.5355967879295349,0.4644032120704651
fold4,840_v4_2_content_evinw_bubble_sort_bub.py_cleaned.png,1,1,0.4095325469970703,0.5904674530029297
fold4,269_v4_15_content_VakinduPhilliam_Pattern_Matching_Python_Difflib_Pattern_Matching_Differ___.py_cleaned.png,1,0,0.6566234529018402,0.3433765470981598
fold4,1298_v4_47_content_saladcat_Huffman_Form1.py_cleaned.png,1,1,0.3550773859024048,0.6449226140975952
fold4,455_19_content_frankiekienlam_Fibonacci_Pyramids_pyramid.py_cleaned.png,0,1,0.33410704135894775,0.6658929586410522
fold4,1357_42_content_isneace_Binary-Search-Algorithm_Lab2.py_cleaned.png,0,0,0.5935130715370178,0.4064869284629822
fold4,331_v4_17_content_fekadeabdejene_HuffmanEncoding_Huffman.py_cleaned.png,1,1,0.17087286710739136,0.8291271328926086
fold4,1972_v4_90_content_poojakudav309_Data-Representation-project-I_scatter2.py_cleaned.png,1,0,0.802133247256279,0.197866752743721
fold4,1819_v4_7_content_natiqvahabov_stop_words_of_azerbaijani_extract.py_cleaned.png,1,0,0.5351035594940186,0.46489644050598145
fold4,612_20_content_kristianespina_python-binary-search-tree_binary_search_tree.py_cleaned.png,0,0,0.6505970060825348,0.3494029939174652
fold4,974_v4_33_content_Howellp80_Algorithms---Merge-Sort-vs-Insertion-Sort_hw1.py_cleaned.png,1,1,0.3104783892631531,0.6895216107368469
fold4,761_24_content_pacslab_ACM-trans-papers-spider_ACMPaperSpider.py_cleaned.png,0,1,0.283616304397583,0.716383695602417
fold4,1960_v4_8_content_phubbard67_prims_algorithm_prim.py_cleaned.png,1,1,0.4803990125656128,0.5196009874343872
fold4,222_v4_14_content_lucascamposj_huffman-coding_huffman_decode.py_cleaned.png,1,1,0.1513490080833435,0.8486509919166565
fold4,914_29_content_SomeshKashyap_Hierarchical-Clustering_HierarchicalClustering.py_cleaned.png,0,0,0.719826728105545,0.28017327189445496
fold4,1771_v4_7_content_allenabraham999_Bubble-sort_bubble_sort.py_cleaned.png,1,0,0.5982529819011688,0.4017470180988312
fold4,1266_v4_44_content_thibault-lahire_ALAS_loss_function.py_cleaned.png,1,0,0.6704326570034027,0.3295673429965973
fold4,451_v4_1_content_dedeco_dijkstra-bellman-ford_teste_proprio_djt.py_cleaned.png,1,1,0.29618382453918457,0.7038161754608154
fold4,1322_40_content_Charles-Peeke_clinical_variances_keyword_app.py_cleaned.png,0,1,0.38887786865234375,0.6111221313476562
fold4,312_15_content_VakinduPhilliam_Pattern_Matching_Python_Difflib_Pattern_Matching_Differ.py_cleaned.png,0,0,0.6401089131832123,0.3598910868167877
fold4,1941_78_content_edisoncast_DES-UOC_Dictionary.py_cleaned.png,0,1,0.20111817121505737,0.7988818287849426
fold4,1987_7_content_havatv_qgisstandarddeviationalellipseplugin___init__.py_cleaned.png,0,0,0.6213702261447906,0.37862977385520935
fold4,1201_39_content_RagibZaman_pokemon-autoencoder_test_models.py_cleaned.png,0,0,0.5567905306816101,0.4432094693183899
fold4,94_v4_11_content_namelessfintech_python-web-scraping_downloader.py_cleaned.png,1,1,0.3722321391105652,0.6277678608894348
fold4,1608_55_content_DistanceJiang_linear_regression_regression_control.py_cleaned.png,0,1,0.3633013367652893,0.6366986632347107
fold4,372_v4_18_content_HDShaw_Runaway-Reservation-System-BST-_AVL_tree.py_cleaned.png,1,1,0.4136812686920166,0.5863187313079834
fold4,476_v4_1_content_josgard94_JPEG_Algoritmo_jpeg.py_cleaned.png,1,0,0.713106244802475,0.286893755197525
fold4,1977_v4_92_content_aakorolyova_DeSpin___main__.py_cleaned.png,1,0,0.627930760383606,0.37206923961639404
fold4,4_100_content_paulofaria_dr-naive-bayes_server.py_cleaned.png,0,1,0.3161860704421997,0.6838139295578003
fold4,285_15_content_DrSara9888_Machaine-Learning-Big-Data_outliers_Zscore.py_cleaned.png,0,0,0.7966437488794327,0.20335625112056732
fold4,1712_5_content_ham-evans_Dynamic-Programming-LCS_HAMILTONEVANSimplementation2LCS.py_cleaned.png,0,1,0.39857643842697144,0.6014235615730286
fold4,903_v4_30_content_manojrameshrao_machine-learning-iris_iris_web3.py_cleaned.png,1,0,0.5161798000335693,0.48382019996643066
fold4,1041_v4_37_content_cmeza432_Linear-Regression_linear_regression.py_cleaned.png,1,1,0.24714124202728271,0.7528587579727173
fold4,1267_v4_44_content_Tian14267_Text_Keywords_Keywords_main_MutilSentence.py_cleaned.png,1,1,0.24160122871398926,0.7583987712860107
fold4,1214_3_content_arshdeepmalik_Fibonacci_series_divisibility_Fibonacci_series_.py_cleaned.png,0,0,0.6271207332611084,0.3728792667388916
fold4,1993_v4_94_content_verma1997_Scraping-Scripts_paytm_offers.py_cleaned.png,1,1,0.2022225260734558,0.7977774739265442
fold4,1697_v4_6_content_Vruksha_Fun-with-Recursive-Functions_Fun_with_Recursive_Functions.py_cleaned.png,1,1,0.4623267650604248,0.5376732349395752
fold4,935_v4_31_content_jwjohns_binary-tree_python_binary_tree_search.py_cleaned.png,1,0,0.6945940852165222,0.3054059147834778
fold4,1835_6_content_cliptic_nlp_Spinner03.py_cleaned.png,0,0,0.7458454668521881,0.2541545331478119
fold4,1258_3_content_iykadev_pyalgo_monte_carlo_method.py_cleaned.png,0,0,0.6963963806629181,0.3036036193370819
fold4,478_v4_1_content_jwan659_forex-arbitrage_BellmanFord.py_cleaned.png,1,1,0.3809638023376465,0.6190361976623535
fold4,1038_31_content_dariswan_AudioRetrieval-Classification_ekstraksi.py_cleaned.png,0,0,0.6324987709522247,0.36750122904777527
fold4,991_v4_34_content_iamhimanshu0_Ml_Linear_Regression_Gradient_Descent_Linear_Regression_using_Gradient_Descent_HIMANSHU.py_cleaned.png,1,0,0.7716604620218277,0.2283395379781723
fold4,1392_v4_50_content_shre007_Implementation-and-comparison-of-sorting-algorithms_merge.py_cleaned.png,1,1,0.3593345880508423,0.6406654119491577
fold4,440_v4_1_content_colettebedoya_primsAndKruskal_mst.py_cleaned.png,1,1,0.3327186107635498,0.6672813892364502
fold4,1198_v4_40_content_Charles-Peeke_clinical_variances_pandas_queries.py_cleaned.png,1,0,0.5590664148330688,0.44093358516693115
fold4,114_11_content_pprzygodzk_binary_search-prime_numbers_primes_p1.py_cleaned.png,0,0,0.8402178585529327,0.15978214144706726
fold4,516_1_content_dvictori_rapideye_hist2sd_extrai_data_imagens.py_cleaned.png,0,0,0.6418614387512207,0.3581385612487793
fold4,1535_4_content_varuntahin2210_ConversationalBot-Restaurant_nlu_model.py_cleaned.png,0,1,0.29120689630508423,0.7087931036949158
fold4,346_16_content_MostafAanwar_apirioriAlg_apriori.py_cleaned.png,0,0,0.8543036133050919,0.14569638669490814
fold4,1382_v4_4_content_varuntahin2210_ConversationalBot-Restaurant_nlu_model.py_cleaned.png,1,1,0.31596362590789795,0.684036374092102
fold4,1435_v4_54_content_AhmedRaafat14_Binary-Tree-traversal_BST.py_cleaned.png,1,0,0.5334796905517578,0.4665203094482422
fold4,948_v4_31_content_tobymyers_codingthematrix_orthonormalization.py_cleaned.png,1,0,0.6035952568054199,0.3964047431945801
fold4,1267_3_content_iykadev_pyalgo_sequentialSearch.py_cleaned.png,0,0,0.6542072594165802,0.3457927405834198
fold4,1491_4_content_gracerichardson0_Recursive-Functions_max.py_cleaned.png,0,0,0.6595117449760437,0.3404882550239563
fold4,2101_86_content_Enkhai_simple-DES_permutations.py_cleaned.png,0,1,0.24203217029571533,0.7579678297042847
fold4,1701_v4_70_content_cat1996_linear-regression-on-sample_knn_calssification.py_cleaned.png,1,1,0.15893280506134033,0.8410671949386597
fold4,1436_47_content_mathwoods_binseqcomp_binseqcomp.py_cleaned.png,0,0,0.7616087645292282,0.2383912354707718
fold4,1053_31_content_tobymyers_codingthematrix_gaussian_examples.py_cleaned.png,0,0,0.6012199521064758,0.39878004789352417
fold4,294_v4_16_content_knair97_Sentiment-Analysis-of-Amazon-Reviews_neural_net.py_cleaned.png,1,0,0.6908174157142639,0.3091825842857361
fold4,1597_v4_65_content_my-master_HashingTfidfVectorizer_ru_run.py_cleaned.png,1,0,0.7252891063690186,0.27471089363098145
fold4,2012_7_content_noyonict_Sorting-Algorithm-in-Python_selection_sort.py_cleaned.png,0,0,0.5842825472354889,0.4157174527645111
fold4,777_25_content_aravindkanna_Implementation-of-Apriori-Algorithm_Trie.py_cleaned.png,0,0,0.7838597148656845,0.2161402851343155
fold4,1465_49_content_mrsondeptrai1999_RSA_Summer_2017_project_Rabin-Miller_Prime.py_cleaned.png,0,0,0.7436064183712006,0.25639358162879944
fold4,2137_v5_v4_40_content_HimalayPatel_loan-likelihood-prediction_predicting_loan_eda.py_cleaned.png,1,1,0.2718239426612854,0.7281760573387146
fold4,111_v4_11_content_yuvalkif_NaiveBayes_NaiveBayes.py_cleaned.png,1,1,0.1338600516319275,0.8661399483680725
fold4,455_v4_1_content_dvictori_rapideye_hist2sd_extrai_data_imagens.py_cleaned.png,1,1,0.44429296255111694,0.5557070374488831
fold4,1890_70_content_metr0jw_video-liveness-measurement_video_cut_bts.py_cleaned.png,0,1,0.38386470079421997,0.61613529920578
fold4,853_27_content_SethEggerRocks_WakingMoments_wakingWidgets.py_cleaned.png,0,0,0.7111693024635315,0.2888306975364685
fold4,784_25_content_dmoshayof_ML-Deep_Network_loglinear.py_cleaned.png,0,0,0.6510586738586426,0.3489413261413574
fold4,1605_54_content_YoungYoung619_driving-desicion-in-carla_test.py_cleaned.png,0,0,0.6500946283340454,0.3499053716659546
fold4,1996_7_content_kanthagirish-rit_lcs-project_hlcs.py_cleaned.png,0,0,0.6048243343830109,0.39517566561698914
fold4,2052_v4_9_content_SiPBA_swpca_swpca.py_cleaned.png,1,0,0.5534723401069641,0.4465276598930359
fold4,1537_4_content_wazzaarvind_Clustering-Algorithms_reducer.py_cleaned.png,0,0,0.7454552054405212,0.25454479455947876
fold4,1534_4_content_sumedhvdatar_Longest_Common_Subsequence_lcs.py_cleaned.png,0,1,0.4092620015144348,0.5907379984855652
fold4,314_v4_16_content_sharatchandraj_MaxBandwidthPath_DijkstrasWithHeap.py_cleaned.png,1,1,0.14950287342071533,0.8504971265792847
fold4,616_20_content_ndodson_Cosine-Similarity_cosSimilarity3.py_cleaned.png,0,0,0.5812765061855316,0.4187234938144684
fold4,1545_v4_5_content_harshdarji22_crypto_index.py_cleaned.png,1,1,0.42049509286880493,0.5795049071311951
fold4,877_28_content_tomsiwek_gprMax-Designer_materials.py_cleaned.png,0,1,0.489254355430603,0.510745644569397
fold4,224_v4_14_content_owenlo_OTP-Python_otp.py_cleaned.png,1,0,0.5269900560379028,0.47300994396209717
fold4,718_23_content_StellaLH_pco_darknoise_noise_analysis_2.py_cleaned.png,0,0,0.6558340787887573,0.3441659212112427
fold4,1642_v4_6_content_1siddhi7_Floyd-Warshall_tk.py_cleaned.png,1,0,0.7396481037139893,0.26035189628601074
fold4,759_24_content_Najib-Haq_Sort-functions-analysis-with-Tensorflow_sorting_algos.py_cleaned.png,0,0,0.7668363153934479,0.23316368460655212
fold4,1793_67_content_akshay-ravindran-96_Fake_News_fake_news.py_cleaned.png,0,0,0.6733215749263763,0.32667842507362366
fold4,2019_v4_99_content_sadhana-lenkala_Clustering-Models-for-retail-store_Hierarchial_Clsutering.py_cleaned.png,1,1,0.31339502334594727,0.6866049766540527
fold4,501_1_content_DanShai_kernalized-tsne_main.py_cleaned.png,0,0,0.7427013218402863,0.25729867815971375
fold4,1695_5_content_diandra-davidson_IS211_Assignment14_recursion.py_cleaned.png,0,0,0.7193593382835388,0.2806406617164612
fold4,322_v4_16_content_wolfdroid_MST_Prim-s_and_Kruskal-s_prim.py_cleaned.png,1,1,0.2020629644393921,0.7979370355606079
fold4,1951_79_content_lorenzo3117_python-sorting-scripts_quickSort.py_cleaned.png,0,0,0.747900128364563,0.252099871635437
fold4,2090_v4_v5_12_content_ianscottknight_Predicting-Myers-Briggs-Type-Indicator-with-Recurrent-Neural-Networks_make_test_set.py_cleaned.png,1,1,0.20604300498962402,0.793956995010376
fold4,2056_v4_9_content_tusharnema_Implementing-Algorithms-in-python_mypythontree.py_cleaned.png,1,0,0.7925306111574173,0.2074693888425827
fold4,771_v4_28_content_kurtalex_selection_sort_alhorithm_selection_sort.py_cleaned.png,1,1,0.20547008514404297,0.794529914855957
fold4,1906_v4_86_content_ThiagoGrabe_Min_Cut-Graphs_BFS.py_cleaned.png,1,1,0.30386883020401,0.69613116979599
fold4,51_10_content_poku18_CE_III_06_Lab2_lab2.py_cleaned.png,0,0,0.6604417860507965,0.3395582139492035
fold4,24_10_content_divyanshgupt_one-time-pad_takeinput.py_cleaned.png,0,0,0.586419552564621,0.41358044743537903
fold4,1609_v4_66_content_SanyaKathuria10_StackOverflow-Keyword-Extraction-System_spark.py_cleaned.png,1,0,0.6796395480632782,0.3203604519367218
fold4,2143_8_content_FelixHuangX_Naive-Bayes-for-Text-Classification_Naivebayes_train.py_cleaned.png,0,1,0.46867692470550537,0.5313230752944946
fold4,1883_v4_84_content_Leilusen_Logit-model_binary_choice.py_cleaned.png,1,1,0.25751370191574097,0.742486298084259
fold4,665_v4_24_content_lesdev_SortingMethods_sequential.py_cleaned.png,1,1,0.44591057300567627,0.5540894269943237
fold4,997_v4_34_content_rajdas2001_Sorting-of-lists-arrays_Insertion_Sort.py_cleaned.png,1,0,0.6632177233695984,0.3367822766304016
fold4,346_v4_17_content_kimjaeh10_Hybrid-Sort_LinkedList.py_cleaned.png,1,1,0.4340987205505371,0.5659012794494629
fold4,909_v4_30_content_rogerdenisvieira_bidirectional-conditional-insertion-sort_main.py_cleaned.png,1,1,0.371934711933136,0.628065288066864
fold4,499_1_content_DanShai_kernalized-tsne_kernels.py_cleaned.png,0,1,0.36536353826522827,0.6346364617347717
fold4,1160_37_content_fujiokayu_tiny_encryptor_tiny_encryptor.py_cleaned.png,0,1,0.2734365463256836,0.7265634536743164
fold4,353_v4_17_content_Selentiym_bigHWonOrderedSets_hw3.py_cleaned.png,1,0,0.6039392352104187,0.3960607647895813
fold4,203_13_content_jhomswk_Minimum_Spanning_Tree_min_span_tree.py_cleaned.png,0,1,0.2500942349433899,0.7499057650566101
fold4,100_v4_11_content_pprzygodzk_binary_search-prime_numbers_primes_p1.py_cleaned.png,1,0,0.7649868279695511,0.2350131720304489
fold4,410_v4_19_content_mpiivonen_apriori-algorithm_parse.py_cleaned.png,1,1,0.4345560669898987,0.5654439330101013
fold4,1446_v4_54_content_YoungYoung619_driving-desicion-in-carla_test.py_cleaned.png,1,0,0.6032555401325226,0.3967444598674774
fold4,585_v4_22_content_asmitaneupane_Python-project_algorithm.py_cleaned.png,1,0,0.5421245992183685,0.45787540078163147
fold4,350_v4_17_content_qwarlock_python-bubble-sort_bubble_sort.py_cleaned.png,1,0,0.6909225881099701,0.3090774118900299
fold4,2041_v4_9_content_ludmal_knn_knn.py_cleaned.png,1,1,0.37499356269836426,0.6250064373016357
fold4,1195_39_content_lorenzo3117_python-sorting-scripts_bubbleSort.py_cleaned.png,0,0,0.6833583414554596,0.3166416585445404
fold4,462_v4_1_content_gsharu_QA_FACT_test_QAInterviewAppl.py_cleaned.png,1,0,0.7857719510793686,0.2142280489206314
fold4,2013_v4_99_content_erastus-murungi_binary_search_trees_splaytree.py_cleaned.png,1,0,0.7454819679260254,0.2545180320739746
fold4,1816_v4_7_content_mhkhojaste_sliding-puzzle-with-search-algorithms_Problem.py_cleaned.png,1,1,0.27556806802749634,0.7244319319725037
fold4,600_v4_22_content_mikpim01_Python-NLTK_task_testing.py_cleaned.png,1,1,0.4875483512878418,0.5124516487121582
fold4,1230_v4_42_content_naomistuart_flight-scraping_flightscraper2.py_cleaned.png,1,1,0.19792670011520386,0.8020732998847961
fold4,1754_v4_78_content_syh5_Linear-Polynomial-and-Multivariate-Regression_Decision-Boundaries.py_cleaned.png,1,0,0.6852915287017822,0.3147084712982178
fold4,1918_v4_89_content_AasthaGoyal_Mathimatical-Statistics-on-an-integer-array_python_code.py_cleaned.png,1,1,0.14755767583847046,0.8524423241615295
fold4,276_v4_15_content_VakinduPhilliam_Pattern_Matching_Python_Filecmp_Recursive_Search.py_cleaned.png,1,0,0.5701621472835541,0.4298378527164459
fold4,543_1_content_larsbratholm_unbiased_std_ustd.py_cleaned.png,0,1,0.3176620602607727,0.6823379397392273
fold4,293_v4_16_content_KjHop_quick-sort_SortingClass.py_cleaned.png,1,0,0.6090600490570068,0.39093995094299316
fold4,1733_5_content_yifeng-lee_RSA-In-CTF_expa.py_cleaned.png,0,0,0.6756042838096619,0.32439571619033813
fold4,1432_46_content_whoif_Cost-Sensitive-KNN_plotHelper.py_cleaned.png,0,1,0.4349713921546936,0.5650286078453064
fold4,944_v4_31_content_sonicwu_Portfolio_bellman_ford.py_cleaned.png,1,1,0.13573938608169556,0.8642606139183044
fold4,1247_v4_43_content_pkonowrocki_Neural-network_script.py_cleaned.png,1,1,0.41350191831588745,0.5864980816841125
fold4,1814_68_content_pierobeat_Beginner-bubble-sort-py_bubble_sort.py_cleaned.png,0,0,0.6991382539272308,0.30086174607276917
fold4,583_v4_22_content_ahmedheakl_Get-prime-Numbers_Get_Prime_Numbers.py_cleaned.png,1,1,0.3080279231071472,0.6919720768928528
fold4,2007_7_content_mharsha315_Python---Hangman_Hangman.py_cleaned.png,0,0,0.8156478554010391,0.18435214459896088
fold4,1954_79_content_Marco-Christiani_AES-Encryption_cipher.py_cleaned.png,0,0,0.5835374891757965,0.4164625108242035
fold4,1157_v4_3_content_linye1111_Perfect_Numbers_Factors.py_cleaned.png,1,1,0.3447016477584839,0.6552983522415161
fold4,403_v4_19_content_DennyHsieh_many-time-pad-attack_test.py_cleaned.png,1,1,0.34707051515579224,0.6529294848442078
fold4,1365_v4_4_content_mincanhe_Network-routing-protocol_Dijkstra.py_cleaned.png,1,1,0.26926904916763306,0.7307309508323669
fold4,961_2_content_johnrobyclayton_division-project_plot.py_cleaned.png,0,0,0.6966387927532196,0.3033612072467804
fold4,705_v4_25_content_ryansmick_SortedOrderedDict_PersistentDict.py_cleaned.png,1,1,0.3487775921821594,0.6512224078178406
fold4,4_v4_100_content_miguelrodriguezpro_automaticweb.page_automaticweb.py_cleaned.png,1,0,0.630305677652359,0.369694322347641
fold4,1384_v4_4_content_wazzaarvind_Clustering-Algorithms_reducer.py_cleaned.png,1,1,0.38529515266418457,0.6147048473358154
fold4,160_v4_13_content_ctao5660_huffman-tree_huffmancompression.py_cleaned.png,1,1,0.14795362949371338,0.8520463705062866
fold4,773_24_content_xosherry_Machine-Learning-_knn.py_cleaned.png,0,1,0.36272871494293213,0.6372712850570679
fold4,922_v4_31_content_aghimire15_Project2_DataStructure_ICP5_2_.py_cleaned.png,1,0,0.5085555911064148,0.4914444088935852
fold4,1375_v4_4_content_nikhilrampal15_real_estate_advisor_knn_kmeans_kmeans.py_cleaned.png,1,1,0.21409183740615845,0.7859081625938416
fold4,399_v4_19_content_AntoineMontaut_Predictive_Modeling_random_forest.py_cleaned.png,1,1,0.15714889764785767,0.8428511023521423
fold4,1503_v4_5_content_alexeyev_nm_data_preparation.py_cleaned.png,1,1,0.290923535823822,0.709076464176178
fold4,1574_v4_61_content_cthorrez_deepsetLinkage_baselines.py_cleaned.png,1,1,0.1649826169013977,0.8350173830986023
fold4,2017_7_content_pherde_naive_bayes_spam_classifier.py_cleaned.png,0,1,0.1000099778175354,0.8999900221824646
fold4,1801_v4_7_content_justinmuskopf_protein_lcs_finder_lcs_proteins.py_cleaned.png,1,1,0.09269362688064575,0.9073063731193542
fold4,1753_v4_78_content_edisoncast_DES-UOC_Dictionary.py_cleaned.png,1,1,0.13424736261367798,0.865752637386322
fold4,2024_7_content_satyammittal_IRE-Stopping-Words_xml_parser.py_cleaned.png,0,0,0.8435409367084503,0.15645906329154968
fold4,2188_93_content_RoshanSPai_Map-Reduce-TF-IDF_mapper1.py_cleaned.png,0,0,0.7326209843158722,0.2673790156841278
fold4,201_v4_14_content_ambasthv_Analytics_ARIMA_polynomial_Linear_Regression_matrix_operation.py_cleaned.png,1,0,0.7276319265365601,0.27236807346343994
fold4,611_v4_23_content_AMARPATEEL_Selection-sort-in-python_selection_by_user_input.py_cleaned.png,1,1,0.2996264696121216,0.7003735303878784
fold4,194_13_content_gissimo_nsc_do_mvc.py_cleaned.png,0,0,0.7414460182189941,0.25855398178100586
fold4,2008_7_content_mhkhojaste_sliding-puzzle-with-search-algorithms_Problem.py_cleaned.png,0,0,0.6544710099697113,0.3455289900302887
fold4,20_10_content_chiragragarwal_Graphs_And_Networks_PlotGraph.py_cleaned.png,0,0,0.5930675566196442,0.40693244338035583
fold4,995_2_content_shreya21rathi_Longest-Common-Subsequence_lcs.py_cleaned.png,0,0,0.8294084221124649,0.1705915778875351
fold4,1205_3_content_6e726d_binaryninja-search___init__.py_cleaned.png,0,1,0.3474920392036438,0.6525079607963562
fold4,1529_v4_5_content_dobrosketchkun_IV-chat_roster.py_cleaned.png,1,0,0.5780715346336365,0.4219284653663635
fold4,1283_3_content_linye1111_Perfect_Numbers_Factors.py_cleaned.png,0,0,0.8068051487207413,0.19319485127925873
fold4,1032_31_content_AmitD26_The-searching-pacman_projectParams.py_cleaned.png,0,0,0.7081997692584991,0.29180023074150085
fold4,1178_38_content_taesungp_pytorch-kmeans-init_demo.py_cleaned.png,0,1,0.25483953952789307,0.7451604604721069
fold4,1442_48_content_andrewdoanutz_NaiveBayesClassifier_NaiveBayesClassifier.py_cleaned.png,0,0,0.5966780483722687,0.4033219516277313
fold4,1393_v4_50_content_shre007_Implementation-and-comparison-of-sorting-algorithms_quick.py_cleaned.png,1,1,0.3328423500061035,0.6671576499938965
fold4,1128_v4_3_content_iykadev_pyalgo_knuths_algo.py_cleaned.png,1,0,0.5550333261489868,0.4449666738510132
fold4,415_v4_19_content_Shooobz_BigData-ProjectOne_mongoSandbox.py_cleaned.png,1,1,0.21088558435440063,0.7891144156455994
fold4,323_v4_16_content_ydhnwb_sentiment_analysis_movie_app.py_cleaned.png,1,0,0.5186571478843689,0.4813428521156311
fold4,582_1_content_susheelsagar_LCSS_file.py_cleaned.png,0,0,0.8062771260738373,0.19372287392616272
fold4,969_2_content_Liu-WeiYi_Private_Preserving_Outlier_Behavior_Detection_Abnormal_Scenario_Generation.py_cleaned.png,0,1,0.2244734764099121,0.7755265235900879
fold4,1664_5_content_AdamJacoby_Hopf_Example_GeneralizedDihedralGroup.py_cleaned.png,0,1,0.37233954668045044,0.6276604533195496
fold4,503_1_content_dedeco_dijkstra-bellman-ford_bellman_ford.py_cleaned.png,0,0,0.5482946336269379,0.45170536637306213
fold4,1105_v4_3_content_Frogboxe_BubbleSort_GapiExtend.py_cleaned.png,1,0,0.8425955921411514,0.15740440785884857
fold4,351_v4_17_content_Ryan-Fortner_selection_sort_selection_sort.py_cleaned.png,1,0,0.5493574738502502,0.45064252614974976
fold4,209_13_content_nishimura5_lorenz-plot_polar_rri.py_cleaned.png,0,1,0.2682653069496155,0.7317346930503845
fold4,233_14_content_Alexander35_fibonacci_sequence_fibonacci.py_cleaned.png,0,0,0.5216467678546906,0.47835323214530945
fold4,2050_81_content_jonesnapoleon_opencv-face-recognition_GUI.py_cleaned.png,0,1,0.26206082105636597,0.737939178943634
fold4,1088_33_content_liam-han_all-pairs-shortest-path_test.py_cleaned.png,0,0,0.6416321694850922,0.35836783051490784
fold4,981_2_content_neonb88_knn_knn_machine_learning_hw1.py_cleaned.png,0,1,0.47905415296554565,0.5209458470344543
fold4,1036_31_content_Cadellinman_RB-EmailSorter_RedBubbleSorter.py_cleaned.png,0,0,0.7439331710338593,0.25606682896614075
fold4,850_v4_2_content_johndoe31415_toyecc_dual_ec_drbg.py_cleaned.png,1,1,0.49285876750946045,0.5071412324905396
fold4,1492_v4_59_content_RoobiyaKhan_Clustering-Models-in-R-and-Python_r.HierarchicalClus.py_cleaned.png,1,0,0.7285972833633423,0.2714027166366577
fold4,1462_49_content_michael-ayako_AES-Encryption_bitshift.py_cleaned.png,0,0,0.6542035937309265,0.3457964062690735
fold4,89_11_content_Koushikmc_Knn-Classifier_Knn.py_cleaned.png,0,1,0.366410493850708,0.633589506149292
fold5,1294_v4_47_content_fanliu1991_Polynomial_Regression_polynomial_regression_reg.py_cleaned.png,1,1,0.3699730634689331,0.6300269365310669
fold5,398_v4_19_content_andryak_complib_test.py_cleaned.png,1,1,0.3920322060585022,0.6079677939414978
fold5,1222_3_content_coreymyster_linked-lists_stack.py_cleaned.png,0,0,0.942446518689394,0.057553481310606
fold5,1287_3_content_matheusfrancisco_Implementation_RSA_and_Diffie-Hellman_euclidean.py_cleaned.png,0,0,0.8703493922948837,0.12965060770511627
fold5,857_v4_2_content_JoshuaEbenezer_huffman_encoding_huffman.py_cleaned.png,1,1,0.1270487904548645,0.8729512095451355
fold5,1926_75_content_pikiaboy_Investing.com-Scraper_db_table.py_cleaned.png,0,1,0.23705822229385376,0.7629417777061462
fold5,380_v4_18_content_rdilip_facial-recognition_main.py_cleaned.png,1,1,0.2313774824142456,0.7686225175857544
fold5,410_17_content_yujiex9_LinkedList_reorder_linkedlist.py_cleaned.png,0,1,0.37469732761383057,0.6253026723861694
fold5,557_v4_21_content_bmawji3_tvshow-sorting_tvshow_sort.py_cleaned.png,1,1,0.4580121636390686,0.5419878363609314
fold5,913_v4_30_content_sdws1983_The-big-data-OF-The-Plant-Cell_parse-abstract.py_cleaned.png,1,0,0.6607617139816284,0.3392382860183716
fold5,1592_53_content_rghv404_Language_identification_make_predictions.py_cleaned.png,0,0,0.5302945971488953,0.46970540285110474
fold5,1928_76_content_fractionofadot_rsa_rsa.py_cleaned.png,0,0,0.6706721782684326,0.3293278217315674
fold5,2225_99_content_kjchoi10_slr_slr_boosted.py_cleaned.png,0,1,0.4256969094276428,0.5743030905723572
fold5,143_v4_12_content_nikhilrajucc_Python_firstfile.py_cleaned.png,1,0,0.5951187908649445,0.40488120913505554
fold5,552_1_content_mtony75_isprime_isprime.py_cleaned.png,0,0,0.9126283302903175,0.08737166970968246
fold5,432_18_content_ronak-07_Agglomerative-Hierarchical-Clustering_Preprocess.py_cleaned.png,0,0,0.9597595259547234,0.04024047404527664
fold5,1312_3_content_victornguyen75_x-factor_source.py_cleaned.png,0,0,0.610867828130722,0.38913217186927795
fold5,1975_v4_91_content_mahsarazavi_Text-Classification_naivebayes.py_cleaned.png,1,1,0.23292404413223267,0.7670759558677673
fold5,470_19_content_sorenr_jjcrypt_otp_gen.py_cleaned.png,0,0,0.9357389360666275,0.0642610639333725
fold5,447_v4_1_content_dedeco_dijkstra-bellman-ford_teste_cormen_djt.py_cleaned.png,1,1,0.469014048576355,0.530985951423645
fold5,163_12_content_Rafelito19_Crypo-Number-Theory-Projects_ferm.py_cleaned.png,0,0,0.8549652397632599,0.1450347602367401
fold5,749_v4_27_content_gregoribarros_dijkstra_caminho_minimo.py_cleaned.png,1,1,0.14474254846572876,0.8552574515342712
fold5,1567_52_content_analokmaus_idao2020-online_trackB_predict.py_cleaned.png,0,1,0.3026078939437866,0.6973921060562134
fold5,2043_80_content_julianlafaye_ML-Problem-Set-5-Problem-3_k-means.py_cleaned.png,0,1,0.28228259086608887,0.7177174091339111
fold5,63_v4_11_content_AlfioEmanueleFresta_practical-one-time-pad-python_exercise1.py_cleaned.png,1,0,0.658384770154953,0.341615229845047
fold5,243_v4_15_content_EdwinKato_prime_number_generator_prime_number_generator.py_cleaned.png,1,0,0.76634182035923,0.23365817964076996
fold5,1100_v4_3_content_dare2095_EllipticCurveProject_ec_run.sage.py_cleaned.png,1,1,0.32635289430618286,0.6736471056938171
fold5,796_v4_29_content_fwoodruff_ECDH_SymmetricCiphers.py_cleaned.png,1,1,0.2737399935722351,0.7262600064277649
fold5,1557_v4_5_content_supfisher_PredicrionInQueueNets_regression.py_cleaned.png,1,1,0.1286689043045044,0.8713310956954956
fold5,1143_v4_3_content_iykadev_pyalgo_shortBubbleSort.py_cleaned.png,1,1,0.38748443126678467,0.6125155687332153
fold5,443_18_content_TianyuDu_UTCourses_download_info.py_cleaned.png,0,1,0.39688390493392944,0.6031160950660706
fold5,1292_3_content_ml-for-nlp_authorship-attribution_attribution.py_cleaned.png,0,1,0.1638544201850891,0.8361455798149109
fold5,397_17_content_krshubham_ecc-elgamal_elgamal.py_cleaned.png,0,1,0.2670443058013916,0.7329556941986084
fold5,1907_72_content_reshma78611_Simple-Linear-Regression-using-Python_delivery_time.py_cleaned.png,0,0,0.5969517529010773,0.40304824709892273
fold5,212_v4_14_content_Dawlatly_Recommender-system_manage.py_cleaned.png,1,0,0.5211571156978607,0.4788428843021393
fold5,1929_v4_8_content_abpaudel_8-puzzle_board.py_cleaned.png,1,1,0.3082481026649475,0.6917518973350525
fold5,871_28_content_MySchool11_CryptoTwo_primitives.py_cleaned.png,0,1,0.3223264217376709,0.6776735782623291
fold5,1248_v4_43_content_rmaur012_Measures-of-Vector-Similarity_vectorSimilarityFunctions.py_cleaned.png,1,0,0.56629279255867,0.43370720744132996
fold5,230_v4_14_content_ToshikiShawn_Robust_PCA_via_ADMM_RPCA_ADMM.py_cleaned.png,1,1,0.2502385377883911,0.7497614622116089
fold5,514_1_content_dhvanilp_Persistent-Binary-Search-Trees_index.py_cleaned.png,0,0,0.50308558344841,0.49691441655158997
fold5,221_v4_14_content_LOOPPO_INS_MERGE_sort_insertionSort.py_cleaned.png,1,0,0.5336894392967224,0.4663105607032776
fold5,804_26_content_BroadbentT_BASE64-AES_base64-aes_ecb.py_cleaned.png,0,1,0.4698176383972168,0.5301823616027832
fold5,1563_v4_60_content_antoniomaldonado_Cifradores_vigenereCipher.py_cleaned.png,1,1,0.19508802890777588,0.8049119710922241
fold5,1191_39_content_guneskaan_queueBot_queue_bot.py_cleaned.png,0,0,0.5143248736858368,0.4856751263141632
fold5,2104_86_content_ThiagoGrabe_Min_Cut-Graphs_BFS.py_cleaned.png,0,0,0.7557833343744278,0.2442166656255722
fold5,149_v4_12_content_tristanang_DPifier_y_combinator.py_cleaned.png,1,1,0.4716392159461975,0.5283607840538025
fold5,307_v4_16_content_NB-prog_INTERN-2019_train.py_cleaned.png,1,1,0.2150096297264099,0.7849903702735901
fold5,486_1_content_ahmetax_trstop_trstop.py_cleaned.png,0,1,0.38040226697921753,0.6195977330207825
fold5,1480_v4_58_content_yaroslava-tkachuk_quicksort_accelerated_quicksort_accelerated.py_cleaned.png,1,1,0.197434663772583,0.802565336227417
fold5,1000_2_content_Yash0day_ElgamalEncryption-using-ECC_Hash.py_cleaned.png,0,0,0.5044111609458923,0.49558883905410767
fold5,109_v4_11_content_wwdesmidt_otphelper_otp.py_cleaned.png,1,1,0.47580885887145996,0.52419114112854
fold5,387_17_content_henryfox_encryption_run.py_cleaned.png,0,0,0.8154597878456116,0.18454021215438843
fold5,1741_61_content_AaronRobson_sequences_decorators.py_cleaned.png,0,0,0.6843712627887726,0.3156287372112274
fold5,1693_5_content_DanielGall500_PCA-Algorithm_PCA_Scratch.py_cleaned.png,0,1,0.4237908720970154,0.5762091279029846
fold5,457_19_content_Haridut_Data-Mining-algorithms_Apriori.py_cleaned.png,0,0,0.7297500967979431,0.2702499032020569
fold5,202_v4_14_content_ambasthv_Analytics_ARIMA_polynomial_Linear_Regression_polynomial_regression.py_cleaned.png,1,1,0.2454078197479248,0.7545921802520752
fold5,1078_33_content_banaabraham_stock_plotter_candleplot.py_cleaned.png,0,0,0.7278002202510834,0.2721997797489166
fold5,1145_36_content_guoziqingbupt_Huffman-Coding_HuffmanDecode.py_cleaned.png,0,0,0.6045934855937958,0.3954065144062042
fold5,1229_3_content_egroeglee_Polynomial-Regression_polynomial_regression.py_cleaned.png,0,1,0.48554956912994385,0.5144504308700562
fold5,576_1_content_shkolovy_path-finder-algorithms_dijkstra.py_cleaned.png,0,1,0.1537034511566162,0.8462965488433838
fold5,890_29_content_cmccoypdx_PythonSortCompare_QuickSort.py_cleaned.png,0,0,0.9024137556552887,0.0975862443447113
fold5,1717_5_content_juyalpriyank_scrape_whatsapp_script.py_cleaned.png,0,1,0.17217862606048584,0.8278213739395142
fold5,1844_v4_7_content_Yasinbabu_prime_main.py_cleaned.png,1,1,0.20440518856048584,0.7955948114395142
fold5,670_v4_24_content_Najib-Haq_Sort-functions-analysis-with-Tensorflow_generate_data.py_cleaned.png,1,1,0.2342381477355957,0.7657618522644043
fold5,1802_67_content_wishuhere_AES-encryption-by-python_encrypt.py_cleaned.png,0,1,0.2779465317726135,0.7220534682273865
fold5,2224_99_content_erastus-murungi_binary_search_trees_splaytree.py_cleaned.png,0,1,0.43604713678359985,0.5639528632164001
fold5,949_2_content_Gregory-Matthews_Bitcoin-Price-Predictor_LSTM.py_cleaned.png,0,1,0.2378140687942505,0.7621859312057495
fold5,1791_v4_7_content_gabriel-arauj_grafos_filaprioritaria.py_cleaned.png,1,1,0.42217928171157837,0.5778207182884216
fold5,808_v4_29_content_NohaWaly_PolynomialRegression_polynomialregression.py_cleaned.png,1,1,0.2899708151817322,0.7100291848182678
fold5,2073_84_content_InternityFoundation_ML_Abhiraj_srivastava_iris1_decision_tree.py_cleaned.png,0,1,0.43316978216171265,0.5668302178382874
fold5,1261_v4_44_content_Mazuh_Fibonacci_fib_benchmark.py_cleaned.png,1,0,0.5053488910198212,0.49465110898017883
fold5,1037_v4_36_content_Zattri_tutorial-recursion_recursion.py_cleaned.png,1,0,0.8999420255422592,0.10005797445774078
fold5,700_23_content_changchanglccc_kNN_test.py_cleaned.png,0,0,0.9547167681157589,0.045283231884241104
fold5,315_v4_16_content_sharatchandraj_MaxBandwidthPath_HeapSortForKruskals.py_cleaned.png,1,0,0.545683890581131,0.454316109418869
fold5,32_v4_10_content_iJohnMaged_Huffman-Coding_fileIO.py_cleaned.png,1,0,0.5489999949932098,0.45100000500679016
fold5,319_v4_16_content_vineetkia_Fundamentals-Of-Cryptography__2_-Vignere.py_cleaned.png,1,1,0.24469643831253052,0.7553035616874695
fold5,471_v4_1_content_jim-spyropoulos_Trajectory-Analysis-and-Classification-in-Python-Pandas-and-Scikit-Learn_down_left_point.py_cleaned.png,1,0,0.7573690265417099,0.2426309734582901
fold5,1547_50_content_shre007_Implementation-and-comparison-of-sorting-algorithms_merge.py_cleaned.png,0,1,0.417488694190979,0.582511305809021
fold5,1463_49_content_michael-ayako_AES-Encryption_EncDec.py_cleaned.png,0,1,0.49188339710235596,0.508116602897644
fold5,295_15_content_jknight1725_linear_search_vs_random_search_myFunctions.py_cleaned.png,0,0,0.572522908449173,0.427477091550827
fold5,345_v4_17_content_kanavkhanna_Application-Software_Software_Application.py_cleaned.png,1,1,0.1796749234199524,0.8203250765800476
fold5,1843_6_content_gionanide_Cryptography_ECC_DH_key_exchange.py_cleaned.png,0,1,0.4903271198272705,0.5096728801727295
fold5,1865_6_content_programmer290399_Youtube-transcript-extractor_links_finder.py_cleaned.png,0,1,0.31798964738845825,0.6820103526115417
fold5,826_26_content_NicolasAG_ML-assignment1_main.py_cleaned.png,0,1,0.23745083808898926,0.7625491619110107
fold5,13_v4_10_content_aptr288_Information_Retrieval_system_Data_Parsing_and_Processing.py_cleaned.png,1,1,0.12390810251235962,0.8760918974876404
fold5,2059_v4_v4_ 1_content_sadnessFree_arima-lstm_arima-order.py_cleaned.png,1,0,0.5032776594161987,0.49672234058380127
fold5,1443_48_content_anowarh2514_Bubble-Sort-Algorithm-in-Python_Bubble_Sort_Algorithm.py_cleaned.png,0,0,0.861759826540947,0.13824017345905304
fold5,181_13_content_chandimajayawickrama_Simple-Sorting-Algorithms_insertion_sort.py_cleaned.png,0,0,0.7374798357486725,0.2625201642513275
fold5,1045_31_content_saharmilis_AprioriAlgorithm_algo-Server.py_cleaned.png,0,1,0.4846845865249634,0.5153154134750366
fold5,1525_v4_5_content_dedeco_dijkstra-bellman-ford_grafo.py_cleaned.png,1,1,0.28797590732574463,0.7120240926742554
fold5,22_10_content_dedeco_crawler-linkedin-public-profiles_crawler.py_cleaned.png,0,1,0.23294222354888916,0.7670577764511108
fold5,908_29_content_MEShufengRen_path_search_debug2.py_cleaned.png,0,1,0.3226633667945862,0.6773366332054138
fold5,1859_6_content_movingpictures83_CalcMeanStd_CalcMeanStdPlugin.py_cleaned.png,0,1,0.32964062690734863,0.6703593730926514
fold5,1058_32_content_AdarshRavikumar_Apriori-Algorithm_AprStub.py_cleaned.png,0,0,0.7041206359863281,0.2958793640136719
fold5,657_v4_24_content_jakubfolta_PrimeNumber_Prime.py_cleaned.png,1,0,0.9269421026110649,0.07305789738893509
fold5,542_v4_20_content_minh-t-coding_RSA-FactoringAlgo_timecompare.py_cleaned.png,1,0,0.5438614785671234,0.4561385214328766
fold5,264_v4_15_content_slightlynerd_k-stats_k_stats.py_cleaned.png,1,1,0.4339475631713867,0.5660524368286133
fold5,610_20_content_jhemesonmotta_PythonSelectionSort_selectionSort.py_cleaned.png,0,0,0.7836375385522842,0.21636246144771576
fold5,1254_3_content_iykadev_pyalgo_knuths_algo.py_cleaned.png,0,0,0.5370615124702454,0.46293848752975464
fold5,318_15_content_VakinduPhilliam_Pattern_Matching_Python_Difflib_Pattern_Matching_Sequence_Matcher.py_cleaned.png,0,0,0.6169790625572205,0.38302093744277954
fold5,144_v4_12_content_prachij94_Unique-stopwords-for-a-subcategory_subcatwiseStopwords700.py_cleaned.png,1,0,0.8029647171497345,0.1970352828502655
fold5,686_v4_25_content_aravindkanna_Implementation-of-Apriori-Algorithm_otherMethods.py_cleaned.png,1,1,0.3069836497306824,0.6930163502693176
fold5,205_v4_14_content_atakanipekci_QuickSortLomutoAndHoare_quickSortsComp.py_cleaned.png,1,1,0.15525418519973755,0.8447458148002625
fold5,1198_39_content_mirajp_tweet_sentiments_baseline.py_cleaned.png,0,0,0.7247914671897888,0.2752085328102112
fold5,285_v4_16_content_exitmsconfig_python_rpn.py_cleaned.png,1,0,0.7798448204994202,0.22015517950057983
fold5,1467_49_content_pranurs_regression-model_preprocess.py_cleaned.png,0,1,0.446311891078949,0.553688108921051
fold5,1662_v4_6_content_gionanide_Cryptography_manipulate_CRC_computations.py_cleaned.png,1,1,0.3211384415626526,0.6788615584373474
fold5,469_v4_1_content_jim-spyropoulos_Trajectory-Analysis-and-Classification-in-Python-Pandas-and-Scikit-Learn_classifytraj.py_cleaned.png,1,1,0.3908456563949585,0.6091543436050415
fold5,1208_3_content_ahmedelfateh_scraping_CimaClub_scraper_HTTP.py_cleaned.png,0,1,0.4514598846435547,0.5485401153564453
fold5,1902_71_content_puria-radmard_truncatedspline_truncspline.py_cleaned.png,0,1,0.4305826425552368,0.5694173574447632
fold5,1314_v4_48_content_prateek22sri_Image-orientation-detector_AdaBoost.py_cleaned.png,1,1,0.4882945418357849,0.5117054581642151
fold5,1754_62_content_arenart90_fsm-python_fsm.py_cleaned.png,0,0,0.8881117925047874,0.11188820749521255
fold5,1379_v4_4_content_sezisoro_PyTimePad_PyTimePad.py_cleaned.png,1,1,0.16897273063659668,0.8310272693634033
fold5,750_24_content_lesdev_SortingMethods_quicksort.py_cleaned.png,0,0,0.7039992809295654,0.29600071907043457
fold5,1317_v4_49_content_andreanndrade10_Huffman-Compressor_huffman.py_cleaned.png,1,1,0.27825653553009033,0.7217434644699097
fold5,435_18_content_sathishbeloved_One-time-pad-cipher-with-python3_one_time_pad_cipher.py_cleaned.png,0,0,0.669185072183609,0.330814927816391
fold5,1987_v4_94_content_taksug229_Python-polynomial-regression_Working_Space_for_Polynomial_Regression.py_cleaned.png,1,1,0.487548828125,0.512451171875
fold5,1480_4_content_captainACE_python-ADVANCEMATH-lib_ap.py_cleaned.png,0,1,0.4592522382736206,0.5407477617263794
fold5,186_v4_13_content_scedu25_EU-Rail_heap_priority_queue.py_cleaned.png,1,1,0.18687009811401367,0.8131299018859863
fold5,299_v4_16_content_mor3dr3ad_gcdRecur_gdcRecur.py_cleaned.png,1,0,0.5252698659896851,0.47473013401031494
fold5,591_1_content_vuolleko_pyTSNE_data.py_cleaned.png,0,0,0.5497561097145081,0.45024389028549194
fold5,1237_v4_43_content_caetius_Efficient-k-means-_Transform.py_cleaned.png,1,1,0.3606060743331909,0.6393939256668091
fold5,482_v4_1_content_MarcoForte_knn-matting_knn_matting.py_cleaned.png,1,1,0.19010961055755615,0.8098903894424438
fold5,588_1_content_susheelsagar_LCSS_test.py_cleaned.png,0,0,0.9537551179528236,0.04624488204717636
fold5,1823_6_content_1siddhi7_Floyd-Warshall_fw.py_cleaned.png,0,0,0.846405416727066,0.15359458327293396
fold5,1517_v4_5_content_brown9804_Python_DiversosAlgortimos_CalculoParametrosBalonClimatico.py_cleaned.png,1,1,0.1845405101776123,0.8154594898223877
fold5,16_10_content_Bala96_Recursive-Func_nestedeaser.py_cleaned.png,0,0,0.5480274856090546,0.45197251439094543
fold5,978_2_content_mhiratsuka_selectionSortPython_selectionSort.py_cleaned.png,0,0,0.7444435060024261,0.25555649399757385
fold5,2108_v4_v5_53_content_ohrockness_k-means-clustering-in-python_k-means.py_cleaned.png,1,1,0.35328906774520874,0.6467109322547913
fold5,1962_7_content_Aly-Tomato_Prims-and-Kruskals_kruskals.py_cleaned.png,0,0,0.6700579524040222,0.3299420475959778
fold5,1412_v4_52_content_CorrineTan_Digital-Signature-Schemes-Evaluation_ecdsa_fast.py_cleaned.png,1,1,0.19071942567825317,0.8092805743217468
fold5,1811_68_content_maniaclogic_movie-recommender_recommender.py_cleaned.png,0,1,0.4068794846534729,0.5931205153465271
fold5,145_12_content_dauut_pca-from-scratch_pca.py_cleaned.png,0,1,0.2687390446662903,0.7312609553337097
fold5,1847_6_content_gionanide_Cryptography_VernamCipher.py_cleaned.png,0,0,0.5399868786334991,0.46001312136650085
fold5,2082_v4_v4_6_content_neal-o-r_array_search_binary_search.py_cleaned.png,1,1,0.22888612747192383,0.7711138725280762
fold5,300_v4_16_content_MostafAanwar_apirioriAlg_apriori.py_cleaned.png,1,1,0.12010133266448975,0.8798986673355103
fold5,449_19_content_AntoineMontaut_Predictive_Modeling_random_forest.py_cleaned.png,0,1,0.17145729064941406,0.8285427093505859
fold5,758_24_content_Najib-Haq_Sort-functions-analysis-with-Tensorflow_generate_data.py_cleaned.png,0,1,0.2288157343864441,0.7711842656135559
fold5,1720_v4_72_content_reshma78611_Simple-Linear-Regression-using-Python_salary_hike.py_cleaned.png,1,1,0.3418043851852417,0.6581956148147583
fold5,932_v4_31_content_homeowmorphism_list-sorting-algorithms_quicksort.py_cleaned.png,1,0,0.5250539183616638,0.4749460816383362
fold5,596_v4_22_content_harpreetsi_DataStructureImpl_StackImplUsingArrayTest.py_cleaned.png,1,0,0.7994711101055145,0.20052888989448547
fold5,1870_v4_82_content_Xalvom_python-bfs-dfs_bfs.py_cleaned.png,1,1,0.17234939336776733,0.8276506066322327
fold5,371_16_content_ydhnwb_sentiment_analysis_movie_app.py_cleaned.png,0,1,0.4527348279953003,0.5472651720046997
fold5,1177_38_content_TadayoshiCarvajal_Sorting-in-Python_sortingAlgorithms.py_cleaned.png,0,1,0.15516024827957153,0.8448397517204285
fold5,127_11_content_Zoe327_Linear-Classification_sklearn_compare.py_cleaned.png,0,1,0.35202091932296753,0.6479790806770325
fold5,1774_v4_7_content_Aly-Tomato_Prims-and-Kruskals_prims.py_cleaned.png,1,1,0.20502632856369019,0.7949736714363098
fold5,1665_5_content_AdamJacoby_Hopf_Example_Matrix_Algebra.py_cleaned.png,0,0,0.7509064227342606,0.24909357726573944
fold5,785_v4_29_content_ArpithaMalavalli_RSA-Encryption_check2.py_cleaned.png,1,1,0.4447275996208191,0.5552724003791809
fold5,542_1_content_jwan659_forex-arbitrage_Vert.py_cleaned.png,0,0,0.5123322904109955,0.4876677095890045
fold5,1895_v4_85_content_leandrocamara_map-reduce-words-higher-occurrence_words-higher-occurrence.py_cleaned.png,1,1,0.3360522389411926,0.6639477610588074
fold5,2014_7_content_oscarokker_OneTimePad_encrypt.py_cleaned.png,0,1,0.48641711473464966,0.5135828852653503
fold5,875_28_content_surgoku_sentiment_analysis_knn_submission.py_cleaned.png,0,1,0.15506839752197266,0.8449316024780273
fold5,2070_83_content_SonNinh_sorting-algorithm_sorting_deck.py_cleaned.png,0,1,0.21191251277923584,0.7880874872207642
fold5,693_v4_25_content_Dinesh317_Spam_Classification_spam.py_cleaned.png,1,1,0.48251527547836304,0.517484724521637
fold5,245_v4_15_content_EtiennePerot_mm-tools_update-kodi.py_cleaned.png,1,1,0.16539251804351807,0.8346074819564819
fold5,1821_69_content_soldat76_FibonacciGenerator_FibonacciGenerator.py_cleaned.png,0,0,0.8384900689125061,0.1615099310874939
fold5,998_v4_34_content_rajdas2001_Sorting-of-lists-arrays_Selection_Sort_1.py_cleaned.png,1,1,0.487491250038147,0.512508749961853
fold5,199_v4_14_content_ambasthv_Analytics_ARIMA_polynomial_Linear_Regression_arimaMA.py_cleaned.png,1,1,0.33005303144454956,0.6699469685554504
fold5,805_v4_29_content_mbarylsk_primes_primes.py_cleaned.png,1,1,0.21658045053482056,0.7834195494651794
fold5,2131_8_content_amit0-git_simple-python-program_English-alphabets.py_cleaned.png,0,0,0.9456078112125397,0.05439218878746033
fold5,1415_v4_52_content_gquintela_dfs_dfs.py_cleaned.png,1,1,0.24359887838363647,0.7564011216163635
fold5,1490_4_content_gonzaloriquelme_DimensionalityReductionEx_Dim-red.py_cleaned.png,0,1,0.35388779640197754,0.6461122035980225
fold5,2243_9_content_emmanuj_mst-solver_treeset.py_cleaned.png,0,0,0.8176921904087067,0.18230780959129333
fold5,2029_7_content_TongTongX_HuffmanCompressor_huffman.py_cleaned.png,0,1,0.37378835678100586,0.6262116432189941
fold5,1356_42_content_darshan-jain-29_ml-naive-bayes-working-demo_email_preprocess.py_cleaned.png,0,1,0.3234601616859436,0.6765398383140564
fold5,860_28_content_bangarangler_binary_search_trees_binary_search_trees.py_cleaned.png,0,1,0.45851296186447144,0.5414870381355286
fold5,894_29_content_diego95root_CryptoAttacks_serverHMAC.py_cleaned.png,0,1,0.21566277742385864,0.7843372225761414
fold5,61_v4_10_content_zpeterg_bmig_5003_count_words_utils.py_cleaned.png,1,0,0.5675958395004272,0.43240416049957275
fold5,90_v4_11_content_mrluin_EfficientAutoDeeplab_evaluation.py_cleaned.png,1,1,0.19188803434371948,0.8081119656562805
fold5,1246_3_content_iykadev_pyalgo_bresenhams_line_algo.py_cleaned.png,0,0,0.6254825592041016,0.37451744079589844
fold5,597_v4_22_content_jguo13_Linear-Inverse-Theory-Least-Squares-Model_leastsquaresfit.py_cleaned.png,1,1,0.1891324520111084,0.8108675479888916
fold5,467_19_content_riccardobisori_Binary-Trees_TestHeights.py_cleaned.png,0,1,0.3965473771095276,0.6034526228904724
fold5,810_26_content_Emersonxuelinux_One_Big_Archive_TempGui.rsrc.py_cleaned.png,0,0,0.8002478331327438,0.19975216686725616
fold5,1003_30_content_a1928375_click_count_click_count.py_cleaned.png,0,1,0.39537155628204346,0.6046284437179565
fold5,1276_3_content_iykadev_pyalgo_zigzag_matrix.py_cleaned.png,0,0,0.6827503144741058,0.31724968552589417
fold5,1858_v4_81_content_kiranathealea_regressionMachineLearning_linearregression.py_cleaned.png,1,1,0.37816333770751953,0.6218366622924805
fold5,398_17_content_lo1gr_tf-idf_hadoop-Spark_reducer3_A.py_cleaned.png,0,1,0.44658994674682617,0.5534100532531738
fold5,1982_7_content_gabriel-arauj_grafos_main.py_cleaned.png,0,0,0.911997027695179,0.08800297230482101
fold5,1081_33_content_hamzaenaime_rsa_python_encrypt.py_cleaned.png,0,0,0.6068510115146637,0.3931489884853363
fold5,2134_8_content_chiragragarwal_Graphs_And_Networks_graph_plot.py_cleaned.png,0,1,0.4010024666786194,0.5989975333213806
fold5,1561_v4_5_content_yifeng-lee_RSA-In-CTF_expa.py_cleaned.png,1,0,0.6478880047798157,0.3521119952201843
fold5,297_v4_16_content_loalberto_Analysis-of-Compression-Algorithms-_HuffmanCoding.py_cleaned.png,1,1,0.19835126399993896,0.801648736000061
fold5,1850_6_content_HananBahy_linkedLlist-and-selection-sort_sort_linked_list.py_cleaned.png,0,0,0.9156157895922661,0.08438421040773392
fold5,425_18_content_jmhummel_Continuation-passing-style_index.py_cleaned.png,0,1,0.38297319412231445,0.6170268058776855
fold5,1281_v4_46_content_arun-p12_sort-algorithms_insertion_sort.py_cleaned.png,1,1,0.31750810146331787,0.6824918985366821
fold5,2114_88_content_Ronaldo009_genPlanByDFS_mysqlConnection.py_cleaned.png,0,0,0.9301787689328194,0.06982123106718063
fold5,1269_v4_44_content_yeroc-sebrof_DHE_Demos_Example1_DHE.py_cleaned.png,1,1,0.2766234874725342,0.7233765125274658
fold5,713_v4_26_content_AnnaPiatek_Graph_Prim_and_Kruskal.py_cleaned.png,1,1,0.2280484437942505,0.7719515562057495
fold5,263_v4_15_content_Skyblueballykid_SPX-Arima-model_SPX.py_cleaned.png,1,0,0.529670923948288,0.47032907605171204
fold5,253_v4_15_content_Josiriser_Predict-Stock-Price_main.py_cleaned.png,1,1,0.2952631711959839,0.7047368288040161
fold5,584_1_content_susheelsagar_LCSS_lcss.py_cleaned.png,0,0,0.9039480611681938,0.09605193883180618
fold5,1060_32_content_arian100y_Travelling-Salesman-Problem_createDBOrdered.py_cleaned.png,0,0,0.6435079872608185,0.3564920127391815
fold5,1794_67_content_blankdean_Linear-Regression-Generator_leastsquares.py_cleaned.png,0,0,0.846099004149437,0.15390099585056305
fold5,139_12_content_byu014_all-pairs-shortest-path_allPairsShortestPath.py_cleaned.png,0,0,0.6178779900074005,0.3821220099925995
fold5,2_100_content_cem8301_DataCleaningForInformedPurchases_pipelines.py_cleaned.png,0,1,0.4936943054199219,0.5063056945800781
fold5,1447_v4_55_content_danmenjivar_huffman_huffman.py_cleaned.png,1,0,0.5198279321193695,0.4801720678806305
fold5,248_v4_15_content_hgdsraj_python_vs_ruby_speed_analyze_script.py_cleaned.png,1,0,0.5778250396251678,0.42217496037483215
fold5,1196_39_content_lorenzo3117_python-sorting-scripts_insertionSort.py_cleaned.png,0,0,0.7459685802459717,0.2540314197540283
fold5,1723_5_content_LuttaKing_AES-style-Encryptor-Decryptor_encryptorGUI.py_cleaned.png,0,0,0.6345598101615906,0.3654401898384094
fold5,1776_v4_7_content_ardyerwanda_SDN-Bellman-Ford-Pyretic_wG_bellfordCost.py_cleaned.png,1,1,0.2125433087348938,0.7874566912651062
fold5,1687_5_content_brown9804_Python_DiversosAlgortimos_JuegoGato_XO.py_cleaned.png,0,0,0.5358943343162537,0.46410566568374634
fold5,434_v4_1_content_bhedavivek_prims_algorithm_main.py_cleaned.png,1,1,0.15830928087234497,0.841690719127655
fold5,232_v4_14_content_tusizi_document-analysis_jieba_cut_document_to_vocabulary_with_nominal.py_cleaned.png,1,0,0.5674290359020233,0.4325709640979767
fold5,1243_v4_43_content_muhamuttaqien_python-data-structure_heap.py_cleaned.png,1,1,0.3346458673477173,0.6653541326522827
fold5,150_v4_12_content_tristanang_DPifier_y_combinator_test.py_cleaned.png,1,0,0.5462168455123901,0.45378315448760986
fold5,1431_46_content_vaish06_EurailShortestPath_brainstorm.py_cleaned.png,0,0,0.9302723929286003,0.06972760707139969
fold5,747_v4_27_content_gcmurillo_sortingAlgorithmsComparation_quickSort.py_cleaned.png,1,1,0.41595232486724854,0.5840476751327515
fold5,902_v4_30_content_KOUGD7_Implementation-of-Cryptographic_simplified_AES.py_cleaned.png,1,1,0.18206298351287842,0.8179370164871216
fold5,1690_v4_6_content_sherlvick_sentimental-analysis_SVM_svm_test_0.py_cleaned.png,1,1,0.35705631971359253,0.6429436802864075
fold5,1416_v4_52_content_JHeisey_Daily-Forex-Bot_scraper.py_cleaned.png,1,1,0.20980101823806763,0.7901989817619324
fold5,2071_v4_v4_21_content_p-kim1_Image-Segmentation-with-K-means_kmeans.py_cleaned.png,1,1,0.2349502444267273,0.7650497555732727
fold5,1265_v4_44_content_suzheng123_BFS_N-aryTreeLevel.py_cleaned.png,1,0,0.6279833316802979,0.37201666831970215
fold5,1030_31_content_alexthejewell_photo_sorter_get_photo_data.py_cleaned.png,0,1,0.1796586513519287,0.8203413486480713
fold5,1096_33_content_priech_PyFactorial_factorial.py_cleaned.png,0,0,0.5500672161579132,0.4499327838420868
fold5,1154_36_content_Zattri_tutorial-recursion_recursion.py_cleaned.png,0,0,0.8993002399802208,0.1006997600197792
fold5,1655_59_content_Yousab_parallel-bubble-sort-mpi_bubble_parallel.py_cleaned.png,0,1,0.4118351340293884,0.5881648659706116
fold5,336_v4_17_content_henryfox_encryption_rand.py_cleaned.png,1,0,0.6465193927288055,0.35348060727119446
fold5,1689_5_content_brown9804_Python_DiversosAlgortimos_VerificaFechaValidaCalendario.py_cleaned.png,0,1,0.4883221983909607,0.5116778016090393
fold5,1787_v4_7_content_DMDarkness_Data-mining_fp2ar.py_cleaned.png,1,1,0.3712174892425537,0.6287825107574463
fold5,2091_85_content_SCNUJackyChen_TF-IDF_NN.py_cleaned.png,0,0,0.6663562953472137,0.33364370465278625
fold5,1201_v4_40_content_Fremont28_tv_networks_fox_cnn.py_cleaned.png,1,0,0.549964427947998,0.45003557205200195
fold5,933_2_content_carlosguadir_kruskal_AlgoritmoKruskal.py_cleaned.png,0,0,0.7010157704353333,0.29898422956466675
fold5,340_16_content_knair97_Sentiment-Analysis-of-Amazon-Reviews_neural_net.py_cleaned.png,0,0,0.6702910363674164,0.3297089636325836
fold5,854_v4_2_content_johndoe31415_toyecc_StopWatch.py_cleaned.png,1,1,0.3936392068862915,0.6063607931137085
fold5,835_27_content_ayaar25_elgamalecceg_interface.py_cleaned.png,0,1,0.47339940071105957,0.5266005992889404
fold5,486_v4_1_content_minar09_bfscore_python_evaluate_single_image.py_cleaned.png,1,1,0.23188883066177368,0.7681111693382263
fold5,1025_30_content_tommasofioravanti_DecisionTreeLearning_DecisionTree.py_cleaned.png,0,1,0.3339270353317261,0.6660729646682739
fold5,1637_v4_69_content_IceyW_PCA_pca.py_cleaned.png,1,1,0.2415236234664917,0.7584763765335083
fold5,1356_v4_4_content_JosephFWright_Prims_Algorithm_Weighted_Graph.py_cleaned.png,1,1,0.21778148412704468,0.7822185158729553
fold5,257_v4_15_content_Nabeel-Asghar_List-Divsion_List-Division.py_cleaned.png,1,1,0.2813013195991516,0.7186986804008484
fold5,1842_v4_7_content_work-nchc_PCAMN_pcamn.py_cleaned.png,1,1,0.3412080407142639,0.6587919592857361
fold5,1860_6_content_mr-18_random-walks-project_Variance.py_cleaned.png,0,0,0.5014897286891937,0.4985102713108063
fold5,166_v4_13_content_gissimo_nsc_do_mvc.py_cleaned.png,1,1,0.30517512559890747,0.6948248744010925
fold5,661_22_content_ahmedheakl_Get-prime-Numbers_Get_Prime_Numbers.py_cleaned.png,0,0,0.9659654684364796,0.03403453156352043
fold5,2212_97_content_mjurk456_mini-snakes_flowers.py_cleaned.png,0,1,0.21094751358032227,0.7890524864196777
fold5,348_v4_17_content_lo1gr_tf-idf_hadoop-Spark_reducer3_A.py_cleaned.png,1,1,0.2954450845718384,0.7045549154281616
fold5,275_v4_15_content_VakinduPhilliam_Pattern_Matching_Python_Difflib_Pattern_Matching_Unified_Diff.py_cleaned.png,1,0,0.5346412062644958,0.46535879373550415
fold5,1932_v4_8_content_AlfioEmanueleFresta_practical-one-time-pad_conf.py_cleaned.png,1,0,0.6531910300254822,0.3468089699745178
fold5,2097_v4_v5_24_content_lucaducceschi_Wordnet_Functions_wordnet_functions.py_cleaned.png,1,1,0.2764241099357605,0.7235758900642395
fold5,85_v4_11_content_liam-han_all-pairs-shortest-path_py.py_cleaned.png,1,1,0.14514261484146118,0.8548573851585388
fold5,956_2_content_johndoe31415_toyecc_ecctest.py_cleaned.png,0,0,0.7587149739265442,0.2412850260734558
fold5,1558_51_content_knausb_proc_mpileup_proc_mpileup2.py_cleaned.png,0,0,0.7841368466615677,0.2158631533384323
fold5,592_1_content_vuolleko_pyTSNE_test_tsne_mnist.py_cleaned.png,0,1,0.34267985820770264,0.6573201417922974
fold5,9_v4_10_content_ajcse1_Predicting_Picture_Orientation_NeuralNetwork_predict.py_cleaned.png,1,1,0.1175224781036377,0.8824775218963623
fold5,85_11_content_jdpenuliar_selectionsortdjango_manage.py_cleaned.png,0,0,0.6450810730457306,0.3549189269542694
fold5,1315_3_content_xiekch_Adaptive-Huffman-Coding_bitStream.py_cleaned.png,0,0,0.687946081161499,0.312053918838501
fold5,1980_7_content_gabriel-arauj_grafos_filaprioritaria.py_cleaned.png,0,0,0.5838156640529633,0.41618433594703674
fold5,1585_53_content_awnguy01_bfs-dfs-tsp_node.py_cleaned.png,0,1,0.4135645627975464,0.5864354372024536
fold5,376_v4_18_content_luisfmelo_Automatic-Sort-Algorithm-selection_config.py_cleaned.png,1,0,0.5035393536090851,0.4964606463909149
fold5,849_27_content_ohbriansung_rsa_key_cryptosystem_rsa_key_cryptosystem.py_cleaned.png,0,1,0.35897547006607056,0.6410245299339294
fold5,694_23_content_AndreasChatz_factorial_constants.py_cleaned.png,0,1,0.3473840355873108,0.6526159644126892
fold5,361_16_content_sharatchandraj_MaxBandwidthPath_DijkstrasWithHeap.py_cleaned.png,0,1,0.36723220348358154,0.6327677965164185
fold5,1231_v4_42_content_nidhigup01_Least-Common-Ancestor-in-Binary-tree_self_least_common_ancestor.py_cleaned.png,1,1,0.3615569472312927,0.6384430527687073
fold5,16_v4_10_content_Bala96_Recursive-Func_nestedeaser.py_cleaned.png,1,1,0.3861013650894165,0.6138986349105835
fold5,449_v4_1_content_dedeco_dijkstra-bellman-ford_teste_lobo_djt.py_cleaned.png,1,1,0.25505971908569336,0.7449402809143066
fold5,359_v4_17_content_yujiex9_LinkedList_reorder_linkedlist.py_cleaned.png,1,0,0.7064418196678162,0.29355818033218384
fold5,2128_8_content_abpaudel_8-puzzle_iddfs.py_cleaned.png,0,0,0.5721226930618286,0.4278773069381714
fold5,2193_94_content_taksug229_Python-polynomial-regression_Working_Space_for_Polynomial_Regression.py_cleaned.png,0,1,0.36563682556152344,0.6343631744384766
fold5,960_2_content_johndoe31415_toyecc_StopWatch.py_cleaned.png,0,1,0.49794185161590576,0.5020581483840942
fold5,1347_v4_4_content_gonzaloriquelme_DimensionalityReductionEx_Dim-red.py_cleaned.png,1,1,0.15030837059020996,0.84969162940979
fold5,1282_3_content_linye1111_Perfect_Numbers_Euler_Perfects.py_cleaned.png,0,0,0.8491791933774948,0.1508208066225052
fold5,1765_v4_79_content_MadhavPruthi_Email-Scraping-from-publication_API.py_cleaned.png,1,0,0.5537912845611572,0.4462087154388428
fold5,1614_v4_67_content_4ntoined_cosmicvariance_comovingvolume.py_cleaned.png,1,1,0.2431344985961914,0.7568655014038086
fold5,31_10_content_hsngurler_Kruskal-s-Algorithm_Kruskal_s_Algorithm.py_cleaned.png,0,1,0.1569269895553589,0.8430730104446411
fold5,1112_34_content_rajdas2001_Sorting-of-lists-arrays_Insertion_Sort.py_cleaned.png,0,0,0.5436311066150665,0.45636889338493347
fold5,431_18_content_ronak-07_Agglomerative-Hierarchical-Clustering_Agglomerative.py_cleaned.png,0,0,0.9512482210993767,0.04875177890062332
fold5,1674_5_content_amirheidarikhoram_longest-common-subsequence_lcs.py_cleaned.png,0,1,0.4451126456260681,0.5548873543739319
fold5,1956_79_content_snehasg95_NaiveBayes_iris_classification.py_cleaned.png,0,0,0.8060582429170609,0.19394175708293915
fold5,720_23_content_thugsatbay_CS-Algorithms_Sorting_Comparison_Ass2-2Soln.py_cleaned.png,0,0,0.8076306283473969,0.19236937165260315
fold5,1315_v4_49_content_ajh1143_FibonacciScatterPlot_FibonacciScatter.py_cleaned.png,1,1,0.4493284821510315,0.5506715178489685
fold5,1125_v4_3_content_iykadev_pyalgo_fast_fourier_transform.py_cleaned.png,1,1,0.33053159713745117,0.6694684028625488
fold5,454_19_content_eug_minimum-spanning-tree_main.py_cleaned.png,0,1,0.33440637588500977,0.6655936241149902
fold5,696_v4_25_content_dmoshayof_ML-Deep_Network_mlp1.py_cleaned.png,1,1,0.3225029706954956,0.6774970293045044
fold5,287_v4_16_content_Hmnt39_Snake-Automation-Using-AI_constants.py_cleaned.png,1,1,0.33787304162979126,0.6621269583702087
fold5,545_1_content_MarcoForte_knn-matting_knn_matting.py_cleaned.png,0,1,0.2370203733444214,0.7629796266555786
fold5,1523_v4_5_content_cylance_lazy-stochastic-principal-component-analysis_plot_distance_submission.py_cleaned.png,1,1,0.369403600692749,0.630596399307251
fold5,1884_v4_84_content_mhb8898_bst_bst.py_cleaned.png,1,1,0.18994110822677612,0.8100588917732239
fold5,383_v4_18_content_rutajoshi_polyfit_experiments_noise_variance_experiment.py_cleaned.png,1,1,0.1939670443534851,0.8060329556465149
fold5,1193_39_content_jschriemer_Tennis-Tweets_web.py_cleaned.png,0,1,0.28027451038360596,0.719725489616394
fold5,1061_v4_38_content_VakinduPhilliam_Pattern_Matching_Python_Glob_Directory_Paths.py_cleaned.png,1,1,0.1961100697517395,0.8038899302482605
fold5,425_v4_1_content_0x27_shodan_key_checker_shodankeys.py_cleaned.png,1,1,0.27126073837280273,0.7287392616271973
fold5,1321_40_content_Bonifase_ShoppingList_app_tests.py_cleaned.png,0,1,0.2899991273880005,0.7100008726119995
fold5,1909_72_content_SreekarJammula_tf-idf-_asst2_part2_1.py_cleaned.png,0,0,0.5145150721073151,0.48548492789268494
fold5,33_v4_10_content_ivanbgd_Self-Balancing-Binary-Search-Trees_Test_BST_Iterative.py_cleaned.png,1,0,0.6023813784122467,0.3976186215877533
fold5,14_10_content_aqchin_abalonestatistics_sample_abalone.py_cleaned.png,0,0,0.6574307382106781,0.3425692617893219
fold5,1867_6_content_pushpanjalis_Basic-python-code_basic_code.py_cleaned.png,0,0,0.9468119964003563,0.05318800359964371
fold5,1487_4_content_ganluannj_ANOVA_Assumption_make_a_skew_distribution.py_cleaned.png,0,0,0.8950607553124428,0.10493924468755722
fold5,878_28_content_tomsiwek_gprMax-Designer_modelsizewindow.py_cleaned.png,0,0,0.5548404455184937,0.44515955448150635
fold5,1528_4_content_rohinigopalqxf2_Factorial-Calculator-Practice_03_Fill_values.py_cleaned.png,0,0,0.6127722263336182,0.38722777366638184
fold5,1852_v4_80_content_MachineLearning-Nerd_Linear-Regression-with-Numpy-and-Scikit_linearregression.py_cleaned.png,1,1,0.13620436191558838,0.8637956380844116
fold5,357_v4_17_content_y00273676_O2O_ERP_Server_app.py_cleaned.png,1,1,0.29756593704223633,0.7024340629577637
fold5,190_13_content_FlorentF9_DESOM_sharpness.py_cleaned.png,0,1,0.2165999412536621,0.7834000587463379
fold5,1828_6_content_chiragragarwal_Graphs_And_Networks_numpy_help.py_cleaned.png,0,0,0.8980756476521492,0.1019243523478508
fold5,1917_v4_88_content_surister_dfsunweb_main.py_cleaned.png,1,1,0.33793437480926514,0.6620656251907349
fold5,1404_v4_51_content_qolina_AggED_simple-txt-to-text-stream.py_cleaned.png,1,1,0.14091265201568604,0.859087347984314
fold5,1542_50_content_Jille_karafun-fair-scheduler_scheduler.py_cleaned.png,0,0,0.9419815577566624,0.05801844224333763
fold5,36_10_content_joepearson95_Polynomial-and-K-Means_polynomial.py_cleaned.png,0,0,0.7224586606025696,0.2775413393974304
fold5,1587_v4_62_content_taabishm2_Proactive-FDH-RSA-Signature_additiveSignatures.py_cleaned.png,1,1,0.28988659381866455,0.7101134061813354
fold5,849_v4_2_content_jdk20_tsne_main.py_cleaned.png,1,1,0.22280609607696533,0.7771939039230347
fold5,820_v4_29_content_zxenonx_diffie-hellman-raw_dh1.py_cleaned.png,1,0,0.5167951583862305,0.48320484161376953
fold5,1584_53_content_7enTropy7_RSA_cryptography_rsa.py_cleaned.png,0,1,0.4763548970222473,0.5236451029777527
fold5,1395_v4_51_content_adityapatelgithub_Expressions-and-Functions_linkedlist.py_cleaned.png,1,1,0.26194679737091064,0.7380532026290894
fold5,1536_4_content_vieirinhaabr_balanced_binary_search_tree_tree_tester.py_cleaned.png,0,1,0.3965275287628174,0.6034724712371826
fold5,1812_v4_7_content_manuellah_bc-9-twitter-sentiment-app_config.py_cleaned.png,1,1,0.2398313283920288,0.7601686716079712
fold5,1841_v4_7_content_wallacelab_paper-maize-rhizosphere-2017_1b_PlotHeritabilities.py_cleaned.png,1,1,0.30114448070526123,0.6988555192947388
fold5,1893_70_content_RamBourn_AES-Encrypt_test.py_cleaned.png,0,0,0.5851065516471863,0.4148934483528137
fold5,696_23_content_ayushkumarshah_Complexity-of-Linear-and-Binary-Search_code.py_cleaned.png,0,0,0.8248228877782822,0.17517711222171783
fold5,1109_34_content_jcvasquezc_AEspeech_CAE.py_cleaned.png,0,1,0.49972331523895264,0.5002766847610474
fold5,115_v4_12_content_AlejandroNavLuna_standard_deviation_of_complex_envelope_in_python_project_test.py_cleaned.png,1,1,0.42420899868011475,0.5757910013198853
fold5,2023_v4_9_content_avenezia_Arbitrage-detection_CurrencyExchange.py_cleaned.png,1,1,0.21939963102340698,0.780600368976593
fold5,1405_45_content_discovervlad_herman-flask-redis-queue_manage_worker.py_cleaned.png,0,1,0.4704326391220093,0.5295673608779907
fold5,1149_36_content_mskroar18_GraphWizard_Prim.py_cleaned.png,0,0,0.9082736745476723,0.09172632545232773
fold5,1716_5_content_JoseAntonioMora_StopWords_Stopwords.py_cleaned.png,0,1,0.35488390922546387,0.6451160907745361
fold5,793_25_content_OmarGhoneim_wb-wikosophy_wikosopher.py_cleaned.png,0,0,0.6224365532398224,0.3775634467601776
fold5,356_16_content_pizzolatto_python_dijkstra_dijkstra.py_cleaned.png,0,0,0.6325711309909821,0.36742886900901794
fold5,2046_v4_9_content_mschamarthy_parametric-regression_linearRegression.py_cleaned.png,1,1,0.33320504426956177,0.6667949557304382
fold5,1086_33_content_ilkayDevran_Analysis_of_Sorting_Algorithms_selection_sort.py_cleaned.png,0,0,0.6697822511196136,0.33021774888038635
fold5,2157_8_content_LockGit_Py_svm.py_cleaned.png,0,1,0.23407387733459473,0.7659261226654053
fold5,1543_v4_5_content_ham-evans_Dynamic-Programming-LCS_HAMILTONEVANSimplementation2LCS.py_cleaned.png,1,1,0.16905999183654785,0.8309400081634521
fold5,1413_v4_52_content_CorrineTan_Digital-Signature-Schemes-Evaluation_eddsa_libnacl.py_cleaned.png,1,1,0.2486383318901062,0.7513616681098938
fold5,797_25_content_sharonyeji_Fibonacci_Sequence_test_sequences.py_cleaned.png,0,0,0.9073137268424034,0.09268627315759659
fold5,866_28_content_joswinkj_apriori_constants.py_cleaned.png,0,0,0.6886639893054962,0.3113360106945038
fold5,1059_v4_38_content_TadayoshiCarvajal_Sorting-in-Python_sortingAlgorithms.py_cleaned.png,1,1,0.17415893077850342,0.8258410692214966
fold5,383_17_content_GGonzalezRojas_Tarea_1_MDR_Dijkstra_dijkstra_v1.py_cleaned.png,0,1,0.334875226020813,0.665124773979187
fold5,395_17_content_kanavkhanna_Application-Software_Software_Application.py_cleaned.png,0,1,0.31269174814224243,0.6873082518577576
fold5,136_12_content_burrussmp_MST-Algorithms_Kruskal.py_cleaned.png,0,0,0.6271648406982422,0.3728351593017578
fold5,420_18_content_cteters_Minimum-spanning-tree_prim.py_cleaned.png,0,0,0.5001113414764404,0.49988865852355957
fold5,1893_v4_85_content_CodeRika_TweetsSentimentAnalyzer_geoLocation.py_cleaned.png,1,0,0.5452054142951965,0.45479458570480347
fold5,753_v4_27_content_mskroar18_GraphWizard_Kruskal.py_cleaned.png,1,0,0.7998084425926208,0.20019155740737915
fold5,1046_31_content_sayan-syn94_Apriori-Algorithm-implementation_apriory2.py_cleaned.png,0,1,0.45691001415252686,0.5430899858474731
fold5,1462_v4_56_content_sfitzgerald96_WebScraping_main.py_cleaned.png,1,0,0.5854777991771698,0.4145222008228302
fold5,2251_9_content_jeffwang0516_Frequent-Itemset-Mining_eclat.py_cleaned.png,0,0,0.8613802194595337,0.1386197805404663
fold5,1866_v4_81_content_tqre_AESexercise_MixColumns.py_cleaned.png,1,1,0.2541044354438782,0.7458955645561218
fold5,446_v4_1_content_dedeco_dijkstra-bellman-ford_grafo.py_cleaned.png,1,0,0.7534347325563431,0.24656526744365692
fold5,1083_v4_39_content_trunc8_cosine-similarity-nlp_cosine_similarity.py_cleaned.png,1,0,0.7811922430992126,0.21880775690078735
fold5,240_14_content_ambasthv_Analytics_ARIMA_polynomial_Linear_Regression_polynomial_regression.py_cleaned.png,0,1,0.3811345100402832,0.6188654899597168
fold5,569_v4_21_content_p-kim1_Image-Segmentation-with-K-means_kmeans.py_cleaned.png,1,1,0.2736181616783142,0.7263818383216858
fold5,1763_64_content_Achint08_aws-kms-with-aes-encryption_encrypt.py_cleaned.png,0,1,0.27538001537323,0.72461998462677
fold5,2104_v4_v5_3_content_rentseen_ARIMA-forecast_test.py_cleaned.png,1,1,0.3924543857574463,0.6075456142425537
fold5,765_v4_28_content_ckeshava_Enhanced-Diffie-Hellman-Protocol_paderson_commitment.py_cleaned.png,1,0,0.549484372138977,0.45051562786102295
fold5,1397_44_content_rjsheth_LinkedList-Problems_Reverse_linked_list.py_cleaned.png,0,0,0.8472458124160767,0.15275418758392334
fold5,437_v4_1_content_brandonio_Stats-Calculator_stats.py_cleaned.png,1,0,0.6246007680892944,0.37539923191070557
fold5,1483_v4_58_content_zhaoyichanghong_machine_learing_algo_python_pla.py_cleaned.png,1,1,0.4896433353424072,0.5103566646575928
fold5,845_27_content_michaelbauerinc_TowersOfHanoi_node.py_cleaned.png,0,1,0.42502474784851074,0.5749752521514893
fold5,1831_v4_7_content_satyammittal_IRE-Stopping-Words_hindi.py_cleaned.png,1,1,0.33121007680892944,0.6687899231910706
fold5,891_29_content_cmccoypdx_PythonSortCompare_SelectionSort.py_cleaned.png,0,0,0.7955486178398132,0.20445138216018677
fold5,1668_5_content_AdamJacoby_Hopf_Frobenius_Tools.py_cleaned.png,0,1,0.33380240201950073,0.6661975979804993
fold5,1158_37_content_cmeza432_Linear-Regression_linear_regression.py_cleaned.png,0,1,0.18234872817993164,0.8176512718200684
fold5,1120_v4_3_content_iykadev_pyalgo_bresenhams_line_algo.py_cleaned.png,1,0,0.7057090103626251,0.2942909896373749
fold5,27_v4_10_content_Ethan2018_Apriori_APRI.py_cleaned.png,1,1,0.14515942335128784,0.8548405766487122
fold5,303_15_content_Nan-L_Huffman_Coding_HuffmanHeap.py_cleaned.png,0,0,0.6127512156963348,0.38724878430366516
fold5,675_v4_24_content_regnarg_prf-turing-machine_arith.py_cleaned.png,1,1,0.2041987180709839,0.7958012819290161
fold5,1505_v4_5_content_Algomaster0628_SelectionSortAlgorithm_selection_sort.py_cleaned.png,1,0,0.5479750633239746,0.4520249366760254
fold5,43_10_content_lulu150003_Web-Scraping-Project_LinkedInWebcrawler2019.py_cleaned.png,0,0,0.5615493953227997,0.4384506046772003
fold5,1648_v4_6_content_cliptic_nlp_article_spinner.py_cleaned.png,1,1,0.4513431191444397,0.5486568808555603
fold5,2262_9_content_OJFord_python-tailrecursion_tailrecursion.py_cleaned.png,0,1,0.2734943628311157,0.7265056371688843
fold5,1581_v4_62_content_arenart90_fsm-python_fsm.py_cleaned.png,1,1,0.4716401696205139,0.5283598303794861
fold5,1339_40_content_urmilkadakia_Rainfall-prediction-for-the-state-of-Gujarat-using-deep-learning-technique_mlp_1_p.py_cleaned.png,0,0,0.5340880751609802,0.4659119248390198
fold5,475_19_content_vickyandpiggy_count_inversion_merge_sort_compare_quick_sort_count_inversion_merge_sort__compare_quick_sort.py_cleaned.png,0,0,0.6020563244819641,0.3979436755180359
fold5,1191_v4_3_content_xiekch_Adaptive-Huffman-Coding_test.py_cleaned.png,1,0,0.5326110422611237,0.46738895773887634
fold5,2141_v5_v4_6_content_mayuri0192_Image-classification_log.py_cleaned.png,1,1,0.16532152891159058,0.8346784710884094
fold5,1536_v4_5_content_egeismail_SteamWorkshopCollectionInstaller_workshopinstaller.py_cleaned.png,1,1,0.28366512060165405,0.716334879398346
fold5,1618_v4_67_content_GilbyScarChest_Fibonacci_API_app.py_cleaned.png,1,0,0.5713256895542145,0.4286743104457855
fold5,556_1_content_nikitaa30_Content-based-Recommender-System_recommender_system.py_cleaned.png,0,0,0.665783703327179,0.33421629667282104
fold5,1520_4_content_mrimahajan_advanced_analysis_package_variable_treatment.py_cleaned.png,0,1,0.44723206758499146,0.5527679324150085
fold5,611_20_content_kavyasree-bvs_Network-Optimization_vertex.py_cleaned.png,0,1,0.4039726257324219,0.5960273742675781
fold5,2238_9_content_cczzaa101_Queueing_with_AC_evaluate.py_cleaned.png,0,1,0.17095834016799927,0.8290416598320007
fold5,2047_v4_9_content_muchlisinadi_ALPR-Indonesia_GenData.py_cleaned.png,1,1,0.20879387855529785,0.7912061214447021
fold5,185_v4_13_content_santyias87_Webscrape_webscrape_categories.py_cleaned.png,1,1,0.3231388330459595,0.6768611669540405
fold5,1262_v4_44_content_mlnn_PCA_PCA.py_cleaned.png,1,1,0.2726619839668274,0.7273380160331726
fold5,1428_46_content_skropf_fib-drawer_Mathematics.py_cleaned.png,0,1,0.35596704483032227,0.6440329551696777
fold5,48_v4_10_content_SamAllegretto_NaiveBayes_bayes__3_.py_cleaned.png,1,1,0.1663600206375122,0.8336399793624878
fold5,1429_v4_53_content_iamrj846_Predicting-insurance-prices-with-Linear-Regression_PolynomialRegressionRegularized.py_cleaned.png,1,1,0.25798821449279785,0.7420117855072021
fold5,248_14_content_charlesvardeman_DFSParserExperiments_tasks.py_cleaned.png,0,0,0.7591766268014908,0.24082337319850922
fold5,2060_82_content_ceydapolat_Sorting-Algorithms-Analysis_MergeSort.py_cleaned.png,0,0,0.7816990166902542,0.2183009833097458
fold5,989_2_content_Prateek-Bansal_Admission_Random_forest_classifier.py_cleaned.png,0,0,0.6853913962841034,0.3146086037158966
fold5,521_1_content_Gopal9028_Longest-Common-Subsequence-using-MPI_lcs_using_MPI.py_cleaned.png,0,0,0.5015436410903931,0.49845635890960693
fold5,482_1_content_abx67_Algorithms_quicksort.py_cleaned.png,0,0,0.549900621175766,0.450099378824234
fold5,1500_4_content_kevalmorabia97_Agglomerative-Hierarchical-Clustering-Comparison_HierarchicalAgglomerativeClustering.py_cleaned.png,0,0,0.6763030588626862,0.32369694113731384
fold5,750_v4_27_content_KyleSeaman201_Ordered-Linked-List_Ordered_Linked_List.py_cleaned.png,1,1,0.18755769729614258,0.8124423027038574
fold5,1125_35_content_fireclawthefox_DirectGuiDesigner_main.py_cleaned.png,0,0,0.8396737724542618,0.16032622754573822
fold5,330_v4_17_content_davidbhan_IntelligentPatents_NLP_functions.py_cleaned.png,1,1,0.4362660050392151,0.5637339949607849
fold5,586_v4_22_content_asmitaneupane_Python-project_mytest.py_cleaned.png,1,1,0.20434534549713135,0.7956546545028687
fold5,934_v4_31_content_ismellike_BFS_DFS_graph.py_cleaned.png,1,1,0.235110342502594,0.764889657497406
fold5,254_v4_15_content_mahfuzali_AzureRSAPy_run.py_cleaned.png,1,0,0.530881404876709,0.469118595123291
fold5,2122_8_content_16chuang_CS161_Project_LCStest.py_cleaned.png,0,0,0.6561756134033203,0.3438243865966797
fold5,1101_v4_3_content_deniselucey_Python_Recursive_Definitions_factorial.py_cleaned.png,1,0,0.5595758855342865,0.4404241144657135
fold5,930_2_content_athulvijayan6_python-rlcs_lcssMain.py_cleaned.png,0,1,0.39880794286727905,0.601192057132721
fold5,829_v4_2_content_athulvijayan6_python-rlcs_lcssMain.py_cleaned.png,1,1,0.4407815933227539,0.5592184066772461
fold5,833_27_content_AndresHerrera_PCA_Vowels_extract_vowels.py_cleaned.png,0,1,0.2283790111541748,0.7716209888458252
fold5,481_v4_1_content_lucaspauker_factor-perfect-numbers_Factors_Perfect_Number.py_cleaned.png,1,0,0.8343805968761444,0.1656194031238556
fold5,1228_v4_42_content_isneace_Binary-Search-Algorithm_Lab2.py_cleaned.png,1,1,0.48070865869522095,0.519291341304779
fold5,1799_v4_7_content_jakobpederson_divisible_pair_sums_test_divisible_pair_sums.py_cleaned.png,1,1,0.4471975564956665,0.5528024435043335
fold5,1377_v4_4_content_rohinigopalqxf2_Factorial-Calculator-Practice_03_Fill_values.py_cleaned.png,1,1,0.2726726531982422,0.7273273468017578
fold5,1040_31_content_igoreliasm_binary-tree_arvore.py_cleaned.png,0,1,0.31767648458480835,0.6823235154151917
fold5,1579_v4_61_content_lgphone_delay-queue_timer.py_cleaned.png,1,0,0.575304388999939,0.42469561100006104
fold5,1586_v4_62_content_srkhedkar_Polynomial-Regression_PolynomialRegression.py_cleaned.png,1,1,0.4569246172904968,0.5430753827095032
fold5,991_2_content_Rohit967_Outlier-Analysis-With-Python_OutlierAnalysis.py_cleaned.png,0,1,0.4391500949859619,0.5608499050140381
fold5,1568_52_content_blaynewagner_Huffman-Encoder_huffman_tests.py_cleaned.png,0,0,0.5456912219524384,0.45430877804756165
fold5,749_24_content_lesdev_SortingMethods_merge.py_cleaned.png,0,0,0.7318760752677917,0.26812392473220825
fold5,1333_v4_4_content_alex-rantos_Project-1-Search-in-Pacman_projectParams.py_cleaned.png,1,0,0.6305886507034302,0.3694113492965698
fold5,1456_v4_56_content_asgamre_Decision-Tree-ML_main.py_cleaned.png,1,1,0.32296210527420044,0.6770378947257996
fold5,231_14_content_149ps_leetcode-solutions_350._Intersection_of_Two_Arrays_II.py_cleaned.png,0,0,0.6230221390724182,0.3769778609275818
fold5,2242_9_content_emmanuj_mst-solver_node.py_cleaned.png,0,0,0.7256909310817719,0.27430906891822815
fold5,1552_v4_5_content_ligertsicat_Rental-Scraper_scraper.py_cleaned.png,1,1,0.4835440516471863,0.5164559483528137
fold5,1843_v4_7_content_yashkant_pnas-binary-nets_train.py_cleaned.png,1,1,0.1756874918937683,0.8243125081062317
fold5,2018_v4_99_content_OmerFarukTekgozoglu_Machine-Learning-Polynomial-Regression_polynomialRegression.py_cleaned.png,1,0,0.5072494745254517,0.49275052547454834
fold5,1688_v4_6_content_satssehgal_WebScraping_Heroku_scraper.py_cleaned.png,1,0,0.7503105103969574,0.2496894896030426
fold5,142_12_content_croiden_successive-prime-numbers_generatePrime.py_cleaned.png,0,0,0.7796106338500977,0.22038936614990234
fold5,990_2_content_rdisipio_prime_numbers_primes.py_cleaned.png,0,0,0.6866655945777893,0.3133344054222107
fold5,1570_52_content_CorrineTan_Digital-Signature-Schemes-Evaluation_eddsa_libnacl.py_cleaned.png,0,1,0.27727603912353516,0.7227239608764648
fold5,1725_5_content_NuttySalmon_connecting_flights_start.py_cleaned.png,0,0,0.5011586546897888,0.4988413453102112
fold5,423_v4_19_content_Vijendra2410_Sentiment-Analysis_RestaurantReview.py_cleaned.png,1,0,0.7052012383937836,0.29479876160621643
fold5,488_v4_1_content_modulus100_python-datastructures-algorithms_linked_list_reverse.py_cleaned.png,1,0,0.5154895782470703,0.4845104217529297
fold5,2116_v4_v5_6_content_samirgupta_PubmedClustering_dumpDiseaseDict.py_cleaned.png,1,1,0.16939985752105713,0.8306001424789429
fold5,2266_9_content_SirThana_RSA_rsa.py_cleaned.png,0,1,0.3417089581489563,0.6582910418510437
fold5,1017_v4_35_content_rajucsm09_Fibonacci-Sequence-using-Memoizaton_fibonacci.py_cleaned.png,1,0,0.6717698276042938,0.3282301723957062
fold5,246_14_content_BalaMungala_GroceryRecommendations-Association_Market_Basket_Optimisation.py_cleaned.png,0,0,0.8857351839542389,0.11426481604576111
fold5,1008_v4_35_content_facundoq_rotational_variance_experiment_rotation.py_cleaned.png,1,0,0.7433178126811981,0.2566821873188019
fold5,2150_8_content_jasminegrewal_Naive-Bayes-KNN-Logistic-Regression_2b_gnb.py_cleaned.png,0,0,0.868015468120575,0.13198453187942505
fold5,1359_v4_4_content_ktrujillo52_Bitcoin-price-forecast_bitcoin_clustering.py_cleaned.png,1,1,0.353878915309906,0.646121084690094
fold5,1889_70_content_DimaAntoniuk_Lab4_bfs_bfs.py_cleaned.png,0,0,0.8568709492683411,0.14312905073165894
fold5,1641_v4_69_content_TheOnly1338_ProxyScrapper_proxyscraper.py_cleaned.png,1,0,0.806634396314621,0.19336560368537903
fold5,1396_44_content_rajitbanerjee_amazon-price-tracker_tracker.py_cleaned.png,0,1,0.18734055757522583,0.8126594424247742
fold5,1630_57_content_popkinj_azimuth-swath___init__.py_cleaned.png,0,0,0.5141526162624359,0.4858473837375641
fold5,485_v4_1_content_mikekestemont_pandora_unseen.py_cleaned.png,1,1,0.2884419560432434,0.7115580439567566
fold5,1362_42_content_TechnoMonoCo_Python-Doubly-Linked-List_LL.py_cleaned.png,0,0,0.5438595414161682,0.4561404585838318
fold5,444_v4_1_content_DaruniasJoy_OoT-Custom-Sequences_Check_for_Duplicates.py_cleaned.png,1,1,0.2514209747314453,0.7485790252685547
fold5,539_v4_20_content_kristianespina_python-binary-search-tree_binary_search_tree.py_cleaned.png,1,1,0.40638619661331177,0.5936138033866882
fold5,986_v4_33_content_shelbyjoji_Machine_Learning_PartI_MachineLearning_part1.py_cleaned.png,1,0,0.8855769261717796,0.11442307382822037
fold5,68_10_content_zpeterg_bmig_5003_count_words_index_test.py_cleaned.png,0,1,0.42730605602264404,0.572693943977356
fold5,1305_3_content_root676_QNEAT3___init__.py_cleaned.png,0,0,0.5083187520503998,0.4916812479496002
fold5,786_25_content_DrMMZ_Attack-Diffie-Hellman_AttackDH.py_cleaned.png,0,0,0.8373271077871323,0.16267289221286774
fold5,1676_5_content_anguillanneuf_bigO_106_sudoku.py_cleaned.png,0,1,0.47505325078964233,0.5249467492103577
fold5,2217_97_content_panjibagaskara_NaiveBayes_naive.py_cleaned.png,0,0,0.5700489580631256,0.4299510419368744
fold5,38_v4_10_content_lulu150003_Web-Scraping-Project_LinkedInWebcrawler2019.py_cleaned.png,1,0,0.5239028036594391,0.4760971963405609
fold5,1653_59_content_rakesh-1601_Stock_prediction_predicting_google_stocks.py_cleaned.png,0,0,0.5360730588436127,0.46392694115638733
fold5,766_24_content_SajjadAemmi_Text-Summarization_main.py_cleaned.png,0,1,0.491405725479126,0.508594274520874
fold5,617_20_content_ndodson_Cosine-Similarity_plotDataStream.py_cleaned.png,0,1,0.4859314560890198,0.5140685439109802
fold5,504_v4_1_content_sadnessFree_arima-lstm_muilt_lstm.py_cleaned.png,1,1,0.41142839193344116,0.5885716080665588
fold5,1839_6_content_gabrielmbmb_aes_crypt.py_cleaned.png,0,1,0.43226325511932373,0.5677367448806763
fold5,600_20_content_Cassar88226_Clustering_of_Articles_corpus.py_cleaned.png,0,0,0.8007350862026215,0.19926491379737854
fold5,1123_35_content_facundoq_rotational_variance_experiment_rotation.py_cleaned.png,0,0,0.8942308276891708,0.10576917231082916
fold5,959_v4_32_content_jtuckerk_oscar_prediction_full_featureset_prediction.py_cleaned.png,1,1,0.1727278232574463,0.8272721767425537
fold5,2259_9_content_mschamarthy_parametric-regression_linearRegression.py_cleaned.png,0,0,0.5663805305957794,0.4336194694042206
fold5,1919_74_content_OstapKuch_Lab_01_alg_sort.py_cleaned.png,0,1,0.32888519763946533,0.6711148023605347
fold5,653_21_content_RikilG_Data-Science-Foundations_main.py_cleaned.png,0,0,0.6463236212730408,0.35367637872695923
fold5,2174_90_content_kubrailkul_Linear-Polynomial-Regression-model_polynomial_regression.py_cleaned.png,0,0,0.9742422364652157,0.025757763534784317
fold5,2107_87_content_tej06_NaiveBayes-Classification_training.py_cleaned.png,0,1,0.24496990442276,0.75503009557724
fold5,1914_v4_88_content_NoFishLikeIan_Dijkstra_currency_currency_api.py_cleaned.png,1,1,0.19287174940109253,0.8071282505989075
fold5,344_v4_17_content_jmullercuber_HackHarvard2k16_TwitterTest.py_cleaned.png,1,1,0.42010462284088135,0.5798953771591187
fold5,1069_v4_39_content_engmubarak48_polynomial-regression_Polynomial_Regression__2_.py_cleaned.png,1,1,0.44669395685195923,0.5533060431480408
fold5,1628_v4_68_content_DheerajKumar97_Linear-and-Generalized-Linear-Model-Algorithms-from-scratch_Simple_Linear_Regression.py_cleaned.png,1,1,0.259851336479187,0.740148663520813
fold5,1485_4_content_fcunhaneto_py-binary-trees-draw_node.py_cleaned.png,0,1,0.46765273809432983,0.5323472619056702
fold5,1423_v4_52_content_Tchaikovic_dijkstra_mapcreator.py_cleaned.png,1,1,0.3246285319328308,0.6753714680671692
fold5,182_v4_13_content_Pedinpsy_-inverted-index-search_main.py_cleaned.png,1,1,0.24680489301681519,0.7531951069831848
fold5,973_v4_33_content_hexingwei_Binary-tree_tree.py_cleaned.png,1,1,0.18209505081176758,0.8179049491882324
fold5,13_10_content_aptr288_Information_Retrieval_system_Data_Parsing_and_Processing.py_cleaned.png,0,1,0.4079135060310364,0.5920864939689636
fold5,2102_v4_v5_2_content_varun10221_ARIMA-model_s_and_p.py_cleaned.png,1,1,0.19472426176071167,0.8052757382392883
fold5,178_v4_13_content_nishimura5_lorenz-plot_polar_rri.py_cleaned.png,1,1,0.2059382200241089,0.7940617799758911
fold5,1831_6_content_cliptic_nlp_LatentSemanticAnalysis.py_cleaned.png,0,0,0.7159929871559143,0.2840070128440857
fold5,2143_v5_v4_81_content_gautam9595_BIC-Selhoutte_Optimal_K_using_BIC-selhoutte_Iris.py_cleaned.png,1,1,0.32315659523010254,0.6768434047698975
fold5,907_v4_30_content_pwneip_fibonacci_fibonacci.py_cleaned.png,1,1,0.4096001982688904,0.5903998017311096
fold5,1256_3_content_iykadev_pyalgo_lucas_lehmer_test.py_cleaned.png,0,0,0.6147399246692657,0.38526007533073425
fold5,2206_96_content_pisaniFosso_TMR_driver.py_cleaned.png,0,1,0.4812520146369934,0.5187479853630066
fold5,2105_86_content_YouGotJaked_Face-Recognition_model.py_cleaned.png,0,1,0.32492899894714355,0.6750710010528564
fold5,598_v4_22_content_konczyk_comparisons_client.py_cleaned.png,1,0,0.8168346881866455,0.1831653118133545
fold5,711_v4_26_content_aishnupur_Principal-Component-Analysis_PCA.py_cleaned.png,1,0,0.8302139490842819,0.16978605091571808
fold5,1615_56_content_asgamre_Decision-Tree-ML_main.py_cleaned.png,0,0,0.7272443175315857,0.2727556824684143
fold5,228_v4_14_content_TechnicallyRachel_Fibonacci-plus-unitTest_fibonacci.py_cleaned.png,1,0,0.6280821859836578,0.37191781401634216
fold5,1608_v4_66_content_naveen-770_Linear-regression-From-Scratch_my_linear_regression_housing_data.py_cleaned.png,1,1,0.14856290817260742,0.8514370918273926
fold5,862_v4_2_content_lidq92_LinearityIQA_IQAperformance.py_cleaned.png,1,1,0.43893134593963623,0.5610686540603638
fold5,2133_v5_v4_25_content_SaadatRizvi_Movie-Recommendation-System_collaborative-filtering.py_cleaned.png,1,1,0.11624228954315186,0.8837577104568481
fold5,2249_9_content_jabrekadabre_prime-numbers_prime_nums.py_cleaned.png,0,0,0.7386454641819,0.2613545358181
fold5,1501_v4_5_content_AdamJacoby_Hopf_HopfConstructions.py_cleaned.png,1,1,0.24450111389160156,0.7554988861083984
fold5,1450_v4_55_content_midderbear_DFS-optimizer_playerlists.py_cleaned.png,1,1,0.3690927028656006,0.6309072971343994
fold5,788_v4_29_content_cmccoypdx_PythonSortCompare_Generator.py_cleaned.png,1,1,0.43760937452316284,0.5623906254768372
fold5,952_2_content_imset_Perfect-Numbers_perfNum.py_cleaned.png,0,0,0.65788334608078,0.34211665391921997
fold5,1239_v4_43_content_futuresea713_des-cbc-encode-decode_des-cbc.py_cleaned.png,1,0,0.5421511232852936,0.4578488767147064
fold5,902_29_content_ikravche_Apriori_Apriori.py_cleaned.png,0,0,0.623683899641037,0.376316100358963
fold5,182_13_content_chandimajayawickrama_Simple-Sorting-Algorithms_selection_sort.py_cleaned.png,0,0,0.6517053842544556,0.34829461574554443
fold5,1171_v4_3_content_QuriQuant_qq-pat_test.py_cleaned.png,1,1,0.4605110287666321,0.5394889712333679
fold5,1767_v4_79_content_snehasg95_NaiveBayes_iris_classification.py_cleaned.png,1,0,0.5783539116382599,0.4216460883617401
fold5,1094_v4_3_content_calleia_one-time-pad-python_one-time-pad.py_cleaned.png,1,1,0.1536814570426941,0.8463185429573059
fold5,1659_5_content_AdamJacoby_Hopf_ElementClass.py_cleaned.png,0,1,0.2423529028892517,0.7576470971107483
fold5,790_25_content_naveenpvg3_Comparative-Analysis-of-Elliptic-and-Hessian-curve-cryptography_comgra.py_cleaned.png,0,0,0.7103758752346039,0.2896241247653961
fold5,355_v4_17_content_txrp0x9_py_prime_number_primeno.py_cleaned.png,1,1,0.2291628122329712,0.7708371877670288
fold5,1549_51_content_adityapatelgithub_Expressions-and-Functions_evalpostfix.py_cleaned.png,0,0,0.7222244739532471,0.27777552604675293
fold5,1691_v4_6_content_ShishirKumar93_linear_regression_implementation_test_class.py_cleaned.png,1,0,0.6125685572624207,0.38743144273757935
fold5,1789_v4_7_content_fepz_AyCC_dary_heap.py_cleaned.png,1,1,0.2847175598144531,0.7152824401855469
fold5,677_22_content_mikaelharseno_DurianBot_datacollector.py_cleaned.png,0,0,0.600374311208725,0.399625688791275
fold5,1888_70_content_crackcomm_mofn-encryption_util.py_cleaned.png,0,0,0.5926104784011841,0.4073895215988159
fold5,1645_v4_6_content_chengdai_gestation_multiomics_pregnancy_multiomics.py_cleaned.png,1,1,0.15979033708572388,0.8402096629142761
fold5,1183_39_content_alejandrakudo_BinarySearch-Sorting_CISC121_Assignment_3_exampleSolution.py_cleaned.png,0,0,0.8212400823831558,0.17875991761684418
fold5,832_27_content_aferaudo_xor_keyobtainer_xor_keyobtainer.py_cleaned.png,0,1,0.3600733280181885,0.6399266719818115
fold5,23_v4_10_content_divyanshgupt_one-time-pad_main.py_cleaned.png,1,0,0.6383704245090485,0.36162957549095154
fold5,1150_36_content_NabinAdhikari674_Study-on-Different-ML-Models-on-Housing-Dataset_main.py_cleaned.png,0,0,0.8533118665218353,0.14668813347816467
fold5,787_v4_29_content_barshaison_Naive_Bayes_Classifier_Prog.py_cleaned.png,1,1,0.30868464708328247,0.6913153529167175
fold5,769_24_content_UZziell_bigO-estimate_gui.py_cleaned.png,0,0,0.7859343439340591,0.21406565606594086
fold5,1474_4_content_alex-rantos_Project-1-Search-in-Pacman_projectParams.py_cleaned.png,0,0,0.7615511864423752,0.23844881355762482
fold5,1091_33_content_Nazar910_chameleon-problem_state.py_cleaned.png,0,0,0.7474520206451416,0.2525479793548584
fold5,920_29_content_zcogley_Bubble-Sort_bubble_sort.py_cleaned.png,0,0,0.8272697180509567,0.17273028194904327
fold5,465_v4_1_content_ivan-gramatikov_Median-calc-basic_test_median.py_cleaned.png,1,1,0.4182887077331543,0.5817112922668457
fold5,1371_43_content_hraizes_Sorting_SortingPractice.py_cleaned.png,0,0,0.9462170414626598,0.053782958537340164
fold5,1045_v4_37_content_winstonmzhang_CalculateVariance_method_r.py_cleaned.png,1,1,0.44563955068588257,0.5543604493141174
fold5,1675_5_content_anguillanneuf_bigO_02_linked_list.py_cleaned.png,0,0,0.5991515219211578,0.40084847807884216
fold5,1192_v4_40_content_ajh1143_BinarySearchTreePractice_BST.py_cleaned.png,1,0,0.795209676027298,0.20479032397270203
fold5,793_v4_29_content_diego95root_CryptoAttacks_MD4.py_cleaned.png,1,1,0.3018012046813965,0.6981987953186035
fold5,36_v4_10_content_kllinzy_Elliptic-Curve-Cryptography_demo.py_cleaned.png,1,1,0.3422320485115051,0.6577679514884949
fold5,594_1_content_wanglouis49_risk_estimation_EX10H.py_cleaned.png,0,1,0.2808396816253662,0.7191603183746338
fold5,2101_v4_v5_27_content_ashwinvis98_Particle-Swarm-Optimization-for-Robotic-Search-Applications_aruco_detect.py_cleaned.png,1,1,0.24611598253250122,0.7538840174674988
fold5,186_13_content_danielSbastos_binary-fibonacci_transpose.py_cleaned.png,0,0,0.6340553760528564,0.36594462394714355
fold5,858_28_content_albertsegura_tmux-jobqueue_run_jobs.py_cleaned.png,0,1,0.2515268921852112,0.7484731078147888
fold5,662_v4_24_content_lesdev_SortingMethods_quicksort.py_cleaned.png,1,1,0.378740131855011,0.621259868144989
fold5,116_v4_12_content_anapandza_ComputerNetworks_Bellman-Ford.py_cleaned.png,1,1,0.2283099889755249,0.7716900110244751
fold5,2229_99_content_mincanhe_Network-routing-protocol_Dijkstra.py_cleaned.png,0,1,0.45973461866378784,0.5402653813362122
fold5,599_v4_22_content_mikaelharseno_DurianBot_datacollector.py_cleaned.png,1,1,0.47600609064102173,0.5239939093589783
fold5,1097_33_content_Ryan-Fortner_bubble_sort_bubble_sort.py_cleaned.png,0,0,0.6189334690570831,0.38106653094291687
fold5,493_v4_1_content_nikitaa30_Content-based-Recommender-System_recommender_system.py_cleaned.png,1,0,0.6458137035369873,0.3541862964630127
fold5,1514_4_content_mincanhe_Network-routing-protocol_heap.py_cleaned.png,0,0,0.7553453892469406,0.2446546107530594
fold5,891_v4_2_content_siddhi47_median_calculator_median_calculator.py_cleaned.png,1,1,0.2954232096672058,0.7045767903327942
fold5,994_2_content_Shanmukha-Y_SIngle-Exponential-Smoothing-_predict.py_cleaned.png,0,0,0.904217965900898,0.09578203409910202
fold5,1311_v4_48_content_nabima_nabi_distribution_client_ville.py_cleaned.png,1,0,0.5224825441837311,0.4775174558162689
fold5,1616_v4_67_content_blankdean_Linear-Regression-Generator_leastsquares.py_cleaned.png,1,1,0.1686754822731018,0.8313245177268982
fold5,1478_v4_58_content_rahul1502_polynomial-regression_polynomial-regression.py_cleaned.png,1,1,0.4897652864456177,0.5102347135543823
fold5,1010_30_content_MKI603_Python3-RSA_rsa.py_cleaned.png,0,0,0.5037104785442352,0.49628952145576477
fold5,654_v4_24_content_fellakmoh876_mailing-lists-scraper_scrape.py_cleaned.png,1,1,0.2794761657714844,0.7205238342285156
fold5,1777_65_content_pjwastaken_Principal_Component_Analysis_for_Reduce_Images_Dimension_dataset.py_cleaned.png,0,1,0.4460025429725647,0.5539974570274353
fold5,528_v4_20_content_a-hamza-r_Hierarchical-Clustering_hpc_classify.py_cleaned.png,1,1,0.15888261795043945,0.8411173820495605
fold5,378_v4_18_content_o-az_Insertion-vs-Merge_MergeSort.py_cleaned.png,1,1,0.2880089282989502,0.7119910717010498
fold5,454_v4_1_content_dimizisis_blocksworld_node.py_cleaned.png,1,1,0.48381757736206055,0.5161824226379395
fold5,262_14_content_MGhousSarwar_Algorithm-Analysis_Script.py_cleaned.png,0,1,0.2866109013557434,0.7133890986442566
fold5,50_v4_10_content_shehand_Game_Graphics_using_Binary_Search_Tree_calc.py_cleaned.png,1,1,0.13100719451904297,0.868992805480957
fold5,1064_v4_39_content_AasthaGoyal_Mathimatical-Statistics-on-an-integer-array_python_code.py_cleaned.png,1,1,0.3470646142959595,0.6529353857040405
fold5,865_28_content_IPDT_car_review_k-means_clustering_word_freq.py_cleaned.png,0,1,0.24725490808486938,0.7527450919151306
fold5,925_v4_31_content_AmitD26_The-searching-pacman_projectParams.py_cleaned.png,1,0,0.6305886507034302,0.3694113492965698
fold5,1548_50_content_shre007_Implementation-and-comparison-of-sorting-algorithms_quick.py_cleaned.png,0,0,0.7979030013084412,0.20209699869155884
fold5,1226_v4_42_content_aryanshar_TextMining_extract.py_cleaned.png,1,0,0.6555016934871674,0.34449830651283264
fold5,525_1_content_ivan-gramatikov_Median-calc-basic_median.py_cleaned.png,0,1,0.35389822721481323,0.6461017727851868
fold5,184_v4_13_content_qwerty1917_KNN_OCR_main_py2.py_cleaned.png,1,1,0.12514829635620117,0.8748517036437988
fold5,2095_86_content_bharathsharma95_DES_decrypt.py_cleaned.png,0,1,0.41201072931289673,0.5879892706871033
fold5,1707_5_content_Fmccline_Prims-Algorithm_graph_saver.py_cleaned.png,0,1,0.27090275287628174,0.7290972471237183
fold5,943_2_content_ernestosanchezmatos_-BellmanFord_algoritmo_bellmanford.py_cleaned.png,0,0,0.9380117282271385,0.06198827177286148
fold5,303_v4_16_content_NB-prog_INTERN-2019_config.py_cleaned.png,1,0,0.5807554125785828,0.41924458742141724
fold5,1888_v4_84_content_WizHacks_ChordDFS_ChordMessage.py_cleaned.png,1,1,0.328413724899292,0.671586275100708
fold5,1979_v4_92_content_meltonjoseph_CorpusReader_CreateTFIDF_driver.py_cleaned.png,1,1,0.44928431510925293,0.5507156848907471
fold5,40_v4_10_content_mateus-n00b_Diffie-Hellman_alice.py_cleaned.png,1,1,0.12391442060470581,0.8760855793952942
fold5,2202_95_content_ravularohit_sms-spam-detection_spam_detection.py_cleaned.png,0,0,0.5740189552307129,0.4259810447692871
fold5,155_v4_13_content_avirambh_vcl_pytorch_utils.py_cleaned.png,1,1,0.32832759618759155,0.6716724038124084
fold5,996_v4_34_content_rajdas2001_Sorting-of-lists-arrays_Bubble_Sort.py_cleaned.png,1,1,0.39784079790115356,0.6021592020988464
fold5,436_v4_1_content_bhrigu123_huffman-coding_huffman.py_cleaned.png,1,1,0.11857497692108154,0.8814250230789185
fold5,247_v4_15_content_gregapodobnik_wowza_deleteautorecordings_wowza_deleterecordings.py_cleaned.png,1,1,0.4879496097564697,0.5120503902435303
fold5,1023_v4_36_content_dchrostowski_autoproxy_dry_run.py_cleaned.png,1,0,0.873022049665451,0.12697795033454895
fold5,895_v4_2_content_zalayo_Hierarchical-Linkage-Regression_HLRlinkages.py_cleaned.png,1,1,0.2513850927352905,0.7486149072647095
fold5,147_12_content_diegooliveira95_PrimAndDijkstra_interface.py_cleaned.png,0,1,0.3754230737686157,0.6245769262313843
fold5,1056_v4_38_content_NicholasKobald_Tree-Traversals_traversals.py_cleaned.png,1,1,0.45752519369125366,0.5424748063087463
fold5,575_v4_21_content_rahul494_Mental-Health-On-Twitter-Analysis_sorter.py_cleaned.png,1,1,0.48989880084991455,0.5101011991500854
fold5,1296_3_content_pombredanne_string-alignment_localAlignment.py_cleaned.png,0,0,0.7839402556419373,0.21605974435806274
fold5,885_v4_2_content_rdisipio_prime_numbers_primes.py_cleaned.png,1,0,0.7302969992160797,0.2697030007839203
fold5,725_v4_26_content_JNorrie12_Optimization_Bsc.py_cleaned.png,1,1,0.1892293095588684,0.8107706904411316
fold5,1127_v4_3_content_iykadev_pyalgo_insertionSort.py_cleaned.png,1,0,0.5265427231788635,0.4734572768211365
fold5,789_v4_29_content_cmccoypdx_PythonSortCompare_MergeSort.py_cleaned.png,1,1,0.40415674448013306,0.5958432555198669
fold5,1179_38_content_VakinduPhilliam_Pattern_Matching_Python_Glob_Directory_Paths.py_cleaned.png,0,0,0.7588954716920853,0.24110452830791473
fold5,1939_78_content_ashish0707_basic_webcrawler_bfs.py_cleaned.png,0,1,0.4585152864456177,0.5414847135543823
fold5,2209_97_content_Hillul_-Comparing-the-Algorithm-of-ML-where-Random-Forest-is-found-to-be-best_Comparision_Of_Algorithm.py_cleaned.png,0,0,0.6531046330928802,0.34689536690711975
fold5,1498_v4_5_content_AdamJacoby_Hopf_ElementClass.py_cleaned.png,1,1,0.13588285446166992,0.8641171455383301
fold5,1309_3_content_tusizi_document-analysis_mllib_lda_after_tfidf.py_cleaned.png,0,1,0.46353214979171753,0.5364678502082825
fold5,1775_65_content_my-master_HashingTfidfVectorizer_ru_run.py_cleaned.png,0,0,0.9142658486962318,0.08573415130376816
fold5,1185_v4_3_content_tusizi_document-analysis_mllib_word2vec.py_cleaned.png,1,0,0.580886960029602,0.41911303997039795
fold5,1193_v4_40_content_alttch_pyaltt_test.py_cleaned.png,1,0,0.7890055924654007,0.2109944075345993
fold5,1555_v4_5_content_Schemberizer_Binary-Tree-Compression_tree.py_cleaned.png,1,1,0.1925591230392456,0.8074408769607544
fold5,1383_44_content_arun-p12_sort-algorithms_common.py_cleaned.png,0,0,0.5325707793235779,0.4674292206764221
fold5,619_20_content_shamo0_Binary_Search_Tree_treap.py_cleaned.png,0,0,0.6465366184711456,0.35346338152885437
fold5,829_26_content_SKNIRBHAY_Improved-Dijkstra-s-Algorithm-Based-Load-Balancing-SDN-Application_CodeForMininet2.py_cleaned.png,0,0,0.6173580884933472,0.38264191150665283
fold5,1257_3_content_iykadev_pyalgo_midpoint_circle_algo.py_cleaned.png,0,1,0.43980395793914795,0.560196042060852
fold5,115_11_content_sachinrajgowda_NetworkDesign_Kruskal_DisjointSet.py_cleaned.png,0,0,0.664519339799881,0.335480660200119
fold5,388_17_content_henryfox_encryption_run_ui.py_cleaned.png,0,0,0.6763791739940643,0.32362082600593567
fold5,251_v4_15_content_hgdsraj_python_vs_ruby_speed_quick.py_cleaned.png,1,1,0.2786763906478882,0.7213236093521118
fold5,1588_53_content_haydentmichael_Assign4_TreeTraversal.py_cleaned.png,0,0,0.825302392244339,0.174697607755661
fold5,1329_v4_4_content_AcrobatAHA_Linear-Search-_Linear_search.py_cleaned.png,1,1,0.24993693828582764,0.7500630617141724
fold5,288_15_content_EtiennePerot_mm-tools_update-kodi.py_cleaned.png,0,1,0.20476293563842773,0.7952370643615723
fold5,268_14_content_sherlockhoatszx_MachineLearning_CTR_project_auc.py_cleaned.png,0,0,0.5972002744674683,0.40279972553253174
fold5,912_v4_30_content_sdws1983_The-big-data-OF-The-Plant-Cell_calculate-author.py_cleaned.png,1,1,0.2937951683998108,0.7062048316001892
fold5,1528_v4_5_content_dobrosketchkun_IV-chat_output_IVchat.py_cleaned.png,1,1,0.39020442962646484,0.6097955703735352
fold5,1228_3_content_dlohith_text-similarity_utils.py_cleaned.png,0,0,0.5635539591312408,0.43644604086875916
fold5,1815_69_content_ghfkddorl_mazerunner_config.py_cleaned.png,0,1,0.4825093746185303,0.5174906253814697
fold5,1324_40_content_Charles-Peeke_clinical_variances_pandas_queries.py_cleaned.png,0,1,0.29114145040512085,0.7088585495948792
fold5,1770_v4_7_content_akshattrivedi_IT-Sales-With-Recommendation-System_manage.py_cleaned.png,1,0,0.5334680676460266,0.4665319323539734
fold5,128_v4_12_content_dauut_pca-from-scratch_pca.py_cleaned.png,1,1,0.25473785400390625,0.7452621459960938
fold5,722_23_content_TuckerStewart98_LinkedList_MyLinkedList.py_cleaned.png,0,0,0.7412334084510803,0.2587665915489197
fold5,439_18_content_sudhanshugupta09_MS-Apriori_Algorithm_candidateGen.py_cleaned.png,0,0,0.7931037098169327,0.20689629018306732
fold5,792_25_content_Nazar910_chameleon-problem_depth_first_search.test.py_cleaned.png,0,0,0.6741818189620972,0.32581818103790283
fold5,1834_v4_7_content_shuming1211_CMU_project_BinaryClassifier_decisionTree.py_cleaned.png,1,1,0.1561254858970642,0.8438745141029358
fold5,1374_43_content_muhamuttaqien_python-data-structure_heap.py_cleaned.png,0,1,0.2501525282859802,0.7498474717140198
fold5,1014_v4_35_content_PeterUpfold_simple-temp-queue-pusher_simple-temp-queue-pusher.py_cleaned.png,1,1,0.35090988874435425,0.6490901112556458
fold5,526_1_content_ivan-gramatikov_Median-calc-basic_test_median.py_cleaned.png,0,0,0.5067425966262817,0.49325740337371826
fold5,980_2_content_Mypathissional_Data_Structures_AVL.py_cleaned.png,0,1,0.1909511685371399,0.8090488314628601
fold5,2077_84_content_mhb8898_bst_bst.py_cleaned.png,0,1,0.16632676124572754,0.8336732387542725
fold5,1497_v4_5_content_AdamJacoby_Hopf_Algebra_Tools.py_cleaned.png,1,1,0.31312865018844604,0.686871349811554
fold5,1041_31_content_ismellike_BFS_DFS_graph.py_cleaned.png,0,0,0.6312065720558167,0.36879342794418335
fold5,1583_v4_62_content_chaseking123_RSAEncryption_Driver.py_cleaned.png,1,0,0.7793134599924088,0.22068654000759125
fold5,1974_7_content_DMDarkness_Data-mining_Example_pyclt_fp2ar.py_cleaned.png,0,0,0.77139712870121,0.22860287129878998
fold5,1084_v4_3_content_6e726d_binaryninja-search___init__.py_cleaned.png,1,1,0.3513147234916687,0.6486852765083313
fold5,546_1_content_mattjj_pyhsmm-factorial_util.py_cleaned.png,0,1,0.4781145453453064,0.5218854546546936
fold5,478_19_content_walter090_cluster_runner.py_cleaned.png,0,1,0.48391008377075195,0.516089916229248
fold5,1327_v4_49_content_S-GH_WebtoonReply_Scraping-and-Sentiment_Analysis_2._Preprocess.py_cleaned.png,1,1,0.31468307971954346,0.6853169202804565
fold5,411_v4_19_content_orzal_python_prime_numbers_prime_numbers.py_cleaned.png,1,0,0.620784729719162,0.379215270280838
fold5,526_v4_1_content_xaneon_Clust_precluster.py_cleaned.png,1,1,0.191905677318573,0.808094322681427
fold5,937_2_content_CthulhuDen_Factorials_slaves.py_cleaned.png,0,0,0.7681046575307846,0.2318953424692154
fold5,727_24_content_Am4teur_LinkedList_LL0.py_cleaned.png,0,1,0.3332520127296448,0.6667479872703552
fold5,858_v4_2_content_judeisnotobscure_linked_list_linked_list.py_cleaned.png,1,1,0.23662567138671875,0.7633743286132812
fold5,1688_5_content_brown9804_Python_DiversosAlgortimos_Maquina_Atwood.py_cleaned.png,0,0,0.6048473119735718,0.3951526880264282
fold5,811_26_content_Emersonxuelinux_One_Big_Archive_VirtualPet.py_cleaned.png,0,1,0.3799484968185425,0.6200515031814575
fold5,1625_57_content_Carloshtda_SistemaRSA_rsa.py_cleaned.png,0,0,0.5730766654014587,0.42692333459854126
fold5,961_v4_32_content_mahtabfarrokh_classic-search_Astar.py_cleaned.png,1,1,0.33373022079467773,0.6662697792053223
fold5,1104_v4_3_content_egroeglee_Polynomial-Regression_polynomial_regression.py_cleaned.png,1,1,0.48405569791793823,0.5159443020820618
fold5,2267_9_content_Sknapper4_CS3310A2_main.py_cleaned.png,0,1,0.21525752544403076,0.7847424745559692
fold5,374_17_content_adampicker_DES_implementation_binary_utils.py_cleaned.png,0,1,0.3387972116470337,0.6612027883529663
fold5,1053_v4_38_content_JediWattson_rsa_edu_primegen.py_cleaned.png,1,1,0.33598804473876953,0.6640119552612305
fold5,2033_v4_9_content_fritzwill_apriori-algorithm_apriori.py_cleaned.png,1,1,0.1448981761932373,0.8551018238067627
fold5,517_1_content_dvictori_rapideye_hist2sd_hist_match.py_cleaned.png,0,1,0.19246035814285278,0.8075396418571472
fold5,1564_51_content_ShrutheeshIR_Principal-Component-Analysis-on-Images_Pcaimages.py_cleaned.png,0,0,0.9224322736263275,0.07756772637367249
fold5,613_20_content_learn-co-students_applying-gradient-descent-lab-dc-ds-career-042219_linear_equations.py_cleaned.png,0,1,0.23688137531280518,0.7631186246871948
fold5,102_v4_11_content_sergiy-chumachenko_Lists_sorting_and_binary_search_sort_BSCL.py_cleaned.png,1,1,0.16571402549743652,0.8342859745025635
fold5,76_11_content_ayushkumarshah_Dynamic-Programming-MCM-and-LCS_lcs.py_cleaned.png,0,0,0.5918093621730804,0.40819063782691956
fold5,416_v4_19_content_sorenr_jjcrypt_otp_gen.py_cleaned.png,1,0,0.5263579487800598,0.4736420512199402
fold5,153_12_content_ianscottknight_Predicting-Myers-Briggs-Type-Indicator-with-Recurrent-Neural-Networks_make_training_set.py_cleaned.png,0,0,0.5139134228229523,0.48608657717704773
fold5,61_10_content_sumanthsunny35_RHM-assignment_LCS.py_cleaned.png,0,1,0.3832052946090698,0.6167947053909302
fold5,1639_v4_69_content_MarynaTatsevich_Machine-Learning-Unsupervised-Learning-Techniques_hierarchical_clustering_algorithm.py_cleaned.png,1,1,0.22033381462097168,0.7796661853790283
fold5,2144_8_content_fepz_AyCC_disjoint_set.py_cleaned.png,0,0,0.6283405423164368,0.37165945768356323
fold5,2093_v4_v5_1_content_mikekestemont_pandora_unseen.py_cleaned.png,1,1,0.11125075817108154,0.8887492418289185
fold5,1707_v4_70_content_Ram-95_Weather_Forecast_Application_Weather_forecast_application.py_cleaned.png,1,0,0.7739362567663193,0.22606374323368073
fold5,1617_v4_67_content_damianrr_bisect-ordered-file_bisect_file_with_numbers.py_cleaned.png,1,0,0.5371856689453125,0.4628143310546875
fold5,1713_5_content_harshdarji22_crypto_domains.py_cleaned.png,0,0,0.7101267874240875,0.2898732125759125
fold5,366_v4_18_content_ashwinjoseph95_reviewanalysis_natural_language_processing.py_cleaned.png,1,0,0.7151946127414703,0.28480538725852966
fold5,1373_v4_4_content_mrimahajan_advanced_analysis_package_variable_treatment.py_cleaned.png,1,1,0.2491130232810974,0.7508869767189026
fold5,304_15_content_prashant-kikani_image-optimizer_utils.py_cleaned.png,0,1,0.36602020263671875,0.6339797973632812
fold5,2051_81_content_jvdwyer_Sorting_Sorts.py_cleaned.png,0,1,0.24663925170898438,0.7533607482910156
fold5,2197_94_content_verma1997_Scraping-Scripts_goibibo_offers.py_cleaned.png,0,0,0.534982293844223,0.465017706155777
fold5,291_v4_16_content_hungapp_big_o_09-04.py_cleaned.png,1,1,0.2769397497177124,0.7230602502822876
fold5,524_v4_1_content_vuolleko_pyTSNE_vptree.py_cleaned.png,1,1,0.35069364309310913,0.6493063569068909
fold5,1033_v4_36_content_NabinAdhikari674_Study-on-Different-ML-Models-on-Housing-Dataset_pre_processor.py_cleaned.png,1,1,0.19784945249557495,0.802150547504425
fold5,83_v4_11_content_lanaelsanyoura_BubbleSort_object_graphics.py_cleaned.png,1,1,0.13217341899871826,0.8678265810012817
fold5,1830_v4_7_content_satyammittal_IRE-Stopping-Words_bahasa.py_cleaned.png,1,1,0.2774885296821594,0.7225114703178406
fold5,1599_v4_65_content_pjwastaken_Principal_Component_Analysis_for_Reduce_Images_Dimension_dataset.py_cleaned.png,1,1,0.3439171314239502,0.6560828685760498
fold5,648_21_content_philippgovernale_dijkstrapy_getchar.py_cleaned.png,0,1,0.4995044469833374,0.5004955530166626
fold5,886_29_content_barshaison_Naive_Bayes_Classifier_PreProcessing.py_cleaned.png,0,1,0.4172438979148865,0.5827561020851135
fold5,247_14_content_briholt100_rogersQ_rogersQ.py_cleaned.png,0,0,0.8256149441003799,0.17438505589962006
fold5,795_v4_29_content_flintlouis_Sorting_algo_mergesort.py_cleaned.png,1,1,0.41106677055358887,0.5889332294464111
fold5,1720_5_content_Kevin2408_perfect-number_perfect_number.py_cleaned.png,0,0,0.8793908432126045,0.12060915678739548
fold5,1164_38_content_artigupt_Clustering-Algorithms_final_dbscan.py_cleaned.png,0,0,0.7665476202964783,0.23345237970352173
fold5,1426_46_content_parubalo_AES_binary_encrypt_decrypt_binary.py_cleaned.png,0,1,0.47196459770202637,0.5280354022979736
fold5,1376_43_content_PetePrattis_Advanced-Encryption-Standard-for-credit-card-number_AES.py_cleaned.png,0,0,0.7416048347949982,0.25839516520500183
fold5,1120_35_content_dharan-s_Data_Structure_Python_LLPalindrome.py_cleaned.png,0,0,0.9145194068551064,0.08548059314489365
fold5,464_19_content_orzal_python_prime_numbers_prime_numbers.py_cleaned.png,0,0,0.6528119742870331,0.3471880257129669
fold5,1197_v4_40_content_Charles-Peeke_clinical_variances_local_db.py_cleaned.png,1,1,0.26910877227783203,0.730891227722168
fold5,778_25_content_arjunsoin_CME-193-Final_SF_Salary_Market.py_cleaned.png,0,1,0.49095118045806885,0.5090488195419312
fold5,1587_53_content_faisalkhan91_Sort-Comparison_Sort_Comparison.py_cleaned.png,0,1,0.3153291940689087,0.6846708059310913
fold5,491_1_content_bhedavivek_prims_algorithm_main.py_cleaned.png,0,0,0.9523485153913498,0.04765148460865021
fold5,754_24_content_maganoegi_huffman_compressor_comp_PLATONOV_MPACKO.py_cleaned.png,0,1,0.45557868480682373,0.5444213151931763
fold5,2126_v5_v4_18_content_ppke-nlpg_emmorphpy_emmorphrest.py_cleaned.png,1,0,0.6485815048217773,0.35141849517822266
fold5,197_v4_14_content_Alexander35_fibonacci_sequence_http_server_tests.py_cleaned.png,1,1,0.3986467123031616,0.6013532876968384
fold5,1941_v4_8_content_Develop-It-19_Random_Forest_Random_Forest_Interpretation.py_cleaned.png,1,1,0.32157933712005615,0.6784206628799438
fold5,1533_v4_5_content_DvorakSimon_divisibility_DivisionBySeven.py_cleaned.png,1,1,0.2770135998725891,0.7229864001274109
fold5,578_v4_21_content_shunge_KNN-NBA-Draft-Prediction_knn-nba.py_cleaned.png,1,1,0.2817825675010681,0.7182174324989319
fold5,855_27_content_soumenca_LinearRegression_Multiple_Polynominal_Regression.py_cleaned.png,0,0,0.8834530413150787,0.11654695868492126
fold5,1037_31_content_danieltshibangu_QueuePay_diranySolution.py_cleaned.png,0,1,0.21947163343429565,0.7805283665657043
fold5,1727_5_content_preetha2711_Algorithm-Design-and-Analysis_insertionsort.py_cleaned.png,0,0,0.8395695984363556,0.1604304015636444
fold5,1284_3_content_linye1111_Perfect_Numbers_Perfect_Nunbers.py_cleaned.png,0,0,0.9571452662348747,0.042854733765125275
fold5,1604_54_content_wilrnh_oneoffs_file2mail.py_cleaned.png,0,0,0.5551273822784424,0.4448726177215576
fold5,441_v4_1_content_danrludwig_perfect_number_perfect_number_code.py_cleaned.png,1,1,0.3236931562423706,0.6763068437576294
fold5,1077_33_content_arbitraryrw_dijkstras_algorithm_main.py_cleaned.png,0,0,0.9218048304319382,0.07819516956806183
fold5,1107_v4_3_content_harisrkhan7_FloydWarshallAlgorithmParallelisation_goodgraph.py_cleaned.png,1,1,0.19832342863082886,0.8016765713691711
fold5,1402_44_content_yeroc-sebrof_DHE_Demos_Example1_DHE.py_cleaned.png,0,0,0.7426086962223053,0.2573913037776947
fold5,2214_97_content_mjurk456_mini-snakes_pesel.py_cleaned.png,0,1,0.38652724027633667,0.6134727597236633
fold5,432_v4_1_content_ahmetax_trstop_trstop.py_cleaned.png,1,1,0.34489959478378296,0.655100405216217
fold5,683_22_content_sagarwani_Breaking-Diffie-Hellman_dl-brute.py_cleaned.png,0,0,0.6408787667751312,0.3591212332248688
fold5,405_v4_19_content_Haridut_Data-Mining-algorithms_Apriori.py_cleaned.png,1,1,0.180719792842865,0.819280207157135
fold5,1422_46_content_korayersin_python-aes_aes_crypto.py_cleaned.png,0,1,0.16350126266479492,0.8364987373352051
fold5,1331_v4_4_content_alex-rantos_Project-1-Search-in-Pacman_ghostAgents.py_cleaned.png,1,1,0.3666975498199463,0.6333024501800537
fold5,614_v4_23_content_AndreasChatz_factorial_prime_swing.py_cleaned.png,1,1,0.34484541416168213,0.6551545858383179
fold5,445_18_content_zach010_PrimeOptimus_Prime.py_cleaned.png,0,1,0.1734561324119568,0.8265438675880432
fold5,1797_67_content_kevinrizki1019_face-recognition_main.py_cleaned.png,0,1,0.4571015238761902,0.5428984761238098
fold5,1220_v4_41_content_sweeneyde_IndexedHeap_dijkstra.py_cleaned.png,1,1,0.3749438524246216,0.6250561475753784
fold5,1407_45_content_ilkayDevran_Analysis_of_Sorting_Algorithms_pyplot.py_cleaned.png,0,0,0.8316058069467545,0.16839419305324554
fold5,1072_v4_39_content_guneskaan_queueBot_queue_bot.py_cleaned.png,1,1,0.43085354566574097,0.569146454334259
fold5,2108_88_content_andreaestrada_mazecrawler_powerupPiles.py_cleaned.png,0,1,0.25227952003479004,0.74772047996521
fold5,1227_3_content_dlohith_text-similarity_run.py_cleaned.png,0,1,0.4619463086128235,0.5380536913871765
fold5,1004_v4_35_content_darkhark_AverageNFLSafetyHeight_CalculateAverageSafetyHeight.py_cleaned.png,1,0,0.5269032418727875,0.4730967581272125
fold5,2254_9_content_ludmal_knn_knn.py_cleaned.png,0,0,0.6359924674034119,0.36400753259658813
fold5,701_v4_25_content_naveenpvg3_Comparative-Analysis-of-Elliptic-and-Hessian-curve-cryptography_comgra.py_cleaned.png,1,0,0.6568520665168762,0.3431479334831238
fold5,1786_v4_7_content_DMDarkness_Data-mining_Example_pyfpgrowth_fp2ar.py_cleaned.png,1,0,0.7636013776063919,0.2363986223936081
fold5,1994_7_content_kanthagirish-rit_lcs-project_datagen.py_cleaned.png,0,1,0.3923547863960266,0.6076452136039734
fold5,1991_7_content_JaysonBH_Out-Of-Queue-Bot_app.py_cleaned.png,0,1,0.40251272916793823,0.5974872708320618
fold5,381_v4_18_content_ronak-07_Agglomerative-Hierarchical-Clustering_Agglomerative.py_cleaned.png,1,1,0.13077986240386963,0.8692201375961304
fold5,2220_98_content_plagache_linear_regression_graph.py_cleaned.png,0,0,0.8867514505982399,0.1132485494017601
fold5,1289_v4_46_content_Ritikgarg1773_Implementing-Linear-and-Logistic-regression-from-scratch_test.py_cleaned.png,1,1,0.49183863401412964,0.5081613659858704
fold5,1116_v4_3_content_iykadev_pyalgo_babil_square_root.py_cleaned.png,1,1,0.43242156505584717,0.5675784349441528
fold5,1589_v4_62_content_wang2226_Clustering_k-means_plot.py_cleaned.png,1,1,0.3208577632904053,0.6791422367095947
fold5,994_v4_34_content_jcvasquezc_AEspeech_CAE.py_cleaned.png,1,1,0.23611575365066528,0.7638842463493347
fold5,358_16_content_RachnaRajput_Apriori_Algorithm_Rachna_Rajput_son_phase2.py_cleaned.png,0,0,0.5941220223903656,0.4058779776096344
fold5,544_v4_20_content_ndodson_Cosine-Similarity_plotDataStream.py_cleaned.png,1,1,0.34832948446273804,0.651670515537262
fold5,997_2_content_siddhi47_median_calculator_median_calculator.py_cleaned.png,0,1,0.3868343234062195,0.6131656765937805
fold5,1522_v4_5_content_chriskbwong_quickSort_quickSort.py_cleaned.png,1,1,0.40533798933029175,0.5946620106697083
fold5,80_11_content_davedennis_DFS-and-BFS-Search_dfbf.py_cleaned.png,0,0,0.8786402121186256,0.12135978788137436
fold5,577_v4_21_content_sagar-13_PuzzleSolver_puzzle_tools.py_cleaned.png,1,0,0.6014817953109741,0.3985182046890259
fold5,1070_32_content_prakashsellathurai_OPTICAL_CHARACTER_RECOGNITION_PossibleChar.py_cleaned.png,0,1,0.4488564729690552,0.5511435270309448
fold5,609_v4_23_content_abdullahwaqar_docsearx_pdf_reader.py_cleaned.png,1,0,0.6509694755077362,0.3490305244922638
fold5,1766_64_content_AhmadMamduhh_Data-Mining-Project_visualizer.py_cleaned.png,0,1,0.4007832407951355,0.5992167592048645
fold5,2106_87_content_avsprashant_webScraping_Scrapper.py_cleaned.png,0,0,0.8821238800883293,0.11787611991167068
fold5,571_v4_21_content_philippgovernale_dijkstrapy_getchar.py_cleaned.png,1,1,0.37499213218688965,0.6250078678131104
fold5,799_v4_29_content_gdkat_Recursive-DNS-Client-Server-Communication_rs.py_cleaned.png,1,1,0.3171612024307251,0.6828387975692749
fold5,1584_v4_62_content_jkassis87_QueScreenDataExtractor_qsde.py_cleaned.png,1,1,0.17174232006072998,0.82825767993927
fold5,1251_3_content_iykadev_pyalgo_fast_fourier_transform.py_cleaned.png,0,1,0.4861505627632141,0.5138494372367859
fold5,210_13_content_Odarlie_fizz_buzz_programming_logic_andelab_fizz_buzz_bootcamp_function.py_cleaned.png,0,0,0.5953218936920166,0.4046781063079834
fold5,1658_v4_6_content_gauravpatle_Data-Analysis-of-IMDB-Users_DataPreprocessing.py_cleaned.png,1,1,0.4835006594657898,0.5164993405342102
fold5,1259_v4_44_content_Ian-OBrien-503_sort_analysis_selection_sort.py_cleaned.png,1,1,0.25218743085861206,0.7478125691413879
fold5,1651_59_content_nicolaschen1_SortingAlgorithms_sortingAlgorithms.py_cleaned.png,0,0,0.8210322111845016,0.17896778881549835
fold5,1760_v4_79_content_eochandler_ML-Linear-Reg-Bin-Class_generateSyntheticDataForBinaryClassification.py_cleaned.png,1,1,0.2340264916419983,0.7659735083580017
fold5,1153_v4_3_content_KirillGordievich_Bubble_Sort_Visualization_colors.py_cleaned.png,1,0,0.6998907327651978,0.30010926723480225
fold5,419_18_content_cteters_Minimum-spanning-tree_kruskal.py_cleaned.png,0,0,0.5758697390556335,0.42413026094436646
fold5,697_v4_25_content_DrMMZ_Attack-Diffie-Hellman_AttackDH.py_cleaned.png,1,1,0.2407233715057373,0.7592766284942627
fold5,375_17_content_AnirbanMajumder_Topic-Modeling-using-LDA_Topic_Modeling_using_LDA.py_cleaned.png,0,1,0.4058927893638611,0.5941072106361389
fold5,816_v4_29_content_vbelz_Lyrics_classifier_main.py_cleaned.png,1,1,0.15902525186538696,0.840974748134613
fold5,714_23_content_mpgiii_binarysearchtree_unittests.py_cleaned.png,0,1,0.29761654138565063,0.7023834586143494
fold5,1739_60_content_winnie9197_The-Coding-School-projects_mini-game.py_cleaned.png,0,1,0.3726685643196106,0.6273314356803894
fold5,1458_v4_56_content_jlucartc_Polynomial-Regression_regressao.py_cleaned.png,1,1,0.36262232065200806,0.6373776793479919
fold5,798_25_content_surbhisinghal_Binary-Tree-leftchild-rightsib_tree.py_cleaned.png,0,1,0.4029948115348816,0.5970051884651184
fold5,1318_40_content_ajh1143_BinarySearchTreePractice_BST.py_cleaned.png,0,0,0.8905576169490814,0.10944238305091858
fold5,1745_v4_76_content_sylvain-reynaud_projet-voltaire-solver_projetvoltairesolver.py_cleaned.png,1,1,0.2858922481536865,0.7141077518463135
fold5,1221_v4_41_content_Titash21_Python-Representation-of-LinkedList_linkledistDelete.py_cleaned.png,1,1,0.41388630867004395,0.586113691329956
fold5,1578_52_content_NYU-Molecular-Pathology_queue-stats_qstats.py_cleaned.png,0,1,0.3095204830169678,0.6904795169830322
fold5,1765_64_content_AhmadMamduhh_Data-Mining-Project_main.py_cleaned.png,0,1,0.19209325313568115,0.8079067468643188
fold5,1394_v4_51_content_adityapatelgithub_Expressions-and-Functions_evalpostfix.py_cleaned.png,1,1,0.3018079996109009,0.6981920003890991
fold5,1854_v4_81_content_AndreaG93_BST-Lazy-Deletion_binarySearchTreeLazyDeletionAVL.py_cleaned.png,1,0,0.5002227127552032,0.49977728724479675
fold5,256_v4_15_content_MubasharSardar_Multipurpose-Gui-App-python_Projectpart2revice.py_cleaned.png,1,1,0.3155851364135742,0.6844148635864258
fold5,10_10_content_analyticsbot_document-similarity_document_similarity_WMD.py_cleaned.png,0,0,0.8979135900735855,0.10208640992641449
fold5,867_28_content_kimdanny_HeapSort-and-QuickSort-Comparison_quicksort.py_cleaned.png,0,1,0.4779982566833496,0.5220017433166504
fold5,946_v4_31_content_tobymyers_codingthematrix_gaussian_examples.py_cleaned.png,1,0,0.6368300020694733,0.36316999793052673
