file,label,set,group,group_key,cv_fold
10_content_Chinmay-395_AES-algorithm-using-GUI_CNSmini1.py.txt,0,train,0,chinmay-395_aes-algorithm-using-gui_cnsmini1,3
15_content_Dhruv-Panchal_AES_socket_GUI_decryptor.py.txt,0,train,1,dhruv-panchal_aes_socket_gui_decryptor,3
17_content_bickyeric_steganography_lsb.py.txt,0,train,2,bickyeric_steganography_lsb,1
18_content_deeptavker_Vortex_Spin_Down_post_proc_TVF.py.txt,0,train,3,deeptavker_vortex_spin_down_post_proc_tvf,4
22_content_SivaRanjan17_AES-Multi-Client-Chat-System_client.py.txt,0,train,4,sivaranjan17_aes-multi-client-chat-system_client,3
22_content_SivaRanjan17_AES-Multi-Client-Chat-System_server.py.txt,0,train,5,sivaranjan17_aes-multi-client-chat-system_server,5
24_content_clxmente_Python-Password-Manager_main.py.txt,0,train,6,clxmente_python-password-manager_main,2
26_content_BroadbentT_BASE64-AES_base64-aes_cbc.py.txt,0,train,7,broadbentt_base64-aes_base64-aes_cbc,1
26_content_BroadbentT_BASE64-AES_base64-aes_ecb.py.txt,0,train,7,broadbentt_base64-aes_base64-aes_ecb,1
27_content_yilangpeng_computational-aesthetics_edge.py.txt,0,train,8,yilangpeng_computational-aesthetics_edge,4
29_content_diego95root_CryptoAttacks_MD4.py.txt,0,train,9,diego95root_cryptoattacks_md4,3
29_content_diego95root_CryptoAttacks_serverHMAC.py.txt,0,train,10,diego95root_cryptoattacks_serverhmac,5
30_content_KOUGD7_Implementation-of-Cryptographic_simplified_AES.py.txt,0,train,11,kougd7_implementation-of-cryptographic_simplified_aes,2
33_content_IMIO_extraschool_extraschool_qrcodes_wizard.py.txt,0,train,12,imio_extraschool_extraschool_qrcodes_wizard,1
34_content_jcvasquezc_AEspeech_CAE.py.txt,0,train,13,jcvasquezc_aespeech_cae,3
36_content_denniszj_crawler_comment.py.txt,0,train,14,denniszj_crawler_comment,4
37_content_fujiokayu_tiny_encryptor_tiny_encryptor.py.txt,0,train,15,fujiokayu_tiny_encryptor_tiny_encryptor,3
39_content_RagibZaman_pokemon-autoencoder_test_models.py.txt,0,train,16,ragibzaman_pokemon-autoencoder_test_models,5
43_content_PetePrattis_Advanced-Encryption-Standard-for-credit-card-number_AES.py.txt,0,train,17,peteprattis_advanced-encryption-standard-for-credit-card-number_aes,2
45_content_absu5530_cnn_pos_experiments_results.py.txt,0,test,18,absu5530_cnn_pos_experiments_results,0
46_content_korayersin_python-aes_aes_crypto.py.txt,0,train,19,korayersin_python-aes_aes_crypto,1
46_content_parubalo_AES_binary_encrypt_decrypt_binary.py.txt,0,train,20,parubalo_aes_binary_encrypt_decrypt_binary,4
49_content_michael-ayako_AES-Encryption_bitshift.py.txt,0,train,21,michael-ayako_aes-encryption_bitshift,3
49_content_michael-ayako_AES-Encryption_EncDec.py.txt,0,train,22,michael-ayako_aes-encryption_encdec,5
49_content_michael-ayako_AES-Encryption_util.py.txt,0,train,23,michael-ayako_aes-encryption_util,2
4_content_offsecginger_PythonAESObfuscate_python_x86_template.py.txt,0,val,24,offsecginger_pythonaesobfuscate_python_x86_template,1
50_content_bharavi15_FileEncrypter_FileEncrypter.py.txt,0,test,25,bharavi15_fileencrypter_fileencrypter,0
58_content_dunglq2000_chatbox-encrypt_client.py.txt,0,train,26,dunglq2000_chatbox-encrypt_client,4
59_content_Arouck_AES-python_aes.py.txt,0,train,27,arouck_aes-python_aes,3
5_content_LuttaKing_AES-style-Encryptor-Decryptor_encryptorGUI.py.txt,0,train,28,luttaking_aes-style-encryptor-decryptor_encryptorgui,5
61_content_arthurgsf_BuscaAEstrela_main.py.txt,0,test,29,arthurgsf_buscaaestrela_main,0
64_content_Achint08_aws-kms-with-aes-encryption_encrypt.py.txt,0,train,30,achint08_aws-kms-with-aes-encryption_encrypt,2
64_content_nichtsen_symk-fcrypto_ficrypto.py.txt,0,train,31,nichtsen_symk-fcrypto_ficrypto,1
65_content_burak-gunay_AES_encryption_hw2.py.txt,0,val,32,burak-gunay_aes_encryption_hw2,4
67_content_wishuhere_AES-encryption-by-python_encrypt.py.txt,0,val,33,wishuhere_aes-encryption-by-python_encrypt,3
67_content_wishuhere_AES-encryption-by-python_very_sign.py.txt,0,train,34,wishuhere_aes-encryption-by-python_very_sign,1
6_content_gabrielmbmb_aes_crypt.py.txt,0,val,35,gabrielmbmb_aes_crypt,5
70_content_RamBourn_AES-Encrypt_test.py.txt,0,train,36,rambourn_aes-encrypt_test,2
71_content_Coldayftw_AES-CTR_test.py.txt,0,train,37,coldayftw_aes-ctr_test,1
73_content_itsbharatsaini_ghostPy--an-Encryption-and-Decryption-Tool_decrypting_file.py.txt,0,train,38,itsbharatsaini_ghostpy--an-encryption-and-decryption-tool_decrypting_file,4
73_content_itsbharatsaini_ghostPy--an-Encryption-and-Decryption-Tool_encrypting_file.py.txt,0,train,39,itsbharatsaini_ghostpy--an-encryption-and-decryption-tool_encrypting_file,3
76_content_sarthak1598_PyRAT-Remote-Administration-Tool-TROJAN-_attacker_side.py.txt,0,train,40,sarthak1598_pyrat-remote-administration-tool-trojan-_attacker_side,5
79_content_Marco-Christiani_AES-Encryption_cipher.py.txt,0,train,41,marco-christiani_aes-encryption_cipher,2
7_content_denisyarats_pytorch_sac_ae_decoder.py.txt,0,train,42,denisyarats_pytorch_sac_ae_decoder,1
7_content_git-remove_CBC-and-CTR-Decipher_decipher.py.txt,0,train,43,git-remove_cbc-and-ctr-decipher_decipher,4
81_content_tqre_AESexercise_MixColumns.py.txt,0,test,44,tqre_aesexercise_mixcolumns,0
84_content_NickKessidis_Advanced-Encryption-Standards___main__.py.txt,0,train,45,nickkessidis_advanced-encryption-standards___main__,3
8_content_gordon636798_DiffieHellman-AES_DiffieHellman_AES.py.txt,0,train,46,gordon636798_diffiehellman-aes_diffiehellman_aes,5
92_content_punk12321_AES-chat_cipher.py.txt,0,train,47,punk12321_aes-chat_cipher,2
96_content_Iangecko_aes.py_easy_aes.py.txt,0,test,48,iangecko_aes,0
10_content_Ethan2018_Apriori_APRI.py.txt,0,val,49,ethan2018_apriori_apri,1
11_content_sidmishraw_cs-267-project_pdf_processing_demo.py.txt,0,val,50,sidmishraw_cs-267-project_pdf_processing_demo,4
12_content_rileyqi_Apriori-Algorithm-Python_apriori.py.txt,0,test,51,rileyqi_apriori-algorithm-python_apriori,0
13_content_bhavuk0909_Apriori_Bhavuk_apriori.py.txt,0,train,52,bhavuk0909_apriori_bhavuk_apriori,3
14_content_BalaMungala_GroceryRecommendations-Association_Market_Basket_Optimisation.py.txt,0,train,53,balamungala_groceryrecommendations-association_market_basket_optimisation,5
14_content_Dawlatly_Recommender-system_kmeans.py.txt,0,train,54,dawlatly_recommender-system_kmeans,2
14_content_Dawlatly_Recommender-system_manage.py.txt,0,val,55,dawlatly_recommender-system_manage,1
14_content_wiktorjl_algorithm-apriori_apriori.py.txt,0,test,56,wiktorjl_algorithm-apriori_apriori,0
15_content_DiptaGomes_Apriori-Association-Rule-Mining-_implementation.py.txt,0,train,57,diptagomes_apriori-association-rule-mining-_implementation,4
16_content_MostafAanwar_apirioriAlg_apriori.py.txt,0,train,58,mostafaanwar_apiriorialg_apriori,3
16_content_RachnaRajput_Apriori_Algorithm_Rachna_Rajput_son_phase2.py.txt,0,train,59,rachnarajput_apriori_algorithm_rachna_rajput_son_phase2,5
18_content_sudhanshugupta09_MS-Apriori_Algorithm_candidateGen.py.txt,0,train,60,sudhanshugupta09_ms-apriori_algorithm_candidategen,2
18_content_sudhanshugupta09_MS-Apriori_Algorithm_functions.py.txt,0,train,61,sudhanshugupta09_ms-apriori_algorithm_functions,1
19_content_Haridut_Data-Mining-algorithms_Apriori.py.txt,0,train,62,haridut_data-mining-algorithms_apriori,4
19_content_Haridut_Data-Mining-algorithms_Frag_shell.py.txt,0,val,63,haridut_data-mining-algorithms_frag_shell,5
19_content_mpiivonen_apriori-algorithm_parse.py.txt,0,train,64,mpiivonen_apriori-algorithm_parse,3
1_content_jiteshjha_Frequent-item-set-mining_dat2csv.py.txt,0,train,65,jiteshjha_frequent-item-set-mining_dat2csv,5
20_content_hugaofernandes_apriori_algorithm_main_SAD.py.txt,0,val,66,hugaofernandes_apriori_algorithm_main_sad,2
20_content_subhadeep-123_Apriori-on-Market-Basket_apriori.py.txt,0,test,67,subhadeep-123_apriori-on-market-basket_apriori,0
22_content_ayush-garg341_skill_recommendation_database.py.txt,0,train,68,ayush-garg341_skill_recommendation_database,1
22_content_ayush-garg341_skill_recommendation_preprocess.py.txt,0,test,69,ayush-garg341_skill_recommendation_preprocess,0
22_content_boneanxs_Apriori-Algorithm_Apriori.py.txt,0,test,70,boneanxs_apriori-algorithm_apriori,0
23_content_jsierp_apriori_apriori.py.txt,0,train,71,jsierp_apriori_apriori,4
25_content_aravindkanna_Implementation-of-Apriori-Algorithm_otherMethods.py.txt,0,train,72,aravindkanna_implementation-of-apriori-algorithm_othermethods,3
25_content_aravindkanna_Implementation-of-Apriori-Algorithm_project.py.txt,0,test,73,aravindkanna_implementation-of-apriori-algorithm_project,0
25_content_aravindkanna_Implementation-of-Apriori-Algorithm_Trie.py.txt,0,val,74,aravindkanna_implementation-of-apriori-algorithm_trie,5
26_content_PratikhyaManas_MarketBasketOptimisation_apriori.py.txt,0,train,75,pratikhyamanas_marketbasketoptimisation_apriori,2
26_content_RahulSingal_ProductRecommendations_HW1.py.txt,0,test,76,rahulsingal_productrecommendations_hw1,0
28_content_joswinkj_apriori_constants.py.txt,0,val,77,joswinkj_apriori_constants,1
29_content_ikravche_Apriori_Apriori.py.txt,0,train,78,ikravche_apriori_apriori,4
29_content_TheJaeLal_apriori_apriori.py.txt,0,val,79,thejaelal_apriori_apriori,3
2_content_kaushiksk_multi-time-interval-apriori_config.py.txt,0,train,80,kaushiksk_multi-time-interval-apriori_config,5
31_content_saharmilis_AprioriAlgorithm_algo-Server.py.txt,0,val,81,saharmilis_apriorialgorithm_algo-server,2
31_content_sayan-syn94_Apriori-Algorithm-implementation_apriory2.py.txt,0,val,82,sayan-syn94_apriori-algorithm-implementation_apriory2,1
32_content_AdarshRavikumar_Apriori-Algorithm_AprStub.py.txt,0,train,83,adarshravikumar_apriori-algorithm_aprstub,4
32_content_sainathGit_rulemining-for-marketbasket_main.py.txt,0,test,84,sainathgit_rulemining-for-marketbasket_main,0
32_content_thingscouldbeworse_apriori_KirkApriori.py.txt,0,train,85,thingscouldbeworse_apriori_kirkapriori,3
3_content_ravinderiiit_Market-Basket-Optimisation-by-apriori-Algorithm_apriori.py.txt,0,val,86,ravinderiiit_market-basket-optimisation-by-apriori-algorithm_apriori,5
5_content_aaronzira_apriori_miner.py.txt,0,train,87,aaronzira_apriori_miner,2
7_content_akshattrivedi_IT-Sales-With-Recommendation-System_manage.py.txt,0,train,88,akshattrivedi_it-sales-with-recommendation-system_manage,1
7_content_DMDarkness_Data-mining_Example_pyarmga.py.txt,0,val,89,dmdarkness_data-mining_example_pyarmga,4
7_content_DMDarkness_Data-mining_Example_pybpsohd.py.txt,0,train,90,dmdarkness_data-mining_example_pybpsohd,3
7_content_DMDarkness_Data-mining_Example_pyclt_fp2ar.py.txt,0,val,91,dmdarkness_data-mining_example_pyclt_fp2ar,5
7_content_DMDarkness_Data-mining_Example_pyfpgrowth_fp2ar.py.txt,0,train,92,dmdarkness_data-mining_example_pyfpgrowth_fp2ar,2
7_content_DMDarkness_Data-mining_fp2ar.py.txt,0,train,93,dmdarkness_data-mining_fp2ar,1
8_content_BhushanVM_Market-Basker-Analyzer_son_spark.py.txt,0,train,94,bhushanvm_market-basker-analyzer_son_spark,4
8_content_Shreyaskulkarni98_MarketAnalysis_Basic_Main.py.txt,0,train,95,shreyaskulkarni98_marketanalysis_basic_main,3
9_content_fritzwill_apriori-algorithm_apriori.py.txt,0,test,96,fritzwill_apriori-algorithm_apriori,0
9_content_jeffwang0516_Frequent-Itemset-Mining_apriori.py.txt,0,train,97,jeffwang0516_frequent-itemset-mining_apriori,5
9_content_jeffwang0516_Frequent-Itemset-Mining_eclat.py.txt,0,train,98,jeffwang0516_frequent-itemset-mining_eclat,2
1_content_sadnessFree_arima-lstm_arima-order.py.txt,0,train,99,sadnessfree_arima-lstm_arima-order,1
1_content_sadnessFree_arima-lstm_arima.py.txt,0,test,100,sadnessfree_arima-lstm_arima,0
1_content_sadnessFree_arima-lstm_data_review.py.txt,0,train,101,sadnessfree_arima-lstm_data_review,4
1_content_sadnessFree_arima-lstm_muilt_lstm.py.txt,0,train,102,sadnessfree_arima-lstm_muilt_lstm,3
1_content_sadnessFree_arima-lstm_svr.py.txt,0,train,103,sadnessfree_arima-lstm_svr,5
2_content_polyphilz_pricing-weather-derivatives_clean_data.py.txt,0,train,104,polyphilz_pricing-weather-derivatives_clean_data,2
2_content_varun10221_ARIMA-model_s_and_p.py.txt,0,train,105,varun10221_arima-model_s_and_p,1
10_content_ElizabethRosse_Algoritmo-Bellman-Ford_BellmanFordAlgorithm.py.txt,0,train,106,elizabethrosse_algoritmo-bellman-ford_bellmanfordalgorithm,4
11_content_po-oya_Emulated-Bellman-Ford-Algorithm_Router1.py.txt,0,train,107,po-oya_emulated-bellman-ford-algorithm_router1,3
11_content_po-oya_Emulated-Bellman-Ford-Algorithm_Router2.py.txt,0,train,108,po-oya_emulated-bellman-ford-algorithm_router2,5
12_content_anapandza_ComputerNetworks_Bellman-Ford.py.txt,0,test,109,anapandza_computernetworks_bellman-ford,0
12_content_anapandza_ComputerNetworks_Binary_Division.py.txt,0,train,110,anapandza_computernetworks_binary_division,2
12_content_anapandza_ComputerNetworks_CRC-32.py.txt,0,test,111,anapandza_computernetworks_crc-32,0
12_content_anapandza_ComputerNetworks_Dijkstra.py.txt,0,train,112,anapandza_computernetworks_dijkstra,1
12_content_Cy1614_Bellman-Ford_Project2_Bellman-Ford.py.txt,0,train,113,cy1614_bellman-ford_project2_bellman-ford,4
13_content_Thejaswini-Dev_Bellman-Ford_Bellman-ford.py.txt,0,train,114,thejaswini-dev_bellman-ford_bellman-ford,3
14_content_amanmehta-maniac_DistanceVectorRouting_or.py.txt,0,train,115,amanmehta-maniac_distancevectorrouting_or,5
16_content_geniousisme_PyRoute_Timer.py.txt,0,val,116,geniousisme_pyroute_timer,2
19_content_rohaanuv_Bellman-FOrd-Algorithm_algo.py.txt,0,val,117,rohaanuv_bellman-ford-algorithm_algo,1
1_content_dedeco_dijkstra-bellman-ford_bellman_ford.py.txt,0,train,118,dedeco_dijkstra-bellman-ford_bellman_ford,4
1_content_dedeco_dijkstra-bellman-ford_dijkstra.py.txt,0,train,119,dedeco_dijkstra-bellman-ford_dijkstra,5
1_content_dedeco_dijkstra-bellman-ford_grafo.py.txt,0,train,120,dedeco_dijkstra-bellman-ford_grafo,3
1_content_dedeco_dijkstra-bellman-ford_teste_cormen_bford.py.txt,0,train,121,dedeco_dijkstra-bellman-ford_teste_cormen_bford,2
1_content_dedeco_dijkstra-bellman-ford_teste_cormen_djt.py.txt,0,train,122,dedeco_dijkstra-bellman-ford_teste_cormen_djt,1
1_content_dedeco_dijkstra-bellman-ford_teste_lobo_bford.py.txt,0,train,123,dedeco_dijkstra-bellman-ford_teste_lobo_bford,4
1_content_dedeco_dijkstra-bellman-ford_teste_lobo_djt.py.txt,0,train,124,dedeco_dijkstra-bellman-ford_teste_lobo_djt,3
1_content_dedeco_dijkstra-bellman-ford_teste_proprio_bford.py.txt,0,train,125,dedeco_dijkstra-bellman-ford_teste_proprio_bford,5
1_content_dedeco_dijkstra-bellman-ford_teste_proprio_djt.py.txt,0,val,126,dedeco_dijkstra-bellman-ford_teste_proprio_djt,2
1_content_dedeco_dijkstra-bellman-ford_utils.py.txt,0,train,127,dedeco_dijkstra-bellman-ford_utils,1
1_content_dedeco_dijkstra-bellman-ford_vertice.py.txt,0,test,128,dedeco_dijkstra-bellman-ford_vertice,0
1_content_jwan659_forex-arbitrage_BellmanFord.py.txt,0,val,129,jwan659_forex-arbitrage_bellmanford,4
1_content_jwan659_forex-arbitrage_Edges.py.txt,0,train,130,jwan659_forex-arbitrage_edges,3
1_content_jwan659_forex-arbitrage_Main.py.txt,0,train,131,jwan659_forex-arbitrage_main,5
1_content_jwan659_forex-arbitrage_Vert.py.txt,0,train,132,jwan659_forex-arbitrage_vert,2
20_content_dyllew3_Currency-info_main.py.txt,0,val,133,dyllew3_currency-info_main,1
24_content_elllot_CurrencyArbitrage_Scraper.py.txt,0,test,134,elllot_currencyarbitrage_scraper,0
24_content_WangHaomao_Dijkstra_and_Bellman-Ford_data_operation.py.txt,0,test,135,wanghaomao_dijkstra_and_bellman-ford_data_operation,0
24_content_WangHaomao_Dijkstra_and_Bellman-Ford_pyspark_shortestpath.py.txt,0,train,136,wanghaomao_dijkstra_and_bellman-ford_pyspark_shortestpath,4
26_content_JNorrie12_Optimization_Bsc.py.txt,0,train,137,jnorrie12_optimization_bsc,3
2_content_cvwilliams_BellmanFord-Python_client.py.txt,0,train,138,cvwilliams_bellmanford-python_client,5
2_content_cvwilliams_BellmanFord-Python_server.py.txt,0,train,139,cvwilliams_bellmanford-python_server,2
2_content_ernestosanchezmatos_-BellmanFord_algoritmo_bellmanford.py.txt,0,val,140,ernestosanchezmatos_-bellmanford_algoritmo_bellmanford,1
2_content_ernestosanchezmatos_-BellmanFord_algoritmo_floywarshall.py.txt,0,train,141,ernestosanchezmatos_-bellmanford_algoritmo_floywarshall,4
31_content_sonicwu_Portfolio_bellman_ford.py.txt,0,train,142,sonicwu_portfolio_bellman_ford,3
33_content_liam-han_all-pairs-shortest-path_test.py.txt,0,val,143,liam-han_all-pairs-shortest-path_test,5
34_content_imAliAzhar_Distance-Vector-Routing-Protocol_readFile.py.txt,0,val,144,imaliazhar_distance-vector-routing-protocol_readfile,2
41_content_kerrgavin_Algorithms-Research-Project_graph.py.txt,0,train,145,kerrgavin_algorithms-research-project_graph,1
4_content_Khante_Distance-Vector-Algorithm_link_1.py.txt,0,train,146,khante_distance-vector-algorithm_link_1,4
4_content_Khante_Distance-Vector-Algorithm_link_2.py.txt,0,train,147,khante_distance-vector-algorithm_link_2,3
4_content_Khante_Distance-Vector-Algorithm_simulation_1.py.txt,0,val,148,khante_distance-vector-algorithm_simulation_1,5
4_content_Khante_Distance-Vector-Algorithm_simulation_2.py.txt,0,train,149,khante_distance-vector-algorithm_simulation_2,2
4_content_mtnyrgn_Bellman-Ford-Algorithm-with-Python_bellman-ford.py.txt,0,train,150,mtnyrgn_bellman-ford-algorithm-with-python_bellman-ford,1
6_content_mmcetindag_ShortestPathAlgorithms_bellman-ford.py.txt,0,train,151,mmcetindag_shortestpathalgorithms_bellman-ford,4
7_content_ardyerwanda_SDN-Bellman-Ford-Pyretic_wG_bellfordCost.py.txt,0,train,152,ardyerwanda_sdn-bellman-ford-pyretic_wg_bellfordcost,3
7_content_jimmygzp_bellman-ford_testserver.py.txt,0,train,153,jimmygzp_bellman-ford_testserver,5
9_content_avenezia_Arbitrage-detection_CurrencyExchange.py.txt,0,train,154,avenezia_arbitrage-detection_currencyexchange,2
9_content_avenezia_Arbitrage-detection_CurrencyExchangeReader.py.txt,0,val,155,avenezia_arbitrage-detection_currencyexchangereader,1
11_content_davedennis_DFS-and-BFS-Search_dfbf.py.txt,0,train,156,davedennis_dfs-and-bfs-search_dfbf,4
13_content_odiliohafidh_Pencarian-Rumahsakit-Terdekat-dengan-metode-dfs-dan-bfs-python-_cari_rumsakit.py.txt,0,test,157,odiliohafidh_pencarian-rumahsakit-terdekat-dengan-metode-dfs-dan-bfs-python-_cari_rumsakit,0
16_content_Deus1223_Pac-Man_ghostAgents.py.txt,0,train,158,deus1223_pac-man_ghostagents,3
16_content_Hmnt39_Snake-Automation-Using-AI_constants.py.txt,0,train,159,hmnt39_snake-automation-using-ai_constants,5
1_content_dimizisis_blocksworld_node.py.txt,0,train,160,dimizisis_blocksworld_node,2
1_content_minar09_bfscore_python_evaluate_single_image.py.txt,0,train,161,minar09_bfscore_python_evaluate_single_image,1
1_content_speix_8-puzzle-solver_state.py.txt,0,train,162,speix_8-puzzle-solver_state,4
21_content_PyEldar_PyMazeSolver_maze_solve.py.txt,0,train,163,pyeldar_pymazesolver_maze_solve,3
21_content_sagar-13_PuzzleSolver_puzzle_tools.py.txt,0,train,164,sagar-13_puzzlesolver_puzzle_tools,5
23_content_binaya07_8-puzzle_queue.py.txt,0,train,165,binaya07_8-puzzle_queue,5
23_content_binaya07_8-puzzle_stack.py.txt,0,train,166,binaya07_8-puzzle_stack,2
25_content_unifiprojects_TemporalGraphs_DFS-v1.py.txt,0,train,167,unifiprojects_temporalgraphs_dfs-v1,1
29_content_MEShufengRen_path_search_debug2.py.txt,0,test,168,meshufengren_path_search_debug2,0
2_content_Madeeha-Anjum_Box_Head_testing_BFS.py.txt,0,train,169,madeeha-anjum_box_head_testing_bfs,4
31_content_AmitD26_The-searching-pacman_projectParams.py.txt,0,train,170,amitd26_the-searching-pacman_projectparams,3
31_content_benarg_A_star-BFS-Dijkstra-algorithms_AI_assignment3_part2.py.txt,0,train,171,benarg_a_star-bfs-dijkstra-algorithms_ai_assignment3_part2,5
32_content_mahtabfarrokh_classic-search_Astar.py.txt,0,train,172,mahtabfarrokh_classic-search_astar,2
33_content_gquintela_bfs_graph.py.txt,0,test,173,gquintela_bfs_graph,0
33_content_Nazar910_chameleon-problem_state.py.txt,0,train,174,nazar910_chameleon-problem_state,1
38_content_SamDaQueen_Algorithms-In-Python_Binary_Search_O_log2n_.py.txt,0,train,175,samdaqueen_algorithms-in-python_binary_search_o_log2n_,4
3_content_akh5113_BFS-Wrestling-Teams_Homework5.py.txt,0,train,176,akh5113_bfs-wrestling-teams_homework5,3
3_content_rizkyary_BFS_BASE_BFS_BASE.py.txt,0,test,177,rizkyary_bfs_base_bfs_base,0
41_content_Daisy0828_Search_dgraph.py.txt,0,test,178,daisy0828_search_dgraph,0
43_content_odubno_ford-fulkerson-max-flow_test_max_flow.py.txt,0,test,179,odubno_ford-fulkerson-max-flow_test_max_flow,0
44_content_suzheng123_BFS_N-aryTreeLevel.py.txt,0,train,180,suzheng123_bfs_n-arytreelevel,5
4_content_alex-rantos_Project-1-Search-in-Pacman_ghostAgents.py.txt,0,train,181,alex-rantos_project-1-search-in-pacman_ghostagents,2
4_content_alex-rantos_Project-1-Search-in-Pacman_keyboardAgents.py.txt,0,train,182,alex-rantos_project-1-search-in-pacman_keyboardagents,1
4_content_alex-rantos_Project-1-Search-in-Pacman_projectParams.py.txt,0,train,183,alex-rantos_project-1-search-in-pacman_projectparams,4
4_content_SadraSamadi_n_queens_n_queens.py.txt,0,test,184,sadrasamadi_n_queens_n_queens,0
51_content_rrraharja_Kecerdasan-Buatan-AI_Project_DFS.py.txt,0,train,185,rrraharja_kecerdasan-buatan-ai_project_dfs,3
52_content_seanluo1_Arm-Link-AI_const.py.txt,0,train,186,seanluo1_arm-link-ai_const,5
53_content_ding-si-han_Flight-Length-BFS_graph.py.txt,0,train,187,ding-si-han_flight-length-bfs_graph,2
59_content_orzinger_8-Puzzle-game_World_State.py.txt,0,test,188,orzinger_8-puzzle-game_world_state,0
5_content_GregLahaye_wikipedia-game_game.py.txt,0,train,189,greglahaye_wikipedia-game_game,2
5_content_GregLahaye_wikipedia-game_wikipedia.py.txt,0,val,190,greglahaye_wikipedia-game_wikipedia,1
68_content_elados93_AI_Ex1_PuzzleState.py.txt,0,val,191,elados93_ai_ex1_puzzlestate,4
6_content_raghavgr_Go-Game_gridGo.py.txt,0,test,192,raghavgr_go-game_gridgo,0
6_content_sanjay-bhat_find_route_bfs_find_route.py.txt,0,train,193,sanjay-bhat_find_route_bfs_find_route,4
70_content_DimaAntoniuk_Lab4_bfs_bfs.py.txt,0,train,194,dimaantoniuk_lab4_bfs_bfs,2
75_content_maxilevi_airport-system_graph.py.txt,0,train,195,maxilevi_airport-system_graph,5
7_content_gchacaltana_BreadthFirstSearch_DepthFirstSearch_UninformedSearchAlgorithm.py.txt,0,test,196,gchacaltana_breadthfirstsearch_depthfirstsearch_uninformedsearchalgorithm,0
7_content_mhkhojaste_sliding-puzzle-with-search-algorithms_Problem.py.txt,0,train,197,mhkhojaste_sliding-puzzle-with-search-algorithms_problem,3
7_content_rmssoares_8Puzzle-StateSpaceSearches_node.py.txt,0,val,198,rmssoares_8puzzle-statespacesearches_node,2
82_content_Xalvom_python-bfs-dfs_bfs.py.txt,0,train,199,xalvom_python-bfs-dfs_bfs,1
86_content_ThiagoGrabe_Min_Cut-Graphs_BFS.py.txt,0,train,200,thiagograbe_min_cut-graphs_bfs,4
8_content_aboood40091_BFSTM-to-BFWAV_conv.py.txt,0,train,201,aboood40091_bfstm-to-bfwav_conv,3
8_content_abpaudel_8-puzzle_board.py.txt,0,train,202,abpaudel_8-puzzle_board,5
8_content_abpaudel_8-puzzle_iddfs.py.txt,0,val,203,abpaudel_8-puzzle_iddfs,2
8_content_haozou-official_DFS-BFS-in-Maze_myqueue.py.txt,0,train,204,haozou-official_dfs-bfs-in-maze_myqueue,1
92_content_tule2236_superheros-social-graph_degrees-of-seperation.py.txt,0,train,205,tule2236_superheros-social-graph_degrees-of-seperation,4
12_content_eric-erki_Out-of-Core-DataFrames-for-Python-visualize-and-explore-big-tabular-data-at-a-billion-rows-per-seco_.releash.py.txt,0,train,206,eric-erki_out-of-core-dataframes-for-python-visualize-and-explore-big-tabular-data-at-a-billion-rows-per-seco_.releash,3
16_content_hungapp_big_o_01-29-HW.py.txt,0,train,207,hungapp_big_o_01-29-hw,5
16_content_hungapp_big_o_06-09.py.txt,0,test,208,hungapp_big_o_06-09,0
16_content_hungapp_big_o_09-04.py.txt,0,train,209,hungapp_big_o_09-04,3
17_content_Selentiym_bigHWonOrderedSets_hw3.py.txt,0,train,210,selentiym_bighwonorderedsets_hw3,2
17_content_y00273676_O2O_ERP_Server_app.py.txt,0,test,211,y00273676_o2o_erp_server_app,0
19_content_Shooobz_BigData-ProjectOne_mongoSandbox.py.txt,0,train,212,shooobz_bigdata-projectone_mongosandbox,1
1_content_DaruniasJoy_OoT-Custom-Sequences_Check_for_Duplicates.py.txt,0,train,213,daruniasjoy_oot-custom-sequences_check_for_duplicates,4
21_content_rahul494_Mental-Health-On-Twitter-Analysis_relevant_tweet_filter.py.txt,0,train,214,rahul494_mental-health-on-twitter-analysis_relevant_tweet_filter,5
21_content_rahul494_Mental-Health-On-Twitter-Analysis_sorter.py.txt,0,train,215,rahul494_mental-health-on-twitter-analysis_sorter,3
22_content_EmperorCodeman_SortingAlgorithms_EntryPoint.py.txt,0,train,216,emperorcodeman_sortingalgorithms_entrypoint,2
22_content_Swapnillokhande_Sales-Prediction-of-a-Supermarket-chain_Exploratory_Data_Analysis.py.txt,0,val,217,swapnillokhande_sales-prediction-of-a-supermarket-chain_exploratory_data_analysis,1
24_content_MuyaoWang_OnePlusTwo-BigData_PostProcessForReport.py.txt,0,test,218,muyaowang_oneplustwo-bigdata_postprocessforreport,0
24_content_UZziell_bigO-estimate_gui.py.txt,0,train,219,uzziell_bigo-estimate_gui,4
26_content_Emersonxuelinux_One_Big_Archive_Listing_10-1.py.txt,0,train,220,emersonxuelinux_one_big_archive_listing_10-1,3
26_content_Emersonxuelinux_One_Big_Archive_Listing_18-2.py.txt,0,val,221,emersonxuelinux_one_big_archive_listing_18-2,5
26_content_Emersonxuelinux_One_Big_Archive_Listing_8-4.py.txt,0,train,222,emersonxuelinux_one_big_archive_listing_8-4,2
26_content_Emersonxuelinux_One_Big_Archive_TempGui.rsrc.py.txt,0,train,223,emersonxuelinux_one_big_archive_tempgui.rsrc,1
26_content_Emersonxuelinux_One_Big_Archive_VirtualPet.py.txt,0,train,224,emersonxuelinux_one_big_archive_virtualpet,4
2_content_anrputina_OutlierDenStream-BigDama18_readGroundTruth.py.txt,0,train,225,anrputina_outlierdenstream-bigdama18_readgroundtruth,5
30_content_sdws1983_The-big-data-OF-The-Plant-Cell_calculate-author.py.txt,0,train,226,sdws1983_the-big-data-of-the-plant-cell_calculate-author,3
30_content_sdws1983_The-big-data-OF-The-Plant-Cell_parse-abstract.py.txt,0,val,227,sdws1983_the-big-data-of-the-plant-cell_parse-abstract,5
32_content_jtuckerk_oscar_prediction_full_featureset_prediction.py.txt,0,train,228,jtuckerk_oscar_prediction_full_featureset_prediction,2
32_content_jtuckerk_oscar_prediction_imdb_data_create.py.txt,0,test,229,jtuckerk_oscar_prediction_imdb_data_create,0
35_content_ankitsejwal_organize-folder_organize.py.txt,0,val,230,ankitsejwal_organize-folder_organize,1
39_content_ercjns_WinOfTheDay_toolbox.py.txt,0,test,231,ercjns_winoftheday_toolbox,0
3_content_Sapphirine_Detecting-and-Predicting-the-Impact-of-Events_calc_train_anamoly_10ile-Copy5.py.txt,0,train,232,sapphirine_detecting-and-predicting-the-impact-of-events_calc_train_anamoly_10ile-copy5,4
4_content_mast-group_OpenVocabCodeNLM_create_subtoken_data.py.txt,0,test,233,mast-group_openvocabcodenlm_create_subtoken_data,0
51_content_rrnarayan1_one-big-thing-backend_app.py.txt,0,train,234,rrnarayan1_one-big-thing-backend_app,3
52_content_PhaniBalagam27_Big-data-Analytics-on-dallas-police-incidents-dataset_Q5_code.py.txt,0,train,235,phanibalagam27_big-data-analytics-on-dallas-police-incidents-dataset_q5_code,3
54_content_wilrnh_oneoffs_file2mail.py.txt,0,train,236,wilrnh_oneoffs_file2mail,5
56_content_lijionline_Big-Data---Hands-On_movie-similarities-1m.py.txt,0,train,237,lijionline_big-data---hands-on_movie-similarities-1m,2
5_content_anguillanneuf_bigO_02_linked_list.py.txt,0,train,238,anguillanneuf_bigo_02_linked_list,3
5_content_anguillanneuf_bigO_106_sudoku.py.txt,0,val,239,anguillanneuf_bigo_106_sudoku,4
5_content_anguillanneuf_bigO_128_text_to_lines.py.txt,0,test,240,anguillanneuf_bigo_128_text_to_lines,0
5_content_anguillanneuf_bigO_17_island_count.py.txt,0,train,241,anguillanneuf_bigo_17_island_count,1
5_content_anguillanneuf_bigO_28_valid_bst.py.txt,0,train,242,anguillanneuf_bigo_28_valid_bst,2
5_content_anguillanneuf_bigO_38_rabin_karp.py.txt,0,train,243,anguillanneuf_bigo_38_rabin_karp,4
5_content_anguillanneuf_bigO_54_fix_tampered_bst_efficient.py.txt,0,train,244,anguillanneuf_bigo_54_fix_tampered_bst_efficient,3
5_content_anguillanneuf_bigO_76_longest_subsequence.py.txt,0,train,245,anguillanneuf_bigo_76_longest_subsequence,5
5_content_anguillanneuf_bigO_89_license_plate.py.txt,0,train,246,anguillanneuf_bigo_89_license_plate,2
5_content_wiflore_Data-Lakes-on-AWS_etl.py.txt,0,test,247,wiflore_data-lakes-on-aws_etl,0
65_content_pratikbitmesra_BID_bin_cluster.py.txt,0,val,248,pratikbitmesra_bid_bin_cluster,1
66_content_SanyaKathuria10_StackOverflow-Keyword-Extraction-System_spark.py.txt,0,val,249,sanyakathuria10_stackoverflow-keyword-extraction-system_spark,4
6_content_gauravpatle_Data-Analysis-of-IMDB-Users_DataPreprocessing.py.txt,0,val,250,gauravpatle_data-analysis-of-imdb-users_datapreprocessing,5
76_content_yingtaoluo_Latent-Factor-Model-with-JIT-CUDA-on-movielens_predict.py.txt,0,test,251,yingtaoluo_latent-factor-model-with-jit-cuda-on-movielens_predict,0
7_content_PotatoSpudowski_The-centralized-guide-to-distributed-storage-and-processing-of-big-data_13_makerspace_analysis.py.txt,0,test,252,potatospudowski_the-centralized-guide-to-distributed-storage-and-processing-of-big-data_13_makerspace_analysis,0
80_content_hanas879_Payday-2-Big-Oil-Engine-Calculator_engineCalculator.py.txt,0,train,253,hanas879_payday-2-big-oil-engine-calculator_enginecalculator,3
85_content_leandrocamara_map-reduce-words-higher-occurrence_words-higher-occurrence.py.txt,0,test,254,leandrocamara_map-reduce-words-higher-occurrence_words-higher-occurrence,0
10_content_circulosmeos_haveibeenpwned-binary_pwned-pass-binary-fast.py.txt,0,train,255,circulosmeos_haveibeenpwned-binary_pwned-pass-binary-fast,2
10_content_gochieng_BinarySearch_test.py.txt,0,train,256,gochieng_binarysearch_test,1
10_content_ivanbgd_Self-Balancing-Binary-Search-Trees_Test_BST_Iterative.py.txt,0,train,257,ivanbgd_self-balancing-binary-search-trees_test_bst_iterative,4
11_content_mrluin_EfficientAutoDeeplab_evaluation.py.txt,0,train,258,mrluin_efficientautodeeplab_evaluation,3
11_content_mrluin_EfficientAutoDeeplab_train_counter_network.py.txt,0,test,259,mrluin_efficientautodeeplab_train_counter_network,0
11_content_sergiy-chumachenko_Lists_sorting_and_binary_search_sort_BSCL.py.txt,0,val,260,sergiy-chumachenko_lists_sorting_and_binary_search_sort_bscl,5
15_content_Areege_Binary-and-Trinary-Search-Trees_SourceCode.py.txt,0,train,261,areege_binary-and-trinary-search-trees_sourcecode,2
19_content_BhargavAllarapu_Binary-Search-tree_binarySearchTree.py.txt,0,val,262,bhargavallarapu_binary-search-tree_binarysearchtree,1
19_content_riccardobisori_Binary-Trees_TestHeights.py.txt,0,train,263,riccardobisori_binary-trees_testheights,4
1_content_chonhenry_binary-search-tree_binary_search_tree.py.txt,0,train,264,chonhenry_binary-search-tree_binary_search_tree,3
1_content_SICTC_BST_BinSearchTree.py.txt,0,train,265,sictc_bst_binsearchtree,5
20_content_shamo0_Binary_Search_Tree_treap.py.txt,0,train,266,shamo0_binary_search_tree_treap,2
22_content_N8Brooks_lcs_hash_search_lcs_finder.py.txt,0,train,267,n8brooks_lcs_hash_search_lcs_finder,1
22_content_N8Brooks_lcs_hash_search_parallel_hash_search.py.txt,0,train,268,n8brooks_lcs_hash_search_parallel_hash_search,4
24_content_Patrik-Stas_kata-bst-tree_bst_ll.py.txt,0,train,269,patrik-stas_kata-bst-tree_bst_ll,3
27_content_Mypathissional_Data_Structures_AVL.py.txt,0,train,270,mypathissional_data_structures_avl,5
28_content_pranav94_Self-balancing-BST_AVL.py.txt,0,train,271,pranav94_self-balancing-bst_avl,2
29_content_udwivedi394_binarySearchTree_binarySearchTree.py.txt,0,train,272,udwivedi394_binarysearchtree_binarysearchtree,1
2_content_nuchi_bst-matrix-vector_bst_vector.py.txt,0,val,273,nuchi_bst-matrix-vector_bst_vector,4
31_content_aghimire15_Project2_DataStructure_ICP5_2_.py.txt,0,train,274,aghimire15_project2_datastructure_icp5_2_,5
31_content_sheffieldjordan_binarySearchTree_BST.py.txt,0,val,275,sheffieldjordan_binarysearchtree_bst,3
34_content_jhomswk_Binary_Search_Tree_avl_tree.py.txt,0,train,276,jhomswk_binary_search_tree_avl_tree,2
35_content_jamescarney3_pybst_tree.py.txt,0,train,277,jamescarney3_pybst_tree,1
35_content_jfwhite_CourseSelection_interact_with_user.py.txt,0,train,278,jfwhite_courseselection_interact_with_user,1
39_content_alejandrakudo_BinarySearch-Sorting_CISC121_Assignment_3_exampleSolution.py.txt,0,test,279,alejandrakudo_binarysearch-sorting_cisc121_assignment_3_examplesolution,0
3_content_6e726d_binaryninja-search___init__.py.txt,0,val,280,6e726d_binaryninja-search___init__,4
3_content_Mushahar_Binary-Search-Tree-Python-_node.py.txt,0,train,281,mushahar_binary-search-tree-python-_node,3
40_content_ajh1143_BinarySearchTreePractice_BST.py.txt,0,test,282,ajh1143_binarysearchtreepractice_bst,0
40_content_jcarstenson_parallel_final_performanceTest.py.txt,0,val,283,jcarstenson_parallel_final_performancetest,5
42_content_isneace_Binary-Search-Algorithm_Lab2.py.txt,0,train,284,isneace_binary-search-algorithm_lab2,2
44_content_thibault-lahire_ALAS_loss_function.py.txt,0,train,285,thibault-lahire_alas_loss_function,1
47_content_mathwoods_binseqcomp_binseqcomp.py.txt,0,train,286,mathwoods_binseqcomp_binseqcomp,3
4_content_vieirinhaabr_balanced_binary_search_tree_tree_tester.py.txt,0,train,287,vieirinhaabr_balanced_binary_search_tree_tree_tester,2
52_content_kantonist_printBST_printBST.py.txt,0,train,288,kantonist_printbst_printbst,4
53_content_mmorshed99_binary_search_rotated_sorted_array.py.txt,0,test,289,mmorshed99_binary_search_rotated_sorted_array,0
54_content_pr1998_Student_Management_System_main.py.txt,0,test,290,pr1998_student_management_system_main,0
57_content_Nirusha1_Binary-Search-Tree-_binaryTree.py.txt,0,train,291,nirusha1_binary-search-tree-_binarytree,1
61_content_EricHasegawa_binary-search_binary_search.py.txt,0,train,292,erichasegawa_binary-search_binary_search,4
64_content_YifeiY_Depth-of-BTS_BTS_Depth.py.txt,0,val,293,yifeiy_depth-of-bts_bts_depth,5
66_content_adamweissert_PythonBinarySearch_BinarySearch.py.txt,0,train,294,adamweissert_pythonbinarysearch_binarysearch,3
67_content_damianrr_bisect-ordered-file_bisect_file_with_numbers.py.txt,0,train,295,damianrr_bisect-ordered-file_bisect_file_with_numbers,2
70_content_Arcnor_binja_search___init__.py.txt,0,train,296,arcnor_binja_search___init__,1
72_content_tusharnema_Implementing-Algorithms-in-python_adj_list.py.txt,0,val,297,tusharnema_implementing-algorithms-in-python_adj_list,1
75_content_mcsteve-e_project-4_4.01.py.txt,0,test,298,mcsteve-e_project-4_4.01,0
7_content_j2kun_binary-search-graphs_dijkstra.py.txt,0,train,299,j2kun_binary-search-graphs_dijkstra,4
7_content_kristianespina_python-binary-search-tree_binary_search_tree.py.txt,0,train,300,kristianespina_python-binary-search-tree_binary_search_tree,3
7_content_yashkant_pnas-binary-nets_train.py.txt,0,val,301,yashkant_pnas-binary-nets_train,5
8_content_alexvking_comp150_bsts_optimal_bst_knuth_n3.py.txt,0,train,302,alexvking_comp150_bsts_optimal_bst_knuth_n3,2
8_content_LOOPPO_BSTree_RBTree_RBTree.py.txt,0,test,303,looppo_bstree_rbtree_rbtree,0
10_content_shehand_Game_Graphics_using_Binary_Search_Tree_calc.py.txt,0,val,304,shehand_game_graphics_using_binary_search_tree_calc,1
12_content_jcarstenson_parallel_final_performanceTest.py.txt,0,val,283,jcarstenson_parallel_final_performancetest,5
14_content_udwivedi394_binaryTree_ksumPath.py.txt,0,train,305,udwivedi394_binarytree_ksumpath,1
17_content_CHINAJR_BinaryTree_biggestsubBSTtree.py.txt,0,train,306,chinajr_binarytree_biggestsubbsttree,5
18_content_10elements_BinaryTree_binaryTree.py.txt,0,test,307,10elements_binarytree_binarytree,0
18_content_HDShaw_Runaway-Reservation-System-BST-_AVL_tree.py.txt,0,train,308,hdshaw_runaway-reservation-system-bst-_avl_tree,4
18_content_jiangfeng1124_digital-dendrimer_genenerate.py.txt,0,train,309,jiangfeng1124_digital-dendrimer_genenerate,3
1_content_dhvanilp_Persistent-Binary-Search-Trees_index.py.txt,0,train,310,dhvanilp_persistent-binary-search-trees_index,5
1_content_jdmcpeek_pretty-print-binary-tree_tree.py.txt,0,train,311,jdmcpeek_pretty-print-binary-tree_tree,2
1_content_RyanMarcus_TreeConvolution_util.py.txt,0,train,312,ryanmarcus_treeconvolution_util,1
1_content_SiccoVerwer_binoct_regtrees.py.txt,0,train,313,siccoverwer_binoct_regtrees,4
20_content_kristianespina_python-binary-search-tree_binary_search_tree.py.txt,0,train,300,kristianespina_python-binary-search-tree_binary_search_tree,3
23_content_mpgiii_binarysearchtree_unittests.py.txt,0,train,314,mpgiii_binarysearchtree_unittests,3
23_content_tomasmcoronado_prob-alpha_PhyloTree.py.txt,0,val,315,tomasmcoronado_prob-alpha_phylotree,5
25_content_surbhisinghal_Binary-Tree-leftchild-rightsib_tree.py.txt,0,train,316,surbhisinghal_binary-tree-leftchild-rightsib_tree,2
27_content_gabysoares_PythonBinaryTree_ReconstructTree.py.txt,0,train,317,gabysoares_pythonbinarytree_reconstructtree,1
28_content_bangarangler_binary_search_trees_binary_search_trees.py.txt,0,train,318,bangarangler_binary_search_trees_binary_search_trees,4
2_content_Mypathissional_Data_Structures_AVL.py.txt,0,train,270,mypathissional_data_structures_avl,5
31_content_igoreliasm_binary-tree_arvore.py.txt,0,val,319,igoreliasm_binary-tree_arvore,3
31_content_jwjohns_binary-tree_python_binary_tree_search.py.txt,0,train,320,jwjohns_binary-tree_python_binary_tree_search,5
32_content_vaish06_TextProcessor_red_black_tree.py.txt,0,test,321,vaish06_textprocessor_red_black_tree,0
33_content_hexingwei_Binary-tree_tree.py.txt,0,train,322,hexingwei_binary-tree_tree,2
35_content_riccardobisori_Binary-Trees_ResultsInsert.py.txt,0,train,323,riccardobisori_binary-trees_resultsinsert,1
38_content_NicholasKobald_Tree-Traversals_traversals.py.txt,0,train,324,nicholaskobald_tree-traversals_traversals,4
3_content_Svistoplyaz_Uniformly_Generating_Binary_Trees_main.py.txt,0,val,325,svistoplyaz_uniformly_generating_binary_trees_main,3
3_content_WDI-SEA_python-binary-trees_twenty_questions.py.txt,0,train,326,wdi-sea_python-binary-trees_twenty_questions,5
42_content_nidhigup01_Least-Common-Ancestor-in-Binary-tree_self_least_common_ancestor.py.txt,0,train,327,nidhigup01_least-common-ancestor-in-binary-tree_self_least_common_ancestor,2
44_content_CppbetterC_A-Star_Heap.py.txt,0,train,328,cppbetterc_a-star_heap,1
45_content_gio-salvador_tree_exercise_python_tree.py.txt,0,train,329,gio-salvador_tree_exercise_python_tree,4
45_content_vdanny_bst-python_binary_search_tree.py.txt,0,train,330,vdanny_bst-python_binary_search_tree,3
4_content_fcunhaneto_py-binary-trees-draw_handletrees.py.txt,0,train,331,fcunhaneto_py-binary-trees-draw_handletrees,5
4_content_fcunhaneto_py-binary-trees-draw_node.py.txt,0,test,332,fcunhaneto_py-binary-trees-draw_node,0
54_content_AhmedRaafat14_Binary-Tree-traversal_BST.py.txt,0,train,333,ahmedraafat14_binary-tree-traversal_bst,2
58_content_Deborah-byte_data-strictures-and-algorithms_binary-search-tree-algo.py.txt,0,train,334,deborah-byte_data-strictures-and-algorithms_binary-search-tree-algo,1
58_content_tarasrumezhak_TicTacToe_board.py.txt,0,train,335,tarasrumezhak_tictactoe_board,4
5_content_domodomodomo_binary_search_tree_binary_search_tree.py.txt,0,train,336,domodomodomo_binary_search_tree_binary_search_tree,3
5_content_domodomodomo_binary_search_tree_graph.py.txt,0,train,337,domodomodomo_binary_search_tree_graph,5
5_content_domodomodomo_binary_search_tree_test.py.txt,0,train,338,domodomodomo_binary_search_tree_test,2
5_content_Schemberizer_Binary-Tree-Compression_tree.py.txt,0,train,339,schemberizer_binary-tree-compression_tree,1
61_content_hlalit_Data-Structures-Python_BinaryTree.py.txt,0,val,340,hlalit_data-structures-python_binarytree,4
62_content_agvaibhav_Binary-tree_delete-node.py.txt,0,train,341,agvaibhav_binary-tree_delete-node,3
71_content_DylanHarrisonGithub_AVLTree_AVLTree.py.txt,0,test,342,dylanharrisongithub_avltree_avltree,0
7_content_aira26_HomeWork3_bubblesortclass.py.txt,0,train,343,aira26_homework3_bubblesortclass,5
7_content_shuming1211_CMU_project_BinaryClassifier_decisionTree.py.txt,0,train,344,shuming1211_cmu_project_binaryclassifier_decisiontree,2
81_content_AndreaG93_BST-Lazy-Deletion_binarySearchTreeLazyDeletionAVL.py.txt,0,train,345,andreag93_bst-lazy-deletion_binarysearchtreelazydeletionavl,1
84_content_mhb8898_bst_bst.py.txt,0,train,346,mhb8898_bst_bst,5
88_content_ilkayDevran_HEAP_and_BTS_Implementation_binarySearchTree.py.txt,0,train,347,ilkaydevran_heap_and_bts_implementation_binarysearchtree,2
8_content_karangargg_trees-notes_trees1.py.txt,0,train,348,karangargg_trees-notes_trees1,2
99_content_erastus-murungi_binary_search_trees_splaytree.py.txt,0,val,349,erastus-murungi_binary_search_trees_splaytree,4
9_content_tusharnema_Implementing-Algorithms-in-python_mypythontree.py.txt,0,test,350,tusharnema_implementing-algorithms-in-python_mypythontree,0
11_content_lanaelsanyoura_BubbleSort_object_graphics.py.txt,0,val,351,lanaelsanyoura_bubblesort_object_graphics,1
17_content_qwarlock_python-bubble-sort_bubble_sort.py.txt,0,train,352,qwarlock_python-bubble-sort_bubble_sort,2
1_content_griffbr_BubbleNets_bubblenets_select_frame.py.txt,0,train,353,griffbr_bubblenets_bubblenets_select_frame,4
20_content_Govind9_BubbleSortAnalysis_Sorting.py.txt,0,train,354,govind9_bubblesortanalysis_sorting,3
22_content_cneally_BubbleSortingAlgorithm_bubble_sort.py.txt,0,train,355,cneally_bubblesortingalgorithm_bubble_sort,5
23_content_mkhambat_Bubble-and-insertion-sort_sorting.py.txt,0,val,356,mkhambat_bubble-and-insertion-sort_sorting,2
24_content_Jagdishkharatmol_Sorting-techniques-_pythonin.py.txt,0,train,357,jagdishkharatmol_sorting-techniques-_pythonin,1
26_content_naviechan_sortingAlgorithmDemo_main.py.txt,0,val,358,naviechan_sortingalgorithmdemo_main,4
26_content_naviechan_sortingAlgorithmDemo_selectionSort.py.txt,0,val,359,naviechan_sortingalgorithmdemo_selectionsort,3
27_content_gcmurillo_sortingAlgorithmsComparation_configuraciones.py.txt,0,val,360,gcmurillo_sortingalgorithmscomparation_configuraciones,5
27_content_gcmurillo_sortingAlgorithmsComparation_quickSort.py.txt,0,train,361,gcmurillo_sortingalgorithmscomparation_quicksort,2
27_content_gcmurillo_sortingAlgorithmsComparation_shellSort.py.txt,0,train,362,gcmurillo_sortingalgorithmscomparation_shellsort,1
29_content_zcogley_Bubble-Sort_bubble_sort.py.txt,0,train,363,zcogley_bubble-sort_bubble_sort,3
2_content_evinw_bubble_sort_bub.py.txt,0,train,364,evinw_bubble_sort_bub,4
30_content_thomasjedstrom_Bubble_Sort_Selection_Sort.py.txt,0,train,365,thomasjedstrom_bubble_sort_selection_sort,3
31_content_atorulia_Some-kind-of-sort-algorithm_InsertionSort.py.txt,0,test,366,atorulia_some-kind-of-sort-algorithm_insertionsort,0
31_content_Cadellinman_RB-EmailSorter_RedBubbleSorter.py.txt,0,test,367,cadellinman_rb-emailsorter_redbubblesorter,0
33_content_Ryan-Fortner_bubble_sort_bubble_sort.py.txt,0,test,368,ryan-fortner_bubble_sort_bubble_sort,0
3_content_Frogboxe_BubbleSort_GapiExtend.py.txt,0,train,369,frogboxe_bubblesort_gapiextend,5
3_content_KirillGordievich_Bubble_Sort_Visualization_colors.py.txt,0,train,370,kirillgordievich_bubble_sort_visualization_colors,2
3_content_KirillGordievich_Bubble_Sort_Visualization_mainloop.py.txt,0,train,371,kirillgordievich_bubble_sort_visualization_mainloop,1
43_content_hraizes_Sorting_SortingPractice.py.txt,0,val,372,hraizes_sorting_sortingpractice,4
44_content_emilgab_bubble-sort_bubble_sort.py.txt,0,train,373,emilgab_bubble-sort_bubble_sort,3
45_content_Janteby1_bubble_sort-copy_bubble_sort.py.txt,0,train,374,janteby1_bubble_sort-copy_bubble_sort,5
46_content_gabysoares_PythonBubbleSort_ResultTable.py.txt,0,train,375,gabysoares_pythonbubblesort_resulttable,2
48_content_anowarh2514_Bubble-Sort-Algorithm-in-Python_Bubble_Sort_Algorithm.py.txt,0,train,376,anowarh2514_bubble-sort-algorithm-in-python_bubble_sort_algorithm,1
49_content_Darren-Drapkin_RippleSort-with-chains_RippleSort-with-chains.py.txt,0,train,377,darren-drapkin_ripplesort-with-chains_ripplesort-with-chains,4
4_content_giocarro_BubbleSort-and-Words-Sort_MergeSort2.py.txt,0,val,378,giocarro_bubblesort-and-words-sort_mergesort2,3
53_content_RefaelBeker7_Sorting-Algorithms-Python_ExampleSort_sixDifference.py.txt,0,train,379,refaelbeker7_sorting-algorithms-python_examplesort_sixdifference,5
54_content_gly11_Sort_sort_numbers.py.txt,0,val,380,gly11_sort_sort_numbers,2
54_content_SteevenBrunner_Bubble-sort-python_bubble_sort.py.txt,0,train,381,steevenbrunner_bubble-sort-python_bubble_sort,1
57_content_Wwicked_Bubble-sort-visualization_main.py.txt,0,train,382,wwicked_bubble-sort-visualization_main,4
59_content_nicolaschen1_SortingAlgorithms_sortingAlgorithms.py.txt,0,test,383,nicolaschen1_sortingalgorithms_sortingalgorithms,0
59_content_Yousab_parallel-bubble-sort-mpi_bubble_parallel.py.txt,0,train,384,yousab_parallel-bubble-sort-mpi_bubble_parallel,4
5_content_kheguy_bubbleSort_bubbleSort.py.txt,0,train,385,kheguy_bubblesort_bubblesort,3
66_content_abouchan01_Merge-Bubble-Sort-con-_interfazGrafica.py.txt,0,train,386,abouchan01_merge-bubble-sort-con-_interfazgrafica,5
67_content_TadayoshiCarvajal_Sorting-in-Python_sortingAlgorithms.py.txt,0,train,387,tadayoshicarvajal_sorting-in-python_sortingalgorithms,2
68_content_pierobeat_Beginner-bubble-sort-py_bubble_sort.py.txt,0,val,388,pierobeat_beginner-bubble-sort-py_bubble_sort,1
6_content_ryanlid87_BubbleSort_bubblesort.py.txt,0,train,389,ryanlid87_bubblesort_bubblesort,5
73_content_kamil-owczarek_sorter_sorter.py.txt,0,train,390,kamil-owczarek_sorter_sorter,2
74_content_OstapKuch_Lab_01_alg_sort.py.txt,0,train,391,ostapkuch_lab_01_alg_sort,4
79_content_lorenzo3117_python-sorting-scripts_heapSort.py.txt,0,train,392,lorenzo3117_python-sorting-scripts_heapsort,1
79_content_lorenzo3117_python-sorting-scripts_quickSort.py.txt,0,train,393,lorenzo3117_python-sorting-scripts_quicksort,4
79_content_lorenzo3117_python-sorting-scripts_sortingScript.py.txt,0,train,394,lorenzo3117_python-sorting-scripts_sortingscript,3
7_content_allenabraham999_Bubble-sort_bubble_sort.py.txt,0,train,395,allenabraham999_bubble-sort_bubble_sort,5
81_content_jvdwyer_Sorting_Sorts.py.txt,0,train,396,jvdwyer_sorting_sorts,2
83_content_SonNinh_sorting-algorithm_sorting_deck.py.txt,0,train,397,sonninh_sorting-algorithm_sorting_deck,1
85_content_Dimildizio_pyqt_traincars_sort_cars_coal.py.txt,0,train,398,dimildizio_pyqt_traincars_sort_cars_coal,4
94_content_skatsd_Sorting-Algorithm-Visualiser_SORT_VISUALISER.py.txt,0,val,399,skatsd_sorting-algorithm-visualiser_sort_visualiser,3
9_content_noumanmalik960_bubbleSort_bubbleSort.py.txt,0,train,400,noumanmalik960_bubblesort_bubblesort,5
10_content_analyticsbot_document-similarity_document_similarity_nlevenstein.py.txt,0,val,401,analyticsbot_document-similarity_document_similarity_nlevenstein,2
10_content_analyticsbot_document-similarity_document_similarity_WMD.py.txt,0,test,402,analyticsbot_document-similarity_document_similarity_wmd,0
10_content_aptr288_Information_Retrieval_system_Data_Parsing_and_Processing.py.txt,0,train,403,aptr288_information_retrieval_system_data_parsing_and_processing,1
11_content_kirokuan_Idf-tf-DocCompare_hwTest.py.txt,0,train,404,kirokuan_idf-tf-doccompare_hwtest,4
12_content_truong225_Cosine-similarity_cosine_similarity.py.txt,0,train,405,truong225_cosine-similarity_cosine_similarity,5
14_content_necall_cosine-similarity_sent_seg.py.txt,0,test,406,necall_cosine-similarity_sent_seg,0
14_content_sherlockhoatszx_MachineLearning_CTR_project_auc.py.txt,0,train,407,sherlockhoatszx_machinelearning_ctr_project_auc,3
15_content_DevMandalia_cosineSimilarity_q5.py.txt,0,test,408,devmandalia_cosinesimilarity_q5,0
15_content_DevMandalia_cosineSimilarity_q7.py.txt,0,train,409,devmandalia_cosinesimilarity_q7,2
17_content_sk-aravind_cosine_similarity_Cos_similarity.py.txt,0,test,410,sk-aravind_cosine_similarity_cos_similarity,0
1_content_abdullahwaqar_docsearx_pdf_reader.py.txt,0,val,411,abdullahwaqar_docsearx_pdf_reader,1
1_content_beekbin_bert-cosine-sim_prerun.py.txt,0,val,412,beekbin_bert-cosine-sim_prerun,4
20_content_ndodson_Cosine-Similarity_cosSimilarity3.py.txt,0,val,413,ndodson_cosine-similarity_cossimilarity3,3
20_content_ndodson_Cosine-Similarity_plotDataStream.py.txt,0,test,414,ndodson_cosine-similarity_plotdatastream,0
21_content_manasbichoo_spellchecker_char.py.txt,0,val,415,manasbichoo_spellchecker_char,5
22_content_sanpreet_Text-Similarity-using-cosine-similarity_Text_Similarity.py.txt,0,test,416,sanpreet_text-similarity-using-cosine-similarity_text_similarity,0
30_content_paritosh3006_NLP-TF_IDF-Cosine_Similarity_tf--idf.py.txt,0,val,417,paritosh3006_nlp-tf_idf-cosine_similarity_tf--idf,2
36_content_DeokchangSeo_recommenderSystem_mean_centerred_ratings.py.txt,0,train,418,deokchangseo_recommendersystem_mean_centerred_ratings,1
39_content_trunc8_cosine-similarity-nlp_cosine_similarity.py.txt,0,train,419,trunc8_cosine-similarity-nlp_cosine_similarity,4
3_content_dlohith_text-similarity_run.py.txt,0,test,420,dlohith_text-similarity_run,0
3_content_dlohith_text-similarity_utils.py.txt,0,train,421,dlohith_text-similarity_utils,3
3_content_JennaBellassai_phrase-similarity_similarity_score.py.txt,0,test,422,jennabellassai_phrase-similarity_similarity_score,0
40_content_Fremont28_tv_networks_fox_cnn.py.txt,0,test,423,fremont28_tv_networks_fox_cnn,0
42_content_amandalynne_language-similarity_mapping.py.txt,0,train,424,amandalynne_language-similarity_mapping,5
43_content_rmaur012_Measures-of-Vector-Similarity_vectorSimilarityFunctions.py.txt,0,train,425,rmaur012_measures-of-vector-similarity_vectorsimilarityfunctions,2
46_content_mamtajakter_word2vec-cosine-similarity_hw1part3c.py.txt,0,train,426,mamtajakter_word2vec-cosine-similarity_hw1part3c,1
46_content_mamtajakter_word2vec-cosine-similarity_hw1part3d.py.txt,0,val,427,mamtajakter_word2vec-cosine-similarity_hw1part3d,4
4_content_heaven00_cosine_similarities_stream.py.txt,0,train,428,heaven00_cosine_similarities_stream,3
4_content_nikitaa30_Content-based-Recommender-System_recommender_system.py.txt,0,train,429,nikitaa30_content-based-recommender-system_recommender_system,5
51_content_jumadilakbar_Recomender-Cosine-Similarity-tfidf-python-flask_preprocess.py.txt,0,test,430,jumadilakbar_recomender-cosine-similarity-tfidf-python-flask_preprocess,0
54_content_adnan-mehremic_plagiarism-detection_cosine_similarity.py.txt,0,train,431,adnan-mehremic_plagiarism-detection_cosine_similarity,1
57_content_kapilggg10_Plagiarism-checker-nltk_plag_training.py.txt,0,test,432,kapilggg10_plagiarism-checker-nltk_plag_training,0
58_content_davidawad_TISLA_FAQ_tests.py.txt,0,test,433,davidawad_tisla_faq_tests,0
58_content_loulai_InformationRetrieval_information_retrieval.py.txt,0,train,434,loulai_informationretrieval_information_retrieval,2
64_content_gargimaheshwari_Wikiart-similar-art_download.py.txt,0,test,435,gargimaheshwari_wikiart-similar-art_download,0
64_content_qnguyen3010_Dota2-Recommender-System_009276839_256_randomforest.py.txt,0,val,436,qnguyen3010_dota2-recommender-system_009276839_256_randomforest,1
66_content_skallaje_Ranked-Information-Retrieval_test.py.txt,0,val,437,skallaje_ranked-information-retrieval_test,3
67_content_kevinrizki1019_face-recognition_main.py.txt,0,test,438,kevinrizki1019_face-recognition_main,0
68_content_maniaclogic_movie-recommender_models.py.txt,0,train,439,maniaclogic_movie-recommender_models,5
68_content_maniaclogic_movie-recommender_recommender.py.txt,0,test,440,maniaclogic_movie-recommender_recommender,0
68_content_MyMichaelSinaga_Document-Search-Engine_tokeniser.py.txt,0,train,441,mymichaelsinaga_document-search-engine_tokeniser,2
6_content_muhammadhabibi_CBS01_Main.py.txt,0,train,442,muhammadhabibi_cbs01_main,1
70_content_shayneobrien_lexrank_stopwords.py.txt,0,train,443,shayneobrien_lexrank_stopwords,4
7_content_syedshameersarwar_DocumentSimilarityChecker_pdfReader.py.txt,0,train,444,syedshameersarwar_documentsimilaritychecker_pdfreader,3
81_content_jonesnapoleon_opencv-face-recognition_extractor.py.txt,0,test,445,jonesnapoleon_opencv-face-recognition_extractor,0
81_content_jonesnapoleon_opencv-face-recognition_GUI.py.txt,0,train,446,jonesnapoleon_opencv-face-recognition_gui,5
85_content_xzha0006_LibrarySearchingEngine_spell.py.txt,0,val,447,xzha0006_librarysearchingengine_spell,2
8_content_uzzielc_Document_Similarity_using_TF-IDF_with_Cosine_Dist_article.py.txt,0,train,448,uzzielc_document_similarity_using_tf-idf_with_cosine_dist_article,1
95_content_subhradipmukherjee_Movie-prediction-using-M.L_moviepredict_cosine_similarity_.py.txt,0,train,449,subhradipmukherjee_movie-prediction-using-m.l_moviepredict_cosine_similarity_,4
9_content_vbelz_Movie-recommender_prepare_database.py.txt,0,train,450,vbelz_movie-recommender_prepare_database,3
12_content_dandanpeng_ComputationalProteinDesign_run.py.txt,0,train,451,dandanpeng_computationalproteindesign_run,5
13_content_FlorentF9_DESOM_sharpness.py.txt,0,train,452,florentf9_desom_sharpness,2
13_content_gzinck_des_main.py.txt,0,train,453,gzinck_des_main,1
16_content_vineetkia_Fundamentals-Of-Cryptography__1_-Caesar.py.txt,0,train,454,vineetkia_fundamentals-of-cryptography__1_-caesar,4
16_content_vineetkia_Fundamentals-Of-Cryptography__2_-Vignere.py.txt,0,val,455,vineetkia_fundamentals-of-cryptography__2_-vignere,3
16_content_vineetkia_Fundamentals-Of-Cryptography__7_-Diffi-Hellman-KeyExchange.py.txt,0,val,456,vineetkia_fundamentals-of-cryptography__7_-diffi-hellman-keyexchange,5
16_content_vineetkia_Fundamentals-Of-Cryptography__8_-BlowFish-CBC.py.txt,0,train,457,vineetkia_fundamentals-of-cryptography__8_-blowfish-cbc,2
17_content_adampicker_DES_implementation_binary_utils.py.txt,0,train,458,adampicker_des_implementation_binary_utils,1
17_content_turpaultn_DESED_generate_table.py.txt,0,train,459,turpaultn_desed_generate_table,4
18_content_theorisons_loto_analyse.py.txt,0,train,460,theorisons_loto_analyse,3
20_content_learn-co-students_applying-gradient-descent-lab-dc-ds-career-042219_linear_equations.py.txt,0,test,461,learn-co-students_applying-gradient-descent-lab-dc-ds-career-042219_linear_equations,0
21_content_leonshen95_EC500-Modular-design-2.4_OutputAlert_module.py.txt,0,train,462,leonshen95_ec500-modular-design-2.4_outputalert_module,5
23_content_xaviergoby_ConvLSTM-Computer-Vision-for-Structural-Health-Monitoring-SHM-and-NonDestructive-Testing-NDT_settings.py.txt,0,train,463,xaviergoby_convlstm-computer-vision-for-structural-health-monitoring-shm-and-nondestructive-testing-ndt_settings,2
24_content_alphagov_metadata-standards-description-language_poc-json.py.txt,0,test,464,alphagov_metadata-standards-description-language_poc-json,0
24_content_GrayHat12_Desktop-GrayBot_driver.py.txt,0,train,465,grayhat12_desktop-graybot_driver,1
27_content_sinoobie_DeShal_deshal.py.txt,0,train,466,sinoobie_deshal_deshal,4
28_content_tomsiwek_gprMax-Designer_echogramwindow.py.txt,0,train,467,tomsiwek_gprmax-designer_echogramwindow,3
28_content_tomsiwek_gprMax-Designer_materials.py.txt,0,val,468,tomsiwek_gprmax-designer_materials,3
28_content_tomsiwek_gprMax-Designer_modelsizewindow.py.txt,0,val,469,tomsiwek_gprmax-designer_modelsizewindow,5
28_content_tomsiwek_gprMax-Designer_operation.py.txt,0,train,470,tomsiwek_gprmax-designer_operation,2
34_content_iamhimanshu0_Ml_Linear_Regression_Gradient_Descent_Linear_Regression_using_Gradient_Descent_HIMANSHU.py.txt,0,test,471,iamhimanshu0_ml_linear_regression_gradient_descent_linear_regression_using_gradient_descent_himanshu,0
35_content_fireclawthefox_DirectGuiDesigner_main.py.txt,0,test,472,fireclawthefox_directguidesigner_main,0
35_content_fireclawthefox_DirectGuiDesigner_setup_p3d.py.txt,0,train,473,fireclawthefox_directguidesigner_setup_p3d,1
37_content_baptiste0928_userinfo-bot_main.py.txt,0,train,474,baptiste0928_userinfo-bot_main,4
43_content_futuresea713_des-cbc-encode-decode_des-cbc.py.txt,0,train,475,futuresea713_des-cbc-encode-decode_des-cbc,3
45_content_supriya363_break-des-6round_Request.py.txt,0,train,476,supriya363_break-des-6round_request,5
46_content_hackabit19__destroyingRecursively__qrTester.py.txt,0,train,477,hackabit19__destroyingrecursively__qrtester,2
46_content_hackabit19__destroyingRecursively__StickerTester.py.txt,0,test,478,hackabit19__destroyingrecursively__stickertester,0
48_content_nabima_nabi_distribution_client_region.py.txt,0,test,479,nabima_nabi_distribution_client_region,0
48_content_nabima_nabi_distribution_client_ville.py.txt,0,test,480,nabima_nabi_distribution_client_ville,0
48_content_nabima_nabi_distribution_module_odoo.py.txt,0,train,481,nabima_nabi_distribution_module_odoo,1
52_content_jitunayak_Tensorflow-object-recognition-GUI-DesktopApp_face_crop.py.txt,0,test,482,jitunayak_tensorflow-object-recognition-gui-desktopapp_face_crop,0
54_content_YoungYoung619_driving-desicion-in-carla_test.py.txt,0,train,483,youngyoung619_driving-desicion-in-carla_test,4
58_content_aarav-tech_design-patterns-python_singleton_3.py.txt,0,train,484,aarav-tech_design-patterns-python_singleton_3,3
58_content_aarav-tech_design-patterns-python_singleton_4.py.txt,0,test,485,aarav-tech_design-patterns-python_singleton_4,0
63_content_bisohns_signalum-desktop_build.py.txt,0,test,486,bisohns_signalum-desktop_build,0
76_content_sylvain-reynaud_projet-voltaire-solver_projetvoltairesolver.py.txt,0,train,487,sylvain-reynaud_projet-voltaire-solver_projetvoltairesolver,3
78_content_edisoncast_DES-UOC_Dictionary.py.txt,0,train,488,edisoncast_des-uoc_dictionary,5
81_content_AbanoubGhadban_des-encryption_des.py.txt,0,train,489,abanoubghadban_des-encryption_des,2
84_content_inventaire-des-orgues_docs_geocodage_manufactures.py.txt,0,train,490,inventaire-des-orgues_docs_geocodage_manufactures,1
84_content_vineetred_aesDES_test.py.txt,0,train,491,vineetred_aesdes_test,4
86_content_bharathsharma95_DES_decrypt.py.txt,0,train,492,bharathsharma95_des_decrypt,3
86_content_bharathsharma95_DES_readFile.py.txt,0,train,493,bharathsharma95_des_readfile,5
86_content_Enkhai_simple-DES_conversion.py.txt,0,train,494,enkhai_simple-des_conversion,2
86_content_Enkhai_simple-DES_encryption.py.txt,0,train,495,enkhai_simple-des_encryption,1
86_content_Enkhai_simple-DES_misc.py.txt,0,train,496,enkhai_simple-des_misc,4
86_content_Enkhai_simple-DES_permutations.py.txt,0,val,497,enkhai_simple-des_permutations,3
8_content_usmanali414_Destruction-Detection-in-Satellite-Imagery_augmentation.py.txt,0,train,498,usmanali414_destruction-detection-in-satellite-imagery_augmentation,5
92_content_aakorolyova_DeSpin___main__.py.txt,0,val,499,aakorolyova_despin___main__,2
92_content_FranzScheerer_DES_safeprime.py.txt,0,train,500,franzscheerer_des_safeprime,1
14_content_149ps_leetcode-solutions_145_Binary_Tree_Postorder_Traversal_1.py.py.txt,0,train,501,149ps_leetcode-solutions_145_binary_tree_postorder_traversal_1,4
14_content_149ps_leetcode-solutions_258_Add_Digits.py.txt,0,train,502,149ps_leetcode-solutions_258_add_digits,5
14_content_149ps_leetcode-solutions_268_missing_number.py.txt,0,val,503,149ps_leetcode-solutions_268_missing_number,3
14_content_149ps_leetcode-solutions_27_remove_element.py.txt,0,train,504,149ps_leetcode-solutions_27_remove_element,2
14_content_149ps_leetcode-solutions_350._Intersection_of_Two_Arrays_II.py.txt,0,train,505,149ps_leetcode-solutions_350._intersection_of_two_arrays_ii,1
14_content_149ps_leetcode-solutions_66_plus_one.py.txt,0,train,506,149ps_leetcode-solutions_66_plus_one,4
14_content_charlesvardeman_DFSParserExperiments_tasks.py.txt,0,test,507,charlesvardeman_dfsparserexperiments_tasks,0
24_content_AntoAndGar_ProgettazioneDiAlgoritmi_bk2.py.txt,0,test,508,antoandgar_progettazionedialgoritmi_bk2,0
24_content_AntoAndGar_ProgettazioneDiAlgoritmi_bkesame10_06_19.py.txt,0,test,509,antoandgar_progettazionedialgoritmi_bkesame10_06_19,0
24_content_AntoAndGar_ProgettazioneDiAlgoritmi_PDesame10_06_19.py.txt,0,train,510,antoandgar_progettazionedialgoritmi_pdesame10_06_19,3
24_content_AntoAndGar_ProgettazioneDiAlgoritmi_PDesame10_06_19_matrix.py.txt,0,train,511,antoandgar_progettazionedialgoritmi_pdesame10_06_19_matrix,5
25_content_Nazar910_chameleon-problem_a_star.test.py.txt,0,train,512,nazar910_chameleon-problem_a_star.test,2
25_content_Nazar910_chameleon-problem_depth_first_search.test.py.txt,0,val,513,nazar910_chameleon-problem_depth_first_search.test,5
26_content_nakamoo_dfs_plot_scores.py.txt,0,test,514,nakamoo_dfs_plot_scores,0
30_content_jcwall_dfs_rotoguru_scraper.py.txt,0,train,515,jcwall_dfs_rotoguru_scraper,1
31_content_ismellike_BFS_DFS_graph.py.txt,0,val,516,ismellike_bfs_dfs_graph,3
33_content_georgealexiou_Blocksworld-Puzzle-AI-Solver_driver.py.txt,0,train,517,georgealexiou_blocksworld-puzzle-ai-solver_driver,2
33_content_wcpun_DFS_dfs.py.txt,0,train,518,wcpun_dfs_dfs,4
33_content_wcpun_DFS_shell.py.txt,0,val,519,wcpun_dfs_shell,1
33_content_wcpun_DFS_utils.py.txt,0,val,520,wcpun_dfs_utils,4
39_content_calejc_dfs_client_client.py.txt,0,train,521,calejc_dfs_client_client,3
39_content_PankajJ08_DataStructure_tower_of_hanoi.py.txt,0,test,522,pankajj08_datastructure_tower_of_hanoi,0
49_content_matbarPL_Vacuum-with-preknowledge_Queue.py.txt,0,train,523,matbarpl_vacuum-with-preknowledge_queue,5
50_content_mrdonkada_nba-dfs_opensql.py.txt,0,train,524,mrdonkada_nba-dfs_opensql,2
52_content_gquintela_dfs_dfs.py.txt,0,train,525,gquintela_dfs_dfs,1
52_content_maxmartinezruts_Aircraft-Path-Optimization_nearestneighbor.py.txt,0,train,526,maxmartinezruts_aircraft-path-optimization_nearestneighbor,4
52_content_maxmartinezruts_Aircraft-Path-Optimization_tcp.py.txt,0,val,527,maxmartinezruts_aircraft-path-optimization_tcp,5
53_content_awnguy01_bfs-dfs-tsp_node.py.txt,0,test,528,awnguy01_bfs-dfs-tsp_node,0
55_content_midderbear_DFS-optimizer_playerlists.py.txt,0,test,529,midderbear_dfs-optimizer_playerlists,0
59_content_kessler-frost_sdku-dfs_function.py.txt,0,test,530,kessler-frost_sdku-dfs_function,0
5_content_preetha2711_Algorithm-Design-and-Analysis_DP.py.txt,0,train,531,preetha2711_algorithm-design-and-analysis_dp,3
5_content_preetha2711_Algorithm-Design-and-Analysis_insertionsort.py.txt,0,test,532,preetha2711_algorithm-design-and-analysis_insertionsort,0
69_content_ghfkddorl_mazerunner_config.py.txt,0,train,533,ghfkddorl_mazerunner_config,2
69_content_ghfkddorl_mazerunner_main.py.txt,0,train,534,ghfkddorl_mazerunner_main,1
74_content_eenblam_grid_dfs_image_example.py.txt,0,train,535,eenblam_grid_dfs_image_example,4
78_content_ashish0707_basic_webcrawler_bfs.py.txt,0,train,536,ashish0707_basic_webcrawler_bfs,3
78_content_ashish0707_basic_webcrawler_task2.A_BFS.py.txt,0,train,537,ashish0707_basic_webcrawler_task2.a_bfs,5
79_content_bmiller19_QuickDFSFootballAnalyzer_QuickDFSFootballMatchupAnalyzer.py.txt,0,train,538,bmiller19_quickdfsfootballanalyzer_quickdfsfootballmatchupanalyzer,2
7_content_rizanw_DAA_Pacman_Pacman.py.txt,0,train,539,rizanw_daa_pacman_pacman,1
81_content_fwang084_DFS_Optimizer_Initialize.py.txt,0,train,540,fwang084_dfs_optimizer_initialize,4
83_content_Kal9iL_mini-dfs_globalconsts.py.txt,0,train,541,kal9il_mini-dfs_globalconsts,3
83_content_Kal9iL_mini-dfs_globalvar.py.txt,0,val,542,kal9il_mini-dfs_globalvar,5
83_content_vikcui_dfs_combination_sum_combination_sum.py.txt,0,train,543,vikcui_dfs_combination_sum_combination_sum,2
84_content_WizHacks_ChordDFS_ChordMessage.py.txt,0,test,544,wizhacks_chorddfs_chordmessage,0
88_content_Ronaldo009_genPlanByDFS_mysqlConnection.py.txt,0,train,545,ronaldo009_genplanbydfs_mysqlconnection,1
88_content_surister_dfsunweb_main.py.txt,0,val,546,surister_dfsunweb_main,4
92_content_jackschultz_nba-optimize-micro_utils.py.txt,0,train,547,jackschultz_nba-optimize-micro_utils,3
92_content_Lifan-9527_DFSprocess_STFT.py.txt,0,train,548,lifan-9527_dfsprocess_stft,5
94_content_hbergun_AI_Pacman_PriorityQueue.py.txt,0,train,549,hbergun_ai_pacman_priorityqueue,2
99_content_777moneymaker_Graphs_play.py.txt,0,train,550,777moneymaker_graphs_play,1
10_content_mateus-n00b_Diffie-Hellman_alice.py.txt,0,train,551,mateus-n00b_diffie-hellman_alice,4
11_content_jvpessoa10_Diffie-Hellman_DHCalculator.py.txt,0,test,552,jvpessoa10_diffie-hellman_dhcalculator,0
11_content_jvpessoa10_Diffie-Hellman_getIp.py.txt,0,train,553,jvpessoa10_diffie-hellman_getip,3
12_content_mbgokce_Diffie-Hellman_diffie-hellman.py.txt,0,train,554,mbgokce_diffie-hellman_diffie-hellman,5
16_content_hoefler02_diffie-hellman_dh_example.py.txt,0,train,555,hoefler02_diffie-hellman_dh_example,2
21_content_eugene-eliseev_diffie_hellman_hacker.py.txt,0,train,556,eugene-eliseev_diffie_hellman_hacker,1
21_content_swawibe_pyDH_main.py.txt,0,train,557,swawibe_pydh_main,4
22_content_sagarwani_Breaking-Diffie-Hellman_dl-brute.py.txt,0,train,558,sagarwani_breaking-diffie-hellman_dl-brute,3
23_content_harshaldhone_Diffie-Hellman_client.py.txt,0,train,559,harshaldhone_diffie-hellman_client,5
23_content_harshaldhone_Diffie-Hellman_server.py.txt,0,train,560,harshaldhone_diffie-hellman_server,2
24_content_Brew8it_Python_DHAES_AES.py.txt,0,train,561,brew8it_python_dhaes_aes,1
24_content_Brew8it_Python_DHAES_client.py.txt,0,train,562,brew8it_python_dhaes_client,4
24_content_Brew8it_Python_DHAES_server.py.txt,0,train,563,brew8it_python_dhaes_server,3
25_content_DrMMZ_Attack-Diffie-Hellman_AttackDH.py.txt,0,test,564,drmmz_attack-diffie-hellman_attackdh,0
25_content_jimmy-ly00_DHE-prime-grabber_find_primes.py.txt,0,train,565,jimmy-ly00_dhe-prime-grabber_find_primes,5
26_content_ivanji_diffie-hellman-algorithm_diffie-hellman.py.txt,0,val,566,ivanji_diffie-hellman-algorithm_diffie-hellman,2
28_content_ckeshava_Enhanced-Diffie-Hellman-Protocol_generateMessage.py.txt,0,train,567,ckeshava_enhanced-diffie-hellman-protocol_generatemessage,1
28_content_ckeshava_Enhanced-Diffie-Hellman-Protocol_paderson_commitment.py.txt,0,train,568,ckeshava_enhanced-diffie-hellman-protocol_paderson_commitment,4
28_content_MySchool11_CryptoTwo_primitives.py.txt,0,train,569,myschool11_cryptotwo_primitives,3
29_content_fwoodruff_ECDH_ECbase58.py.txt,0,train,570,fwoodruff_ecdh_ecbase58,5
29_content_fwoodruff_ECDH_SymmetricCiphers.py.txt,0,train,571,fwoodruff_ecdh_symmetricciphers,2
29_content_fwoodruff_ECDH_TypeConversion.py.txt,0,train,572,fwoodruff_ecdh_typeconversion,1
29_content_zxenonx_diffie-hellman-raw_dh1.py.txt,0,val,573,zxenonx_diffie-hellman-raw_dh1,4
29_content_zxenonx_diffie-hellman-raw_dh2.py.txt,0,val,574,zxenonx_diffie-hellman-raw_dh2,3
2_content_hannahxchen_Diffie-Hellman-Python-Implementation_CA_generate_key.py.txt,0,val,575,hannahxchen_diffie-hellman-python-implementation_ca_generate_key,5
31_content_shreyas3336_Diffie-Hellman-KeyExchange_Diffie_Key_Exchange.py.txt,0,train,576,shreyas3336_diffie-hellman-keyexchange_diffie_key_exchange,2
31_content_shreyas3336_Diffie-Hellman-KeyExchange_Seed_Generator.py.txt,0,val,577,shreyas3336_diffie-hellman-keyexchange_seed_generator,1
33_content_nikhil-paramane_-Diffie-Hellman-key-Exchange-Algorithm_dh.py.txt,0,train,578,nikhil-paramane_-diffie-hellman-key-exchange-algorithm_dh,4
35_content_DiarmuidKelly_Key_Exchange_diffie_hellman.py.txt,0,train,579,diarmuidkelly_key_exchange_diffie_hellman,3
36_content_gaurdevansh_Diffie-Hellman-Key-Exchange_keygen.py.txt,0,val,580,gaurdevansh_diffie-hellman-key-exchange_keygen,5
37_content_anagnostouJohn_Simple_DF_Socket_clien.py.txt,0,test,581,anagnostoujohn_simple_df_socket_clien,0
38_content_JediWattson_rsa_edu_primegen.py.txt,0,val,582,jediwattson_rsa_edu_primegen,2
3_content_Dextro1597_Diffie-Hellman_diffie2.py.txt,0,train,583,dextro1597_diffie-hellman_diffie2,1
3_content_Gunnar-Stunnar_dhecc_test.py.txt,0,train,584,gunnar-stunnar_dhecc_test,4
3_content_matheusfrancisco_Implementation_RSA_and_Diffie-Hellman_euclidean.py.txt,0,train,585,matheusfrancisco_implementation_rsa_and_diffie-hellman_euclidean,3
3_content_matheusfrancisco_Implementation_RSA_and_Diffie-Hellman_main.py.txt,0,train,586,matheusfrancisco_implementation_rsa_and_diffie-hellman_main,5
3_content_matheusfrancisco_Implementation_RSA_and_Diffie-Hellman_rsa.py.txt,0,train,587,matheusfrancisco_implementation_rsa_and_diffie-hellman_rsa,2
43_content_wilson9001_DHKeyExchange_DH.py.txt,0,train,588,wilson9001_dhkeyexchange_dh,1
44_content_yeroc-sebrof_DHE_Demos_Example1_DHE.py.txt,0,train,589,yeroc-sebrof_dhe_demos_example1_dhe,4
4_content_gionanide_Cryptography_manipulate_CRC_computations.py.txt,0,test,590,gionanide_cryptography_manipulate_crc_computations,0
4_content_MaisyZhang_Diffie-Hellman-Algorithm_DH.py.txt,0,val,591,maisyzhang_diffie-hellman-algorithm_dh,3
5_content_crazamahdi_DIFFIE-HELLMAN-KEY-EXCHANGE-ALGORITHM_dhclient.py.txt,0,val,592,crazamahdi_diffie-hellman-key-exchange-algorithm_dhclient,5
66_content_chhaiyashrey_Security-Implementation-of-MODBUS-Communication-between-Server-and-Client_secure_modbus_server.py.txt,0,train,593,chhaiyashrey_security-implementation-of-modbus-communication-between-server-and-client_secure_modbus_server,2
6_content_picrin_DiffieHellmanChallenge_discreteLogEfficient.py.txt,0,train,594,picrin_diffiehellmanchallenge_discretelogefficient,1
70_content_crackcomm_mofn-encryption_util.py.txt,0,train,595,crackcomm_mofn-encryption_util,3
71_content_logyball_public_private_encryption_decrypt.py.txt,0,train,596,logyball_public_private_encryption_decrypt,5
71_content_logyball_public_private_encryption_keygen.py.txt,0,train,597,logyball_public_private_encryption_keygen,1
71_content_logyball_public_private_encryption_millerrabin.py.txt,0,train,598,logyball_public_private_encryption_millerrabin,4
81_content_Saiteja-Reddy_Basic-SFTP_caesar_cipher.py.txt,0,test,599,saiteja-reddy_basic-sftp_caesar_cipher,0
8_content_n1az_DiffieHellman_primRoot.py.txt,0,train,600,n1az_diffiehellman_primroot,4
10_content_tjazerzen_a_star_algorithm_helper_functions.py.txt,0,train,601,tjazerzen_a_star_algorithm_helper_functions,3
11_content_langokalla_A-star-Pathfinder_map.py.txt,0,train,602,langokalla_a-star-pathfinder_map,5
11_content_langokalla_A-star-Pathfinder_queues.py.txt,0,train,603,langokalla_a-star-pathfinder_queues,2
11_content_langokalla_A-star-Pathfinder_tools.py.txt,0,train,604,langokalla_a-star-pathfinder_tools,1
11_content_mskroar18_GraphWizard_Prim.py.txt,0,train,605,mskroar18_graphwizard_prim,3
12_content_NWuensche_DijkstraInPython_calculate_shortest_way.py.txt,0,train,606,nwuensche_dijkstrainpython_calculate_shortest_way,4
13_content_isabellavieira57_dijkstra-fractionalKnapsack-polynomialMultiplication_question2a.py.txt,0,train,607,isabellavieira57_dijkstra-fractionalknapsack-polynomialmultiplication_question2a,3
13_content_isabellavieira57_dijkstra-fractionalKnapsack-polynomialMultiplication_question3b.py.txt,0,train,608,isabellavieira57_dijkstra-fractionalknapsack-polynomialmultiplication_question3b,5
13_content_scedu25_EU-Rail_heap_priority_queue.py.txt,0,train,609,scedu25_eu-rail_heap_priority_queue,2
14_content_Robo-Sapien_Maze-Perilous-Real-Time-Implemention-of-Dijkstra-Algorithm_new091016.py.txt,0,test,610,robo-sapien_maze-perilous-real-time-implemention-of-dijkstra-algorithm_new091016,0
14_content_Robo-Sapien_Maze-Perilous-Real-Time-Implemention-of-Dijkstra-Algorithm_pixel_values.py.txt,0,test,611,robo-sapien_maze-perilous-real-time-implemention-of-dijkstra-algorithm_pixel_values,0
15_content_meghanagabhushan_DijkstraAlgorithm_main.py.txt,0,train,612,meghanagabhushan_dijkstraalgorithm_main,5
15_content_ronma1_Dijkstra_graph_algo.py.txt,0,test,613,ronma1_dijkstra_graph_algo,0
16_content_Murali91_Algorithms---Python_Dijkstra.py.txt,0,train,614,murali91_algorithms---python_dijkstra,1
16_content_pizzolatto_python_dijkstra_dijkstra.py.txt,0,train,615,pizzolatto_python_dijkstra_dijkstra,4
17_content_GGonzalezRojas_Tarea_1_MDR_Dijkstra_dijkstra.py.txt,0,train,616,ggonzalezrojas_tarea_1_mdr_dijkstra_dijkstra,3
17_content_GGonzalezRojas_Tarea_1_MDR_Dijkstra_dijkstra_v1.py.txt,0,train,617,ggonzalezrojas_tarea_1_mdr_dijkstra_dijkstra_v1,5
19_content_mmcetindag_ShortestPathAlgorithms_bellman-ford.py.txt,0,train,151,mmcetindag_shortestpathalgorithms_bellman-ford,4
1_content_shkolovy_path-finder-algorithms_b_star.py.txt,0,test,618,shkolovy_path-finder-algorithms_b_star,0
1_content_shkolovy_path-finder-algorithms_bfs.py.txt,0,train,619,shkolovy_path-finder-algorithms_bfs,2
1_content_shkolovy_path-finder-algorithms_dijkstra.py.txt,0,test,620,shkolovy_path-finder-algorithms_dijkstra,0
20_content_higirodj_Dijkstra_dijkstra.py.txt,0,val,621,higirodj_dijkstra_dijkstra,2
21_content_philippgovernale_dijkstrapy_getchar.py.txt,0,val,622,philippgovernale_dijkstrapy_getchar,1
23_content_gquintela_dijkstra_main.py.txt,0,train,623,gquintela_dijkstra_main,4
24_content_ApoorvaSaxena1_Dijkstra-Algorithm_Main.py.txt,0,train,624,apoorvasaxena1_dijkstra-algorithm_main,3
26_content_faisalkhan91_Dijkstras-Algorithm_DijkstrasAlgo.py.txt,0,train,625,faisalkhan91_dijkstras-algorithm_dijkstrasalgo,5
26_content_SKNIRBHAY_Improved-Dijkstra-s-Algorithm-Based-Load-Balancing-SDN-Application_CodeForMininet2.py.txt,0,train,626,sknirbhay_improved-dijkstra-s-algorithm-based-load-balancing-sdn-application_codeformininet2,2
27_content_gregoribarros_dijkstra_caminho_minimo.py.txt,0,train,627,gregoribarros_dijkstra_caminho_minimo,1
27_content_yukiiwong_Some-Simple-Graph-Theory-that-I-have-studyed_________.py.txt,0,train,628,yukiiwong_some-simple-graph-theory-that-i-have-studyed_________,4
30_content_williamsdsantos_dijkstras_algorithm_Topology.py.txt,0,val,629,williamsdsantos_dijkstras_algorithm_topology,3
33_content_arbitraryrw_dijkstras_algorithm_main.py.txt,0,test,630,arbitraryrw_dijkstras_algorithm_main,0
39_content_hamidaucc_Link-state-protocol-in-python_Test.py.txt,0,val,631,hamidaucc_link-state-protocol-in-python_test,5
3_content_abantikabasak_ImprovisedDijkstraFlood_GraphInput.py.txt,0,train,632,abantikabasak_improviseddijkstraflood_graphinput,2
3_content_root676_QNEAT3___init__.py.txt,0,val,633,root676_qneat3___init__,1
46_content_vaish06_EurailShortestPath_brainstorm.py.txt,0,val,634,vaish06_eurailshortestpath_brainstorm,4
47_content_woodElec_Parallel-Dijkstra-Networkx_voronoi_module.py.txt,0,train,635,woodelec_parallel-dijkstra-networkx_voronoi_module,3
49_content_lllunaticer_pathFindGUI_Draw.py.txt,0,test,636,lllunaticer_pathfindgui_draw,0
50_content_krj9cr_Hybrid-Prim-Dijkstra-GUI_Helpers.py.txt,0,val,637,krj9cr_hybrid-prim-dijkstra-gui_helpers,5
52_content_Tchaikovic_dijkstra_mapcreator.py.txt,0,train,638,tchaikovic_dijkstra_mapcreator,2
5_content_dedeco_dijkstra-bellman-ford_grafo.py.txt,0,train,120,dedeco_dijkstra-bellman-ford_grafo,3
65_content_josephnavarro_space-strategy_conversation.py.txt,0,train,639,josephnavarro_space-strategy_conversation,1
6_content_sujayt123_intelligent-segmentation_dijkstra.py.txt,0,val,640,sujayt123_intelligent-segmentation_dijkstra,4
85_content_TheSuri_Dijsktras_shortest_path.py.txt,0,train,641,thesuri_dijsktras_shortest_path,3
88_content_andreaestrada_mazecrawler_powerupPiles.py.txt,0,test,642,andreaestrada_mazecrawler_poweruppiles,0
88_content_andreaestrada_mazecrawler_server.py.txt,0,train,643,andreaestrada_mazecrawler_server,2
88_content_andreaestrada_mazecrawler_singlePowerup.py.txt,0,train,644,andreaestrada_mazecrawler_singlepowerup,5
88_content_NoFishLikeIan_Dijkstra_currency_currency_api.py.txt,0,train,645,nofishlikeian_dijkstra_currency_currency_api,2
95_content_anapandza_ComputerNetworks_Dijkstra.py.txt,0,train,112,anapandza_computernetworks_dijkstra,1
99_content_mincanhe_Network-routing-protocol_Dijkstra.py.txt,0,train,646,mincanhe_network-routing-protocol_dijkstra,1
9_content_diegooliveira95_PrimAndDijkstra_dijkstra.py.txt,0,train,647,diegooliveira95_primanddijkstra_dijkstra,4
11_content_tatsuyoshi-ikenoue_fizzbuzz_fizzbuzz.py.txt,0,train,648,tatsuyoshi-ikenoue_fizzbuzz_fizzbuzz,3
12_content_dxania_Fizzbuzz_fizzbuzz.py.txt,0,train,649,dxania_fizzbuzz_fizzbuzz,5
12_content_dxania_Fizzbuzz_fizzbuzz_tests.py.txt,0,test,650,dxania_fizzbuzz_fizzbuzz_tests,0
12_content_nikhilrajucc_Python_firstfile.py.txt,0,val,651,nikhilrajucc_python_firstfile,2
12_content_Subhamacademia_Efficient-way-to-Check-the-Divisibility-of-a-Number-by-Three_ex0.py.txt,0,train,652,subhamacademia_efficient-way-to-check-the-divisibility-of-a-number-by-three_ex0,1
13_content_lev1nyo_Spotify-Best-before-task_parse_dates.py.txt,0,train,653,lev1nyo_spotify-best-before-task_parse_dates,4
13_content_Odarlie_fizz_buzz_programming_logic_andelab_fizz_buzz_bootcamp_function.py.txt,0,train,654,odarlie_fizz_buzz_programming_logic_andelab_fizz_buzz_bootcamp_function,3
13_content_Odarlie_fizz_buzz_programming_logic_andelab_test_fizz_buzz.py.txt,0,val,655,odarlie_fizz_buzz_programming_logic_andelab_test_fizz_buzz,5
15_content_leni1_python-fizzbuzz_fizzbuzz.py.txt,0,train,656,leni1_python-fizzbuzz_fizzbuzz,2
15_content_leni1_python-fizzbuzz_fizzbuzz_test.py.txt,0,train,657,leni1_python-fizzbuzz_fizzbuzz_test,1
15_content_Nabeel-Asghar_List-Divsion_List-Division.py.txt,0,train,658,nabeel-asghar_list-divsion_list-division,4
17_content_bhushankorpe_Fizz_Buzz_Fibonacci_Fizz_Buzz_Fibonacci.py.txt,0,train,659,bhushankorpe_fizz_buzz_fibonacci_fizz_buzz_fibonacci,3
19_content_psvelezm_printSet_Pedro_Velez_pgm.py.txt,0,train,660,psvelezm_printset_pedro_velez_pgm,5
1_content_alexirpan_divisibility-regex_app.py.txt,0,val,661,alexirpan_divisibility-regex_app,2
20_content_IbrahimAyed_Multifractal-analysis-of-natural-images_texture_synthesis.py.txt,0,val,662,ibrahimayed_multifractal-analysis-of-natural-images_texture_synthesis,2
20_content_IbrahimAyed_Multifractal-analysis-of-natural-images_zoom.py.txt,0,train,663,ibrahimayed_multifractal-analysis-of-natural-images_zoom,1
22_content_Phillyclause89_ANIMAL_Quiz_ANIMAL.py.txt,0,train,664,phillyclause89_animal_quiz_animal,4
27_content_SethEggerRocks_WakingMoments_WakingMoments.py.txt,0,train,665,setheggerrocks_wakingmoments_wakingmoments,3
27_content_SethEggerRocks_WakingMoments_wakingWidgets.py.txt,0,train,666,setheggerrocks_wakingmoments_wakingwidgets,5
2_content_johnrobyclayton_division-project_plot.py.txt,0,train,667,johnrobyclayton_division-project_plot,2
3_content_arshdeepmalik_Fibonacci_series_divisibility_Fibonacci_series_.py.txt,0,test,668,arshdeepmalik_fibonacci_series_divisibility_fibonacci_series_,0
3_content_HundredVisionsGuy_DivisibilityExceptionHandlingTests_test_Divisibility.py.txt,0,val,669,hundredvisionsguy_divisibilityexceptionhandlingtests_test_divisibility,1
3_content_victornguyen75_x-factor_source.py.txt,0,train,670,victornguyen75_x-factor_source,4
4_content_captainACE_python-ADVANCEMATH-lib_ap.py.txt,0,train,671,captainace_python-advancemath-lib_ap,3
4_content_captainACE_python-ADVANCEMATH-lib_lineq.py.txt,0,train,672,captainace_python-advancemath-lib_lineq,5
4_content_flaviohenriqu_divisibility_flaskapp.py.txt,0,train,673,flaviohenriqu_divisibility_flaskapp,2
5_content_AdamJacoby_Hopf_Algebra_Tools.py.txt,0,train,674,adamjacoby_hopf_algebra_tools,1
5_content_AdamJacoby_Hopf_ElementClass.py.txt,0,val,675,adamjacoby_hopf_elementclass,4
5_content_AdamJacoby_Hopf_Example_Bpq.py.txt,0,train,676,adamjacoby_hopf_example_bpq,3
5_content_AdamJacoby_Hopf_Example_CyclicGroup.py.txt,0,train,677,adamjacoby_hopf_example_cyclicgroup,5
5_content_AdamJacoby_Hopf_Example_DihedralGroup.py.txt,0,test,678,adamjacoby_hopf_example_dihedralgroup,0
5_content_AdamJacoby_Hopf_Example_GeneralizedDihedralGroup.py.txt,0,test,679,adamjacoby_hopf_example_generalizeddihedralgroup,0
5_content_AdamJacoby_Hopf_Example_Matrix_Algebra.py.txt,0,train,680,adamjacoby_hopf_example_matrix_algebra,2
5_content_AdamJacoby_Hopf_Example_Taft.py.txt,0,train,681,adamjacoby_hopf_example_taft,1
5_content_AdamJacoby_Hopf_ExampleGroup_Functions.py.txt,0,train,682,adamjacoby_hopf_examplegroup_functions,3
5_content_AdamJacoby_Hopf_Frobenius_Divisibility_Algorithm.py.txt,0,train,683,adamjacoby_hopf_frobenius_divisibility_algorithm,3
5_content_AdamJacoby_Hopf_Frobenius_Tools.py.txt,0,train,684,adamjacoby_hopf_frobenius_tools,5
5_content_AdamJacoby_Hopf_HopfConstructions.py.txt,0,train,685,adamjacoby_hopf_hopfconstructions,4
5_content_DvorakSimon_divisibility_DivisionBySeven.py.txt,0,val,686,dvoraksimon_divisibility_divisionbyseven,1
6_content_marcelotokarnia_dojo-divisibility-rules_is_divisible.py.txt,0,train,687,marcelotokarnia_dojo-divisibility-rules_is_divisible,4
6_content_pushpanjalis_Basic-python-code_basic_code.py.txt,0,train,688,pushpanjalis_basic-python-code_basic_code,3
6_content_seonkyuKim_DFA_DFA.py.txt,0,val,689,seonkyukim_dfa_dfa,5
6_content_sockster_metroCard_metroCard.py.txt,0,train,690,sockster_metrocard_metrocard,2
7_content_Broski-AC_FizzBuzz1_Fizzbuzz.py.txt,0,train,691,broski-ac_fizzbuzz1_fizzbuzz,1
7_content_deawpic_math01_compute2.py.txt,0,train,692,deawpic_math01_compute2,4
7_content_jakobpederson_divisible_pair_sums_divisible_pair_sums.py.txt,0,test,693,jakobpederson_divisible_pair_sums_divisible_pair_sums,0
7_content_jakobpederson_divisible_pair_sums_test_divisible_pair_sums.py.txt,0,val,694,jakobpederson_divisible_pair_sums_test_divisible_pair_sums,3
8_content_drake-young_Euler12_Python_main.py.txt,0,val,695,drake-young_euler12_python_main,5
8_content_KreandOStudio_FizzBuzz_fizzbuzz.py.txt,0,val,696,kreandostudio_fizzbuzz_fizzbuzz,2
8_content_leocarr_smallestmultiple_smallestmult.py.txt,0,train,697,leocarr_smallestmultiple_smallestmult,1
10_content_kllinzy_Elliptic-Curve-Cryptography_demo.py.txt,0,train,698,kllinzy_elliptic-curve-cryptography_demo,4
10_content_kllinzy_Elliptic-Curve-Cryptography_ecc.py.txt,0,train,699,kllinzy_elliptic-curve-cryptography_ecc,3
10_content_kllinzy_Elliptic-Curve-Cryptography_point.py.txt,0,train,700,kllinzy_elliptic-curve-cryptography_point,5
10_content_kllinzy_Elliptic-Curve-Cryptography_public_key.py.txt,0,train,701,kllinzy_elliptic-curve-cryptography_public_key,2
10_content_ko-hii_EASY-Elliptic-curve-cryptography_decryption.py.txt,0,val,702,ko-hii_easy-elliptic-curve-cryptography_decryption,1
10_content_ko-hii_EASY-Elliptic-curve-cryptography_rho.py.txt,0,train,703,ko-hii_easy-elliptic-curve-cryptography_rho,4
10_content_Suraj-Rajesh_elliptic_curve_cryptography_main.py.txt,0,train,704,suraj-rajesh_elliptic_curve_cryptography_main,3
11_content_Patrick-Doucet_Elliptic-Curve-Cryptography_EllipticCurve.py.txt,0,test,705,patrick-doucet_elliptic-curve-cryptography_ellipticcurve,0
13_content_FN-HD_Elliptic_Curve_Cryptography_Main.py.txt,0,train,706,fn-hd_elliptic_curve_cryptography_main,5
13_content_limqiying_crypto_final_project_DH-test.py.txt,0,test,707,limqiying_crypto_final_project_dh-test,0
13_content_limqiying_crypto_final_project_EG-test.py.txt,0,train,708,limqiying_crypto_final_project_eg-test,2
16_content_SemyonMakhaev_elliptic-curve_main.py.txt,0,val,709,semyonmakhaev_elliptic-curve_main,1
17_content_achusat_Elliptic_Curve_Cryptography_ecc.py.txt,0,train,710,achusat_elliptic_curve_cryptography_ecc,4
17_content_krshubham_ecc-elgamal_elgamal.py.txt,0,train,711,krshubham_ecc-elgamal_elgamal,3
17_content_loranloranvl_ecc-point_ECC_Point.py.txt,0,val,712,loranloranvl_ecc-point_ecc_point,5
18_content_FN-HD_Elliptic_Curve_Cryptography_Fp_main.py.txt,0,train,713,fn-hd_elliptic_curve_cryptography_fp_main,2
19_content_tanishqjasoria_elliptic_curve_cryptography_mod.py.txt,0,train,714,tanishqjasoria_elliptic_curve_cryptography_mod,1
1_content_randombit_pairings.py_bls.py.txt,0,val,715,randombit_pairings,4
1_content_randombit_pairings.py_tripartite.py.txt,0,val,715,randombit_pairings,4
20_content_UAvinash7_Cryptography_AsymmetricRSAAlgorithm.py.txt,0,train,716,uavinash7_cryptography_asymmetricrsaalgorithm,3
20_content_UAvinash7_Cryptography_DigitalSignature.py.txt,0,train,717,uavinash7_cryptography_digitalsignature,5
20_content_UAvinash7_Cryptography_SymmmetricAESAlogrithm.py.txt,0,train,718,uavinash7_cryptography_symmmetricaesalogrithm,2
21_content_KingYapster_ECC-Elliptic-Curve-Cryptography-in-Python_ECC.py.txt,0,test,719,kingyapster_ecc-elliptic-curve-cryptography-in-python_ecc,0
25_content_naveenpvg3_Comparative-Analysis-of-Elliptic-and-Hessian-curve-cryptography_comgra.py.txt,0,train,720,naveenpvg3_comparative-analysis-of-elliptic-and-hessian-curve-cryptography_comgra,1
27_content_ayaar25_elgamalecceg_elgamal.py.txt,0,val,721,ayaar25_elgamalecceg_elgamal,4
27_content_ayaar25_elgamalecceg_interface.py.txt,0,train,722,ayaar25_elgamalecceg_interface,3
27_content_ayaar25_elgamalecceg_pointoperatorecc.py.txt,0,val,723,ayaar25_elgamalecceg_pointoperatorecc,5
2_content_ablumenf_ECCpy_ECC.py.txt,0,train,724,ablumenf_eccpy_ecc,2
2_content_cardwizard_EllipticCurves_ec_dhe.py.txt,0,val,725,cardwizard_ellipticcurves_ec_dhe,1
2_content_cardwizard_EllipticCurves_math_helpers.py.txt,0,train,726,cardwizard_ellipticcurves_math_helpers,4
2_content_johndoe31415_toyecc_dual_ec_drbg.py.txt,0,train,727,johndoe31415_toyecc_dual_ec_drbg,3
2_content_johndoe31415_toyecc_ecctest.py.txt,0,train,728,johndoe31415_toyecc_ecctest,5
2_content_johndoe31415_toyecc_ed25519test.py.txt,0,test,729,johndoe31415_toyecc_ed25519test,0
2_content_johndoe31415_toyecc_elgamaltest.py.txt,0,train,730,johndoe31415_toyecc_elgamaltest,2
2_content_johndoe31415_toyecc_PrefixMatcher.py.txt,0,train,731,johndoe31415_toyecc_prefixmatcher,1
2_content_johndoe31415_toyecc_StopWatch.py.txt,0,val,732,johndoe31415_toyecc_stopwatch,4
2_content_Yash0day_ElgamalEncryption-using-ECC_Hash.py.txt,0,train,733,yash0day_elgamalencryption-using-ecc_hash,3
3_content_dare2095_EllipticCurveProject_ec_run.sage.py.txt,0,train,734,dare2095_ellipticcurveproject_ec_run.sage,5
4_content_bward_ecc_signatures.py.txt,0,val,735,bward_ecc_signatures,2
4_content_JakubVojvoda_elliptic-curve-brute-force_decipher.py.txt,0,train,736,jakubvojvoda_elliptic-curve-brute-force_decipher,1
5_content_fernandolobato_ecc_verifiable_threshold_cryptosystem_key_gen.py.txt,0,train,737,fernandolobato_ecc_verifiable_threshold_cryptosystem_key_gen,5
6_content_gionanide_Cryptography_Crack_zip_files.py.txt,0,train,738,gionanide_cryptography_crack_zip_files,2
6_content_gionanide_Cryptography_Decrypt_Hip_replacement.py.txt,0,train,739,gionanide_cryptography_decrypt_hip_replacement,4
6_content_gionanide_Cryptography_ECC_DH_key_exchange.py.txt,0,train,740,gionanide_cryptography_ecc_dh_key_exchange,1
6_content_gionanide_Cryptography_encrypt_Image_sha256.py.txt,0,train,741,gionanide_cryptography_encrypt_image_sha256,4
6_content_gionanide_Cryptography_manipulate_CRC_computations.py.txt,0,test,590,gionanide_cryptography_manipulate_crc_computations,0
6_content_gionanide_Cryptography_superincreasing_knapsack.py.txt,0,test,742,gionanide_cryptography_superincreasing_knapsack,0
6_content_gionanide_Cryptography_VernamCipher.py.txt,0,train,743,gionanide_cryptography_vernamcipher,3
8_content_harshithachidanand_Elliptic-Curve-Cryptography_pollard_rho.py.txt,0,test,744,harshithachidanand_elliptic-curve-cryptography_pollard_rho,0
8_content_harshithachidanand_Elliptic-Curve-Cryptography_Shanks_algo.py.txt,0,val,745,harshithachidanand_elliptic-curve-cryptography_shanks_algo,5
11_content_harishchellappa_Time-Series-Analysis-Bike-Sharing-Demand-Forecasting_forecasting_2.py.txt,0,test,746,harishchellappa_time-series-analysis-bike-sharing-demand-forecasting_forecasting_2,0
11_content_harishchellappa_Time-Series-Analysis-Bike-Sharing-Demand-Forecasting_forecasting_passes.py.txt,0,train,747,harishchellappa_time-series-analysis-bike-sharing-demand-forecasting_forecasting_passes,2
11_content_harishchellappa_Time-Series-Analysis-Bike-Sharing-Demand-Forecasting_forecasting_revenue.py.txt,0,train,748,harishchellappa_time-series-analysis-bike-sharing-demand-forecasting_forecasting_revenue,1
1_content_amazingspain_ExponentialSmoothing_finalWorldQuant.py.txt,0,val,749,amazingspain_exponentialsmoothing_finalworldquant,4
1_content_ryanRahul5_Time-Series-on-python_time_series_anlys.py.txt,0,train,750,ryanrahul5_time-series-on-python_time_series_anlys,3
2_content_kristpapadopoulos_keras-exponential-smoothing_main.py.txt,0,train,751,kristpapadopoulos_keras-exponential-smoothing_main,5
2_content_kristpapadopoulos_keras-exponential-smoothing_ses.py.txt,0,train,752,kristpapadopoulos_keras-exponential-smoothing_ses,4
2_content_Shanmukha-Y_SIngle-Exponential-Smoothing-_predict.py.txt,0,train,753,shanmukha-y_single-exponential-smoothing-_predict,2
3_content_cdr6934_eSMA_ExpSMA.py.txt,0,train,754,cdr6934_esma_expsma,1
3_content_RobbieXie_ExponentialSmoothing_Holt_Winters.py.txt,0,test,755,robbiexie_exponentialsmoothing_holt_winters,0
6_content_hungph-dev-ict_simple-exponential-smoothing_main.py.txt,0,val,756,hungph-dev-ict_simple-exponential-smoothing_main,4
6_content_morekeysjr_TechHubZambia_Project.py.txt,0,train,757,morekeysjr_techhubzambia_project,3
8_content_6test5_expsmooth_expsmooth.py.txt,0,train,758,6test5_expsmooth_expsmooth,5
9_content_Soumyabrata_predicting-pwv_benchmarking.py.txt,0,test,759,soumyabrata_predicting-pwv_benchmarking,0
9_content_Soumyabrata_predicting-pwv_grid_search.py.txt,0,train,760,soumyabrata_predicting-pwv_grid_search,2
9_content_Soumyabrata_predicting-pwv_pwv_forecasting.py.txt,0,train,761,soumyabrata_predicting-pwv_pwv_forecasting,1
9_content_Soumyabrata_predicting-pwv_read_matfile.py.txt,0,train,762,soumyabrata_predicting-pwv_read_matfile,4
10_content_stensonowen_factorial_bot_atoi.py.txt,0,train,763,stensonowen_factorial_bot_atoi,3
10_content_stensonowen_factorial_bot_fact_bot.py.txt,0,test,764,stensonowen_factorial_bot_fact_bot,0
10_content_stensonowen_factorial_bot_text2num.py.txt,0,train,765,stensonowen_factorial_bot_text2num,5
11_content_kousu_primes_cubesieve_explore.py.txt,0,train,766,kousu_primes_cubesieve_explore,2
11_content_kousu_primes_wsieve_b.py.txt,0,train,767,kousu_primes_wsieve_b,1
12_content_vidya_digit-factorial-chain_test_digitfactorialchain.py.txt,0,train,768,vidya_digit-factorial-chain_test_digitfactorialchain,4
19_content_bowiechen_FactorialDigitsSum_Counter.py.txt,0,train,769,bowiechen_factorialdigitssum_counter,3
1_content_gsharu_QA_FACT_test_QAInterviewAppl.py.txt,0,train,770,gsharu_qa_fact_test_qainterviewappl,5
1_content_mattjj_pyhsmm-factorial_util.py.txt,0,val,771,mattjj_pyhsmm-factorial_util,2
1_content_MuricanCoderVersionTwo_Factorial-Calculation_Factorial.py.txt,0,val,772,muricancoderversiontwo_factorial-calculation_factorial,4
23_content_AndreasChatz_factorial_constants.py.txt,0,train,773,andreaschatz_factorial_constants,1
23_content_AndreasChatz_factorial_prime_swing.py.txt,0,train,774,andreaschatz_factorial_prime_swing,4
2_content_CthulhuDen_Factorials_slaves.py.txt,0,val,775,cthulhuden_factorials_slaves,3
30_content_talbrecht_ensemble-scoring_run.py.txt,0,train,776,talbrecht_ensemble-scoring_run,5
33_content_priech_PyFactorial_factorial.py.txt,0,train,777,priech_pyfactorial_factorial,5
36_content_EricHeGitHub_python-factorial-base-rubik-rectangle-word-game-overlapping-photographs-related-algorithms_factorial_base.py.txt,0,train,778,erichegithub_python-factorial-base-rubik-rectangle-word-game-overlapping-photographs-related-algorithms_factorial_base,2
38_content_citigoad_Appengine_factorial_factorial.py.txt,0,train,779,citigoad_appengine_factorial_factorial,1
3_content_kressi_turing_turing.py.txt,0,train,780,kressi_turing_turing,5
3_content_Misael89_Programacion-Ejercicios_Promedio.py.txt,0,train,781,misael89_programacion-ejercicios_promedio,4
42_content_jrooks0520_Python_Factorial_CS230_Project4.py.txt,0,train,782,jrooks0520_python_factorial_cs230_project4,3
43_content_Warriorchief_Euler34_DigitFactorials_Euler34_Digit_Factorials.py.txt,0,train,783,warriorchief_euler34_digitfactorials_euler34_digit_factorials,5
4_content_hyper750_factorialhr_constants.py.txt,0,train,784,hyper750_factorialhr_constants,2
4_content_moduloone_QualtricsFactorialVignettes_questiongen.py.txt,0,train,785,moduloone_qualtricsfactorialvignettes_questiongen,1
4_content_rohinigopalqxf2_Factorial-Calculator-Practice_03_Fill_values.py.txt,0,test,786,rohinigopalqxf2_factorial-calculator-practice_03_fill_values,0
4_content_rohinigopalqxf2_Factorial-Calculator-Practice_04_Calculation.py.txt,0,test,787,rohinigopalqxf2_factorial-calculator-practice_04_calculation,0
4_content_rohinigopalqxf2_Factorial-Calculator-Practice_05_Non_Integer_Validation.py.txt,0,train,788,rohinigopalqxf2_factorial-calculator-practice_05_non_integer_validation,5
51_content_adityapatelgithub_Expressions-and-Functions_evalpostfix.py.txt,0,train,789,adityapatelgithub_expressions-and-functions_evalpostfix,2
51_content_adityapatelgithub_Expressions-and-Functions_evaluate.py.txt,0,train,790,adityapatelgithub_expressions-and-functions_evaluate,4
51_content_adityapatelgithub_Expressions-and-Functions_linkedlist.py.txt,0,train,791,adityapatelgithub_expressions-and-functions_linkedlist,1
51_content_adityapatelgithub_Expressions-and-Functions_newsplit.py.txt,0,test,792,adityapatelgithub_expressions-and-functions_newsplit,0
51_content_adityapatelgithub_Expressions-and-Functions_peekable.py.txt,0,train,793,adityapatelgithub_expressions-and-functions_peekable,4
5_content_brown9804_Python_DiversosAlgortimos_CalculoParametrosBalonClimatico.py.txt,0,train,794,brown9804_python_diversosalgortimos_calculoparametrosbalonclimatico,3
5_content_brown9804_Python_DiversosAlgortimos_CreandoMatrizApartirTXT.py.txt,0,train,795,brown9804_python_diversosalgortimos_creandomatrizapartirtxt,2
5_content_brown9804_Python_DiversosAlgortimos_JuegoGato_XO.py.txt,0,train,796,brown9804_python_diversosalgortimos_juegogato_xo,5
5_content_brown9804_Python_DiversosAlgortimos_Maquina_Atwood.py.txt,0,train,797,brown9804_python_diversosalgortimos_maquina_atwood,2
5_content_brown9804_Python_DiversosAlgortimos_VerificaFechaValidaCalendario.py.txt,0,test,798,brown9804_python_diversosalgortimos_verificafechavalidacalendario,0
77_content_elisawarner_Fun_determinant.py.txt,0,val,799,elisawarner_fun_determinant,1
7_content_yicheng-w_70Factorial_app.py.txt,0,train,800,yicheng-w_70factorial_app,4
84_content_rev1z_async_factorial_webapp_logic.py.txt,0,train,801,rev1z_async_factorial_webapp_logic,3
8_content_amit0-git_simple-python-program_English-alphabets.py.txt,0,train,802,amit0-git_simple-python-program_english-alphabets,5
8_content_jcwyatt_factorial_factorial.py.txt,0,val,803,jcwyatt_factorial_factorial,2
91_content_MerliX_async-factorial_server.py.txt,0,train,804,merlix_async-factorial_server,1
97_content_mjurk456_mini-snakes_aligning_text_file.py.txt,0,val,805,mjurk456_mini-snakes_aligning_text_file,4
97_content_mjurk456_mini-snakes_fizz_buzz.py.txt,0,train,806,mjurk456_mini-snakes_fizz_buzz,3
97_content_mjurk456_mini-snakes_flowers.py.txt,0,train,606,mjurk456_mini-snakes_flowers,4
97_content_mjurk456_mini-snakes_love_calculator.py.txt,0,train,807,mjurk456_mini-snakes_love_calculator,5
97_content_mjurk456_mini-snakes_pesel.py.txt,0,test,808,mjurk456_mini-snakes_pesel,0
97_content_mjurk456_mini-snakes_pseudorandom_sentence_generator.py.txt,0,train,809,mjurk456_mini-snakes_pseudorandom_sentence_generator,2
97_content_mjurk456_mini-snakes_web_scrapper.py.txt,0,train,810,mjurk456_mini-snakes_web_scrapper,1
9_content_ankur-anand_Factorial-Algorithm_fact_12_unittest.py.txt,0,train,811,ankur-anand_factorial-algorithm_fact_12_unittest,4
10_content_edwardj728_sequences_project_sequences.py.txt,0,train,812,edwardj728_sequences_project_sequences,3
10_content_jhreinholdt_fibonacci-sequence_fibonacci_sequence.py.txt,0,train,813,jhreinholdt_fibonacci-sequence_fibonacci_sequence,5
11_content_XlogicX_Fibonacci_fib.py.txt,0,train,814,xlogicx_fibonacci_fib,2
13_content_danielSbastos_binary-fibonacci_columns.py.txt,0,train,815,danielsbastos_binary-fibonacci_columns,1
13_content_danielSbastos_binary-fibonacci_prototype.py.txt,0,train,816,danielsbastos_binary-fibonacci_prototype,4
13_content_danielSbastos_binary-fibonacci_transpose.py.txt,0,test,817,danielsbastos_binary-fibonacci_transpose,0
13_content_frederikpietzko_fun_with_python_gdc_euclidian_algorithm.py.txt,0,train,818,frederikpietzko_fun_with_python_gdc_euclidian_algorithm,3
13_content_frederikpietzko_fun_with_python_prime_factorization.py.txt,0,val,819,frederikpietzko_fun_with_python_prime_factorization,5
14_content_Alexander35_fibonacci_sequence_fibonacci.py.txt,0,train,820,alexander35_fibonacci_sequence_fibonacci,2
14_content_Alexander35_fibonacci_sequence_fibonacci_tests.py.txt,0,val,821,alexander35_fibonacci_sequence_fibonacci_tests,1
14_content_Alexander35_fibonacci_sequence_http_server_tests.py.txt,0,train,822,alexander35_fibonacci_sequence_http_server_tests,5
19_content_frankiekienlam_Fibonacci_Pyramids_pyramid.py.txt,0,train,823,frankiekienlam_fibonacci_pyramids_pyramid,4
19_content_frankiekienlam_Fibonacci_Pyramids_test_pset.py.txt,0,train,824,frankiekienlam_fibonacci_pyramids_test_pset,3
21_content_danielleos_Fibonacci-Generator_main.py.txt,0,train,825,danielleos_fibonacci-generator_main,5
25_content_sharonyeji_Fibonacci_Sequence_test_sequences.py.txt,0,train,826,sharonyeji_fibonacci_sequence_test_sequences,2
30_content_pwneip_fibonacci_fibonacci.py.txt,0,train,827,pwneip_fibonacci_fibonacci,1
38_content_emilyhammer_fibonacci_app.py.txt,0,train,828,emilyhammer_fibonacci_app,4
40_content_j-nicholson_FibonacciPy_fibonacci.py.txt,0,train,829,j-nicholson_fibonaccipy_fibonacci,3
42_content_tesladodger_Fibonacci_fibonacci.py.txt,0,train,830,tesladodger_fibonacci_fibonacci,5
44_content_Mazuh_Fibonacci_fib_benchmark.py.txt,0,val,831,mazuh_fibonacci_fib_benchmark,2
44_content_nathanthomashoang_fibonacci-sequence-recursive_fibonacci_recursive.py.txt,0,val,832,nathanthomashoang_fibonacci-sequence-recursive_fibonacci_recursive,1
46_content_skropf_fib-drawer_Mathematics.py.txt,0,train,833,skropf_fib-drawer_mathematics,4
46_content_skropf_fib-drawer_test-animation.py.txt,0,train,834,skropf_fib-drawer_test-animation,3
48_content_PhilGrogan_fibonacci_fibonacci.py.txt,0,train,835,philgrogan_fibonacci_fibonacci,5
49_content_ajh1143_FibonacciScatterPlot_FibonacciScatter.py.txt,0,train,836,ajh1143_fibonacciscatterplot_fibonacciscatter,2
4_content_razaHamdani_Fibonacci-ish-Sequence_fib.py.txt,0,val,837,razahamdani_fibonacci-ish-sequence_fib,1
50_content_eyablokov_fibonacci-api_test_resources.py.txt,0,train,838,eyablokov_fibonacci-api_test_resources,4
51_content_rw15e_CIS4930-Python-Project-3_graph.py.txt,0,val,839,rw15e_cis4930-python-project-3_graph,3
51_content_UnPolinomio_fibonacci-number_numbers.py.txt,0,train,840,unpolinomio_fibonacci-number_numbers,5
55_content_NM20XX_Python_Fibonacci_Sequence.py.txt,0,train,841,nm20xx_python_fibonacci_sequence,2
60_content_michaelstrefeler_pyFibonacci_fibonacci.py.txt,0,val,842,michaelstrefeler_pyfibonacci_fibonacci,1
61_content_AaronRobson_sequences_decorators.py.txt,0,train,843,aaronrobson_sequences_decorators,4
61_content_AaronRobson_sequences_fibonacci_numbers.py.txt,0,train,844,aaronrobson_sequences_fibonacci_numbers,2
61_content_AaronRobson_sequences_prime_gui.py.txt,0,train,845,aaronrobson_sequences_prime_gui,3
61_content_AaronRobson_sequences_triangle_numbers.py.txt,0,train,846,aaronrobson_sequences_triangle_numbers,5
61_content_gpwood_fibonacciOfOrderN_fib.py.txt,0,train,847,gpwood_fibonacciofordern_fib,2
61_content_gpwood_fibonacciOfOrderN_pad.py.txt,0,train,848,gpwood_fibonacciofordern_pad,1
62_content_arenart90_fsm-python_fsm.py.txt,0,train,849,arenart90_fsm-python_fsm,4
62_content_MurphyPone_fibo-converter_main.py.txt,0,train,850,murphypone_fibo-converter_main,3
67_content_GilbyScarChest_Fibonacci_API_app.py.txt,0,train,851,gilbyscarchest_fibonacci_api_app,5
68_content_jacob-bonner_ICS3U-Assignment7-Python_fibonacci.py.txt,0,train,852,jacob-bonner_ics3u-assignment7-python_fibonacci,2
69_content_soldat76_FibonacciGenerator_FibonacciGenerator.py.txt,0,train,853,soldat76_fibonaccigenerator_fibonaccigenerator,1
79_content_s1ssagar_fibonacci-finding-easy_fibonacci-finding-easy.py.txt,0,train,854,s1ssagar_fibonacci-finding-easy_fibonacci-finding-easy,4
8_content_lucasmullerm_turing-machine-fibonacci_main.py.txt,0,train,855,lucasmullerm_turing-machine-fibonacci_main,3
8_content_lucasmullerm_turing-machine-fibonacci_tm.py.txt,0,test,856,lucasmullerm_turing-machine-fibonacci_tm,0
8_content_rianlian7_FibonacciSequence-Python-Tk_Fibonacci_Sequence.py.txt,0,test,857,rianlian7_fibonaccisequence-python-tk_fibonacci_sequence,0
99_content_MatheusMuriel_ProgramacaoDinamica_fib_rec_memorization.py.txt,0,train,858,matheusmuriel_programacaodinamica_fib_rec_memorization,3
99_content_MatheusMuriel_ProgramacaoDinamica_Memoria.py.txt,0,val,859,matheusmuriel_programacaodinamica_memoria,5
99_content_MatheusMuriel_ProgramacaoDinamica_Plotador.py.txt,0,train,860,matheusmuriel_programacaodinamica_plotador,2
9_content_ghemsley_fibonacci_fib.py.txt,0,train,861,ghemsley_fibonacci_fib,1
11_content_liam-han_all-pairs-shortest-path_allPairsShortestPath.py.txt,0,val,862,liam-han_all-pairs-shortest-path_allpairsshortestpath,4
11_content_liam-han_all-pairs-shortest-path_py.py.txt,0,train,863,liam-han_all-pairs-shortest-path_py,3
11_content_liam-han_all-pairs-shortest-path_test.py.txt,0,val,143,liam-han_all-pairs-shortest-path_test,5
12_content_AtahanCelebi_Shortest-Route-with-Floyd-Warshall-Algorithm_map_distance.py.txt,0,train,864,atahancelebi_shortest-route-with-floyd-warshall-algorithm_map_distance,3
12_content_byu014_all-pairs-shortest-path_allPairsShortestPath.py.txt,0,train,865,byu014_all-pairs-shortest-path_allpairsshortestpath,5
13_content_AtahanCelebi_En-K-sa-Yol_map_distance.py.txt,0,train,866,atahancelebi_en-k-sa-yol_map_distance,3
13_content_AtahanCelebi_En-K-sa-Yol_polyline_denemesi.py.txt,0,train,867,atahancelebi_en-k-sa-yol_polyline_denemesi,2
13_content_AtahanCelebi_En-K-sa-Yol_warshall.py.txt,0,train,868,atahancelebi_en-k-sa-yol_warshall,1
13_content_monicanto101_all-pairs-shortest-path_allPairsShortestPath.py.txt,0,train,869,monicanto101_all-pairs-shortest-path_allpairsshortestpath,4
14_content_arnaudperalta_py_graphpath___main__.py.txt,0,train,870,arnaudperalta_py_graphpath___main__,3
14_content_arnaudperalta_py_graphpath_graph.py.txt,0,train,871,arnaudperalta_py_graphpath_graph,5
14_content_MGhousSarwar_Algorithm-Analysis_Script.py.txt,0,train,872,mghoussarwar_algorithm-analysis_script,2
16_content_QueraltSM_HospitalShortestPath_main.py.txt,0,train,873,queraltsm_hospitalshortestpath_main,1
17_content_kanavkhanna_Application-Software_Software_Application.py.txt,0,train,874,kanavkhanna_application-software_software_application,4
1_content_nilsonneto_floydWarshall_main.py.txt,0,train,875,nilsonneto_floydwarshall_main,3
1_content_smbanaie_floyd-warshall-python_Main.py.txt,0,train,876,smbanaie_floyd-warshall-python_main,5
1_content_TamaWilson_floyd_python_floyd.py.txt,0,train,877,tamawilson_floyd_python_floyd,2
2_content_Ap1402_floydWarshall_floyd.py.txt,0,train,878,ap1402_floydwarshall_floyd,1
3_content_hamedomidvar_GPU_FloydWarshall_FW_Rev0.1.py.txt,0,train,879,hamedomidvar_gpu_floydwarshall_fw_rev0.1,4
3_content_harisrkhan7_FloydWarshallAlgorithmParallelisation_goodgraph.py.txt,0,train,880,harisrkhan7_floydwarshallalgorithmparallelisation_goodgraph,3
3_content_renyuntao_Floyd_Warshall_floyd.py.txt,0,train,881,renyuntao_floyd_warshall_floyd,5
4_content_mmcniece_tiled_floyd_warshall_tiled_FW.py.txt,0,train,882,mmcniece_tiled_floyd_warshall_tiled_fw,2
5_content_Abdallah-Elshamy_floyd-warshall_APSP-Floyd_Warshall.py.txt,0,train,883,abdallah-elshamy_floyd-warshall_apsp-floyd_warshall,1
5_content_jzell001_Bellman_Ford_Floyd_Warshall_._c9_invoke_zARza2.py.txt,0,train,884,jzell001_bellman_ford_floyd_warshall_._c9_invoke_zarza2,4
5_content_jzell001_Bellman_Ford_Floyd_Warshall_bellman_ford.py.txt,0,val,885,jzell001_bellman_ford_floyd_warshall_bellman_ford,5
5_content_NuttySalmon_connecting_flights_start.py.txt,0,val,886,nuttysalmon_connecting_flights_start,3
6_content_1siddhi7_Floyd-Warshall_fw.py.txt,0,train,887,1siddhi7_floyd-warshall_fw,5
6_content_1siddhi7_Floyd-Warshall_tk.py.txt,0,train,888,1siddhi7_floyd-warshall_tk,2
6_content_chawl002_PythonProject141_2_assignment2.py.txt,0,train,889,chawl002_pythonproject141_2_assignment2,1
7_content_ghifarozarrr_floyd-warshall-algorithm_floyd.py.txt,0,train,890,ghifarozarrr_floyd-warshall-algorithm_floyd,4
7_content_tsingh94_Bellman-Ford-and-Floyd-Warshall-Algorithms_Shortestdistance_graph_algos.py.txt,0,test,891,tsingh94_bellman-ford-and-floyd-warshall-algorithms_shortestdistance_graph_algos,0
8_content_andersonlthome_floyd-warshall-algorithm_floyd_warshall.py.txt,0,test,892,andersonlthome_floyd-warshall-algorithm_floyd_warshall,0
8_content_chiragragarwal_Graphs_And_Networks_graph_plot.py.txt,0,train,893,chiragragarwal_graphs_and_networks_graph_plot,3
8_content_chiragragarwal_Graphs_And_Networks_numpy_help.py.txt,0,train,894,chiragragarwal_graphs_and_networks_numpy_help,5
8_content_chiragragarwal_Graphs_And_Networks_PlotGraph.py.txt,0,train,895,chiragragarwal_graphs_and_networks_plotgraph,2
8_content_chiragragarwal_Graphs_And_Networks_ReadGraph.py.txt,0,val,896,chiragragarwal_graphs_and_networks_readgraph,1
8_content_JanFeys_Floyd-Warshall-All-Pairs-Shortest-Path_FloydWarshallAPSP.py.txt,0,train,897,janfeys_floyd-warshall-all-pairs-shortest-path_floydwarshallapsp,4
10_content_nazaninsbr_Intelligent-Systems-CA3_Q3_Clustering.py.txt,0,train,898,nazaninsbr_intelligent-systems-ca3_q3_clustering,3
10_content_Suji04_ML-Clustering_hccluster.py.txt,0,train,899,suji04_ml-clustering_hccluster,5
13_content_theSnehaThing_HierarchicalClustering_Hierchial_Classification.py.txt,0,train,900,thesnehathing_hierarchicalclustering_hierchial_classification,4
15_content_sharonWU0505_Hierarchical-Clustering-of-Facebook-Fan-Pages_Preprocess_tf.py.txt,0,train,901,sharonwu0505_hierarchical-clustering-of-facebook-fan-pages_preprocess_tf,2
18_content_ronak-07_Agglomerative-Hierarchical-Clustering_Agglomerative.py.txt,0,val,902,ronak-07_agglomerative-hierarchical-clustering_agglomerative,1
18_content_ronak-07_Agglomerative-Hierarchical-Clustering_Preprocess.py.txt,0,val,903,ronak-07_agglomerative-hierarchical-clustering_preprocess,4
18_content_Saychakr13_CLUSTERING_MODELS_hc.py.txt,0,train,904,saychakr13_clustering_models_hc,3
20_content_a-hamza-r_Hierarchical-Clustering_hpc_classify.py.txt,0,train,905,a-hamza-r_hierarchical-clustering_hpc_classify,5
21_content_jakubsilhavy_mhhc_config.py.txt,0,train,906,jakubsilhavy_mhhc_config,2
21_content_jakubsilhavy_mhhc_data_prep_LLS.py.txt,0,train,907,jakubsilhavy_mhhc_data_prep_lls,1
25_content_83Shashi_Hierarchical-Clustering_hierarchicalclustering.py.txt,0,train,908,83shashi_hierarchical-clustering_hierarchicalclustering,4
25_content_MarcLindenbach_2d-grouping_k_cluster.py.txt,0,train,909,marclindenbach_2d-grouping_k_cluster,3
26_content_dmallya93_Intelligent-Web-Services-Discovery-using-Clustering-Method_description_similarities.py.txt,0,train,910,dmallya93_intelligent-web-services-discovery-using-clustering-method_description_similarities,5
26_content_dmallya93_Intelligent-Web-Services-Discovery-using-Clustering-Method_jsonMaker.py.txt,0,train,911,dmallya93_intelligent-web-services-discovery-using-clustering-method_jsonmaker,2
29_content_gentom_sentences-similarity-cluster_levenshtein.py.txt,0,train,912,gentom_sentences-similarity-cluster_levenshtein,1
29_content_SomeshKashyap_Hierarchical-Clustering_HierarchicalClustering.py.txt,0,train,913,someshkashyap_hierarchical-clustering_hierarchicalclustering,4
2_content_zalayo_Hierarchical-Linkage-Regression_HLRlinkages.py.txt,0,train,914,zalayo_hierarchical-linkage-regression_hlrlinkages,3
2_content_zalayo_Hierarchical-Linkage-Regression_HLRtest.py.txt,0,train,915,zalayo_hierarchical-linkage-regression_hlrtest,5
32_content_BhaveshMotwani_Hierarchical_Document_Clustering_hac.py.txt,0,test,916,bhaveshmotwani_hierarchical_document_clustering_hac,0
32_content_Terry-Kusunoki-Martin_World-University-Rankings-Clustering_filehelper.py.txt,0,train,917,terry-kusunoki-martin_world-university-rankings-clustering_filehelper,2
33_content_apoorvpatne10_Hierarchical-clustering_hc.py.txt,0,train,918,apoorvpatne10_hierarchical-clustering_hc,1
36_content_hasanunl_Hierarchical-Clustering-in-Python-Training_hc_training.py.txt,0,val,919,hasanunl_hierarchical-clustering-in-python-training_hc_training,4
39_content_rcchoksi_ANN-and-hierarchical-clustering-for-Flag-data_Clustering.py.txt,0,train,920,rcchoksi_ann-and-hierarchical-clustering-for-flag-data_clustering,3
3_content_riteshkasat_Community-Detection-Algorithm_detect_community.py.txt,0,train,921,riteshkasat_community-detection-algorithm_detect_community,5
44_content_IQbrod_Hierarchical-clustering_parthieragglo.py.txt,0,train,922,iqbrod_hierarchical-clustering_parthieragglo,2
47_content_sejall_Hierarchical-Clustering_hierrchical_clustering.py.txt,0,test,923,sejall_hierarchical-clustering_hierrchical_clustering,0
4_content_kevalmorabia97_Agglomerative-Hierarchical-Clustering-Comparison_HierarchicalAgglomerativeClustering.py.txt,0,train,924,kevalmorabia97_agglomerative-hierarchical-clustering-comparison_hierarchicalagglomerativeclustering,1
4_content_ktrujillo52_Bitcoin-price-forecast_bitcoin_clustering.py.txt,0,train,925,ktrujillo52_bitcoin-price-forecast_bitcoin_clustering,4
4_content_wazzaarvind_Clustering-Algorithms_reducer.py.txt,0,test,926,wazzaarvind_clustering-algorithms_reducer,0
50_content_mrugankray_Hierarchical_Clustering_hierarchichal_clustering.py.txt,0,train,927,mrugankray_hierarchical_clustering_hierarchichal_clustering,3
51_content_ParthanOlikkal_Agglomerative-Hierarchical-Clustering_Agglomerative_hierarchical_clustering.py.txt,0,train,928,parthanolikkal_agglomerative-hierarchical-clustering_agglomerative_hierarchical_clustering,5
51_content_qolina_AggED_simple-txt-to-text-stream.py.txt,0,train,929,qolina_agged_simple-txt-to-text-stream,2
52_content_worldofnick_Wikipedia-Mining_wiki_prepare.py.txt,0,train,930,worldofnick_wikipedia-mining_wiki_prepare,1
54_content_juancprzs_hierarchical-clustering-example_tutorial_python.py.txt,0,train,931,juancprzs_hierarchical-clustering-example_tutorial_python,4
55_content_siddbhatia07_MACHINE-LEARNING_Simple_linear_regression.py.txt,0,test,932,siddbhatia07_machine-learning_simple_linear_regression,0
55_content_taksug229_Python-hierarchical-clustering_Working_Data_Hierarchical_Clustering.py.txt,0,val,933,taksug229_python-hierarchical-clustering_working_data_hierarchical_clustering,3
56_content_RohanBose95_CommunityDetectionAlgorithmImplementation_CommunityDetectionAlgorithmOnKarateClubGraph.py.txt,0,train,934,rohanbose95_communitydetectionalgorithmimplementation_communitydetectionalgorithmonkarateclubgraph,5
61_content_cthorrez_deepsetLinkage_baselines.py.txt,0,train,935,cthorrez_deepsetlinkage_baselines,2
61_content_cthorrez_deepsetLinkage_plot_results.py.txt,0,train,936,cthorrez_deepsetlinkage_plot_results,1
68_content_ajitashree_Data_Mining_Algorithms_eclat.py.txt,0,train,937,ajitashree_data_mining_algorithms_eclat,4
69_content_MarynaTatsevich_Machine-Learning-Unsupervised-Learning-Techniques_hierarchical_clustering_algorithm.py.txt,0,train,938,marynatatsevich_machine-learning-unsupervised-learning-techniques_hierarchical_clustering_algorithm,3
6_content_yasinakinn_hierarchical-clustering_linkage_methods.py.txt,0,train,939,yasinakinn_hierarchical-clustering_linkage_methods,5
70_content_metr0jw_video-liveness-measurement_video_cut_bts.py.txt,0,train,940,metr0jw_video-liveness-measurement_video_cut_bts,2
86_content_sudarshan-koirala_Clustering-Algorithms-Comparision_hierarchical_clustering.py.txt,0,val,941,sudarshan-koirala_clustering-algorithms-comparision_hierarchical_clustering,1
93_content_vishwakftw_extreme-classification_baseline.py.txt,0,test,942,vishwakftw_extreme-classification_baseline,0
99_content_sadhana-lenkala_Clustering-Models-for-retail-store_Hierarchial_Clsutering.py.txt,0,train,943,sadhana-lenkala_clustering-models-for-retail-store_hierarchial_clsutering,3
9_content_mgarasz_DTW-Cryptocurrencies_crypto_scrape_helper.py.txt,0,test,944,mgarasz_dtw-cryptocurrencies_crypto_scrape_helper,0
10_content_iJohnMaged_Huffman-Coding_fileIO.py.txt,0,train,945,ijohnmaged_huffman-coding_fileio,2
10_content_selden-lin_python_huffman_tree_decompressor_nodes.py.txt,0,train,946,selden-lin_python_huffman_tree_decompressor_nodes,4
11_content_SharifAmit_HuffmanCoding_encoder.py.txt,0,train,947,sharifamit_huffmancoding_encoder,1
12_content_gabrielviggiano_MD_Huffman_huffman.py.txt,0,train,948,gabrielviggiano_md_huffman_huffman,4
13_content_ctao5660_huffman-tree_huffmancompression.py.txt,0,test,949,ctao5660_huffman-tree_huffmancompression,0
13_content_sehajchawla_Compression_arithmetic.py.txt,0,train,950,sehajchawla_compression_arithmetic,3
14_content_lucascamposj_huffman-coding_huffman_decode.py.txt,0,val,951,lucascamposj_huffman-coding_huffman_decode,5
15_content_Nan-L_Huffman_Coding_HuffmanHeap.py.txt,0,test,952,nan-l_huffman_coding_huffmanheap,0
15_content_prashant-kikani_image-optimizer_utils.py.txt,0,train,953,prashant-kikani_image-optimizer_utils,2
16_content_loalberto_Analysis-of-Compression-Algorithms-_HuffmanCoding.py.txt,0,train,954,loalberto_analysis-of-compression-algorithms-_huffmancoding,1
16_content_MiKoronjoo_Python-Huffman-coding_decoding.py.txt,0,train,955,mikoronjoo_python-huffman-coding_decoding,4
17_content_fekadeabdejene_HuffmanEncoding_Huffman.py.txt,0,train,956,fekadeabdejene_huffmanencoding_huffman,3
18_content_NegarMirgati_CodingAndErrorDetection_All.py.txt,0,val,957,negarmirgati_codinganderrordetection_all,5
19_content_CQuocDat_huffman_de_huffman.py.txt,0,train,958,cquocdat_huffman_de_huffman,2
19_content_Venergon_huffman_huffman_binary.py.txt,0,train,959,venergon_huffman_huffman_binary,1
1_content_bhrigu123_huffman-coding_huffman.py.txt,0,train,960,bhrigu123_huffman-coding_huffman,4
1_content_farizrahman4u_huffmax_test_training_speed.py.txt,0,train,961,farizrahman4u_huffmax_test_training_speed,3
1_content_josgard94_JPEG_Algoritmo_jpeg.py.txt,0,train,962,josgard94_jpeg_algoritmo_jpeg,5
1_content_josgard94_JPEG_generador_huffman_code.py.txt,0,train,963,josgard94_jpeg_generador_huffman_code,2
20_content_maganoegi_huffman_decompressor_decomp_PLATONOV_MPACKO.py.txt,0,test,964,maganoegi_huffman_decompressor_decomp_platonov_mpacko,0
21_content_loalberto_HuffmanCoding_HuffmanCoding.py.txt,0,test,965,loalberto_huffmancoding_huffmancoding,0
21_content_Nareshbabu19_Python-Image-compression_test2.py.txt,0,train,966,nareshbabu19_python-image-compression_test2,1
22_content_Raxev_datastructures3_huffElement.py.txt,0,train,967,raxev_datastructures3_huffelement,4
23_content_xuwangme_huffmanTree_Main.py.txt,0,train,968,xuwangme_huffmantree_main,3
24_content_maganoegi_huffman_compressor_comp_PLATONOV_MPACKO.py.txt,0,train,969,maganoegi_huffman_compressor_comp_platonov_mpacko,5
24_content_MariosPitsali_algorithms-practice_ducks.py.txt,0,train,970,mariospitsali_algorithms-practice_ducks,2
24_content_MariosPitsali_algorithms-practice_rollback.py.txt,0,train,971,mariospitsali_algorithms-practice_rollback,1
26_content_liangsheng02_Huffman-Tree_huff-decompress.py.txt,0,train,972,liangsheng02_huffman-tree_huff-decompress,4
28_content_Mansy_HuffmanCode_Huffman.py.txt,0,train,973,mansy_huffmancode_huffman,3
2_content_jaurelio1_Huffman_Opencv_main.py.txt,0,train,974,jaurelio1_huffman_opencv_main,5
2_content_JoshuaEbenezer_huffman_encoding_huffman.py.txt,0,train,975,joshuaebenezer_huffman_encoding_huffman,2
31_content_alonek1_huffman_compression_algorithm_haffmen.py.txt,0,test,976,alonek1_huffman_compression_algorithm_haffmen,0
32_content_rihartma_huffmanCoding_files.py.txt,0,train,977,rihartma_huffmancoding_files,1
36_content_guoziqingbupt_Huffman-Coding_HuffmanDecode.py.txt,0,test,978,guoziqingbupt_huffman-coding_huffmandecode,0
39_content_falay_HuffmanCoding_decoder.py.txt,0,train,979,falay_huffmancoding_decoder,4
3_content_mightydeveloper_Deep-Compression-PyTorch_pruning.py.txt,0,train,980,mightydeveloper_deep-compression-pytorch_pruning,3
3_content_xiekch_Adaptive-Huffman-Coding_bitStream.py.txt,0,test,981,xiekch_adaptive-huffman-coding_bitstream,0
3_content_xiekch_Adaptive-Huffman-Coding_node.py.txt,0,val,982,xiekch_adaptive-huffman-coding_node,5
3_content_xiekch_Adaptive-Huffman-Coding_test.py.txt,0,train,983,xiekch_adaptive-huffman-coding_test,2
41_content_moyeshkhanal_HuffmanCompression_test_ReadWrite.py.txt,0,train,984,moyeshkhanal_huffmancompression_test_readwrite,1
45_content_craig-m-k_huffman-coding_heapify.py.txt,0,train,985,craig-m-k_huffman-coding_heapify,4
47_content_saladcat_Huffman_Form1.py.txt,0,train,986,saladcat_huffman_form1,3
49_content_andreanndrade10_Huffman-Compressor_huffman.py.txt,0,train,987,andreanndrade10_huffman-compressor_huffman,5
4_content_amzhang1_simple-JPEG-compression_zigzag.py.txt,0,train,988,amzhang1_simple-jpeg-compression_zigzag,2
52_content_blaynewagner_Huffman-Encoder_huffman_tests.py.txt,0,val,989,blaynewagner_huffman-encoder_huffman_tests,1
55_content_danmenjivar_huffman_huffman.py.txt,0,test,990,danmenjivar_huffman_huffman,0
5_content_gupta-shantanu_huffman_compress.py.txt,0,train,991,gupta-shantanu_huffman_compress,4
7_content_AastroLePetitRobot_Huffman-Coding_Huffman.py.txt,0,train,992,aastrolepetitrobot_huffman-coding_huffman,3
7_content_sambiak_Codage-de-Huffman_v2.py.txt,0,train,993,sambiak_codage-de-huffman_v2,5
7_content_TongTongX_HuffmanCompressor_huffman.py.txt,0,val,994,tongtongx_huffmancompressor_huffman,2
10_content_poku18_CE_III_06_Lab2_lab2.py.txt,0,train,995,poku18_ce_iii_06_lab2_lab2,4
12_content_timhebert1963_InsertionSortAdvancedAnalysis_Hackerrank_InsertionSortAdvancedAnalysis_MergeSort_Hackerrank_github.py.txt,0,train,996,timhebert1963_insertionsortadvancedanalysis_hackerrank_insertionsortadvancedanalysis_mergesort_hackerrank_github,1
12_content_timhebert1963_InsertionSortAdvancedAnalysis_Hackerrank_TC2_1_length_441_answer_46768.py.txt,0,train,997,timhebert1963_insertionsortadvancedanalysis_hackerrank_tc2_1_length_441_answer_46768,4
13_content_hypervinay_Insertion-sort_Insertionsort.py.txt,0,test,998,hypervinay_insertion-sort_insertionsort,0
14_content_LOOPPO_INS_MERGE_sort_insertionSort.py.txt,0,test,999,looppo_ins_merge_sort_insertionsort,0
17_content_kimjaeh10_Hybrid-Sort_LinkedList.py.txt,0,train,1000,kimjaeh10_hybrid-sort_linkedlist,3
18_content_akrentsel_insertion-sort-graph_insertion_sort_graph.py.txt,0,train,1001,akrentsel_insertion-sort-graph_insertion_sort_graph,5
18_content_o-az_Insertion-vs-Merge_MergeSort.py.txt,0,val,1002,o-az_insertion-vs-merge_mergesort,2
1_content_abx67_Algorithms_mergesort.py.txt,0,train,1003,abx67_algorithms_mergesort,1
1_content_abx67_Algorithms_quicksort.py.txt,0,train,1004,abx67_algorithms_quicksort,3
21_content_ahmedbally_Sorting-LL_LinkedList.py.txt,0,test,1005,ahmedbally_sorting-ll_linkedlist,0
21_content_CanKorkut_Python-Sort-Algorithm_quick.py.txt,0,train,1006,cankorkut_python-sort-algorithm_quick,4
21_content_sybernix_Insertion-Sort-Algorithm-and-Performance-Analysis_test_file.py.txt,0,train,1007,sybernix_insertion-sort-algorithm-and-performance-analysis_test_file,3
23_content_ryanarnouk_BinaryInsertionSort_index.py.txt,0,train,1008,ryanarnouk_binaryinsertionsort_index,5
23_content_thugsatbay_CS-Algorithms_Sorting_Comparison_Ass2-1SolnCustomInput.py.txt,0,train,1009,thugsatbay_cs-algorithms_sorting_comparison_ass2-1solncustominput,2
23_content_thugsatbay_CS-Algorithms_Sorting_Comparison_Ass2-2Soln.py.txt,0,test,1010,thugsatbay_cs-algorithms_sorting_comparison_ass2-2soln,0
24_content_gly11_Sort_Run.py.txt,0,train,1011,gly11_sort_run,1
24_content_lesdev_SortingMethods_BubbleSort.py.txt,0,train,1012,lesdev_sortingmethods_bubblesort,4
24_content_lesdev_SortingMethods_Insertion.py.txt,0,train,1013,lesdev_sortingmethods_insertion,3
24_content_lesdev_SortingMethods_merge.py.txt,0,test,1014,lesdev_sortingmethods_merge,0
24_content_lesdev_SortingMethods_quicksort.py.txt,0,train,1015,lesdev_sortingmethods_quicksort,4
24_content_lesdev_SortingMethods_radix.py.txt,0,train,1016,lesdev_sortingmethods_radix,5
24_content_lesdev_SortingMethods_selection.py.txt,0,train,1017,lesdev_sortingmethods_selection,2
24_content_lesdev_SortingMethods_sequential.py.txt,0,test,1018,lesdev_sortingmethods_sequential,0
25_content_ryansmick_SortedOrderedDict_PersistentDict.py.txt,0,train,1019,ryansmick_sortedordereddict_persistentdict,1
26_content_manzala_Analysis-of-Algorithms_merge_sort.py.txt,0,val,1020,manzala_analysis-of-algorithms_merge_sort,4
28_content_alexanderogle_Enigma_Machine_em_functions.py.txt,0,train,1021,alexanderogle_enigma_machine_em_functions,3
30_content_rogerdenisvieira_bidirectional-conditional-insertion-sort_data_generator.py.txt,0,train,1022,rogerdenisvieira_bidirectional-conditional-insertion-sort_data_generator,5
30_content_rogerdenisvieira_bidirectional-conditional-insertion-sort_main.py.txt,0,train,1023,rogerdenisvieira_bidirectional-conditional-insertion-sort_main,1
30_content_rogerdenisvieira_bidirectional-conditional-insertion-sort_unit_tests.py.txt,0,train,1024,rogerdenisvieira_bidirectional-conditional-insertion-sort_unit_tests,2
31_content_homeowmorphism_list-sorting-algorithms_quicksort.py.txt,0,train,1025,homeowmorphism_list-sorting-algorithms_quicksort,3
33_content_Howellp80_Algorithms---Merge-Sort-vs-Insertion-Sort_hw1.py.txt,0,train,1026,howellp80_algorithms---merge-sort-vs-insertion-sort_hw1,1
36_content_akh5113_Stooge-Merge-Insert-Sort_Homework2.py.txt,0,test,1027,akh5113_stooge-merge-insert-sort_homework2,0
40_content_kurosh-wss_Insersion-Sort_insertionSort.py.txt,0,train,1028,kurosh-wss_insersion-sort_insertionsort,5
42_content_matbot_Py_merge_vs_insert_sorts_insertionsort.py.txt,0,train,1029,matbot_py_merge_vs_insert_sorts_insertionsort,2
44_content_Ian-OBrien-503_sort_analysis_selection_sort.py.txt,0,train,1030,ian-obrien-503_sort_analysis_selection_sort,1
45_content_ilkayDevran_Analysis_of_Sorting_Algorithms_pyplot.py.txt,0,train,1031,ilkaydevran_analysis_of_sorting_algorithms_pyplot,4
46_content_arun-p12_sort-algorithms_counting_sort.py.txt,0,train,1032,arun-p12_sort-algorithms_counting_sort,3
46_content_arun-p12_sort-algorithms_insertion_sort.py.txt,0,test,1033,arun-p12_sort-algorithms_insertion_sort,0
46_content_arun-p12_sort-algorithms_quick_sort.py.txt,0,train,1034,arun-p12_sort-algorithms_quick_sort,5
46_content_arun-p12_sort-algorithms_radix_sort.py.txt,0,train,1035,arun-p12_sort-algorithms_radix_sort,2
46_content_arun-p12_sort-algorithms_shell_sort.py.txt,0,train,1036,arun-p12_sort-algorithms_shell_sort,1
4_content_jomse_InsertionSort_tests.py.txt,0,test,1037,jomse_insertionsort_tests,0
50_content_shre007_Implementation-and-comparison-of-sorting-algorithms_merge.py.txt,0,train,1038,shre007_implementation-and-comparison-of-sorting-algorithms_merge,4
50_content_shre007_Implementation-and-comparison-of-sorting-algorithms_quick.py.txt,0,train,1039,shre007_implementation-and-comparison-of-sorting-algorithms_quick,3
53_content_faisalkhan91_Sort-Comparison_Sort_Comparison.py.txt,0,train,1040,faisalkhan91_sort-comparison_sort_comparison,5
54_content_ceydapolat_Sorting-Algorithms-Analysis_InsertionSort.py.txt,0,train,1041,ceydapolat_sorting-algorithms-analysis_insertionsort,1
56_content_newsteps8_Efficiency_of_SortingAlgorithms_merge_sort.py.txt,0,val,1042,newsteps8_efficiency_of_sortingalgorithms_merge_sort,2
58_content_yaroslava-tkachuk_quicksort_accelerated_quicksort_accelerated.py.txt,0,val,1043,yaroslava-tkachuk_quicksort_accelerated_quicksort_accelerated,1
9_content_ezequielbrrt_insertionSortPython_barra.py.txt,0,test,1044,ezequielbrrt_insertionsortpython_barra,0
10_content_patrickkingg_K-means_Clustering_kmeans.py.txt,0,train,1045,patrickkingg_k-means_clustering_kmeans,4
20_content_Cassar88226_Clustering_of_Articles_corpus.py.txt,0,train,1046,cassar88226_clustering_of_articles_corpus,3
28_content_IPDT_car_review_k-means_clustering_word_freq.py.txt,0,val,1047,ipdt_car_review_k-means_clustering_word_freq,5
35_content_NavneetSomwal_Weather-Data-Clustering-using-k-Means_waether_data_Clustering_k-means_scikit-learn.py.txt,0,train,1048,navneetsomwal_weather-data-clustering-using-k-means_waether_data_clustering_k-means_scikit-learn,2
36_content_prakhardogra921_Clustering-using-Kmeans-Cmeans-and-GMM_gmm_sklearn.py.txt,0,train,1049,prakhardogra921_clustering-using-kmeans-cmeans-and-gmm_gmm_sklearn,1
38_content_taesungp_pytorch-kmeans-init_demo.py.txt,0,train,1050,taesungp_pytorch-kmeans-init_demo,4
42_content_aryanshar_TextMining_extract.py.txt,0,train,1051,aryanshar_textmining_extract,3
43_content_caetius_Efficient-k-means-_Transform.py.txt,0,train,1052,caetius_efficient-k-means-_transform,5
49_content_akshay326_k-means-clustering-api_sample_python_script.py.txt,0,train,1053,akshay326_k-means-clustering-api_sample_python_script,2
6_content_mayuri0192_Image-classification_log.py.txt,0,train,1054,mayuri0192_image-classification_log,1
80_content_julianlafaye_ML-Problem-Set-5-Problem-3_k-means.py.txt,0,train,1055,julianlafaye_ml-problem-set-5-problem-3_k-means,4
10_content_ajcse1_Predicting_Picture_Orientation_NeuralNetwork_predict.py.txt,0,test,1056,ajcse1_predicting_picture_orientation_neuralnetwork_predict,0
11_content_DaiDongyang_knn_experiments.py.txt,0,train,1057,daidongyang_knn_experiments,3
11_content_Koushikmc_Knn-Classifier_Knn.py.txt,0,test,1058,koushikmc_knn-classifier_knn,0
13_content_fangzhengzhu_minst-knn_imgReader.py.txt,0,train,1059,fangzhengzhu_minst-knn_imgreader,5
13_content_qwerty1917_KNN_OCR_main_py2.py.txt,0,train,1060,qwerty1917_knn_ocr_main_py2,2
14_content_jldbc_gutenberg_populate_db.py.txt,0,train,1061,jldbc_gutenberg_populate_db,1
14_content_lisha1992_KNN-Clasify_handWritingClassify.py.txt,0,train,1062,lisha1992_knn-clasify_handwritingclassify,4
14_content_lisha1992_KNN-Clasify_KNN_datingExample.py.txt,0,train,1063,lisha1992_knn-clasify_knn_datingexample,3
16_content_frknozr_knn_knn.py.txt,0,test,1064,frknozr_knn_knn,0
16_content_nbui151_K-Nearest-Neighbors-Implementation_nearest_neighbors.py.txt,0,train,1065,nbui151_k-nearest-neighbors-implementation_nearest_neighbors,5
19_content_AntoineMontaut_Predictive_Modeling_random_forest.py.txt,0,train,1066,antoinemontaut_predictive_modeling_random_forest,2
19_content_walter090_cluster_runner.py.txt,0,test,1067,walter090_cluster_runner,0
1_content_MarcoForte_knn-matting_knn_matting.py.txt,0,val,1068,marcoforte_knn-matting_knn_matting,1
21_content_abhishekmsharma_ai-knn-kmeans-crawler-python_job_search_environment.py.txt,0,train,1069,abhishekmsharma_ai-knn-kmeans-crawler-python_job_search_environment,4
21_content_shunge_KNN-NBA-Draft-Prediction_knn-nba.py.txt,0,train,1070,shunge_knn-nba-draft-prediction_knn-nba,3
23_content_changchanglccc_kNN_test.py.txt,0,train,1071,changchanglccc_knn_test,2
23_content_JeffersonLPLima_knn_pca_knn_wine.py.txt,0,train,1072,jeffersonlplima_knn_pca_knn_wine,5
24_content_xosherry_Machine-Learning-_knn.py.txt,0,train,1073,xosherry_machine-learning-_knn,2
26_content_mosco_geodesic-knn_test_dijkstra.py.txt,0,train,1074,mosco_geodesic-knn_test_dijkstra,1
27_content_ppplinday_Picture-Classification-PCA-KNN_KNN-PCA.py.txt,0,val,1075,ppplinday_picture-classification-pca-knn_knn-pca,4
28_content_surgoku_sentiment_analysis_knn_submission.py.txt,0,train,1076,surgoku_sentiment_analysis_knn_submission,3
29_content_rahuljohnny_Bangla_OCR_Using_KNN_class_contour.py.txt,0,train,1077,rahuljohnny_bangla_ocr_using_knn_class_contour,5
29_content_rahuljohnny_Bangla_OCR_Using_KNN_O6_word_segmenter.py.txt,0,train,1078,rahuljohnny_bangla_ocr_using_knn_o6_word_segmenter,2
29_content_vtheno_kNN_one_line.py.txt,0,train,1079,vtheno_knn_one_line,1
2_content_neonb88_knn_knn_machine_learning_hw1.py.txt,0,test,1080,neonb88_knn_knn_machine_learning_hw1,0
30_content_Aishwarya1401_Diabetic-Retinopathy-Project-Deep-Learning-_KNN_RawImage.py.txt,0,train,1081,aishwarya1401_diabetic-retinopathy-project-deep-learning-_knn_rawimage,4
30_content_manojrameshrao_machine-learning-iris_iris_web3.py.txt,0,val,1082,manojrameshrao_machine-learning-iris_iris_web3,3
32_content_prakashsellathurai_OPTICAL_CHARACTER_RECOGNITION_PossibleChar.py.txt,0,val,1083,prakashsellathurai_optical_character_recognition_possiblechar,5
33_content_wpaturaj_FuzzyKNN_Sample_read.py.txt,0,test,1084,wpaturaj_fuzzyknn_sample_read,0
35_content_phaniavi_project_5th_sem_KNN_reducer.py.txt,0,test,1085,phaniavi_project_5th_sem_knn_reducer,0
38_content_juandes_knnbot-messenger-bot_distance.py.txt,0,train,1086,juandes_knnbot-messenger-bot_distance,2
39_content_mirajp_tweet_sentiments_baseline.py.txt,0,train,1087,mirajp_tweet_sentiments_baseline,1
40_content_WuStardust_KNN-for-iris_iris.py.txt,0,train,1088,wustardust_knn-for-iris_iris,4
41_content_SargisYonan_uav_ml_main.py.txt,0,train,1089,sargisyonan_uav_ml_main,3
44_content_eastxe_cosine-knn_knn.py.txt,0,train,1090,eastxe_cosine-knn_knn,5
46_content_whoif_Cost-Sensitive-KNN_plotHelper.py.txt,0,train,1091,whoif_cost-sensitive-knn_plothelper,2
48_content_prateek22sri_Image-orientation-detector_AdaBoost.py.txt,0,val,1092,prateek22sri_image-orientation-detector_adaboost,1
4_content_Askjensen_scikittf-idfNLTK_str_func.py.txt,0,val,1093,askjensen_scikittf-idfnltk_str_func,4
4_content_nikhilrampal15_real_estate_advisor_knn_kmeans_kmeans.py.txt,0,train,1094,nikhilrampal15_real_estate_advisor_knn_kmeans_kmeans,3
6_content_cooperlab_KNN_Survival_DataManagement.py.txt,0,train,1095,cooperlab_knn_survival_datamanagement,5
7_content_cp2-dc-info-lamp-2018_iris-knn_nao_somos_botanicos.py.txt,0,train,1096,cp2-dc-info-lamp-2018_iris-knn_nao_somos_botanicos,2
7_content_Manerone_Evolutive-KNN_evolutive_knn.py.txt,0,train,1097,manerone_evolutive-knn_evolutive_knn,1
8_content_abhishekmsharma_knn-python-artificial-intelligence_abhishek_sharma_knn_environment.py.txt,0,val,1098,abhishekmsharma_knn-python-artificial-intelligence_abhishek_sharma_knn_environment,1
8_content_jasminegrewal_Naive-Bayes-KNN-Logistic-Regression_2b_gnb.py.txt,0,train,1099,jasminegrewal_naive-bayes-knn-logistic-regression_2b_gnb,4
8_content_jasminegrewal_Naive-Bayes-KNN-Logistic-Regression_3b_knn.py.txt,0,val,1100,jasminegrewal_naive-bayes-knn-logistic-regression_3b_knn,3
8_content_LockGit_Py_svm.py.txt,0,train,1101,lockgit_py_svm,5
96_content_catirado_MachineLearning_kmeans.py.txt,0,train,1102,catirado_machinelearning_kmeans,2
98_content_pooja1909_Bigdata-project_input.py.txt,0,train,1103,pooja1909_bigdata-project_input,1
9_content_ludmal_knn_knn.py.txt,0,train,1104,ludmal_knn_knn,4
9_content_muchlisinadi_ALPR-Indonesia_GenData.py.txt,0,train,1105,muchlisinadi_alpr-indonesia_gendata,3
10_content_hsngurler_Kruskal-s-Algorithm_Kruskal_s_Algorithm.py.txt,0,test,1106,hsngurler_kruskal-s-algorithm_kruskal_s_algorithm,0
11_content_sachinrajgowda_NetworkDesign_Kruskal_DisjointSet.py.txt,0,train,1107,sachinrajgowda_networkdesign_kruskal_disjointset,5
13_content_Ade-Adeleke_KruskalAlg_Kruskal_Algorithm__1_.py.txt,0,train,1108,ade-adeleke_kruskalalg_kruskal_algorithm__1_,5
14_content_CohleM_Maze_test.py.txt,0,train,1109,cohlem_maze_test,2
15_content_ben-mackenzie_mst-kruskal_kruskal.py.txt,0,train,1110,ben-mackenzie_mst-kruskal_kruskal,1
16_content_sharatchandraj_MaxBandwidthPath_DijkstrasNoHeap.py.txt,0,val,1111,sharatchandraj_maxbandwidthpath_dijkstrasnoheap,4
16_content_sharatchandraj_MaxBandwidthPath_DijkstrasWithHeap.py.txt,0,val,1112,sharatchandraj_maxbandwidthpath_dijkstraswithheap,3
16_content_sharatchandraj_MaxBandwidthPath_HeapSortForKruskals.py.txt,0,test,1113,sharatchandraj_maxbandwidthpath_heapsortforkruskals,0
19_content_AlbCalv_kruskal-algorithm_Kruskal.py.txt,0,val,1114,albcalv_kruskal-algorithm_kruskal,5
1_content_colettebedoya_primsAndKruskal_DisjointSet.py.txt,0,train,1115,colettebedoya_primsandkruskal_disjointset,2
1_content_muzixing_graph_algorithm_floyd.py.txt,0,test,1116,muzixing_graph_algorithm_floyd,0
20_content_kavyasree-bvs_Network-Optimization_vertex.py.txt,0,test,1117,kavyasree-bvs_network-optimization_vertex,0
22_content_ABHIJIT-13_Kruskal-MST_kruskal.py.txt,0,train,1118,abhijit-13_kruskal-mst_kruskal,1
2_content_Aluriak_kruskal-clustering_kruskal_viz.py.txt,0,train,1119,aluriak_kruskal-clustering_kruskal_viz,4
2_content_carlosguadir_kruskal_AlgoritmoKruskal.py.txt,0,train,1120,carlosguadir_kruskal_algoritmokruskal,3
2_content_carlosguadir_kruskal_Freeze.py.txt,0,train,1121,carlosguadir_kruskal_freeze,5
2_content_carlosguadir_kruskal_Nodo.py.txt,0,train,1122,carlosguadir_kruskal_nodo,2
2_content_carlosguadir_kruskal_Puertos.py.txt,0,train,1123,carlosguadir_kruskal_puertos,1
2_content_Rookieprogrammer521_Kruskal_Kruskal.py.txt,0,test,1124,rookieprogrammer521_kruskal_kruskal,0
32_content_arian100y_Travelling-Salesman-Problem_createCaminos.py.txt,0,train,1125,arian100y_travelling-salesman-problem_createcaminos,3
32_content_arian100y_Travelling-Salesman-Problem_createDBOrdered.py.txt,0,train,1126,arian100y_travelling-salesman-problem_createdbordered,5
32_content_arian100y_Travelling-Salesman-Problem_graph2.py.txt,0,train,1127,arian100y_travelling-salesman-problem_graph2,4
33_content_sandyscoloski_GraphMatrixGenerator_kruskal_generator.py.txt,0,test,1128,sandyscoloski_graphmatrixgenerator_kruskal_generator,0
36_content_mskroar18_GraphWizard_edge.py.txt,0,train,1129,mskroar18_graphwizard_edge,1
36_content_mskroar18_GraphWizard_Prim.py.txt,0,train,605,mskroar18_graphwizard_prim,3
3_content_arhamrizvi_Kruskals-algorithm_Kruskal.py.txt,0,train,1130,arhamrizvi_kruskals-algorithm_kruskal,4
4_content_mincanhe_Network-routing-protocol_Dijkstra.py.txt,0,train,646,mincanhe_network-routing-protocol_dijkstra,1
4_content_mincanhe_Network-routing-protocol_DwithHeap.py.txt,0,test,1131,mincanhe_network-routing-protocol_dwithheap,0
4_content_mincanhe_Network-routing-protocol_graph.py.txt,0,train,1132,mincanhe_network-routing-protocol_graph,3
4_content_mincanhe_Network-routing-protocol_heap.py.txt,0,train,1133,mincanhe_network-routing-protocol_heap,5
4_content_mincanhe_Network-routing-protocol_kruskal.py.txt,0,train,1134,mincanhe_network-routing-protocol_kruskal,2
5_content_gabriel-arauj_grafos_matriz.py.txt,0,train,1135,gabriel-arauj_grafos_matriz,1
5_content_MadalinaMircea_GraphAlgorithms_StartApp.py.txt,0,train,1136,madalinamircea_graphalgorithms_startapp,4
6_content_chiragragarwal_Graphs_And_Networks___init__.py.txt,0,train,1137,chiragragarwal_graphs_and_networks___init__,3
6_content_chiragragarwal_Graphs_And_Networks_numpy_help.py.txt,0,train,894,chiragragarwal_graphs_and_networks_numpy_help,5
6_content_petronius_minotaur_dimensions.py.txt,0,train,1138,petronius_minotaur_dimensions,5
7_content_Aly-Tomato_Prims-and-Kruskals_glb.py.txt,0,train,1139,aly-tomato_prims-and-kruskals_glb,2
7_content_Aly-Tomato_Prims-and-Kruskals_kruskals.py.txt,0,train,1140,aly-tomato_prims-and-kruskals_kruskals,1
7_content_Aly-Tomato_Prims-and-Kruskals_prims.py.txt,0,train,1141,aly-tomato_prims-and-kruskals_prims,4
7_content_usbogie_MSTcreator_Node.py.txt,0,train,1142,usbogie_mstcreator_node,3
7_content_usbogie_MSTcreator_Sollins.py.txt,0,train,1143,usbogie_mstcreator_sollins,5
8_content_dianaelmasri_TravellingSalesManProblem_AStar_Kruskal_Recuit_Recuit.py.txt,0,train,1144,dianaelmasri_travellingsalesmanproblem_astar_kruskal_recuit_recuit,2
8_content_dianaelmasri_TravellingSalesManProblem_AStar_Kruskal_Recuit_test.py.txt,0,train,1145,dianaelmasri_travellingsalesmanproblem_astar_kruskal_recuit_test,1
8_content_fepz_AyCC_disjoint_set.py.txt,0,train,1146,fepz_aycc_disjoint_set,4
9_content_Boros93_GraphProject_test_prim.py.txt,0,val,1147,boros93_graphproject_test_prim,3
9_content_emmanuj_mst-solver_edge.py.txt,0,train,1148,emmanuj_mst-solver_edge,5
9_content_emmanuj_mst-solver_heapq.py.txt,0,train,1149,emmanuj_mst-solver_heapq,4
9_content_emmanuj_mst-solver_node.py.txt,0,train,1150,emmanuj_mst-solver_node,2
9_content_emmanuj_mst-solver_treeset.py.txt,0,train,1151,emmanuj_mst-solver_treeset,5
9_content_FFloresM_tarea3_ListaLigada.py.txt,0,train,1152,ffloresm_tarea3_listaligada,3
10_content_mahimagupta_NLP-Research-Project-_supervisedLearner.py.txt,0,train,1153,mahimagupta_nlp-research-project-_supervisedlearner,2
10_content_nishi1612_Email-Spam-Classification-using-SVM_extracting_unique_words_from_all_emails.py.txt,0,val,1154,nishi1612_email-spam-classification-using-svm_extracting_unique_words_from_all_emails,1
10_content_nishi1612_Email-Spam-Classification-using-SVM_processing_emails_to_find_occurance_of_words.py.txt,0,val,1155,nishi1612_email-spam-classification-using-svm_processing_emails_to_find_occurance_of_words,1
12_content_ianscottknight_Predicting-Myers-Briggs-Type-Indicator-with-Recurrent-Neural-Networks_make_training_set.py.txt,0,train,1156,ianscottknight_predicting-myers-briggs-type-indicator-with-recurrent-neural-networks_make_training_set,4
12_content_ianscottknight_Predicting-Myers-Briggs-Type-Indicator-with-Recurrent-Neural-Networks_separate_clean_and_unclean.py.txt,0,val,1157,ianscottknight_predicting-myers-briggs-type-indicator-with-recurrent-neural-networks_separate_clean_and_unclean,3
1_content_mikekestemont_pandora_train.py.txt,0,train,1158,mikekestemont_pandora_train,5
22_content_ABHISHEKVALSAN_Malayalam-Newspaper-Article-Dataset_MalayalamScraping.py.txt,0,train,1159,abhishekvalsan_malayalam-newspaper-article-dataset_malayalamscraping,3
23_content_clydedacruz_worddoc-indexer-py_query_index.py.txt,0,train,1160,clydedacruz_worddoc-indexer-py_query_index,2
11_content_Zoe327_Linear-Classification_project1_utilities.py.txt,0,train,1161,zoe327_linear-classification_project1_utilities,1
11_content_Zoe327_Linear-Classification_sklearn_compare.py.txt,0,train,1162,zoe327_linear-classification_sklearn_compare,4
12_content_Fadope1_LinearRegression_hotels_prediction_source_code.py.txt,0,val,1163,fadope1_linearregression_hotels_prediction_source_code,3
15_content_Josiriser_Predict-Stock-Price_main.py.txt,0,test,1164,josiriser_predict-stock-price_main,0
25_content_dmoshayof_ML-Deep_Network_loglinear.py.txt,0,train,1165,dmoshayof_ml-deep_network_loglinear,5
25_content_dmoshayof_ML-Deep_Network_mlp1.py.txt,0,train,1166,dmoshayof_ml-deep_network_mlp1,1
2_content_DmitryOstroushko_Linear-Regression_model.py.txt,0,train,1167,dmitryostroushko_linear-regression_model,2
2_content_DmitryOstroushko_Linear-Regression_trainer.py.txt,0,val,1168,dmitryostroushko_linear-regression_trainer,1
2_content_lidq92_LinearityIQA_IQAperformance.py.txt,0,train,1169,lidq92_linearityiqa_iqaperformance,4
2_content_shahardekel_polynomial-vs.-linear-regression_main.py.txt,0,train,1170,shahardekel_polynomial-vs.-linear-regression_main,3
31_content_mujtabali_Multivariate-Linear-Regression_mvlr.py.txt,0,test,1171,mujtabali_multivariate-linear-regression_mvlr,0
31_content_sbahaddi_ft_linear_regression_train.py.txt,0,val,1172,sbahaddi_ft_linear_regression_train,5
33_content_meghavijendra_Linear_Regression_model_Linear_regression.py.txt,0,test,1173,meghavijendra_linear_regression_model_linear_regression,0
38_content_sapurvaa_Regression_logisticregression.py.txt,0,train,1174,sapurvaa_regression_logisticregression,2
39_content_sabernn_linear_regression_lin_reg_b.py.txt,0,train,1175,sabernn_linear_regression_lin_reg_b,1
40_content_Lemon-cmd_Linear-Regression_lreg.py.txt,0,test,1176,lemon-cmd_linear-regression_lreg,0
45_content_trsav_linear-regression_LassoRegression.py.txt,0,train,1177,trsav_linear-regression_lassoregression,4
46_content_Ritikgarg1773_Implementing-Linear-and-Logistic-regression-from-scratch_test.py.txt,0,val,1178,ritikgarg1773_implementing-linear-and-logistic-regression-from-scratch_test,2
52_content_analokmaus_idao2020-online_trackB_predict.py.txt,0,train,1179,analokmaus_idao2020-online_trackb_predict,3
55_content_DistanceJiang_linear_regression_regression_control.py.txt,0,train,1180,distancejiang_linear_regression_regression_control,5
56_content_angauber_linear_regression_learn.py.txt,0,test,1181,angauber_linear_regression_learn,0
58_content_BuleSky233_LinearRegression_Boston.py.txt,0,train,1182,bulesky233_linearregression_boston,2
65_content_disha2sinha_Employee-Salary-Prediction_predictSalary.py.txt,0,train,1183,disha2sinha_employee-salary-prediction_predictsalary,1
66_content_naveen-770_Linear-regression-From-Scratch_my_linear_regression_housing_data.py.txt,0,val,1184,naveen-770_linear-regression-from-scratch_my_linear_regression_housing_data,4
67_content_blankdean_Linear-Regression-Generator_leastsquares.py.txt,0,train,1185,blankdean_linear-regression-generator_leastsquares,3
68_content_DheerajKumar97_Linear-and-Generalized-Linear-Model-Algorithms-from-scratch_Logistic_Regression.py.txt,0,train,1186,dheerajkumar97_linear-and-generalized-linear-model-algorithms-from-scratch_logistic_regression,5
68_content_DheerajKumar97_Linear-and-Generalized-Linear-Model-Algorithms-from-scratch_Simple_Linear_Regression.py.txt,0,test,1187,dheerajkumar97_linear-and-generalized-linear-model-algorithms-from-scratch_simple_linear_regression,0
69_content_ShubhangiKukreti_Linear-Regression_LinearRegressionUsingNumpy.py.txt,0,val,1188,shubhangikukreti_linear-regression_linearregressionusingnumpy,2
6_content_ShishirKumar93_linear_regression_implementation_test_class.py.txt,0,train,1189,shishirkumar93_linear_regression_implementation_test_class,1
70_content_cat1996_linear-regression-on-sample_knn_calssification.py.txt,0,train,1190,cat1996_linear-regression-on-sample_knn_calssification,4
70_content_cat1996_linear-regression-on-sample_linear_regression.py.txt,0,train,1191,cat1996_linear-regression-on-sample_linear_regression,3
70_content_zeineb-rejiba_linear-regression_lin_reg.py.txt,0,test,1192,zeineb-rejiba_linear-regression_lin_reg,0
71_content_Santosh-Sah_Simple_Linear_Regression_SimpleLinearRegressionUtils.py.txt,0,test,1193,santosh-sah_simple_linear_regression_simplelinearregressionutils,0
72_content_reshma78611_Simple-Linear-Regression-using-Python_delivery_time.py.txt,0,train,1194,reshma78611_simple-linear-regression-using-python_delivery_time,3
72_content_reshma78611_Simple-Linear-Regression-using-Python_salary_hike.py.txt,0,train,1195,reshma78611_simple-linear-regression-using-python_salary_hike,5
79_content_eochandler_ML-Linear-Reg-Bin-Class_generateSyntheticDataForBinaryClassification.py.txt,0,train,1196,eochandler_ml-linear-reg-bin-class_generatesyntheticdataforbinaryclassification,2
79_content_eochandler_ML-Linear-Reg-Bin-Class_KaggeFraudAttempt.py.txt,0,train,1197,eochandler_ml-linear-reg-bin-class_kaggefraudattempt,1
80_content_MachineLearning-Nerd_Linear-Regression-with-Numpy-and-Scikit_linearregression.py.txt,0,train,1198,machinelearning-nerd_linear-regression-with-numpy-and-scikit_linearregression,4
80_content_sharmapulkit_PoisonAttacks-LinearRegression_load_datasets.py.txt,0,train,1199,sharmapulkit_poisonattacks-linearregression_load_datasets,3
83_content_reshma78611_Multi-Linear-Regression-using-python_toyota.py.txt,0,val,1200,reshma78611_multi-linear-regression-using-python_toyota,5
84_content_ieeeWang_Linear-regression-using-tf_linear_regression_tf_medium_API.py.txt,0,train,1201,ieeewang_linear-regression-using-tf_linear_regression_tf_medium_api,2
84_content_Leilusen_Logit-model_binary_choice.py.txt,0,train,1202,leilusen_logit-model_binary_choice,1
85_content_CHSTROKIN_Machine-Learning-Lab_decesion_tree.py.txt,0,train,1203,chstrokin_machine-learning-lab_decesion_tree,4
85_content_CHSTROKIN_Machine-Learning-Lab_logistic_regression.py.txt,0,test,1204,chstrokin_machine-learning-lab_logistic_regression,0
86_content_ChokMania_ft_linear_regression_train.py.txt,0,val,1205,chokmania_ft_linear_regression_train,3
8_content_Abirii_Collection-of-machine-learning-algorithms_locally_weighted_linear_regression.py.txt,0,train,1206,abirii_collection-of-machine-learning-algorithms_locally_weighted_linear_regression,5
98_content_plagache_linear_regression_graph.py.txt,0,test,1207,plagache_linear_regression_graph,0
98_content_plagache_linear_regression_training.py.txt,0,train,1208,plagache_linear_regression_training,2
99_content_kjchoi10_slr_slr_boosted.py.txt,0,train,1209,kjchoi10_slr_slr_boosted,1
9_content_mousepad01_Multiple-linear-regression_multiple_regression.py.txt,0,train,1210,mousepad01_multiple-linear-regression_multiple_regression,4
10_content_bradib0y_searchalgorithms_app.py.txt,0,train,1211,bradib0y_searchalgorithms_app,3
11_content_sichen-x_search-engine_index_search.py.txt,0,val,1212,sichen-x_search-engine_index_search,5
11_content_sichen-x_search-engine_test_htable.py.txt,0,train,1213,sichen-x_search-engine_test_htable,1
13_content_Pedinpsy_-inverted-index-search_hash.py.txt,0,train,1214,pedinpsy_-inverted-index-search_hash,2
13_content_Pedinpsy_-inverted-index-search_main.py.txt,0,val,1215,pedinpsy_-inverted-index-search_main,1
15_content_jknight1725_linear_search_vs_random_search_myFunctions.py.txt,0,test,1216,jknight1725_linear_search_vs_random_search_myfunctions,0
23_content_ayushkumarshah_Complexity-of-Linear-and-Binary-Search_code.py.txt,0,train,1217,ayushkumarshah_complexity-of-linear-and-binary-search_code,5
4_content_AcrobatAHA_Linear-Search-_Linear_search.py.txt,0,train,1218,acrobataha_linear-search-_linear_search,4
10_content_dedeco_crawler-linkedin-public-profiles_crawler.py.txt,0,train,1219,dedeco_crawler-linkedin-public-profiles_crawler,3
11_content_nick-commits_LinkedList_linkedlistprac.py.txt,0,train,1220,nick-commits_linkedlist_linkedlistprac,5
13_content_ToonBlok_LinkedList_test_pylinkedlist.py.txt,0,test,1221,toonblok_linkedlist_test_pylinkedlist,0
15_content_udwivedi394_LinkedList_convertBT2LL.py.txt,0,val,1222,udwivedi394_linkedlist_convertbt2ll,2
16_content_apriven_linked_lists_scratch.py.txt,0,train,1223,apriven_linked_lists_scratch,1
16_content_arifromadhan19_LinkedList_simple_linked_list.py.txt,0,train,1224,arifromadhan19_linkedlist_simple_linked_list,4
17_content_yujiex9_LinkedList_LinkedList.py.txt,0,train,1225,yujiex9_linkedlist_linkedlist,3
17_content_yujiex9_LinkedList_reorder_linkedlist.py.txt,0,train,1226,yujiex9_linkedlist_reorder_linkedlist,5
18_content_swaroop396_linkedLists_LinkedList.py.txt,0,train,1227,swaroop396_linkedlists_linkedlist,2
19_content_vickyabi_singly-linked-list_singly_linked_list.py.txt,0,test,1228,vickyabi_singly-linked-list_singly_linked_list,0
1_content_morganc3_LinkedInHarvester_harvest.py.txt,0,train,1229,morganc3_linkedinharvester_harvest,1
1_content_shivam1196_LRU-Caching_Caching.py.txt,0,train,1230,shivam1196_lru-caching_caching,4
21_content_jmintel7_linked_list_linked_list.py.txt,0,test,1231,jmintel7_linked_list_linked_list,0
21_content_yashag66_Python-Code-Samples_hashingString.py.txt,0,train,1232,yashag66_python-code-samples_hashingstring,3
22_content_harpreetsi_DataStructureImpl_LinkedListTest.py.txt,0,train,1233,harpreetsi_datastructureimpl_linkedlisttest,5
22_content_harpreetsi_DataStructureImpl_StackImplUsingArrayTest.py.txt,0,train,1234,harpreetsi_datastructureimpl_stackimplusingarraytest,2
23_content_jfb125_pythonLinkedLists_ex13.py.txt,0,val,1235,jfb125_pythonlinkedlists_ex13,1
23_content_TuckerStewart98_LinkedList_MyLinkedList.py.txt,0,train,1236,tuckerstewart98_linkedlist_mylinkedlist,4
24_content_Am4teur_LinkedList_LL0.py.txt,0,test,1237,am4teur_linkedlist_ll0,0
24_content_lavi09_Linked-Lists_findingnnodelinkedlist.py.txt,0,train,1238,lavi09_linked-lists_findingnnodelinkedlist,3
24_content_pacslab_ACM-trans-papers-spider_ACMPaperSpider.py.txt,0,val,1239,pacslab_acm-trans-papers-spider_acmpaperspider,5
25_content_Cytla24_LinkedLists_print_append_insert_delete.py.txt,0,train,1240,cytla24_linkedlists_print_append_insert_delete,2
26_content_alex-code4okc_LinkedList_linkedlist.py.txt,0,test,1241,alex-code4okc_linkedlist_linkedlist,0
26_content_talhakerpicci_sahibinden-house-checker_house_database.py.txt,0,val,1242,talhakerpicci_sahibinden-house-checker_house_database,1
27_content_KyleSeaman201_Ordered-Linked-List_Ordered_Linked_List.py.txt,0,val,1243,kyleseaman201_ordered-linked-list_ordered_linked_list,4
29_content_MeriBalasanyan_Circular_Linked_List_circular_linked_list.py.txt,0,test,1244,meribalasanyan_circular_linked_list_circular_linked_list,0
2_content_judeisnotobscure_linked_list_linked_list.py.txt,0,test,1245,judeisnotobscure_linked_list_linked_list,0
2_content_Lok-lok_TestLinkedList_LinkedList.py.txt,0,train,1246,lok-lok_testlinkedlist_linkedlist,3
30_content_a1928375_click_count_click_count.py.txt,0,train,1247,a1928375_click_count_click_count,5
34_content_jackle98_Deque-Code-_Queue.py.txt,0,val,1248,jackle98_deque-code-_queue,4
35_content_dharan-s_Data_Structure_Python_LLPalindrome.py.txt,0,train,1249,dharan-s_data_structure_python_llpalindrome,2
36_content_cyndyishida_QueueQuickSort_linked_queue.py.txt,0,val,1250,cyndyishida_queuequicksort_linked_queue,1
37_content_AAdewunmi_Following-Links-in-HTML-Using-BeautifulSoup_assign_12.6.py.txt,0,train,1251,aadewunmi_following-links-in-html-using-beautifulsoup_assign_12.6,3
38_content_valuntiny_leetcode_linked_list_ii_addTwoNumbers_re.py.txt,0,train,1252,valuntiny_leetcode_linked_list_ii_addtwonumbers_re,2
3_content_coreymyster_linked-lists_stack.py.txt,0,train,1253,coreymyster_linked-lists_stack,4
3_content_WDI-SEA_python-linked-lists_linkedlist-test.py.txt,0,train,1254,wdi-sea_python-linked-lists_linkedlist-test,1
40_content_Bonifase_ShoppingList_app_tests.py.txt,0,train,1255,bonifase_shoppinglist_app_tests,4
41_content_Titash21_Python-Representation-of-LinkedList_linkledistDelete.py.txt,0,train,1256,titash21_python-representation-of-linkedlist_linkledistdelete,5
42_content_TechnoMonoCo_Python-Doubly-Linked-List_LL.py.txt,0,train,1257,technomonoco_python-doubly-linked-list_ll,3
43_content_muhamuttaqien_python-data-structure_heap.py.txt,0,train,1258,muhamuttaqien_python-data-structure_heap,2
44_content_rjsheth_LinkedList-Problems_Reverse_linked_list.py.txt,0,train,1259,rjsheth_linkedlist-problems_reverse_linked_list,1
46_content_lili668668_tensorflow-note_trytfb.py.txt,0,train,1260,lili668668_tensorflow-note_trytfb,4
4_content_agvaibhav_linked-list_insertion-doubly.py.txt,0,train,1261,agvaibhav_linked-list_insertion-doubly,3
4_content_DebashishSarkarDurjoy_DoublyLinkedList_doublyLinkedList.py.txt,0,train,1262,debashishsarkardurjoy_doublylinkedlist_doublylinkedlist,5
5_content_egeismail_SteamWorkshopCollectionInstaller_workshopinstaller.py.txt,0,train,1263,egeismail_steamworkshopcollectioninstaller_workshopinstaller,2
5_content_ligertsicat_Rental-Scraper_scraper.py.txt,0,train,1264,ligertsicat_rental-scraper_scraper,1
6_content_programmer290399_Youtube-transcript-extractor_links_finder.py.txt,0,train,1265,programmer290399_youtube-transcript-extractor_links_finder,4
7_content_mharsha315_Python---Hangman_Hangman.py.txt,0,val,1266,mharsha315_python---hangman_hangman,3
7_content_udaram_Data-Structure_Doubly_linklist.py.txt,0,val,1267,udaram_data-structure_doubly_linklist,5
9_content_Sknapper4_CS3310A2_main.py.txt,0,train,1268,sknapper4_cs3310a2_main,2
10_content_fadlytanjung_chatbot-lcs-line_app.py.txt,0,test,1269,fadlytanjung_chatbot-lcs-line_app,0
10_content_sumanthsunny35_RHM-assignment_LCS.py.txt,0,test,1270,sumanthsunny35_rhm-assignment_lcs,0
11_content_ayushkumarshah_Dynamic-Programming-MCM-and-LCS_lcs.py.txt,0,test,1271,ayushkumarshah_dynamic-programming-mcm-and-lcs_lcs,0
11_content_ayushkumarshah_Dynamic-Programming-MCM-and-LCS_matmul.py.txt,0,train,1272,ayushkumarshah_dynamic-programming-mcm-and-lcs_matmul,1
11_content_Meghali-Nandi_DNA-PATTERN-MATCHER_dna_matching.py.txt,0,test,1273,meghali-nandi_dna-pattern-matcher_dna_matching,0
13_content_trsavi_Largest-Common-Sequence_subSequence.py.txt,0,val,1274,trsavi_largest-common-sequence_subsequence,4
15_content_VakinduPhilliam_Pattern_Matching_Python_Difflib_Pattern_Matching_CL_Interface.py.txt,0,val,1275,vakinduphilliam_pattern_matching_python_difflib_pattern_matching_cl_interface,3
15_content_VakinduPhilliam_Pattern_Matching_Python_Difflib_Pattern_Matching_Differ.py.txt,0,val,1276,vakinduphilliam_pattern_matching_python_difflib_pattern_matching_differ,5
15_content_VakinduPhilliam_Pattern_Matching_Python_Difflib_Pattern_Matching_Differ___.py.txt,0,train,1277,vakinduphilliam_pattern_matching_python_difflib_pattern_matching_differ___,2
15_content_VakinduPhilliam_Pattern_Matching_Python_Difflib_Pattern_Matching_Get_Close_Matches.py.txt,0,test,1278,vakinduphilliam_pattern_matching_python_difflib_pattern_matching_get_close_matches,0
15_content_VakinduPhilliam_Pattern_Matching_Python_Difflib_Pattern_Matching_N_Diff.py.txt,0,val,1279,vakinduphilliam_pattern_matching_python_difflib_pattern_matching_n_diff,1
15_content_VakinduPhilliam_Pattern_Matching_Python_Difflib_Pattern_Matching_Restore.py.txt,0,train,1280,vakinduphilliam_pattern_matching_python_difflib_pattern_matching_restore,4
15_content_VakinduPhilliam_Pattern_Matching_Python_Difflib_Pattern_Matching_Sequence_Matcher.py.txt,0,test,1281,vakinduphilliam_pattern_matching_python_difflib_pattern_matching_sequence_matcher,0
15_content_VakinduPhilliam_Pattern_Matching_Python_Difflib_Pattern_Matching_SequenceMatcher.py.txt,0,train,1282,vakinduphilliam_pattern_matching_python_difflib_pattern_matching_sequencematcher,3
15_content_VakinduPhilliam_Pattern_Matching_Python_Difflib_Pattern_Matching_Unified_Diff.py.txt,0,train,1283,vakinduphilliam_pattern_matching_python_difflib_pattern_matching_unified_diff,5
15_content_VakinduPhilliam_Pattern_Matching_Python_Filecmp_Recursive_Search.py.txt,0,train,1284,vakinduphilliam_pattern_matching_python_filecmp_recursive_search,2
15_content_VakinduPhilliam_Pattern_Matching_Python_Fnmatch_fnmatch.py.txt,0,train,1285,vakinduphilliam_pattern_matching_python_fnmatch_fnmatch,1
15_content_VakinduPhilliam_Pattern_Matching_Python_Fnmatch_Translate.py.txt,0,train,1286,vakinduphilliam_pattern_matching_python_fnmatch_translate,4
15_content_VakinduPhilliam_Pattern_Matching_Python_Glob_Directory_Matching.py.txt,0,train,1287,vakinduphilliam_pattern_matching_python_glob_directory_matching,3
15_content_VakinduPhilliam_Pattern_Matching_Python_Glob_Directory_Paths.py.txt,0,train,1288,vakinduphilliam_pattern_matching_python_glob_directory_paths,5
1_content_Gopal9028_Longest-Common-Subsequence-using-MPI_lcs_using_MPI.py.txt,0,val,1289,gopal9028_longest-common-subsequence-using-mpi_lcs_using_mpi,2
1_content_jim-spyropoulos_Trajectory-Analysis-and-Classification-in-Python-Pandas-and-Scikit-Learn_auxiliaryfunctions.py.txt,0,test,1290,jim-spyropoulos_trajectory-analysis-and-classification-in-python-pandas-and-scikit-learn_auxiliaryfunctions,0
1_content_jim-spyropoulos_Trajectory-Analysis-and-Classification-in-Python-Pandas-and-Scikit-Learn_best_classifier.py.txt,0,train,1291,jim-spyropoulos_trajectory-analysis-and-classification-in-python-pandas-and-scikit-learn_best_classifier,1
1_content_jim-spyropoulos_Trajectory-Analysis-and-Classification-in-Python-Pandas-and-Scikit-Learn_classifytraj.py.txt,0,train,1292,jim-spyropoulos_trajectory-analysis-and-classification-in-python-pandas-and-scikit-learn_classifytraj,4
1_content_jim-spyropoulos_Trajectory-Analysis-and-Classification-in-Python-Pandas-and-Scikit-Learn_datacleaning.py.txt,0,test,1293,jim-spyropoulos_trajectory-analysis-and-classification-in-python-pandas-and-scikit-learn_datacleaning,0
1_content_jim-spyropoulos_Trajectory-Analysis-and-Classification-in-Python-Pandas-and-Scikit-Learn_down_left_point.py.txt,0,train,1294,jim-spyropoulos_trajectory-analysis-and-classification-in-python-pandas-and-scikit-learn_down_left_point,3
1_content_jim-spyropoulos_Trajectory-Analysis-and-Classification-in-Python-Pandas-and-Scikit-Learn_fast_dtw_neigbors.py.txt,0,val,1295,jim-spyropoulos_trajectory-analysis-and-classification-in-python-pandas-and-scikit-learn_fast_dtw_neigbors,5
1_content_jim-spyropoulos_Trajectory-Analysis-and-Classification-in-Python-Pandas-and-Scikit-Learn_grid_points.py.txt,0,train,1296,jim-spyropoulos_trajectory-analysis-and-classification-in-python-pandas-and-scikit-learn_grid_points,2
1_content_jim-spyropoulos_Trajectory-Analysis-and-Classification-in-Python-Pandas-and-Scikit-Learn_lcss_neighbors.py.txt,0,train,1297,jim-spyropoulos_trajectory-analysis-and-classification-in-python-pandas-and-scikit-learn_lcss_neighbors,1
1_content_susheelsagar_LCSS_file.py.txt,0,train,1298,susheelsagar_lcss_file,4
1_content_susheelsagar_LCSS_final_loader.py.txt,0,train,1299,susheelsagar_lcss_final_loader,3
1_content_susheelsagar_LCSS_lcss.py.txt,0,train,1300,susheelsagar_lcss_lcss,5
1_content_susheelsagar_LCSS_lcss2.py.txt,0,val,1301,susheelsagar_lcss_lcss2,2
1_content_susheelsagar_LCSS_lcss3.py.txt,0,val,1302,susheelsagar_lcss_lcss3,1
1_content_susheelsagar_LCSS_temp.py.txt,0,train,1303,susheelsagar_lcss_temp,1
1_content_susheelsagar_LCSS_test.py.txt,0,test,1304,susheelsagar_lcss_test,0
2_content_AllanLa_LongestCommonSubsequence_LCS.py.txt,0,train,1305,allanla_longestcommonsubsequence_lcs,5
2_content_athulvijayan6_python-rlcs_lcssMain.py.txt,0,train,1306,athulvijayan6_python-rlcs_lcssmain,2
2_content_shreya21rathi_Longest-Common-Subsequence_lcs.py.txt,0,train,1307,shreya21rathi_longest-common-subsequence_lcs,4
3_content_jzwei023_LongestCommonSubsequence_lcs.py.txt,0,train,1308,jzwei023_longestcommonsubsequence_lcs,1
3_content_pombredanne_string-alignment_globalAlignment.py.txt,0,test,1309,pombredanne_string-alignment_globalalignment,0
3_content_pombredanne_string-alignment_LCS.py.txt,0,train,1310,pombredanne_string-alignment_lcs,4
3_content_pombredanne_string-alignment_localAlignment.py.txt,0,train,1311,pombredanne_string-alignment_localalignment,3
4_content_sumedhvdatar_Longest_Common_Subsequence_lcs.py.txt,0,train,1312,sumedhvdatar_longest_common_subsequence_lcs,5
5_content_amirheidarikhoram_longest-common-subsequence_lcs.py.txt,0,val,1313,amirheidarikhoram_longest-common-subsequence_lcs,2
5_content_ham-evans_Dynamic-Programming-LCS_HAMILTONEVANSimplementation2LCS.py.txt,0,train,1314,ham-evans_dynamic-programming-lcs_hamiltonevansimplementation2lcs,1
6_content_greed2411_LCS_try.py.txt,0,test,1315,greed2411_lcs_try,0
6_content_singh-sidharth_Longest-Common-Subsequence_LCS.py.txt,0,train,1316,singh-sidharth_longest-common-subsequence_lcs,4
7_content_justinmuskopf_protein_lcs_finder_lcs_proteins.py.txt,0,train,1317,justinmuskopf_protein_lcs_finder_lcs_proteins,3
7_content_kanthagirish-rit_lcs-project_datagen.py.txt,0,val,1318,kanthagirish-rit_lcs-project_datagen,5
7_content_kanthagirish-rit_lcs-project_dynamicprog.py.txt,0,train,1319,kanthagirish-rit_lcs-project_dynamicprog,2
7_content_kanthagirish-rit_lcs-project_hlcs.py.txt,0,train,1320,kanthagirish-rit_lcs-project_hlcs,1
7_content_kanthagirish-rit_lcs-project_memoization.py.txt,0,train,1321,kanthagirish-rit_lcs-project_memoization,1
7_content_kanthagirish-rit_lcs-project_recursive.py.txt,0,train,1322,kanthagirish-rit_lcs-project_recursive,4
8_content_16chuang_CS161_Project_1a.py.txt,0,val,1323,16chuang_cs161_project_1a,3
8_content_16chuang_CS161_Project_CLCSFast.py.txt,0,train,1324,16chuang_cs161_project_clcsfast,5
8_content_16chuang_CS161_Project_CLCSSlow.py.txt,0,train,1325,16chuang_cs161_project_clcsslow,2
8_content_16chuang_CS161_Project_judge.py.txt,0,train,1326,16chuang_cs161_project_judge,1
8_content_16chuang_CS161_Project_LCS.py.txt,0,train,1327,16chuang_cs161_project_lcs,4
8_content_16chuang_CS161_Project_LCStest.py.txt,0,train,1328,16chuang_cs161_project_lcstest,5
8_content_thingumajig_weighted_lcs_patterns.py.txt,0,train,1329,thingumajig_weighted_lcs_patterns,3
8_content_thingumajig_weighted_lcs_sequence.py.txt,0,train,1330,thingumajig_weighted_lcs_sequence,2
8_content_thingumajig_weighted_lcs_weighted_lcs.py.txt,0,train,1331,thingumajig_weighted_lcs_weighted_lcs,1
1_content_Aghabekyan_calculator-of-median-value_helpers.py.txt,0,test,1332,aghabekyan_calculator-of-median-value_helpers,0
1_content_Aghabekyan_calculator-of-median-value_main.py.txt,0,train,1333,aghabekyan_calculator-of-median-value_main,4
1_content_Aghabekyan_calculator-of-median-value_test.py.txt,0,test,1334,aghabekyan_calculator-of-median-value_test,0
1_content_brandonio_Stats-Calculator_stats.py.txt,0,train,1335,brandonio_stats-calculator_stats,3
1_content_ivan-gramatikov_Median-calc-basic_median.py.txt,0,train,1336,ivan-gramatikov_median-calc-basic_median,2
1_content_ivan-gramatikov_Median-calc-basic_test_median.py.txt,0,train,1337,ivan-gramatikov_median-calc-basic_test_median,5
2_content_siddhi47_median_calculator_median_calculator.py.txt,0,test,1338,siddhi47_median_calculator_median_calculator,0
3_content_Robert-Barclay_Statistics-Calculator_Stat_CalculatorV3.0.py.txt,0,train,1339,robert-barclay_statistics-calculator_stat_calculatorv3.0,2
4_content_bstefansen_HomePriceStatistics_Stefansen_Homes.py.txt,0,train,1340,bstefansen_homepricestatistics_stefansen_homes,1
100_content_paulofaria_dr-naive-bayes_server.py.txt,0,train,1341,paulofaria_dr-naive-bayes_server,4
10_content_SamAllegretto_NaiveBayes_bayes__3_.py.txt,0,train,1342,samallegretto_naivebayes_bayes__3_,3
11_content_yuvalkif_NaiveBayes_NaiveBayes.py.txt,0,train,1343,yuvalkif_naivebayes_naivebayes,5
12_content_chiforbogdan_naive-bayes-reputation_naive_bayes.py.txt,0,train,1344,chiforbogdan_naive-bayes-reputation_naive_bayes,2
12_content_chiforbogdan_naive-bayes-reputation_satisfaction_humidity.py.txt,0,val,1345,chiforbogdan_naive-bayes-reputation_satisfaction_humidity,1
13_content_ShankyTiwari_Naive-Bayes-Classifier-using-python_naive_bayes_supermall.py.txt,0,train,1346,shankytiwari_naive-bayes-classifier-using-python_naive_bayes_supermall,4
14_content_Dmujt_Naive-Bayes-Sentiment-Analysis_mutual_information.py.txt,0,train,1347,dmujt_naive-bayes-sentiment-analysis_mutual_information,3
14_content_rajat1401_NaiveBayes_scratch_2016260_ques1a.py.txt,0,train,1348,rajat1401_naivebayes_scratch_2016260_ques1a,2
16_content_ydhnwb_sentiment_analysis_movie_app.py.txt,0,train,1349,ydhnwb_sentiment_analysis_movie_app,5
16_content_ydhnwb_sentiment_analysis_movie_preprocessing.py.txt,0,train,1350,ydhnwb_sentiment_analysis_movie_preprocessing,2
17_content_sdevkota007_KNN-And-NaiveBayes-Classifier_ConfusionMatrix.py.txt,0,train,1351,sdevkota007_knn-and-naivebayes-classifier_confusionmatrix,1
18_content_kandapagari_NaiveBayes_Naive_bayes.py.txt,0,test,1352,kandapagari_naivebayes_naive_bayes,0
1_content_pranav-dahiya_NaiveBayes_spam_filter.py.txt,0,train,1353,pranav-dahiya_naivebayes_spam_filter,3
1_content_pranav-dahiya_NaiveBayes_vocabulary.py.txt,0,train,1354,pranav-dahiya_naivebayes_vocabulary,4
21_content_pavel-shepelev_NaiveBayes_News_Classifier.py.txt,0,train,1355,pavel-shepelev_naivebayes_news_classifier,3
23_content_ntorba_Naive_Bayes_Naive_Bayes.py.txt,0,train,1356,ntorba_naive_bayes_naive_bayes,5
29_content_barshaison_Naive_Bayes_Classifier_PreProcessing.py.txt,0,train,1357,barshaison_naive_bayes_classifier_preprocessing,2
29_content_barshaison_Naive_Bayes_Classifier_Prog.py.txt,0,train,1358,barshaison_naive_bayes_classifier_prog,1
2_content_aspremon_NaiveFeatureSelection_DemoNFS.py.txt,0,val,1359,aspremon_naivefeatureselection_demonfs,4
30_content_sina-ehsani_NaiveBayes_SNLI_prepro.py.txt,0,train,1360,sina-ehsani_naivebayes_snli_prepro,4
31_content_dariswan_AudioRetrieval-Classification_ekstraksi.py.txt,0,train,1361,dariswan_audioretrieval-classification_ekstraksi,3
37_content_saurabhzingade_Naive-Bayes-Basic_naive.py.txt,0,val,1362,saurabhzingade_naive-bayes-basic_naive,5
39_content_arundhati-b_NaiveBayesClassifier_computation.py.txt,0,train,1363,arundhati-b_naivebayesclassifier_computation,2
3_content_ml-for-nlp_authorship-attribution_attribution.py.txt,0,train,1364,ml-for-nlp_authorship-attribution_attribution,1
42_content_darshan-jain-29_ml-naive-bayes-working-demo_email_preprocess.py.txt,0,val,1365,darshan-jain-29_ml-naive-bayes-working-demo_email_preprocess,4
44_content_akbloodadarsh_Twitter-Sentimental-Analysis_MultinomialNaiveBayes.py.txt,0,test,1366,akbloodadarsh_twitter-sentimental-analysis_multinomialnaivebayes,0
48_content_andrewdoanutz_NaiveBayesClassifier_NaiveBayesClassifier.py.txt,0,val,1367,andrewdoanutz_naivebayesclassifier_naivebayesclassifier,3
48_content_asaadam_TextMining_Preprocessing.py.txt,0,test,1368,asaadam_textmining_preprocessing,0
50_content_cristend_spam_email_auto_run.py.txt,0,train,1369,cristend_spam_email_auto_run,5
56_content_ANLY521_naive_bayes_template_zero_rule.py.txt,0,train,1370,anly521_naive_bayes_template_zero_rule,2
57_content_mercury0100_pynb_pynb.py.txt,0,train,1371,mercury0100_pynb_pynb,1
5_content_adityadas8888_Naive-Bayes_naive_bayes.py.txt,0,train,1372,adityadas8888_naive-bayes_naive_bayes,4
66_content_Talon-Zhang_Naive-Bayes_reader.py.txt,0,train,1373,talon-zhang_naive-bayes_reader,3
67_content_theSnehaThing_NaiveBayes_Naive-Bayes_Classifier.py.txt,0,test,1374,thesnehathing_naivebayes_naive-bayes_classifier,0
6_content_dennishnf_indoor-location-using-naive-bayes_2_division_data.py.txt,0,train,1375,dennishnf_indoor-location-using-naive-bayes_2_division_data,5
72_content_AnirudhRathinam_naive-bayes_naiveBayes.py.txt,0,test,1376,anirudhrathinam_naive-bayes_naivebayes,0
76_content_mashfiq10_Naive-Bayes-classification_prob_1.py.txt,0,train,1377,mashfiq10_naive-bayes-classification_prob_1,2
78_content_uptodiff_kdd-cup-99-Analysis-machine-learning-python_kdd_binary_classification_ANN.py.txt,0,train,1378,uptodiff_kdd-cup-99-analysis-machine-learning-python_kdd_binary_classification_ann,1
79_content_snehasg95_NaiveBayes_iris_classification.py.txt,0,train,1379,snehasg95_naivebayes_iris_classification,4
7_content_ettuniversum_NaiveBayesian_iris_classifier.py.txt,0,train,1380,ettuniversum_naivebayesian_iris_classifier,3
7_content_pherde_naive_bayes_spam_classifier.py.txt,0,train,1381,pherde_naive_bayes_spam_classifier,5
80_content_cgeopapa_NaiveBayesClassifier-ham-spam-mail_Bayes.py.txt,0,train,1382,cgeopapa_naivebayesclassifier-ham-spam-mail_bayes,2
87_content_tej06_NaiveBayes-Classification_training.py.txt,0,val,1383,tej06_naivebayes-classification_training,1
8_content_FelixHuangX_Naive-Bayes-for-Text-Classification_Naivebayes_train.py.txt,0,train,1384,felixhuangx_naive-bayes-for-text-classification_naivebayes_train,4
90_content_cody-elhard_NaiveBayes_naive-bayes-numerical.py.txt,0,train,1385,cody-elhard_naivebayes_naive-bayes-numerical,3
91_content_mahsarazavi_Text-Classification_MLP_Model.py.txt,0,train,1386,mahsarazavi_text-classification_mlp_model,5
91_content_mahsarazavi_Text-Classification_naivebayes.py.txt,0,val,1387,mahsarazavi_text-classification_naivebayes,2
94_content_UniqueRoHo_NaiveBayes_Continuous.py.txt,0,train,1388,uniqueroho_naivebayes_continuous,1
95_content_ravularohit_sms-spam-detection_spam_detection.py.txt,0,test,1389,ravularohit_sms-spam-detection_spam_detection,0
97_content_panjibagaskara_NaiveBayes_naive.py.txt,0,train,1390,panjibagaskara_naivebayes_naive,4
10_content_divyanshgupt_one-time-pad_main.py.txt,0,test,1391,divyanshgupt_one-time-pad_main,0
10_content_divyanshgupt_one-time-pad_takeinput.py.txt,0,train,1392,divyanshgupt_one-time-pad_takeinput,3
10_content_MBataille_encrypt-xor_encr.py.txt,0,val,1393,mbataille_encrypt-xor_encr,5
11_content_AlfioEmanueleFresta_practical-one-time-pad-python_exercise1.py.txt,0,test,1394,alfioemanuelefresta_practical-one-time-pad-python_exercise1,0
11_content_AlfioEmanueleFresta_practical-one-time-pad-python_exercise2.py.txt,0,train,1395,alfioemanuelefresta_practical-one-time-pad-python_exercise2,2
11_content_AlfioEmanueleFresta_practical-one-time-pad-python_extension.py.txt,0,train,1396,alfioemanuelefresta_practical-one-time-pad-python_extension,1
11_content_wwdesmidt_otphelper_otp.py.txt,0,train,1397,wwdesmidt_otphelper_otp,4
14_content_b-hub_cracker_test.py.txt,0,train,1398,b-hub_cracker_test,3
14_content_owenlo_OTP-Python_otp.py.txt,0,train,1399,owenlo_otp-python_otp,5
15_content_elkozmon_otp_test_otp.py.txt,0,train,1400,elkozmon_otp_test_otp,2
16_content_nicolasenciso_One-time-pad-crypto-algorithm_OneTimePad.py.txt,0,train,1401,nicolasenciso_one-time-pad-crypto-algorithm_onetimepad,1
17_content_henryfox_encryption_rand.py.txt,0,train,1402,henryfox_encryption_rand,4
17_content_henryfox_encryption_run.py.txt,0,train,1403,henryfox_encryption_run,5
17_content_henryfox_encryption_run_ui.py.txt,0,test,1404,henryfox_encryption_run_ui,0
17_content_jb0xx_decrypt-onetimepad_texthelper.py.txt,0,train,1405,jb0xx_decrypt-onetimepad_texthelper,3
18_content_sathishbeloved_One-time-pad-cipher-with-python3_one_time_pad_cipher.py.txt,0,val,1406,sathishbeloved_one-time-pad-cipher-with-python3_one_time_pad_cipher,2
19_content_DennyHsieh_many-time-pad-attack_test.py.txt,0,train,1407,dennyhsieh_many-time-pad-attack_test,1
19_content_sorenr_jjcrypt_otp_gen.py.txt,0,train,1408,sorenr_jjcrypt_otp_gen,4
20_content_ErikDeBruijn_seed-split_seed-split.py.txt,0,train,1409,erikdebruijn_seed-split_seed-split,3
21_content_bentoro_7402_Ass3_otp.py.txt,0,train,1410,bentoro_7402_ass3_otp,5
22_content_asmitaneupane_Python-project_algorithm.py.txt,0,train,1411,asmitaneupane_python-project_algorithm,2
22_content_asmitaneupane_Python-project_mytest.py.txt,0,test,1412,asmitaneupane_python-project_mytest,0
22_content_asmitaneupane_Python-project_testfile.py.txt,0,train,1413,asmitaneupane_python-project_testfile,1
22_content_asmitaneupane_Python-project_vernam.py.txt,0,test,1414,asmitaneupane_python-project_vernam,0
23_content_git-remove_OTP-Decipher_cipher.py.txt,0,train,1415,git-remove_otp-decipher_cipher,4
24_content_BrandonSersion_face-pad_manage.py.txt,0,train,1416,brandonsersion_face-pad_manage,3
25_content_penji2_encode-OTP-client-server_key_generator.py.txt,0,train,1417,penji2_encode-otp-client-server_key_generator,5
27_content_aferaudo_xor_keyobtainer_xor_keyobtainer.py.txt,0,val,1418,aferaudo_xor_keyobtainer_xor_keyobtainer,2
31_content_tobymyers_codingthematrix_factoring_support.py.txt,0,train,1419,tobymyers_codingthematrix_factoring_support,1
31_content_tobymyers_codingthematrix_gaussian_examples.py.txt,0,train,1420,tobymyers_codingthematrix_gaussian_examples,4
31_content_tobymyers_codingthematrix_GF2.py.txt,0,train,1421,tobymyers_codingthematrix_gf2,3
31_content_tobymyers_codingthematrix_orthonormalization.py.txt,0,val,1422,tobymyers_codingthematrix_orthonormalization,5
31_content_tobymyers_codingthematrix_The_Function_problems.py.txt,0,train,1423,tobymyers_codingthematrix_the_function_problems,2
31_content_tobymyers_codingthematrix_vecutil.py.txt,0,train,1424,tobymyers_codingthematrix_vecutil,1
3_content_archit-p_two-time-pad-exploit_exploit-two-time-pad.py.txt,0,train,1425,archit-p_two-time-pad-exploit_exploit-two-time-pad,4
3_content_calleia_one-time-pad-python_one-time-pad.py.txt,0,train,1426,calleia_one-time-pad-python_one-time-pad,3
3_content_redneptun_lokkat_lokkat.py.txt,0,train,1427,redneptun_lokkat_lokkat,5
4_content_sezisoro_PyTimePad_PyTimePad.py.txt,0,train,1428,sezisoro_pytimepad_pytimepad,2
5_content_dobrosketchkun_IV-chat_input_IVchat.py.txt,0,train,1429,dobrosketchkun_iv-chat_input_ivchat,1
5_content_dobrosketchkun_IV-chat_output_IVchat.py.txt,0,train,1430,dobrosketchkun_iv-chat_output_ivchat,4
5_content_dobrosketchkun_IV-chat_roster.py.txt,0,train,1431,dobrosketchkun_iv-chat_roster,3
7_content_oscarokker_OneTimePad_decrypt.py.txt,0,val,1432,oscarokker_onetimepad_decrypt,5
7_content_oscarokker_OneTimePad_encrypt.py.txt,0,test,1433,oscarokker_onetimepad_encrypt,0
7_content_oscarokker_OneTimePad_readImgBytes.py.txt,0,train,1434,oscarokker_onetimepad_readimgbytes,2
7_content_oscarokker_OneTimePad_unbreakable_encryption.py.txt,0,train,1435,oscarokker_onetimepad_unbreakable_encryption,1
8_content_AlfioEmanueleFresta_practical-one-time-pad_conf.py.txt,0,test,1436,alfioemanuelefresta_practical-one-time-pad_conf,0
8_content_dargust_OTPChat_OTPIRC.py.txt,0,test,1437,dargust_otpchat_otpirc,0
9_content_RooiAap_One-Time-Pad_decrypt.py.txt,0,train,1438,rooiaap_one-time-pad_decrypt,4
9_content_RooiAap_One-Time-Pad_encrypt.py.txt,0,train,1439,rooiaap_one-time-pad_encrypt,3
9_content_wwlorey_one-time-pad_bin_otp_key_gen.py.txt,0,val,1440,wwlorey_one-time-pad_bin_otp_key_gen,5
1_content_Pranshu258_Crowd_Behavior_Analysis_outlierDetector.py.txt,0,train,1441,pranshu258_crowd_behavior_analysis_outlierdetector,2
2_content_Liu-WeiYi_Private_Preserving_Outlier_Behavior_Detection_Abnormal_Scenario_Generation.py.txt,0,train,1442,liu-weiyi_private_preserving_outlier_behavior_detection_abnormal_scenario_generation,1
2_content_Liu-WeiYi_Private_Preserving_Outlier_Behavior_Detection_community_main.py.txt,0,train,1443,liu-weiyi_private_preserving_outlier_behavior_detection_community_main,1
2_content_Liu-WeiYi_Private_Preserving_Outlier_Behavior_Detection_Incremental_Time_analysis.py.txt,0,train,1444,liu-weiyi_private_preserving_outlier_behavior_detection_incremental_time_analysis,4
2_content_Liu-WeiYi_Private_Preserving_Outlier_Behavior_Detection_Process_TianChi_Main.py.txt,0,train,1445,liu-weiyi_private_preserving_outlier_behavior_detection_process_tianchi_main,3
2_content_Liu-WeiYi_Private_Preserving_Outlier_Behavior_Detection_statistic.py.txt,0,val,1446,liu-weiyi_private_preserving_outlier_behavior_detection_statistic,2
2_content_Liu-WeiYi_Private_Preserving_Outlier_Behavior_Detection_utils.py.txt,0,train,1447,liu-weiyi_private_preserving_outlier_behavior_detection_utils,5
2_content_mayankagrawal93_Outlier-Analysis_cblof.py.txt,0,val,1448,mayankagrawal93_outlier-analysis_cblof,2
2_content_moluronghuakai_outlier-analysis_feature.py.txt,0,test,1449,moluronghuakai_outlier-analysis_feature,0
2_content_Rohit967_Outlier-Analysis-With-Python_OutlierAnalysis.py.txt,0,train,1450,rohit967_outlier-analysis-with-python_outlieranalysis,1
4_content_mrimahajan_advanced_analysis_package___init__.py.txt,0,train,1451,mrimahajan_advanced_analysis_package___init__,4
4_content_mrimahajan_advanced_analysis_package_analyze.py.txt,0,train,1452,mrimahajan_advanced_analysis_package_analyze,3
4_content_mrimahajan_advanced_analysis_package_variable_reduction.py.txt,0,train,1453,mrimahajan_advanced_analysis_package_variable_reduction,5
4_content_mrimahajan_advanced_analysis_package_variable_treatment.py.txt,0,train,1454,mrimahajan_advanced_analysis_package_variable_treatment,2
5_content_harshdarji22_crypto_domains.py.txt,0,val,1455,harshdarji22_crypto_domains,1
5_content_harshdarji22_crypto_index.py.txt,0,train,1456,harshdarji22_crypto_index,4
5_content_harshdarji22_crypto_outlier.py.txt,0,train,1457,harshdarji22_crypto_outlier,5
6_content_chengdai_gestation_multiomics_pregnancy_multiomics.py.txt,0,train,1458,chengdai_gestation_multiomics_pregnancy_multiomics,3
1_content_danrludwig_perfect_number_perfect_number_code.py.txt,0,test,1459,danrludwig_perfect_number_perfect_number_code,0
1_content_lucaspauker_factor-perfect-numbers_Factors_Perfect_Number.py.txt,0,train,1460,lucaspauker_factor-perfect-numbers_factors_perfect_number,3
2_content_imset_Perfect-Numbers_perfNum.py.txt,0,test,1461,imset_perfect-numbers_perfnum,0
3_content_iykadev_pyalgo_3plus1.py.txt,0,test,1462,iykadev_pyalgo_3plus1,0
3_content_iykadev_pyalgo_ackermann_func.py.txt,0,train,1463,iykadev_pyalgo_ackermann_func,2
3_content_iykadev_pyalgo_anagram.py.txt,0,train,1464,iykadev_pyalgo_anagram,1
3_content_iykadev_pyalgo_anagram2.py.txt,0,train,1465,iykadev_pyalgo_anagram2,4
3_content_iykadev_pyalgo_anagram3.py.txt,0,val,1466,iykadev_pyalgo_anagram3,3
3_content_iykadev_pyalgo_babil_square_root.py.txt,0,train,1467,iykadev_pyalgo_babil_square_root,5
3_content_iykadev_pyalgo_binary_search2.py.txt,0,test,1468,iykadev_pyalgo_binary_search2,0
3_content_iykadev_pyalgo_binarySearch.py.txt,0,val,1469,iykadev_pyalgo_binarysearch,2
3_content_iykadev_pyalgo_binaryTree.py.txt,0,train,1470,iykadev_pyalgo_binarytree,1
3_content_iykadev_pyalgo_bresenhams_line_algo.py.txt,0,train,1471,iykadev_pyalgo_bresenhams_line_algo,5
3_content_iykadev_pyalgo_bubbleSort.py.txt,0,train,1472,iykadev_pyalgo_bubblesort,4
3_content_iykadev_pyalgo_deal_cards_for_freecell_algo.py.txt,0,train,1473,iykadev_pyalgo_deal_cards_for_freecell_algo,3
3_content_iykadev_pyalgo_deepFirstSearch.py.txt,0,train,1474,iykadev_pyalgo_deepfirstsearch,5
3_content_iykadev_pyalgo_dragon_curve.py.txt,0,val,1475,iykadev_pyalgo_dragon_curve,2
3_content_iykadev_pyalgo_fast_fourier_transform.py.txt,0,train,1476,iykadev_pyalgo_fast_fourier_transform,1
3_content_iykadev_pyalgo_fibo.py.txt,0,test,1477,iykadev_pyalgo_fibo,0
3_content_iykadev_pyalgo_insertionSort.py.txt,0,train,1478,iykadev_pyalgo_insertionsort,4
3_content_iykadev_pyalgo_knuths_algo.py.txt,0,train,1479,iykadev_pyalgo_knuths_algo,3
3_content_iykadev_pyalgo_lagged_fibonacci_gen.py.txt,0,train,1480,iykadev_pyalgo_lagged_fibonacci_gen,5
3_content_iykadev_pyalgo_lucas_lehmer_test.py.txt,0,train,1481,iykadev_pyalgo_lucas_lehmer_test,4
3_content_iykadev_pyalgo_midpoint_circle_algo.py.txt,0,train,1482,iykadev_pyalgo_midpoint_circle_algo,2
3_content_iykadev_pyalgo_monte_carlo_method.py.txt,0,test,1483,iykadev_pyalgo_monte_carlo_method,0
3_content_iykadev_pyalgo_monty_hall_problem.py.txt,0,train,1484,iykadev_pyalgo_monty_hall_problem,3
3_content_iykadev_pyalgo_move_to_front_algo.py.txt,0,val,1485,iykadev_pyalgo_move_to_front_algo,5
3_content_iykadev_pyalgo_nth_root_algo.py.txt,0,train,1486,iykadev_pyalgo_nth_root_algo,5
3_content_iykadev_pyalgo_one_time_password.py.txt,0,train,1487,iykadev_pyalgo_one_time_password,2
3_content_iykadev_pyalgo_orderedSequentialSearch.py.txt,0,train,1488,iykadev_pyalgo_orderedsequentialsearch,1
3_content_iykadev_pyalgo_quickSort.py.txt,0,train,1489,iykadev_pyalgo_quicksort,4
3_content_iykadev_pyalgo_recursiveBinarySearch.py.txt,0,train,1490,iykadev_pyalgo_recursivebinarysearch,3
3_content_iykadev_pyalgo_selectionSorting.py.txt,0,train,1491,iykadev_pyalgo_selectionsorting,5
3_content_iykadev_pyalgo_sequentialSearch.py.txt,0,train,1492,iykadev_pyalgo_sequentialsearch,2
3_content_iykadev_pyalgo_shellSort.py.txt,0,test,1493,iykadev_pyalgo_shellsort,0
3_content_iykadev_pyalgo_shortBubbleSort.py.txt,0,train,1494,iykadev_pyalgo_shortbubblesort,4
3_content_iykadev_pyalgo_sierpinski_triangle.py.txt,0,train,1495,iykadev_pyalgo_sierpinski_triangle,1
3_content_iykadev_pyalgo_sieve_of_eratosthenes_algo.py.txt,0,train,1496,iykadev_pyalgo_sieve_of_eratosthenes_algo,4
3_content_iykadev_pyalgo_sift3.py.txt,0,train,1497,iykadev_pyalgo_sift3,5
3_content_iykadev_pyalgo_spiral_matrix.py.txt,0,train,1498,iykadev_pyalgo_spiral_matrix,3
3_content_iykadev_pyalgo_trabb_pardo_knuth_algo.py.txt,0,train,1499,iykadev_pyalgo_trabb_pardo_knuth_algo,2
3_content_iykadev_pyalgo_unknown_sorting_algo.py.txt,0,train,1500,iykadev_pyalgo_unknown_sorting_algo,1
3_content_iykadev_pyalgo_zigzag_matrix.py.txt,0,train,1501,iykadev_pyalgo_zigzag_matrix,4
3_content_linye1111_Perfect_Numbers_Euler_Perfects.py.txt,0,train,1502,linye1111_perfect_numbers_euler_perfects,3
3_content_linye1111_Perfect_Numbers_Factors.py.txt,0,train,1503,linye1111_perfect_numbers_factors,5
3_content_linye1111_Perfect_Numbers_Perfect_Nunbers.py.txt,0,train,1504,linye1111_perfect_numbers_perfect_nunbers,1
4_content_Ityer_3x3_Squared_Magic_Square_Finder_test.py.txt,0,train,1505,ityer_3x3_squared_magic_square_finder_test,2
4_content_jclifford442_Perfect-Number_main.py.txt,0,val,1506,jclifford442_perfect-number_main,1
4_content_mhubjer_rand_multiply.py_rand_multiply.py.txt,0,train,1507,mhubjer_rand_multiply,4
5_content_Kevin2408_perfect-number_perfect_number.py.txt,0,val,1508,kevin2408_perfect-number_perfect_number,3
10_content_joepearson95_Polynomial-and-K-Means_polynomial.py.txt,0,val,1509,joepearson95_polynomial-and-k-means_polynomial,5
12_content_jplevy_PolynomialRegressionPython_my_polynomial_regression.py.txt,0,train,1510,jplevy_polynomialregressionpython_my_polynomial_regression,2
12_content_MarynaTatsevich_Machine-Learning-Regression-Techniques_Polynomial_Regression.py.txt,0,train,1511,marynatatsevich_machine-learning-regression-techniques_polynomial_regression,1
13_content_amitgaikwad1730_Polynomial-Regression_polynomial_regression.py.txt,0,train,1512,amitgaikwad1730_polynomial-regression_polynomial_regression,4
14_content_ambasthv_Analytics_ARIMA_polynomial_Linear_Regression_arimaMA.py.txt,0,train,1513,ambasthv_analytics_arima_polynomial_linear_regression_arimama,4
14_content_ambasthv_Analytics_ARIMA_polynomial_Linear_Regression_assignment_dataset.py.txt,0,test,1514,ambasthv_analytics_arima_polynomial_linear_regression_assignment_dataset,0
14_content_ambasthv_Analytics_ARIMA_polynomial_Linear_Regression_matrix_operation.py.txt,0,train,1515,ambasthv_analytics_arima_polynomial_linear_regression_matrix_operation,3
14_content_ambasthv_Analytics_ARIMA_polynomial_Linear_Regression_polynomial_regression.py.txt,0,val,1516,ambasthv_analytics_arima_polynomial_linear_regression_polynomial_regression,5
14_content_ambasthv_Analytics_ARIMA_polynomial_Linear_Regression_test_lib.py.txt,0,test,1517,ambasthv_analytics_arima_polynomial_linear_regression_test_lib,0
15_content_craig-clephane_PolynomialRegression_CLE17639952-PolynomialRegression.py.txt,0,train,1518,craig-clephane_polynomialregression_cle17639952-polynomialregression,2
17_content_tzhang1404_Polynomial-Regression-and-Perceptron-Classifier_load_json_data.py.txt,0,train,1519,tzhang1404_polynomial-regression-and-perceptron-classifier_load_json_data,1
18_content_rutajoshi_polyfit_experiments_noise_variance_experiment.py.txt,0,train,1520,rutajoshi_polyfit_experiments_noise_variance_experiment,5
18_content_rutajoshi_polyfit_experiments_polyfit_experiment.py.txt,0,train,1521,rutajoshi_polyfit_experiments_polyfit_experiment,4
19_content_abedigram_genpy_app.py.txt,0,train,1522,abedigram_genpy_app,3
1_content_pickus91_Polynomial-Regression-From-Scratch_generatePolyPoints.py.txt,0,train,1523,pickus91_polynomial-regression-from-scratch_generatepolypoints,5
20_content_POOSARLADIVAKAR_FODS-Assignment2_preprocessing.py.txt,0,train,1524,poosarladivakar_fods-assignment2_preprocessing,2
21_content_RikilG_Data-Science-Foundations_main.py.txt,0,train,1525,rikilg_data-science-foundations_main,1
23_content_crsbrk_polynomialRegression_test.py.txt,0,test,1526,crsbrk_polynomialregression_test,0
24_content_Najib-Haq_Sort-functions-analysis-with-Tensorflow_generate_data.py.txt,0,train,1527,najib-haq_sort-functions-analysis-with-tensorflow_generate_data,4
24_content_Najib-Haq_Sort-functions-analysis-with-Tensorflow_sorting_algos.py.txt,0,train,1528,najib-haq_sort-functions-analysis-with-tensorflow_sorting_algos,3
24_content_Najib-Haq_Sort-functions-analysis-with-Tensorflow_Training.py.txt,0,val,1529,najib-haq_sort-functions-analysis-with-tensorflow_training,5
26_content_NicolasAG_ML-assignment1_a1q1d.py.txt,0,train,1530,nicolasag_ml-assignment1_a1q1d,2
26_content_NicolasAG_ML-assignment1_a1q1f.py.txt,0,train,1531,nicolasag_ml-assignment1_a1q1f,1
26_content_NicolasAG_ML-assignment1_main.py.txt,0,test,1532,nicolasag_ml-assignment1_main,0
27_content_danish45007_PLACEMENTS-IN-SRM-2013-2016-_placements.py.txt,0,train,1533,danish45007_placements-in-srm-2013-2016-_placements,4
27_content_soumenca_LinearRegression_Multiple_Polynominal_Regression.py.txt,0,train,1534,soumenca_linearregression_multiple_polynominal_regression,5
28_content_iamsainikhil_polynomial-selection_Sainikhil_Bheemanathini_polynomial_selection.py.txt,0,train,1535,iamsainikhil_polynomial-selection_sainikhil_bheemanathini_polynomial_selection,3
29_content_mashfiq10_Linear-and-logistic-regression_prob1.py.txt,0,train,1536,mashfiq10_linear-and-logistic-regression_prob1,2
29_content_mashfiq10_Linear-and-logistic-regression_prob4.py.txt,0,train,1537,mashfiq10_linear-and-logistic-regression_prob4,1
29_content_NohaWaly_PolynomialRegression_polynomialregression.py.txt,0,train,1538,nohawaly_polynomialregression_polynomialregression,4
2_content_Gregory-Matthews_Bitcoin-Price-Predictor_linear_regression_1ftr.py.txt,0,test,1539,gregory-matthews_bitcoin-price-predictor_linear_regression_1ftr,0
2_content_Gregory-Matthews_Bitcoin-Price-Predictor_linear_regression_multifeature.py.txt,0,train,1540,gregory-matthews_bitcoin-price-predictor_linear_regression_multifeature,3
2_content_Gregory-Matthews_Bitcoin-Price-Predictor_LSTM.py.txt,0,train,1541,gregory-matthews_bitcoin-price-predictor_lstm,5
2_content_Gregory-Matthews_Bitcoin-Price-Predictor_polynomial_regression_1ftr.py.txt,0,train,1542,gregory-matthews_bitcoin-price-predictor_polynomial_regression_1ftr,2
30_content_SanShery_Regression_Classification_classification.py.txt,0,train,1543,sanshery_regression_classification_classification,1
30_content_zaghlol94_Predict-Salary-depend-on-position_salary-prediction-upon-position.py.txt,0,train,1544,zaghlol94_predict-salary-depend-on-position_salary-prediction-upon-position,3
33_content_banaabraham_stock_plotter_candleplot.py.txt,0,train,1545,banaabraham_stock_plotter_candleplot,4
33_content_shelbyjoji_Machine_Learning_PartI_MachineLearning_part1.py.txt,0,train,1546,shelbyjoji_machine_learning_parti_machinelearning_part1,3
35_content_qs66_An-Alternative-Approach-to-Forecast-the-Volatility-of-Multiscale-and-High-Dimensional-Market-Data_SVRandGARCH.py.txt,0,val,1547,qs66_an-alternative-approach-to-forecast-the-volatility-of-multiscale-and-high-dimensional-market-data_svrandgarch,5
36_content_NabinAdhikari674_Study-on-Different-ML-Models-on-Housing-Dataset_main.py.txt,0,train,1548,nabinadhikari674_study-on-different-ml-models-on-housing-dataset_main,2
36_content_NabinAdhikari674_Study-on-Different-ML-Models-on-Housing-Dataset_pre_processor.py.txt,0,train,1549,nabinadhikari674_study-on-different-ml-models-on-housing-dataset_pre_processor,1
37_content_cmeza432_Linear-Regression_linear_regression.py.txt,0,val,1550,cmeza432_linear-regression_linear_regression,4
39_content_engmubarak48_polynomial-regression_Polynomial_Regression__2_.py.txt,0,train,1551,engmubarak48_polynomial-regression_polynomial_regression__2_,3
3_content_cookbenjamin_Regression_polyPy.py.txt,0,train,1552,cookbenjamin_regression_polypy,5
3_content_egroeglee_Polynomial-Regression_polynomial_regression.py.txt,0,train,1553,egroeglee_polynomial-regression_polynomial_regression,2
42_content_adityaiiitv_Polynomial-Regression_multiple_linear_regression.py.txt,0,train,1554,adityaiiitv_polynomial-regression_multiple_linear_regression,1
42_content_akipekoren_Polynomial-regression_polynomial_regression.py.txt,0,train,1555,akipekoren_polynomial-regression_polynomial_regression,4
43_content_pkonowrocki_Neural-network_csvReader.py.txt,0,train,1556,pkonowrocki_neural-network_csvreader,3
43_content_pkonowrocki_Neural-network_script.py.txt,0,train,1557,pkonowrocki_neural-network_script,5
47_content_fanliu1991_Polynomial_Regression_polynomial_regression_reg.py.txt,0,train,1558,fanliu1991_polynomial_regression_polynomial_regression_reg,2
48_content_hazalmergen_EstimatingValues_ML_polynomialregression.py.txt,0,train,1559,hazalmergen_estimatingvalues_ml_polynomialregression,1
48_content_hazalmergen_EstimatingValues_ML_RandomForest.py.txt,0,train,1560,hazalmergen_estimatingvalues_ml_randomforest,4
49_content_pranurs_regression-model_performance_analysis.py.txt,0,train,1561,pranurs_regression-model_performance_analysis,3
49_content_pranurs_regression-model_preprocess.py.txt,0,train,1562,pranurs_regression-model_preprocess,5
4_content_prathmachowksey_Multivariate-Polynomial-Regression_generate_polynomials.py.txt,0,train,1563,prathmachowksey_multivariate-polynomial-regression_generate_polynomials,2
50_content_mhkhojaste_solve-polynoma-regression-with-genetic_P2.py.txt,0,train,1564,mhkhojaste_solve-polynoma-regression-with-genetic_p2,1
53_content_iamrj846_Predicting-insurance-prices-with-Linear-Regression_PolynomialRegressionRegularized.py.txt,0,train,1565,iamrj846_predicting-insurance-prices-with-linear-regression_polynomialregressionregularized,4
53_content_sgm1191_m-polynomial-regression-GA_genetic.py.txt,0,val,1566,sgm1191_m-polynomial-regression-ga_genetic,5
56_content_jlucartc_Polynomial-Regression_regressao.py.txt,0,train,1567,jlucartc_polynomial-regression_regressao,3
58_content_rahul1502_polynomial-regression_polynomial-regression.py.txt,0,train,1568,rahul1502_polynomial-regression_polynomial-regression,2
59_content_danish45007_polynomial-regression_polynomial_regression.py.txt,0,train,1569,danish45007_polynomial-regression_polynomial_regression,1
59_content_rakesh-1601_Stock_prediction_predicting_google_stocks.py.txt,0,train,1570,rakesh-1601_stock_prediction_predicting_google_stocks,4
5_content_BenKalish42_Best-fit-Polynomial-Regression_nfoldpolyfit.py.txt,0,val,1571,benkalish42_best-fit-polynomial-regression_nfoldpolyfit,3
60_content_Thehunk1206_Polynomial-Regression_demo.py.txt,0,train,1572,thehunk1206_polynomial-regression_demo,5
60_content_winnie9197_The-Coding-School-projects_mini-game.py.txt,0,train,1573,winnie9197_the-coding-school-projects_mini-game,2
60_content_winnie9197_The-Coding-School-projects_polynomial_regression.py.txt,0,test,1574,winnie9197_the-coding-school-projects_polynomial_regression,0
62_content_srkhedkar_Polynomial-Regression_PolynomialRegression.py.txt,0,train,1575,srkhedkar_polynomial-regression_polynomialregression,1
64_content_AhmadMamduhh_Data-Mining-Project_clustering.py.txt,0,train,1576,ahmadmamduhh_data-mining-project_clustering,4
64_content_AhmadMamduhh_Data-Mining-Project_main.py.txt,0,train,1577,ahmadmamduhh_data-mining-project_main,3
64_content_AhmadMamduhh_Data-Mining-Project_visualizer.py.txt,0,test,1578,ahmadmamduhh_data-mining-project_visualizer,0
67_content_mikail2004_Spae_deploy.py.txt,0,train,1579,mikail2004_spae_deploy,5
68_content_mazy1998_Machine-Learning-Polynomial-Regression_Stochastic_Gradient_Descent_Linear_Regression.py.txt,0,train,1580,mazy1998_machine-learning-polynomial-regression_stochastic_gradient_descent_linear_regression,2
71_content_puria-radmard_truncatedspline_truncspline.py.txt,0,train,1581,puria-radmard_truncatedspline_truncspline,1
73_content_ansarishadab121_Number-of-Upvotes_upvotes.py.txt,0,val,1582,ansarishadab121_number-of-upvotes_upvotes,4
73_content_MachineLearning-Nerd_Multiple-Polynomial-Regression_experiment.py.txt,0,train,1583,machinelearning-nerd_multiple-polynomial-regression_experiment,3
74_content_ikravche_polynomial_regression_NNE.py.txt,0,test,1584,ikravche_polynomial_regression_nne,0
78_content_syh5_Linear-Polynomial-and-Multivariate-Regression_Decision-Boundaries.py.txt,0,train,1585,syh5_linear-polynomial-and-multivariate-regression_decision-boundaries,5
7_content_codingple_UAVPathPlanning_path.py(1).txt,0,test,1586,codingple_uavpathplanning_path.py(1),0
80_content_Ayushhiman_LR_LRP.py(1).txt,0,val,1587,ayushhiman_lr_lrp.py(1),2
81_content_kiranathealea_regressionMachineLearning_linearregression.py.txt,0,val,1588,kiranathealea_regressionmachinelearning_linearregression,1
81_content_kiranathealea_regressionMachineLearning_linearregression_final.py.txt,0,val,1589,kiranathealea_regressionmachinelearning_linearregression_final,4
81_content_kiranathealea_regressionMachineLearning_main.py.txt,0,val,1590,kiranathealea_regressionmachinelearning_main,3
81_content_kiranathealea_regressionMachineLearning_polynomialregression.py.txt,0,train,1591,kiranathealea_regressionmachinelearning_polynomialregression,5
81_content_kiranathealea_regressionMachineLearning_polynomialregression_degree2_final.py.txt,0,train,1592,kiranathealea_regressionmachinelearning_polynomialregression_degree2_final,2
83_content_baccatore_polynominal_regression_lagrangeMultiplier.py.txt,0,train,1593,baccatore_polynominal_regression_lagrangemultiplier,1
83_content_baccatore_polynominal_regression_polynominal_regression.py.txt,0,val,1594,baccatore_polynominal_regression_polynominal_regression,4
84_content_InternityFoundation_ML_Abhiraj_srivastava_iris1_decision_tree.py.txt,0,train,1595,internityfoundation_ml_abhiraj_srivastava_iris1_decision_tree,3
85_content_asifraza-sonu_Polynomial-regression-Ridge-regression-Lasso-Regression_2018AIML551_lasso_part_d.py.txt,0,test,1596,asifraza-sonu_polynomial-regression-ridge-regression-lasso-regression_2018aiml551_lasso_part_d,0
85_content_asifraza-sonu_Polynomial-regression-Ridge-regression-Lasso-Regression_2018AIML551_ridge_part_d.py.txt,0,train,1597,asifraza-sonu_polynomial-regression-ridge-regression-lasso-regression_2018aiml551_ridge_part_d,5
86_content_kartik31_Cryptocurrency-Market-Predictor_lstm.py.txt,0,test,1598,kartik31_cryptocurrency-market-predictor_lstm,0
90_content_kubrailkul_Linear-Polynomial-Regression-model_polynomial_regression.py.txt,0,train,1599,kubrailkul_linear-polynomial-regression-model_polynomial_regression,2
94_content_taksug229_Python-polynomial-regression_Working_Space_for_Polynomial_Regression.py.txt,0,val,1600,taksug229_python-polynomial-regression_working_space_for_polynomial_regression,2
97_content_ChristinaKr_RegressionAnalysis_split_train_test.py.txt,0,train,1601,christinakr_regressionanalysis_split_train_test,1
99_content_OmerFarukTekgozoglu_Machine-Learning-Polynomial-Regression_polynomialRegression.py.txt,0,val,1602,omerfaruktekgozoglu_machine-learning-polynomial-regression_polynomialregression,4
9_content_mschamarthy_parametric-regression_linearRegression.py.txt,0,train,1603,mschamarthy_parametric-regression_linearregression,3
10_content_Jeremiah9000_prime_numbers_truncatable_prime_numbers_truncatable_faster.py.txt,0,train,1604,jeremiah9000_prime_numbers_truncatable_prime_numbers_truncatable_faster,5
11_content_pprzygodzk_binary_search-prime_numbers_binarysearch.py.txt,0,test,1605,pprzygodzk_binary_search-prime_numbers_binarysearch,0
11_content_pprzygodzk_binary_search-prime_numbers_primes_p1.py.txt,0,train,1606,pprzygodzk_binary_search-prime_numbers_primes_p1,2
12_content_croiden_successive-prime-numbers_generatePrime.py.txt,0,test,1607,croiden_successive-prime-numbers_generateprime,0
12_content_Rafelito19_Crypo-Number-Theory-Projects_ferm.py.txt,0,train,1608,rafelito19_crypo-number-theory-projects_ferm,1
13_content_dannbleeker_SearchForPrimeNumbers_runPrimeSearch.py.txt,0,train,1609,dannbleeker_searchforprimenumbers_runprimesearch,4
13_content_dannbleeker_SearchForPrimeNumbers_timerForIsPrime.py.txt,0,test,1610,dannbleeker_searchforprimenumbers_timerforisprime,0
14_content_delabi_prime_number-sieve_generate_prime_numbers.py.txt,0,test,1611,delabi_prime_number-sieve_generate_prime_numbers,0
15_content_EdwinKato_prime_number_generator_prime_number_generator.py.txt,0,train,1612,edwinkato_prime_number_generator_prime_number_generator,3
15_content_MubasharSardar_Multipurpose-Gui-App-python_Projectpart2revice.py.txt,0,test,1613,mubasharsardar_multipurpose-gui-app-python_projectpart2revice,0
16_content_mukosh123_primegenetator_primeg.py.txt,0,train,1614,mukosh123_primegenetator_primeg,4
17_content_txrp0x9_py_prime_number_primeno.py.txt,0,train,1615,txrp0x9_py_prime_number_primeno,5
18_content_zach010_PrimeOptimus_Prime.py.txt,0,train,1616,zach010_primeoptimus_prime,2
19_content_lisamryl_prime-number-multiplication-table_tests.py.txt,0,val,1617,lisamryl_prime-number-multiplication-table_tests,1
19_content_orzal_python_prime_numbers_prime_numbers.py.txt,0,train,1618,orzal_python_prime_numbers_prime_numbers,4
1_content_Fellfalla_prime-predictor_prime_predictor.py.txt,0,train,1619,fellfalla_prime-predictor_prime_predictor,3
1_content_mtony75_isprime_isprime.py.txt,0,train,1620,mtony75_isprime_isprime,5
20_content_DanielKrolopp_Sieves_Eratosthenes.py.txt,0,train,1621,danielkrolopp_sieves_eratosthenes,2
21_content_hagyu-aya_prime-number-bot_index.py.txt,0,train,1622,hagyu-aya_prime-number-bot_index,1
22_content_ahmedheakl_Get-prime-Numbers_Get_Prime_Numbers.py.txt,0,test,1623,ahmedheakl_get-prime-numbers_get_prime_numbers,0
23_content_cjonsmith_prime_calc_prime_days.py.txt,0,train,1624,cjonsmith_prime_calc_prime_days,4
23_content_cjonsmith_prime_prime.py.txt,0,val,1625,cjonsmith_prime_prime,3
23_content_wliabc_Prime-numbers_prime.py.txt,0,test,1626,wliabc_prime-numbers_prime,0
24_content_jakubfolta_PrimeNumber_Prime.py.txt,0,train,1627,jakubfolta_primenumber_prime,5
25_content_diXime_PrimaryNumbers_utx.py.txt,0,val,1628,dixime_primarynumbers_utx,2
25_content_Scientific-Computing-at-Temple-Physics_prime-number-finder-MicrowaveOfEvil_primes.py.txt,0,train,1629,scientific-computing-at-temple-physics_prime-number-finder-microwaveofevil_primes,1
26_content_FlyingWolFox_Prime-Number-Tool_prime_generator.py.txt,0,val,1630,flyingwolfox_prime-number-tool_prime_generator,4
27_content_AdamClarksCode_Primes_primesBetter.py.txt,0,train,1631,adamclarkscode_primes_primesbetter,3
28_content_gizzidan_basic-python-practice_primes.py.txt,0,train,1632,gizzidan_basic-python-practice_primes,5
29_content_mbarylsk_primes_primes.py.txt,0,test,1633,mbarylsk_primes_primes,0
29_content_SilentCatA_is_prime_number_is_prime_number.py.txt,0,train,1634,silentcata_is_prime_number_is_prime_number,2
2_content_rdisipio_prime_numbers_primes.py.txt,0,train,1635,rdisipio_prime_numbers_primes,1
2_content_squeaky-godzilla_prime-factors_prime_factors.py.txt,0,train,1636,squeaky-godzilla_prime-factors_prime_factors,4
30_content_mtony75_isItPrime_main.py.txt,0,train,1637,mtony75_isitprime_main,3
30_content_olamofe_primeQuery_primeQuery.py.txt,0,train,1638,olamofe_primequery_primequery,5
35_content_ZachDischner_FizzBuzz_fizzbuzz.py.txt,0,train,1639,zachdischner_fizzbuzz_fizzbuzz,2
37_content_coertquinton_number_sequences_start.py.txt,0,train,1640,coertquinton_number_sequences_start,1
39_content_LonelyRanger_Prime-Numbers_EuclideanPrimeTest15May2018TestFromLowerPrimes.py.txt,0,train,1641,lonelyranger_prime-numbers_euclideanprimetest15may2018testfromlowerprimes,4
3_content_chamarli_ColudComputing-PrimeNumberValidator-master_prime_validator.py.txt,0,train,1642,chamarli_coludcomputing-primenumbervalidator-master_prime_validator,3
5_content_ebrahim-j_pRIME-nUMBERS_Test_GPN.py.txt,0,train,1643,ebrahim-j_prime-numbers_test_gpn,5
5_content_shinjikato_gp_for_prime_number_base.py.txt,0,train,1644,shinjikato_gp_for_prime_number_base,3
6_content_kennedyCzar_n-th_monsien_number_monsien_number.py.txt,0,val,1645,kennedyczar_n-th_monsien_number_monsien_number,2
70_content_Panagiotis-Zachos_Primality-Checks-Python_Miller_Rabin_PrimalityCheck.py.txt,0,test,1646,panagiotis-zachos_primality-checks-python_miller_rabin_primalitycheck,0
77_content_keryl_prime-numbers_prime_numbers.py.txt,0,test,1647,keryl_prime-numbers_prime_numbers,0
7_content_Yasinbabu_prime_main.py.txt,0,train,1648,yasinbabu_prime_main,1
82_content_joaoluga_python-rsa-algorithm_main.py.txt,0,train,1649,joaoluga_python-rsa-algorithm_main,4
8_content_lesscake_prime-numbers-eratosthenes_naive.py.txt,0,val,1650,lesscake_prime-numbers-eratosthenes_naive,3
8_content_tochukwuokafor_Mersenne-numbers-Lucas-Lehmer-test-and-Sieve-of-Eratosthenes_mersenne_numbers_lucas_lehmer_sieve_of_eratosthenes.py.txt,0,val,1651,tochukwuokafor_mersenne-numbers-lucas-lehmer-test-and-sieve-of-eratosthenes_mersenne_numbers_lucas_lehmer_sieve_of_eratosthenes,5
96_content_pisaniFosso_TMR_driver.py.txt,0,train,1652,pisanifosso_tmr_driver,2
9_content_jabrekadabre_prime-numbers_prime_nums.py.txt,0,train,1653,jabrekadabre_prime-numbers_prime_nums,1
10_content_Antracen_Maze-Generator_maze.py.txt,0,train,1654,antracen_maze-generator_maze,4
10_content_chiragragarwal_Graphs_And_Networks_PlotGraph.py.txt,0,train,895,chiragragarwal_graphs_and_networks_plotgraph,2
11_content_Boros93_GraphProject_prim.py.txt,0,test,1655,boros93_graphproject_prim,0
12_content_burrussmp_MST-Algorithms_DataGenerator.py.txt,0,test,1656,burrussmp_mst-algorithms_datagenerator,0
12_content_burrussmp_MST-Algorithms_Kruskal.py.txt,0,test,1657,burrussmp_mst-algorithms_kruskal,0
12_content_burrussmp_MST-Algorithms_Prims.py.txt,0,test,1658,burrussmp_mst-algorithms_prims,0
12_content_burrussmp_MST-Algorithms_Sollins.py.txt,0,train,1659,burrussmp_mst-algorithms_sollins,3
12_content_diegooliveira95_PrimAndDijkstra_graph.py.txt,0,val,1660,diegooliveira95_primanddijkstra_graph,5
12_content_diegooliveira95_PrimAndDijkstra_interface.py.txt,0,train,1661,diegooliveira95_primanddijkstra_interface,2
13_content_jhomswk_Minimum_Spanning_Tree_graph.py.txt,0,val,1662,jhomswk_minimum_spanning_tree_graph,1
13_content_jhomswk_Minimum_Spanning_Tree_heap.py.txt,0,train,1663,jhomswk_minimum_spanning_tree_heap,1
13_content_jhomswk_Minimum_Spanning_Tree_min_span_tree.py.txt,0,train,1664,jhomswk_minimum_spanning_tree_min_span_tree,4
13_content_jhomswk_Minimum_Spanning_Tree_union_find.py.txt,0,train,1665,jhomswk_minimum_spanning_tree_union_find,3
16_content_wolfdroid_MST_Prim-s_and_Kruskal-s_kruskal.py.txt,0,train,1666,wolfdroid_mst_prim-s_and_kruskal-s_kruskal,5
16_content_wolfdroid_MST_Prim-s_and_Kruskal-s_prim.py.txt,0,train,1667,wolfdroid_mst_prim-s_and_kruskal-s_prim,2
18_content_Areege_BFS-and-Prim_SourceCode.py.txt,0,test,1668,areege_bfs-and-prim_sourcecode,0
18_content_cteters_Minimum-spanning-tree_kruskal.py.txt,0,train,1669,cteters_minimum-spanning-tree_kruskal,1
18_content_cteters_Minimum-spanning-tree_prim.py.txt,0,train,1669,cteters_minimum-spanning-tree_prim,1
19_content_eug_minimum-spanning-tree_main.py.txt,0,test,1670,eug_minimum-spanning-tree_main,0
19_content_VaibhavSaini19_Maze-Generator_maze_gen_prims.py.txt,0,val,1671,vaibhavsaini19_maze-generator_maze_gen_prims,4
1_content_bhedavivek_prims_algorithm_main.py.txt,0,train,1672,bhedavivek_prims_algorithm_main,3
1_content_bhedavivek_prims_algorithm_test.py.txt,0,train,1673,bhedavivek_prims_algorithm_test,5
1_content_colettebedoya_primsAndKruskal_DisjointSet.py.txt,0,train,1115,colettebedoya_primsandkruskal_disjointset,2
1_content_colettebedoya_primsAndKruskal_mst.py.txt,0,train,1674,colettebedoya_primsandkruskal_mst,2
1_content_muzixing_graph_algorithm_floyd.py.txt,0,test,1116,muzixing_graph_algorithm_floyd,0
1_content_muzixing_graph_algorithm_priodict.py.txt,0,train,1675,muzixing_graph_algorithm_priodict,1
22_content_mikaelharseno_DurianBot_datacollector.py.txt,0,train,1676,mikaelharseno_durianbot_datacollector,4
24_content_scraos_Prim-s-Algorithm_Prim_s_Algorithm.py.txt,0,test,1677,scraos_prim-s-algorithm_prim_s_algorithm,0
24_content_scraos_Prim-s-Algorithm_WGraphClass.py.txt,0,train,1678,scraos_prim-s-algorithm_wgraphclass,3
26_content_AnnaPiatek_Graph_Prim_and_Kruskal.py.txt,0,train,1679,annapiatek_graph_prim_and_kruskal,3
27_content_mskroar18_GraphWizard_Kruskal.py.txt,0,val,1680,mskroar18_graphwizard_kruskal,5
3_content_adikele_Prims-Algorithm-Implementation_refGrAndVerBig2.py.txt,0,train,1681,adikele_prims-algorithm-implementation_refgrandverbig2,2
3_content_ameyak11_Creative-prims_creative_prims.py.txt,0,val,1682,ameyak11_creative-prims_creative_prims,1
3_content_bapjiws_prims-minimum-spanning-tree-algorithm_prim.py.txt,0,train,1683,bapjiws_prims-minimum-spanning-tree-algorithm_prim,4
3_content_Locrian24_PrimsMaze_mazes.py.txt,0,test,1684,locrian24_primsmaze_mazes,0
4_content_JosephFWright_Prims_Algorithm_functions.py.txt,0,train,1685,josephfwright_prims_algorithm_functions,5
4_content_JosephFWright_Prims_Algorithm_Weighted_Graph.py.txt,0,train,1686,josephfwright_prims_algorithm_weighted_graph,4
5_content_Fmccline_Prims-Algorithm_graph_saver.py.txt,0,train,1687,fmccline_prims-algorithm_graph_saver,3
6_content_usbogie_MSTcreator_driverAlt.py.txt,0,train,1688,usbogie_mstcreator_driveralt,2
6_content_usbogie_MSTcreator_mstDriver.py.txt,0,train,1689,usbogie_mstcreator_mstdriver,1
6_content_VishakVeerasamy_Prims-algorithm_graph.py.txt,0,train,1690,vishakveerasamy_prims-algorithm_graph,4
7_content_Aly-Tomato_Prims-and-Kruskals_test.py.txt,0,test,1691,aly-tomato_prims-and-kruskals_test,0
7_content_fepz_AyCC_dary_heap.py.txt,0,train,1692,fepz_aycc_dary_heap,3
7_content_gabriel-arauj_grafos_dijkstraalgorithm.py.txt,0,train,1693,gabriel-arauj_grafos_dijkstraalgorithm,5
7_content_gabriel-arauj_grafos_filaprioritaria.py.txt,0,train,1694,gabriel-arauj_grafos_filaprioritaria,2
7_content_gabriel-arauj_grafos_kruskal.py.txt,0,train,1695,gabriel-arauj_grafos_kruskal,1
7_content_gabriel-arauj_grafos_main.py.txt,0,train,1696,gabriel-arauj_grafos_main,4
7_content_gabriel-arauj_grafos_matriz.py.txt,0,train,1135,gabriel-arauj_grafos_matriz,1
7_content_MadalinaMircea_GraphAlgorithms_Graph.py.txt,0,train,1697,madalinamircea_graphalgorithms_graph,5
8_content_phubbard67_prims_algorithm_prim.py.txt,0,train,1698,phubbard67_prims_algorithm_prim,3
10_content_anuragshiv_PCA_pca.py.txt,0,val,1699,anuragshiv_pca_pca,2
11_content_harshit496_eigen_expressions_csv_to_images.py.txt,0,val,1700,harshit496_eigen_expressions_csv_to_images,1
12_content_dauut_pca-from-scratch_pca.py.txt,0,train,1701,dauut_pca-from-scratch_pca,4
14_content_ToshikiShawn_Robust_PCA_via_ADMM_RPCA_ADMM.py.txt,0,train,1702,toshikishawn_robust_pca_via_admm_rpca_admm,3
18_content_artcomp_PrincipalComponentAnalysis-PCA-Algorithm_kmeans.py.txt,0,train,1703,artcomp_principalcomponentanalysis-pca-algorithm_kmeans,5
18_content_rdilip_facial-recognition_main.py.txt,0,train,1704,rdilip_facial-recognition_main,2
1_content_xaneon_Clust_precluster.py.txt,0,train,1705,xaneon_clust_precluster,1
1_content_xaneon_Clust_template.py.txt,0,train,1706,xaneon_clust_template,4
21_content_detsikas_PCA_pca_example.py.txt,0,train,1707,detsikas_pca_pca_example,3
26_content_aishnupur_Principal-Component-Analysis_PCA.py.txt,0,val,1708,aishnupur_principal-component-analysis_pca,5
27_content_AndresHerrera_PCA_Vowels_extract_vowels.py.txt,0,val,1709,andresherrera_pca_vowels_extract_vowels,2
2_content_Prateek-Bansal_Admission_decision_tree_classifier.py.txt,0,val,1710,prateek-bansal_admission_decision_tree_classifier,1
2_content_Prateek-Bansal_Admission_K_nearest_neighbours.py.txt,0,train,1711,prateek-bansal_admission_k_nearest_neighbours,4
2_content_Prateek-Bansal_Admission_kernel_Svm.py.txt,0,train,1712,prateek-bansal_admission_kernel_svm,3
2_content_Prateek-Bansal_Admission_logistic_regression.py.txt,0,train,1713,prateek-bansal_admission_logistic_regression,5
2_content_Prateek-Bansal_Admission_naive_bayes.py.txt,0,train,1714,prateek-bansal_admission_naive_bayes,2
2_content_Prateek-Bansal_Admission_Random_forest_classifier.py.txt,0,train,1715,prateek-bansal_admission_random_forest_classifier,1
32_content_harshm1111_Principal-component-analysis_PCA.py.txt,0,train,1716,harshm1111_principal-component-analysis_pca,4
38_content_artigupt_Clustering-Algorithms_final_dbscan.py.txt,0,train,1717,artigupt_clustering-algorithms_final_dbscan,5
41_content_chaohstat_FGWAS_2_bstp.py.txt,0,train,1718,chaohstat_fgwas_2_bstp,3
41_content_chaohstat_FGWAS_S2_GSIS.py.txt,0,val,1719,chaohstat_fgwas_s2_gsis,4
44_content_mlnn_PCA_PCA.py.txt,0,test,1720,mlnn_pca_pca,0
50_content_iwona-janny_PCA_PCA.py.txt,0,train,1721,iwona-janny_pca_pca,2
51_content_Hossam86_PCA_pca.py.txt,0,train,1722,hossam86_pca_pca,1
51_content_ShrutheeshIR_Principal-Component-Analysis-on-Images_Pcaimages.py.txt,0,train,1723,shrutheeshir_principal-component-analysis-on-images_pcaimages,4
52_content_DSCPoltekpos_Py-PCA-Calory_PCA.py.txt,0,train,1724,dscpoltekpos_py-pca-calory_pca,1
59_content_SMByC_PCA4CD___init__.py.txt,0,train,1725,smbyc_pca4cd___init__,3
5_content_cylance_lazy-stochastic-principal-component-analysis_plot_distance_submission.py.txt,0,train,1726,cylance_lazy-stochastic-principal-component-analysis_plot_distance_submission,5
5_content_DanielGall500_PCA-Algorithm_PCA_Scratch.py.txt,0,train,1727,danielgall500_pca-algorithm_pca_scratch,2
65_content_pjwastaken_Principal_Component_Analysis_for_Reduce_Images_Dimension_dataset.py.txt,0,test,1728,pjwastaken_principal_component_analysis_for_reduce_images_dimension_dataset,0
66_content_aakashrai1_principal-component-analysis-on-iris-dataset_PCA_iris.py.txt,0,train,1729,aakashrai1_principal-component-analysis-on-iris-dataset_pca_iris,1
69_content_IceyW_PCA_pca.py.txt,0,train,1730,iceyw_pca_pca,4
6_content_cliptic_nlp_article_spinner.py.txt,0,train,1731,cliptic_nlp_article_spinner,3
6_content_cliptic_nlp_LatentSemanticAnalysis.py.txt,0,train,1732,cliptic_nlp_latentsemanticanalysis,5
6_content_cliptic_nlp_spam2.py.txt,0,train,1733,cliptic_nlp_spam2,2
6_content_cliptic_nlp_Spam_2.py.txt,0,train,1734,cliptic_nlp_spam_2,1
6_content_cliptic_nlp_spinner02.py.txt,0,train,1735,cliptic_nlp_spinner02,4
6_content_cliptic_nlp_Spinner03.py.txt,0,train,1736,cliptic_nlp_spinner03,3
6_content_cliptic_nlp_spinner_function_to_prob_dict.py.txt,0,train,1737,cliptic_nlp_spinner_function_to_prob_dict,5
6_content_yilmazalp_bitirme_eigenface.py.txt,0,train,1738,yilmazalp_bitirme_eigenface,2
75_content_benbroks_ipca_ipca.py.txt,0,train,1739,benbroks_ipca_ipca,1
7_content_syamkakarla98_PCA-On-IRIS-Dataset-With-Classification-Using-KNNC_pca_iris.py.txt,0,train,1740,syamkakarla98_pca-on-iris-dataset-with-classification-using-knnc_pca_iris,4
7_content_work-nchc_PCAMN_pcamn.py.txt,0,val,1741,work-nchc_pcamn_pcamn,3
84_content_rayjc_ml-pca-foreground-removal_removeForeground.py.txt,0,train,1742,rayjc_ml-pca-foreground-removal_removeforeground,5
85_content_melfaiz_EigenFaces_training.py.txt,0,train,1743,melfaiz_eigenfaces_training,2
86_content_YouGotJaked_Face-Recognition_model.py.txt,0,train,1744,yougotjaked_face-recognition_model,1
90_content_poojakudav309_Data-Representation-project-I_scatter2.py.txt,0,train,1745,poojakudav309_data-representation-project-i_scatter2,4
90_content_poojakudav309_Data-Representation-project-I_scatter3.py.txt,0,train,1746,poojakudav309_data-representation-project-i_scatter3,3
9_content_SiPBA_swpca_swpca.py.txt,0,test,1747,sipba_swpca_swpca,0
100_content_ssquantum_PyDex_mythread.py.txt,0,test,1748,ssquantum_pydex_mythread,0
10_content_hmjansen_overflow-algorithm_overflow_algorithm.py.txt,0,train,1749,hmjansen_overflow-algorithm_overflow_algorithm,5
10_content_Raj-Kumar2208_linkedList-Stacks-Queues-Hashing_arrayStack.py.txt,0,train,1750,raj-kumar2208_linkedlist-stacks-queues-hashing_arraystack,5
12_content_shinevalora_asyncio_tornado_queues_requests_demo_test.py.txt,0,train,1751,shinevalora_asyncio_tornado_queues_requests_demo_test,2
13_content_IRLadderGoat_KKIK-venteliste-nr_venteliste.py.txt,0,test,1752,irladdergoat_kkik-venteliste-nr_venteliste,0
15_content_mahfuzali_AzureRSAPy_run.py.txt,0,train,1753,mahfuzali_azurersapy_run,1
1_content_gasior213214123_Python-Queue-Simulation_queue.py.txt,0,train,1754,gasior213214123_python-queue-simulation_queue,4
1_content_modulus100_python-datastructures-algorithms_flattering_nested_linked_lists.py.txt,0,train,1755,modulus100_python-datastructures-algorithms_flattering_nested_linked_lists,5
1_content_modulus100_python-datastructures-algorithms_linked_list_reverse.py.txt,0,train,1756,modulus100_python-datastructures-algorithms_linked_list_reverse,3
1_content_SamKnightGit_LeagueBot_context.py.txt,0,train,1757,samknightgit_leaguebot_context,2
24_content_cagrias_django-rabbitmq-celery-docker-example_manage.py.txt,0,train,1758,cagrias_django-rabbitmq-celery-docker-example_manage,1
28_content_albertsegura_tmux-jobqueue_run_jobs.py.txt,0,train,1759,albertsegura_tmux-jobqueue_run_jobs,4
29_content_0517_QueueSimulation_simple_queue.py.txt,0,train,1760,0517_queuesimulation_simple_queue,3
30_content_HumaneWolf_telegram-spotify-queue_telegram_spotify_queue.py.txt,0,train,1761,humanewolf_telegram-spotify-queue_telegram_spotify_queue,5
31_content_danieltshibangu_QueuePay_diranySolution.py.txt,0,train,1762,danieltshibangu_queuepay_diranysolution,2
31_content_NagarajSMurthy_Data-Structures_LinkedList.py.txt,0,val,1763,nagarajsmurthy_data-structures_linkedlist,1
34_content_dvsa_cvs-tsk-dlq-handler_dlq_handler.py.txt,0,val,1764,dvsa_cvs-tsk-dlq-handler_dlq_handler,4
35_content_PeterUpfold_simple-temp-queue-pusher_simple-temp-queue-pusher.py.txt,0,train,1765,peterupfold_simple-temp-queue-pusher_simple-temp-queue-pusher,3
35_content_saboyle_asyncio-pg-nats-bridge_apg_bridge.py.txt,0,train,1766,saboyle_asyncio-pg-nats-bridge_apg_bridge,5
36_content_dchrostowski_autoproxy_dry_run.py.txt,0,val,1767,dchrostowski_autoproxy_dry_run,2
37_content_TolgaGolet_CPU-Scheduling-Algorithms-Simulation_OperatingSystems_CPUSchedulingReverse.py.txt,0,train,1768,tolgagolet_cpu-scheduling-algorithms-simulation_operatingsystems_cpuschedulingreverse,1
38_content_dareofmeashwani_Pre-Processing-Queue-For-Deep-Learning-Model_DataQueue.py.txt,0,test,1769,dareofmeashwani_pre-processing-queue-for-deep-learning-model_dataqueue,0
38_content_jeshan_dlq-to-telegram_configure-aws-cli.template.py.txt,0,train,1770,jeshan_dlq-to-telegram_configure-aws-cli.template,4
39_content_guneskaan_queueBot_queue_bot.py.txt,0,train,1771,guneskaan_queuebot_queue_bot,3
39_content_msinghal34_M-M-1-Queue-Simulation-with-timeouts_M_M_1_with_timeouts.py.txt,0,train,1772,msinghal34_m-m-1-queue-simulation-with-timeouts_m_m_1_with_timeouts,5
3_content_colinmcnicholl_queueing_theory_homework3_map6264a.py.txt,0,train,1773,colinmcnicholl_queueing_theory_homework3_map6264a,2
40_content_alttch_pyaltt_test.py.txt,0,train,1774,alttch_pyaltt_test,1
41_content_sweeneyde_IndexedHeap_dijkstra.py.txt,0,test,1775,sweeneyde_indexedheap_dijkstra,0
45_content_discovervlad_herman-flask-redis-queue_manage_worker.py.txt,0,test,1776,discovervlad_herman-flask-redis-queue_manage_worker,0
45_content_kriti149_Text-Summarizer_txt_summarization.py.txt,0,val,1777,kriti149_text-summarizer_txt_summarization,4
47_content_jeshan_lambda-default-dlq_generate-config.py.txt,0,train,1778,jeshan_lambda-default-dlq_generate-config,3
47_content_llewellyn-kevin_club-matchmaking_usattRatings.py.txt,0,train,1779,llewellyn-kevin_club-matchmaking_usattratings,5
49_content_ybakos_cs261-tdd-priority-queue_test_job.py.txt,0,train,1780,ybakos_cs261-tdd-priority-queue_test_job,2
50_content_Jille_karafun-fair-scheduler_scheduler.py.txt,0,train,1781,jille_karafun-fair-scheduler_scheduler,1
52_content_NYU-Molecular-Pathology_queue-stats_qstats.py.txt,0,val,1782,nyu-molecular-pathology_queue-stats_qstats,4
53_content_haydentmichael_Assign4_TreeTraversal.py.txt,0,train,1783,haydentmichael_assign4_treetraversal,5
54_content_DNPA_txhqueue_txbasetest.py.txt,0,val,1784,dnpa_txhqueue_txbasetest,3
54_content_VishalPadme_Queue__Simple_Driver_Code_Queue_by_VP.py.txt,0,train,1785,vishalpadme_queue__simple_driver_code_queue_by_vp,2
56_content_joseph-njogu_Rabbitmq_worker.py.txt,0,test,1786,joseph-njogu_rabbitmq_worker,0
57_content_sangyh_discrete-event-simulation_read_output.py.txt,0,train,1787,sangyh_discrete-event-simulation_read_output,1
59_content_mahmoudhossam_task-queue_db.py.txt,0,train,1788,mahmoudhossam_task-queue_db,4
5_content_edison12a_bmrs-json-api_test_bmrs.py.txt,0,train,1789,edison12a_bmrs-json-api_test_bmrs,5
5_content_supfisher_PredicrionInQueueNets_regression.py.txt,0,train,1790,supfisher_predicrioninqueuenets_regression,3
61_content_lgphone_delay-queue_timer.py.txt,0,train,1791,lgphone_delay-queue_timer,2
62_content_jkassis87_QueScreenDataExtractor_qsde.py.txt,0,train,1792,jkassis87_quescreendataextractor_qsde,1
64_content_coronary_makerHubTool_testSheets.py.txt,0,train,1793,coronary_makerhubtool_testsheets,4
65_content_NidhiPati_PythonProgramsAcademicProjects_StackQueue.py.txt,0,train,1794,nidhipati_pythonprogramsacademicprojects_stackqueue,3
67_content_sulaiman-muhammad_Earliest-Deadline-First-Sheduler_link.py.txt,0,train,1795,sulaiman-muhammad_earliest-deadline-first-sheduler_link,5
7_content_JaysonBH_Out-Of-Queue-Bot_app.py.txt,0,train,1796,jaysonbh_out-of-queue-bot_app,2
9_content_cczzaa101_Queueing_with_AC_evaluate.py.txt,0,train,1797,cczzaa101_queueing_with_ac_evaluate,3
100_content_cem8301_DataCleaningForInformedPurchases_middlewares.py.txt,0,train,1798,cem8301_datacleaningforinformedpurchases_middlewares,1
100_content_cem8301_DataCleaningForInformedPurchases_pipelines.py.txt,0,val,1799,cem8301_datacleaningforinformedpurchases_pipelines,4
10_content_adrianvellamlt_Quick-Sort---Insertion-Sort_quicksort.py.txt,0,val,1800,adrianvellamlt_quick-sort---insertion-sort_quicksort,3
10_content_adrianvellamlt_Quick-Sort---Insertion-Sort_utils.py.txt,0,train,1801,adrianvellamlt_quick-sort---insertion-sort_utils,3
11_content_TanaySinghal_SortingAlgorithms_sorts.py.txt,0,train,1802,tanaysinghal_sortingalgorithms_sorts,5
12_content_nidhigup01_Quick-sort_quick_sort.py.txt,0,train,1803,nidhigup01_quick-sort_quick_sort,2
13_content_gkp7_quick-sort_quick_sort.py.txt,0,train,1804,gkp7_quick-sort_quick_sort,5
14_content_atakanipekci_QuickSortLomutoAndHoare_quickSortsComp.py.txt,0,train,1805,atakanipekci_quicksortlomutoandhoare_quicksortscomp,1
14_content_briholt100_rogersQ_rogersQ.py.txt,0,train,1806,briholt100_rogersq_rogersq,4
15_content_EtiennePerot_mm-tools_update-kodi.py.txt,0,val,1807,etienneperot_mm-tools_update-kodi,3
16_content_KjHop_quick-sort_SortingClass.py.txt,0,train,1808,kjhop_quick-sort_sortingclass,5
18_content_TorugoH_quickSort_quick.py.txt,0,train,1809,torugoh_quicksort_quick,2
19_content_jamesnearn_sortDigitalCameraFiles_sortDigitalCameraFiles.py.txt,0,train,1810,jamesnearn_sortdigitalcamerafiles_sortdigitalcamerafiles,1
19_content_vickyandpiggy_count_inversion_merge_sort_compare_quick_sort_count_inversion_merge_sort__compare_quick_sort.py.txt,0,train,1811,vickyandpiggy_count_inversion_merge_sort_compare_quick_sort_count_inversion_merge_sort__compare_quick_sort,4
1_content_0x27_shodan_key_checker_shodankeys.py.txt,0,train,1812,0x27_shodan_key_checker_shodankeys,3
1_content_becurrie_py-sorts_sorter-runner.py.txt,0,train,1813,becurrie_py-sorts_sorter-runner,5
20_content_bradruck_Quick_Sort-python_Assignment_7-P12.9.py.txt,0,test,1814,bradruck_quick_sort-python_assignment_7-p12.9,0
21_content_bmawji3_tvshow-sorting_tvshow_sort.py.txt,0,train,1815,bmawji3_tvshow-sorting_tvshow_sort,2
22_content_konczyk_comparisons_client.py.txt,0,train,1816,konczyk_comparisons_client,4
23_content_ajh1143_ClassicQuickSort_QuickSorter.py.txt,0,train,1817,ajh1143_classicquicksort_quicksorter,1
24_content_vijayant123_music-sortt_sort.py.txt,0,train,1818,vijayant123_music-sortt_sort,4
25_content_bisigc_python_quicksort_quicksort.py.txt,0,train,1819,bisigc_python_quicksort_quicksort,3
25_content_bisigc_python_quicksort_run_parallel_QuickSort_threading.py.txt,0,train,1820,bisigc_python_quicksort_run_parallel_quicksort_threading,5
26_content_hemidactylus_skanfixer_SelRectangle.py.txt,0,train,1821,hemidactylus_skanfixer_selrectangle,2
26_content_hemidactylus_skanfixer_sfUtilities.py.txt,0,test,1822,hemidactylus_skanfixer_sfutilities,0
27_content_mozarik_quicksortPython_insertionSort.py.txt,0,train,1823,mozarik_quicksortpython_insertionsort,1
28_content_kimdanny_HeapSort-and-QuickSort-Comparison_quicksort.py.txt,0,test,1824,kimdanny_heapsort-and-quicksort-comparison_quicksort,0
29_content_flintlouis_Sorting_algo_mergesort.py.txt,0,train,1825,flintlouis_sorting_algo_mergesort,4
2_content_ForeverPs_Visualization-of-sort-algorithms_SORT.py.txt,0,train,1826,foreverps_visualization-of-sort-algorithms_sort,3
2_content_siddhesh10_Quicksort-and-Randomized-Quick-Sort_randomized_quicksort.py.txt,0,train,1827,siddhesh10_quicksort-and-randomized-quick-sort_randomized_quicksort,5
30_content_choogeboom_photo-sorter_photo_sorter.py.txt,0,train,1828,choogeboom_photo-sorter_photo_sorter,5
30_content_XiaogeWang_Sort-Algorithms-Python-Version-_heap_sort.py.txt,0,val,1829,xiaogewang_sort-algorithms-python-version-_heap_sort,2
31_content_alexthejewell_photo_sorter_get_photo_data.py.txt,0,train,387,alexthejewell_photo_sorter_get_photo_data,2
38_content_TadayoshiCarvajal_Sorting-in-Python_sortingAlgorithms.py.txt,0,train,387,tadayoshicarvajal_sorting-in-python_sortingalgorithms,2
3_content_iRGBit_indexhelper_all_indexer.py.txt,0,train,1830,irgbit_indexhelper_all_indexer,1
3_content_iRGBit_indexhelper_indexer.py.txt,0,train,1831,irgbit_indexhelper_indexer,4
42_content_aira26_HomeWork3_quicksortclass.py.txt,0,train,1832,aira26_homework3_quicksortclass,3
4_content_varuntahin2210_ConversationalBot-Restaurant_nlu_model.py.txt,0,train,1833,varuntahin2210_conversationalbot-restaurant_nlu_model,5
52_content_RefaelBeker7_Sorting-Algorithms-Python_ExampleSort_sixDifference.py.txt,0,train,379,refaelbeker7_sorting-algorithms-python_examplesort_sixdifference,5
5_content_chriskbwong_quickSort_quickSort.py.txt,0,train,1834,chriskbwong_quicksort_quicksort,2
6_content_austinteshuba_QuickSort_Sort.py.txt,0,test,1835,austinteshuba_quicksort_sort,0
6_content_psavery_quick_sort_quick_sort.py.txt,0,train,1836,psavery_quick_sort_quick_sort,1
73_content_OstapKuch_Lab_01_alg_sort.py.txt,0,train,391,ostapkuch_lab_01_alg_sort,4
75_content_yaroslava-tkachuk_quicksort_accelerated_quicksort_accelerated.py.txt,0,val,1043,yaroslava-tkachuk_quicksort_accelerated_quicksort_accelerated,1
7_content_lhuangufl_QuickSort_QuickSort.py.txt,0,test,1837,lhuangufl_quicksort_quicksort,0
80_content_arun-p12_sort-algorithms_quick_sort.py.txt,0,train,1034,arun-p12_sort-algorithms_quick_sort,5
82_content_ceydapolat_Sorting-Algorithms-Analysis_MergeSort.py.txt,0,test,1838,ceydapolat_sorting-algorithms-analysis_mergesort,0
8_content_lucasxteixeira_RandomQuickSort_benchmark.py.txt,0,val,1839,lucasxteixeira_randomquicksort_benchmark,4
92_content_paulfauthmayer_versopy_verso.py.txt,0,val,1840,paulfauthmayer_versopy_verso,3
9_content_ivanbgd_Quick3-Sort-Py_sorting.py.txt,0,train,1841,ivanbgd_quick3-sort-py_sorting,5
10_content_Bala96_Recursive-Func_nestedeaser.py.txt,0,train,1842,bala96_recursive-func_nestedeaser,2
11_content_momaabna_Python-create-password-list-_creatlist.py.txt,0,train,1843,momaabna_python-create-password-list-_creatlist,1
12_content_tristanang_DPifier_y_combinator.py.txt,0,test,1844,tristanang_dpifier_y_combinator,0
12_content_tristanang_DPifier_y_combinator_test.py.txt,0,test,1845,tristanang_dpifier_y_combinator_test,0
13_content_zandermoss_bessel_recursion_testi.py.txt,0,train,1846,zandermoss_bessel_recursion_testi,4
14_content_TechnicallyRachel_Fibonacci-plus-unitTest_fibonacci.py.txt,0,train,1847,technicallyrachel_fibonacci-plus-unittest_fibonacci,3
15_content_gregapodobnik_wowza_deleteautorecordings_wowza_deleterecordings.py.txt,0,train,1848,gregapodobnik_wowza_deleteautorecordings_wowza_deleterecordings,5
16_content_mor3dr3ad_gcdRecur_gdcRecur.py.txt,0,train,1849,mor3dr3ad_gcdrecur_gdcrecur,1
16_content_Shweetz_BranchingGameSolver_branchingGame.py.txt,0,test,1850,shweetz_branchinggamesolver_branchinggame,0
18_content_jmhummel_Continuation-passing-style_index.py.txt,0,val,1851,jmhummel_continuation-passing-style_index,2
18_content_Shweetz_TicTacToeSolver_solver.py.txt,0,test,1852,shweetz_tictactoesolver_solver,0
19_content_andryak_complib_test.py.txt,0,val,1853,andryak_complib_test,1
1_content_ilmanzo666_quadtree-image-decomposition_pyImgQuadTree.py.txt,0,val,1854,ilmanzo666_quadtree-image-decomposition_pyimgquadtree,4
1_content_rcorcs_apref_tests.py.txt,0,test,1855,rcorcs_apref_tests,0
20_content_Shweetz_Connect4Solver_solver.py.txt,0,train,1856,shweetz_connect4solver_solver,3
22_content_domreichl_credit-card-math_credit_card_math.py.txt,0,train,1857,domreichl_credit-card-math_credit_card_math,5
23_content_HakimdarC_Fibonacci-Sequence_fibfirst.py.txt,0,train,1858,hakimdarc_fibonacci-sequence_fibfirst,2
24_content_regnarg_prf-turing-machine_arith.py.txt,0,train,1859,regnarg_prf-turing-machine_arith,1
24_content_regnarg_prf-turing-machine_prf.py.txt,0,val,1860,regnarg_prf-turing-machine_prf,4
24_content_regnarg_prf-turing-machine_tm.py.txt,0,train,1861,regnarg_prf-turing-machine_tm,2
25_content_OmarGhoneim_wb-wikosophy_wikosopher.py.txt,0,train,1862,omarghoneim_wb-wikosophy_wikosopher,3
27_content_michaelbauerinc_TowersOfHanoi_node.py.txt,0,train,1863,michaelbauerinc_towersofhanoi_node,5
29_content_gdkat_Recursive-DNS-Client-Server-Communication_client.py.txt,0,train,1864,gdkat_recursive-dns-client-server-communication_client,2
29_content_gdkat_Recursive-DNS-Client-Server-Communication_rs.py.txt,0,train,1865,gdkat_recursive-dns-client-server-communication_rs,1
29_content_ntzhong_box_api_modify_links_main.py.txt,0,train,1866,ntzhong_box_api_modify_links_main,4
2_content_DavidWallacedot_recursiveFunctions.py_recursive.py.txt,0,test,1867,davidwallacedot_recursivefunctions,0
33_content_prabhatpal77_Complete-core-python-_assignmentope.py.txt,0,test,1868,prabhatpal77_complete-core-python-_assignmentope,0
33_content_prabhatpal77_Complete-core-python-_dictcomp.py.txt,0,train,1869,prabhatpal77_complete-core-python-_dictcomp,5
33_content_prabhatpal77_Complete-core-python-_globalandlocalvar.py.txt,0,train,1870,prabhatpal77_complete-core-python-_globalandlocalvar,3
34_content_bsmorton_linked-list-python_linkedlist.py.txt,0,val,1871,bsmorton_linked-list-python_linkedlist,2
34_content_stephypy_CS2302PasswordCracking_Main.py.txt,0,test,1872,stephypy_cs2302passwordcracking_main,0
35_content_rajucsm09_Fibonacci-Sequence-using-Memoizaton_fibonacci.py.txt,0,train,1873,rajucsm09_fibonacci-sequence-using-memoizaton_fibonacci,1
36_content_Zattri_tutorial-recursion_binary.py.txt,0,train,1874,zattri_tutorial-recursion_binary,4
36_content_Zattri_tutorial-recursion_recursion.py.txt,0,train,1875,zattri_tutorial-recursion_recursion,3
38_content_davidcarrollnyc_Recursive_Python_WebScraper_BeautifulSoup_into_MongoDB_insertIntoMongo.py.txt,0,val,1876,davidcarrollnyc_recursive_python_webscraper_beautifulsoup_into_mongodb_insertintomongo,5
38_content_davidcarrollnyc_Recursive_Python_WebScraper_BeautifulSoup_into_MongoDB_webscraper.py.txt,0,test,1877,davidcarrollnyc_recursive_python_webscraper_beautifulsoup_into_mongodb_webscraper,0
38_content_VakinduPhilliam_Pattern_Matching_Python_Glob_Directory_Paths.py.txt,0,train,1288,vakinduphilliam_pattern_matching_python_glob_directory_paths,5
39_content_dhruva-gaidhani_DNS_resolver_my_dns.py.txt,0,train,1878,dhruva-gaidhani_dns_resolver_my_dns,2
3_content_deniselucey_Python_Recursive_Definitions_factorial.py.txt,0,train,1879,deniselucey_python_recursive_definitions_factorial,1
40_content_anandprabhakar0507_print-the-Fibonacci-sequence-up-to-n-th-term-using-recursive-functions-by-taking-nth-term-as-input_input_print_fibrobonacci.py.txt,0,train,1880,anandprabhakar0507_print-the-fibonacci-sequence-up-to-n-th-term-using-recursive-functions-by-taking-nth-term-as-input_input_print_fibrobonacci,4
41_content_EdmundMartin_Indigestion_ingestion_engine.py.txt,0,val,1881,edmundmartin_indigestion_ingestion_engine,3
43_content_agusmakmun_changewords_tests.py.txt,0,test,1882,agusmakmun_changewords_tests,0
4_content_doronbruder_Recursive-functions-_ex7.py.txt,0,train,1883,doronbruder_recursive-functions-_ex7,5
4_content_gracerichardson0_Recursive-Functions_max.py.txt,0,train,1884,gracerichardson0_recursive-functions_max,2
5_content_diandra-davidson_IS211_Assignment14_recursion.py.txt,0,train,1885,diandra-davidson_is211_assignment14_recursion,1
6_content_Vruksha_Fun-with-Recursive-Functions_Fun_with_Recursive_Functions.py.txt,0,train,1886,vruksha_fun-with-recursive-functions_fun_with_recursive_functions,4
7_content_Sbrown4321_Assignment_2_Assignment2.py.txt,0,test,1887,sbrown4321_assignment_2_assignment2,0
9_content_ahmetfbayrak12_Python-Recursive-Functions-and-Dynamic-Programming_hw5-dynamic.py.txt,0,train,1888,ahmetfbayrak12_python-recursive-functions-and-dynamic-programming_hw5-dynamic,3
9_content_ahmetfbayrak12_Python-Recursive-Functions-and-Dynamic-Programming_hw5-plot.py.txt,0,train,1889,ahmetfbayrak12_python-recursive-functions-and-dynamic-programming_hw5-plot,5
9_content_OJFord_python-tailrecursion_tailrecursion.py.txt,0,train,1890,ojford_python-tailrecursion_tailrecursion,2
14_content_GBursali_RSA-Talker_server.py.txt,0,train,1891,gbursali_rsa-talker_server,1
15_content_xiong414_rsa_python_main.py.txt,0,train,1892,xiong414_rsa_python_main,4
16_content_exitmsconfig_python_rpn.py.txt,0,train,1893,exitmsconfig_python_rpn,3
17_content_fxbp_spd-5_funcions.py.txt,0,test,1894,fxbp_spd-5_funcions,0
18_content_CommanderSnuggle_RSA_signer.py.txt,0,train,1895,commandersnuggle_rsa_signer,5
20_content_minh-t-coding_RSA-FactoringAlgo_timecompare.py.txt,0,val,1896,minh-t-coding_rsa-factoringalgo_timecompare,2
21_content_anko9801_RSA-attack_LSB_leak_attack.py.txt,0,test,1897,anko9801_rsa-attack_lsb_leak_attack,0
21_content_anko9801_RSA-attack_simple_attack.py.txt,0,train,1898,anko9801_rsa-attack_simple_attack,1
27_content_ohbriansung_rsa_key_cryptosystem_rsa_key_cryptosystem.py.txt,0,val,1899,ohbriansung_rsa_key_cryptosystem_rsa_key_cryptosystem,3
27_content_pedrohba1_brute-force-RSA_bruteforceRSA.py.txt,0,test,1900,pedrohba1_brute-force-rsa_bruteforcersa,0
29_content_ArpithaMalavalli_RSA-Encryption_check2.py.txt,0,val,1901,arpithamalavalli_rsa-encryption_check2,2
30_content_MKI603_Python3-RSA_rsa.py.txt,0,val,1902,mki603_python3-rsa_rsa,4
33_content_hamzaenaime_rsa_python_encrypt.py.txt,0,train,1903,hamzaenaime_rsa_python_encrypt,1
33_content_hamzaenaime_rsa_python_rsa.py.txt,0,train,1903,hamzaenaime_rsa_python_rsa,1
35_content_mahfuzali_AzureRSAPy_receiver.py.txt,0,test,1904,mahfuzali_azurersapy_receiver,0
36_content_Hafpaf_Programmering-C-eksamensprojekt_rsa_test.py.txt,0,test,1905,hafpaf_programmering-c-eksamensprojekt_rsa_test,0
38_content_d7x_pyrsacrack_pyrsacrack.raw.py.txt,0,train,1906,d7x_pyrsacrack_pyrsacrack.raw,4
38_content_YuqianHou_RSA_RSA.py.txt,0,test,1907,yuqianhou_rsa_rsa,0
40_content_damesca_mpc-rsa_config_nodes.py.txt,0,val,1908,damesca_mpc-rsa_config_nodes,5
42_content_Y-Kuro-u_RSA_python_rsa_encription.py.txt,0,test,1909,y-kuro-u_rsa_python_rsa_encription,0
46_content_suyash-sneo_rsa-wiener-attack_RSAkeys.py.txt,0,train,1910,suyash-sneo_rsa-wiener-attack_rsakeys,2
48_content_7e1ght_RSA_RSA_keys.py.txt,0,val,1911,7e1ght_rsa_rsa_keys,3
49_content_mrsondeptrai1999_RSA_Summer_2017_project_Rabin-Miller_Prime.py.txt,0,train,1912,mrsondeptrai1999_rsa_summer_2017_project_rabin-miller_prime,2
52_content_albertbrook_simple-rsa_create_rsa.py.txt,0,test,1913,albertbrook_simple-rsa_create_rsa,0
52_content_CorrineTan_Digital-Signature-Schemes-Evaluation_ecdsa_fast.py.txt,0,train,1914,corrinetan_digital-signature-schemes-evaluation_ecdsa_fast,1
52_content_CorrineTan_Digital-Signature-Schemes-Evaluation_eddsa_libnacl.py.txt,0,train,1915,corrinetan_digital-signature-schemes-evaluation_eddsa_libnacl,4
53_content_7enTropy7_RSA_cryptography_rsa.py.txt,0,train,1916,7entropy7_rsa_cryptography_rsa,3
57_content_Carloshtda_SistemaRSA_rsa.py.txt,0,train,1917,carloshtda_sistemarsa_rsa,5
5_content_yifeng-lee_RSA-In-CTF_expa.py.txt,0,train,1918,yifeng-lee_rsa-in-ctf_expa,2
60_content_antoniomaldonado_Cifradores_encriptWithRSA.py.txt,0,train,1919,antoniomaldonado_cifradores_encriptwithrsa,1
60_content_antoniomaldonado_Cifradores_vigenereCipher.py.txt,0,train,1920,antoniomaldonado_cifradores_vigenerecipher,4
62_content_chaseking123_RSAEncryption_Driver.py.txt,0,train,1921,chaseking123_rsaencryption_driver,3
62_content_taabishm2_Proactive-FDH-RSA-Signature_additiveSignatures.py.txt,0,test,1922,taabishm2_proactive-fdh-rsa-signature_additivesignatures,0
62_content_taabishm2_Proactive-FDH-RSA-Signature_generatePrime.py.txt,0,train,1923,taabishm2_proactive-fdh-rsa-signature_generateprime,5
66_content_saucecode_rsaved_clean_user.py.txt,0,train,1924,saucecode_rsaved_clean_user,2
66_content_saucecode_rsaved_verify_integrity.py.txt,0,val,1925,saucecode_rsaved_verify_integrity,1
72_content_LucasSSales_RSA_gerarChavePublica.py.txt,0,test,1926,lucasssales_rsa_gerarchavepublica,0
75_content_LucaRemaggi_RSAO_Parameteriser_Beamformers.py.txt,0,train,1927,lucaremaggi_rsao_parameteriser_beamformers,5
75_content_LucaRemaggi_RSAO_Parameteriser_MixingTime_Estimation.py.txt,0,train,1928,lucaremaggi_rsao_parameteriser_mixingtime_estimation,2
76_content_fractionofadot_rsa_rsa.py.txt,0,val,1929,fractionofadot_rsa_rsa,4
77_content_lynzz1701_RSA_client3.py.txt,0,train,1930,lynzz1701_rsa_client3,1
77_content_solyaH_RSA-algorithm_RSAbasic.py.txt,0,train,1931,solyah_rsa-algorithm_rsabasic,4
79_content_Devansh-Maurya_RSA-Algorithm_rsa.py.txt,0,train,1932,devansh-maurya_rsa-algorithm_rsa,3
86_content_bahtibyte_RSA-Decryption_decipherN.py.txt,0,val,1933,bahtibyte_rsa-decryption_deciphern,5
97_content_alkaaithal_rsa-task_MongoInsert.py.txt,0,train,1934,alkaaithal_rsa-task_mongoinsert,2
97_content_rusrom_cryptography_rsa_text_encrypt.py.txt,0,val,1935,rusrom_cryptography_rsa_text_encrypt,1
9_content_loserboi23_rsa-publickey_signer.py.txt,0,val,1936,loserboi23_rsa-publickey_signer,4
9_content_mohamedhossam07_rsa_encryption_keygen.py.txt,0,test,1937,mohamedhossam07_rsa_encryption_keygen,0
9_content_mohamedhossam07_rsa_encryption_keygen_extras.py.txt,0,train,1938,mohamedhossam07_rsa_encryption_keygen_extras,3
9_content_SirThana_RSA_rsa.py.txt,0,test,1939,sirthana_rsa_rsa,0
11_content_jdpenuliar_selectionsortdjango_manage.py.txt,0,val,1940,jdpenuliar_selectionsortdjango_manage,5
13_content_chandimajayawickrama_Simple-Sorting-Algorithms_bubble_sort.py.txt,0,test,1941,chandimajayawickrama_simple-sorting-algorithms_bubble_sort,0
13_content_chandimajayawickrama_Simple-Sorting-Algorithms_insertion_sort.py.txt,0,train,1942,chandimajayawickrama_simple-sorting-algorithms_insertion_sort,2
13_content_chandimajayawickrama_Simple-Sorting-Algorithms_selection_sort.py.txt,0,test,1943,chandimajayawickrama_simple-sorting-algorithms_selection_sort,0
14_content_codearemo_selction-sort_selection_sort.py.txt,0,val,1944,codearemo_selction-sort_selection_sort,5
14_content_zhongraymond_Selection-Sort_RZ_Selection_Sort.py.txt,0,train,1945,zhongraymond_selection-sort_rz_selection_sort,1
15_content_hgdsraj_python_vs_ruby_speed_analyze_script.py.txt,0,train,1946,hgdsraj_python_vs_ruby_speed_analyze_script,4
15_content_hgdsraj_python_vs_ruby_speed_analyze_script_cpp.py.txt,0,train,1947,hgdsraj_python_vs_ruby_speed_analyze_script_cpp,5
15_content_hgdsraj_python_vs_ruby_speed_analyze_script_rb.py.txt,0,train,1948,hgdsraj_python_vs_ruby_speed_analyze_script_rb,3
15_content_hgdsraj_python_vs_ruby_speed_quick.py.txt,0,train,1949,hgdsraj_python_vs_ruby_speed_quick,2
16_content_johnllanos_selection_sort.py_selection_sort.py.txt,0,val,1950,johnllanos_selection_sort,1
17_content_Ryan-Fortner_selection_sort_selection_sort.py.txt,0,train,1951,ryan-fortner_selection_sort_selection_sort,4
18_content_algorithmproject_Selection_sort_scripts.py.txt,0,train,1952,algorithmproject_selection_sort_scripts,3
18_content_luisfmelo_Automatic-Sort-Algorithm-selection_config.py.txt,0,train,1953,luisfmelo_automatic-sort-algorithm-selection_config,5
19_content_qwarlock_python-selection-sort_PythonSelectionSort.py.txt,0,train,1954,qwarlock_python-selection-sort_pythonselectionsort,2
1_content_becurrie_py-sorts_sorter-runner.py.txt,0,train,1813,becurrie_py-sorts_sorter-runner,5
20_content_jhemesonmotta_PythonSelectionSort_selectionSort.py.txt,0,train,1955,jhemesonmotta_pythonselectionsort_selectionsort,1
21_content_AntonisFK_selection_sort_python_selectionSort.py.txt,0,train,1956,antonisfk_selection_sort_python_selectionsort,4
22_content_thctds_Sorts1_insertionSort.py.txt,0,train,1478,thctds_sorts1_insertionsort,4
22_content_thctds_Sorts1_selectionSort.py.txt,0,train,1957,thctds_sorts1_selectionsort,3
23_content_AMARPATEEL_Selection-sort-in-python_selection_by_user_input.py.txt,0,train,1958,amarpateel_selection-sort-in-python_selection_by_user_input,5
23_content_AMARPATEEL_Selection-sort-in-python_selection_sort.py.txt,0,val,1959,amarpateel_selection-sort-in-python_selection_sort,2
28_content_kurtalex_selection_sort_alhorithm_selection_sort.py.txt,0,train,1960,kurtalex_selection_sort_alhorithm_selection_sort,1
29_content_cmccoypdx_PythonSortCompare_Generator.py.txt,0,test,1961,cmccoypdx_pythonsortcompare_generator,0
29_content_cmccoypdx_PythonSortCompare_MergeSort.py.txt,0,train,1962,cmccoypdx_pythonsortcompare_mergesort,4
29_content_cmccoypdx_PythonSortCompare_QuickSort.py.txt,0,val,1963,cmccoypdx_pythonsortcompare_quicksort,3
29_content_cmccoypdx_PythonSortCompare_SelectionSort.py.txt,0,val,1964,cmccoypdx_pythonsortcompare_selectionsort,5
29_content_cmccoypdx_PythonSortCompare_Timer.py.txt,0,test,1965,cmccoypdx_pythonsortcompare_timer,0
2_content_jorgebt95_SelectionSort_selectorsort.py.txt,0,train,1966,jorgebt95_selectionsort_selectorsort,2
2_content_mhiratsuka_selectionSortPython_selectionSort.py.txt,0,train,1967,mhiratsuka_selectionsortpython_selectionsort,1
31_content_anowarh2514_Selection-Sort-Algorithm-in-Python_Selection_Sort.py.txt,0,test,1968,anowarh2514_selection-sort-algorithm-in-python_selection_sort,0
33_content_ilkayDevran_Analysis_of_Sorting_Algorithms_insertion_sort.py.txt,0,train,1969,ilkaydevran_analysis_of_sorting_algorithms_insertion_sort,4
33_content_ilkayDevran_Analysis_of_Sorting_Algorithms_selection_sort.py.txt,0,train,1970,ilkaydevran_analysis_of_sorting_algorithms_selection_sort,3
34_content_rajdas2001_Sorting-of-lists-arrays_Bubble_Sort.py.txt,0,val,1971,rajdas2001_sorting-of-lists-arrays_bubble_sort,5
34_content_rajdas2001_Sorting-of-lists-arrays_Insertion_Sort.py.txt,0,train,1972,rajdas2001_sorting-of-lists-arrays_insertion_sort,2
34_content_rajdas2001_Sorting-of-lists-arrays_Selection_Sort_1.py.txt,0,train,1973,rajdas2001_sorting-of-lists-arrays_selection_sort_1,1
34_content_rajdas2001_Sorting-of-lists-arrays_Selection_Sort_2.py.txt,0,train,1974,rajdas2001_sorting-of-lists-arrays_selection_sort_2,4
39_content_lorenzo3117_python-sorting-scripts_bubbleSort.py.txt,0,train,1975,lorenzo3117_python-sorting-scripts_bubblesort,3
39_content_lorenzo3117_python-sorting-scripts_insertionSort.py.txt,0,val,1976,lorenzo3117_python-sorting-scripts_insertionsort,5
39_content_lorenzo3117_python-sorting-scripts_selectionSort.py.txt,0,train,1977,lorenzo3117_python-sorting-scripts_selectionsort,2
41_content_sarahandert_python-practice--sorting_sample4.py.txt,0,train,1978,sarahandert_python-practice--sorting_sample4,1
44_content_arun-p12_sort-algorithms_common.py.txt,0,val,1979,arun-p12_sort-algorithms_common,4
44_content_arun-p12_sort-algorithms_selection_insertion_sort.py.txt,0,test,1980,arun-p12_sort-algorithms_selection_insertion_sort,0
47_content_SimonBFrank_Algorithm_Analysis_Test_File_Creation.py.txt,0,train,1981,simonbfrank_algorithm_analysis_test_file_creation,5
5_content_Algomaster0628_SelectionSortAlgorithm_selection_sort.py.txt,0,train,1982,algomaster0628_selectionsortalgorithm_selection_sort,3
6_content_HananBahy_linkedLlist-and-selection-sort_Node.py.txt,0,train,1983,hananbahy_linkedllist-and-selection-sort_node,2
6_content_HananBahy_linkedLlist-and-selection-sort_sort_linked_list.py.txt,0,train,1984,hananbahy_linkedllist-and-selection-sort_sort_linked_list,1
6_content_HananBahy_linkedLlist-and-selection-sort_sort_normal_list__linked_list.py.txt,0,train,1985,hananbahy_linkedllist-and-selection-sort_sort_normal_list__linked_list,4
7_content_meenaljain8001_BasicsOfPython-SelectionSort_selection_sort_in_python.py.txt,0,train,1986,meenaljain8001_basicsofpython-selectionsort_selection_sort_in_python,3
7_content_noyonict_Sorting-Algorithm-in-Python_selection_sort.py.txt,0,test,1987,noyonict_sorting-algorithm-in-python_selection_sort,0
10_content_aqchin_abalonestatistics_sample_abalone.py.txt,0,train,1988,aqchin_abalonestatistics_sample_abalone,5
10_content_awaisakram64_Statistic_operat_operation.py.txt,0,train,1989,awaisakram64_statistic_operat_operation,2
10_content_ben-j-chapman_Dice-Statistics_dice_statistics.py.txt,0,train,1990,ben-j-chapman_dice-statistics_dice_statistics,1
10_content_shelbynelson_STDEVCalculator_stdev_calc.py.txt,0,val,1991,shelbynelson_stdevcalculator_stdev_calc,4
11_content_Aprataksh_Python-Files_range_high.py.txt,0,train,1992,aprataksh_python-files_range_high,3
11_content_Aprataksh_Python-Files_stdev_ema.py.txt,0,train,1993,aprataksh_python-files_stdev_ema,5
12_content_AlejandroNavLuna_standard_deviation_of_complex_envelope_in_python_class_test.py.txt,0,val,1994,alejandronavluna_standard_deviation_of_complex_envelope_in_python_class_test,2
12_content_AlejandroNavLuna_standard_deviation_of_complex_envelope_in_python_project_test.py.txt,0,test,1995,alejandronavluna_standard_deviation_of_complex_envelope_in_python_project_test,0
13_content_nishimura5_lorenz-plot_polar_rri.py.txt,0,train,1996,nishimura5_lorenz-plot_polar_rri,1
14_content_Tomev_weightedAppendingStDevTester_stDev-checker.py.txt,0,train,1997,tomev_weightedappendingstdevtester_stdev-checker,4
15_content_DrSara9888_Machaine-Learning-Big-Data_Outliers_IQR.py.txt,0,val,1998,drsara9888_machaine-learning-big-data_outliers_iqr,3
15_content_DrSara9888_Machaine-Learning-Big-Data_outliers_Zscore.py.txt,0,train,1999,drsara9888_machaine-learning-big-data_outliers_zscore,5
15_content_shahrukh-ak_Finding-the-standard-deviation-of-stores-sales-in-each-city._reducer_shahrukh_alam_khan_B.py.txt,0,train,2000,shahrukh-ak_finding-the-standard-deviation-of-stores-sales-in-each-city._reducer_shahrukh_alam_khan_b,2
15_content_slightlynerd_k-stats_k_stats.py.txt,0,test,2001,slightlynerd_k-stats_k_stats,0
17_content_haroldport_portfolio-scripts_Stock.py.txt,0,train,2002,haroldport_portfolio-scripts_stock,1
17_content_haroldport_portfolio-scripts_Utilities.py.txt,0,train,2003,haroldport_portfolio-scripts_utilities,4
17_content_j2colaco_stock_anomaly_stock_functions.py.txt,0,train,2004,j2colaco_stock_anomaly_stock_functions,3
18_content_skociu_multiple-stocks_MultipleStocks.py.txt,0,train,2005,skociu_multiple-stocks_multiplestocks,5
1_content_dvictori_rapideye_hist2sd_extrai_data_imagens.py.txt,0,train,2006,dvictori_rapideye_hist2sd_extrai_data_imagens,2
1_content_dvictori_rapideye_hist2sd_hist_match.py.txt,0,test,2007,dvictori_rapideye_hist2sd_hist_match,0
1_content_larsbratholm_unbiased_std_ustd.py.txt,0,train,2008,larsbratholm_unbiased_std_ustd,1
20_content_StillWorking_Stats_OnlineStats.py.txt,0,train,2009,stillworking_stats_onlinestats,3
22_content_arnavdutta_Motion-Detection_motion_detection.py.txt,0,train,2010,arnavdutta_motion-detection_motion_detection,2
23_content_StellaLH_pco_darknoise_noise_analysis.py.txt,0,train,2011,stellalh_pco_darknoise_noise_analysis,4
23_content_StellaLH_pco_darknoise_noise_analysis_2.py.txt,0,train,2012,stellalh_pco_darknoise_noise_analysis_2,1
24_content_Esperano_internal_noise_generate_d_k.py.txt,0,train,2013,esperano_internal_noise_generate_d_k,4
25_content_arjunsoin_CME-193-Final_SF_Salary_Market.py.txt,0,train,2014,arjunsoin_cme-193-final_sf_salary_market,3
28_content_zamb66_StockDataCovariance_StockDataCovariance.py.txt,0,train,2015,zamb66_stockdatacovariance_stockdatacovariance,5
30_content_tommasofioravanti_DecisionTreeLearning_Dataset.py.txt,0,train,2016,tommasofioravanti_decisiontreelearning_dataset,2
30_content_tommasofioravanti_DecisionTreeLearning_DecisionTree.py.txt,0,train,2017,tommasofioravanti_decisiontreelearning_decisiontree,1
35_content_darkhark_AverageNFLSafetyHeight_CalculateAverageSafetyHeight.py.txt,0,train,2018,darkhark_averagenflsafetyheight_calculateaveragesafetyheight,4
35_content_ethiersamuel_Geospatial-data-classification_tests.py.txt,0,train,2019,ethiersamuel_geospatial-data-classification_tests,3
39_content_AasthaGoyal_Mathimatical-Statistics-on-an-integer-array_python_code.py.txt,0,train,2020,aasthagoyal_mathimatical-statistics-on-an-integer-array_python_code,5
40_content_urmilkadakia_Rainfall-prediction-for-the-state-of-Gujarat-using-deep-learning-technique_AWS_Data_Correction1.py.txt,0,val,2021,urmilkadakia_rainfall-prediction-for-the-state-of-gujarat-using-deep-learning-technique_aws_data_correction1,2
40_content_urmilkadakia_Rainfall-prediction-for-the-state-of-Gujarat-using-deep-learning-technique_delete_undefined_data.py.txt,0,train,2022,urmilkadakia_rainfall-prediction-for-the-state-of-gujarat-using-deep-learning-technique_delete_undefined_data,1
40_content_urmilkadakia_Rainfall-prediction-for-the-state-of-Gujarat-using-deep-learning-technique_final_data_with_missing_date_correction.py.txt,0,train,2023,urmilkadakia_rainfall-prediction-for-the-state-of-gujarat-using-deep-learning-technique_final_data_with_missing_date_correction,4
40_content_urmilkadakia_Rainfall-prediction-for-the-state-of-Gujarat-using-deep-learning-technique_lr_p.py.txt,0,test,2024,urmilkadakia_rainfall-prediction-for-the-state-of-gujarat-using-deep-learning-technique_lr_p,0
40_content_urmilkadakia_Rainfall-prediction-for-the-state-of-Gujarat-using-deep-learning-technique_mlp_1_p.py.txt,0,train,2025,urmilkadakia_rainfall-prediction-for-the-state-of-gujarat-using-deep-learning-technique_mlp_1_p,3
43_content_kimkoech_perf-pin-output-parsing-tools_perf_output_analysis.py.txt,0,test,2026,kimkoech_perf-pin-output-parsing-tools_perf_output_analysis,0
43_content_kimkoech_perf-pin-output-parsing-tools_pin_output_analysis.py.txt,0,train,2027,kimkoech_perf-pin-output-parsing-tools_pin_output_analysis,5
44_content_volyomaS_Phys_Lab_Calculator_phys_lab_calc.py.txt,0,train,2028,volyomas_phys_lab_calculator_phys_lab_calc,2
4_content_ljm7b2_OBSTstandardDeviation_main_final.py.txt,0,train,2029,ljm7b2_obststandarddeviation_main_final,1
4_content_ljm7b2_OBSTstandardDeviation_output_methods.py.txt,0,train,2030,ljm7b2_obststandarddeviation_output_methods,3
51_content_knausb_proc_mpileup_fasta2nuccomp.py.txt,0,train,2031,knausb_proc_mpileup_fasta2nuccomp,5
51_content_knausb_proc_mpileup_proc_mpileup2.py.txt,0,train,2032,knausb_proc_mpileup_proc_mpileup2,4
52_content_JHeisey_Daily-Forex-Bot_scraper.py.txt,0,test,2033,jheisey_daily-forex-bot_scraper,0
6_content_movingpictures83_CalcMeanStd_CalcMeanStdPlugin.py.txt,0,train,2034,movingpictures83_calcmeanstd_calcmeanstdplugin,1
6_content_nio-blocks_control_bands_band_data.py.txt,0,test,2035,nio-blocks_control_bands_band_data,0
7_content_havatv_qgisstandarddeviationalellipseplugin___init__.py.txt,0,train,2036,havatv_qgisstandarddeviationalellipseplugin___init__,4
9_content_jkAtGitHub_Standard-Deviational-Ellipse_geomutils.py.txt,0,train,2037,jkatgithub_standard-deviational-ellipse_geomutils,3
10_content_zpeterg_bmig_5003_count_words_filter_test.py.txt,0,train,2038,zpeterg_bmig_5003_count_words_filter_test,5
10_content_zpeterg_bmig_5003_count_words_getFile_test.py.txt,0,train,2039,zpeterg_bmig_5003_count_words_getfile_test,2
10_content_zpeterg_bmig_5003_count_words_index.py.txt,0,test,2040,zpeterg_bmig_5003_count_words_index,0
10_content_zpeterg_bmig_5003_count_words_index_test.py.txt,0,val,2041,zpeterg_bmig_5003_count_words_index_test,1
10_content_zpeterg_bmig_5003_count_words_utils.py.txt,0,train,2042,zpeterg_bmig_5003_count_words_utils,4
10_content_zpeterg_bmig_5003_count_words_utils_test.py.txt,0,train,2043,zpeterg_bmig_5003_count_words_utils_test,3
12_content_prachij94_Unique-stopwords-for-a-subcategory_subcatwiseStopwords700.py.txt,0,train,2044,prachij94_unique-stopwords-for-a-subcategory_subcatwisestopwords700,5
13_content_preetidurai_Spam-Ham-Classification-using-NB-and-LR_NBHelper.py.txt,0,train,2045,preetidurai_spam-ham-classification-using-nb-and-lr_nbhelper,2
14_content_ganigavinaya_NaiveBayes_MLAssignment.py.txt,0,train,2046,ganigavinaya_naivebayes_mlassignment,1
15_content_ganigavinaya_LogisticRegression_MLAssignment.py.txt,0,train,2047,ganigavinaya_logisticregression_mlassignment,4
16_content_knair97_Sentiment-Analysis-of-Amazon-Reviews_neural_net.py.txt,0,train,2048,knair97_sentiment-analysis-of-amazon-reviews_neural_net,3
16_content_knair97_Sentiment-Analysis-of-Amazon-Reviews_random_forest.py.txt,0,train,2049,knair97_sentiment-analysis-of-amazon-reviews_random_forest,3
16_content_knair97_Sentiment-Analysis-of-Amazon-Reviews_svm.py.txt,0,train,2050,knair97_sentiment-analysis-of-amazon-reviews_svm,5
16_content_NB-prog_INTERN-2019_config.py.txt,0,train,2051,nb-prog_intern-2019_config,2
16_content_NB-prog_INTERN-2019_Model.py.txt,0,train,2052,nb-prog_intern-2019_model,1
16_content_NB-prog_INTERN-2019_plot.py.txt,0,train,2053,nb-prog_intern-2019_plot,4
16_content_NB-prog_INTERN-2019_similarity_eval.py.txt,0,train,2054,nb-prog_intern-2019_similarity_eval,3
16_content_NB-prog_INTERN-2019_train.py.txt,0,test,2055,nb-prog_intern-2019_train,0
17_content_AnirbanMajumder_Topic-Modeling-using-LDA_Topic_Modeling_using_LDA.py.txt,0,train,2056,anirbanmajumder_topic-modeling-using-lda_topic_modeling_using_lda,5
18_content_ashwinjoseph95_reviewanalysis_natural_language_processing.py.txt,0,train,2057,ashwinjoseph95_reviewanalysis_natural_language_processing,2
19_content_Mital188_Naive-Bayes_Naive_Bayes.py.txt,0,test,2058,mital188_naive-bayes_naive_bayes,0
19_content_Vijendra2410_Sentiment-Analysis_movie_review.py.txt,0,train,2059,vijendra2410_sentiment-analysis_movie_review,1
19_content_Vijendra2410_Sentiment-Analysis_RestaurantReview.py.txt,0,train,2060,vijendra2410_sentiment-analysis_restaurantreview,4
1_content_ahmetax_trstop_trstop.py.txt,0,val,2061,ahmetax_trstop_trstop,3
20_content_aditiopangestu_spam_data_converter_lingspam_filter.py.txt,0,train,2062,aditiopangestu_spam_data_converter_lingspam_filter,5
21_content_binojohnthomas_WebScraper-Example_main.py.txt,0,test,2063,binojohnthomas_webscraper-example_main,0
22_content_mikpim01_Python-NLTK_task_testing.py.txt,0,train,2064,mikpim01_python-nltk_task_testing,2
25_content_Dinesh317_Spam_Classification_spam.py.txt,0,train,2065,dinesh317_spam_classification_spam,1
25_content_drusac_Wikipedia_Keywords_Extractor_Wikipedia_Keywords_Extractor_v4.2.py.txt,0,train,2066,drusac_wikipedia_keywords_extractor_wikipedia_keywords_extractor_v4.2,4
28_content_vinaykumarbu_sentiment-analysis-deeplearning_csv_parser.py.txt,0,train,2067,vinaykumarbu_sentiment-analysis-deeplearning_csv_parser,3
28_content_vinaykumarbu_sentiment-analysis-deeplearning_preprocess.py.txt,0,train,2068,vinaykumarbu_sentiment-analysis-deeplearning_preprocess,5
28_content_vinaykumarbu_sentiment-analysis-deeplearning_tweet.py.txt,0,train,2069,vinaykumarbu_sentiment-analysis-deeplearning_tweet,2
2_content_ahmadRagheb_Text-mining-arabic_Song.py.txt,0,train,2070,ahmadragheb_text-mining-arabic_song,1
3_content_crvineeth97_kannada-stop-words_stopwords_find.py.txt,0,train,2071,crvineeth97_kannada-stop-words_stopwords_find,4
3_content_tusizi_document-analysis_jieba_cut_document_to_vocabulary_with_nominal.py.txt,0,test,2072,tusizi_document-analysis_jieba_cut_document_to_vocabulary_with_nominal,0
3_content_tusizi_document-analysis_mllib_lda_after_tfidf.py.txt,0,train,2073,tusizi_document-analysis_mllib_lda_after_tfidf,3
3_content_tusizi_document-analysis_mllib_tfidf_with_stopword.py.txt,0,train,2074,tusizi_document-analysis_mllib_tfidf_with_stopword,5
3_content_tusizi_document-analysis_mllib_word2vec.py.txt,0,test,2075,tusizi_document-analysis_mllib_word2vec,0
4_content_bnriiitb_autostopwordgen_stopword_generator.py.txt,0,train,2076,bnriiitb_autostopwordgen_stopword_generator,2
4_content_ssghule_Naive-Bayes-and-Bag-of-Words-for-Text-Classification-Problem_geolocate.py.txt,0,val,2077,ssghule_naive-bayes-and-bag-of-words-for-text-classification-problem_geolocate,1
5_content_alexeyev_nm_data_preparation.py.txt,0,train,2078,alexeyev_nm_data_preparation,4
5_content_alexeyev_nm_main.py.txt,0,train,2079,alexeyev_nm_main,3
5_content_JoseAntonioMora_StopWords_Stopwords.py.txt,0,train,2080,joseantoniomora_stopwords_stopwords,5
6_content_hsiaoyi0504_BioChem_stop_words_main.py.txt,0,test,2081,hsiaoyi0504_biochem_stop_words_main,0
7_content_manuellah_bc-9-twitter-sentiment-app_config.py.txt,0,test,2082,manuellah_bc-9-twitter-sentiment-app_config,0
7_content_manuellah_bc-9-twitter-sentiment-app_try.py.txt,0,train,2083,manuellah_bc-9-twitter-sentiment-app_try,4
7_content_natiqvahabov_stop_words_of_azerbaijani_extract.py.txt,0,test,2084,natiqvahabov_stop_words_of_azerbaijani_extract,0
7_content_satyammittal_IRE-Stopping-Words_bahasa.py.txt,0,train,2085,satyammittal_ire-stopping-words_bahasa,2
7_content_satyammittal_IRE-Stopping-Words_hindi.py.txt,0,train,2086,satyammittal_ire-stopping-words_hindi,5
7_content_satyammittal_IRE-Stopping-Words_xml_parser.py.txt,0,train,2087,satyammittal_ire-stopping-words_xml_parser,3
1_content_DanShai_kernalized-tsne_kernels.py.txt,0,train,2088,danshai_kernalized-tsne_kernels,2
1_content_DanShai_kernalized-tsne_ktsne.py.txt,0,train,2089,danshai_kernalized-tsne_ktsne,1
1_content_DanShai_kernalized-tsne_main.py.txt,0,train,2090,danshai_kernalized-tsne_main,3
1_content_spriya14_Data_Visualization-using_T-SNE_dataset_visualization_101.py.txt,0,val,2091,spriya14_data_visualization-using_t-sne_dataset_visualization_101,5
1_content_vuolleko_pyTSNE_bh_tsne.py.txt,0,val,2092,vuolleko_pytsne_bh_tsne,4
1_content_vuolleko_pyTSNE_data.py.txt,0,train,2093,vuolleko_pytsne_data,1
1_content_vuolleko_pyTSNE_test_tsne_mnist.py.txt,0,train,2094,vuolleko_pytsne_test_tsne_mnist,4
1_content_vuolleko_pyTSNE_vptree.py.txt,0,train,2095,vuolleko_pytsne_vptree,3
2_content_jdk20_tsne_main.py.txt,0,train,2096,jdk20_tsne_main,5
3_content_Lochanahasith_t-Distributed-Stochastic-Neighbor-Embedding-t-SNE-on-EC-dataset_tsne_with_ec.py.txt,0,train,2097,lochanahasith_t-distributed-stochastic-neighbor-embedding-t-sne-on-ec-dataset_tsne_with_ec,2
4_content_gonzaloriquelme_DimensionalityReductionEx_Dim-red.py.txt,0,test,2098,gonzaloriquelme_dimensionalityreductionex_dim-red,0
11_content_Masao-Taketani_text_classification_with_alexa_make_pkl_for_data_and_dic.py.txt,0,val,2099,masao-taketani_text_classification_with_alexa_make_pkl_for_data_and_dic,1
14_content_tusizi_document-analysis_jieba_cut_document_to_vocabulary_with_nominal.py.txt,0,test,2072,tusizi_document-analysis_jieba_cut_document_to_vocabulary_with_nominal,0
14_content_tusizi_document-analysis_jieba_cut_document_to_vocabulary_without_stopword.py.txt,0,train,2100,tusizi_document-analysis_jieba_cut_document_to_vocabulary_without_stopword,4
16_content_spkywood_DocVectorizations_VVID_Test_2.py.txt,0,val,2101,spkywood_docvectorizations_vvid_test_2,3
17_content_davidbhan_IntelligentPatents_NLP_functions.py.txt,0,train,2102,davidbhan_intelligentpatents_nlp_functions,5
17_content_lo1gr_tf-idf_hadoop-Spark_reducer3_A.py.txt,0,train,2103,lo1gr_tf-idf_hadoop-spark_reducer3_a,2
1_content_nikitaa30_Content-based-Recommender-System_recommender_system.py.txt,0,train,429,nikitaa30_content-based-recommender-system_recommender_system,5
23_content_abdullahwaqar_docsearx_pdf_reader.py.txt,0,val,411,abdullahwaqar_docsearx_pdf_reader,1
23_content_calmlyarun_PythonAssignment_read_documents.py.txt,0,train,2104,calmlyarun_pythonassignment_read_documents,1
24_content_SajjadAemmi_Text-Summarization_main.py.txt,0,train,2105,sajjadaemmi_text-summarization_main,4
28_content_misbahulard_search-engine-tfidf_app.py.txt,0,train,2106,misbahulard_search-engine-tfidf_app,3
33_content_mirkomantovani_web-search-engine-UIC_crawling_utils.py.txt,0,train,2107,mirkomantovani_web-search-engine-uic_crawling_utils,5
3_content_avinashbhat_keyword-extraction-using-tf-idf_main.py.txt,0,train,2108,avinashbhat_keyword-extraction-using-tf-idf_main,2
40_content_phoolchandra_Text-Search-Engine_search.py.txt,0,train,2109,phoolchandra_text-search-engine_search,1
40_content_Shikhar-S_Search-TF-IDF_graph_script.py.txt,0,train,2110,shikhar-s_search-tf-idf_graph_script,4
43_content_aabs_edx-ai-week11-project_SentimentPredictor.py.txt,0,test,2111,aabs_edx-ai-week11-project_sentimentpredictor,0
43_content_aabs_edx-ai-week11-project_Tests.py.txt,0,train,2112,aabs_edx-ai-week11-project_tests,3
44_content_CNTexas_Chinese-Text-Classification_segment2Bunch.py.txt,0,val,2113,cntexas_chinese-text-classification_segment2bunch,5
44_content_CNTexas_Chinese-Text-Classification_test2Bunch.py.txt,0,train,2114,cntexas_chinese-text-classification_test2bunch,2
44_content_huaijun-lee_tf-idf_rank_chang_code.py.txt,0,train,2115,huaijun-lee_tf-idf_rank_chang_code,1
44_content_Tian14267_Text_Keywords_Keywords_main_MutilSentence.py.txt,0,train,2116,tian14267_text_keywords_keywords_main_mutilsentence,4
48_content_fhadyan_Document-classification-with-TF-IDF_Stemming.py.txt,0,train,2117,fhadyan_document-classification-with-tf-idf_stemming,5
48_content_fhadyan_Document-classification-with-TF-IDF_UniqueWord.py.txt,0,test,2118,fhadyan_document-classification-with-tf-idf_uniqueword,0
53_content_rghv404_Language_identification_make_predictions.py.txt,0,test,2119,rghv404_language_identification_make_predictions,0
55_content_devGyulMem_Tensorflow_TF_IDF_preprocessing.py.txt,0,train,2120,devgyulmem_tensorflow_tf_idf_preprocessing,3
56_content_wan3s_tfidf_gencollection.py.txt,0,train,2121,wan3s_tfidf_gencollection,2
58_content_zhaoyichanghong_machine_learing_algo_python_bisecting_kmeans.py.txt,0,train,2122,zhaoyichanghong_machine_learing_algo_python_bisecting_kmeans,1
58_content_zhaoyichanghong_machine_learing_algo_python_ica.py.txt,0,test,2123,zhaoyichanghong_machine_learing_algo_python_ica,0
58_content_zhaoyichanghong_machine_learing_algo_python_pla.py.txt,0,train,2124,zhaoyichanghong_machine_learing_algo_python_pla,4
59_content_itmap_data_analysis_text_rank.py.txt,0,test,2125,itmap_data_analysis_text_rank,0
60_content_muskantantia0_text-analytics_tf_idf.py.txt,0,train,2126,muskantantia0_text-analytics_tf_idf,3
65_content_my-master_HashingTfidfVectorizer_ru_run.py.txt,0,train,2127,my-master_hashingtfidfvectorizer_ru_run,5
66_content_Fremont28_movie_recommender-_movies_tfidf.py.txt,0,train,2128,fremont28_movie_recommender-_movies_tfidf,2
67_content_akshay-ravindran-96_Fake_News_fake_news.py.txt,0,train,2129,akshay-ravindran-96_fake_news_fake_news,1
6_content_sherlvick_sentimental-analysis_SVM_svm_pipe.py.txt,0,val,2130,sherlvick_sentimental-analysis_svm_svm_pipe,4
6_content_sherlvick_sentimental-analysis_SVM_svm_test_0.py.txt,0,test,2131,sherlvick_sentimental-analysis_svm_svm_test_0,0
70_content_skumaravel_tf-idf_tf_idf.py.txt,0,train,2132,skumaravel_tf-idf_tf_idf,3
72_content_SreekarJammula_tf-idf-_asst2_part2_1.py.txt,0,val,2133,sreekarjammula_tf-idf-_asst2_part2_1,5
79_content_alxrm_scent-of-literature_supply.py.txt,0,train,2134,alxrm_scent-of-literature_supply,2
7_content_DeFacto_DeFactoNLP_sentence_retrieval.py.txt,0,train,2135,defacto_defactonlp_sentence_retrieval,1
7_content_luluforever_segword-and-TF-IDF_get_50_tf-idf.py.txt,0,val,2136,luluforever_segword-and-tf-idf_get_50_tf-idf,4
7_content_motazsaad_comparable-text-miner_aligning-docs-by-interlinks-demo.py.txt,0,train,2137,motazsaad_comparable-text-miner_aligning-docs-by-interlinks-demo,3
7_content_motazsaad_comparable-text-miner_split_processed_wikipedia_file.py.txt,0,train,2138,motazsaad_comparable-text-miner_split_processed_wikipedia_file,5
83_content_freniapinto_Search-Engine_SnippetGen.py.txt,0,val,2139,freniapinto_search-engine_snippetgen,2
85_content_SCNUJackyChen_TF-IDF_NN.py.txt,0,train,2140,scnujackychen_tf-idf_nn,1
88_content_ns3agravat_sklearn_tfidf_cmle_train_idf.py.txt,0,val,2141,ns3agravat_sklearn_tfidf_cmle_train_idf,4
92_content_meltonjoseph_CorpusReader_CreateTFIDF_driver.py.txt,0,test,2142,meltonjoseph_corpusreader_createtfidf_driver,0
93_content_RoshanSPai_Map-Reduce-TF-IDF_mapper1.py.txt,0,train,2143,roshanspai_map-reduce-tf-idf_mapper1,3
93_content_RoshanSPai_Map-Reduce-TF-IDF_reducer3.py.txt,0,train,2144,roshanspai_map-reduce-tf-idf_reducer3,5
10_content_UrielMaD_Image-GPS-metadata-tags-generator_Principal2.py.txt,0,test,2145,urielmad_image-gps-metadata-tags-generator_principal2,0
11_content_movingpictures83_Variance_VariancePlugin.py.txt,0,train,2146,movingpictures83_variance_varianceplugin,2
13_content_avirambh_vcl_pytorch_utils.py.txt,0,train,2147,avirambh_vcl_pytorch_utils,1
13_content_gissimo_nsc_do_mvc.py.txt,0,test,2148,gissimo_nsc_do_mvc,0
13_content_zerolxf_VRL-SGD_process_text.py.txt,0,train,2149,zerolxf_vrl-sgd_process_text,4
15_content_tjarriel_CRV-analysis_demo_CRV_slidingwindow.py.txt,0,train,2150,tjarriel_crv-analysis_demo_crv_slidingwindow,3
16_content_aplested_verify_file_tools.py.txt,0,train,2151,aplested_verify_file_tools,5
17_content_jmullercuber_HackHarvard2k16_cognitive.py.txt,0,val,2152,jmullercuber_hackharvard2k16_cognitive,2
17_content_jmullercuber_HackHarvard2k16_RedditScraper.py.txt,0,test,2153,jmullercuber_hackharvard2k16_redditscraper,0
17_content_jmullercuber_HackHarvard2k16_RedditTest.py.txt,0,train,2154,jmullercuber_hackharvard2k16_reddittest,1
17_content_jmullercuber_HackHarvard2k16_TwitterTest.py.txt,0,train,2155,jmullercuber_hackharvard2k16_twittertest,4
1_content_wanglouis49_risk_estimation_EX10H.py.txt,0,train,2156,wanglouis49_risk_estimation_ex10h,5
21_content_qiulingxu_Variance-Reduced-Policy-Gradient_gymif.py.txt,0,train,2157,qiulingxu_variance-reduced-policy-gradient_gymif,3
22_content_jguo13_Linear-Inverse-Theory-Least-Squares-Model_leastsquaresfit.py.txt,0,test,2158,jguo13_linear-inverse-theory-least-squares-model_leastsquaresfit,0
28_content_no-lineal_bias_variance_Bias_variance_fx_ax_b.py.txt,0,val,2159,no-lineal_bias_variance_bias_variance_fx_ax_b,2
28_content_no-lineal_bias_variance_Bias_variance_fx_b.py.txt,0,val,2160,no-lineal_bias_variance_bias_variance_fx_b,1
29_content_Jedshady_Variance-Reduction-on-CNN_download_data.py.txt,0,train,2161,jedshady_variance-reduction-on-cnn_download_data,4
32_content_clee1994_MasterThesis_port_opt.py.txt,0,train,2162,clee1994_masterthesis_port_opt,3
35_content_facundoq_rotational_variance_experiment_rotation.py.txt,0,train,2163,facundoq_rotational_variance_experiment_rotation,5
35_content_facundoq_rotational_variance_experiment_runner.py.txt,0,train,2164,facundoq_rotational_variance_experiment_runner,2
37_content_winstonmzhang_CalculateVariance_method_r.py.txt,0,train,2165,winstonmzhang_calculatevariance_method_r,1
3_content_QuriQuant_qq-pat_test.py.txt,0,val,2166,quriquant_qq-pat_test,4
40_content_Charles-Peeke_clinical_variances_keyword_app.py.txt,0,val,2167,charles-peeke_clinical_variances_keyword_app,3
40_content_Charles-Peeke_clinical_variances_local_db.py.txt,0,train,2168,charles-peeke_clinical_variances_local_db,5
40_content_Charles-Peeke_clinical_variances_pandas_queries.py.txt,0,train,2169,charles-peeke_clinical_variances_pandas_queries,2
40_content_Charles-Peeke_clinical_variances_sponsor_app.py.txt,0,train,2170,charles-peeke_clinical_variances_sponsor_app,1
43_content_CarlaLlama_XhosaBot-PhraseVarianceGenerator_faq_dataset.py.txt,0,test,2171,carlallama_xhosabot-phrasevariancegenerator_faq_dataset,0
49_content_lastralab_Statistics_ConverS.py.txt,0,train,2172,lastralab_statistics_convers,4
49_content_lastralab_Statistics_SkewU.py.txt,0,train,2173,lastralab_statistics_skewu,3
4_content_ganluannj_ANOVA_Assumption_make_a_skew_distribution.py.txt,0,train,2174,ganluannj_anova_assumption_make_a_skew_distribution,5
54_content_ramankh_CommodityPrice_getCommodityPrice.py.txt,0,train,2175,ramankh_commodityprice_getcommodityprice,4
56_content_asgamre_Decision-Tree-ML_main.py.txt,0,train,2176,asgamre_decision-tree-ml_main,2
57_content_popkinj_azimuth-swath___init__.py.txt,0,train,2177,popkinj_azimuth-swath___init__,3
57_content_popkinj_azimuth-swath_azimuth_swath_dialog.py.txt,0,train,2178,popkinj_azimuth-swath_azimuth_swath_dialog,5
5_content_swkim94_Running-Variance-Algorithm-Test_running_variance_test.py.txt,0,val,2179,swkim94_running-variance-algorithm-test_running_variance_test,2
62_content_arushigupta148_Hybrid-Architecture-for-Numeral-Handwritten-Recognition_Load_Images.py.txt,0,test,2180,arushigupta148_hybrid-architecture-for-numeral-handwritten-recognition_load_images,0
65_content_swaruptripathy_two_way_anova_two_way_anova.py.txt,0,test,2181,swaruptripathy_two_way_anova_two_way_anova,0
67_content_4ntoined_cosmicvariance_comovingvolume.py.txt,0,train,2182,4ntoined_cosmicvariance_comovingvolume,1
68_content_ipozdeev_paper_vrp_mini_visuals.py.txt,0,train,2183,ipozdeev_paper_vrp_mini_visuals,4
6_content_mr-18_random-walks-project_Variance.py.txt,0,train,2184,mr-18_random-walks-project_variance,3
74_content_Pratik08_prox-svrg_stats.py.txt,0,train,2185,pratik08_prox-svrg_stats,5
79_content_astrojneil_AllanVarCodeFinal_concat_files.py.txt,0,val,2186,astrojneil_allanvarcodefinal_concat_files,2
7_content_wallacelab_paper-maize-rhizosphere-2017_1b_PlotHeritabilities.py.txt,0,train,2187,wallacelab_paper-maize-rhizosphere-2017_1b_plotheritabilities,1
81_content_rborder_SL_REML_L_Seed.py.txt,0,train,2188,rborder_sl_reml_l_seed,4
84_content_Keon6_CrapsSimulator_RunSimulation.py.txt,0,val,2189,keon6_crapssimulator_runsimulation,4
85_content_CodeRika_TweetsSentimentAnalyzer_geoLocation.py.txt,0,train,2190,coderika_tweetssentimentanalyzer_geolocation,3
89_content_AasthaGoyal_Mathimatical-Statistics-on-an-integer-array_python_code.py.txt,0,train,2020,aasthagoyal_mathimatical-statistics-on-an-integer-array_python_code,5
8_content_Develop-It-19_Random_Forest_Random_Forest_Interpretation.py.txt,0,train,2191,develop-it-19_random_forest_random_forest_interpretation,5
8_content_ynewton_variance_filter_filter_out_lowest_varying_genes.py.txt,0,train,2192,ynewton_variance_filter_filter_out_lowest_varying_genes,2
97_content_Hillul_-Comparing-the-Algorithm-of-ML-where-Random-Forest-is-found-to-be-best_Comparision_Of_Algorithm.py.txt,0,train,2193,hillul_-comparing-the-algorithm-of-ml-where-random-forest-is-found-to-be-best_comparision_of_algorithm,1
100_content_miguelrodriguezpro_automaticweb.page_automaticweb.py.txt,0,train,2194,miguelrodriguezpro_automaticweb.page_automaticweb,4
10_content_lulu150003_Web-Scraping-Project_LinkedInWebcrawler2019.py.txt,0,train,2195,lulu150003_web-scraping-project_linkedinwebcrawler2019,3
11_content_namelessfintech_python-web-scraping_advanced_link_crawler.py.txt,0,train,2196,namelessfintech_python-web-scraping_advanced_link_crawler,5
11_content_namelessfintech_python-web-scraping_downloader.py.txt,0,train,2197,namelessfintech_python-web-scraping_downloader,2
11_content_namelessfintech_python-web-scraping_requests_cache_link_crawler.py.txt,0,train,2198,namelessfintech_python-web-scraping_requests_cache_link_crawler,1
13_content_santyias87_Webscrape_webscrape_categories.py.txt,0,train,2199,santyias87_webscrape_webscrape_categories,4
18_content_abellakr_indeed-job-search-python-script_indeed.py.txt,0,test,2200,abellakr_indeed-job-search-python-script_indeed,0
18_content_TianyuDu_UTCourses_download_info.py.txt,0,train,2201,tianyudu_utcourses_download_info,3
20_content_HritikAttri_web_scraping_script.py.txt,0,test,2202,hritikattri_web_scraping_script,0
24_content_fellakmoh876_mailing-lists-scraper_scrape.py.txt,0,train,2203,fellakmoh876_mailing-lists-scraper_scrape,5
27_content_dfpena_KoiWebScrapingExample_ScrapeUrlTable2Pandas.py.txt,0,train,2204,dfpena_koiwebscrapingexample_scrapeurltable2pandas,2
29_content_vbelz_Lyrics_classifier_main.py.txt,0,train,2205,vbelz_lyrics_classifier_main,1
29_content_vbelz_Lyrics_classifier_make_data_base.py.txt,0,val,2206,vbelz_lyrics_classifier_make_data_base,4
32_content_DarylBui_webscraping_WebScraping.py.txt,0,train,2207,darylbui_webscraping_webscraping,3
32_content_paolazola_Scraping-data-from-Web_textMining3.py.txt,0,test,2208,paolazola_scraping-data-from-web_textmining3,0
34_content_subhendu01_Web-Scraping_imdb_multi_pagescapping.py.txt,0,train,2209,subhendu01_web-scraping_imdb_multi_pagescapping,5
34_content_vizzerdrix55_web-scraping-vBulletin-forum_2_transform_html_to_xml.py.txt,0,train,2210,vizzerdrix55_web-scraping-vbulletin-forum_2_transform_html_to_xml,2
39_content_datalivre_web-scraping_scra.py.txt,0,test,2211,datalivre_web-scraping_scra,0
39_content_jschriemer_Tennis-Tweets_web.py.txt,0,test,2212,jschriemer_tennis-tweets_web,0
3_content_ahmedelfateh_scraping_CimaClub_scraper_HTTP.py.txt,0,train,2213,ahmedelfateh_scraping_cimaclub_scraper_http,1
3_content_ahmedelfateh_scraping_CimaClub_scraper_urllib.py.txt,0,train,2214,ahmedelfateh_scraping_cimaclub_scraper_urllib,4
40_content_Grijesh-Chauhan_aadhaar_utils.py.txt,0,val,2215,grijesh-chauhan_aadhaar_utils,3
42_content_naomistuart_flight-scraping_flightscraper2.py.txt,0,train,2216,naomistuart_flight-scraping_flightscraper2,5
44_content_rajitbanerjee_amazon-price-tracker_tracker.py.txt,0,train,2217,rajitbanerjee_amazon-price-tracker_tracker,2
45_content_umtpfe_Projet-scrapy_gglev5.py.txt,0,val,2218,umtpfe_projet-scrapy_gglev5,1
49_content_S-GH_WebtoonReply_Scraping-and-Sentiment_Analysis_2._Preprocess.py.txt,0,train,2219,s-gh_webtoonreply_scraping-and-sentiment_analysis_2._preprocess,4
51_content_HackAtUCI_learn-web-scraping-template_scraper.py.txt,0,train,2220,hackatuci_learn-web-scraping-template_scraper,3
56_content_GiuseppeFasanella_RaiPlay_scraping_RaiPlayDL.py.txt,0,val,2221,giuseppefasanella_raiplay_scraping_raiplaydl,5
56_content_sfitzgerald96_WebScraping_main.py.txt,0,train,2222,sfitzgerald96_webscraping_main,5
57_content_Amin-Matola_WebRobots_networkscanner.py.txt,0,val,2223,amin-matola_webrobots_networkscanner,4
5_content_juyalpriyank_scrape_whatsapp_script.py.txt,0,train,2224,juyalpriyank_scrape_whatsapp_script,2
66_content_abinavrameshs_Web-Scraping-and-Car-Brand-Analysis_web_scraping_code_edmunds.py.txt,0,train,2225,abinavrameshs_web-scraping-and-car-brand-analysis_web_scraping_code_edmunds,5
69_content_IhorVodko_NYCDSA_WebScraping_project_Data_transfrmtion.py.txt,0,train,2226,ihorvodko_nycdsa_webscraping_project_data_transfrmtion,3
69_content_TheOnly1338_ProxyScrapper_proxyscraper.py.txt,0,train,2227,theonly1338_proxyscrapper_proxyscraper,2
6_content_satssehgal_WebScraping_Heroku_scraper.py.txt,0,train,2228,satssehgal_webscraping_heroku_scraper,1
70_content_Ram-95_Weather_Forecast_Application_Weather_forecast_application.py.txt,0,val,2229,ram-95_weather_forecast_application_weather_forecast_application,4
72_content_kperry2215_webscrape_monthly_og_data_bakken_Bakken_web_scrape.py.txt,0,train,2230,kperry2215_webscrape_monthly_og_data_bakken_bakken_web_scrape,3
75_content_pikiaboy_Investing.com-Scraper_db_table.py.txt,0,val,2231,pikiaboy_investing.com-scraper_db_table,5
76_content_sangeeta97_web-scraping_ctri_cleaning.py.txt,0,train,2232,sangeeta97_web-scraping_ctri_cleaning,2
76_content_sangeeta97_web-scraping_restnested.py.txt,0,train,2233,sangeeta97_web-scraping_restnested,1
79_content_MadhavPruthi_Email-Scraping-from-publication_API.py.txt,0,train,2234,madhavpruthi_email-scraping-from-publication_api,4
82_content_winter-code_Scraping_s.py.txt,0,train,2235,winter-code_scraping_s,3
87_content_avsprashant_webScraping_Scrapper.py.txt,0,train,2236,avsprashant_webscraping_scrapper,5
94_content_verma1997_Scraping-Scripts_akbartravels_offers.py.txt,0,test,2237,verma1997_scraping-scripts_akbartravels_offers,0
94_content_verma1997_Scraping-Scripts_easemytrip_offers.py.txt,0,val,2238,verma1997_scraping-scripts_easemytrip_offers,2
94_content_verma1997_Scraping-Scripts_goibibo_offers.py.txt,0,train,2239,verma1997_scraping-scripts_goibibo_offers,1
94_content_verma1997_Scraping-Scripts_indigo_offers.py.txt,0,test,2237,verma1997_scraping-scripts_indigo_offers,0
94_content_verma1997_Scraping-Scripts_paytm_offers.py.txt,0,val,2238,verma1997_scraping-scripts_paytm_offers,2
94_content_ytnguyenedalgo_scrape_retail_site_useragentls.py.txt,0,test,2240,ytnguyenedalgo_scrape_retail_site_useragentls,0
97_content_VangaPoornaChand_Web-Scraping-Collections__2__OU_Results_Final.py.txt,0,train,2241,vangapoornachand_web-scraping-collections__2__ou_results_final,4
v1_10_content_Chinmay-395_AES-algorithm-using-GUI_CNSmini1.py.txt,1,train,0,chinmay-395_aes-algorithm-using-gui_cnsmini1,3
v1_15_content_Dhruv-Panchal_AES_socket_GUI_decryptor.py.txt,1,train,1,dhruv-panchal_aes_socket_gui_decryptor,3
v1_17_content_bickyeric_steganography_lsb.py.txt,1,train,2,bickyeric_steganography_lsb,1
v1_18_content_deeptavker_Vortex_Spin_Down_post_proc_TVF.py.txt,1,train,3,deeptavker_vortex_spin_down_post_proc_tvf,4
v1_22_content_SivaRanjan17_AES-Multi-Client-Chat-System_client.py.txt,1,train,4,sivaranjan17_aes-multi-client-chat-system_client,3
v1_22_content_SivaRanjan17_AES-Multi-Client-Chat-System_server.py.txt,1,train,5,sivaranjan17_aes-multi-client-chat-system_server,5
v1_24_content_clxmente_Python-Password-Manager_main.py.txt,1,train,6,clxmente_python-password-manager_main,2
v1_26_content_BroadbentT_BASE64-AES_base64-aes_cbc.py.txt,1,train,7,broadbentt_base64-aes_base64-aes_cbc,1
v1_26_content_BroadbentT_BASE64-AES_base64-aes_ecb.py.txt,1,train,7,broadbentt_base64-aes_base64-aes_ecb,1
v1_27_content_yilangpeng_computational-aesthetics_edge.py.txt,1,train,8,yilangpeng_computational-aesthetics_edge,4
v1_29_content_diego95root_CryptoAttacks_MD4.py.txt,1,train,9,diego95root_cryptoattacks_md4,3
v1_29_content_diego95root_CryptoAttacks_serverHMAC.py.txt,1,train,10,diego95root_cryptoattacks_serverhmac,5
v1_30_content_KOUGD7_Implementation-of-Cryptographic_simplified_AES.py.txt,1,train,11,kougd7_implementation-of-cryptographic_simplified_aes,2
v1_33_content_IMIO_extraschool_extraschool_qrcodes_wizard.py.txt,1,train,12,imio_extraschool_extraschool_qrcodes_wizard,1
v1_34_content_jcvasquezc_AEspeech_CAE.py.txt,1,train,13,jcvasquezc_aespeech_cae,3
v1_36_content_denniszj_crawler_comment.py.txt,1,train,14,denniszj_crawler_comment,4
v1_37_content_fujiokayu_tiny_encryptor_tiny_encryptor.py.txt,1,train,15,fujiokayu_tiny_encryptor_tiny_encryptor,3
v1_39_content_RagibZaman_pokemon-autoencoder_test_models.py.txt,1,train,16,ragibzaman_pokemon-autoencoder_test_models,5
v1_43_content_PetePrattis_Advanced-Encryption-Standard-for-credit-card-number_AES.py.txt,1,train,17,peteprattis_advanced-encryption-standard-for-credit-card-number_aes,2
v1_45_content_absu5530_cnn_pos_experiments_results.py.txt,1,test,18,absu5530_cnn_pos_experiments_results,0
v1_46_content_korayersin_python-aes_aes_crypto.py.txt,1,train,19,korayersin_python-aes_aes_crypto,1
v1_46_content_parubalo_AES_binary_encrypt_decrypt_binary.py.txt,1,train,20,parubalo_aes_binary_encrypt_decrypt_binary,4
v1_49_content_michael-ayako_AES-Encryption_bitshift.py.txt,1,train,21,michael-ayako_aes-encryption_bitshift,3
v1_49_content_michael-ayako_AES-Encryption_EncDec.py.txt,1,train,22,michael-ayako_aes-encryption_encdec,5
v1_49_content_michael-ayako_AES-Encryption_util.py.txt,1,train,23,michael-ayako_aes-encryption_util,2
v1_50_content_bharavi15_FileEncrypter_FileEncrypter.py.txt,1,test,25,bharavi15_fileencrypter_fileencrypter,0
v1_58_content_dunglq2000_chatbox-encrypt_client.py.txt,1,train,26,dunglq2000_chatbox-encrypt_client,4
v1_59_content_Arouck_AES-python_aes.py.txt,1,train,27,arouck_aes-python_aes,3
v1_5_content_LuttaKing_AES-style-Encryptor-Decryptor_encryptorGUI.py.txt,1,train,28,luttaking_aes-style-encryptor-decryptor_encryptorgui,5
v1_61_content_arthurgsf_BuscaAEstrela_main.py.txt,1,test,29,arthurgsf_buscaaestrela_main,0
v1_64_content_Achint08_aws-kms-with-aes-encryption_encrypt.py.txt,1,train,30,achint08_aws-kms-with-aes-encryption_encrypt,2
v1_64_content_nichtsen_symk-fcrypto_ficrypto.py.txt,1,train,31,nichtsen_symk-fcrypto_ficrypto,1
v1_65_content_burak-gunay_AES_encryption_hw2.py.txt,1,val,32,burak-gunay_aes_encryption_hw2,4
v1_67_content_wishuhere_AES-encryption-by-python_encrypt.py.txt,1,val,33,wishuhere_aes-encryption-by-python_encrypt,3
v1_67_content_wishuhere_AES-encryption-by-python_very_sign.py.txt,1,train,34,wishuhere_aes-encryption-by-python_very_sign,1
v1_6_content_gabrielmbmb_aes_crypt.py.txt,1,val,35,gabrielmbmb_aes_crypt,5
v1_70_content_RamBourn_AES-Encrypt_test.py.txt,1,train,36,rambourn_aes-encrypt_test,2
v1_71_content_Coldayftw_AES-CTR_test.py.txt,1,train,37,coldayftw_aes-ctr_test,1
v1_73_content_itsbharatsaini_ghostPy--an-Encryption-and-Decryption-Tool_decrypting_file.py.txt,1,train,38,itsbharatsaini_ghostpy--an-encryption-and-decryption-tool_decrypting_file,4
v1_73_content_itsbharatsaini_ghostPy--an-Encryption-and-Decryption-Tool_encrypting_file.py.txt,1,train,39,itsbharatsaini_ghostpy--an-encryption-and-decryption-tool_encrypting_file,3
v1_76_content_sarthak1598_PyRAT-Remote-Administration-Tool-TROJAN-_attacker_side.py.txt,1,train,40,sarthak1598_pyrat-remote-administration-tool-trojan-_attacker_side,5
v1_79_content_Marco-Christiani_AES-Encryption_cipher.py.txt,1,train,41,marco-christiani_aes-encryption_cipher,2
v1_7_content_denisyarats_pytorch_sac_ae_decoder.py.txt,1,train,42,denisyarats_pytorch_sac_ae_decoder,1
v1_7_content_git-remove_CBC-and-CTR-Decipher_decipher.py.txt,1,train,43,git-remove_cbc-and-ctr-decipher_decipher,4
v1_81_content_tqre_AESexercise_MixColumns.py.txt,1,test,44,tqre_aesexercise_mixcolumns,0
v1_84_content_NickKessidis_Advanced-Encryption-Standards___main__.py.txt,1,train,45,nickkessidis_advanced-encryption-standards___main__,3
v1_8_content_gordon636798_DiffieHellman-AES_DiffieHellman_AES.py.txt,1,train,46,gordon636798_diffiehellman-aes_diffiehellman_aes,5
v1_92_content_punk12321_AES-chat_cipher.py.txt,1,train,47,punk12321_aes-chat_cipher,2
v1_96_content_Iangecko_aes.py_easy_aes.py.txt,1,test,48,iangecko_aes,0
v1_10_content_Ethan2018_Apriori_APRI.py.txt,1,val,49,ethan2018_apriori_apri,1
v1_11_content_sidmishraw_cs-267-project_pdf_processing_demo.py.txt,1,val,50,sidmishraw_cs-267-project_pdf_processing_demo,4
v1_12_content_rileyqi_Apriori-Algorithm-Python_apriori.py.txt,1,test,51,rileyqi_apriori-algorithm-python_apriori,0
v1_13_content_bhavuk0909_Apriori_Bhavuk_apriori.py.txt,1,train,52,bhavuk0909_apriori_bhavuk_apriori,3
v1_14_content_BalaMungala_GroceryRecommendations-Association_Market_Basket_Optimisation.py.txt,1,train,53,balamungala_groceryrecommendations-association_market_basket_optimisation,5
v1_14_content_Dawlatly_Recommender-system_kmeans.py.txt,1,train,54,dawlatly_recommender-system_kmeans,2
v1_14_content_Dawlatly_Recommender-system_manage.py.txt,1,val,55,dawlatly_recommender-system_manage,1
v1_14_content_wiktorjl_algorithm-apriori_apriori.py.txt,1,test,56,wiktorjl_algorithm-apriori_apriori,0
v1_15_content_DiptaGomes_Apriori-Association-Rule-Mining-_implementation.py.txt,1,train,57,diptagomes_apriori-association-rule-mining-_implementation,4
v1_16_content_MostafAanwar_apirioriAlg_apriori.py.txt,1,train,58,mostafaanwar_apiriorialg_apriori,3
v1_16_content_RachnaRajput_Apriori_Algorithm_Rachna_Rajput_son_phase2.py.txt,1,train,59,rachnarajput_apriori_algorithm_rachna_rajput_son_phase2,5
v1_18_content_sudhanshugupta09_MS-Apriori_Algorithm_candidateGen.py.txt,1,train,60,sudhanshugupta09_ms-apriori_algorithm_candidategen,2
v1_18_content_sudhanshugupta09_MS-Apriori_Algorithm_functions.py.txt,1,train,61,sudhanshugupta09_ms-apriori_algorithm_functions,1
v1_19_content_Haridut_Data-Mining-algorithms_Apriori.py.txt,1,train,62,haridut_data-mining-algorithms_apriori,4
v1_19_content_Haridut_Data-Mining-algorithms_Frag_shell.py.txt,1,val,63,haridut_data-mining-algorithms_frag_shell,5
v1_19_content_mpiivonen_apriori-algorithm_parse.py.txt,1,train,64,mpiivonen_apriori-algorithm_parse,3
v1_1_content_jiteshjha_Frequent-item-set-mining_dat2csv.py.txt,1,train,65,jiteshjha_frequent-item-set-mining_dat2csv,5
v1_20_content_hugaofernandes_apriori_algorithm_main_SAD.py.txt,1,val,66,hugaofernandes_apriori_algorithm_main_sad,2
v1_20_content_subhadeep-123_Apriori-on-Market-Basket_apriori.py.txt,1,test,67,subhadeep-123_apriori-on-market-basket_apriori,0
v1_22_content_ayush-garg341_skill_recommendation_database.py.txt,1,train,68,ayush-garg341_skill_recommendation_database,1
v1_22_content_ayush-garg341_skill_recommendation_preprocess.py.txt,1,test,69,ayush-garg341_skill_recommendation_preprocess,0
v1_22_content_boneanxs_Apriori-Algorithm_Apriori.py.txt,1,test,70,boneanxs_apriori-algorithm_apriori,0
v1_23_content_jsierp_apriori_apriori.py.txt,1,train,71,jsierp_apriori_apriori,4
v1_25_content_aravindkanna_Implementation-of-Apriori-Algorithm_otherMethods.py.txt,1,train,72,aravindkanna_implementation-of-apriori-algorithm_othermethods,3
v1_25_content_aravindkanna_Implementation-of-Apriori-Algorithm_project.py.txt,1,test,73,aravindkanna_implementation-of-apriori-algorithm_project,0
v1_25_content_aravindkanna_Implementation-of-Apriori-Algorithm_Trie.py.txt,1,val,74,aravindkanna_implementation-of-apriori-algorithm_trie,5
v1_26_content_PratikhyaManas_MarketBasketOptimisation_apriori.py.txt,1,train,75,pratikhyamanas_marketbasketoptimisation_apriori,2
v1_26_content_RahulSingal_ProductRecommendations_HW1.py.txt,1,test,76,rahulsingal_productrecommendations_hw1,0
v1_28_content_joswinkj_apriori_constants.py.txt,1,val,77,joswinkj_apriori_constants,1
v1_29_content_ikravche_Apriori_Apriori.py.txt,1,train,78,ikravche_apriori_apriori,4
v1_29_content_TheJaeLal_apriori_apriori.py.txt,1,val,79,thejaelal_apriori_apriori,3
v1_2_content_kaushiksk_multi-time-interval-apriori_config.py.txt,1,train,80,kaushiksk_multi-time-interval-apriori_config,5
v1_31_content_saharmilis_AprioriAlgorithm_algo-Server.py.txt,1,val,81,saharmilis_apriorialgorithm_algo-server,2
v1_31_content_sayan-syn94_Apriori-Algorithm-implementation_apriory2.py.txt,1,val,82,sayan-syn94_apriori-algorithm-implementation_apriory2,1
v1_32_content_AdarshRavikumar_Apriori-Algorithm_AprStub.py.txt,1,train,83,adarshravikumar_apriori-algorithm_aprstub,4
v1_32_content_sainathGit_rulemining-for-marketbasket_main.py.txt,1,test,84,sainathgit_rulemining-for-marketbasket_main,0
v1_32_content_thingscouldbeworse_apriori_KirkApriori.py.txt,1,train,85,thingscouldbeworse_apriori_kirkapriori,3
v1_3_content_ravinderiiit_Market-Basket-Optimisation-by-apriori-Algorithm_apriori.py.txt,1,val,86,ravinderiiit_market-basket-optimisation-by-apriori-algorithm_apriori,5
v1_5_content_aaronzira_apriori_miner.py.txt,1,train,87,aaronzira_apriori_miner,2
v1_7_content_akshattrivedi_IT-Sales-With-Recommendation-System_manage.py.txt,1,train,88,akshattrivedi_it-sales-with-recommendation-system_manage,1
v1_7_content_DMDarkness_Data-mining_Example_pyarmga.py.txt,1,val,89,dmdarkness_data-mining_example_pyarmga,4
v1_7_content_DMDarkness_Data-mining_Example_pybpsohd.py.txt,1,train,90,dmdarkness_data-mining_example_pybpsohd,3
v1_7_content_DMDarkness_Data-mining_Example_pyclt_fp2ar.py.txt,1,val,91,dmdarkness_data-mining_example_pyclt_fp2ar,5
v1_7_content_DMDarkness_Data-mining_Example_pyfpgrowth_fp2ar.py.txt,1,train,92,dmdarkness_data-mining_example_pyfpgrowth_fp2ar,2
v1_7_content_DMDarkness_Data-mining_fp2ar.py.txt,1,train,93,dmdarkness_data-mining_fp2ar,1
v1_8_content_BhushanVM_Market-Basker-Analyzer_son_spark.py.txt,1,train,94,bhushanvm_market-basker-analyzer_son_spark,4
v1_8_content_Shreyaskulkarni98_MarketAnalysis_Basic_Main.py.txt,1,train,95,shreyaskulkarni98_marketanalysis_basic_main,3
v1_9_content_fritzwill_apriori-algorithm_apriori.py.txt,1,test,96,fritzwill_apriori-algorithm_apriori,0
v1_9_content_jeffwang0516_Frequent-Itemset-Mining_apriori.py.txt,1,train,97,jeffwang0516_frequent-itemset-mining_apriori,5
v1_9_content_jeffwang0516_Frequent-Itemset-Mining_eclat.py.txt,1,train,98,jeffwang0516_frequent-itemset-mining_eclat,2
v1_ 1_content_sadnessFree_arima-lstm_arima-order.py.txt,1,train,99,sadnessfree_arima-lstm_arima-order,1
v1_1_content_sadnessFree_arima-lstm_arima-order.py.txt,1,train,99,sadnessfree_arima-lstm_arima-order,1
v1_1_content_sadnessFree_arima-lstm_arima.py.txt,1,test,100,sadnessfree_arima-lstm_arima,0
v1_1_content_sadnessFree_arima-lstm_data_review.py.txt,1,train,101,sadnessfree_arima-lstm_data_review,4
v1_1_content_sadnessFree_arima-lstm_muilt_lstm.py.txt,1,train,102,sadnessfree_arima-lstm_muilt_lstm,3
v1_1_content_sadnessFree_arima-lstm_svr.py.txt,1,train,103,sadnessfree_arima-lstm_svr,5
v1_23_content_kmetallic04_fringe_config.py.txt,1,val,2242,kmetallic04_fringe_config,3
v1_28_content_yifan0330_stock-trader_stocktrade_final.py.txt,1,train,2243,yifan0330_stock-trader_stocktrade_final,5
v1_28_content_yifan0330_stock-trader_stocktrader.py.txt,1,val,2244,yifan0330_stock-trader_stocktrader,2
v1_2_content_polyphilz_pricing-weather-derivatives_clean_data.py.txt,1,train,104,polyphilz_pricing-weather-derivatives_clean_data,2
v1_2_content_varun10221_ARIMA-model_s_and_p.py.txt,1,train,105,varun10221_arima-model_s_and_p,1
v1_2_content_yyqcs_time-series-model_utils.py.txt,1,train,2245,yyqcs_time-series-model_utils,1
v1_34_content_csabasidor_RUZ_ARIMA-_pg_ruz_conn_1.py.txt,1,val,2246,csabasidor_ruz_arima-_pg_ruz_conn_1,4
v1_3_content_rentseen_ARIMA-forecast_test.py.txt,1,val,2247,rentseen_arima-forecast_test,3
v1_v1_ 1_content_sadnessFree_arima-lstm_arima-order.py.txt,1,train,99,sadnessfree_arima-lstm_arima-order,1
v1_v1_1_content_sadnessFree_arima-lstm_arima.py.txt,1,test,100,sadnessfree_arima-lstm_arima,0
v1_v1_1_content_sadnessFree_arima-lstm_data_review.py.txt,1,train,101,sadnessfree_arima-lstm_data_review,4
v1_v1_1_content_sadnessFree_arima-lstm_svr.py.txt,1,train,103,sadnessfree_arima-lstm_svr,5
v1_v1_23_content_kmetallic04_fringe_config.py.txt,1,val,2242,kmetallic04_fringe_config,3
v1_v1_28_content_yifan0330_stock-trader_stocktrader.py.txt,1,val,2244,yifan0330_stock-trader_stocktrader,2
v1_v1_2_content_polyphilz_pricing-weather-derivatives_clean_data.py.txt,1,train,104,polyphilz_pricing-weather-derivatives_clean_data,2
v1_v1_2_content_varun10221_ARIMA-model_s_and_p.py.txt,1,train,105,varun10221_arima-model_s_and_p,1
v1_v1_2_content_yyqcs_time-series-model_utils.py.txt,1,train,2245,yyqcs_time-series-model_utils,1
v1_v2_ 1_content_sadnessFree_arima-lstm_arima-order.py.txt,1,train,99,sadnessfree_arima-lstm_arima-order,1
v1_v2_1_content_sadnessFree_arima-lstm_data_review.py.txt,1,train,101,sadnessfree_arima-lstm_data_review,4
v1_v2_23_content_kmetallic04_fringe_config.py.txt,1,val,2242,kmetallic04_fringe_config,3
v1_v2_28_content_yifan0330_stock-trader_stocktrade_final.py.txt,1,train,2243,yifan0330_stock-trader_stocktrade_final,5
v1_v2_28_content_yifan0330_stock-trader_stocktrader.py.txt,1,val,2244,yifan0330_stock-trader_stocktrader,2
v1_v2_2_content_yyqcs_time-series-model_utils.py.txt,1,train,2245,yyqcs_time-series-model_utils,1
v1_v2_34_content_csabasidor_RUZ_ARIMA-_pg_ruz_conn_1.py.txt,1,val,2246,csabasidor_ruz_arima-_pg_ruz_conn_1,4
v1_v2_3_content_rentseen_ARIMA-forecast_test.py.txt,1,val,2247,rentseen_arima-forecast_test,3
v1_v3_ 1_content_sadnessFree_arima-lstm_arima-order.py.txt,1,train,99,sadnessfree_arima-lstm_arima-order,1
v1_v3_12_content_kevinyang372_San-Francisco-crime-data-analysis_datasource.py.txt,1,val,2248,kevinyang372_san-francisco-crime-data-analysis_datasource,5
v1_v3_1_content_sadnessFree_arima-lstm_data_review.py.txt,1,train,101,sadnessfree_arima-lstm_data_review,4
v1_v3_23_content_kmetallic04_fringe_config.py.txt,1,val,2242,kmetallic04_fringe_config,3
v1_v3_23_content_michailx_arima_example_arima_predictor.py.txt,1,train,2249,michailx_arima_example_arima_predictor,2
v1_v3_28_content_yifan0330_stock-trader_stocktrade_final.py.txt,1,train,2243,yifan0330_stock-trader_stocktrade_final,5
v1_v3_28_content_yifan0330_stock-trader_stocktrader.py.txt,1,val,2244,yifan0330_stock-trader_stocktrader,2
v1_v3_2_content_varun10221_ARIMA-model_s_and_p.py.txt,1,train,105,varun10221_arima-model_s_and_p,1
v1_v3_2_content_yyqcs_time-series-model_utils.py.txt,1,train,2245,yyqcs_time-series-model_utils,1
v1_v3_34_content_csabasidor_RUZ_ARIMA-_pg_ruz_conn_1.py.txt,1,val,2246,csabasidor_ruz_arima-_pg_ruz_conn_1,4
v1_v3_3_content_rentseen_ARIMA-forecast_test.py.txt,1,val,2247,rentseen_arima-forecast_test,3
v1_v4_ 1_content_sadnessFree_arima-lstm_arima-order.py.txt,1,train,99,sadnessfree_arima-lstm_arima-order,1
v1_v4_15_content_Skyblueballykid_SPX-Arima-model_SPX.py.txt,1,train,2250,skyblueballykid_spx-arima-model_spx,5
v1_v4_1_content_sadnessFree_arima-lstm_arima.py.txt,1,test,100,sadnessfree_arima-lstm_arima,0
v1_v4_1_content_sadnessFree_arima-lstm_data_review.py.txt,1,train,101,sadnessfree_arima-lstm_data_review,4
v1_v4_1_content_sadnessFree_arima-lstm_muilt_lstm.py.txt,1,train,102,sadnessfree_arima-lstm_muilt_lstm,3
v1_v4_2_content_varun10221_ARIMA-model_s_and_p.py.txt,1,train,105,varun10221_arima-model_s_and_p,1
v1_v5_ 1_content_sadnessFree_arima-lstm_arima-order.py.txt,1,train,99,sadnessfree_arima-lstm_arima-order,1
v1_v5_1_content_sadnessFree_arima-lstm_arima.py.txt,1,test,100,sadnessfree_arima-lstm_arima,0
v1_v5_1_content_sadnessFree_arima-lstm_data_review.py.txt,1,train,101,sadnessfree_arima-lstm_data_review,4
v1_v5_2_content_varun10221_ARIMA-model_s_and_p.py.txt,1,train,105,varun10221_arima-model_s_and_p,1
v1_v5_3_content_rentseen_ARIMA-forecast_test.py.txt,1,val,2247,rentseen_arima-forecast_test,3
v1_v5_4_content_noteven2degrees_timeseries_statsmodels_arima_evaluation.py.txt,1,train,2251,noteven2degrees_timeseries_statsmodels_arima_evaluation,1
v1_10_content_ElizabethRosse_Algoritmo-Bellman-Ford_BellmanFordAlgorithm.py.txt,1,train,106,elizabethrosse_algoritmo-bellman-ford_bellmanfordalgorithm,4
v1_11_content_po-oya_Emulated-Bellman-Ford-Algorithm_Router1.py.txt,1,train,107,po-oya_emulated-bellman-ford-algorithm_router1,3
v1_11_content_po-oya_Emulated-Bellman-Ford-Algorithm_Router2.py.txt,1,train,108,po-oya_emulated-bellman-ford-algorithm_router2,5
v1_12_content_anapandza_ComputerNetworks_Bellman-Ford.py.txt,1,test,109,anapandza_computernetworks_bellman-ford,0
v1_12_content_anapandza_ComputerNetworks_Binary_Division.py.txt,1,train,110,anapandza_computernetworks_binary_division,2
v1_12_content_anapandza_ComputerNetworks_CRC-32.py.txt,1,test,111,anapandza_computernetworks_crc-32,0
v1_12_content_anapandza_ComputerNetworks_Dijkstra.py.txt,1,train,112,anapandza_computernetworks_dijkstra,1
v1_12_content_Cy1614_Bellman-Ford_Project2_Bellman-Ford.py.txt,1,train,113,cy1614_bellman-ford_project2_bellman-ford,4
v1_13_content_Thejaswini-Dev_Bellman-Ford_Bellman-ford.py.txt,1,train,114,thejaswini-dev_bellman-ford_bellman-ford,3
v1_14_content_amanmehta-maniac_DistanceVectorRouting_or.py.txt,1,train,115,amanmehta-maniac_distancevectorrouting_or,5
v1_16_content_geniousisme_PyRoute_Timer.py.txt,1,val,116,geniousisme_pyroute_timer,2
v1_1_content_dedeco_dijkstra-bellman-ford_bellman_ford.py.txt,1,train,118,dedeco_dijkstra-bellman-ford_bellman_ford,4
v1_1_content_dedeco_dijkstra-bellman-ford_dijkstra.py.txt,1,train,119,dedeco_dijkstra-bellman-ford_dijkstra,5
v1_1_content_dedeco_dijkstra-bellman-ford_grafo.py.txt,1,train,120,dedeco_dijkstra-bellman-ford_grafo,3
v1_1_content_dedeco_dijkstra-bellman-ford_teste_cormen_bford.py.txt,1,train,121,dedeco_dijkstra-bellman-ford_teste_cormen_bford,2
v1_1_content_dedeco_dijkstra-bellman-ford_teste_cormen_djt.py.txt,1,train,122,dedeco_dijkstra-bellman-ford_teste_cormen_djt,1
v1_1_content_dedeco_dijkstra-bellman-ford_teste_lobo_bford.py.txt,1,train,123,dedeco_dijkstra-bellman-ford_teste_lobo_bford,4
v1_1_content_dedeco_dijkstra-bellman-ford_teste_lobo_djt.py.txt,1,train,124,dedeco_dijkstra-bellman-ford_teste_lobo_djt,3
v1_1_content_dedeco_dijkstra-bellman-ford_teste_proprio_bford.py.txt,1,train,125,dedeco_dijkstra-bellman-ford_teste_proprio_bford,5
v1_1_content_dedeco_dijkstra-bellman-ford_teste_proprio_djt.py.txt,1,val,126,dedeco_dijkstra-bellman-ford_teste_proprio_djt,2
v1_1_content_dedeco_dijkstra-bellman-ford_utils.py.txt,1,train,127,dedeco_dijkstra-bellman-ford_utils,1
v1_1_content_dedeco_dijkstra-bellman-ford_vertice.py.txt,1,test,128,dedeco_dijkstra-bellman-ford_vertice,0
v1_1_content_jwan659_forex-arbitrage_BellmanFord.py.txt,1,val,129,jwan659_forex-arbitrage_bellmanford,4
v1_1_content_jwan659_forex-arbitrage_Edges.py.txt,1,train,130,jwan659_forex-arbitrage_edges,3
v1_1_content_jwan659_forex-arbitrage_Main.py.txt,1,train,131,jwan659_forex-arbitrage_main,5
v1_1_content_jwan659_forex-arbitrage_Vert.py.txt,1,train,132,jwan659_forex-arbitrage_vert,2
v1_20_content_dyllew3_Currency-info_main.py.txt,1,val,133,dyllew3_currency-info_main,1
v1_24_content_elllot_CurrencyArbitrage_Scraper.py.txt,1,test,134,elllot_currencyarbitrage_scraper,0
v1_24_content_WangHaomao_Dijkstra_and_Bellman-Ford_data_operation.py.txt,1,test,135,wanghaomao_dijkstra_and_bellman-ford_data_operation,0
v1_24_content_WangHaomao_Dijkstra_and_Bellman-Ford_pyspark_shortestpath.py.txt,1,train,136,wanghaomao_dijkstra_and_bellman-ford_pyspark_shortestpath,4
v1_26_content_JNorrie12_Optimization_Bsc.py.txt,1,train,137,jnorrie12_optimization_bsc,3
v1_2_content_cvwilliams_BellmanFord-Python_client.py.txt,1,train,138,cvwilliams_bellmanford-python_client,5
v1_2_content_cvwilliams_BellmanFord-Python_server.py.txt,1,train,139,cvwilliams_bellmanford-python_server,2
v1_2_content_ernestosanchezmatos_-BellmanFord_algoritmo_bellmanford.py.txt,1,val,140,ernestosanchezmatos_-bellmanford_algoritmo_bellmanford,1
v1_2_content_ernestosanchezmatos_-BellmanFord_algoritmo_floywarshall.py.txt,1,train,141,ernestosanchezmatos_-bellmanford_algoritmo_floywarshall,4
v1_31_content_sonicwu_Portfolio_bellman_ford.py.txt,1,train,142,sonicwu_portfolio_bellman_ford,3
v1_33_content_liam-han_all-pairs-shortest-path_test.py.txt,1,val,143,liam-han_all-pairs-shortest-path_test,5
v1_34_content_imAliAzhar_Distance-Vector-Routing-Protocol_readFile.py.txt,1,val,144,imaliazhar_distance-vector-routing-protocol_readfile,2
v1_41_content_kerrgavin_Algorithms-Research-Project_graph.py.txt,1,train,145,kerrgavin_algorithms-research-project_graph,1
v1_4_content_Khante_Distance-Vector-Algorithm_link_1.py.txt,1,train,146,khante_distance-vector-algorithm_link_1,4
v1_4_content_Khante_Distance-Vector-Algorithm_link_2.py.txt,1,train,147,khante_distance-vector-algorithm_link_2,3
v1_4_content_Khante_Distance-Vector-Algorithm_simulation_1.py.txt,1,val,148,khante_distance-vector-algorithm_simulation_1,5
v1_4_content_Khante_Distance-Vector-Algorithm_simulation_2.py.txt,1,train,149,khante_distance-vector-algorithm_simulation_2,2
v1_4_content_mtnyrgn_Bellman-Ford-Algorithm-with-Python_bellman-ford.py.txt,1,train,150,mtnyrgn_bellman-ford-algorithm-with-python_bellman-ford,1
v1_6_content_mmcetindag_ShortestPathAlgorithms_bellman-ford.py.txt,1,train,151,mmcetindag_shortestpathalgorithms_bellman-ford,4
v1_7_content_ardyerwanda_SDN-Bellman-Ford-Pyretic_wG_bellfordCost.py.txt,1,train,152,ardyerwanda_sdn-bellman-ford-pyretic_wg_bellfordcost,3
v1_7_content_jimmygzp_bellman-ford_testserver.py.txt,1,train,153,jimmygzp_bellman-ford_testserver,5
v1_9_content_avenezia_Arbitrage-detection_CurrencyExchange.py.txt,1,train,154,avenezia_arbitrage-detection_currencyexchange,2
v1_9_content_avenezia_Arbitrage-detection_CurrencyExchangeReader.py.txt,1,val,155,avenezia_arbitrage-detection_currencyexchangereader,1
v1_11_content_davedennis_DFS-and-BFS-Search_dfbf.py.txt,1,train,156,davedennis_dfs-and-bfs-search_dfbf,4
v1_13_content_odiliohafidh_Pencarian-Rumahsakit-Terdekat-dengan-metode-dfs-dan-bfs-python-_cari_rumsakit.py.txt,1,test,157,odiliohafidh_pencarian-rumahsakit-terdekat-dengan-metode-dfs-dan-bfs-python-_cari_rumsakit,0
v1_16_content_Deus1223_Pac-Man_ghostAgents.py.txt,1,train,158,deus1223_pac-man_ghostagents,3
v1_16_content_Hmnt39_Snake-Automation-Using-AI_constants.py.txt,1,train,159,hmnt39_snake-automation-using-ai_constants,5
v1_1_content_dimizisis_blocksworld_node.py.txt,1,train,160,dimizisis_blocksworld_node,2
v1_1_content_minar09_bfscore_python_evaluate_single_image.py.txt,1,train,161,minar09_bfscore_python_evaluate_single_image,1
v1_1_content_speix_8-puzzle-solver_state.py.txt,1,train,162,speix_8-puzzle-solver_state,4
v1_21_content_PyEldar_PyMazeSolver_maze_solve.py.txt,1,train,163,pyeldar_pymazesolver_maze_solve,3
v1_21_content_sagar-13_PuzzleSolver_puzzle_tools.py.txt,1,train,164,sagar-13_puzzlesolver_puzzle_tools,5
v1_23_content_binaya07_8-puzzle_queue.py.txt,1,train,165,binaya07_8-puzzle_queue,5
v1_23_content_binaya07_8-puzzle_stack.py.txt,1,train,166,binaya07_8-puzzle_stack,2
v1_25_content_unifiprojects_TemporalGraphs_DFS-v1.py.txt,1,train,167,unifiprojects_temporalgraphs_dfs-v1,1
v1_29_content_MEShufengRen_path_search_debug2.py.txt,1,test,168,meshufengren_path_search_debug2,0
v1_2_content_Madeeha-Anjum_Box_Head_testing_BFS.py.txt,1,train,169,madeeha-anjum_box_head_testing_bfs,4
v1_31_content_AmitD26_The-searching-pacman_projectParams.py.txt,1,train,170,amitd26_the-searching-pacman_projectparams,3
v1_31_content_benarg_A_star-BFS-Dijkstra-algorithms_AI_assignment3_part2.py.txt,1,train,171,benarg_a_star-bfs-dijkstra-algorithms_ai_assignment3_part2,5
v1_32_content_mahtabfarrokh_classic-search_Astar.py.txt,1,train,172,mahtabfarrokh_classic-search_astar,2
v1_33_content_gquintela_bfs_graph.py.txt,1,test,173,gquintela_bfs_graph,0
v1_33_content_Nazar910_chameleon-problem_state.py.txt,1,train,174,nazar910_chameleon-problem_state,1
v1_38_content_SamDaQueen_Algorithms-In-Python_Binary_Search_O_log2n_.py.txt,1,train,175,samdaqueen_algorithms-in-python_binary_search_o_log2n_,4
v1_3_content_akh5113_BFS-Wrestling-Teams_Homework5.py.txt,1,train,176,akh5113_bfs-wrestling-teams_homework5,3
v1_3_content_rizkyary_BFS_BASE_BFS_BASE.py.txt,1,test,177,rizkyary_bfs_base_bfs_base,0
v1_41_content_Daisy0828_Search_dgraph.py.txt,1,test,178,daisy0828_search_dgraph,0
v1_43_content_odubno_ford-fulkerson-max-flow_test_max_flow.py.txt,1,test,179,odubno_ford-fulkerson-max-flow_test_max_flow,0
v1_44_content_suzheng123_BFS_N-aryTreeLevel.py.txt,1,train,180,suzheng123_bfs_n-arytreelevel,5
v1_4_content_alex-rantos_Project-1-Search-in-Pacman_keyboardAgents.py.txt,1,train,182,alex-rantos_project-1-search-in-pacman_keyboardagents,1
v1_4_content_alex-rantos_Project-1-Search-in-Pacman_projectParams.py.txt,1,train,183,alex-rantos_project-1-search-in-pacman_projectparams,4
v1_4_content_SadraSamadi_n_queens_n_queens.py.txt,1,test,184,sadrasamadi_n_queens_n_queens,0
v1_51_content_rrraharja_Kecerdasan-Buatan-AI_Project_DFS.py.txt,1,train,185,rrraharja_kecerdasan-buatan-ai_project_dfs,3
v1_52_content_seanluo1_Arm-Link-AI_const.py.txt,1,train,186,seanluo1_arm-link-ai_const,5
v1_53_content_ding-si-han_Flight-Length-BFS_graph.py.txt,1,train,187,ding-si-han_flight-length-bfs_graph,2
v1_59_content_orzinger_8-Puzzle-game_World_State.py.txt,1,test,188,orzinger_8-puzzle-game_world_state,0
v1_5_content_GregLahaye_wikipedia-game_game.py.txt,1,train,189,greglahaye_wikipedia-game_game,2
v1_5_content_GregLahaye_wikipedia-game_wikipedia.py.txt,1,val,190,greglahaye_wikipedia-game_wikipedia,1
v1_68_content_elados93_AI_Ex1_PuzzleState.py.txt,1,val,191,elados93_ai_ex1_puzzlestate,4
v1_6_content_raghavgr_Go-Game_gridGo.py.txt,1,test,192,raghavgr_go-game_gridgo,0
v1_6_content_sanjay-bhat_find_route_bfs_find_route.py.txt,1,train,193,sanjay-bhat_find_route_bfs_find_route,4
v1_70_content_DimaAntoniuk_Lab4_bfs_bfs.py.txt,1,train,194,dimaantoniuk_lab4_bfs_bfs,2
v1_75_content_maxilevi_airport-system_graph.py.txt,1,train,195,maxilevi_airport-system_graph,5
v1_7_content_gchacaltana_BreadthFirstSearch_DepthFirstSearch_UninformedSearchAlgorithm.py.txt,1,test,196,gchacaltana_breadthfirstsearch_depthfirstsearch_uninformedsearchalgorithm,0
v1_7_content_mhkhojaste_sliding-puzzle-with-search-algorithms_Problem.py.txt,1,train,197,mhkhojaste_sliding-puzzle-with-search-algorithms_problem,3
v1_7_content_rmssoares_8Puzzle-StateSpaceSearches_node.py.txt,1,val,198,rmssoares_8puzzle-statespacesearches_node,2
v1_82_content_Xalvom_python-bfs-dfs_bfs.py.txt,1,train,199,xalvom_python-bfs-dfs_bfs,1
v1_86_content_ThiagoGrabe_Min_Cut-Graphs_BFS.py.txt,1,train,200,thiagograbe_min_cut-graphs_bfs,4
v1_8_content_aboood40091_BFSTM-to-BFWAV_conv.py.txt,1,train,201,aboood40091_bfstm-to-bfwav_conv,3
v1_8_content_abpaudel_8-puzzle_board.py.txt,1,train,202,abpaudel_8-puzzle_board,5
v1_8_content_abpaudel_8-puzzle_iddfs.py.txt,1,val,203,abpaudel_8-puzzle_iddfs,2
v1_8_content_haozou-official_DFS-BFS-in-Maze_myqueue.py.txt,1,train,204,haozou-official_dfs-bfs-in-maze_myqueue,1
v1_92_content_tule2236_superheros-social-graph_degrees-of-seperation.py.txt,1,train,205,tule2236_superheros-social-graph_degrees-of-seperation,4
v1_12_content_eric-erki_Out-of-Core-DataFrames-for-Python-visualize-and-explore-big-tabular-data-at-a-billion-rows-per-seco_.releash.py.txt,1,train,206,eric-erki_out-of-core-dataframes-for-python-visualize-and-explore-big-tabular-data-at-a-billion-rows-per-seco_.releash,3
v1_16_content_hungapp_big_o_01-29-HW.py.txt,1,train,207,hungapp_big_o_01-29-hw,5
v1_16_content_hungapp_big_o_06-09.py.txt,1,test,208,hungapp_big_o_06-09,0
v1_16_content_hungapp_big_o_09-04.py.txt,1,train,209,hungapp_big_o_09-04,3
v1_17_content_Selentiym_bigHWonOrderedSets_hw3.py.txt,1,train,210,selentiym_bighwonorderedsets_hw3,2
v1_17_content_y00273676_O2O_ERP_Server_app.py.txt,1,test,211,y00273676_o2o_erp_server_app,0
v1_19_content_Shooobz_BigData-ProjectOne_mongoSandbox.py.txt,1,train,212,shooobz_bigdata-projectone_mongosandbox,1
v1_1_content_DaruniasJoy_OoT-Custom-Sequences_Check_for_Duplicates.py.txt,1,train,213,daruniasjoy_oot-custom-sequences_check_for_duplicates,4
v1_21_content_rahul494_Mental-Health-On-Twitter-Analysis_relevant_tweet_filter.py.txt,1,train,214,rahul494_mental-health-on-twitter-analysis_relevant_tweet_filter,5
v1_21_content_rahul494_Mental-Health-On-Twitter-Analysis_sorter.py.txt,1,train,215,rahul494_mental-health-on-twitter-analysis_sorter,3
v1_22_content_EmperorCodeman_SortingAlgorithms_EntryPoint.py.txt,1,train,216,emperorcodeman_sortingalgorithms_entrypoint,2
v1_22_content_Swapnillokhande_Sales-Prediction-of-a-Supermarket-chain_Exploratory_Data_Analysis.py.txt,1,val,217,swapnillokhande_sales-prediction-of-a-supermarket-chain_exploratory_data_analysis,1
v1_24_content_MuyaoWang_OnePlusTwo-BigData_PostProcessForReport.py.txt,1,test,218,muyaowang_oneplustwo-bigdata_postprocessforreport,0
v1_24_content_UZziell_bigO-estimate_gui.py.txt,1,train,219,uzziell_bigo-estimate_gui,4
v1_26_content_Emersonxuelinux_One_Big_Archive_Listing_10-1.py.txt,1,train,220,emersonxuelinux_one_big_archive_listing_10-1,3
v1_26_content_Emersonxuelinux_One_Big_Archive_Listing_18-2.py.txt,1,val,221,emersonxuelinux_one_big_archive_listing_18-2,5
v1_26_content_Emersonxuelinux_One_Big_Archive_Listing_8-4.py.txt,1,train,222,emersonxuelinux_one_big_archive_listing_8-4,2
v1_26_content_Emersonxuelinux_One_Big_Archive_TempGui.rsrc.py.txt,1,train,223,emersonxuelinux_one_big_archive_tempgui.rsrc,1
v1_26_content_Emersonxuelinux_One_Big_Archive_VirtualPet.py.txt,1,train,224,emersonxuelinux_one_big_archive_virtualpet,4
v1_2_content_anrputina_OutlierDenStream-BigDama18_readGroundTruth.py.txt,1,train,225,anrputina_outlierdenstream-bigdama18_readgroundtruth,5
v1_30_content_sdws1983_The-big-data-OF-The-Plant-Cell_calculate-author.py.txt,1,train,226,sdws1983_the-big-data-of-the-plant-cell_calculate-author,3
v1_30_content_sdws1983_The-big-data-OF-The-Plant-Cell_parse-abstract.py.txt,1,val,227,sdws1983_the-big-data-of-the-plant-cell_parse-abstract,5
v1_32_content_jtuckerk_oscar_prediction_full_featureset_prediction.py.txt,1,train,228,jtuckerk_oscar_prediction_full_featureset_prediction,2
v1_32_content_jtuckerk_oscar_prediction_imdb_data_create.py.txt,1,test,229,jtuckerk_oscar_prediction_imdb_data_create,0
v1_35_content_ankitsejwal_organize-folder_organize.py.txt,1,val,230,ankitsejwal_organize-folder_organize,1
v1_39_content_ercjns_WinOfTheDay_toolbox.py.txt,1,test,231,ercjns_winoftheday_toolbox,0
v1_3_content_Sapphirine_Detecting-and-Predicting-the-Impact-of-Events_calc_train_anamoly_10ile-Copy5.py.txt,1,train,232,sapphirine_detecting-and-predicting-the-impact-of-events_calc_train_anamoly_10ile-copy5,4
v1_3_content_Sapphirine_Detecting-and-Predicting-the-Impact-of-Events_calc_train_anamoly_10ile.py.txt,1,train,2252,sapphirine_detecting-and-predicting-the-impact-of-events_calc_train_anamoly_10ile,4
v1_4_content_mast-group_OpenVocabCodeNLM_create_subtoken_data.py.txt,1,test,233,mast-group_openvocabcodenlm_create_subtoken_data,0
v1_51_content_rrnarayan1_one-big-thing-backend_app.py.txt,1,train,234,rrnarayan1_one-big-thing-backend_app,3
v1_52_content_PhaniBalagam27_Big-data-Analytics-on-dallas-police-incidents-dataset_Q5_code.py.txt,1,train,235,phanibalagam27_big-data-analytics-on-dallas-police-incidents-dataset_q5_code,3
v1_54_content_wilrnh_oneoffs_file2mail.py.txt,1,train,236,wilrnh_oneoffs_file2mail,5
v1_56_content_lijionline_Big-Data---Hands-On_movie-similarities-1m.py.txt,1,train,237,lijionline_big-data---hands-on_movie-similarities-1m,2
v1_5_content_anguillanneuf_bigO_02_linked_list.py.txt,1,train,238,anguillanneuf_bigo_02_linked_list,3
v1_5_content_anguillanneuf_bigO_106_sudoku.py.txt,1,val,239,anguillanneuf_bigo_106_sudoku,4
v1_5_content_anguillanneuf_bigO_128_text_to_lines.py.txt,1,test,240,anguillanneuf_bigo_128_text_to_lines,0
v1_5_content_anguillanneuf_bigO_17_island_count.py.txt,1,train,241,anguillanneuf_bigo_17_island_count,1
v1_5_content_anguillanneuf_bigO_28_valid_bst.py.txt,1,train,242,anguillanneuf_bigo_28_valid_bst,2
v1_5_content_anguillanneuf_bigO_38_rabin_karp.py.txt,1,train,243,anguillanneuf_bigo_38_rabin_karp,4
v1_5_content_anguillanneuf_bigO_54_fix_tampered_bst_efficient.py.txt,1,train,244,anguillanneuf_bigo_54_fix_tampered_bst_efficient,3
v1_5_content_anguillanneuf_bigO_76_longest_subsequence.py.txt,1,train,245,anguillanneuf_bigo_76_longest_subsequence,5
v1_5_content_anguillanneuf_bigO_89_license_plate.py.txt,1,train,246,anguillanneuf_bigo_89_license_plate,2
v1_5_content_wiflore_Data-Lakes-on-AWS_etl.py.txt,1,test,247,wiflore_data-lakes-on-aws_etl,0
v1_65_content_pratikbitmesra_BID_bin_cluster.py.txt,1,val,248,pratikbitmesra_bid_bin_cluster,1
v1_66_content_SanyaKathuria10_StackOverflow-Keyword-Extraction-System_spark.py.txt,1,val,249,sanyakathuria10_stackoverflow-keyword-extraction-system_spark,4
v1_6_content_gauravpatle_Data-Analysis-of-IMDB-Users_DataPreprocessing.py.txt,1,val,250,gauravpatle_data-analysis-of-imdb-users_datapreprocessing,5
v1_76_content_yingtaoluo_Latent-Factor-Model-with-JIT-CUDA-on-movielens_predict.py.txt,1,test,251,yingtaoluo_latent-factor-model-with-jit-cuda-on-movielens_predict,0
v1_7_content_PotatoSpudowski_The-centralized-guide-to-distributed-storage-and-processing-of-big-data_13_makerspace_analysis.py.txt,1,test,252,potatospudowski_the-centralized-guide-to-distributed-storage-and-processing-of-big-data_13_makerspace_analysis,0
v1_80_content_hanas879_Payday-2-Big-Oil-Engine-Calculator_engineCalculator.py.txt,1,train,253,hanas879_payday-2-big-oil-engine-calculator_enginecalculator,3
v1_85_content_leandrocamara_map-reduce-words-higher-occurrence_words-higher-occurrence.py.txt,1,test,254,leandrocamara_map-reduce-words-higher-occurrence_words-higher-occurrence,0
v1_10_content_circulosmeos_haveibeenpwned-binary_pwned-pass-binary-fast.py.txt,1,train,255,circulosmeos_haveibeenpwned-binary_pwned-pass-binary-fast,2
v1_10_content_gochieng_BinarySearch_test.py.txt,1,train,256,gochieng_binarysearch_test,1
v1_10_content_ivanbgd_Self-Balancing-Binary-Search-Trees_Test_BST_Iterative.py.txt,1,train,257,ivanbgd_self-balancing-binary-search-trees_test_bst_iterative,4
v1_11_content_mrluin_EfficientAutoDeeplab_evaluation.py.txt,1,train,258,mrluin_efficientautodeeplab_evaluation,3
v1_11_content_mrluin_EfficientAutoDeeplab_train_counter_network.py.txt,1,test,259,mrluin_efficientautodeeplab_train_counter_network,0
v1_11_content_sergiy-chumachenko_Lists_sorting_and_binary_search_sort_BSCL.py.txt,1,val,260,sergiy-chumachenko_lists_sorting_and_binary_search_sort_bscl,5
v1_15_content_Areege_Binary-and-Trinary-Search-Trees_SourceCode.py.txt,1,train,261,areege_binary-and-trinary-search-trees_sourcecode,2
v1_19_content_BhargavAllarapu_Binary-Search-tree_binarySearchTree.py.txt,1,val,262,bhargavallarapu_binary-search-tree_binarysearchtree,1
v1_19_content_riccardobisori_Binary-Trees_TestHeights.py.txt,1,train,263,riccardobisori_binary-trees_testheights,4
v1_1_content_chonhenry_binary-search-tree_binary_search_tree.py.txt,1,train,264,chonhenry_binary-search-tree_binary_search_tree,3
v1_1_content_SICTC_BST_BinSearchTree.py.txt,1,train,265,sictc_bst_binsearchtree,5
v1_20_content_shamo0_Binary_Search_Tree_treap.py.txt,1,train,266,shamo0_binary_search_tree_treap,2
v1_22_content_N8Brooks_lcs_hash_search_lcs_finder.py.txt,1,train,267,n8brooks_lcs_hash_search_lcs_finder,1
v1_22_content_N8Brooks_lcs_hash_search_parallel_hash_search.py.txt,1,train,268,n8brooks_lcs_hash_search_parallel_hash_search,4
v1_24_content_Patrik-Stas_kata-bst-tree_bst_ll.py.txt,1,train,269,patrik-stas_kata-bst-tree_bst_ll,3
v1_27_content_Mypathissional_Data_Structures_AVL.py.txt,1,train,270,mypathissional_data_structures_avl,5
v1_28_content_pranav94_Self-balancing-BST_AVL.py.txt,1,train,271,pranav94_self-balancing-bst_avl,2
v1_29_content_udwivedi394_binarySearchTree_binarySearchTree.py.txt,1,train,272,udwivedi394_binarysearchtree_binarysearchtree,1
v1_2_content_nuchi_bst-matrix-vector_bst_vector.py.txt,1,val,273,nuchi_bst-matrix-vector_bst_vector,4
v1_31_content_aghimire15_Project2_DataStructure_ICP5_2_.py.txt,1,train,274,aghimire15_project2_datastructure_icp5_2_,5
v1_31_content_sheffieldjordan_binarySearchTree_BST.py.txt,1,val,275,sheffieldjordan_binarysearchtree_bst,3
v1_34_content_jhomswk_Binary_Search_Tree_avl_tree.py.txt,1,train,276,jhomswk_binary_search_tree_avl_tree,2
v1_35_content_jamescarney3_pybst_tree.py.txt,1,train,277,jamescarney3_pybst_tree,1
v1_35_content_jfwhite_CourseSelection_interact_with_user.py.txt,1,train,278,jfwhite_courseselection_interact_with_user,1
v1_39_content_alejandrakudo_BinarySearch-Sorting_CISC121_Assignment_3_exampleSolution.py.txt,1,test,279,alejandrakudo_binarysearch-sorting_cisc121_assignment_3_examplesolution,0
v1_3_content_6e726d_binaryninja-search___init__.py.txt,1,val,280,6e726d_binaryninja-search___init__,4
v1_3_content_Mushahar_Binary-Search-Tree-Python-_node.py.txt,1,train,281,mushahar_binary-search-tree-python-_node,3
v1_3_content_TeencodeAfrica_binary-search-lab_testBinarySearch.py.txt,1,train,2253,teencodeafrica_binary-search-lab_testbinarysearch,3
v1_40_content_ajh1143_BinarySearchTreePractice_BST.py.txt,1,test,282,ajh1143_binarysearchtreepractice_bst,0
v1_40_content_jcarstenson_parallel_final_performanceTest.py.txt,1,val,283,jcarstenson_parallel_final_performancetest,5
v1_42_content_isneace_Binary-Search-Algorithm_Lab2.py.txt,1,train,284,isneace_binary-search-algorithm_lab2,2
v1_44_content_thibault-lahire_ALAS_loss_function.py.txt,1,train,285,thibault-lahire_alas_loss_function,1
v1_47_content_mathwoods_binseqcomp_binseqcomp.py.txt,1,train,286,mathwoods_binseqcomp_binseqcomp,3
v1_4_content_vieirinhaabr_balanced_binary_search_tree_tree_tester.py.txt,1,train,287,vieirinhaabr_balanced_binary_search_tree_tree_tester,2
v1_52_content_kantonist_printBST_printBST.py.txt,1,train,288,kantonist_printbst_printbst,4
v1_53_content_mmorshed99_binary_search_rotated_sorted_array.py.txt,1,test,289,mmorshed99_binary_search_rotated_sorted_array,0
v1_54_content_pr1998_Student_Management_System_main.py.txt,1,test,290,pr1998_student_management_system_main,0
v1_57_content_Nirusha1_Binary-Search-Tree-_binaryTree.py.txt,1,train,291,nirusha1_binary-search-tree-_binarytree,1
v1_61_content_EricHasegawa_binary-search_binary_search.py.txt,1,train,292,erichasegawa_binary-search_binary_search,4
v1_64_content_YifeiY_Depth-of-BTS_BTS_Depth.py.txt,1,val,293,yifeiy_depth-of-bts_bts_depth,5
v1_66_content_adamweissert_PythonBinarySearch_BinarySearch.py.txt,1,train,294,adamweissert_pythonbinarysearch_binarysearch,3
v1_67_content_damianrr_bisect-ordered-file_bisect_file_with_numbers.py.txt,1,train,295,damianrr_bisect-ordered-file_bisect_file_with_numbers,2
v1_70_content_Arcnor_binja_search___init__.py.txt,1,train,296,arcnor_binja_search___init__,1
v1_72_content_tusharnema_Implementing-Algorithms-in-python_adj_list.py.txt,1,val,297,tusharnema_implementing-algorithms-in-python_adj_list,1
v1_75_content_mcsteve-e_project-4_4.01.py.txt,1,test,298,mcsteve-e_project-4_4.01,0
v1_7_content_j2kun_binary-search-graphs_dijkstra.py.txt,1,train,299,j2kun_binary-search-graphs_dijkstra,4
v1_7_content_kristianespina_python-binary-search-tree_binary_search_tree.py.txt,1,train,300,kristianespina_python-binary-search-tree_binary_search_tree,3
v1_7_content_yashkant_pnas-binary-nets_train.py.txt,1,val,301,yashkant_pnas-binary-nets_train,5
v1_8_content_alexvking_comp150_bsts_optimal_bst_knuth_n3.py.txt,1,train,302,alexvking_comp150_bsts_optimal_bst_knuth_n3,2
v1_8_content_LOOPPO_BSTree_RBTree_RBTree.py.txt,1,test,303,looppo_bstree_rbtree_rbtree,0
v1_10_content_shehand_Game_Graphics_using_Binary_Search_Tree_calc.py.txt,1,val,304,shehand_game_graphics_using_binary_search_tree_calc,1
v1_12_content_jcarstenson_parallel_final_performanceTest.py.txt,1,val,283,jcarstenson_parallel_final_performancetest,5
v1_14_content_udwivedi394_binaryTree_ksumPath.py.txt,1,train,305,udwivedi394_binarytree_ksumpath,1
v1_17_content_CHINAJR_BinaryTree_biggestsubBSTtree.py.txt,1,train,306,chinajr_binarytree_biggestsubbsttree,5
v1_18_content_10elements_BinaryTree_binaryTree.py.txt,1,test,307,10elements_binarytree_binarytree,0
v1_18_content_HDShaw_Runaway-Reservation-System-BST-_AVL_tree.py.txt,1,train,308,hdshaw_runaway-reservation-system-bst-_avl_tree,4
v1_18_content_jiangfeng1124_digital-dendrimer_genenerate.py.txt,1,train,309,jiangfeng1124_digital-dendrimer_genenerate,3
v1_1_content_dhvanilp_Persistent-Binary-Search-Trees_index.py.txt,1,train,310,dhvanilp_persistent-binary-search-trees_index,5
v1_1_content_jdmcpeek_pretty-print-binary-tree_tree.py.txt,1,train,311,jdmcpeek_pretty-print-binary-tree_tree,2
v1_1_content_RyanMarcus_TreeConvolution_util.py.txt,1,train,312,ryanmarcus_treeconvolution_util,1
v1_1_content_SiccoVerwer_binoct_regtrees.py.txt,1,train,313,siccoverwer_binoct_regtrees,4
v1_20_content_kristianespina_python-binary-search-tree_binary_search_tree.py.txt,1,train,300,kristianespina_python-binary-search-tree_binary_search_tree,3
v1_23_content_tomasmcoronado_prob-alpha_PhyloTree.py.txt,1,val,315,tomasmcoronado_prob-alpha_phylotree,5
v1_25_content_surbhisinghal_Binary-Tree-leftchild-rightsib_tree.py.txt,1,train,316,surbhisinghal_binary-tree-leftchild-rightsib_tree,2
v1_27_content_gabysoares_PythonBinaryTree_ReconstructTree.py.txt,1,train,317,gabysoares_pythonbinarytree_reconstructtree,1
v1_28_content_bangarangler_binary_search_trees_binary_search_trees.py.txt,1,train,318,bangarangler_binary_search_trees_binary_search_trees,4
v1_2_content_Mypathissional_Data_Structures_AVL.py.txt,1,train,270,mypathissional_data_structures_avl,5
v1_31_content_igoreliasm_binary-tree_arvore.py.txt,1,val,319,igoreliasm_binary-tree_arvore,3
v1_31_content_jwjohns_binary-tree_python_binary_tree_search.py.txt,1,train,320,jwjohns_binary-tree_python_binary_tree_search,5
v1_32_content_vaish06_TextProcessor_red_black_tree.py.txt,1,test,321,vaish06_textprocessor_red_black_tree,0
v1_33_content_hexingwei_Binary-tree_tree.py.txt,1,train,322,hexingwei_binary-tree_tree,2
v1_35_content_riccardobisori_Binary-Trees_ResultsInsert.py.txt,1,train,323,riccardobisori_binary-trees_resultsinsert,1
v1_38_content_NicholasKobald_Tree-Traversals_traversals.py.txt,1,train,324,nicholaskobald_tree-traversals_traversals,4
v1_3_content_Svistoplyaz_Uniformly_Generating_Binary_Trees_main.py.txt,1,val,325,svistoplyaz_uniformly_generating_binary_trees_main,3
v1_3_content_WDI-SEA_python-binary-trees_twenty_questions.py.txt,1,train,326,wdi-sea_python-binary-trees_twenty_questions,5
v1_42_content_nidhigup01_Least-Common-Ancestor-in-Binary-tree_self_least_common_ancestor.py.txt,1,train,327,nidhigup01_least-common-ancestor-in-binary-tree_self_least_common_ancestor,2
v1_44_content_CppbetterC_A-Star_Heap.py.txt,1,train,328,cppbetterc_a-star_heap,1
v1_45_content_gio-salvador_tree_exercise_python_tree.py.txt,1,train,329,gio-salvador_tree_exercise_python_tree,4
v1_45_content_vdanny_bst-python_binary_search_tree.py.txt,1,train,330,vdanny_bst-python_binary_search_tree,3
v1_4_content_fcunhaneto_py-binary-trees-draw_handletrees.py.txt,1,train,331,fcunhaneto_py-binary-trees-draw_handletrees,5
v1_4_content_fcunhaneto_py-binary-trees-draw_node.py.txt,1,test,332,fcunhaneto_py-binary-trees-draw_node,0
v1_54_content_AhmedRaafat14_Binary-Tree-traversal_BST.py.txt,1,train,333,ahmedraafat14_binary-tree-traversal_bst,2
v1_58_content_Deborah-byte_data-strictures-and-algorithms_binary-search-tree-algo.py.txt,1,train,334,deborah-byte_data-strictures-and-algorithms_binary-search-tree-algo,1
v1_5_content_domodomodomo_binary_search_tree_binary_search_tree.py.txt,1,train,336,domodomodomo_binary_search_tree_binary_search_tree,3
v1_5_content_domodomodomo_binary_search_tree_graph.py.txt,1,train,337,domodomodomo_binary_search_tree_graph,5
v1_5_content_domodomodomo_binary_search_tree_test.py.txt,1,train,338,domodomodomo_binary_search_tree_test,2
v1_5_content_Schemberizer_Binary-Tree-Compression_tree.py.txt,1,train,339,schemberizer_binary-tree-compression_tree,1
v1_61_content_hlalit_Data-Structures-Python_BinaryTree.py.txt,1,val,340,hlalit_data-structures-python_binarytree,4
v1_62_content_agvaibhav_Binary-tree_delete-node.py.txt,1,train,341,agvaibhav_binary-tree_delete-node,3
v1_71_content_DylanHarrisonGithub_AVLTree_AVLTree.py.txt,1,test,342,dylanharrisongithub_avltree_avltree,0
v1_7_content_aira26_HomeWork3_bubblesortclass.py.txt,1,train,343,aira26_homework3_bubblesortclass,5
v1_7_content_shuming1211_CMU_project_BinaryClassifier_decisionTree.py.txt,1,train,344,shuming1211_cmu_project_binaryclassifier_decisiontree,2
v1_81_content_AndreaG93_BST-Lazy-Deletion_binarySearchTreeLazyDeletionAVL.py.txt,1,train,345,andreag93_bst-lazy-deletion_binarysearchtreelazydeletionavl,1
v1_84_content_mhb8898_bst_bst.py.txt,1,train,346,mhb8898_bst_bst,5
v1_88_content_ilkayDevran_HEAP_and_BTS_Implementation_binarySearchTree.py.txt,1,train,347,ilkaydevran_heap_and_bts_implementation_binarysearchtree,2
v1_8_content_karangargg_trees-notes_trees1.py.txt,1,train,348,karangargg_trees-notes_trees1,2
v1_9_content_tusharnema_Implementing-Algorithms-in-python_mypythontree.py.txt,1,test,350,tusharnema_implementing-algorithms-in-python_mypythontree,0
v1_11_content_lanaelsanyoura_BubbleSort_object_graphics.py.txt,1,val,351,lanaelsanyoura_bubblesort_object_graphics,1
v1_17_content_qwarlock_python-bubble-sort_bubble_sort.py.txt,1,train,352,qwarlock_python-bubble-sort_bubble_sort,2
v1_1_content_griffbr_BubbleNets_bubblenets_select_frame.py.txt,1,train,353,griffbr_bubblenets_bubblenets_select_frame,4
v1_20_content_Govind9_BubbleSortAnalysis_Sorting.py.txt,1,train,354,govind9_bubblesortanalysis_sorting,3
v1_22_content_cneally_BubbleSortingAlgorithm_bubble_sort.py.txt,1,train,355,cneally_bubblesortingalgorithm_bubble_sort,5
v1_23_content_mkhambat_Bubble-and-insertion-sort_sorting.py.txt,1,val,356,mkhambat_bubble-and-insertion-sort_sorting,2
v1_24_content_Jagdishkharatmol_Sorting-techniques-_pythonin.py.txt,1,train,357,jagdishkharatmol_sorting-techniques-_pythonin,1
v1_26_content_naviechan_sortingAlgorithmDemo_main.py.txt,1,val,358,naviechan_sortingalgorithmdemo_main,4
v1_26_content_naviechan_sortingAlgorithmDemo_selectionSort.py.txt,1,val,359,naviechan_sortingalgorithmdemo_selectionsort,3
v1_27_content_gcmurillo_sortingAlgorithmsComparation_configuraciones.py.txt,1,val,360,gcmurillo_sortingalgorithmscomparation_configuraciones,5
v1_27_content_gcmurillo_sortingAlgorithmsComparation_quickSort.py.txt,1,train,361,gcmurillo_sortingalgorithmscomparation_quicksort,2
v1_27_content_gcmurillo_sortingAlgorithmsComparation_shellSort.py.txt,1,train,362,gcmurillo_sortingalgorithmscomparation_shellsort,1
v1_29_content_zcogley_Bubble-Sort_bubble_sort.py.txt,1,train,363,zcogley_bubble-sort_bubble_sort,3
v1_2_content_evinw_bubble_sort_bub.py.txt,1,train,364,evinw_bubble_sort_bub,4
v1_30_content_thomasjedstrom_Bubble_Sort_Selection_Sort.py.txt,1,train,365,thomasjedstrom_bubble_sort_selection_sort,3
v1_31_content_atorulia_Some-kind-of-sort-algorithm_InsertionSort.py.txt,1,test,366,atorulia_some-kind-of-sort-algorithm_insertionsort,0
v1_31_content_Cadellinman_RB-EmailSorter_RedBubbleSorter.py.txt,1,test,367,cadellinman_rb-emailsorter_redbubblesorter,0
v1_33_content_Ryan-Fortner_bubble_sort_bubble_sort.py.txt,1,test,368,ryan-fortner_bubble_sort_bubble_sort,0
v1_3_content_Frogboxe_BubbleSort_GapiExtend.py.txt,1,train,369,frogboxe_bubblesort_gapiextend,5
v1_3_content_KirillGordievich_Bubble_Sort_Visualization_colors.py.txt,1,train,370,kirillgordievich_bubble_sort_visualization_colors,2
v1_3_content_KirillGordievich_Bubble_Sort_Visualization_mainloop.py.txt,1,train,371,kirillgordievich_bubble_sort_visualization_mainloop,1
v1_43_content_hraizes_Sorting_SortingPractice.py.txt,1,val,372,hraizes_sorting_sortingpractice,4
v1_44_content_emilgab_bubble-sort_bubble_sort.py.txt,1,train,373,emilgab_bubble-sort_bubble_sort,3
v1_45_content_Janteby1_bubble_sort-copy_bubble_sort.py.txt,1,train,374,janteby1_bubble_sort-copy_bubble_sort,5
v1_46_content_gabysoares_PythonBubbleSort_ResultTable.py.txt,1,train,375,gabysoares_pythonbubblesort_resulttable,2
v1_48_content_anowarh2514_Bubble-Sort-Algorithm-in-Python_Bubble_Sort_Algorithm.py.txt,1,train,376,anowarh2514_bubble-sort-algorithm-in-python_bubble_sort_algorithm,1
v1_49_content_Darren-Drapkin_RippleSort-with-chains_RippleSort-with-chains.py.txt,1,train,377,darren-drapkin_ripplesort-with-chains_ripplesort-with-chains,4
v1_4_content_giocarro_BubbleSort-and-Words-Sort_MergeSort2.py.txt,1,val,378,giocarro_bubblesort-and-words-sort_mergesort2,3
v1_53_content_RefaelBeker7_Sorting-Algorithms-Python_ExampleSort_sixDifference.py.txt,1,train,379,refaelbeker7_sorting-algorithms-python_examplesort_sixdifference,5
v1_54_content_gly11_Sort_sort_numbers.py.txt,1,val,380,gly11_sort_sort_numbers,2
v1_54_content_SteevenBrunner_Bubble-sort-python_bubble_sort.py.txt,1,train,381,steevenbrunner_bubble-sort-python_bubble_sort,1
v1_57_content_Wwicked_Bubble-sort-visualization_main.py.txt,1,train,382,wwicked_bubble-sort-visualization_main,4
v1_59_content_nicolaschen1_SortingAlgorithms_sortingAlgorithms.py.txt,1,test,383,nicolaschen1_sortingalgorithms_sortingalgorithms,0
v1_59_content_Yousab_parallel-bubble-sort-mpi_bubble_parallel.py.txt,1,train,384,yousab_parallel-bubble-sort-mpi_bubble_parallel,4
v1_5_content_kheguy_bubbleSort_bubbleSort.py.txt,1,train,385,kheguy_bubblesort_bubblesort,3
v1_66_content_abouchan01_Merge-Bubble-Sort-con-_interfazGrafica.py.txt,1,train,386,abouchan01_merge-bubble-sort-con-_interfazgrafica,5
v1_67_content_TadayoshiCarvajal_Sorting-in-Python_sortingAlgorithms.py.txt,1,train,387,tadayoshicarvajal_sorting-in-python_sortingalgorithms,2
v1_68_content_pierobeat_Beginner-bubble-sort-py_bubble_sort.py.txt,1,val,388,pierobeat_beginner-bubble-sort-py_bubble_sort,1
v1_6_content_ryanlid87_BubbleSort_bubblesort.py.txt,1,train,389,ryanlid87_bubblesort_bubblesort,5
v1_73_content_kamil-owczarek_sorter_sorter.py.txt,1,train,390,kamil-owczarek_sorter_sorter,2
v1_74_content_OstapKuch_Lab_01_alg_sort.py.txt,1,train,391,ostapkuch_lab_01_alg_sort,4
v1_79_content_lorenzo3117_python-sorting-scripts_heapSort.py.txt,1,train,392,lorenzo3117_python-sorting-scripts_heapsort,1
v1_79_content_lorenzo3117_python-sorting-scripts_quickSort.py.txt,1,train,393,lorenzo3117_python-sorting-scripts_quicksort,4
v1_79_content_lorenzo3117_python-sorting-scripts_sortingScript.py.txt,1,train,394,lorenzo3117_python-sorting-scripts_sortingscript,3
v1_7_content_allenabraham999_Bubble-sort_bubble_sort.py.txt,1,train,395,allenabraham999_bubble-sort_bubble_sort,5
v1_81_content_jvdwyer_Sorting_Sorts.py.txt,1,train,396,jvdwyer_sorting_sorts,2
v1_83_content_SonNinh_sorting-algorithm_sorting_deck.py.txt,1,train,397,sonninh_sorting-algorithm_sorting_deck,1
v1_85_content_Dimildizio_pyqt_traincars_sort_cars_coal.py.txt,1,train,398,dimildizio_pyqt_traincars_sort_cars_coal,4
v1_94_content_skatsd_Sorting-Algorithm-Visualiser_SORT_VISUALISER.py.txt,1,val,399,skatsd_sorting-algorithm-visualiser_sort_visualiser,3
v1_9_content_noumanmalik960_bubbleSort_bubbleSort.py.txt,1,train,400,noumanmalik960_bubblesort_bubblesort,5
v1_10_content_analyticsbot_document-similarity_document_similarity_nlevenstein.py.txt,1,val,401,analyticsbot_document-similarity_document_similarity_nlevenstein,2
v1_10_content_analyticsbot_document-similarity_document_similarity_WMD.py.txt,1,test,402,analyticsbot_document-similarity_document_similarity_wmd,0
v1_10_content_aptr288_Information_Retrieval_system_Data_Parsing_and_Processing.py.txt,1,train,403,aptr288_information_retrieval_system_data_parsing_and_processing,1
v1_11_content_kirokuan_Idf-tf-DocCompare_hwTest.py.txt,1,train,404,kirokuan_idf-tf-doccompare_hwtest,4
v1_12_content_truong225_Cosine-similarity_cosine_similarity.py.txt,1,train,405,truong225_cosine-similarity_cosine_similarity,5
v1_14_content_necall_cosine-similarity_sent_seg.py.txt,1,test,406,necall_cosine-similarity_sent_seg,0
v1_14_content_sherlockhoatszx_MachineLearning_CTR_project_auc.py.txt,1,train,407,sherlockhoatszx_machinelearning_ctr_project_auc,3
v1_15_content_DevMandalia_cosineSimilarity_q5.py.txt,1,test,408,devmandalia_cosinesimilarity_q5,0
v1_15_content_DevMandalia_cosineSimilarity_q7.py.txt,1,train,409,devmandalia_cosinesimilarity_q7,2
v1_17_content_sk-aravind_cosine_similarity_Cos_similarity.py.txt,1,test,410,sk-aravind_cosine_similarity_cos_similarity,0
v1_1_content_abdullahwaqar_docsearx_pdf_reader.py.txt,1,val,411,abdullahwaqar_docsearx_pdf_reader,1
v1_1_content_beekbin_bert-cosine-sim_prerun.py.txt,1,val,412,beekbin_bert-cosine-sim_prerun,4
v1_20_content_ndodson_Cosine-Similarity_cosSimilarity3.py.txt,1,val,413,ndodson_cosine-similarity_cossimilarity3,3
v1_20_content_ndodson_Cosine-Similarity_plotDataStream.py.txt,1,test,414,ndodson_cosine-similarity_plotdatastream,0
v1_21_content_manasbichoo_spellchecker_char.py.txt,1,val,415,manasbichoo_spellchecker_char,5
v1_22_content_sanpreet_Text-Similarity-using-cosine-similarity_Text_Similarity.py.txt,1,test,416,sanpreet_text-similarity-using-cosine-similarity_text_similarity,0
v1_30_content_paritosh3006_NLP-TF_IDF-Cosine_Similarity_tf--idf.py.txt,1,val,417,paritosh3006_nlp-tf_idf-cosine_similarity_tf--idf,2
v1_36_content_DeokchangSeo_recommenderSystem_mean_centerred_ratings.py.txt,1,train,418,deokchangseo_recommendersystem_mean_centerred_ratings,1
v1_39_content_trunc8_cosine-similarity-nlp_cosine_similarity.py.txt,1,train,419,trunc8_cosine-similarity-nlp_cosine_similarity,4
v1_3_content_dlohith_text-similarity_run.py.txt,1,test,420,dlohith_text-similarity_run,0
v1_3_content_dlohith_text-similarity_utils.py.txt,1,train,421,dlohith_text-similarity_utils,3
v1_3_content_JennaBellassai_phrase-similarity_similarity_score.py.txt,1,test,422,jennabellassai_phrase-similarity_similarity_score,0
v1_40_content_Fremont28_tv_networks_fox_cnn.py.txt,1,test,423,fremont28_tv_networks_fox_cnn,0
v1_42_content_amandalynne_language-similarity_mapping.py.txt,1,train,424,amandalynne_language-similarity_mapping,5
v1_43_content_rmaur012_Measures-of-Vector-Similarity_vectorSimilarityFunctions.py.txt,1,train,425,rmaur012_measures-of-vector-similarity_vectorsimilarityfunctions,2
v1_46_content_mamtajakter_word2vec-cosine-similarity_hw1part3c.py.txt,1,train,426,mamtajakter_word2vec-cosine-similarity_hw1part3c,1
v1_46_content_mamtajakter_word2vec-cosine-similarity_hw1part3d.py.txt,1,val,427,mamtajakter_word2vec-cosine-similarity_hw1part3d,4
v1_4_content_heaven00_cosine_similarities_stream.py.txt,1,train,428,heaven00_cosine_similarities_stream,3
v1_4_content_nikitaa30_Content-based-Recommender-System_recommender_system.py.txt,1,train,429,nikitaa30_content-based-recommender-system_recommender_system,5
v1_51_content_jumadilakbar_Recomender-Cosine-Similarity-tfidf-python-flask_preprocess.py.txt,1,test,430,jumadilakbar_recomender-cosine-similarity-tfidf-python-flask_preprocess,0
v1_54_content_adnan-mehremic_plagiarism-detection_cosine_similarity.py.txt,1,train,431,adnan-mehremic_plagiarism-detection_cosine_similarity,1
v1_57_content_kapilggg10_Plagiarism-checker-nltk_plag_training.py.txt,1,test,432,kapilggg10_plagiarism-checker-nltk_plag_training,0
v1_58_content_davidawad_TISLA_FAQ_tests.py.txt,1,test,433,davidawad_tisla_faq_tests,0
v1_58_content_loulai_InformationRetrieval_information_retrieval.py.txt,1,train,434,loulai_informationretrieval_information_retrieval,2
v1_64_content_gargimaheshwari_Wikiart-similar-art_download.py.txt,1,test,435,gargimaheshwari_wikiart-similar-art_download,0
v1_64_content_qnguyen3010_Dota2-Recommender-System_009276839_256_randomforest.py.txt,1,val,436,qnguyen3010_dota2-recommender-system_009276839_256_randomforest,1
v1_66_content_skallaje_Ranked-Information-Retrieval_test.py.txt,1,val,437,skallaje_ranked-information-retrieval_test,3
v1_67_content_kevinrizki1019_face-recognition_main.py.txt,1,test,438,kevinrizki1019_face-recognition_main,0
v1_68_content_maniaclogic_movie-recommender_models.py.txt,1,train,439,maniaclogic_movie-recommender_models,5
v1_68_content_maniaclogic_movie-recommender_recommender.py.txt,1,test,440,maniaclogic_movie-recommender_recommender,0
v1_68_content_MyMichaelSinaga_Document-Search-Engine_tokeniser.py.txt,1,train,441,mymichaelsinaga_document-search-engine_tokeniser,2
v1_6_content_muhammadhabibi_CBS01_Main.py.txt,1,train,442,muhammadhabibi_cbs01_main,1
v1_70_content_shayneobrien_lexrank_stopwords.py.txt,1,train,443,shayneobrien_lexrank_stopwords,4
v1_7_content_syedshameersarwar_DocumentSimilarityChecker_pdfReader.py.txt,1,train,444,syedshameersarwar_documentsimilaritychecker_pdfreader,3
v1_81_content_jonesnapoleon_opencv-face-recognition_extractor.py.txt,1,test,445,jonesnapoleon_opencv-face-recognition_extractor,0
v1_81_content_jonesnapoleon_opencv-face-recognition_GUI.py.txt,1,train,446,jonesnapoleon_opencv-face-recognition_gui,5
v1_85_content_xzha0006_LibrarySearchingEngine_spell.py.txt,1,val,447,xzha0006_librarysearchingengine_spell,2
v1_8_content_uzzielc_Document_Similarity_using_TF-IDF_with_Cosine_Dist_article.py.txt,1,train,448,uzzielc_document_similarity_using_tf-idf_with_cosine_dist_article,1
v1_95_content_subhradipmukherjee_Movie-prediction-using-M.L_moviepredict_cosine_similarity_.py.txt,1,train,449,subhradipmukherjee_movie-prediction-using-m.l_moviepredict_cosine_similarity_,4
v1_9_content_vbelz_Movie-recommender_prepare_database.py.txt,1,train,450,vbelz_movie-recommender_prepare_database,3
v1_12_content_dandanpeng_ComputationalProteinDesign_run.py.txt,1,train,451,dandanpeng_computationalproteindesign_run,5
v1_13_content_FlorentF9_DESOM_sharpness.py.txt,1,train,452,florentf9_desom_sharpness,2
v1_13_content_gzinck_des_main.py.txt,1,train,453,gzinck_des_main,1
v1_16_content_vineetkia_Fundamentals-Of-Cryptography__1_-Caesar.py.txt,1,train,454,vineetkia_fundamentals-of-cryptography__1_-caesar,4
v1_16_content_vineetkia_Fundamentals-Of-Cryptography__2_-Vignere.py.txt,1,val,455,vineetkia_fundamentals-of-cryptography__2_-vignere,3
v1_16_content_vineetkia_Fundamentals-Of-Cryptography__7_-Diffi-Hellman-KeyExchange.py.txt,1,val,456,vineetkia_fundamentals-of-cryptography__7_-diffi-hellman-keyexchange,5
v1_16_content_vineetkia_Fundamentals-Of-Cryptography__8_-BlowFish-CBC.py.txt,1,train,457,vineetkia_fundamentals-of-cryptography__8_-blowfish-cbc,2
v1_17_content_adampicker_DES_implementation_binary_utils.py.txt,1,train,458,adampicker_des_implementation_binary_utils,1
v1_17_content_turpaultn_DESED_generate_table.py.txt,1,train,459,turpaultn_desed_generate_table,4
v1_18_content_theorisons_loto_analyse.py.txt,1,train,460,theorisons_loto_analyse,3
v1_20_content_learn-co-students_applying-gradient-descent-lab-dc-ds-career-042219_linear_equations.py.txt,1,test,461,learn-co-students_applying-gradient-descent-lab-dc-ds-career-042219_linear_equations,0
v1_21_content_leonshen95_EC500-Modular-design-2.4_OutputAlert_module.py.txt,1,train,462,leonshen95_ec500-modular-design-2.4_outputalert_module,5
v1_23_content_xaviergoby_ConvLSTM-Computer-Vision-for-Structural-Health-Monitoring-SHM-and-NonDestructive-Testing-NDT_settings.py.txt,1,train,463,xaviergoby_convlstm-computer-vision-for-structural-health-monitoring-shm-and-nondestructive-testing-ndt_settings,2
v1_24_content_alphagov_metadata-standards-description-language_poc-json.py.txt,1,test,464,alphagov_metadata-standards-description-language_poc-json,0
v1_24_content_GrayHat12_Desktop-GrayBot_driver.py.txt,1,train,465,grayhat12_desktop-graybot_driver,1
v1_27_content_sinoobie_DeShal_deshal.py.txt,1,train,466,sinoobie_deshal_deshal,4
v1_28_content_tomsiwek_gprMax-Designer_echogramwindow.py.txt,1,train,467,tomsiwek_gprmax-designer_echogramwindow,3
v1_28_content_tomsiwek_gprMax-Designer_materials.py.txt,1,val,468,tomsiwek_gprmax-designer_materials,3
v1_28_content_tomsiwek_gprMax-Designer_modelsizewindow.py.txt,1,val,469,tomsiwek_gprmax-designer_modelsizewindow,5
v1_28_content_tomsiwek_gprMax-Designer_operation.py.txt,1,train,470,tomsiwek_gprmax-designer_operation,2
v1_34_content_iamhimanshu0_Ml_Linear_Regression_Gradient_Descent_Linear_Regression_using_Gradient_Descent_HIMANSHU.py.txt,1,test,471,iamhimanshu0_ml_linear_regression_gradient_descent_linear_regression_using_gradient_descent_himanshu,0
v1_35_content_fireclawthefox_DirectGuiDesigner_main.py.txt,1,test,472,fireclawthefox_directguidesigner_main,0
v1_35_content_fireclawthefox_DirectGuiDesigner_setup_p3d.py.txt,1,train,473,fireclawthefox_directguidesigner_setup_p3d,1
v1_37_content_baptiste0928_userinfo-bot_main.py.txt,1,train,474,baptiste0928_userinfo-bot_main,4
v1_43_content_futuresea713_des-cbc-encode-decode_des-cbc.py.txt,1,train,475,futuresea713_des-cbc-encode-decode_des-cbc,3
v1_45_content_supriya363_break-des-6round_Request.py.txt,1,train,476,supriya363_break-des-6round_request,5
v1_46_content_hackabit19__destroyingRecursively__qrTester.py.txt,1,train,477,hackabit19__destroyingrecursively__qrtester,2
v1_46_content_hackabit19__destroyingRecursively__StickerTester.py.txt,1,test,478,hackabit19__destroyingrecursively__stickertester,0
v1_48_content_nabima_nabi_distribution_client_region.py.txt,1,test,479,nabima_nabi_distribution_client_region,0
v1_48_content_nabima_nabi_distribution_client_ville.py.txt,1,test,480,nabima_nabi_distribution_client_ville,0
v1_48_content_nabima_nabi_distribution_module_odoo.py.txt,1,train,481,nabima_nabi_distribution_module_odoo,1
v1_52_content_jitunayak_Tensorflow-object-recognition-GUI-DesktopApp_face_crop.py.txt,1,test,482,jitunayak_tensorflow-object-recognition-gui-desktopapp_face_crop,0
v1_54_content_YoungYoung619_driving-desicion-in-carla_test.py.txt,1,train,483,youngyoung619_driving-desicion-in-carla_test,4
v1_58_content_aarav-tech_design-patterns-python_singleton_3.py.txt,1,train,484,aarav-tech_design-patterns-python_singleton_3,3
v1_58_content_aarav-tech_design-patterns-python_singleton_4.py.txt,1,test,485,aarav-tech_design-patterns-python_singleton_4,0
v1_63_content_bisohns_signalum-desktop_build.py.txt,1,test,486,bisohns_signalum-desktop_build,0
v1_76_content_sylvain-reynaud_projet-voltaire-solver_projetvoltairesolver.py.txt,1,train,487,sylvain-reynaud_projet-voltaire-solver_projetvoltairesolver,3
v1_78_content_edisoncast_DES-UOC_Dictionary.py.txt,1,train,488,edisoncast_des-uoc_dictionary,5
v1_81_content_AbanoubGhadban_des-encryption_des.py.txt,1,train,489,abanoubghadban_des-encryption_des,2
v1_84_content_inventaire-des-orgues_docs_geocodage_manufactures.py.txt,1,train,490,inventaire-des-orgues_docs_geocodage_manufactures,1
v1_84_content_vineetred_aesDES_test.py.txt,1,train,491,vineetred_aesdes_test,4
v1_86_content_bharathsharma95_DES_decrypt.py.txt,1,train,492,bharathsharma95_des_decrypt,3
v1_86_content_bharathsharma95_DES_readFile.py.txt,1,train,493,bharathsharma95_des_readfile,5
v1_86_content_Enkhai_simple-DES_conversion.py.txt,1,train,494,enkhai_simple-des_conversion,2
v1_86_content_Enkhai_simple-DES_encryption.py.txt,1,train,495,enkhai_simple-des_encryption,1
v1_86_content_Enkhai_simple-DES_misc.py.txt,1,train,496,enkhai_simple-des_misc,4
v1_86_content_Enkhai_simple-DES_permutations.py.txt,1,val,497,enkhai_simple-des_permutations,3
v1_8_content_usmanali414_Destruction-Detection-in-Satellite-Imagery_augmentation.py.txt,1,train,498,usmanali414_destruction-detection-in-satellite-imagery_augmentation,5
v1_92_content_aakorolyova_DeSpin___main__.py.txt,1,val,499,aakorolyova_despin___main__,2
v1_92_content_FranzScheerer_DES_safeprime.py.txt,1,train,500,franzscheerer_des_safeprime,1
v1_14_content_149ps_leetcode-solutions_145_Binary_Tree_Postorder_Traversal_1.py.py.txt,1,train,501,149ps_leetcode-solutions_145_binary_tree_postorder_traversal_1,4
v1_14_content_149ps_leetcode-solutions_258_Add_Digits.py.txt,1,train,502,149ps_leetcode-solutions_258_add_digits,5
v1_14_content_149ps_leetcode-solutions_268_missing_number.py.txt,1,val,503,149ps_leetcode-solutions_268_missing_number,3
v1_14_content_149ps_leetcode-solutions_27_remove_element.py.txt,1,train,504,149ps_leetcode-solutions_27_remove_element,2
v1_14_content_149ps_leetcode-solutions_350._Intersection_of_Two_Arrays_II.py.txt,1,train,505,149ps_leetcode-solutions_350._intersection_of_two_arrays_ii,1
v1_14_content_149ps_leetcode-solutions_66_plus_one.py.txt,1,train,506,149ps_leetcode-solutions_66_plus_one,4
v1_14_content_charlesvardeman_DFSParserExperiments_tasks.py.txt,1,test,507,charlesvardeman_dfsparserexperiments_tasks,0
v1_24_content_AntoAndGar_ProgettazioneDiAlgoritmi_bk2.py.txt,1,test,508,antoandgar_progettazionedialgoritmi_bk2,0
v1_24_content_AntoAndGar_ProgettazioneDiAlgoritmi_bkesame10_06_19.py.txt,1,test,509,antoandgar_progettazionedialgoritmi_bkesame10_06_19,0
v1_24_content_AntoAndGar_ProgettazioneDiAlgoritmi_PDesame10_06_19.py.txt,1,train,510,antoandgar_progettazionedialgoritmi_pdesame10_06_19,3
v1_24_content_AntoAndGar_ProgettazioneDiAlgoritmi_PDesame10_06_19_matrix.py.txt,1,train,511,antoandgar_progettazionedialgoritmi_pdesame10_06_19_matrix,5
v1_25_content_Nazar910_chameleon-problem_a_star.test.py.txt,1,train,512,nazar910_chameleon-problem_a_star.test,2
v1_25_content_Nazar910_chameleon-problem_depth_first_search.test.py.txt,1,val,513,nazar910_chameleon-problem_depth_first_search.test,5
v1_26_content_nakamoo_dfs_plot_scores.py.txt,1,test,514,nakamoo_dfs_plot_scores,0
v1_30_content_jcwall_dfs_rotoguru_scraper.py.txt,1,train,515,jcwall_dfs_rotoguru_scraper,1
v1_31_content_ismellike_BFS_DFS_graph.py.txt,1,val,516,ismellike_bfs_dfs_graph,3
v1_33_content_georgealexiou_Blocksworld-Puzzle-AI-Solver_driver.py.txt,1,train,517,georgealexiou_blocksworld-puzzle-ai-solver_driver,2
v1_33_content_wcpun_DFS_dfs.py.txt,1,train,518,wcpun_dfs_dfs,4
v1_33_content_wcpun_DFS_shell.py.txt,1,val,519,wcpun_dfs_shell,1
v1_33_content_wcpun_DFS_utils.py.txt,1,val,520,wcpun_dfs_utils,4
v1_39_content_calejc_dfs_client_client.py.txt,1,train,521,calejc_dfs_client_client,3
v1_39_content_PankajJ08_DataStructure_tower_of_hanoi.py.txt,1,test,522,pankajj08_datastructure_tower_of_hanoi,0
v1_49_content_matbarPL_Vacuum-with-preknowledge_Queue.py.txt,1,train,523,matbarpl_vacuum-with-preknowledge_queue,5
v1_50_content_mrdonkada_nba-dfs_opensql.py.txt,1,train,524,mrdonkada_nba-dfs_opensql,2
v1_52_content_gquintela_dfs_dfs.py.txt,1,train,525,gquintela_dfs_dfs,1
v1_52_content_maxmartinezruts_Aircraft-Path-Optimization_nearestneighbor.py.txt,1,train,526,maxmartinezruts_aircraft-path-optimization_nearestneighbor,4
v1_52_content_maxmartinezruts_Aircraft-Path-Optimization_tcp.py.txt,1,val,527,maxmartinezruts_aircraft-path-optimization_tcp,5
v1_53_content_awnguy01_bfs-dfs-tsp_node.py.txt,1,test,528,awnguy01_bfs-dfs-tsp_node,0
v1_55_content_midderbear_DFS-optimizer_playerlists.py.txt,1,test,529,midderbear_dfs-optimizer_playerlists,0
v1_59_content_kessler-frost_sdku-dfs_function.py.txt,1,test,530,kessler-frost_sdku-dfs_function,0
v1_5_content_preetha2711_Algorithm-Design-and-Analysis_DP.py.txt,1,train,531,preetha2711_algorithm-design-and-analysis_dp,3
v1_5_content_preetha2711_Algorithm-Design-and-Analysis_insertionsort.py.txt,1,test,532,preetha2711_algorithm-design-and-analysis_insertionsort,0
v1_69_content_ghfkddorl_mazerunner_config.py.txt,1,train,533,ghfkddorl_mazerunner_config,2
v1_69_content_ghfkddorl_mazerunner_main.py.txt,1,train,534,ghfkddorl_mazerunner_main,1
v1_74_content_eenblam_grid_dfs_image_example.py.txt,1,train,535,eenblam_grid_dfs_image_example,4
v1_78_content_ashish0707_basic_webcrawler_bfs.py.txt,1,train,536,ashish0707_basic_webcrawler_bfs,3
v1_78_content_ashish0707_basic_webcrawler_task2.A_BFS.py.txt,1,train,537,ashish0707_basic_webcrawler_task2.a_bfs,5
v1_79_content_bmiller19_QuickDFSFootballAnalyzer_QuickDFSFootballMatchupAnalyzer.py.txt,1,train,538,bmiller19_quickdfsfootballanalyzer_quickdfsfootballmatchupanalyzer,2
v1_7_content_rizanw_DAA_Pacman_Pacman.py.txt,1,train,539,rizanw_daa_pacman_pacman,1
v1_81_content_fwang084_DFS_Optimizer_Initialize.py.txt,1,train,540,fwang084_dfs_optimizer_initialize,4
v1_83_content_Kal9iL_mini-dfs_globalconsts.py.txt,1,train,541,kal9il_mini-dfs_globalconsts,3
v1_83_content_Kal9iL_mini-dfs_globalvar.py.txt,1,val,542,kal9il_mini-dfs_globalvar,5
v1_83_content_vikcui_dfs_combination_sum_combination_sum.py.txt,1,train,543,vikcui_dfs_combination_sum_combination_sum,2
v1_84_content_WizHacks_ChordDFS_ChordMessage.py.txt,1,test,544,wizhacks_chorddfs_chordmessage,0
v1_88_content_Ronaldo009_genPlanByDFS_mysqlConnection.py.txt,1,train,545,ronaldo009_genplanbydfs_mysqlconnection,1
v1_88_content_surister_dfsunweb_main.py.txt,1,val,546,surister_dfsunweb_main,4
v1_92_content_jackschultz_nba-optimize-micro_utils.py.txt,1,train,547,jackschultz_nba-optimize-micro_utils,3
v1_92_content_Lifan-9527_DFSprocess_STFT.py.txt,1,train,548,lifan-9527_dfsprocess_stft,5
v1_94_content_hbergun_AI_Pacman_PriorityQueue.py.txt,1,train,549,hbergun_ai_pacman_priorityqueue,2
v1_99_content_777moneymaker_Graphs_play.py.txt,1,train,550,777moneymaker_graphs_play,1
v1_10_content_mateus-n00b_Diffie-Hellman_alice.py.txt,1,train,551,mateus-n00b_diffie-hellman_alice,4
v1_11_content_jvpessoa10_Diffie-Hellman_DHCalculator.py.txt,1,test,552,jvpessoa10_diffie-hellman_dhcalculator,0
v1_11_content_jvpessoa10_Diffie-Hellman_getIp.py.txt,1,train,553,jvpessoa10_diffie-hellman_getip,3
v1_12_content_mbgokce_Diffie-Hellman_diffie-hellman.py.txt,1,train,554,mbgokce_diffie-hellman_diffie-hellman,5
v1_16_content_hoefler02_diffie-hellman_dh_example.py.txt,1,train,555,hoefler02_diffie-hellman_dh_example,2
v1_21_content_eugene-eliseev_diffie_hellman_hacker.py.txt,1,train,556,eugene-eliseev_diffie_hellman_hacker,1
v1_21_content_swawibe_pyDH_main.py.txt,1,train,557,swawibe_pydh_main,4
v1_22_content_sagarwani_Breaking-Diffie-Hellman_dl-brute.py.txt,1,train,558,sagarwani_breaking-diffie-hellman_dl-brute,3
v1_23_content_harshaldhone_Diffie-Hellman_client.py.txt,1,train,559,harshaldhone_diffie-hellman_client,5
v1_23_content_harshaldhone_Diffie-Hellman_server.py.txt,1,train,560,harshaldhone_diffie-hellman_server,2
v1_24_content_Brew8it_Python_DHAES_AES.py.txt,1,train,561,brew8it_python_dhaes_aes,1
v1_24_content_Brew8it_Python_DHAES_client.py.txt,1,train,562,brew8it_python_dhaes_client,4
v1_24_content_Brew8it_Python_DHAES_server.py.txt,1,train,563,brew8it_python_dhaes_server,3
v1_25_content_DrMMZ_Attack-Diffie-Hellman_AttackDH.py.txt,1,test,564,drmmz_attack-diffie-hellman_attackdh,0
v1_25_content_jimmy-ly00_DHE-prime-grabber_find_primes.py.txt,1,train,565,jimmy-ly00_dhe-prime-grabber_find_primes,5
v1_26_content_ivanji_diffie-hellman-algorithm_diffie-hellman.py.txt,1,val,566,ivanji_diffie-hellman-algorithm_diffie-hellman,2
v1_28_content_ckeshava_Enhanced-Diffie-Hellman-Protocol_generateMessage.py.txt,1,train,567,ckeshava_enhanced-diffie-hellman-protocol_generatemessage,1
v1_28_content_ckeshava_Enhanced-Diffie-Hellman-Protocol_paderson_commitment.py.txt,1,train,568,ckeshava_enhanced-diffie-hellman-protocol_paderson_commitment,4
v1_28_content_MySchool11_CryptoTwo_primitives.py.txt,1,train,569,myschool11_cryptotwo_primitives,3
v1_29_content_fwoodruff_ECDH_ECbase58.py.txt,1,train,570,fwoodruff_ecdh_ecbase58,5
v1_29_content_fwoodruff_ECDH_SymmetricCiphers.py.txt,1,train,571,fwoodruff_ecdh_symmetricciphers,2
v1_29_content_fwoodruff_ECDH_TypeConversion.py.txt,1,train,572,fwoodruff_ecdh_typeconversion,1
v1_29_content_zxenonx_diffie-hellman-raw_dh1.py.txt,1,val,573,zxenonx_diffie-hellman-raw_dh1,4
v1_29_content_zxenonx_diffie-hellman-raw_dh2.py.txt,1,val,574,zxenonx_diffie-hellman-raw_dh2,3
v1_2_content_hannahxchen_Diffie-Hellman-Python-Implementation_CA_generate_key.py.txt,1,val,575,hannahxchen_diffie-hellman-python-implementation_ca_generate_key,5
v1_31_content_shreyas3336_Diffie-Hellman-KeyExchange_Diffie_Key_Exchange.py.txt,1,train,576,shreyas3336_diffie-hellman-keyexchange_diffie_key_exchange,2
v1_31_content_shreyas3336_Diffie-Hellman-KeyExchange_Seed_Generator.py.txt,1,val,577,shreyas3336_diffie-hellman-keyexchange_seed_generator,1
v1_33_content_nikhil-paramane_-Diffie-Hellman-key-Exchange-Algorithm_dh.py.txt,1,train,578,nikhil-paramane_-diffie-hellman-key-exchange-algorithm_dh,4
v1_35_content_DiarmuidKelly_Key_Exchange_diffie_hellman.py.txt,1,train,579,diarmuidkelly_key_exchange_diffie_hellman,3
v1_36_content_gaurdevansh_Diffie-Hellman-Key-Exchange_keygen.py.txt,1,val,580,gaurdevansh_diffie-hellman-key-exchange_keygen,5
v1_37_content_anagnostouJohn_Simple_DF_Socket_clien.py.txt,1,test,581,anagnostoujohn_simple_df_socket_clien,0
v1_38_content_JediWattson_rsa_edu_primegen.py.txt,1,val,582,jediwattson_rsa_edu_primegen,2
v1_3_content_Dextro1597_Diffie-Hellman_diffie2.py.txt,1,train,583,dextro1597_diffie-hellman_diffie2,1
v1_3_content_Gunnar-Stunnar_dhecc_test.py.txt,1,train,584,gunnar-stunnar_dhecc_test,4
v1_3_content_matheusfrancisco_Implementation_RSA_and_Diffie-Hellman_euclidean.py.txt,1,train,585,matheusfrancisco_implementation_rsa_and_diffie-hellman_euclidean,3
v1_3_content_matheusfrancisco_Implementation_RSA_and_Diffie-Hellman_main.py.txt,1,train,586,matheusfrancisco_implementation_rsa_and_diffie-hellman_main,5
v1_3_content_matheusfrancisco_Implementation_RSA_and_Diffie-Hellman_rsa.py.txt,1,train,587,matheusfrancisco_implementation_rsa_and_diffie-hellman_rsa,2
v1_43_content_wilson9001_DHKeyExchange_DH.py.txt,1,train,588,wilson9001_dhkeyexchange_dh,1
v1_44_content_yeroc-sebrof_DHE_Demos_Example1_DHE.py.txt,1,train,589,yeroc-sebrof_dhe_demos_example1_dhe,4
v1_4_content_gionanide_Cryptography_manipulate_CRC_computations.py.txt,1,test,590,gionanide_cryptography_manipulate_crc_computations,0
v1_4_content_MaisyZhang_Diffie-Hellman-Algorithm_DH.py.txt,1,val,591,maisyzhang_diffie-hellman-algorithm_dh,3
v1_5_content_crazamahdi_DIFFIE-HELLMAN-KEY-EXCHANGE-ALGORITHM_dhclient.py.txt,1,val,592,crazamahdi_diffie-hellman-key-exchange-algorithm_dhclient,5
v1_66_content_chhaiyashrey_Security-Implementation-of-MODBUS-Communication-between-Server-and-Client_secure_modbus_server.py.txt,1,train,593,chhaiyashrey_security-implementation-of-modbus-communication-between-server-and-client_secure_modbus_server,2
v1_6_content_picrin_DiffieHellmanChallenge_discreteLogEfficient.py.txt,1,train,594,picrin_diffiehellmanchallenge_discretelogefficient,1
v1_70_content_crackcomm_mofn-encryption_util.py.txt,1,train,595,crackcomm_mofn-encryption_util,3
v1_71_content_logyball_public_private_encryption_decrypt.py.txt,1,train,596,logyball_public_private_encryption_decrypt,5
v1_71_content_logyball_public_private_encryption_keygen.py.txt,1,train,597,logyball_public_private_encryption_keygen,1
v1_71_content_logyball_public_private_encryption_millerrabin.py.txt,1,train,598,logyball_public_private_encryption_millerrabin,4
v1_81_content_Saiteja-Reddy_Basic-SFTP_caesar_cipher.py.txt,1,test,599,saiteja-reddy_basic-sftp_caesar_cipher,0
v1_8_content_n1az_DiffieHellman_primRoot.py.txt,1,train,600,n1az_diffiehellman_primroot,4
v1_10_content_tjazerzen_a_star_algorithm_helper_functions.py.txt,1,train,601,tjazerzen_a_star_algorithm_helper_functions,3
v1_11_content_langokalla_A-star-Pathfinder_map.py.txt,1,train,602,langokalla_a-star-pathfinder_map,5
v1_11_content_langokalla_A-star-Pathfinder_queues.py.txt,1,train,603,langokalla_a-star-pathfinder_queues,2
v1_11_content_langokalla_A-star-Pathfinder_tools.py.txt,1,train,604,langokalla_a-star-pathfinder_tools,1
v1_11_content_mskroar18_GraphWizard_Prim.py.txt,1,train,605,mskroar18_graphwizard_prim,3
v1_12_content_NWuensche_DijkstraInPython_calculate_shortest_way.py.txt,1,train,606,nwuensche_dijkstrainpython_calculate_shortest_way,4
v1_13_content_isabellavieira57_dijkstra-fractionalKnapsack-polynomialMultiplication_question2a.py.txt,1,train,607,isabellavieira57_dijkstra-fractionalknapsack-polynomialmultiplication_question2a,3
v1_13_content_isabellavieira57_dijkstra-fractionalKnapsack-polynomialMultiplication_question3b.py.txt,1,train,608,isabellavieira57_dijkstra-fractionalknapsack-polynomialmultiplication_question3b,5
v1_13_content_scedu25_EU-Rail_heap_priority_queue.py.txt,1,train,609,scedu25_eu-rail_heap_priority_queue,2
v1_14_content_Robo-Sapien_Maze-Perilous-Real-Time-Implemention-of-Dijkstra-Algorithm_new091016.py.txt,1,test,610,robo-sapien_maze-perilous-real-time-implemention-of-dijkstra-algorithm_new091016,0
v1_14_content_Robo-Sapien_Maze-Perilous-Real-Time-Implemention-of-Dijkstra-Algorithm_pixel_values.py.txt,1,test,611,robo-sapien_maze-perilous-real-time-implemention-of-dijkstra-algorithm_pixel_values,0
v1_15_content_meghanagabhushan_DijkstraAlgorithm_main.py.txt,1,train,612,meghanagabhushan_dijkstraalgorithm_main,5
v1_15_content_ronma1_Dijkstra_graph_algo.py.txt,1,test,613,ronma1_dijkstra_graph_algo,0
v1_16_content_Murali91_Algorithms---Python_Dijkstra.py.txt,1,train,614,murali91_algorithms---python_dijkstra,1
v1_16_content_pizzolatto_python_dijkstra_dijkstra.py.txt,1,train,615,pizzolatto_python_dijkstra_dijkstra,4
v1_17_content_GGonzalezRojas_Tarea_1_MDR_Dijkstra_dijkstra.py.txt,1,train,616,ggonzalezrojas_tarea_1_mdr_dijkstra_dijkstra,3
v1_17_content_GGonzalezRojas_Tarea_1_MDR_Dijkstra_dijkstra_v1.py.txt,1,train,617,ggonzalezrojas_tarea_1_mdr_dijkstra_dijkstra_v1,5
v1_19_content_mmcetindag_ShortestPathAlgorithms_bellman-ford.py.txt,1,train,151,mmcetindag_shortestpathalgorithms_bellman-ford,4
v1_1_content_shkolovy_path-finder-algorithms_b_star.py.txt,1,test,618,shkolovy_path-finder-algorithms_b_star,0
v1_1_content_shkolovy_path-finder-algorithms_bfs.py.txt,1,train,619,shkolovy_path-finder-algorithms_bfs,2
v1_1_content_shkolovy_path-finder-algorithms_dijkstra.py.txt,1,test,620,shkolovy_path-finder-algorithms_dijkstra,0
v1_20_content_higirodj_Dijkstra_dijkstra.py.txt,1,val,621,higirodj_dijkstra_dijkstra,2
v1_21_content_philippgovernale_dijkstrapy_getchar.py.txt,1,val,622,philippgovernale_dijkstrapy_getchar,1
v1_23_content_gquintela_dijkstra_main.py.txt,1,train,623,gquintela_dijkstra_main,4
v1_24_content_ApoorvaSaxena1_Dijkstra-Algorithm_Main.py.txt,1,train,624,apoorvasaxena1_dijkstra-algorithm_main,3
v1_26_content_faisalkhan91_Dijkstras-Algorithm_DijkstrasAlgo.py.txt,1,train,625,faisalkhan91_dijkstras-algorithm_dijkstrasalgo,5
v1_26_content_SKNIRBHAY_Improved-Dijkstra-s-Algorithm-Based-Load-Balancing-SDN-Application_CodeForMininet2.py.txt,1,train,626,sknirbhay_improved-dijkstra-s-algorithm-based-load-balancing-sdn-application_codeformininet2,2
v1_27_content_gregoribarros_dijkstra_caminho_minimo.py.txt,1,train,627,gregoribarros_dijkstra_caminho_minimo,1
v1_27_content_yukiiwong_Some-Simple-Graph-Theory-that-I-have-studyed_________.py.txt,1,train,628,yukiiwong_some-simple-graph-theory-that-i-have-studyed_________,4
v1_30_content_williamsdsantos_dijkstras_algorithm_Topology.py.txt,1,val,629,williamsdsantos_dijkstras_algorithm_topology,3
v1_33_content_arbitraryrw_dijkstras_algorithm_main.py.txt,1,test,630,arbitraryrw_dijkstras_algorithm_main,0
v1_39_content_hamidaucc_Link-state-protocol-in-python_Test.py.txt,1,val,631,hamidaucc_link-state-protocol-in-python_test,5
v1_3_content_abantikabasak_ImprovisedDijkstraFlood_GraphInput.py.txt,1,train,632,abantikabasak_improviseddijkstraflood_graphinput,2
v1_3_content_root676_QNEAT3___init__.py.txt,1,val,633,root676_qneat3___init__,1
v1_46_content_vaish06_EurailShortestPath_brainstorm.py.txt,1,val,634,vaish06_eurailshortestpath_brainstorm,4
v1_47_content_woodElec_Parallel-Dijkstra-Networkx_voronoi_module.py.txt,1,train,635,woodelec_parallel-dijkstra-networkx_voronoi_module,3
v1_49_content_lllunaticer_pathFindGUI_Draw.py.txt,1,test,636,lllunaticer_pathfindgui_draw,0
v1_50_content_krj9cr_Hybrid-Prim-Dijkstra-GUI_Helpers.py.txt,1,val,637,krj9cr_hybrid-prim-dijkstra-gui_helpers,5
v1_52_content_Tchaikovic_dijkstra_mapcreator.py.txt,1,train,638,tchaikovic_dijkstra_mapcreator,2
v1_5_content_dedeco_dijkstra-bellman-ford_grafo.py.txt,1,train,120,dedeco_dijkstra-bellman-ford_grafo,3
v1_65_content_josephnavarro_space-strategy_conversation.py.txt,1,train,639,josephnavarro_space-strategy_conversation,1
v1_6_content_sujayt123_intelligent-segmentation_dijkstra.py.txt,1,val,640,sujayt123_intelligent-segmentation_dijkstra,4
v1_85_content_TheSuri_Dijsktras_shortest_path.py.txt,1,train,641,thesuri_dijsktras_shortest_path,3
v1_88_content_andreaestrada_mazecrawler_powerupPiles.py.txt,1,test,642,andreaestrada_mazecrawler_poweruppiles,0
v1_88_content_andreaestrada_mazecrawler_server.py.txt,1,train,643,andreaestrada_mazecrawler_server,2
v1_88_content_andreaestrada_mazecrawler_singlePowerup.py.txt,1,train,644,andreaestrada_mazecrawler_singlepowerup,5
v1_88_content_NoFishLikeIan_Dijkstra_currency_currency_api.py.txt,1,train,645,nofishlikeian_dijkstra_currency_currency_api,2
v1_95_content_anapandza_ComputerNetworks_Dijkstra.py.txt,1,train,112,anapandza_computernetworks_dijkstra,1
v1_99_content_mincanhe_Network-routing-protocol_Dijkstra.py.txt,1,train,646,mincanhe_network-routing-protocol_dijkstra,1
v1_9_content_diegooliveira95_PrimAndDijkstra_dijkstra.py.txt,1,train,647,diegooliveira95_primanddijkstra_dijkstra,4
v1_11_content_tatsuyoshi-ikenoue_fizzbuzz_fizzbuzz.py.txt,1,train,648,tatsuyoshi-ikenoue_fizzbuzz_fizzbuzz,3
v1_12_content_dxania_Fizzbuzz_fizzbuzz.py.txt,1,train,649,dxania_fizzbuzz_fizzbuzz,5
v1_12_content_dxania_Fizzbuzz_fizzbuzz_tests.py.txt,1,test,650,dxania_fizzbuzz_fizzbuzz_tests,0
v1_12_content_nikhilrajucc_Python_firstfile.py.txt,1,val,651,nikhilrajucc_python_firstfile,2
v1_12_content_Subhamacademia_Efficient-way-to-Check-the-Divisibility-of-a-Number-by-Three_ex0.py.txt,1,train,652,subhamacademia_efficient-way-to-check-the-divisibility-of-a-number-by-three_ex0,1
v1_13_content_lev1nyo_Spotify-Best-before-task_parse_dates.py.txt,1,train,653,lev1nyo_spotify-best-before-task_parse_dates,4
v1_13_content_Odarlie_fizz_buzz_programming_logic_andelab_fizz_buzz_bootcamp_function.py.txt,1,train,654,odarlie_fizz_buzz_programming_logic_andelab_fizz_buzz_bootcamp_function,3
v1_13_content_Odarlie_fizz_buzz_programming_logic_andelab_test_fizz_buzz.py.txt,1,val,655,odarlie_fizz_buzz_programming_logic_andelab_test_fizz_buzz,5
v1_15_content_leni1_python-fizzbuzz_fizzbuzz.py.txt,1,train,656,leni1_python-fizzbuzz_fizzbuzz,2
v1_15_content_leni1_python-fizzbuzz_fizzbuzz_test.py.txt,1,train,657,leni1_python-fizzbuzz_fizzbuzz_test,1
v1_15_content_Nabeel-Asghar_List-Divsion_List-Division.py.txt,1,train,658,nabeel-asghar_list-divsion_list-division,4
v1_17_content_bhushankorpe_Fizz_Buzz_Fibonacci_Fizz_Buzz_Fibonacci.py.txt,1,train,659,bhushankorpe_fizz_buzz_fibonacci_fizz_buzz_fibonacci,3
v1_19_content_psvelezm_printSet_Pedro_Velez_pgm.py.txt,1,train,660,psvelezm_printset_pedro_velez_pgm,5
v1_1_content_alexirpan_divisibility-regex_app.py.txt,1,val,661,alexirpan_divisibility-regex_app,2
v1_20_content_IbrahimAyed_Multifractal-analysis-of-natural-images_texture_synthesis.py.txt,1,val,662,ibrahimayed_multifractal-analysis-of-natural-images_texture_synthesis,2
v1_20_content_IbrahimAyed_Multifractal-analysis-of-natural-images_zoom.py.txt,1,train,663,ibrahimayed_multifractal-analysis-of-natural-images_zoom,1
v1_22_content_Phillyclause89_ANIMAL_Quiz_ANIMAL.py.txt,1,train,664,phillyclause89_animal_quiz_animal,4
v1_27_content_SethEggerRocks_WakingMoments_WakingMoments.py.txt,1,train,665,setheggerrocks_wakingmoments_wakingmoments,3
v1_27_content_SethEggerRocks_WakingMoments_wakingWidgets.py.txt,1,train,666,setheggerrocks_wakingmoments_wakingwidgets,5
v1_2_content_johnrobyclayton_division-project_plot.py.txt,1,train,667,johnrobyclayton_division-project_plot,2
v1_3_content_arshdeepmalik_Fibonacci_series_divisibility_Fibonacci_series_.py.txt,1,test,668,arshdeepmalik_fibonacci_series_divisibility_fibonacci_series_,0
v1_3_content_HundredVisionsGuy_DivisibilityExceptionHandlingTests_test_Divisibility.py.txt,1,val,669,hundredvisionsguy_divisibilityexceptionhandlingtests_test_divisibility,1
v1_3_content_victornguyen75_x-factor_source.py.txt,1,train,670,victornguyen75_x-factor_source,4
v1_4_content_captainACE_python-ADVANCEMATH-lib_ap.py.txt,1,train,671,captainace_python-advancemath-lib_ap,3
v1_4_content_captainACE_python-ADVANCEMATH-lib_lineq.py.txt,1,train,672,captainace_python-advancemath-lib_lineq,5
v1_4_content_flaviohenriqu_divisibility_flaskapp.py.txt,1,train,673,flaviohenriqu_divisibility_flaskapp,2
v1_5_content_AdamJacoby_Hopf_Algebra_Tools.py.txt,1,train,674,adamjacoby_hopf_algebra_tools,1
v1_5_content_AdamJacoby_Hopf_ElementClass.py.txt,1,val,675,adamjacoby_hopf_elementclass,4
v1_5_content_AdamJacoby_Hopf_Example_Bpq.py.txt,1,train,676,adamjacoby_hopf_example_bpq,3
v1_5_content_AdamJacoby_Hopf_Example_CyclicGroup.py.txt,1,train,677,adamjacoby_hopf_example_cyclicgroup,5
v1_5_content_AdamJacoby_Hopf_Example_DihedralGroup.py.txt,1,test,678,adamjacoby_hopf_example_dihedralgroup,0
v1_5_content_AdamJacoby_Hopf_Example_GeneralizedDihedralGroup.py.txt,1,test,679,adamjacoby_hopf_example_generalizeddihedralgroup,0
v1_5_content_AdamJacoby_Hopf_Example_Matrix_Algebra.py.txt,1,train,680,adamjacoby_hopf_example_matrix_algebra,2
v1_5_content_AdamJacoby_Hopf_Example_Taft.py.txt,1,train,681,adamjacoby_hopf_example_taft,1
v1_5_content_AdamJacoby_Hopf_ExampleGroup_Functions.py.txt,1,train,682,adamjacoby_hopf_examplegroup_functions,3
v1_5_content_AdamJacoby_Hopf_Frobenius_Divisibility_Algorithm.py.txt,1,train,683,adamjacoby_hopf_frobenius_divisibility_algorithm,3
v1_5_content_AdamJacoby_Hopf_Frobenius_Tools.py.txt,1,train,684,adamjacoby_hopf_frobenius_tools,5
v1_5_content_AdamJacoby_Hopf_HopfConstructions.py.txt,1,train,685,adamjacoby_hopf_hopfconstructions,4
v1_5_content_DvorakSimon_divisibility_DivisionBySeven.py.txt,1,val,686,dvoraksimon_divisibility_divisionbyseven,1
v1_6_content_marcelotokarnia_dojo-divisibility-rules_is_divisible.py.txt,1,train,687,marcelotokarnia_dojo-divisibility-rules_is_divisible,4
v1_6_content_pushpanjalis_Basic-python-code_basic_code.py.txt,1,train,688,pushpanjalis_basic-python-code_basic_code,3
v1_6_content_seonkyuKim_DFA_DFA.py.txt,1,val,689,seonkyukim_dfa_dfa,5
v1_6_content_sockster_metroCard_metroCard.py.txt,1,train,690,sockster_metrocard_metrocard,2
v1_7_content_Broski-AC_FizzBuzz1_Fizzbuzz.py.txt,1,train,691,broski-ac_fizzbuzz1_fizzbuzz,1
v1_7_content_deawpic_math01_compute2.py.txt,1,train,692,deawpic_math01_compute2,4
v1_7_content_jakobpederson_divisible_pair_sums_divisible_pair_sums.py.txt,1,test,693,jakobpederson_divisible_pair_sums_divisible_pair_sums,0
v1_7_content_jakobpederson_divisible_pair_sums_test_divisible_pair_sums.py.txt,1,val,694,jakobpederson_divisible_pair_sums_test_divisible_pair_sums,3
v1_8_content_drake-young_Euler12_Python_main.py.txt,1,val,695,drake-young_euler12_python_main,5
v1_8_content_KreandOStudio_FizzBuzz_fizzbuzz.py.txt,1,val,696,kreandostudio_fizzbuzz_fizzbuzz,2
v1_8_content_leocarr_smallestmultiple_smallestmult.py.txt,1,train,697,leocarr_smallestmultiple_smallestmult,1
v1_10_content_kllinzy_Elliptic-Curve-Cryptography_demo.py.txt,1,train,698,kllinzy_elliptic-curve-cryptography_demo,4
v1_10_content_kllinzy_Elliptic-Curve-Cryptography_ecc.py.txt,1,train,699,kllinzy_elliptic-curve-cryptography_ecc,3
v1_10_content_kllinzy_Elliptic-Curve-Cryptography_point.py.txt,1,train,700,kllinzy_elliptic-curve-cryptography_point,5
v1_10_content_kllinzy_Elliptic-Curve-Cryptography_public_key.py.txt,1,train,701,kllinzy_elliptic-curve-cryptography_public_key,2
v1_10_content_ko-hii_EASY-Elliptic-curve-cryptography_decryption.py.txt,1,val,702,ko-hii_easy-elliptic-curve-cryptography_decryption,1
v1_10_content_ko-hii_EASY-Elliptic-curve-cryptography_rho.py.txt,1,train,703,ko-hii_easy-elliptic-curve-cryptography_rho,4
v1_10_content_Suraj-Rajesh_elliptic_curve_cryptography_main.py.txt,1,train,704,suraj-rajesh_elliptic_curve_cryptography_main,3
v1_11_content_Patrick-Doucet_Elliptic-Curve-Cryptography_EllipticCurve.py.txt,1,test,705,patrick-doucet_elliptic-curve-cryptography_ellipticcurve,0
v1_13_content_FN-HD_Elliptic_Curve_Cryptography_Main.py.txt,1,train,706,fn-hd_elliptic_curve_cryptography_main,5
v1_13_content_limqiying_crypto_final_project_DH-test.py.txt,1,test,707,limqiying_crypto_final_project_dh-test,0
v1_13_content_limqiying_crypto_final_project_EG-test.py.txt,1,train,708,limqiying_crypto_final_project_eg-test,2
v1_16_content_SemyonMakhaev_elliptic-curve_main.py.txt,1,val,709,semyonmakhaev_elliptic-curve_main,1
v1_17_content_achusat_Elliptic_Curve_Cryptography_ecc.py.txt,1,train,710,achusat_elliptic_curve_cryptography_ecc,4
v1_17_content_krshubham_ecc-elgamal_elgamal.py.txt,1,train,711,krshubham_ecc-elgamal_elgamal,3
v1_17_content_loranloranvl_ecc-point_ECC_Point.py.txt,1,val,712,loranloranvl_ecc-point_ecc_point,5
v1_18_content_FN-HD_Elliptic_Curve_Cryptography_Fp_main.py.txt,1,train,713,fn-hd_elliptic_curve_cryptography_fp_main,2
v1_19_content_tanishqjasoria_elliptic_curve_cryptography_mod.py.txt,1,train,714,tanishqjasoria_elliptic_curve_cryptography_mod,1
v1_1_content_randombit_pairings.py_bls.py.txt,1,val,715,randombit_pairings,4
v1_1_content_randombit_pairings.py_tripartite.py.txt,1,val,715,randombit_pairings,4
v1_20_content_UAvinash7_Cryptography_AsymmetricRSAAlgorithm.py.txt,1,train,716,uavinash7_cryptography_asymmetricrsaalgorithm,3
v1_20_content_UAvinash7_Cryptography_DigitalSignature.py.txt,1,train,717,uavinash7_cryptography_digitalsignature,5
v1_20_content_UAvinash7_Cryptography_SymmmetricAESAlogrithm.py.txt,1,train,718,uavinash7_cryptography_symmmetricaesalogrithm,2
v1_21_content_KingYapster_ECC-Elliptic-Curve-Cryptography-in-Python_ECC.py.txt,1,test,719,kingyapster_ecc-elliptic-curve-cryptography-in-python_ecc,0
v1_25_content_naveenpvg3_Comparative-Analysis-of-Elliptic-and-Hessian-curve-cryptography_comgra.py.txt,1,train,720,naveenpvg3_comparative-analysis-of-elliptic-and-hessian-curve-cryptography_comgra,1
v1_27_content_ayaar25_elgamalecceg_elgamal.py.txt,1,val,721,ayaar25_elgamalecceg_elgamal,4
v1_27_content_ayaar25_elgamalecceg_interface.py.txt,1,train,722,ayaar25_elgamalecceg_interface,3
v1_27_content_ayaar25_elgamalecceg_pointoperatorecc.py.txt,1,val,723,ayaar25_elgamalecceg_pointoperatorecc,5
v1_2_content_ablumenf_ECCpy_ECC.py.txt,1,train,724,ablumenf_eccpy_ecc,2
v1_2_content_cardwizard_EllipticCurves_ec_dhe.py.txt,1,val,725,cardwizard_ellipticcurves_ec_dhe,1
v1_2_content_cardwizard_EllipticCurves_math_helpers.py.txt,1,train,726,cardwizard_ellipticcurves_math_helpers,4
v1_2_content_johndoe31415_toyecc_dual_ec_drbg.py.txt,1,train,727,johndoe31415_toyecc_dual_ec_drbg,3
v1_2_content_johndoe31415_toyecc_ecctest.py.txt,1,train,728,johndoe31415_toyecc_ecctest,5
v1_2_content_johndoe31415_toyecc_ed25519test.py.txt,1,test,729,johndoe31415_toyecc_ed25519test,0
v1_2_content_johndoe31415_toyecc_elgamaltest.py.txt,1,train,730,johndoe31415_toyecc_elgamaltest,2
v1_2_content_johndoe31415_toyecc_PrefixMatcher.py.txt,1,train,731,johndoe31415_toyecc_prefixmatcher,1
v1_2_content_johndoe31415_toyecc_StopWatch.py.txt,1,val,732,johndoe31415_toyecc_stopwatch,4
v1_2_content_Yash0day_ElgamalEncryption-using-ECC_Hash.py.txt,1,train,733,yash0day_elgamalencryption-using-ecc_hash,3
v1_3_content_dare2095_EllipticCurveProject_ec_run.sage.py.txt,1,train,734,dare2095_ellipticcurveproject_ec_run.sage,5
v1_4_content_bward_ecc_signatures.py.txt,1,val,735,bward_ecc_signatures,2
v1_4_content_JakubVojvoda_elliptic-curve-brute-force_decipher.py.txt,1,train,736,jakubvojvoda_elliptic-curve-brute-force_decipher,1
v1_5_content_fernandolobato_ecc_verifiable_threshold_cryptosystem_key_gen.py.txt,1,train,737,fernandolobato_ecc_verifiable_threshold_cryptosystem_key_gen,5
v1_6_content_gionanide_Cryptography_Crack_zip_files.py.txt,1,train,738,gionanide_cryptography_crack_zip_files,2
v1_6_content_gionanide_Cryptography_Decrypt_Hip_replacement.py.txt,1,train,739,gionanide_cryptography_decrypt_hip_replacement,4
v1_6_content_gionanide_Cryptography_ECC_DH_key_exchange.py.txt,1,train,740,gionanide_cryptography_ecc_dh_key_exchange,1
v1_6_content_gionanide_Cryptography_encrypt_Image_sha256.py.txt,1,train,741,gionanide_cryptography_encrypt_image_sha256,4
v1_6_content_gionanide_Cryptography_manipulate_CRC_computations.py.txt,1,test,590,gionanide_cryptography_manipulate_crc_computations,0
v1_6_content_gionanide_Cryptography_superincreasing_knapsack.py.txt,1,test,742,gionanide_cryptography_superincreasing_knapsack,0
v1_6_content_gionanide_Cryptography_VernamCipher.py.txt,1,train,743,gionanide_cryptography_vernamcipher,3
v1_8_content_harshithachidanand_Elliptic-Curve-Cryptography_pollard_rho.py.txt,1,test,744,harshithachidanand_elliptic-curve-cryptography_pollard_rho,0
v1_8_content_harshithachidanand_Elliptic-Curve-Cryptography_Shanks_algo.py.txt,1,val,745,harshithachidanand_elliptic-curve-cryptography_shanks_algo,5
v1_11_content_harishchellappa_Time-Series-Analysis-Bike-Sharing-Demand-Forecasting_forecasting_2.py.txt,1,test,746,harishchellappa_time-series-analysis-bike-sharing-demand-forecasting_forecasting_2,0
v1_11_content_harishchellappa_Time-Series-Analysis-Bike-Sharing-Demand-Forecasting_forecasting_passes.py.txt,1,train,747,harishchellappa_time-series-analysis-bike-sharing-demand-forecasting_forecasting_passes,2
v1_11_content_harishchellappa_Time-Series-Analysis-Bike-Sharing-Demand-Forecasting_forecasting_revenue.py.txt,1,train,748,harishchellappa_time-series-analysis-bike-sharing-demand-forecasting_forecasting_revenue,1
v1_1_content_amazingspain_ExponentialSmoothing_finalWorldQuant.py.txt,1,val,749,amazingspain_exponentialsmoothing_finalworldquant,4
v1_1_content_ryanRahul5_Time-Series-on-python_time_series_anlys.py.txt,1,train,750,ryanrahul5_time-series-on-python_time_series_anlys,3
v1_2_content_kristpapadopoulos_keras-exponential-smoothing_main.py.txt,1,train,751,kristpapadopoulos_keras-exponential-smoothing_main,5
v1_2_content_kristpapadopoulos_keras-exponential-smoothing_ses.py.txt,1,train,752,kristpapadopoulos_keras-exponential-smoothing_ses,4
v1_2_content_Shanmukha-Y_SIngle-Exponential-Smoothing-_predict.py.txt,1,train,753,shanmukha-y_single-exponential-smoothing-_predict,2
v1_3_content_cdr6934_eSMA_ExpSMA.py.txt,1,train,754,cdr6934_esma_expsma,1
v1_3_content_RobbieXie_ExponentialSmoothing_Holt_Winters.py.txt,1,test,755,robbiexie_exponentialsmoothing_holt_winters,0
v1_6_content_hungph-dev-ict_simple-exponential-smoothing_main.py.txt,1,val,756,hungph-dev-ict_simple-exponential-smoothing_main,4
v1_6_content_morekeysjr_TechHubZambia_Project.py.txt,1,train,757,morekeysjr_techhubzambia_project,3
v1_8_content_6test5_expsmooth_expsmooth.py.txt,1,train,758,6test5_expsmooth_expsmooth,5
v1_9_content_Soumyabrata_predicting-pwv_benchmarking.py.txt,1,test,759,soumyabrata_predicting-pwv_benchmarking,0
v1_9_content_Soumyabrata_predicting-pwv_grid_search.py.txt,1,train,760,soumyabrata_predicting-pwv_grid_search,2
v1_9_content_Soumyabrata_predicting-pwv_pwv_forecasting.py.txt,1,train,761,soumyabrata_predicting-pwv_pwv_forecasting,1
v1_9_content_Soumyabrata_predicting-pwv_read_matfile.py.txt,1,train,762,soumyabrata_predicting-pwv_read_matfile,4
v1_10_content_stensonowen_factorial_bot_atoi.py.txt,1,train,763,stensonowen_factorial_bot_atoi,3
v1_10_content_stensonowen_factorial_bot_fact_bot.py.txt,1,test,764,stensonowen_factorial_bot_fact_bot,0
v1_10_content_stensonowen_factorial_bot_text2num.py.txt,1,train,765,stensonowen_factorial_bot_text2num,5
v1_11_content_kousu_primes_cubesieve_explore.py.txt,1,train,766,kousu_primes_cubesieve_explore,2
v1_11_content_kousu_primes_wsieve_b.py.txt,1,train,767,kousu_primes_wsieve_b,1
v1_12_content_vidya_digit-factorial-chain_test_digitfactorialchain.py.txt,1,train,768,vidya_digit-factorial-chain_test_digitfactorialchain,4
v1_19_content_bowiechen_FactorialDigitsSum_Counter.py.txt,1,train,769,bowiechen_factorialdigitssum_counter,3
v1_1_content_gsharu_QA_FACT_test_QAInterviewAppl.py.txt,1,train,770,gsharu_qa_fact_test_qainterviewappl,5
v1_1_content_mattjj_pyhsmm-factorial_util.py.txt,1,val,771,mattjj_pyhsmm-factorial_util,2
v1_1_content_MuricanCoderVersionTwo_Factorial-Calculation_Factorial.py.txt,1,val,772,muricancoderversiontwo_factorial-calculation_factorial,4
v1_23_content_AndreasChatz_factorial_constants.py.txt,1,train,773,andreaschatz_factorial_constants,1
v1_23_content_AndreasChatz_factorial_prime_swing.py.txt,1,train,774,andreaschatz_factorial_prime_swing,4
v1_2_content_CthulhuDen_Factorials_slaves.py.txt,1,val,775,cthulhuden_factorials_slaves,3
v1_30_content_talbrecht_ensemble-scoring_run.py.txt,1,train,776,talbrecht_ensemble-scoring_run,5
v1_33_content_priech_PyFactorial_factorial.py.txt,1,train,777,priech_pyfactorial_factorial,5
v1_36_content_EricHeGitHub_python-factorial-base-rubik-rectangle-word-game-overlapping-photographs-related-algorithms_factorial_base.py.txt,1,train,778,erichegithub_python-factorial-base-rubik-rectangle-word-game-overlapping-photographs-related-algorithms_factorial_base,2
v1_38_content_citigoad_Appengine_factorial_factorial.py.txt,1,train,779,citigoad_appengine_factorial_factorial,1
v1_3_content_kressi_turing_turing.py.txt,1,train,780,kressi_turing_turing,5
v1_3_content_Misael89_Programacion-Ejercicios_Promedio.py.txt,1,train,781,misael89_programacion-ejercicios_promedio,4
v1_42_content_jrooks0520_Python_Factorial_CS230_Project4.py.txt,1,train,782,jrooks0520_python_factorial_cs230_project4,3
v1_43_content_Warriorchief_Euler34_DigitFactorials_Euler34_Digit_Factorials.py.txt,1,train,783,warriorchief_euler34_digitfactorials_euler34_digit_factorials,5
v1_4_content_hyper750_factorialhr_constants.py.txt,1,train,784,hyper750_factorialhr_constants,2
v1_4_content_moduloone_QualtricsFactorialVignettes_questiongen.py.txt,1,train,785,moduloone_qualtricsfactorialvignettes_questiongen,1
v1_4_content_rohinigopalqxf2_Factorial-Calculator-Practice_03_Fill_values.py.txt,1,test,786,rohinigopalqxf2_factorial-calculator-practice_03_fill_values,0
v1_4_content_rohinigopalqxf2_Factorial-Calculator-Practice_04_Calculation.py.txt,1,test,787,rohinigopalqxf2_factorial-calculator-practice_04_calculation,0
v1_4_content_rohinigopalqxf2_Factorial-Calculator-Practice_05_Non_Integer_Validation.py.txt,1,train,788,rohinigopalqxf2_factorial-calculator-practice_05_non_integer_validation,5
v1_51_content_adityapatelgithub_Expressions-and-Functions_evalpostfix.py.txt,1,train,789,adityapatelgithub_expressions-and-functions_evalpostfix,2
v1_51_content_adityapatelgithub_Expressions-and-Functions_evaluate.py.txt,1,train,790,adityapatelgithub_expressions-and-functions_evaluate,4
v1_51_content_adityapatelgithub_Expressions-and-Functions_linkedlist.py.txt,1,train,791,adityapatelgithub_expressions-and-functions_linkedlist,1
v1_51_content_adityapatelgithub_Expressions-and-Functions_newsplit.py.txt,1,test,792,adityapatelgithub_expressions-and-functions_newsplit,0
v1_51_content_adityapatelgithub_Expressions-and-Functions_peekable.py.txt,1,train,793,adityapatelgithub_expressions-and-functions_peekable,4
v1_5_content_brown9804_Python_DiversosAlgortimos_CalculoParametrosBalonClimatico.py.txt,1,train,794,brown9804_python_diversosalgortimos_calculoparametrosbalonclimatico,3
v1_5_content_brown9804_Python_DiversosAlgortimos_CreandoMatrizApartirTXT.py.txt,1,train,795,brown9804_python_diversosalgortimos_creandomatrizapartirtxt,2
v1_5_content_brown9804_Python_DiversosAlgortimos_JuegoGato_XO.py.txt,1,train,796,brown9804_python_diversosalgortimos_juegogato_xo,5
v1_5_content_brown9804_Python_DiversosAlgortimos_Maquina_Atwood.py.txt,1,train,797,brown9804_python_diversosalgortimos_maquina_atwood,2
v1_5_content_brown9804_Python_DiversosAlgortimos_VerificaFechaValidaCalendario.py.txt,1,test,798,brown9804_python_diversosalgortimos_verificafechavalidacalendario,0
v1_77_content_elisawarner_Fun_determinant.py.txt,1,val,799,elisawarner_fun_determinant,1
v1_7_content_yicheng-w_70Factorial_app.py.txt,1,train,800,yicheng-w_70factorial_app,4
v1_84_content_rev1z_async_factorial_webapp_logic.py.txt,1,train,801,rev1z_async_factorial_webapp_logic,3
v1_8_content_amit0-git_simple-python-program_English-alphabets.py.txt,1,train,802,amit0-git_simple-python-program_english-alphabets,5
v1_8_content_jcwyatt_factorial_factorial.py.txt,1,val,803,jcwyatt_factorial_factorial,2
v1_91_content_MerliX_async-factorial_server.py.txt,1,train,804,merlix_async-factorial_server,1
v1_97_content_mjurk456_mini-snakes_aligning_text_file.py.txt,1,val,805,mjurk456_mini-snakes_aligning_text_file,4
v1_97_content_mjurk456_mini-snakes_fizz_buzz.py.txt,1,train,806,mjurk456_mini-snakes_fizz_buzz,3
v1_97_content_mjurk456_mini-snakes_flowers.py.txt,1,train,606,mjurk456_mini-snakes_flowers,4
v1_97_content_mjurk456_mini-snakes_love_calculator.py.txt,1,train,807,mjurk456_mini-snakes_love_calculator,5
v1_97_content_mjurk456_mini-snakes_pesel.py.txt,1,test,808,mjurk456_mini-snakes_pesel,0
v1_97_content_mjurk456_mini-snakes_pseudorandom_sentence_generator.py.txt,1,train,809,mjurk456_mini-snakes_pseudorandom_sentence_generator,2
v1_97_content_mjurk456_mini-snakes_web_scrapper.py.txt,1,train,810,mjurk456_mini-snakes_web_scrapper,1
v1_9_content_ankur-anand_Factorial-Algorithm_fact_12_unittest.py.txt,1,train,811,ankur-anand_factorial-algorithm_fact_12_unittest,4
v1_10_content_edwardj728_sequences_project_sequences.py.txt,1,train,812,edwardj728_sequences_project_sequences,3
v1_10_content_jhreinholdt_fibonacci-sequence_fibonacci_sequence.py.txt,1,train,813,jhreinholdt_fibonacci-sequence_fibonacci_sequence,5
v1_11_content_XlogicX_Fibonacci_fib.py.txt,1,train,814,xlogicx_fibonacci_fib,2
v1_13_content_danielSbastos_binary-fibonacci_columns.py.txt,1,train,815,danielsbastos_binary-fibonacci_columns,1
v1_13_content_danielSbastos_binary-fibonacci_prototype.py.txt,1,train,816,danielsbastos_binary-fibonacci_prototype,4
v1_13_content_danielSbastos_binary-fibonacci_transpose.py.txt,1,test,817,danielsbastos_binary-fibonacci_transpose,0
v1_13_content_frederikpietzko_fun_with_python_gdc_euclidian_algorithm.py.txt,1,train,818,frederikpietzko_fun_with_python_gdc_euclidian_algorithm,3
v1_13_content_frederikpietzko_fun_with_python_prime_factorization.py.txt,1,val,819,frederikpietzko_fun_with_python_prime_factorization,5
v1_14_content_Alexander35_fibonacci_sequence_fibonacci.py.txt,1,train,820,alexander35_fibonacci_sequence_fibonacci,2
v1_14_content_Alexander35_fibonacci_sequence_fibonacci_tests.py.txt,1,val,821,alexander35_fibonacci_sequence_fibonacci_tests,1
v1_14_content_Alexander35_fibonacci_sequence_http_server_tests.py.txt,1,train,822,alexander35_fibonacci_sequence_http_server_tests,5
v1_19_content_frankiekienlam_Fibonacci_Pyramids_pyramid.py.txt,1,train,823,frankiekienlam_fibonacci_pyramids_pyramid,4
v1_19_content_frankiekienlam_Fibonacci_Pyramids_test_pset.py.txt,1,train,824,frankiekienlam_fibonacci_pyramids_test_pset,3
v1_21_content_danielleos_Fibonacci-Generator_main.py.txt,1,train,825,danielleos_fibonacci-generator_main,5
v1_25_content_sharonyeji_Fibonacci_Sequence_test_sequences.py.txt,1,train,826,sharonyeji_fibonacci_sequence_test_sequences,2
v1_30_content_pwneip_fibonacci_fibonacci.py.txt,1,train,827,pwneip_fibonacci_fibonacci,1
v1_38_content_emilyhammer_fibonacci_app.py.txt,1,train,828,emilyhammer_fibonacci_app,4
v1_40_content_j-nicholson_FibonacciPy_fibonacci.py.txt,1,train,829,j-nicholson_fibonaccipy_fibonacci,3
v1_42_content_tesladodger_Fibonacci_fibonacci.py.txt,1,train,830,tesladodger_fibonacci_fibonacci,5
v1_44_content_Mazuh_Fibonacci_fib_benchmark.py.txt,1,val,831,mazuh_fibonacci_fib_benchmark,2
v1_44_content_nathanthomashoang_fibonacci-sequence-recursive_fibonacci_recursive.py.txt,1,val,832,nathanthomashoang_fibonacci-sequence-recursive_fibonacci_recursive,1
v1_46_content_skropf_fib-drawer_Mathematics.py.txt,1,train,833,skropf_fib-drawer_mathematics,4
v1_46_content_skropf_fib-drawer_test-animation.py.txt,1,train,834,skropf_fib-drawer_test-animation,3
v1_48_content_PhilGrogan_fibonacci_fibonacci.py.txt,1,train,835,philgrogan_fibonacci_fibonacci,5
v1_49_content_ajh1143_FibonacciScatterPlot_FibonacciScatter.py.txt,1,train,836,ajh1143_fibonacciscatterplot_fibonacciscatter,2
v1_4_content_razaHamdani_Fibonacci-ish-Sequence_fib.py.txt,1,val,837,razahamdani_fibonacci-ish-sequence_fib,1
v1_50_content_eyablokov_fibonacci-api_test_resources.py.txt,1,train,838,eyablokov_fibonacci-api_test_resources,4
v1_51_content_rw15e_CIS4930-Python-Project-3_graph.py.txt,1,val,839,rw15e_cis4930-python-project-3_graph,3
v1_51_content_UnPolinomio_fibonacci-number_numbers.py.txt,1,train,840,unpolinomio_fibonacci-number_numbers,5
v1_55_content_NM20XX_Python_Fibonacci_Sequence.py.txt,1,train,841,nm20xx_python_fibonacci_sequence,2
v1_60_content_michaelstrefeler_pyFibonacci_fibonacci.py.txt,1,val,842,michaelstrefeler_pyfibonacci_fibonacci,1
v1_61_content_AaronRobson_sequences_decorators.py.txt,1,train,843,aaronrobson_sequences_decorators,4
v1_61_content_AaronRobson_sequences_fibonacci_numbers.py.txt,1,train,844,aaronrobson_sequences_fibonacci_numbers,2
v1_61_content_AaronRobson_sequences_prime_gui.py.txt,1,train,845,aaronrobson_sequences_prime_gui,3
v1_61_content_AaronRobson_sequences_triangle_numbers.py.txt,1,train,846,aaronrobson_sequences_triangle_numbers,5
v1_61_content_gpwood_fibonacciOfOrderN_fib.py.txt,1,train,847,gpwood_fibonacciofordern_fib,2
v1_61_content_gpwood_fibonacciOfOrderN_pad.py.txt,1,train,848,gpwood_fibonacciofordern_pad,1
v1_62_content_arenart90_fsm-python_fsm.py.txt,1,train,849,arenart90_fsm-python_fsm,4
v1_62_content_MurphyPone_fibo-converter_main.py.txt,1,train,850,murphypone_fibo-converter_main,3
v1_67_content_GilbyScarChest_Fibonacci_API_app.py.txt,1,train,851,gilbyscarchest_fibonacci_api_app,5
v1_68_content_jacob-bonner_ICS3U-Assignment7-Python_fibonacci.py.txt,1,train,852,jacob-bonner_ics3u-assignment7-python_fibonacci,2
v1_79_content_s1ssagar_fibonacci-finding-easy_fibonacci-finding-easy.py.txt,1,train,854,s1ssagar_fibonacci-finding-easy_fibonacci-finding-easy,4
v1_8_content_lucasmullerm_turing-machine-fibonacci_main.py.txt,1,train,855,lucasmullerm_turing-machine-fibonacci_main,3
v1_8_content_lucasmullerm_turing-machine-fibonacci_tm.py.txt,1,test,856,lucasmullerm_turing-machine-fibonacci_tm,0
v1_8_content_rianlian7_FibonacciSequence-Python-Tk_Fibonacci_Sequence.py.txt,1,test,857,rianlian7_fibonaccisequence-python-tk_fibonacci_sequence,0
v1_99_content_MatheusMuriel_ProgramacaoDinamica_fib_rec_memorization.py.txt,1,train,858,matheusmuriel_programacaodinamica_fib_rec_memorization,3
v1_99_content_MatheusMuriel_ProgramacaoDinamica_Memoria.py.txt,1,val,859,matheusmuriel_programacaodinamica_memoria,5
v1_99_content_MatheusMuriel_ProgramacaoDinamica_Plotador.py.txt,1,train,860,matheusmuriel_programacaodinamica_plotador,2
v1_9_content_ghemsley_fibonacci_fib.py.txt,1,train,861,ghemsley_fibonacci_fib,1
v1_11_content_liam-han_all-pairs-shortest-path_allPairsShortestPath.py.txt,1,val,862,liam-han_all-pairs-shortest-path_allpairsshortestpath,4
v1_11_content_liam-han_all-pairs-shortest-path_py.py.txt,1,train,863,liam-han_all-pairs-shortest-path_py,3
v1_11_content_liam-han_all-pairs-shortest-path_test.py.txt,1,val,143,liam-han_all-pairs-shortest-path_test,5
v1_12_content_AtahanCelebi_Shortest-Route-with-Floyd-Warshall-Algorithm_map_distance.py.txt,1,train,864,atahancelebi_shortest-route-with-floyd-warshall-algorithm_map_distance,3
v1_12_content_byu014_all-pairs-shortest-path_allPairsShortestPath.py.txt,1,train,865,byu014_all-pairs-shortest-path_allpairsshortestpath,5
v1_13_content_AtahanCelebi_En-K-sa-Yol_map_distance.py.txt,1,train,866,atahancelebi_en-k-sa-yol_map_distance,3
v1_13_content_AtahanCelebi_En-K-sa-Yol_polyline_denemesi.py.txt,1,train,867,atahancelebi_en-k-sa-yol_polyline_denemesi,2
v1_13_content_AtahanCelebi_En-K-sa-Yol_warshall.py.txt,1,train,868,atahancelebi_en-k-sa-yol_warshall,1
v1_13_content_monicanto101_all-pairs-shortest-path_allPairsShortestPath.py.txt,1,train,869,monicanto101_all-pairs-shortest-path_allpairsshortestpath,4
v1_14_content_arnaudperalta_py_graphpath___main__.py.txt,1,train,870,arnaudperalta_py_graphpath___main__,3
v1_14_content_arnaudperalta_py_graphpath_graph.py.txt,1,train,871,arnaudperalta_py_graphpath_graph,5
v1_14_content_MGhousSarwar_Algorithm-Analysis_Script.py.txt,1,train,872,mghoussarwar_algorithm-analysis_script,2
v1_16_content_QueraltSM_HospitalShortestPath_main.py.txt,1,train,873,queraltsm_hospitalshortestpath_main,1
v1_17_content_kanavkhanna_Application-Software_Software_Application.py.txt,1,train,874,kanavkhanna_application-software_software_application,4
v1_1_content_nilsonneto_floydWarshall_main.py.txt,1,train,875,nilsonneto_floydwarshall_main,3
v1_1_content_TamaWilson_floyd_python_floyd.py.txt,1,train,877,tamawilson_floyd_python_floyd,2
v1_2_content_Ap1402_floydWarshall_floyd.py.txt,1,train,878,ap1402_floydwarshall_floyd,1
v1_3_content_hamedomidvar_GPU_FloydWarshall_FW_Rev0.1.py.txt,1,train,879,hamedomidvar_gpu_floydwarshall_fw_rev0.1,4
v1_3_content_harisrkhan7_FloydWarshallAlgorithmParallelisation_goodgraph.py.txt,1,train,880,harisrkhan7_floydwarshallalgorithmparallelisation_goodgraph,3
v1_3_content_renyuntao_Floyd_Warshall_floyd.py.txt,1,train,881,renyuntao_floyd_warshall_floyd,5
v1_4_content_mmcniece_tiled_floyd_warshall_tiled_FW.py.txt,1,train,882,mmcniece_tiled_floyd_warshall_tiled_fw,2
v1_5_content_Abdallah-Elshamy_floyd-warshall_APSP-Floyd_Warshall.py.txt,1,train,883,abdallah-elshamy_floyd-warshall_apsp-floyd_warshall,1
v1_5_content_jzell001_Bellman_Ford_Floyd_Warshall_._c9_invoke_zARza2.py.txt,1,train,884,jzell001_bellman_ford_floyd_warshall_._c9_invoke_zarza2,4
v1_5_content_jzell001_Bellman_Ford_Floyd_Warshall_bellman_ford.py.txt,1,val,885,jzell001_bellman_ford_floyd_warshall_bellman_ford,5
v1_5_content_NuttySalmon_connecting_flights_start.py.txt,1,val,886,nuttysalmon_connecting_flights_start,3
v1_6_content_1siddhi7_Floyd-Warshall_fw.py.txt,1,train,887,1siddhi7_floyd-warshall_fw,5
v1_6_content_1siddhi7_Floyd-Warshall_tk.py.txt,1,train,888,1siddhi7_floyd-warshall_tk,2
v1_6_content_chawl002_PythonProject141_2_assignment2.py.txt,1,train,889,chawl002_pythonproject141_2_assignment2,1
v1_7_content_ghifarozarrr_floyd-warshall-algorithm_floyd.py.txt,1,train,890,ghifarozarrr_floyd-warshall-algorithm_floyd,4
v1_7_content_tsingh94_Bellman-Ford-and-Floyd-Warshall-Algorithms_Shortestdistance_graph_algos.py.txt,1,test,891,tsingh94_bellman-ford-and-floyd-warshall-algorithms_shortestdistance_graph_algos,0
v1_8_content_andersonlthome_floyd-warshall-algorithm_floyd_warshall.py.txt,1,test,892,andersonlthome_floyd-warshall-algorithm_floyd_warshall,0
v1_8_content_chiragragarwal_Graphs_And_Networks_graph_plot.py.txt,1,train,893,chiragragarwal_graphs_and_networks_graph_plot,3
v1_8_content_chiragragarwal_Graphs_And_Networks_numpy_help.py.txt,1,train,894,chiragragarwal_graphs_and_networks_numpy_help,5
v1_8_content_chiragragarwal_Graphs_And_Networks_PlotGraph.py.txt,1,train,895,chiragragarwal_graphs_and_networks_plotgraph,2
v1_8_content_chiragragarwal_Graphs_And_Networks_ReadGraph.py.txt,1,val,896,chiragragarwal_graphs_and_networks_readgraph,1
v1_8_content_JanFeys_Floyd-Warshall-All-Pairs-Shortest-Path_FloydWarshallAPSP.py.txt,1,train,897,janfeys_floyd-warshall-all-pairs-shortest-path_floydwarshallapsp,4
v1_10_content_nazaninsbr_Intelligent-Systems-CA3_Q3_Clustering.py.txt,1,train,898,nazaninsbr_intelligent-systems-ca3_q3_clustering,3
v1_10_content_Suji04_ML-Clustering_hccluster.py.txt,1,train,899,suji04_ml-clustering_hccluster,5
v1_13_content_theSnehaThing_HierarchicalClustering_Hierchial_Classification.py.txt,1,train,900,thesnehathing_hierarchicalclustering_hierchial_classification,4
v1_15_content_sharonWU0505_Hierarchical-Clustering-of-Facebook-Fan-Pages_Preprocess_tf.py.txt,1,train,901,sharonwu0505_hierarchical-clustering-of-facebook-fan-pages_preprocess_tf,2
v1_18_content_ronak-07_Agglomerative-Hierarchical-Clustering_Agglomerative.py.txt,1,val,902,ronak-07_agglomerative-hierarchical-clustering_agglomerative,1
v1_18_content_ronak-07_Agglomerative-Hierarchical-Clustering_Preprocess.py.txt,1,val,903,ronak-07_agglomerative-hierarchical-clustering_preprocess,4
v1_18_content_Saychakr13_CLUSTERING_MODELS_hc.py.txt,1,train,904,saychakr13_clustering_models_hc,3
v1_20_content_a-hamza-r_Hierarchical-Clustering_hpc_classify.py.txt,1,train,905,a-hamza-r_hierarchical-clustering_hpc_classify,5
v1_21_content_jakubsilhavy_mhhc_config.py.txt,1,train,906,jakubsilhavy_mhhc_config,2
v1_21_content_jakubsilhavy_mhhc_data_prep_LLS.py.txt,1,train,907,jakubsilhavy_mhhc_data_prep_lls,1
v1_25_content_83Shashi_Hierarchical-Clustering_hierarchicalclustering.py.txt,1,train,908,83shashi_hierarchical-clustering_hierarchicalclustering,4
v1_25_content_MarcLindenbach_2d-grouping_k_cluster.py.txt,1,train,909,marclindenbach_2d-grouping_k_cluster,3
v1_26_content_dmallya93_Intelligent-Web-Services-Discovery-using-Clustering-Method_description_similarities.py.txt,1,train,910,dmallya93_intelligent-web-services-discovery-using-clustering-method_description_similarities,5
v1_26_content_dmallya93_Intelligent-Web-Services-Discovery-using-Clustering-Method_jsonMaker.py.txt,1,train,911,dmallya93_intelligent-web-services-discovery-using-clustering-method_jsonmaker,2
v1_29_content_gentom_sentences-similarity-cluster_levenshtein.py.txt,1,train,912,gentom_sentences-similarity-cluster_levenshtein,1
v1_29_content_SomeshKashyap_Hierarchical-Clustering_HierarchicalClustering.py.txt,1,train,913,someshkashyap_hierarchical-clustering_hierarchicalclustering,4
v1_2_content_zalayo_Hierarchical-Linkage-Regression_HLRlinkages.py.txt,1,train,914,zalayo_hierarchical-linkage-regression_hlrlinkages,3
v1_2_content_zalayo_Hierarchical-Linkage-Regression_HLRtest.py.txt,1,train,915,zalayo_hierarchical-linkage-regression_hlrtest,5
v1_32_content_BhaveshMotwani_Hierarchical_Document_Clustering_hac.py.txt,1,test,916,bhaveshmotwani_hierarchical_document_clustering_hac,0
v1_32_content_Terry-Kusunoki-Martin_World-University-Rankings-Clustering_filehelper.py.txt,1,train,917,terry-kusunoki-martin_world-university-rankings-clustering_filehelper,2
v1_33_content_apoorvpatne10_Hierarchical-clustering_hc.py.txt,1,train,918,apoorvpatne10_hierarchical-clustering_hc,1
v1_36_content_hasanunl_Hierarchical-Clustering-in-Python-Training_hc_training.py.txt,1,val,919,hasanunl_hierarchical-clustering-in-python-training_hc_training,4
v1_39_content_rcchoksi_ANN-and-hierarchical-clustering-for-Flag-data_Clustering.py.txt,1,train,920,rcchoksi_ann-and-hierarchical-clustering-for-flag-data_clustering,3
v1_3_content_riteshkasat_Community-Detection-Algorithm_detect_community.py.txt,1,train,921,riteshkasat_community-detection-algorithm_detect_community,5
v1_44_content_IQbrod_Hierarchical-clustering_parthieragglo.py.txt,1,train,922,iqbrod_hierarchical-clustering_parthieragglo,2
v1_47_content_sejall_Hierarchical-Clustering_hierrchical_clustering.py.txt,1,test,923,sejall_hierarchical-clustering_hierrchical_clustering,0
v1_4_content_kevalmorabia97_Agglomerative-Hierarchical-Clustering-Comparison_HierarchicalAgglomerativeClustering.py.txt,1,train,924,kevalmorabia97_agglomerative-hierarchical-clustering-comparison_hierarchicalagglomerativeclustering,1
v1_4_content_ktrujillo52_Bitcoin-price-forecast_bitcoin_clustering.py.txt,1,train,925,ktrujillo52_bitcoin-price-forecast_bitcoin_clustering,4
v1_4_content_wazzaarvind_Clustering-Algorithms_reducer.py.txt,1,test,926,wazzaarvind_clustering-algorithms_reducer,0
v1_50_content_mrugankray_Hierarchical_Clustering_hierarchichal_clustering.py.txt,1,train,927,mrugankray_hierarchical_clustering_hierarchichal_clustering,3
v1_51_content_ParthanOlikkal_Agglomerative-Hierarchical-Clustering_Agglomerative_hierarchical_clustering.py.txt,1,train,928,parthanolikkal_agglomerative-hierarchical-clustering_agglomerative_hierarchical_clustering,5
v1_51_content_qolina_AggED_simple-txt-to-text-stream.py.txt,1,train,929,qolina_agged_simple-txt-to-text-stream,2
v1_52_content_worldofnick_Wikipedia-Mining_wiki_prepare.py.txt,1,train,930,worldofnick_wikipedia-mining_wiki_prepare,1
v1_54_content_juancprzs_hierarchical-clustering-example_tutorial_python.py.txt,1,train,931,juancprzs_hierarchical-clustering-example_tutorial_python,4
v1_55_content_siddbhatia07_MACHINE-LEARNING_Simple_linear_regression.py.txt,1,test,932,siddbhatia07_machine-learning_simple_linear_regression,0
v1_55_content_taksug229_Python-hierarchical-clustering_Working_Data_Hierarchical_Clustering.py.txt,1,val,933,taksug229_python-hierarchical-clustering_working_data_hierarchical_clustering,3
v1_56_content_RohanBose95_CommunityDetectionAlgorithmImplementation_CommunityDetectionAlgorithmOnKarateClubGraph.py.txt,1,train,934,rohanbose95_communitydetectionalgorithmimplementation_communitydetectionalgorithmonkarateclubgraph,5
v1_59_content_RoobiyaKhan_Clustering-Models-in-R-and-Python_r.HierarchicalClus.py.txt,1,train,2254,roobiyakhan_clustering-models-in-r-and-python_r.hierarchicalclus,5
v1_61_content_cthorrez_deepsetLinkage_baselines.py.txt,1,train,935,cthorrez_deepsetlinkage_baselines,2
v1_61_content_cthorrez_deepsetLinkage_plot_results.py.txt,1,train,936,cthorrez_deepsetlinkage_plot_results,1
v1_67_content_SuchitPSawant_Clustering_hc.py.txt,1,train,2255,suchitpsawant_clustering_hc,2
v1_68_content_ajitashree_Data_Mining_Algorithms_eclat.py.txt,1,train,937,ajitashree_data_mining_algorithms_eclat,4
v1_69_content_MarynaTatsevich_Machine-Learning-Unsupervised-Learning-Techniques_hierarchical_clustering_algorithm.py.txt,1,train,938,marynatatsevich_machine-learning-unsupervised-learning-techniques_hierarchical_clustering_algorithm,3
v1_6_content_yasinakinn_hierarchical-clustering_linkage_methods.py.txt,1,train,939,yasinakinn_hierarchical-clustering_linkage_methods,5
v1_70_content_metr0jw_video-liveness-measurement_video_cut_bts.py.txt,1,train,940,metr0jw_video-liveness-measurement_video_cut_bts,2
v1_70_content_metr0jw_video-liveness-measurement_video_cut_itzy.py.txt,1,train,2256,metr0jw_video-liveness-measurement_video_cut_itzy,1
v1_86_content_sudarshan-koirala_Clustering-Algorithms-Comparision_hierarchical_clustering.py.txt,1,val,941,sudarshan-koirala_clustering-algorithms-comparision_hierarchical_clustering,1
v1_93_content_vishwakftw_extreme-classification_baseline.py.txt,1,test,942,vishwakftw_extreme-classification_baseline,0
v1_99_content_sadhana-lenkala_Clustering-Models-for-retail-store_Hierarchial_Clsutering.py.txt,1,train,943,sadhana-lenkala_clustering-models-for-retail-store_hierarchial_clsutering,3
v1_9_content_mgarasz_DTW-Cryptocurrencies_crypto_scrape_helper.py.txt,1,test,944,mgarasz_dtw-cryptocurrencies_crypto_scrape_helper,0
v1_10_content_iJohnMaged_Huffman-Coding_fileIO.py.txt,1,train,945,ijohnmaged_huffman-coding_fileio,2
v1_10_content_selden-lin_python_huffman_tree_decompressor_nodes.py.txt,1,train,946,selden-lin_python_huffman_tree_decompressor_nodes,4
v1_11_content_SharifAmit_HuffmanCoding_encoder.py.txt,1,train,947,sharifamit_huffmancoding_encoder,1
v1_12_content_gabrielviggiano_MD_Huffman_huffman.py.txt,1,train,948,gabrielviggiano_md_huffman_huffman,4
v1_13_content_ctao5660_huffman-tree_huffmancompression.py.txt,1,test,949,ctao5660_huffman-tree_huffmancompression,0
v1_13_content_sehajchawla_Compression_arithmetic.py.txt,1,train,950,sehajchawla_compression_arithmetic,3
v1_14_content_lucascamposj_huffman-coding_huffman_decode.py.txt,1,val,951,lucascamposj_huffman-coding_huffman_decode,5
v1_15_content_Nan-L_Huffman_Coding_HuffmanHeap.py.txt,1,test,952,nan-l_huffman_coding_huffmanheap,0
v1_15_content_prashant-kikani_image-optimizer_utils.py.txt,1,train,953,prashant-kikani_image-optimizer_utils,2
v1_16_content_loalberto_Analysis-of-Compression-Algorithms-_HuffmanCoding.py.txt,1,train,954,loalberto_analysis-of-compression-algorithms-_huffmancoding,1
v1_16_content_MiKoronjoo_Python-Huffman-coding_decoding.py.txt,1,train,955,mikoronjoo_python-huffman-coding_decoding,4
v1_17_content_fekadeabdejene_HuffmanEncoding_Huffman.py.txt,1,train,956,fekadeabdejene_huffmanencoding_huffman,3
v1_18_content_NegarMirgati_CodingAndErrorDetection_All.py.txt,1,val,957,negarmirgati_codinganderrordetection_all,5
v1_19_content_CQuocDat_huffman_de_huffman.py.txt,1,train,958,cquocdat_huffman_de_huffman,2
v1_19_content_Venergon_huffman_huffman_binary.py.txt,1,train,959,venergon_huffman_huffman_binary,1
v1_1_content_bhrigu123_huffman-coding_huffman.py.txt,1,train,960,bhrigu123_huffman-coding_huffman,4
v1_1_content_farizrahman4u_huffmax_test_training_speed.py.txt,1,train,961,farizrahman4u_huffmax_test_training_speed,3
v1_1_content_josgard94_JPEG_Algoritmo_jpeg.py.txt,1,train,962,josgard94_jpeg_algoritmo_jpeg,5
v1_1_content_josgard94_JPEG_generador_huffman_code.py.txt,1,train,963,josgard94_jpeg_generador_huffman_code,2
v1_20_content_maganoegi_huffman_decompressor_decomp_PLATONOV_MPACKO.py.txt,1,test,964,maganoegi_huffman_decompressor_decomp_platonov_mpacko,0
v1_21_content_loalberto_HuffmanCoding_HuffmanCoding.py.txt,1,test,965,loalberto_huffmancoding_huffmancoding,0
v1_21_content_Nareshbabu19_Python-Image-compression_test2.py.txt,1,train,966,nareshbabu19_python-image-compression_test2,1
v1_22_content_Raxev_datastructures3_huffElement.py.txt,1,train,967,raxev_datastructures3_huffelement,4
v1_23_content_xuwangme_huffmanTree_Main.py.txt,1,train,968,xuwangme_huffmantree_main,3
v1_24_content_maganoegi_huffman_compressor_comp_PLATONOV_MPACKO.py.txt,1,train,969,maganoegi_huffman_compressor_comp_platonov_mpacko,5
v1_24_content_MariosPitsali_algorithms-practice_ducks.py.txt,1,train,970,mariospitsali_algorithms-practice_ducks,2
v1_24_content_MariosPitsali_algorithms-practice_rollback.py.txt,1,train,971,mariospitsali_algorithms-practice_rollback,1
v1_26_content_liangsheng02_Huffman-Tree_huff-decompress.py.txt,1,train,972,liangsheng02_huffman-tree_huff-decompress,4
v1_28_content_Mansy_HuffmanCode_Huffman.py.txt,1,train,973,mansy_huffmancode_huffman,3
v1_2_content_jaurelio1_Huffman_Opencv_main.py.txt,1,train,974,jaurelio1_huffman_opencv_main,5
v1_2_content_JoshuaEbenezer_huffman_encoding_huffman.py.txt,1,train,975,joshuaebenezer_huffman_encoding_huffman,2
v1_31_content_alonek1_huffman_compression_algorithm_haffmen.py.txt,1,test,976,alonek1_huffman_compression_algorithm_haffmen,0
v1_32_content_rihartma_huffmanCoding_files.py.txt,1,train,977,rihartma_huffmancoding_files,1
v1_36_content_guoziqingbupt_Huffman-Coding_HuffmanDecode.py.txt,1,test,978,guoziqingbupt_huffman-coding_huffmandecode,0
v1_39_content_falay_HuffmanCoding_decoder.py.txt,1,train,979,falay_huffmancoding_decoder,4
v1_3_content_mightydeveloper_Deep-Compression-PyTorch_pruning.py.txt,1,train,980,mightydeveloper_deep-compression-pytorch_pruning,3
v1_3_content_xiekch_Adaptive-Huffman-Coding_bitStream.py.txt,1,test,981,xiekch_adaptive-huffman-coding_bitstream,0
v1_3_content_xiekch_Adaptive-Huffman-Coding_node.py.txt,1,val,982,xiekch_adaptive-huffman-coding_node,5
v1_3_content_xiekch_Adaptive-Huffman-Coding_test.py.txt,1,train,983,xiekch_adaptive-huffman-coding_test,2
v1_41_content_moyeshkhanal_HuffmanCompression_test_ReadWrite.py.txt,1,train,984,moyeshkhanal_huffmancompression_test_readwrite,1
v1_45_content_craig-m-k_huffman-coding_heapify.py.txt,1,train,985,craig-m-k_huffman-coding_heapify,4
v1_47_content_saladcat_Huffman_Form1.py.txt,1,train,986,saladcat_huffman_form1,3
v1_49_content_andreanndrade10_Huffman-Compressor_huffman.py.txt,1,train,987,andreanndrade10_huffman-compressor_huffman,5
v1_4_content_amzhang1_simple-JPEG-compression_zigzag.py.txt,1,train,988,amzhang1_simple-jpeg-compression_zigzag,2
v1_52_content_blaynewagner_Huffman-Encoder_huffman_tests.py.txt,1,val,989,blaynewagner_huffman-encoder_huffman_tests,1
v1_55_content_danmenjivar_huffman_huffman.py.txt,1,test,990,danmenjivar_huffman_huffman,0
v1_5_content_gupta-shantanu_huffman_compress.py.txt,1,train,991,gupta-shantanu_huffman_compress,4
v1_7_content_AastroLePetitRobot_Huffman-Coding_Huffman.py.txt,1,train,992,aastrolepetitrobot_huffman-coding_huffman,3
v1_7_content_sambiak_Codage-de-Huffman_v2.py.txt,1,train,993,sambiak_codage-de-huffman_v2,5
v1_7_content_TongTongX_HuffmanCompressor_huffman.py.txt,1,val,994,tongtongx_huffmancompressor_huffman,2
v1_10_content_poku18_CE_III_06_Lab2_lab2.py.txt,1,train,995,poku18_ce_iii_06_lab2_lab2,4
v1_12_content_timhebert1963_InsertionSortAdvancedAnalysis_Hackerrank_InsertionSortAdvancedAnalysis_MergeSort_Hackerrank_github.py.txt,1,train,996,timhebert1963_insertionsortadvancedanalysis_hackerrank_insertionsortadvancedanalysis_mergesort_hackerrank_github,1
v1_12_content_timhebert1963_InsertionSortAdvancedAnalysis_Hackerrank_TC2_1_length_441_answer_46768.py.txt,1,train,997,timhebert1963_insertionsortadvancedanalysis_hackerrank_tc2_1_length_441_answer_46768,4
v1_13_content_hypervinay_Insertion-sort_Insertionsort.py.txt,1,test,998,hypervinay_insertion-sort_insertionsort,0
v1_14_content_LOOPPO_INS_MERGE_sort_insertionSort.py.txt,1,test,999,looppo_ins_merge_sort_insertionsort,0
v1_17_content_kimjaeh10_Hybrid-Sort_LinkedList.py.txt,1,train,1000,kimjaeh10_hybrid-sort_linkedlist,3
v1_18_content_akrentsel_insertion-sort-graph_insertion_sort_graph.py.txt,1,train,1001,akrentsel_insertion-sort-graph_insertion_sort_graph,5
v1_18_content_o-az_Insertion-vs-Merge_MergeSort.py.txt,1,val,1002,o-az_insertion-vs-merge_mergesort,2
v1_1_content_abx67_Algorithms_mergesort.py.txt,1,train,1003,abx67_algorithms_mergesort,1
v1_1_content_abx67_Algorithms_quicksort.py.txt,1,train,1004,abx67_algorithms_quicksort,3
v1_21_content_ahmedbally_Sorting-LL_LinkedList.py.txt,1,test,1005,ahmedbally_sorting-ll_linkedlist,0
v1_21_content_CanKorkut_Python-Sort-Algorithm_quick.py.txt,1,train,1006,cankorkut_python-sort-algorithm_quick,4
v1_21_content_sybernix_Insertion-Sort-Algorithm-and-Performance-Analysis_test_file.py.txt,1,train,1007,sybernix_insertion-sort-algorithm-and-performance-analysis_test_file,3
v1_23_content_ryanarnouk_BinaryInsertionSort_index.py.txt,1,train,1008,ryanarnouk_binaryinsertionsort_index,5
v1_23_content_thugsatbay_CS-Algorithms_Sorting_Comparison_Ass2-1SolnCustomInput.py.txt,1,train,1009,thugsatbay_cs-algorithms_sorting_comparison_ass2-1solncustominput,2
v1_23_content_thugsatbay_CS-Algorithms_Sorting_Comparison_Ass2-2Soln.py.txt,1,test,1010,thugsatbay_cs-algorithms_sorting_comparison_ass2-2soln,0
v1_24_content_gly11_Sort_Run.py.txt,1,train,1011,gly11_sort_run,1
v1_24_content_lesdev_SortingMethods_BubbleSort.py.txt,1,train,1012,lesdev_sortingmethods_bubblesort,4
v1_24_content_lesdev_SortingMethods_Insertion.py.txt,1,train,1013,lesdev_sortingmethods_insertion,3
v1_24_content_lesdev_SortingMethods_merge.py.txt,1,test,1014,lesdev_sortingmethods_merge,0
v1_24_content_lesdev_SortingMethods_quicksort.py.txt,1,train,1015,lesdev_sortingmethods_quicksort,4
v1_24_content_lesdev_SortingMethods_radix.py.txt,1,train,1016,lesdev_sortingmethods_radix,5
v1_24_content_lesdev_SortingMethods_selection.py.txt,1,train,1017,lesdev_sortingmethods_selection,2
v1_24_content_lesdev_SortingMethods_sequential.py.txt,1,test,1018,lesdev_sortingmethods_sequential,0
v1_25_content_ryansmick_SortedOrderedDict_PersistentDict.py.txt,1,train,1019,ryansmick_sortedordereddict_persistentdict,1
v1_26_content_manzala_Analysis-of-Algorithms_merge_sort.py.txt,1,val,1020,manzala_analysis-of-algorithms_merge_sort,4
v1_28_content_alexanderogle_Enigma_Machine_em_functions.py.txt,1,train,1021,alexanderogle_enigma_machine_em_functions,3
v1_30_content_rogerdenisvieira_bidirectional-conditional-insertion-sort_data_generator.py.txt,1,train,1022,rogerdenisvieira_bidirectional-conditional-insertion-sort_data_generator,5
v1_30_content_rogerdenisvieira_bidirectional-conditional-insertion-sort_main.py.txt,1,train,1023,rogerdenisvieira_bidirectional-conditional-insertion-sort_main,1
v1_30_content_rogerdenisvieira_bidirectional-conditional-insertion-sort_unit_tests.py.txt,1,train,1024,rogerdenisvieira_bidirectional-conditional-insertion-sort_unit_tests,2
v1_31_content_homeowmorphism_list-sorting-algorithms_quicksort.py.txt,1,train,1025,homeowmorphism_list-sorting-algorithms_quicksort,3
v1_33_content_Howellp80_Algorithms---Merge-Sort-vs-Insertion-Sort_hw1.py.txt,1,train,1026,howellp80_algorithms---merge-sort-vs-insertion-sort_hw1,1
v1_36_content_akh5113_Stooge-Merge-Insert-Sort_Homework2.py.txt,1,test,1027,akh5113_stooge-merge-insert-sort_homework2,0
v1_40_content_kurosh-wss_Insersion-Sort_insertionSort.py.txt,1,train,1028,kurosh-wss_insersion-sort_insertionsort,5
v1_42_content_matbot_Py_merge_vs_insert_sorts_insertionsort.py.txt,1,train,1029,matbot_py_merge_vs_insert_sorts_insertionsort,2
v1_44_content_Ian-OBrien-503_sort_analysis_selection_sort.py.txt,1,train,1030,ian-obrien-503_sort_analysis_selection_sort,1
v1_45_content_ilkayDevran_Analysis_of_Sorting_Algorithms_pyplot.py.txt,1,train,1031,ilkaydevran_analysis_of_sorting_algorithms_pyplot,4
v1_46_content_arun-p12_sort-algorithms_counting_sort.py.txt,1,train,1032,arun-p12_sort-algorithms_counting_sort,3
v1_46_content_arun-p12_sort-algorithms_insertion_sort.py.txt,1,test,1033,arun-p12_sort-algorithms_insertion_sort,0
v1_46_content_arun-p12_sort-algorithms_quick_sort.py.txt,1,train,1034,arun-p12_sort-algorithms_quick_sort,5
v1_46_content_arun-p12_sort-algorithms_radix_sort.py.txt,1,train,1035,arun-p12_sort-algorithms_radix_sort,2
v1_46_content_arun-p12_sort-algorithms_shell_sort.py.txt,1,train,1036,arun-p12_sort-algorithms_shell_sort,1
v1_4_content_jomse_InsertionSort_tests.py.txt,1,test,1037,jomse_insertionsort_tests,0
v1_50_content_shre007_Implementation-and-comparison-of-sorting-algorithms_merge.py.txt,1,train,1038,shre007_implementation-and-comparison-of-sorting-algorithms_merge,4
v1_50_content_shre007_Implementation-and-comparison-of-sorting-algorithms_quick.py.txt,1,train,1039,shre007_implementation-and-comparison-of-sorting-algorithms_quick,3
v1_53_content_faisalkhan91_Sort-Comparison_Sort_Comparison.py.txt,1,train,1040,faisalkhan91_sort-comparison_sort_comparison,5
v1_54_content_ceydapolat_Sorting-Algorithms-Analysis_InsertionSort.py.txt,1,train,1041,ceydapolat_sorting-algorithms-analysis_insertionsort,1
v1_56_content_newsteps8_Efficiency_of_SortingAlgorithms_merge_sort.py.txt,1,val,1042,newsteps8_efficiency_of_sortingalgorithms_merge_sort,2
v1_58_content_yaroslava-tkachuk_quicksort_accelerated_quicksort_accelerated.py.txt,1,val,1043,yaroslava-tkachuk_quicksort_accelerated_quicksort_accelerated,1
v1_9_content_ezequielbrrt_insertionSortPython_barra.py.txt,1,test,1044,ezequielbrrt_insertionsortpython_barra,0
v1_10_content_patrickkingg_K-means_Clustering_kmeans.py.txt,1,train,1045,patrickkingg_k-means_clustering_kmeans,4
v1_20_content_Cassar88226_Clustering_of_Articles_corpus.py.txt,1,train,1046,cassar88226_clustering_of_articles_corpus,3
v1_28_content_IPDT_car_review_k-means_clustering_word_freq.py.txt,1,val,1047,ipdt_car_review_k-means_clustering_word_freq,5
v1_35_content_NavneetSomwal_Weather-Data-Clustering-using-k-Means_waether_data_Clustering_k-means_scikit-learn.py.txt,1,train,1048,navneetsomwal_weather-data-clustering-using-k-means_waether_data_clustering_k-means_scikit-learn,2
v1_36_content_prakhardogra921_Clustering-using-Kmeans-Cmeans-and-GMM_gmm_sklearn.py.txt,1,train,1049,prakhardogra921_clustering-using-kmeans-cmeans-and-gmm_gmm_sklearn,1
v1_38_content_taesungp_pytorch-kmeans-init_demo.py.txt,1,train,1050,taesungp_pytorch-kmeans-init_demo,4
v1_42_content_aryanshar_TextMining_extract.py.txt,1,train,1051,aryanshar_textmining_extract,3
v1_42_content_aryanshar_TextMining_magboard.py.txt,1,train,2257,aryanshar_textmining_magboard,4
v1_43_content_caetius_Efficient-k-means-_Transform.py.txt,1,train,1052,caetius_efficient-k-means-_transform,5
v1_49_content_akshay326_k-means-clustering-api_sample_python_script.py.txt,1,train,1053,akshay326_k-means-clustering-api_sample_python_script,2
v1_6_content_mayuri0192_Image-classification_log.py.txt,1,train,1054,mayuri0192_image-classification_log,1
v1_80_content_julianlafaye_ML-Problem-Set-5-Problem-3_k-means.py.txt,1,train,1055,julianlafaye_ml-problem-set-5-problem-3_k-means,4
v1_v1_42_content_aryanshar_TextMining_magboard.py.txt,1,train,2257,aryanshar_textmining_magboard,4
v1_v2_12_content_aabulhaj_SpectralClustering_synthetic_data.py.txt,1,train,2258,aabulhaj_spectralclustering_synthetic_data,5
v1_v2_14_content_gravelund-gis_MapSorter_KMeans_analysis.py.txt,1,train,2259,gravelund-gis_mapsorter_kmeans_analysis,3
v1_v2_22_content_sabarahman_k-means-Clustering-On-Banking-Data-Set_clustering.py.txt,1,test,2260,sabarahman_k-means-clustering-on-banking-data-set_clustering,0
v1_v2_62_content_wang2226_Clustering_k-means_plot.py.txt,1,train,2261,wang2226_clustering_k-means_plot,2
v1_v2_66_content_Mary268_K-Means-Clustering_k_means_clustering.py.txt,1,train,2262,mary268_k-means-clustering_k_means_clustering,1
v1_v2_74_content_MarynaTatsevich_Machine-Learning-Unsupervised-Learning-Techniques_hierarchical_clustering_algorithm.py.txt,1,train,938,marynatatsevich_machine-learning-unsupervised-learning-techniques_hierarchical_clustering_algorithm,3
v1_v2_81_content_gautam9595_BIC-Selhoutte_Optimal_K_using_BIC-selhoutte_Iris.py.txt,1,train,2263,gautam9595_bic-selhoutte_optimal_k_using_bic-selhoutte_iris,4
v1_v3_14_content_gravelund-gis_MapSorter_KMeans_analysis.py.txt,1,train,2259,gravelund-gis_mapsorter_kmeans_analysis,3
v1_v3_26_content_rithvikrao_MarqueeAnalysis_visualization.py.txt,1,val,2264,rithvikrao_marqueeanalysis_visualization,3
v1_v3_36_content_OneWinged-Eagle_spotimy_getFeatures.py.txt,1,train,2265,onewinged-eagle_spotimy_getfeatures,1
v1_v3_3_content_jamer5_K-Means-Clustering_k-means-clustering-without-scikit-example-1.py.txt,1,train,2266,jamer5_k-means-clustering_k-means-clustering-without-scikit-example-1,5
v1_v3_5_content_teawifi_k-means_clustering_loader.py.txt,1,val,2267,teawifi_k-means_clustering_loader,2
v1_v3_65_content_ankushjain2001_k-means-clustering-algorithm_driver.py.txt,1,val,2268,ankushjain2001_k-means-clustering-algorithm_driver,1
v1_v3_66_content_Mary268_K-Means-Clustering_k_means_clustering.py.txt,1,train,2262,mary268_k-means-clustering_k_means_clustering,1
v1_v4_14_content_gravelund-gis_MapSorter_KMeans_analysis.py.txt,1,train,2259,gravelund-gis_mapsorter_kmeans_analysis,3
v1_v4_21_content_p-kim1_Image-Segmentation-with-K-means_kmeans.py.txt,1,train,2269,p-kim1_image-segmentation-with-k-means_kmeans,4
v1_v4_25_content_SaadatRizvi_Movie-Recommendation-System_collaborative-filtering.py.txt,1,train,2270,saadatrizvi_movie-recommendation-system_collaborative-filtering,5
v1_v4_36_content_OneWinged-Eagle_spotimy_getArtists.py.txt,1,train,2271,onewinged-eagle_spotimy_getartists,3
v1_v4_36_content_prakhardogra921_Clustering-using-Kmeans-Cmeans-and-GMM_gmm_sklearn.py.txt,1,train,1049,prakhardogra921_clustering-using-kmeans-cmeans-and-gmm_gmm_sklearn,1
v1_v4_54_content_wenlin-koh_K-Means-Clustering---python_kmeans.py.txt,1,train,2272,wenlin-koh_k-means-clustering---python_kmeans,2
v1_v4_5_content_teawifi_k-means_clustering_loader.py.txt,1,val,2267,teawifi_k-means_clustering_loader,2
v1_v4_62_content_wang2226_Clustering_k-means_plot.py.txt,1,train,2261,wang2226_clustering_k-means_plot,2
v1_v4_6_content_mayuri0192_Image-classification_log.py.txt,1,train,1054,mayuri0192_image-classification_log,1
v1_v4_81_content_gautam9595_BIC-Selhoutte_Optimal_K_using_BIC-selhoutte_Iris.py.txt,1,train,2263,gautam9595_bic-selhoutte_optimal_k_using_bic-selhoutte_iris,4
v1_v5_13_content_Skulsta_cluster_unlabelled_dataset_elbow_analysis.py.txt,1,train,2273,skulsta_cluster_unlabelled_dataset_elbow_analysis,1
v1_v5_25_content_SaadatRizvi_Movie-Recommendation-System_collaborative-filtering.py.txt,1,train,2270,saadatrizvi_movie-recommendation-system_collaborative-filtering,5
v1_v5_26_content_rithvikrao_MarqueeAnalysis_visualization.py.txt,1,val,2264,rithvikrao_marqueeanalysis_visualization,3
v1_v5_36_content_OneWinged-Eagle_spotimy_getFeatures.py.txt,1,train,2265,onewinged-eagle_spotimy_getfeatures,1
v1_v5_52_content_msypetkowski_MEDProj_datasets.py.txt,1,train,2274,msypetkowski_medproj_datasets,4
v1_v5_53_content_ohrockness_k-means-clustering-in-python_k-means.py.txt,1,train,2275,ohrockness_k-means-clustering-in-python_k-means,3
v1_v5_54_content_sumanth-bmsce_Unsupervised_Extreme_Learning_Machine_EM_Algo.py.txt,1,val,2276,sumanth-bmsce_unsupervised_extreme_learning_machine_em_algo,5
v1_v5_54_content_wenlin-koh_K-Means-Clustering---python_kmeans.py.txt,1,train,2272,wenlin-koh_k-means-clustering---python_kmeans,2
v1_v5_56_content_lpyhdzx_clustering_data.py.txt,1,train,2277,lpyhdzx_clustering_data,2
v1_v5_5_content_teawifi_k-means_clustering_loader.py.txt,1,val,2267,teawifi_k-means_clustering_loader,2
v1_v5_65_content_ankushjain2001_k-means-clustering-algorithm_driver.py.txt,1,val,2268,ankushjain2001_k-means-clustering-algorithm_driver,1
v1_v5_6_content_mayuri0192_Image-classification_log.py.txt,1,train,1054,mayuri0192_image-classification_log,1
v1_v5_6_content_samirgupta_PubmedClustering_dumpDiseaseDict.py.txt,1,train,2278,samirgupta_pubmedclustering_dumpdiseasedict,1
v1_v5_74_content_MarynaTatsevich_Machine-Learning-Unsupervised-Learning-Techniques_hierarchical_clustering_algorithm.py.txt,1,train,938,marynatatsevich_machine-learning-unsupervised-learning-techniques_hierarchical_clustering_algorithm,3
v1_10_content_ajcse1_Predicting_Picture_Orientation_NeuralNetwork_predict.py.txt,1,test,1056,ajcse1_predicting_picture_orientation_neuralnetwork_predict,0
v1_11_content_DaiDongyang_knn_experiments.py.txt,1,train,1057,daidongyang_knn_experiments,3
v1_11_content_Koushikmc_Knn-Classifier_Knn.py.txt,1,test,1058,koushikmc_knn-classifier_knn,0
v1_13_content_fangzhengzhu_minst-knn_imgReader.py.txt,1,train,1059,fangzhengzhu_minst-knn_imgreader,5
v1_13_content_qwerty1917_KNN_OCR_main_py2.py.txt,1,train,1060,qwerty1917_knn_ocr_main_py2,2
v1_14_content_jldbc_gutenberg_populate_db.py.txt,1,train,1061,jldbc_gutenberg_populate_db,1
v1_14_content_lisha1992_KNN-Clasify_handWritingClassify.py.txt,1,train,1062,lisha1992_knn-clasify_handwritingclassify,4
v1_14_content_lisha1992_KNN-Clasify_KNN_datingExample.py.txt,1,train,1063,lisha1992_knn-clasify_knn_datingexample,3
v1_16_content_frknozr_knn_knn.py.txt,1,test,1064,frknozr_knn_knn,0
v1_16_content_nbui151_K-Nearest-Neighbors-Implementation_nearest_neighbors.py.txt,1,train,1065,nbui151_k-nearest-neighbors-implementation_nearest_neighbors,5
v1_19_content_AntoineMontaut_Predictive_Modeling_random_forest.py.txt,1,train,1066,antoinemontaut_predictive_modeling_random_forest,2
v1_19_content_walter090_cluster_runner.py.txt,1,test,1067,walter090_cluster_runner,0
v1_1_content_MarcoForte_knn-matting_knn_matting.py.txt,1,val,1068,marcoforte_knn-matting_knn_matting,1
v1_21_content_abhishekmsharma_ai-knn-kmeans-crawler-python_job_search_environment.py.txt,1,train,1069,abhishekmsharma_ai-knn-kmeans-crawler-python_job_search_environment,4
v1_21_content_shunge_KNN-NBA-Draft-Prediction_knn-nba.py.txt,1,train,1070,shunge_knn-nba-draft-prediction_knn-nba,3
v1_23_content_changchanglccc_kNN_test.py.txt,1,train,1071,changchanglccc_knn_test,2
v1_23_content_JeffersonLPLima_knn_pca_knn_wine.py.txt,1,train,1072,jeffersonlplima_knn_pca_knn_wine,5
v1_24_content_xosherry_Machine-Learning-_knn.py.txt,1,train,1073,xosherry_machine-learning-_knn,2
v1_26_content_mosco_geodesic-knn_test_dijkstra.py.txt,1,train,1074,mosco_geodesic-knn_test_dijkstra,1
v1_27_content_ppplinday_Picture-Classification-PCA-KNN_KNN-PCA.py.txt,1,val,1075,ppplinday_picture-classification-pca-knn_knn-pca,4
v1_28_content_surgoku_sentiment_analysis_knn_submission.py.txt,1,train,1076,surgoku_sentiment_analysis_knn_submission,3
v1_29_content_rahuljohnny_Bangla_OCR_Using_KNN_class_contour.py.txt,1,train,1077,rahuljohnny_bangla_ocr_using_knn_class_contour,5
v1_29_content_rahuljohnny_Bangla_OCR_Using_KNN_O6_word_segmenter.py.txt,1,train,1078,rahuljohnny_bangla_ocr_using_knn_o6_word_segmenter,2
v1_29_content_vtheno_kNN_one_line.py.txt,1,train,1079,vtheno_knn_one_line,1
v1_2_content_neonb88_knn_knn_machine_learning_hw1.py.txt,1,test,1080,neonb88_knn_knn_machine_learning_hw1,0
v1_30_content_Aishwarya1401_Diabetic-Retinopathy-Project-Deep-Learning-_KNN_RawImage.py.txt,1,train,1081,aishwarya1401_diabetic-retinopathy-project-deep-learning-_knn_rawimage,4
v1_30_content_manojrameshrao_machine-learning-iris_iris_web3.py.txt,1,val,1082,manojrameshrao_machine-learning-iris_iris_web3,3
v1_32_content_prakashsellathurai_OPTICAL_CHARACTER_RECOGNITION_PossibleChar.py.txt,1,val,1083,prakashsellathurai_optical_character_recognition_possiblechar,5
v1_33_content_wpaturaj_FuzzyKNN_Sample_read.py.txt,1,test,1084,wpaturaj_fuzzyknn_sample_read,0
v1_35_content_phaniavi_project_5th_sem_KNN_reducer.py.txt,1,test,1085,phaniavi_project_5th_sem_knn_reducer,0
v1_38_content_juandes_knnbot-messenger-bot_distance.py.txt,1,train,1086,juandes_knnbot-messenger-bot_distance,2
v1_39_content_mirajp_tweet_sentiments_baseline.py.txt,1,train,1087,mirajp_tweet_sentiments_baseline,1
v1_40_content_WuStardust_KNN-for-iris_iris.py.txt,1,train,1088,wustardust_knn-for-iris_iris,4
v1_41_content_SargisYonan_uav_ml_main.py.txt,1,train,1089,sargisyonan_uav_ml_main,3
v1_44_content_eastxe_cosine-knn_knn.py.txt,1,train,1090,eastxe_cosine-knn_knn,5
v1_46_content_whoif_Cost-Sensitive-KNN_plotHelper.py.txt,1,train,1091,whoif_cost-sensitive-knn_plothelper,2
v1_48_content_prateek22sri_Image-orientation-detector_AdaBoost.py.txt,1,val,1092,prateek22sri_image-orientation-detector_adaboost,1
v1_4_content_Askjensen_scikittf-idfNLTK_str_func.py.txt,1,val,1093,askjensen_scikittf-idfnltk_str_func,4
v1_4_content_nikhilrampal15_real_estate_advisor_knn_kmeans_kmeans.py.txt,1,train,1094,nikhilrampal15_real_estate_advisor_knn_kmeans_kmeans,3
v1_6_content_cooperlab_KNN_Survival_DataManagement.py.txt,1,train,1095,cooperlab_knn_survival_datamanagement,5
v1_7_content_cp2-dc-info-lamp-2018_iris-knn_nao_somos_botanicos.py.txt,1,train,1096,cp2-dc-info-lamp-2018_iris-knn_nao_somos_botanicos,2
v1_7_content_Manerone_Evolutive-KNN_evolutive_knn.py.txt,1,train,1097,manerone_evolutive-knn_evolutive_knn,1
v1_8_content_abhishekmsharma_knn-python-artificial-intelligence_abhishek_sharma_knn_environment.py.txt,1,val,1098,abhishekmsharma_knn-python-artificial-intelligence_abhishek_sharma_knn_environment,1
v1_8_content_jasminegrewal_Naive-Bayes-KNN-Logistic-Regression_2b_gnb.py.txt,1,train,1099,jasminegrewal_naive-bayes-knn-logistic-regression_2b_gnb,4
v1_8_content_jasminegrewal_Naive-Bayes-KNN-Logistic-Regression_3b_knn.py.txt,1,val,1100,jasminegrewal_naive-bayes-knn-logistic-regression_3b_knn,3
v1_8_content_LockGit_Py_svm.py.txt,1,train,1101,lockgit_py_svm,5
v1_96_content_catirado_MachineLearning_kmeans.py.txt,1,train,1102,catirado_machinelearning_kmeans,2
v1_98_content_pooja1909_Bigdata-project_input.py.txt,1,train,1103,pooja1909_bigdata-project_input,1
v1_9_content_ludmal_knn_knn.py.txt,1,train,1104,ludmal_knn_knn,4
v1_9_content_muchlisinadi_ALPR-Indonesia_GenData.py.txt,1,train,1105,muchlisinadi_alpr-indonesia_gendata,3
v1_10_content_hsngurler_Kruskal-s-Algorithm_Kruskal_s_Algorithm.py.txt,1,test,1106,hsngurler_kruskal-s-algorithm_kruskal_s_algorithm,0
v1_11_content_sachinrajgowda_NetworkDesign_Kruskal_DisjointSet.py.txt,1,train,1107,sachinrajgowda_networkdesign_kruskal_disjointset,5
v1_13_content_Ade-Adeleke_KruskalAlg_Kruskal_Algorithm__1_.py.txt,1,train,1108,ade-adeleke_kruskalalg_kruskal_algorithm__1_,5
v1_14_content_CohleM_Maze_test.py.txt,1,train,1109,cohlem_maze_test,2
v1_15_content_ben-mackenzie_mst-kruskal_kruskal.py.txt,1,train,1110,ben-mackenzie_mst-kruskal_kruskal,1
v1_16_content_sharatchandraj_MaxBandwidthPath_DijkstrasNoHeap.py.txt,1,val,1111,sharatchandraj_maxbandwidthpath_dijkstrasnoheap,4
v1_16_content_sharatchandraj_MaxBandwidthPath_DijkstrasWithHeap.py.txt,1,val,1112,sharatchandraj_maxbandwidthpath_dijkstraswithheap,3
v1_16_content_sharatchandraj_MaxBandwidthPath_HeapSortForKruskals.py.txt,1,test,1113,sharatchandraj_maxbandwidthpath_heapsortforkruskals,0
v1_19_content_AlbCalv_kruskal-algorithm_Kruskal.py.txt,1,val,1114,albcalv_kruskal-algorithm_kruskal,5
v1_1_content_colettebedoya_primsAndKruskal_DisjointSet.py.txt,1,train,1115,colettebedoya_primsandkruskal_disjointset,2
v1_1_content_muzixing_graph_algorithm_floyd.py.txt,1,test,1116,muzixing_graph_algorithm_floyd,0
v1_20_content_kavyasree-bvs_Network-Optimization_vertex.py.txt,1,test,1117,kavyasree-bvs_network-optimization_vertex,0
v1_22_content_ABHIJIT-13_Kruskal-MST_kruskal.py.txt,1,train,1118,abhijit-13_kruskal-mst_kruskal,1
v1_2_content_Aluriak_kruskal-clustering_kruskal_viz.py.txt,1,train,1119,aluriak_kruskal-clustering_kruskal_viz,4
v1_2_content_carlosguadir_kruskal_AlgoritmoKruskal.py.txt,1,train,1120,carlosguadir_kruskal_algoritmokruskal,3
v1_2_content_carlosguadir_kruskal_Freeze.py.txt,1,train,1121,carlosguadir_kruskal_freeze,5
v1_2_content_carlosguadir_kruskal_Nodo.py.txt,1,train,1122,carlosguadir_kruskal_nodo,2
v1_2_content_carlosguadir_kruskal_Puertos.py.txt,1,train,1123,carlosguadir_kruskal_puertos,1
v1_2_content_Rookieprogrammer521_Kruskal_Kruskal.py.txt,1,test,1124,rookieprogrammer521_kruskal_kruskal,0
v1_32_content_arian100y_Travelling-Salesman-Problem_createCaminos.py.txt,1,train,1125,arian100y_travelling-salesman-problem_createcaminos,3
v1_32_content_arian100y_Travelling-Salesman-Problem_createDBOrdered.py.txt,1,train,1126,arian100y_travelling-salesman-problem_createdbordered,5
v1_32_content_arian100y_Travelling-Salesman-Problem_graph2.py.txt,1,train,1127,arian100y_travelling-salesman-problem_graph2,4
v1_33_content_sandyscoloski_GraphMatrixGenerator_kruskal_generator.py.txt,1,test,1128,sandyscoloski_graphmatrixgenerator_kruskal_generator,0
v1_36_content_mskroar18_GraphWizard_edge.py.txt,1,train,1129,mskroar18_graphwizard_edge,1
v1_36_content_mskroar18_GraphWizard_Prim.py.txt,1,train,605,mskroar18_graphwizard_prim,3
v1_3_content_arhamrizvi_Kruskals-algorithm_Kruskal.py.txt,1,train,1130,arhamrizvi_kruskals-algorithm_kruskal,4
v1_4_content_mincanhe_Network-routing-protocol_Dijkstra.py.txt,1,train,646,mincanhe_network-routing-protocol_dijkstra,1
v1_4_content_mincanhe_Network-routing-protocol_DwithHeap.py.txt,1,test,1131,mincanhe_network-routing-protocol_dwithheap,0
v1_4_content_mincanhe_Network-routing-protocol_graph.py.txt,1,train,1132,mincanhe_network-routing-protocol_graph,3
v1_4_content_mincanhe_Network-routing-protocol_heap.py.txt,1,train,1133,mincanhe_network-routing-protocol_heap,5
v1_4_content_mincanhe_Network-routing-protocol_kruskal.py.txt,1,train,1134,mincanhe_network-routing-protocol_kruskal,2
v1_5_content_gabriel-arauj_grafos_matriz.py.txt,1,train,1135,gabriel-arauj_grafos_matriz,1
v1_5_content_MadalinaMircea_GraphAlgorithms_StartApp.py.txt,1,train,1136,madalinamircea_graphalgorithms_startapp,4
v1_6_content_chiragragarwal_Graphs_And_Networks___init__.py.txt,1,train,1137,chiragragarwal_graphs_and_networks___init__,3
v1_6_content_chiragragarwal_Graphs_And_Networks_numpy_help.py.txt,1,train,894,chiragragarwal_graphs_and_networks_numpy_help,5
v1_6_content_petronius_minotaur_dimensions.py.txt,1,train,1138,petronius_minotaur_dimensions,5
v1_7_content_Aly-Tomato_Prims-and-Kruskals_glb.py.txt,1,train,1139,aly-tomato_prims-and-kruskals_glb,2
v1_7_content_Aly-Tomato_Prims-and-Kruskals_kruskals.py.txt,1,train,1140,aly-tomato_prims-and-kruskals_kruskals,1
v1_7_content_Aly-Tomato_Prims-and-Kruskals_prims.py.txt,1,train,1141,aly-tomato_prims-and-kruskals_prims,4
v1_7_content_usbogie_MSTcreator_Node.py.txt,1,train,1142,usbogie_mstcreator_node,3
v1_7_content_usbogie_MSTcreator_Sollins.py.txt,1,train,1143,usbogie_mstcreator_sollins,5
v1_8_content_dianaelmasri_TravellingSalesManProblem_AStar_Kruskal_Recuit_Recuit.py.txt,1,train,1144,dianaelmasri_travellingsalesmanproblem_astar_kruskal_recuit_recuit,2
v1_8_content_dianaelmasri_TravellingSalesManProblem_AStar_Kruskal_Recuit_test.py.txt,1,train,1145,dianaelmasri_travellingsalesmanproblem_astar_kruskal_recuit_test,1
v1_8_content_fepz_AyCC_disjoint_set.py.txt,1,train,1146,fepz_aycc_disjoint_set,4
v1_9_content_Boros93_GraphProject_test_prim.py.txt,1,val,1147,boros93_graphproject_test_prim,3
v1_9_content_emmanuj_mst-solver_edge.py.txt,1,train,1148,emmanuj_mst-solver_edge,5
v1_9_content_emmanuj_mst-solver_heapq.py.txt,1,train,1149,emmanuj_mst-solver_heapq,4
v1_9_content_emmanuj_mst-solver_node.py.txt,1,train,1150,emmanuj_mst-solver_node,2
v1_9_content_emmanuj_mst-solver_treeset.py.txt,1,train,1151,emmanuj_mst-solver_treeset,5
v1_9_content_FFloresM_tarea3_ListaLigada.py.txt,1,train,1152,ffloresm_tarea3_listaligada,3
v1_10_content_mahimagupta_NLP-Research-Project-_supervisedLearner.py.txt,1,train,1153,mahimagupta_nlp-research-project-_supervisedlearner,2
v1_10_content_nishi1612_Email-Spam-Classification-using-SVM_extracting_unique_words_from_all_emails.py.txt,1,val,1154,nishi1612_email-spam-classification-using-svm_extracting_unique_words_from_all_emails,1
v1_10_content_nishi1612_Email-Spam-Classification-using-SVM_processing_emails_to_find_occurance_of_words.py.txt,1,val,1155,nishi1612_email-spam-classification-using-svm_processing_emails_to_find_occurance_of_words,1
v1_11_content_Hyperparticle_LemmaTag_lemmatag.py.txt,1,test,2279,hyperparticle_lemmatag_lemmatag,0
v1_12_content_ianscottknight_Predicting-Myers-Briggs-Type-Indicator-with-Recurrent-Neural-Networks_differentiate_words.py.txt,1,test,2280,ianscottknight_predicting-myers-briggs-type-indicator-with-recurrent-neural-networks_differentiate_words,0
v1_12_content_ianscottknight_Predicting-Myers-Briggs-Type-Indicator-with-Recurrent-Neural-Networks_make_training_set.py.txt,1,train,1156,ianscottknight_predicting-myers-briggs-type-indicator-with-recurrent-neural-networks_make_training_set,4
v1_12_content_ianscottknight_Predicting-Myers-Briggs-Type-Indicator-with-Recurrent-Neural-Networks_separate_clean_and_unclean.py.txt,1,val,1157,ianscottknight_predicting-myers-briggs-type-indicator-with-recurrent-neural-networks_separate_clean_and_unclean,3
v1_14_content_kaizinho_lemmatizer_lemmatizer.py.txt,1,train,2281,kaizinho_lemmatizer_lemmatizer,4
v1_1_content_mikekestemont_pandora_train.py.txt,1,train,1158,mikekestemont_pandora_train,5
v1_1_content_mikekestemont_pandora_unseen.py.txt,1,test,2282,mikekestemont_pandora_unseen,0
v1_22_content_ABHISHEKVALSAN_Malayalam-Newspaper-Article-Dataset_MalayalamScraping.py.txt,1,train,1159,abhishekvalsan_malayalam-newspaper-article-dataset_malayalamscraping,3
v1_23_content_clydedacruz_worddoc-indexer-py_query_index.py.txt,1,train,1160,clydedacruz_worddoc-indexer-py_query_index,2
v1_v1_10_content_mahimagupta_NLP-Research-Project-_supervisedLearner.py.txt,1,train,1153,mahimagupta_nlp-research-project-_supervisedlearner,2
v1_v1_10_content_nishi1612_Email-Spam-Classification-using-SVM_extracting_unique_words_from_all_emails.py.txt,1,val,1154,nishi1612_email-spam-classification-using-svm_extracting_unique_words_from_all_emails,1
v1_v1_10_content_nishi1612_Email-Spam-Classification-using-SVM_processing_emails_to_find_occurance_of_words.py.txt,1,val,1155,nishi1612_email-spam-classification-using-svm_processing_emails_to_find_occurance_of_words,1
v1_v1_11_content_Hyperparticle_LemmaTag_lemmatag.py.txt,1,test,2279,hyperparticle_lemmatag_lemmatag,0
v1_v1_12_content_ianscottknight_Predicting-Myers-Briggs-Type-Indicator-with-Recurrent-Neural-Networks_differentiate_words.py.txt,1,test,2280,ianscottknight_predicting-myers-briggs-type-indicator-with-recurrent-neural-networks_differentiate_words,0
v1_v1_12_content_ianscottknight_Predicting-Myers-Briggs-Type-Indicator-with-Recurrent-Neural-Networks_separate_clean_and_unclean.py.txt,1,val,1157,ianscottknight_predicting-myers-briggs-type-indicator-with-recurrent-neural-networks_separate_clean_and_unclean,3
v1_v1_1_content_mikekestemont_pandora_unseen.py.txt,1,test,2282,mikekestemont_pandora_unseen,0
v1_v1_22_content_ABHISHEKVALSAN_Malayalam-Newspaper-Article-Dataset_MalayalamScraping.py.txt,1,train,1159,abhishekvalsan_malayalam-newspaper-article-dataset_malayalamscraping,3
v1_v1_23_content_clydedacruz_worddoc-indexer-py_query_index.py.txt,1,train,1160,clydedacruz_worddoc-indexer-py_query_index,2
v1_v2_10_content_mahimagupta_NLP-Research-Project-_supervisedLearner.py.txt,1,train,1153,mahimagupta_nlp-research-project-_supervisedlearner,2
v1_v2_10_content_nishi1612_Email-Spam-Classification-using-SVM_extracting_unique_words_from_all_emails.py.txt,1,val,1154,nishi1612_email-spam-classification-using-svm_extracting_unique_words_from_all_emails,1
v1_v2_11_content_Hyperparticle_LemmaTag_lemmatag.py.txt,1,test,2279,hyperparticle_lemmatag_lemmatag,0
v1_v2_12_content_ianscottknight_Predicting-Myers-Briggs-Type-Indicator-with-Recurrent-Neural-Networks_make_test_set.py.txt,1,train,2283,ianscottknight_predicting-myers-briggs-type-indicator-with-recurrent-neural-networks_make_test_set,3
v1_v2_16_content_davda54_pytorch-transformer-lemmatization_lr_decay.py.txt,1,train,2284,davda54_pytorch-transformer-lemmatization_lr_decay,5
v1_v2_1_content_mikekestemont_pandora_train.py.txt,1,train,1158,mikekestemont_pandora_train,5
v1_v2_1_content_mikekestemont_pandora_unseen.py.txt,1,test,2282,mikekestemont_pandora_unseen,0
v1_v2_22_content_ABHISHEKVALSAN_Malayalam-Newspaper-Article-Dataset_constants.py.txt,1,train,2285,abhishekvalsan_malayalam-newspaper-article-dataset_constants,2
v1_v2_24_content_lucaducceschi_Wordnet_Functions_wordnet_functions.py.txt,1,train,2286,lucaducceschi_wordnet_functions_wordnet_functions,1
v1_v2_25_content_aajanki_finnish-pos-accuracy_sample_ftb1.py.txt,1,test,2287,aajanki_finnish-pos-accuracy_sample_ftb1,0
v1_v3_10_content_mahimagupta_NLP-Research-Project-_supervisedLearner.py.txt,1,train,1153,mahimagupta_nlp-research-project-_supervisedlearner,2
v1_v3_11_content_Hyperparticle_LemmaTag_lemmatag.py.txt,1,test,2279,hyperparticle_lemmatag_lemmatag,0
v1_v3_12_content_ianscottknight_Predicting-Myers-Briggs-Type-Indicator-with-Recurrent-Neural-Networks_differentiate_words.py.txt,1,test,2280,ianscottknight_predicting-myers-briggs-type-indicator-with-recurrent-neural-networks_differentiate_words,0
v1_v3_12_content_ianscottknight_Predicting-Myers-Briggs-Type-Indicator-with-Recurrent-Neural-Networks_make_test_set.py.txt,1,train,2283,ianscottknight_predicting-myers-briggs-type-indicator-with-recurrent-neural-networks_make_test_set,3
v1_v3_12_content_ianscottknight_Predicting-Myers-Briggs-Type-Indicator-with-Recurrent-Neural-Networks_make_training_set.py.txt,1,train,1156,ianscottknight_predicting-myers-briggs-type-indicator-with-recurrent-neural-networks_make_training_set,4
v1_v3_1_content_mikekestemont_pandora_train.py.txt,1,train,1158,mikekestemont_pandora_train,5
v1_v3_1_content_mikekestemont_pandora_unseen.py.txt,1,test,2282,mikekestemont_pandora_unseen,0
v1_v3_25_content_aajanki_finnish-pos-accuracy_download_models.py.txt,1,test,2288,aajanki_finnish-pos-accuracy_download_models,0
v1_v4_10_content_mahimagupta_NLP-Research-Project-_supervisedLearner.py.txt,1,train,1153,mahimagupta_nlp-research-project-_supervisedlearner,2
v1_v4_12_content_ianscottknight_Predicting-Myers-Briggs-Type-Indicator-with-Recurrent-Neural-Networks_differentiate_words.py.txt,1,test,2280,ianscottknight_predicting-myers-briggs-type-indicator-with-recurrent-neural-networks_differentiate_words,0
v1_v4_12_content_ianscottknight_Predicting-Myers-Briggs-Type-Indicator-with-Recurrent-Neural-Networks_make_test_set.py.txt,1,train,2283,ianscottknight_predicting-myers-briggs-type-indicator-with-recurrent-neural-networks_make_test_set,3
v1_v4_18_content_ppke-nlpg_emmorphpy_emmorphrest.py.txt,1,test,2289,ppke-nlpg_emmorphpy_emmorphrest,0
v1_v4_1_content_mikekestemont_pandora_unseen.py.txt,1,test,2282,mikekestemont_pandora_unseen,0
v1_v4_22_content_ABHISHEKVALSAN_Malayalam-Newspaper-Article-Dataset_MalayalamScraping.py.txt,1,train,1159,abhishekvalsan_malayalam-newspaper-article-dataset_malayalamscraping,3
v1_v5_10_content_mahimagupta_NLP-Research-Project-_supervisedLearner.py.txt,1,train,1153,mahimagupta_nlp-research-project-_supervisedlearner,2
v1_v5_10_content_nishi1612_Email-Spam-Classification-using-SVM_extracting_unique_words_from_all_emails.py.txt,1,val,1154,nishi1612_email-spam-classification-using-svm_extracting_unique_words_from_all_emails,1
v1_v5_12_content_ianscottknight_Predicting-Myers-Briggs-Type-Indicator-with-Recurrent-Neural-Networks_differentiate_words.py.txt,1,test,2280,ianscottknight_predicting-myers-briggs-type-indicator-with-recurrent-neural-networks_differentiate_words,0
v1_v5_12_content_ianscottknight_Predicting-Myers-Briggs-Type-Indicator-with-Recurrent-Neural-Networks_make_test_set.py.txt,1,train,2283,ianscottknight_predicting-myers-briggs-type-indicator-with-recurrent-neural-networks_make_test_set,3
v1_v5_1_content_mikekestemont_pandora_unseen.py.txt,1,test,2282,mikekestemont_pandora_unseen,0
v1_v5_22_content_ABHISHEKVALSAN_Malayalam-Newspaper-Article-Dataset_MalayalamScraping.py.txt,1,train,1159,abhishekvalsan_malayalam-newspaper-article-dataset_malayalamscraping,3
v1_v5_24_content_lucaducceschi_Wordnet_Functions_wordnet_functions.py.txt,1,train,2286,lucaducceschi_wordnet_functions_wordnet_functions,1
v1_v5_25_content_aajanki_finnish-pos-accuracy_sample_ftb1.py.txt,1,test,2287,aajanki_finnish-pos-accuracy_sample_ftb1,0
v1_11_content_Zoe327_Linear-Classification_project1_utilities.py.txt,1,train,1161,zoe327_linear-classification_project1_utilities,1
v1_11_content_Zoe327_Linear-Classification_sklearn_compare.py.txt,1,train,1162,zoe327_linear-classification_sklearn_compare,4
v1_12_content_Fadope1_LinearRegression_hotels_prediction_source_code.py.txt,1,val,1163,fadope1_linearregression_hotels_prediction_source_code,3
v1_15_content_Josiriser_Predict-Stock-Price_main.py.txt,1,test,1164,josiriser_predict-stock-price_main,0
v1_25_content_dmoshayof_ML-Deep_Network_loglinear.py.txt,1,train,1165,dmoshayof_ml-deep_network_loglinear,5
v1_25_content_dmoshayof_ML-Deep_Network_mlp1.py.txt,1,train,1166,dmoshayof_ml-deep_network_mlp1,1
v1_2_content_DmitryOstroushko_Linear-Regression_model.py.txt,1,train,1167,dmitryostroushko_linear-regression_model,2
v1_2_content_DmitryOstroushko_Linear-Regression_trainer.py.txt,1,val,1168,dmitryostroushko_linear-regression_trainer,1
v1_2_content_lidq92_LinearityIQA_IQAperformance.py.txt,1,train,1169,lidq92_linearityiqa_iqaperformance,4
v1_2_content_shahardekel_polynomial-vs.-linear-regression_main.py.txt,1,train,1170,shahardekel_polynomial-vs.-linear-regression_main,3
v1_31_content_mujtabali_Multivariate-Linear-Regression_mvlr.py.txt,1,test,1171,mujtabali_multivariate-linear-regression_mvlr,0
v1_31_content_sbahaddi_ft_linear_regression_train.py.txt,1,val,1172,sbahaddi_ft_linear_regression_train,5
v1_33_content_meghavijendra_Linear_Regression_model_Linear_regression.py.txt,1,test,1173,meghavijendra_linear_regression_model_linear_regression,0
v1_38_content_sapurvaa_Regression_logisticregression.py.txt,1,train,1174,sapurvaa_regression_logisticregression,2
v1_39_content_sabernn_linear_regression_lin_reg_b.py.txt,1,train,1175,sabernn_linear_regression_lin_reg_b,1
v1_40_content_Lemon-cmd_Linear-Regression_lreg.py.txt,1,test,1176,lemon-cmd_linear-regression_lreg,0
v1_45_content_trsav_linear-regression_LassoRegression.py.txt,1,train,1177,trsav_linear-regression_lassoregression,4
v1_46_content_Ritikgarg1773_Implementing-Linear-and-Logistic-regression-from-scratch_test.py.txt,1,val,1178,ritikgarg1773_implementing-linear-and-logistic-regression-from-scratch_test,2
v1_52_content_analokmaus_idao2020-online_trackB_predict.py.txt,1,train,1179,analokmaus_idao2020-online_trackb_predict,3
v1_55_content_DistanceJiang_linear_regression_regression_control.py.txt,1,train,1180,distancejiang_linear_regression_regression_control,5
v1_56_content_angauber_linear_regression_learn.py.txt,1,test,1181,angauber_linear_regression_learn,0
v1_58_content_BuleSky233_LinearRegression_Boston.py.txt,1,train,1182,bulesky233_linearregression_boston,2
v1_65_content_disha2sinha_Employee-Salary-Prediction_predictSalary.py.txt,1,train,1183,disha2sinha_employee-salary-prediction_predictsalary,1
v1_66_content_naveen-770_Linear-regression-From-Scratch_my_linear_regression_housing_data.py.txt,1,val,1184,naveen-770_linear-regression-from-scratch_my_linear_regression_housing_data,4
v1_67_content_blankdean_Linear-Regression-Generator_leastsquares.py.txt,1,train,1185,blankdean_linear-regression-generator_leastsquares,3
v1_68_content_DheerajKumar97_Linear-and-Generalized-Linear-Model-Algorithms-from-scratch_Logistic_Regression.py.txt,1,train,1186,dheerajkumar97_linear-and-generalized-linear-model-algorithms-from-scratch_logistic_regression,5
v1_68_content_DheerajKumar97_Linear-and-Generalized-Linear-Model-Algorithms-from-scratch_Simple_Linear_Regression.py.txt,1,test,1187,dheerajkumar97_linear-and-generalized-linear-model-algorithms-from-scratch_simple_linear_regression,0
v1_69_content_ShubhangiKukreti_Linear-Regression_LinearRegressionUsingNumpy.py.txt,1,val,1188,shubhangikukreti_linear-regression_linearregressionusingnumpy,2
v1_6_content_ShishirKumar93_linear_regression_implementation_test_class.py.txt,1,train,1189,shishirkumar93_linear_regression_implementation_test_class,1
v1_70_content_cat1996_linear-regression-on-sample_knn_calssification.py.txt,1,train,1190,cat1996_linear-regression-on-sample_knn_calssification,4
v1_70_content_cat1996_linear-regression-on-sample_linear_regression.py.txt,1,train,1191,cat1996_linear-regression-on-sample_linear_regression,3
v1_70_content_zeineb-rejiba_linear-regression_lin_reg.py.txt,1,test,1192,zeineb-rejiba_linear-regression_lin_reg,0
v1_71_content_Santosh-Sah_Simple_Linear_Regression_SimpleLinearRegressionUtils.py.txt,1,test,1193,santosh-sah_simple_linear_regression_simplelinearregressionutils,0
v1_72_content_reshma78611_Simple-Linear-Regression-using-Python_delivery_time.py.txt,1,train,1194,reshma78611_simple-linear-regression-using-python_delivery_time,3
v1_72_content_reshma78611_Simple-Linear-Regression-using-Python_salary_hike.py.txt,1,train,1195,reshma78611_simple-linear-regression-using-python_salary_hike,5
v1_79_content_eochandler_ML-Linear-Reg-Bin-Class_generateSyntheticDataForBinaryClassification.py.txt,1,train,1196,eochandler_ml-linear-reg-bin-class_generatesyntheticdataforbinaryclassification,2
v1_79_content_eochandler_ML-Linear-Reg-Bin-Class_KaggeFraudAttempt.py.txt,1,train,1197,eochandler_ml-linear-reg-bin-class_kaggefraudattempt,1
v1_80_content_MachineLearning-Nerd_Linear-Regression-with-Numpy-and-Scikit_linearregression.py.txt,1,train,1198,machinelearning-nerd_linear-regression-with-numpy-and-scikit_linearregression,4
v1_80_content_sharmapulkit_PoisonAttacks-LinearRegression_load_datasets.py.txt,1,train,1199,sharmapulkit_poisonattacks-linearregression_load_datasets,3
v1_83_content_reshma78611_Multi-Linear-Regression-using-python_toyota.py.txt,1,val,1200,reshma78611_multi-linear-regression-using-python_toyota,5
v1_84_content_ieeeWang_Linear-regression-using-tf_linear_regression_tf_medium_API.py.txt,1,train,1201,ieeewang_linear-regression-using-tf_linear_regression_tf_medium_api,2
v1_84_content_Leilusen_Logit-model_binary_choice.py.txt,1,train,1202,leilusen_logit-model_binary_choice,1
v1_85_content_CHSTROKIN_Machine-Learning-Lab_decesion_tree.py.txt,1,train,1203,chstrokin_machine-learning-lab_decesion_tree,4
v1_85_content_CHSTROKIN_Machine-Learning-Lab_logistic_regression.py.txt,1,test,1204,chstrokin_machine-learning-lab_logistic_regression,0
v1_86_content_ChokMania_ft_linear_regression_train.py.txt,1,val,1205,chokmania_ft_linear_regression_train,3
v1_8_content_Abirii_Collection-of-machine-learning-algorithms_locally_weighted_linear_regression.py.txt,1,train,1206,abirii_collection-of-machine-learning-algorithms_locally_weighted_linear_regression,5
v1_98_content_plagache_linear_regression_graph.py.txt,1,test,1207,plagache_linear_regression_graph,0
v1_98_content_plagache_linear_regression_training.py.txt,1,train,1208,plagache_linear_regression_training,2
v1_99_content_kjchoi10_slr_slr_boosted.py.txt,1,train,1209,kjchoi10_slr_slr_boosted,1
v1_9_content_mousepad01_Multiple-linear-regression_multiple_regression.py.txt,1,train,1210,mousepad01_multiple-linear-regression_multiple_regression,4
v1_10_content_bradib0y_searchalgorithms_app.py.txt,1,train,1211,bradib0y_searchalgorithms_app,3
v1_11_content_sichen-x_search-engine_index_search.py.txt,1,val,1212,sichen-x_search-engine_index_search,5
v1_11_content_sichen-x_search-engine_myhtable_search.py.txt,1,train,2290,sichen-x_search-engine_myhtable_search,4
v1_11_content_sichen-x_search-engine_test_htable.py.txt,1,train,1213,sichen-x_search-engine_test_htable,1
v1_11_content_sichen-x_search-engine_test_htableoo.py.txt,1,train,2291,sichen-x_search-engine_test_htableoo,3
v1_13_content_Pedinpsy_-inverted-index-search_hash.py.txt,1,train,1214,pedinpsy_-inverted-index-search_hash,2
v1_13_content_Pedinpsy_-inverted-index-search_main.py.txt,1,val,1215,pedinpsy_-inverted-index-search_main,1
v1_15_content_jknight1725_linear_search_vs_random_search_myFunctions.py.txt,1,test,1216,jknight1725_linear_search_vs_random_search_myfunctions,0
v1_23_content_ayushkumarshah_Complexity-of-Linear-and-Binary-Search_code.py.txt,1,train,1217,ayushkumarshah_complexity-of-linear-and-binary-search_code,5
v1_4_content_AcrobatAHA_Linear-Search-_Linear_search.py.txt,1,train,1218,acrobataha_linear-search-_linear_search,4
v1_v1_10_content_bradib0y_searchalgorithms_app.py.txt,1,train,1211,bradib0y_searchalgorithms_app,3
v1_v1_11_content_sichen-x_search-engine_index_search.py.txt,1,val,1212,sichen-x_search-engine_index_search,5
v1_v1_11_content_sichen-x_search-engine_myhtable_search.py.txt,1,train,2290,sichen-x_search-engine_myhtable_search,4
v1_v1_15_content_jknight1725_linear_search_vs_random_search_myFunctions.py.txt,1,test,1216,jknight1725_linear_search_vs_random_search_myfunctions,0
v1_v1_23_content_ayushkumarshah_Complexity-of-Linear-and-Binary-Search_code.py.txt,1,train,1217,ayushkumarshah_complexity-of-linear-and-binary-search_code,5
v1_v2_10_content_bradib0y_searchalgorithms_app.py.txt,1,train,1211,bradib0y_searchalgorithms_app,3
v1_v2_11_content_sichen-x_search-engine_index_search.py.txt,1,val,1212,sichen-x_search-engine_index_search,5
v1_v2_11_content_sichen-x_search-engine_linear_search.py.txt,1,train,2292,sichen-x_search-engine_linear_search,5
v1_v2_11_content_sichen-x_search-engine_search.py.txt,1,train,2293,sichen-x_search-engine_search,2
v1_v2_11_content_sichen-x_search-engine_test_htableoo.py.txt,1,train,2291,sichen-x_search-engine_test_htableoo,3
v1_v2_1_content_Chunning-Zhou_MILPBasedSearchAlgorithmDiff_function.pya.txt,1,train,2294,chunning-zhou_milpbasedsearchalgorithmdiff_function,2
v1_v2_1_content_guoliu_London-scikit_LondonScikit.py.txt,1,val,2295,guoliu_london-scikit_londonscikit,1
v1_v2_27_content_ashwinvis98_Particle-Swarm-Optimization-for-Robotic-Search-Applications_sensor_check.py.txt,1,train,2296,ashwinvis98_particle-swarm-optimization-for-robotic-search-applications_sensor_check,4
v1_v2_40_content_HimalayPatel_loan-likelihood-prediction_predicting_loan_eda.py.txt,1,train,2297,himalaypatel_loan-likelihood-prediction_predicting_loan_eda,3
v1_v2_6_content_neal-o-r_array_search_binary_search.py.txt,1,test,2298,neal-o-r_array_search_binary_search,0
v1_v3_10_content_bradib0y_searchalgorithms_app.py.txt,1,train,1211,bradib0y_searchalgorithms_app,3
v1_v3_10_content_bradib0y_searchalgorithms_io.py.txt,1,val,2299,bradib0y_searchalgorithms_io,5
v1_v3_11_content_sichen-x_search-engine_htable.py.txt,1,train,2300,sichen-x_search-engine_htable,2
v1_v3_11_content_sichen-x_search-engine_htable_oo.py.txt,1,train,2301,sichen-x_search-engine_htable_oo,4
v1_v3_11_content_sichen-x_search-engine_index_search.py.txt,1,val,1212,sichen-x_search-engine_index_search,5
v1_v3_11_content_sichen-x_search-engine_linear_search.py.txt,1,train,2292,sichen-x_search-engine_linear_search,5
v1_v3_11_content_sichen-x_search-engine_myhtable_search.py.txt,1,train,2290,sichen-x_search-engine_myhtable_search,4
v1_v3_11_content_sichen-x_search-engine_search.py.txt,1,train,2293,sichen-x_search-engine_search,2
v1_v3_11_content_sichen-x_search-engine_test_htableoo.py.txt,1,train,2291,sichen-x_search-engine_test_htableoo,3
v1_v3_15_content_jknight1725_linear_search_vs_random_search_myFunctions.py.txt,1,test,1216,jknight1725_linear_search_vs_random_search_myfunctions,0
v1_v3_1_content_Chunning-Zhou_MILPBasedSearchAlgorithmDiff_function.py.txt,1,train,2294,chunning-zhou_milpbasedsearchalgorithmdiff_function,2
v1_v3_23_content_ayushkumarshah_Complexity-of-Linear-and-Binary-Search_code.py.txt,1,train,1217,ayushkumarshah_complexity-of-linear-and-binary-search_code,5
v1_v3_27_content_ashwinvis98_Particle-Swarm-Optimization-for-Robotic-Search-Applications_aruco_detect.py.txt,1,val,2302,ashwinvis98_particle-swarm-optimization-for-robotic-search-applications_aruco_detect,3
v1_v3_27_content_ashwinvis98_Particle-Swarm-Optimization-for-Robotic-Search-Applications_sensor_check.py.txt,1,train,2296,ashwinvis98_particle-swarm-optimization-for-robotic-search-applications_sensor_check,4
v1_v3_6_content_neal-o-r_array_search_binary_search.py.txt,1,test,2298,neal-o-r_array_search_binary_search,0
v1_v4_10_content_bradib0y_searchalgorithms_app.py.txt,1,train,1211,bradib0y_searchalgorithms_app,3
v1_v4_11_content_sichen-x_search-engine_search.py.txt,1,train,2293,sichen-x_search-engine_search,2
v1_v4_40_content_HimalayPatel_loan-likelihood-prediction_predicting_loan_eda.py.txt,1,train,2297,himalaypatel_loan-likelihood-prediction_predicting_loan_eda,3
v1_v4_6_content_neal-o-r_array_search_binary_search.py.txt,1,test,2298,neal-o-r_array_search_binary_search,0
v1_v5_10_content_bradib0y_searchalgorithms_app.py.txt,1,train,1211,bradib0y_searchalgorithms_app,3
v1_v5_11_content_sichen-x_search-engine_search.py.txt,1,train,2293,sichen-x_search-engine_search,2
v1_v5_11_content_sichen-x_search-engine_test_htable.py.txt,1,train,1213,sichen-x_search-engine_test_htable,1
v1_v5_1_content_Chunning-Zhou_MILPBasedSearchAlgorithmDiff_function.py.txt,1,train,2294,chunning-zhou_milpbasedsearchalgorithmdiff_function,2
v1_v5_27_content_ashwinvis98_Particle-Swarm-Optimization-for-Robotic-Search-Applications_aruco_detect.py.txt,1,val,2302,ashwinvis98_particle-swarm-optimization-for-robotic-search-applications_aruco_detect,3
v1_v5_40_content_HimalayPatel_loan-likelihood-prediction_predicting_loan_eda.py.txt,1,train,2297,himalaypatel_loan-likelihood-prediction_predicting_loan_eda,3
v1_v5_6_content_neal-o-r_array_search_binary_search.py.txt,1,test,2298,neal-o-r_array_search_binary_search,0
v1_10_content_dedeco_crawler-linkedin-public-profiles_crawler.py.txt,1,train,1219,dedeco_crawler-linkedin-public-profiles_crawler,3
v1_11_content_nick-commits_LinkedList_linkedlistprac.py.txt,1,train,1220,nick-commits_linkedlist_linkedlistprac,5
v1_13_content_ToonBlok_LinkedList_test_pylinkedlist.py.txt,1,test,1221,toonblok_linkedlist_test_pylinkedlist,0
v1_15_content_udwivedi394_LinkedList_convertBT2LL.py.txt,1,val,1222,udwivedi394_linkedlist_convertbt2ll,2
v1_16_content_apriven_linked_lists_scratch.py.txt,1,train,1223,apriven_linked_lists_scratch,1
v1_16_content_arifromadhan19_LinkedList_simple_linked_list.py.txt,1,train,1224,arifromadhan19_linkedlist_simple_linked_list,4
v1_17_content_yujiex9_LinkedList_LinkedList.py.txt,1,train,1225,yujiex9_linkedlist_linkedlist,3
v1_17_content_yujiex9_LinkedList_reorder_linkedlist.py.txt,1,train,1226,yujiex9_linkedlist_reorder_linkedlist,5
v1_18_content_swaroop396_linkedLists_LinkedList.py.txt,1,train,1227,swaroop396_linkedlists_linkedlist,2
v1_19_content_vickyabi_singly-linked-list_singly_linked_list.py.txt,1,test,1228,vickyabi_singly-linked-list_singly_linked_list,0
v1_1_content_morganc3_LinkedInHarvester_harvest.py.txt,1,train,1229,morganc3_linkedinharvester_harvest,1
v1_1_content_shivam1196_LRU-Caching_Caching.py.txt,1,train,1230,shivam1196_lru-caching_caching,4
v1_21_content_jmintel7_linked_list_linked_list.py.txt,1,test,1231,jmintel7_linked_list_linked_list,0
v1_21_content_yashag66_Python-Code-Samples_hashingString.py.txt,1,train,1232,yashag66_python-code-samples_hashingstring,3
v1_22_content_harpreetsi_DataStructureImpl_LinkedListTest.py.txt,1,train,1233,harpreetsi_datastructureimpl_linkedlisttest,5
v1_22_content_harpreetsi_DataStructureImpl_StackImplUsingArrayTest.py.txt,1,train,1234,harpreetsi_datastructureimpl_stackimplusingarraytest,2
v1_23_content_jfb125_pythonLinkedLists_ex13.py.txt,1,val,1235,jfb125_pythonlinkedlists_ex13,1
v1_23_content_TuckerStewart98_LinkedList_MyLinkedList.py.txt,1,train,1236,tuckerstewart98_linkedlist_mylinkedlist,4
v1_24_content_Am4teur_LinkedList_LL0.py.txt,1,test,1237,am4teur_linkedlist_ll0,0
v1_24_content_lavi09_Linked-Lists_findingnnodelinkedlist.py.txt,1,train,1238,lavi09_linked-lists_findingnnodelinkedlist,3
v1_24_content_pacslab_ACM-trans-papers-spider_ACMPaperSpider.py.txt,1,val,1239,pacslab_acm-trans-papers-spider_acmpaperspider,5
v1_25_content_Cytla24_LinkedLists_print_append_insert_delete.py.txt,1,train,1240,cytla24_linkedlists_print_append_insert_delete,2
v1_26_content_alex-code4okc_LinkedList_linkedlist.py.txt,1,test,1241,alex-code4okc_linkedlist_linkedlist,0
v1_26_content_talhakerpicci_sahibinden-house-checker_house_database.py.txt,1,val,1242,talhakerpicci_sahibinden-house-checker_house_database,1
v1_27_content_KyleSeaman201_Ordered-Linked-List_Ordered_Linked_List.py.txt,1,val,1243,kyleseaman201_ordered-linked-list_ordered_linked_list,4
v1_29_content_MeriBalasanyan_Circular_Linked_List_circular_linked_list.py.txt,1,test,1244,meribalasanyan_circular_linked_list_circular_linked_list,0
v1_2_content_judeisnotobscure_linked_list_linked_list.py.txt,1,test,1245,judeisnotobscure_linked_list_linked_list,0
v1_2_content_Lok-lok_TestLinkedList_LinkedList.py.txt,1,train,1246,lok-lok_testlinkedlist_linkedlist,3
v1_30_content_a1928375_click_count_click_count.py.txt,1,train,1247,a1928375_click_count_click_count,5
v1_34_content_jackle98_Deque-Code-_Queue.py.txt,1,val,1248,jackle98_deque-code-_queue,4
v1_35_content_dharan-s_Data_Structure_Python_LLPalindrome.py.txt,1,train,1249,dharan-s_data_structure_python_llpalindrome,2
v1_36_content_cyndyishida_QueueQuickSort_linked_queue.py.txt,1,val,1250,cyndyishida_queuequicksort_linked_queue,1
v1_37_content_AAdewunmi_Following-Links-in-HTML-Using-BeautifulSoup_assign_12.6.py.txt,1,train,1251,aadewunmi_following-links-in-html-using-beautifulsoup_assign_12.6,3
v1_38_content_valuntiny_leetcode_linked_list_ii_addTwoNumbers_re.py.txt,1,train,1252,valuntiny_leetcode_linked_list_ii_addtwonumbers_re,2
v1_3_content_coreymyster_linked-lists_stack.py.txt,1,train,1253,coreymyster_linked-lists_stack,4
v1_40_content_Bonifase_ShoppingList_app_tests.py.txt,1,train,1255,bonifase_shoppinglist_app_tests,4
v1_41_content_Titash21_Python-Representation-of-LinkedList_linkledistDelete.py.txt,1,train,1256,titash21_python-representation-of-linkedlist_linkledistdelete,5
v1_42_content_TechnoMonoCo_Python-Doubly-Linked-List_LL.py.txt,1,train,1257,technomonoco_python-doubly-linked-list_ll,3
v1_43_content_muhamuttaqien_python-data-structure_heap.py.txt,1,train,1258,muhamuttaqien_python-data-structure_heap,2
v1_44_content_rjsheth_LinkedList-Problems_Reverse_linked_list.py.txt,1,train,1259,rjsheth_linkedlist-problems_reverse_linked_list,1
v1_46_content_lili668668_tensorflow-note_trytfb.py.txt,1,train,1260,lili668668_tensorflow-note_trytfb,4
v1_4_content_agvaibhav_linked-list_insertion-doubly.py.txt,1,train,1261,agvaibhav_linked-list_insertion-doubly,3
v1_4_content_DebashishSarkarDurjoy_DoublyLinkedList_doublyLinkedList.py.txt,1,train,1262,debashishsarkardurjoy_doublylinkedlist_doublylinkedlist,5
v1_5_content_egeismail_SteamWorkshopCollectionInstaller_workshopinstaller.py.txt,1,train,1263,egeismail_steamworkshopcollectioninstaller_workshopinstaller,2
v1_5_content_ligertsicat_Rental-Scraper_scraper.py.txt,1,train,1264,ligertsicat_rental-scraper_scraper,1
v1_6_content_programmer290399_Youtube-transcript-extractor_links_finder.py.txt,1,train,1265,programmer290399_youtube-transcript-extractor_links_finder,4
v1_7_content_mharsha315_Python---Hangman_Hangman.py.txt,1,val,1266,mharsha315_python---hangman_hangman,3
v1_7_content_udaram_Data-Structure_Doubly_linklist.py.txt,1,val,1267,udaram_data-structure_doubly_linklist,5
v1_9_content_Sknapper4_CS3310A2_main.py.txt,1,train,1268,sknapper4_cs3310a2_main,2
v1_10_content_fadlytanjung_chatbot-lcs-line_app.py.txt,1,test,1269,fadlytanjung_chatbot-lcs-line_app,0
v1_10_content_sumanthsunny35_RHM-assignment_LCS.py.txt,1,test,1270,sumanthsunny35_rhm-assignment_lcs,0
v1_11_content_ayushkumarshah_Dynamic-Programming-MCM-and-LCS_lcs.py.txt,1,test,1271,ayushkumarshah_dynamic-programming-mcm-and-lcs_lcs,0
v1_11_content_ayushkumarshah_Dynamic-Programming-MCM-and-LCS_matmul.py.txt,1,train,1272,ayushkumarshah_dynamic-programming-mcm-and-lcs_matmul,1
v1_11_content_Meghali-Nandi_DNA-PATTERN-MATCHER_dna_matching.py.txt,1,test,1273,meghali-nandi_dna-pattern-matcher_dna_matching,0
v1_13_content_trsavi_Largest-Common-Sequence_subSequence.py.txt,1,val,1274,trsavi_largest-common-sequence_subsequence,4
v1_15_content_VakinduPhilliam_Pattern_Matching_Python_Difflib_Pattern_Matching_CL_Interface.py.txt,1,val,1275,vakinduphilliam_pattern_matching_python_difflib_pattern_matching_cl_interface,3
v1_15_content_VakinduPhilliam_Pattern_Matching_Python_Difflib_Pattern_Matching_Differ.py.txt,1,val,1276,vakinduphilliam_pattern_matching_python_difflib_pattern_matching_differ,5
v1_15_content_VakinduPhilliam_Pattern_Matching_Python_Difflib_Pattern_Matching_Differ___.py.txt,1,train,1277,vakinduphilliam_pattern_matching_python_difflib_pattern_matching_differ___,2
v1_15_content_VakinduPhilliam_Pattern_Matching_Python_Difflib_Pattern_Matching_Get_Close_Matches.py.txt,1,test,1278,vakinduphilliam_pattern_matching_python_difflib_pattern_matching_get_close_matches,0
v1_15_content_VakinduPhilliam_Pattern_Matching_Python_Difflib_Pattern_Matching_N_Diff.py.txt,1,val,1279,vakinduphilliam_pattern_matching_python_difflib_pattern_matching_n_diff,1
v1_15_content_VakinduPhilliam_Pattern_Matching_Python_Difflib_Pattern_Matching_Restore.py.txt,1,train,1280,vakinduphilliam_pattern_matching_python_difflib_pattern_matching_restore,4
v1_15_content_VakinduPhilliam_Pattern_Matching_Python_Difflib_Pattern_Matching_Sequence_Matcher.py.txt,1,test,1281,vakinduphilliam_pattern_matching_python_difflib_pattern_matching_sequence_matcher,0
v1_15_content_VakinduPhilliam_Pattern_Matching_Python_Difflib_Pattern_Matching_SequenceMatcher.py.txt,1,train,1282,vakinduphilliam_pattern_matching_python_difflib_pattern_matching_sequencematcher,3
v1_15_content_VakinduPhilliam_Pattern_Matching_Python_Difflib_Pattern_Matching_Unified_Diff.py.txt,1,train,1283,vakinduphilliam_pattern_matching_python_difflib_pattern_matching_unified_diff,5
v1_15_content_VakinduPhilliam_Pattern_Matching_Python_Filecmp_Recursive_Search.py.txt,1,train,1284,vakinduphilliam_pattern_matching_python_filecmp_recursive_search,2
v1_15_content_VakinduPhilliam_Pattern_Matching_Python_Fnmatch_fnmatch.py.txt,1,train,1285,vakinduphilliam_pattern_matching_python_fnmatch_fnmatch,1
v1_15_content_VakinduPhilliam_Pattern_Matching_Python_Fnmatch_Translate.py.txt,1,train,1286,vakinduphilliam_pattern_matching_python_fnmatch_translate,4
v1_15_content_VakinduPhilliam_Pattern_Matching_Python_Glob_Directory_Matching.py.txt,1,train,1287,vakinduphilliam_pattern_matching_python_glob_directory_matching,3
v1_15_content_VakinduPhilliam_Pattern_Matching_Python_Glob_Directory_Paths.py.txt,1,train,1288,vakinduphilliam_pattern_matching_python_glob_directory_paths,5
v1_1_content_Gopal9028_Longest-Common-Subsequence-using-MPI_lcs_using_MPI.py.txt,1,val,1289,gopal9028_longest-common-subsequence-using-mpi_lcs_using_mpi,2
v1_1_content_jim-spyropoulos_Trajectory-Analysis-and-Classification-in-Python-Pandas-and-Scikit-Learn_auxiliaryfunctions.py.txt,1,test,1290,jim-spyropoulos_trajectory-analysis-and-classification-in-python-pandas-and-scikit-learn_auxiliaryfunctions,0
v1_1_content_jim-spyropoulos_Trajectory-Analysis-and-Classification-in-Python-Pandas-and-Scikit-Learn_best_classifier.py.txt,1,train,1291,jim-spyropoulos_trajectory-analysis-and-classification-in-python-pandas-and-scikit-learn_best_classifier,1
v1_1_content_jim-spyropoulos_Trajectory-Analysis-and-Classification-in-Python-Pandas-and-Scikit-Learn_classifytraj.py.txt,1,train,1292,jim-spyropoulos_trajectory-analysis-and-classification-in-python-pandas-and-scikit-learn_classifytraj,4
v1_1_content_jim-spyropoulos_Trajectory-Analysis-and-Classification-in-Python-Pandas-and-Scikit-Learn_datacleaning.py.txt,1,test,1293,jim-spyropoulos_trajectory-analysis-and-classification-in-python-pandas-and-scikit-learn_datacleaning,0
v1_1_content_jim-spyropoulos_Trajectory-Analysis-and-Classification-in-Python-Pandas-and-Scikit-Learn_down_left_point.py.txt,1,train,1294,jim-spyropoulos_trajectory-analysis-and-classification-in-python-pandas-and-scikit-learn_down_left_point,3
v1_1_content_jim-spyropoulos_Trajectory-Analysis-and-Classification-in-Python-Pandas-and-Scikit-Learn_fast_dtw_neigbors.py.txt,1,val,1295,jim-spyropoulos_trajectory-analysis-and-classification-in-python-pandas-and-scikit-learn_fast_dtw_neigbors,5
v1_1_content_jim-spyropoulos_Trajectory-Analysis-and-Classification-in-Python-Pandas-and-Scikit-Learn_grid_points.py.txt,1,train,1296,jim-spyropoulos_trajectory-analysis-and-classification-in-python-pandas-and-scikit-learn_grid_points,2
v1_1_content_jim-spyropoulos_Trajectory-Analysis-and-Classification-in-Python-Pandas-and-Scikit-Learn_lcss_neighbors.py.txt,1,train,1297,jim-spyropoulos_trajectory-analysis-and-classification-in-python-pandas-and-scikit-learn_lcss_neighbors,1
v1_1_content_susheelsagar_LCSS_file.py.txt,1,train,1298,susheelsagar_lcss_file,4
v1_1_content_susheelsagar_LCSS_final_loader.py.txt,1,train,1299,susheelsagar_lcss_final_loader,3
v1_1_content_susheelsagar_LCSS_lcss.py.txt,1,train,1300,susheelsagar_lcss_lcss,5
v1_1_content_susheelsagar_LCSS_lcss2.py.txt,1,val,1301,susheelsagar_lcss_lcss2,2
v1_1_content_susheelsagar_LCSS_lcss3.py.txt,1,val,1302,susheelsagar_lcss_lcss3,1
v1_1_content_susheelsagar_LCSS_lcss4.py.txt,1,test,2303,susheelsagar_lcss_lcss4,0
v1_1_content_susheelsagar_LCSS_temp.py.txt,1,train,1303,susheelsagar_lcss_temp,1
v1_1_content_susheelsagar_LCSS_test.py.txt,1,test,1304,susheelsagar_lcss_test,0
v1_2_content_AllanLa_LongestCommonSubsequence_LCS.py.txt,1,train,1305,allanla_longestcommonsubsequence_lcs,5
v1_2_content_athulvijayan6_python-rlcs_lcssMain.py.txt,1,train,1306,athulvijayan6_python-rlcs_lcssmain,2
v1_2_content_shreya21rathi_Longest-Common-Subsequence_lcs.py.txt,1,train,1307,shreya21rathi_longest-common-subsequence_lcs,4
v1_3_content_jzwei023_LongestCommonSubsequence_lcs.py.txt,1,train,1308,jzwei023_longestcommonsubsequence_lcs,1
v1_3_content_pombredanne_string-alignment_globalAlignment.py.txt,1,test,1309,pombredanne_string-alignment_globalalignment,0
v1_3_content_pombredanne_string-alignment_LCS.py.txt,1,train,1310,pombredanne_string-alignment_lcs,4
v1_3_content_pombredanne_string-alignment_localAlignment.py.txt,1,train,1311,pombredanne_string-alignment_localalignment,3
v1_4_content_sumedhvdatar_Longest_Common_Subsequence_lcs.py.txt,1,train,1312,sumedhvdatar_longest_common_subsequence_lcs,5
v1_5_content_amirheidarikhoram_longest-common-subsequence_lcs.py.txt,1,val,1313,amirheidarikhoram_longest-common-subsequence_lcs,2
v1_5_content_ham-evans_Dynamic-Programming-LCS_HAMILTONEVANSimplementation2LCS.py.txt,1,train,1314,ham-evans_dynamic-programming-lcs_hamiltonevansimplementation2lcs,1
v1_6_content_greed2411_LCS_main.py.txt,1,train,2304,greed2411_lcs_main,5
v1_6_content_greed2411_LCS_try.py.txt,1,test,1315,greed2411_lcs_try,0
v1_6_content_singh-sidharth_Longest-Common-Subsequence_LCS.py.txt,1,train,1316,singh-sidharth_longest-common-subsequence_lcs,4
v1_7_content_justinmuskopf_protein_lcs_finder_lcs_proteins.py.txt,1,train,1317,justinmuskopf_protein_lcs_finder_lcs_proteins,3
v1_7_content_kanthagirish-rit_lcs-project_datagen.py.txt,1,val,1318,kanthagirish-rit_lcs-project_datagen,5
v1_7_content_kanthagirish-rit_lcs-project_dynamicprog.py.txt,1,train,1319,kanthagirish-rit_lcs-project_dynamicprog,2
v1_7_content_kanthagirish-rit_lcs-project_hlcs.py.txt,1,train,1320,kanthagirish-rit_lcs-project_hlcs,1
v1_7_content_kanthagirish-rit_lcs-project_memoization.py.txt,1,train,1321,kanthagirish-rit_lcs-project_memoization,1
v1_7_content_kanthagirish-rit_lcs-project_recursive.py.txt,1,train,1322,kanthagirish-rit_lcs-project_recursive,4
v1_8_content_16chuang_CS161_Project_1a.py.txt,1,val,1323,16chuang_cs161_project_1a,3
v1_8_content_16chuang_CS161_Project_CLCSFast.py.txt,1,train,1324,16chuang_cs161_project_clcsfast,5
v1_8_content_16chuang_CS161_Project_CLCSSlow.py.txt,1,train,1325,16chuang_cs161_project_clcsslow,2
v1_8_content_16chuang_CS161_Project_judge.py.txt,1,train,1326,16chuang_cs161_project_judge,1
v1_8_content_16chuang_CS161_Project_LCS.py.txt,1,train,1327,16chuang_cs161_project_lcs,4
v1_8_content_16chuang_CS161_Project_LCStest.py.txt,1,train,1328,16chuang_cs161_project_lcstest,5
v1_8_content_thingumajig_weighted_lcs_patterns.py.txt,1,train,1329,thingumajig_weighted_lcs_patterns,3
v1_8_content_thingumajig_weighted_lcs_sequence.py.txt,1,train,1330,thingumajig_weighted_lcs_sequence,2
v1_8_content_thingumajig_weighted_lcs_weighted_lcs.py.txt,1,train,1331,thingumajig_weighted_lcs_weighted_lcs,1
v1_1_content_Aghabekyan_calculator-of-median-value_helpers.py.txt,1,test,1332,aghabekyan_calculator-of-median-value_helpers,0
v1_1_content_Aghabekyan_calculator-of-median-value_main.py.txt,1,train,1333,aghabekyan_calculator-of-median-value_main,4
v1_1_content_Aghabekyan_calculator-of-median-value_test.py.txt,1,test,1334,aghabekyan_calculator-of-median-value_test,0
v1_1_content_brandonio_Stats-Calculator_stats.py.txt,1,train,1335,brandonio_stats-calculator_stats,3
v1_1_content_ivan-gramatikov_Median-calc-basic_median.py.txt,1,train,1336,ivan-gramatikov_median-calc-basic_median,2
v1_1_content_ivan-gramatikov_Median-calc-basic_test_median.py.txt,1,train,1337,ivan-gramatikov_median-calc-basic_test_median,5
v1_2_content_siddhi47_median_calculator_median_calculator.py.txt,1,test,1338,siddhi47_median_calculator_median_calculator,0
v1_3_content_Robert-Barclay_Statistics-Calculator_Stat_CalculatorV3.0.py.txt,1,train,1339,robert-barclay_statistics-calculator_stat_calculatorv3.0,2
v1_4_content_bstefansen_HomePriceStatistics_Stefansen_Homes.py.txt,1,train,1340,bstefansen_homepricestatistics_stefansen_homes,1
v1_100_content_paulofaria_dr-naive-bayes_server.py.txt,1,train,1341,paulofaria_dr-naive-bayes_server,4
v1_10_content_SamAllegretto_NaiveBayes_bayes__3_.py.txt,1,train,1342,samallegretto_naivebayes_bayes__3_,3
v1_11_content_yuvalkif_NaiveBayes_NaiveBayes.py.txt,1,train,1343,yuvalkif_naivebayes_naivebayes,5
v1_12_content_chiforbogdan_naive-bayes-reputation_naive_bayes.py.txt,1,train,1344,chiforbogdan_naive-bayes-reputation_naive_bayes,2
v1_12_content_chiforbogdan_naive-bayes-reputation_satisfaction_humidity.py.txt,1,val,1345,chiforbogdan_naive-bayes-reputation_satisfaction_humidity,1
v1_13_content_ShankyTiwari_Naive-Bayes-Classifier-using-python_naive_bayes_supermall.py.txt,1,train,1346,shankytiwari_naive-bayes-classifier-using-python_naive_bayes_supermall,4
v1_14_content_Dmujt_Naive-Bayes-Sentiment-Analysis_mutual_information.py.txt,1,train,1347,dmujt_naive-bayes-sentiment-analysis_mutual_information,3
v1_14_content_rajat1401_NaiveBayes_scratch_2016260_ques1a.py.txt,1,train,1348,rajat1401_naivebayes_scratch_2016260_ques1a,2
v1_16_content_ydhnwb_sentiment_analysis_movie_app.py.txt,1,train,1349,ydhnwb_sentiment_analysis_movie_app,5
v1_16_content_ydhnwb_sentiment_analysis_movie_preprocessing.py.txt,1,train,1350,ydhnwb_sentiment_analysis_movie_preprocessing,2
v1_17_content_sdevkota007_KNN-And-NaiveBayes-Classifier_ConfusionMatrix.py.txt,1,train,1351,sdevkota007_knn-and-naivebayes-classifier_confusionmatrix,1
v1_18_content_kandapagari_NaiveBayes_Naive_bayes.py.txt,1,test,1352,kandapagari_naivebayes_naive_bayes,0
v1_1_content_pranav-dahiya_NaiveBayes_spam_filter.py.txt,1,train,1353,pranav-dahiya_naivebayes_spam_filter,3
v1_1_content_pranav-dahiya_NaiveBayes_vocabulary.py.txt,1,train,1354,pranav-dahiya_naivebayes_vocabulary,4
v1_21_content_pavel-shepelev_NaiveBayes_News_Classifier.py.txt,1,train,1355,pavel-shepelev_naivebayes_news_classifier,3
v1_23_content_ntorba_Naive_Bayes_Naive_Bayes.py.txt,1,train,1356,ntorba_naive_bayes_naive_bayes,5
v1_29_content_barshaison_Naive_Bayes_Classifier_PreProcessing.py.txt,1,train,1357,barshaison_naive_bayes_classifier_preprocessing,2
v1_29_content_barshaison_Naive_Bayes_Classifier_Prog.py.txt,1,train,1358,barshaison_naive_bayes_classifier_prog,1
v1_2_content_aspremon_NaiveFeatureSelection_DemoNFS.py.txt,1,val,1359,aspremon_naivefeatureselection_demonfs,4
v1_30_content_sina-ehsani_NaiveBayes_SNLI_prepro.py.txt,1,train,1360,sina-ehsani_naivebayes_snli_prepro,4
v1_31_content_dariswan_AudioRetrieval-Classification_ekstraksi.py.txt,1,train,1361,dariswan_audioretrieval-classification_ekstraksi,3
v1_37_content_saurabhzingade_Naive-Bayes-Basic_naive.py.txt,1,val,1362,saurabhzingade_naive-bayes-basic_naive,5
v1_39_content_arundhati-b_NaiveBayesClassifier_computation.py.txt,1,train,1363,arundhati-b_naivebayesclassifier_computation,2
v1_3_content_ml-for-nlp_authorship-attribution_attribution.py.txt,1,train,1364,ml-for-nlp_authorship-attribution_attribution,1
v1_42_content_darshan-jain-29_ml-naive-bayes-working-demo_email_preprocess.py.txt,1,val,1365,darshan-jain-29_ml-naive-bayes-working-demo_email_preprocess,4
v1_44_content_akbloodadarsh_Twitter-Sentimental-Analysis_MultinomialNaiveBayes.py.txt,1,test,1366,akbloodadarsh_twitter-sentimental-analysis_multinomialnaivebayes,0
v1_48_content_andrewdoanutz_NaiveBayesClassifier_NaiveBayesClassifier.py.txt,1,val,1367,andrewdoanutz_naivebayesclassifier_naivebayesclassifier,3
v1_48_content_asaadam_TextMining_Preprocessing.py.txt,1,test,1368,asaadam_textmining_preprocessing,0
v1_50_content_cristend_spam_email_auto_run.py.txt,1,train,1369,cristend_spam_email_auto_run,5
v1_56_content_ANLY521_naive_bayes_template_zero_rule.py.txt,1,train,1370,anly521_naive_bayes_template_zero_rule,2
v1_57_content_mercury0100_pynb_pynb.py.txt,1,train,1371,mercury0100_pynb_pynb,1
v1_5_content_adityadas8888_Naive-Bayes_naive_bayes.py.txt,1,train,1372,adityadas8888_naive-bayes_naive_bayes,4
v1_66_content_Talon-Zhang_Naive-Bayes_reader.py.txt,1,train,1373,talon-zhang_naive-bayes_reader,3
v1_67_content_theSnehaThing_NaiveBayes_Naive-Bayes_Classifier.py.txt,1,test,1374,thesnehathing_naivebayes_naive-bayes_classifier,0
v1_6_content_dennishnf_indoor-location-using-naive-bayes_2_division_data.py.txt,1,train,1375,dennishnf_indoor-location-using-naive-bayes_2_division_data,5
v1_72_content_AnirudhRathinam_naive-bayes_naiveBayes.py.txt,1,test,1376,anirudhrathinam_naive-bayes_naivebayes,0
v1_76_content_mashfiq10_Naive-Bayes-classification_prob_1.py.txt,1,train,1377,mashfiq10_naive-bayes-classification_prob_1,2
v1_78_content_uptodiff_kdd-cup-99-Analysis-machine-learning-python_kdd_binary_classification_ANN.py.txt,1,train,1378,uptodiff_kdd-cup-99-analysis-machine-learning-python_kdd_binary_classification_ann,1
v1_79_content_snehasg95_NaiveBayes_iris_classification.py.txt,1,train,1379,snehasg95_naivebayes_iris_classification,4
v1_7_content_ettuniversum_NaiveBayesian_iris_classifier.py.txt,1,train,1380,ettuniversum_naivebayesian_iris_classifier,3
v1_7_content_pherde_naive_bayes_spam_classifier.py.txt,1,train,1381,pherde_naive_bayes_spam_classifier,5
v1_80_content_cgeopapa_NaiveBayesClassifier-ham-spam-mail_Bayes.py.txt,1,train,1382,cgeopapa_naivebayesclassifier-ham-spam-mail_bayes,2
v1_87_content_tej06_NaiveBayes-Classification_training.py.txt,1,val,1383,tej06_naivebayes-classification_training,1
v1_8_content_FelixHuangX_Naive-Bayes-for-Text-Classification_Naivebayes_train.py.txt,1,train,1384,felixhuangx_naive-bayes-for-text-classification_naivebayes_train,4
v1_90_content_cody-elhard_NaiveBayes_naive-bayes-numerical.py.txt,1,train,1385,cody-elhard_naivebayes_naive-bayes-numerical,3
v1_91_content_mahsarazavi_Text-Classification_MLP_Model.py.txt,1,train,1386,mahsarazavi_text-classification_mlp_model,5
v1_91_content_mahsarazavi_Text-Classification_naivebayes.py.txt,1,val,1387,mahsarazavi_text-classification_naivebayes,2
v1_94_content_UniqueRoHo_NaiveBayes_Continuous.py.txt,1,train,1388,uniqueroho_naivebayes_continuous,1
v1_95_content_ravularohit_sms-spam-detection_spam_detection.py.txt,1,test,1389,ravularohit_sms-spam-detection_spam_detection,0
v1_97_content_panjibagaskara_NaiveBayes_naive.py.txt,1,train,1390,panjibagaskara_naivebayes_naive,4
v1_10_content_divyanshgupt_one-time-pad_main.py.txt,1,test,1391,divyanshgupt_one-time-pad_main,0
v1_10_content_divyanshgupt_one-time-pad_takeinput.py.txt,1,train,1392,divyanshgupt_one-time-pad_takeinput,3
v1_10_content_MBataille_encrypt-xor_encr.py.txt,1,val,1393,mbataille_encrypt-xor_encr,5
v1_11_content_AlfioEmanueleFresta_practical-one-time-pad-python_exercise1.py.txt,1,test,1394,alfioemanuelefresta_practical-one-time-pad-python_exercise1,0
v1_11_content_AlfioEmanueleFresta_practical-one-time-pad-python_exercise2.py.txt,1,train,1395,alfioemanuelefresta_practical-one-time-pad-python_exercise2,2
v1_11_content_AlfioEmanueleFresta_practical-one-time-pad-python_extension.py.txt,1,train,1396,alfioemanuelefresta_practical-one-time-pad-python_extension,1
v1_11_content_wwdesmidt_otphelper_otp.py.txt,1,train,1397,wwdesmidt_otphelper_otp,4
v1_14_content_b-hub_cracker_test.py.txt,1,train,1398,b-hub_cracker_test,3
v1_14_content_owenlo_OTP-Python_otp.py.txt,1,train,1399,owenlo_otp-python_otp,5
v1_15_content_elkozmon_otp_test_otp.py.txt,1,train,1400,elkozmon_otp_test_otp,2
v1_16_content_nicolasenciso_One-time-pad-crypto-algorithm_OneTimePad.py.txt,1,train,1401,nicolasenciso_one-time-pad-crypto-algorithm_onetimepad,1
v1_17_content_henryfox_encryption_rand.py.txt,1,train,1402,henryfox_encryption_rand,4
v1_17_content_henryfox_encryption_run.py.txt,1,train,1403,henryfox_encryption_run,5
v1_17_content_henryfox_encryption_run_ui.py.txt,1,test,1404,henryfox_encryption_run_ui,0
v1_17_content_jb0xx_decrypt-onetimepad_texthelper.py.txt,1,train,1405,jb0xx_decrypt-onetimepad_texthelper,3
v1_18_content_sathishbeloved_One-time-pad-cipher-with-python3_one_time_pad_cipher.py.txt,1,val,1406,sathishbeloved_one-time-pad-cipher-with-python3_one_time_pad_cipher,2
v1_19_content_DennyHsieh_many-time-pad-attack_test.py.txt,1,train,1407,dennyhsieh_many-time-pad-attack_test,1
v1_19_content_sorenr_jjcrypt_otp_gen.py.txt,1,train,1408,sorenr_jjcrypt_otp_gen,4
v1_20_content_ErikDeBruijn_seed-split_seed-split.py.txt,1,train,1409,erikdebruijn_seed-split_seed-split,3
v1_21_content_bentoro_7402_Ass3_otp.py.txt,1,train,1410,bentoro_7402_ass3_otp,5
v1_22_content_asmitaneupane_Python-project_algorithm.py.txt,1,train,1411,asmitaneupane_python-project_algorithm,2
v1_22_content_asmitaneupane_Python-project_mytest.py.txt,1,test,1412,asmitaneupane_python-project_mytest,0
v1_22_content_asmitaneupane_Python-project_testfile.py.txt,1,train,1413,asmitaneupane_python-project_testfile,1
v1_22_content_asmitaneupane_Python-project_vernam.py.txt,1,test,1414,asmitaneupane_python-project_vernam,0
v1_23_content_git-remove_OTP-Decipher_cipher.py.txt,1,train,1415,git-remove_otp-decipher_cipher,4
v1_24_content_BrandonSersion_face-pad_manage.py.txt,1,train,1416,brandonsersion_face-pad_manage,3
v1_25_content_penji2_encode-OTP-client-server_key_generator.py.txt,1,train,1417,penji2_encode-otp-client-server_key_generator,5
v1_27_content_aferaudo_xor_keyobtainer_xor_keyobtainer.py.txt,1,val,1418,aferaudo_xor_keyobtainer_xor_keyobtainer,2
v1_31_content_tobymyers_codingthematrix_factoring_support.py.txt,1,train,1419,tobymyers_codingthematrix_factoring_support,1
v1_31_content_tobymyers_codingthematrix_gaussian_examples.py.txt,1,train,1420,tobymyers_codingthematrix_gaussian_examples,4
v1_31_content_tobymyers_codingthematrix_GF2.py.txt,1,train,1421,tobymyers_codingthematrix_gf2,3
v1_31_content_tobymyers_codingthematrix_orthonormalization.py.txt,1,val,1422,tobymyers_codingthematrix_orthonormalization,5
v1_31_content_tobymyers_codingthematrix_The_Function_problems.py.txt,1,train,1423,tobymyers_codingthematrix_the_function_problems,2
v1_31_content_tobymyers_codingthematrix_vecutil.py.txt,1,train,1424,tobymyers_codingthematrix_vecutil,1
v1_3_content_archit-p_two-time-pad-exploit_exploit-two-time-pad.py.txt,1,train,1425,archit-p_two-time-pad-exploit_exploit-two-time-pad,4
v1_3_content_calleia_one-time-pad-python_one-time-pad.py.txt,1,train,1426,calleia_one-time-pad-python_one-time-pad,3
v1_3_content_redneptun_lokkat_lokkat.py.txt,1,train,1427,redneptun_lokkat_lokkat,5
v1_4_content_sezisoro_PyTimePad_PyTimePad.py.txt,1,train,1428,sezisoro_pytimepad_pytimepad,2
v1_5_content_dobrosketchkun_IV-chat_input_IVchat.py.txt,1,train,1429,dobrosketchkun_iv-chat_input_ivchat,1
v1_5_content_dobrosketchkun_IV-chat_output_IVchat.py.txt,1,train,1430,dobrosketchkun_iv-chat_output_ivchat,4
v1_5_content_dobrosketchkun_IV-chat_roster.py.txt,1,train,1431,dobrosketchkun_iv-chat_roster,3
v1_7_content_oscarokker_OneTimePad_decrypt.py.txt,1,val,1432,oscarokker_onetimepad_decrypt,5
v1_7_content_oscarokker_OneTimePad_encrypt.py.txt,1,test,1433,oscarokker_onetimepad_encrypt,0
v1_7_content_oscarokker_OneTimePad_readImgBytes.py.txt,1,train,1434,oscarokker_onetimepad_readimgbytes,2
v1_7_content_oscarokker_OneTimePad_unbreakable_encryption.py.txt,1,train,1435,oscarokker_onetimepad_unbreakable_encryption,1
v1_8_content_AlfioEmanueleFresta_practical-one-time-pad_conf.py.txt,1,test,1436,alfioemanuelefresta_practical-one-time-pad_conf,0
v1_8_content_dargust_OTPChat_OTPIRC.py.txt,1,test,1437,dargust_otpchat_otpirc,0
v1_9_content_RooiAap_One-Time-Pad_decrypt.py.txt,1,train,1438,rooiaap_one-time-pad_decrypt,4
v1_9_content_RooiAap_One-Time-Pad_encrypt.py.txt,1,train,1439,rooiaap_one-time-pad_encrypt,3
v1_9_content_wwlorey_one-time-pad_bin_otp_key_gen.py.txt,1,val,1440,wwlorey_one-time-pad_bin_otp_key_gen,5
v1_1_content_Pranshu258_Crowd_Behavior_Analysis_outlierDetector.py.txt,1,train,1441,pranshu258_crowd_behavior_analysis_outlierdetector,2
v1_2_content_Liu-WeiYi_Private_Preserving_Outlier_Behavior_Detection_Abnormal_Scenario_Generation.py.txt,1,train,1442,liu-weiyi_private_preserving_outlier_behavior_detection_abnormal_scenario_generation,1
v1_2_content_Liu-WeiYi_Private_Preserving_Outlier_Behavior_Detection_community_main.py.txt,1,train,1443,liu-weiyi_private_preserving_outlier_behavior_detection_community_main,1
v1_2_content_Liu-WeiYi_Private_Preserving_Outlier_Behavior_Detection_Incremental_Time_analysis.py.txt,1,train,1444,liu-weiyi_private_preserving_outlier_behavior_detection_incremental_time_analysis,4
v1_2_content_Liu-WeiYi_Private_Preserving_Outlier_Behavior_Detection_Process_TianChi_Main.py.txt,1,train,1445,liu-weiyi_private_preserving_outlier_behavior_detection_process_tianchi_main,3
v1_2_content_Liu-WeiYi_Private_Preserving_Outlier_Behavior_Detection_statistic.py.txt,1,val,1446,liu-weiyi_private_preserving_outlier_behavior_detection_statistic,2
v1_2_content_Liu-WeiYi_Private_Preserving_Outlier_Behavior_Detection_utils.py.txt,1,train,1447,liu-weiyi_private_preserving_outlier_behavior_detection_utils,5
v1_2_content_mayankagrawal93_Outlier-Analysis_cblof.py.txt,1,val,1448,mayankagrawal93_outlier-analysis_cblof,2
v1_2_content_moluronghuakai_outlier-analysis_feature.py.txt,1,test,1449,moluronghuakai_outlier-analysis_feature,0
v1_2_content_Rohit967_Outlier-Analysis-With-Python_OutlierAnalysis.py.txt,1,train,1450,rohit967_outlier-analysis-with-python_outlieranalysis,1
v1_4_content_mrimahajan_advanced_analysis_package___init__.py.txt,1,train,1451,mrimahajan_advanced_analysis_package___init__,4
v1_4_content_mrimahajan_advanced_analysis_package_analyze.py.txt,1,train,1452,mrimahajan_advanced_analysis_package_analyze,3
v1_4_content_mrimahajan_advanced_analysis_package_variable_reduction.py.txt,1,train,1453,mrimahajan_advanced_analysis_package_variable_reduction,5
v1_4_content_mrimahajan_advanced_analysis_package_variable_treatment.py.txt,1,train,1454,mrimahajan_advanced_analysis_package_variable_treatment,2
v1_5_content_harshdarji22_crypto_domains.py.txt,1,val,1455,harshdarji22_crypto_domains,1
v1_5_content_harshdarji22_crypto_index.py.txt,1,train,1456,harshdarji22_crypto_index,4
v1_5_content_harshdarji22_crypto_outlier.py.txt,1,train,1457,harshdarji22_crypto_outlier,5
v1_6_content_chengdai_gestation_multiomics_pregnancy_multiomics.py.txt,1,train,1458,chengdai_gestation_multiomics_pregnancy_multiomics,3
v1_1_content_danrludwig_perfect_number_perfect_number_code.py.txt,1,test,1459,danrludwig_perfect_number_perfect_number_code,0
v1_1_content_lucaspauker_factor-perfect-numbers_Factors_Perfect_Number.py.txt,1,train,1460,lucaspauker_factor-perfect-numbers_factors_perfect_number,3
v1_2_content_imset_Perfect-Numbers_perfNum.py.txt,1,test,1461,imset_perfect-numbers_perfnum,0
v1_3_content_iykadev_pyalgo_3plus1.py.txt,1,test,1462,iykadev_pyalgo_3plus1,0
v1_3_content_iykadev_pyalgo_ackermann_func.py.txt,1,train,1463,iykadev_pyalgo_ackermann_func,2
v1_3_content_iykadev_pyalgo_anagram.py.txt,1,train,1464,iykadev_pyalgo_anagram,1
v1_3_content_iykadev_pyalgo_anagram2.py.txt,1,train,1465,iykadev_pyalgo_anagram2,4
v1_3_content_iykadev_pyalgo_anagram3.py.txt,1,val,1466,iykadev_pyalgo_anagram3,3
v1_3_content_iykadev_pyalgo_babil_square_root.py.txt,1,train,1467,iykadev_pyalgo_babil_square_root,5
v1_3_content_iykadev_pyalgo_binary_search2.py.txt,1,test,1468,iykadev_pyalgo_binary_search2,0
v1_3_content_iykadev_pyalgo_binarySearch.py.txt,1,val,1469,iykadev_pyalgo_binarysearch,2
v1_3_content_iykadev_pyalgo_binaryTree.py.txt,1,train,1470,iykadev_pyalgo_binarytree,1
v1_3_content_iykadev_pyalgo_bresenhams_line_algo.py.txt,1,train,1471,iykadev_pyalgo_bresenhams_line_algo,5
v1_3_content_iykadev_pyalgo_bubbleSort.py.txt,1,train,1472,iykadev_pyalgo_bubblesort,4
v1_3_content_iykadev_pyalgo_deal_cards_for_freecell_algo.py.txt,1,train,1473,iykadev_pyalgo_deal_cards_for_freecell_algo,3
v1_3_content_iykadev_pyalgo_deepFirstSearch.py.txt,1,train,1474,iykadev_pyalgo_deepfirstsearch,5
v1_3_content_iykadev_pyalgo_dragon_curve.py.txt,1,val,1475,iykadev_pyalgo_dragon_curve,2
v1_3_content_iykadev_pyalgo_fast_fourier_transform.py.txt,1,train,1476,iykadev_pyalgo_fast_fourier_transform,1
v1_3_content_iykadev_pyalgo_fibo.py.txt,1,test,1477,iykadev_pyalgo_fibo,0
v1_3_content_iykadev_pyalgo_insertionSort.py.txt,1,train,1478,iykadev_pyalgo_insertionsort,4
v1_3_content_iykadev_pyalgo_knuths_algo.py.txt,1,train,1479,iykadev_pyalgo_knuths_algo,3
v1_3_content_iykadev_pyalgo_lagged_fibonacci_gen.py.txt,1,train,1480,iykadev_pyalgo_lagged_fibonacci_gen,5
v1_3_content_iykadev_pyalgo_lucas_lehmer_test.py.txt,1,train,1481,iykadev_pyalgo_lucas_lehmer_test,4
v1_3_content_iykadev_pyalgo_midpoint_circle_algo.py.txt,1,train,1482,iykadev_pyalgo_midpoint_circle_algo,2
v1_3_content_iykadev_pyalgo_monte_carlo_method.py.txt,1,test,1483,iykadev_pyalgo_monte_carlo_method,0
v1_3_content_iykadev_pyalgo_monty_hall_problem.py.txt,1,train,1484,iykadev_pyalgo_monty_hall_problem,3
v1_3_content_iykadev_pyalgo_move_to_front_algo.py.txt,1,val,1485,iykadev_pyalgo_move_to_front_algo,5
v1_3_content_iykadev_pyalgo_nth_root_algo.py.txt,1,train,1486,iykadev_pyalgo_nth_root_algo,5
v1_3_content_iykadev_pyalgo_one_time_password.py.txt,1,train,1487,iykadev_pyalgo_one_time_password,2
v1_3_content_iykadev_pyalgo_orderedSequentialSearch.py.txt,1,train,1488,iykadev_pyalgo_orderedsequentialsearch,1
v1_3_content_iykadev_pyalgo_quickSort.py.txt,1,train,1489,iykadev_pyalgo_quicksort,4
v1_3_content_iykadev_pyalgo_recursiveBinarySearch.py.txt,1,train,1490,iykadev_pyalgo_recursivebinarysearch,3
v1_3_content_iykadev_pyalgo_selectionSorting.py.txt,1,train,1491,iykadev_pyalgo_selectionsorting,5
v1_3_content_iykadev_pyalgo_sequentialSearch.py.txt,1,train,1492,iykadev_pyalgo_sequentialsearch,2
v1_3_content_iykadev_pyalgo_shellSort.py.txt,1,test,1493,iykadev_pyalgo_shellsort,0
v1_3_content_iykadev_pyalgo_shortBubbleSort.py.txt,1,train,1494,iykadev_pyalgo_shortbubblesort,4
v1_3_content_iykadev_pyalgo_sierpinski_triangle.py.txt,1,train,1495,iykadev_pyalgo_sierpinski_triangle,1
v1_3_content_iykadev_pyalgo_sieve_of_eratosthenes_algo.py.txt,1,train,1496,iykadev_pyalgo_sieve_of_eratosthenes_algo,4
v1_3_content_iykadev_pyalgo_sift3.py.txt,1,train,1497,iykadev_pyalgo_sift3,5
v1_3_content_iykadev_pyalgo_spiral_matrix.py.txt,1,train,1498,iykadev_pyalgo_spiral_matrix,3
v1_3_content_iykadev_pyalgo_trabb_pardo_knuth_algo.py.txt,1,train,1499,iykadev_pyalgo_trabb_pardo_knuth_algo,2
v1_3_content_iykadev_pyalgo_unknown_sorting_algo.py.txt,1,train,1500,iykadev_pyalgo_unknown_sorting_algo,1
v1_3_content_iykadev_pyalgo_zigzag_matrix.py.txt,1,train,1501,iykadev_pyalgo_zigzag_matrix,4
v1_3_content_linye1111_Perfect_Numbers_Euler_Perfects.py.txt,1,train,1502,linye1111_perfect_numbers_euler_perfects,3
v1_3_content_linye1111_Perfect_Numbers_Factors.py.txt,1,train,1503,linye1111_perfect_numbers_factors,5
v1_3_content_linye1111_Perfect_Numbers_Perfect_Nunbers.py.txt,1,train,1504,linye1111_perfect_numbers_perfect_nunbers,1
v1_4_content_Ityer_3x3_Squared_Magic_Square_Finder_test.py.txt,1,train,1505,ityer_3x3_squared_magic_square_finder_test,2
v1_4_content_jclifford442_Perfect-Number_main.py.txt,1,val,1506,jclifford442_perfect-number_main,1
v1_4_content_mhubjer_rand_multiply.py_rand_multiply.py.txt,1,train,1507,mhubjer_rand_multiply,4
v1_5_content_Kevin2408_perfect-number_perfect_number.py.txt,1,val,1508,kevin2408_perfect-number_perfect_number,3
v1_10_content_joepearson95_Polynomial-and-K-Means_polynomial.py.txt,1,val,1509,joepearson95_polynomial-and-k-means_polynomial,5
v1_12_content_jplevy_PolynomialRegressionPython_my_polynomial_regression.py.txt,1,train,1510,jplevy_polynomialregressionpython_my_polynomial_regression,2
v1_12_content_MarynaTatsevich_Machine-Learning-Regression-Techniques_Polynomial_Regression.py.txt,1,train,1511,marynatatsevich_machine-learning-regression-techniques_polynomial_regression,1
v1_13_content_amitgaikwad1730_Polynomial-Regression_polynomial_regression.py.txt,1,train,1512,amitgaikwad1730_polynomial-regression_polynomial_regression,4
v1_14_content_ambasthv_Analytics_ARIMA_polynomial_Linear_Regression_arimaMA.py.txt,1,train,1513,ambasthv_analytics_arima_polynomial_linear_regression_arimama,4
v1_14_content_ambasthv_Analytics_ARIMA_polynomial_Linear_Regression_assignment_dataset.py.txt,1,test,1514,ambasthv_analytics_arima_polynomial_linear_regression_assignment_dataset,0
v1_14_content_ambasthv_Analytics_ARIMA_polynomial_Linear_Regression_matrix_operation.py.txt,1,train,1515,ambasthv_analytics_arima_polynomial_linear_regression_matrix_operation,3
v1_14_content_ambasthv_Analytics_ARIMA_polynomial_Linear_Regression_polynomial_regression.py.txt,1,val,1516,ambasthv_analytics_arima_polynomial_linear_regression_polynomial_regression,5
v1_14_content_ambasthv_Analytics_ARIMA_polynomial_Linear_Regression_test_lib.py.txt,1,test,1517,ambasthv_analytics_arima_polynomial_linear_regression_test_lib,0
v1_15_content_craig-clephane_PolynomialRegression_CLE17639952-PolynomialRegression.py.txt,1,train,1518,craig-clephane_polynomialregression_cle17639952-polynomialregression,2
v1_17_content_tzhang1404_Polynomial-Regression-and-Perceptron-Classifier_load_json_data.py.txt,1,train,1519,tzhang1404_polynomial-regression-and-perceptron-classifier_load_json_data,1
v1_18_content_rutajoshi_polyfit_experiments_noise_variance_experiment.py.txt,1,train,1520,rutajoshi_polyfit_experiments_noise_variance_experiment,5
v1_18_content_rutajoshi_polyfit_experiments_polyfit_experiment.py.txt,1,train,1521,rutajoshi_polyfit_experiments_polyfit_experiment,4
v1_19_content_abedigram_genpy_app.py.txt,1,train,1522,abedigram_genpy_app,3
v1_1_content_pickus91_Polynomial-Regression-From-Scratch_generatePolyPoints.py.txt,1,train,1523,pickus91_polynomial-regression-from-scratch_generatepolypoints,5
v1_20_content_POOSARLADIVAKAR_FODS-Assignment2_preprocessing.py.txt,1,train,1524,poosarladivakar_fods-assignment2_preprocessing,2
v1_21_content_RikilG_Data-Science-Foundations_main.py.txt,1,train,1525,rikilg_data-science-foundations_main,1
v1_23_content_crsbrk_polynomialRegression_polynomial_regression.py.txt,1,val,2305,crsbrk_polynomialregression_polynomial_regression,2
v1_23_content_crsbrk_polynomialRegression_test.py.txt,1,test,1526,crsbrk_polynomialregression_test,0
v1_24_content_Najib-Haq_Sort-functions-analysis-with-Tensorflow_generate_data.py.txt,1,train,1527,najib-haq_sort-functions-analysis-with-tensorflow_generate_data,4
v1_24_content_Najib-Haq_Sort-functions-analysis-with-Tensorflow_sorting_algos.py.txt,1,train,1528,najib-haq_sort-functions-analysis-with-tensorflow_sorting_algos,3
v1_24_content_Najib-Haq_Sort-functions-analysis-with-Tensorflow_Training.py.txt,1,val,1529,najib-haq_sort-functions-analysis-with-tensorflow_training,5
v1_26_content_NicolasAG_ML-assignment1_a1q1d.py.txt,1,train,1530,nicolasag_ml-assignment1_a1q1d,2
v1_26_content_NicolasAG_ML-assignment1_a1q1f.py.txt,1,train,1531,nicolasag_ml-assignment1_a1q1f,1
v1_26_content_NicolasAG_ML-assignment1_main.py.txt,1,test,1532,nicolasag_ml-assignment1_main,0
v1_27_content_danish45007_PLACEMENTS-IN-SRM-2013-2016-_placements.py.txt,1,train,1533,danish45007_placements-in-srm-2013-2016-_placements,4
v1_27_content_soumenca_LinearRegression_Multiple_Polynominal_Regression.py.txt,1,train,1534,soumenca_linearregression_multiple_polynominal_regression,5
v1_28_content_iamsainikhil_polynomial-selection_Sainikhil_Bheemanathini_polynomial_selection.py.txt,1,train,1535,iamsainikhil_polynomial-selection_sainikhil_bheemanathini_polynomial_selection,3
v1_29_content_mashfiq10_Linear-and-logistic-regression_prob1.py.txt,1,train,1536,mashfiq10_linear-and-logistic-regression_prob1,2
v1_29_content_mashfiq10_Linear-and-logistic-regression_prob4.py.txt,1,train,1537,mashfiq10_linear-and-logistic-regression_prob4,1
v1_29_content_NohaWaly_PolynomialRegression_polynomialregression.py.txt,1,train,1538,nohawaly_polynomialregression_polynomialregression,4
v1_2_content_Gregory-Matthews_Bitcoin-Price-Predictor_linear_regression_1ftr.py.txt,1,test,1539,gregory-matthews_bitcoin-price-predictor_linear_regression_1ftr,0
v1_2_content_Gregory-Matthews_Bitcoin-Price-Predictor_linear_regression_multifeature.py.txt,1,train,1540,gregory-matthews_bitcoin-price-predictor_linear_regression_multifeature,3
v1_2_content_Gregory-Matthews_Bitcoin-Price-Predictor_LSTM.py.txt,1,train,1541,gregory-matthews_bitcoin-price-predictor_lstm,5
v1_2_content_Gregory-Matthews_Bitcoin-Price-Predictor_polynomial_regression_1ftr.py.txt,1,train,1542,gregory-matthews_bitcoin-price-predictor_polynomial_regression_1ftr,2
v1_30_content_SanShery_Regression_Classification_classification.py.txt,1,train,1543,sanshery_regression_classification_classification,1
v1_30_content_zaghlol94_Predict-Salary-depend-on-position_salary-prediction-upon-position.py.txt,1,train,1544,zaghlol94_predict-salary-depend-on-position_salary-prediction-upon-position,3
v1_33_content_banaabraham_stock_plotter_candleplot.py.txt,1,train,1545,banaabraham_stock_plotter_candleplot,4
v1_33_content_shelbyjoji_Machine_Learning_PartI_MachineLearning_part1.py.txt,1,train,1546,shelbyjoji_machine_learning_parti_machinelearning_part1,3
v1_35_content_qs66_An-Alternative-Approach-to-Forecast-the-Volatility-of-Multiscale-and-High-Dimensional-Market-Data_SVRandGARCH.py.txt,1,val,1547,qs66_an-alternative-approach-to-forecast-the-volatility-of-multiscale-and-high-dimensional-market-data_svrandgarch,5
v1_36_content_NabinAdhikari674_Study-on-Different-ML-Models-on-Housing-Dataset_main.py.txt,1,train,1548,nabinadhikari674_study-on-different-ml-models-on-housing-dataset_main,2
v1_36_content_NabinAdhikari674_Study-on-Different-ML-Models-on-Housing-Dataset_pre_processor.py.txt,1,train,1549,nabinadhikari674_study-on-different-ml-models-on-housing-dataset_pre_processor,1
v1_37_content_cmeza432_Linear-Regression_linear_regression.py.txt,1,val,1550,cmeza432_linear-regression_linear_regression,4
v1_39_content_engmubarak48_polynomial-regression_Polynomial_Regression__2_.py.txt,1,train,1551,engmubarak48_polynomial-regression_polynomial_regression__2_,3
v1_3_content_cookbenjamin_Regression_polyPy.py.txt,1,train,1552,cookbenjamin_regression_polypy,5
v1_3_content_egroeglee_Polynomial-Regression_polynomial_regression.py.txt,1,train,1553,egroeglee_polynomial-regression_polynomial_regression,2
v1_42_content_adityaiiitv_Polynomial-Regression_multiple_linear_regression.py.txt,1,train,1554,adityaiiitv_polynomial-regression_multiple_linear_regression,1
v1_42_content_akipekoren_Polynomial-regression_polynomial_regression.py.txt,1,train,1555,akipekoren_polynomial-regression_polynomial_regression,4
v1_43_content_pkonowrocki_Neural-network_csvReader.py.txt,1,train,1556,pkonowrocki_neural-network_csvreader,3
v1_43_content_pkonowrocki_Neural-network_script.py.txt,1,train,1557,pkonowrocki_neural-network_script,5
v1_47_content_fanliu1991_Polynomial_Regression_polynomial_regression_reg.py.txt,1,train,1558,fanliu1991_polynomial_regression_polynomial_regression_reg,2
v1_48_content_hazalmergen_EstimatingValues_ML_polynomialregression.py.txt,1,train,1559,hazalmergen_estimatingvalues_ml_polynomialregression,1
v1_48_content_hazalmergen_EstimatingValues_ML_RandomForest.py.txt,1,train,1560,hazalmergen_estimatingvalues_ml_randomforest,4
v1_49_content_pranurs_regression-model_performance_analysis.py.txt,1,train,1561,pranurs_regression-model_performance_analysis,3
v1_49_content_pranurs_regression-model_preprocess.py.txt,1,train,1562,pranurs_regression-model_preprocess,5
v1_4_content_prathmachowksey_Multivariate-Polynomial-Regression_generate_polynomials.py.txt,1,train,1563,prathmachowksey_multivariate-polynomial-regression_generate_polynomials,2
v1_50_content_mhkhojaste_solve-polynoma-regression-with-genetic_P2.py.txt,1,train,1564,mhkhojaste_solve-polynoma-regression-with-genetic_p2,1
v1_53_content_iamrj846_Predicting-insurance-prices-with-Linear-Regression_PolynomialRegressionRegularized.py.txt,1,train,1565,iamrj846_predicting-insurance-prices-with-linear-regression_polynomialregressionregularized,4
v1_53_content_sgm1191_m-polynomial-regression-GA_genetic.py.txt,1,val,1566,sgm1191_m-polynomial-regression-ga_genetic,5
v1_56_content_jlucartc_Polynomial-Regression_regressao.py.txt,1,train,1567,jlucartc_polynomial-regression_regressao,3
v1_57_content_Mahesh-gowda_polynomial-regression_polynomial_regression.py.txt,1,train,2306,mahesh-gowda_polynomial-regression_polynomial_regression,3
v1_58_content_rahul1502_polynomial-regression_polynomial-regression.py.txt,1,train,1568,rahul1502_polynomial-regression_polynomial-regression,2
v1_59_content_danish45007_polynomial-regression_polynomial_regression.py.txt,1,train,1569,danish45007_polynomial-regression_polynomial_regression,1
v1_59_content_rakesh-1601_Stock_prediction_predicting_google_stocks.py.txt,1,train,1570,rakesh-1601_stock_prediction_predicting_google_stocks,4
v1_5_content_BenKalish42_Best-fit-Polynomial-Regression_nfoldpolyfit.py.txt,1,val,1571,benkalish42_best-fit-polynomial-regression_nfoldpolyfit,3
v1_60_content_Thehunk1206_Polynomial-Regression_demo.py.txt,1,train,1572,thehunk1206_polynomial-regression_demo,5
v1_60_content_winnie9197_The-Coding-School-projects_mini-game.py.txt,1,train,1573,winnie9197_the-coding-school-projects_mini-game,2
v1_60_content_winnie9197_The-Coding-School-projects_polynomial_regression.py.txt,1,test,1574,winnie9197_the-coding-school-projects_polynomial_regression,0
v1_62_content_srkhedkar_Polynomial-Regression_PolynomialRegression.py.txt,1,train,1575,srkhedkar_polynomial-regression_polynomialregression,1
v1_64_content_AhmadMamduhh_Data-Mining-Project_clustering.py.txt,1,train,1576,ahmadmamduhh_data-mining-project_clustering,4
v1_64_content_AhmadMamduhh_Data-Mining-Project_main.py.txt,1,train,1577,ahmadmamduhh_data-mining-project_main,3
v1_64_content_AhmadMamduhh_Data-Mining-Project_visualizer.py.txt,1,test,1578,ahmadmamduhh_data-mining-project_visualizer,0
v1_67_content_mikail2004_Spae_deploy.py.txt,1,train,1579,mikail2004_spae_deploy,5
v1_68_content_mazy1998_Machine-Learning-Polynomial-Regression_Stochastic_Gradient_Descent_Linear_Regression.py.txt,1,train,1580,mazy1998_machine-learning-polynomial-regression_stochastic_gradient_descent_linear_regression,2
v1_71_content_puria-radmard_truncatedspline_truncspline.py.txt,1,train,1581,puria-radmard_truncatedspline_truncspline,1
v1_73_content_ansarishadab121_Number-of-Upvotes_upvotes.py.txt,1,val,1582,ansarishadab121_number-of-upvotes_upvotes,4
v1_73_content_MachineLearning-Nerd_Multiple-Polynomial-Regression_experiment.py.txt,1,train,1583,machinelearning-nerd_multiple-polynomial-regression_experiment,3
v1_74_content_ikravche_polynomial_regression_NNE.py.txt,1,test,1584,ikravche_polynomial_regression_nne,0
v1_78_content_syh5_Linear-Polynomial-and-Multivariate-Regression_Decision-Boundaries.py.txt,1,train,1585,syh5_linear-polynomial-and-multivariate-regression_decision-boundaries,5
v1_7_content_codingple_UAVPathPlanning_path.py(1).txt,1,test,1586,codingple_uavpathplanning_path.py(1),0
v1_7_content_codingple_UAVPathPlanning_path.py.txt,1,train,2307,codingple_uavpathplanning_path,2
v1_80_content_Ayushhiman_LR_LRP.py(1).txt,1,val,1587,ayushhiman_lr_lrp.py(1),2
v1_80_content_Ayushhiman_LR_LRP.py.txt,1,train,2308,ayushhiman_lr_lrp,4
v1_81_content_kiranathealea_regressionMachineLearning_linearregression.py.txt,1,val,1588,kiranathealea_regressionmachinelearning_linearregression,1
v1_81_content_kiranathealea_regressionMachineLearning_linearregression_final.py.txt,1,val,1589,kiranathealea_regressionmachinelearning_linearregression_final,4
v1_81_content_kiranathealea_regressionMachineLearning_main.py.txt,1,val,1590,kiranathealea_regressionmachinelearning_main,3
v1_81_content_kiranathealea_regressionMachineLearning_polynomialregression.py.txt,1,train,1591,kiranathealea_regressionmachinelearning_polynomialregression,5
v1_81_content_kiranathealea_regressionMachineLearning_polynomialregression_degree2_final.py.txt,1,train,1592,kiranathealea_regressionmachinelearning_polynomialregression_degree2_final,2
v1_81_content_kiranathealea_regressionMachineLearning_polynomialregression_degree3_final.py.txt,1,test,2309,kiranathealea_regressionmachinelearning_polynomialregression_degree3_final,0
v1_83_content_baccatore_polynominal_regression_lagrangeMultiplier.py.txt,1,train,1593,baccatore_polynominal_regression_lagrangemultiplier,1
v1_83_content_baccatore_polynominal_regression_polynominal_regression.py.txt,1,val,1594,baccatore_polynominal_regression_polynominal_regression,4
v1_84_content_InternityFoundation_ML_Abhiraj_srivastava_iris1_decision_tree.py.txt,1,train,1595,internityfoundation_ml_abhiraj_srivastava_iris1_decision_tree,3
v1_85_content_asifraza-sonu_Polynomial-regression-Ridge-regression-Lasso-Regression_2018AIML551_lasso_part_d.py.txt,1,test,1596,asifraza-sonu_polynomial-regression-ridge-regression-lasso-regression_2018aiml551_lasso_part_d,0
v1_85_content_asifraza-sonu_Polynomial-regression-Ridge-regression-Lasso-Regression_2018AIML551_ridge_part_d.py.txt,1,train,1597,asifraza-sonu_polynomial-regression-ridge-regression-lasso-regression_2018aiml551_ridge_part_d,5
v1_86_content_kartik31_Cryptocurrency-Market-Predictor_lstm.py.txt,1,test,1598,kartik31_cryptocurrency-market-predictor_lstm,0
v1_90_content_kubrailkul_Linear-Polynomial-Regression-model_polynomial_regression.py.txt,1,train,1599,kubrailkul_linear-polynomial-regression-model_polynomial_regression,2
v1_94_content_taksug229_Python-polynomial-regression_Working_Space_for_Polynomial_Regression.py.txt,1,val,1600,taksug229_python-polynomial-regression_working_space_for_polynomial_regression,2
v1_97_content_ChristinaKr_RegressionAnalysis_split_train_test.py.txt,1,train,1601,christinakr_regressionanalysis_split_train_test,1
v1_99_content_OmerFarukTekgozoglu_Machine-Learning-Polynomial-Regression_polynomialRegression.py.txt,1,val,1602,omerfaruktekgozoglu_machine-learning-polynomial-regression_polynomialregression,4
v1_9_content_mschamarthy_parametric-regression_linearRegression.py.txt,1,train,1603,mschamarthy_parametric-regression_linearregression,3
v1_10_content_Jeremiah9000_prime_numbers_truncatable_prime_numbers_truncatable_faster.py.txt,1,train,1604,jeremiah9000_prime_numbers_truncatable_prime_numbers_truncatable_faster,5
v1_11_content_pprzygodzk_binary_search-prime_numbers_binarysearch.py.txt,1,test,1605,pprzygodzk_binary_search-prime_numbers_binarysearch,0
v1_11_content_pprzygodzk_binary_search-prime_numbers_primes_p1.py.txt,1,train,1606,pprzygodzk_binary_search-prime_numbers_primes_p1,2
v1_12_content_croiden_successive-prime-numbers_generatePrime.py.txt,1,test,1607,croiden_successive-prime-numbers_generateprime,0
v1_12_content_Rafelito19_Crypo-Number-Theory-Projects_ferm.py.txt,1,train,1608,rafelito19_crypo-number-theory-projects_ferm,1
v1_13_content_dannbleeker_SearchForPrimeNumbers_runPrimeSearch.py.txt,1,train,1609,dannbleeker_searchforprimenumbers_runprimesearch,4
v1_13_content_dannbleeker_SearchForPrimeNumbers_timerForIsPrime.py.txt,1,test,1610,dannbleeker_searchforprimenumbers_timerforisprime,0
v1_14_content_delabi_prime_number-sieve_generate_prime_numbers.py.txt,1,test,1611,delabi_prime_number-sieve_generate_prime_numbers,0
v1_15_content_EdwinKato_prime_number_generator_prime_number_generator.py.txt,1,train,1612,edwinkato_prime_number_generator_prime_number_generator,3
v1_15_content_MubasharSardar_Multipurpose-Gui-App-python_Projectpart2revice.py.txt,1,test,1613,mubasharsardar_multipurpose-gui-app-python_projectpart2revice,0
v1_16_content_mukosh123_primegenetator_primeg.py.txt,1,train,1614,mukosh123_primegenetator_primeg,4
v1_17_content_txrp0x9_py_prime_number_primeno.py.txt,1,train,1615,txrp0x9_py_prime_number_primeno,5
v1_18_content_zach010_PrimeOptimus_Prime.py.txt,1,train,1616,zach010_primeoptimus_prime,2
v1_19_content_lisamryl_prime-number-multiplication-table_tests.py.txt,1,val,1617,lisamryl_prime-number-multiplication-table_tests,1
v1_1_content_Fellfalla_prime-predictor_prime_predictor.py.txt,1,train,1619,fellfalla_prime-predictor_prime_predictor,3
v1_1_content_mtony75_isprime_isprime.py.txt,1,train,1620,mtony75_isprime_isprime,5
v1_20_content_DanielKrolopp_Sieves_Eratosthenes.py.txt,1,train,1621,danielkrolopp_sieves_eratosthenes,2
v1_21_content_hagyu-aya_prime-number-bot_index.py.txt,1,train,1622,hagyu-aya_prime-number-bot_index,1
v1_22_content_ahmedheakl_Get-prime-Numbers_Get_Prime_Numbers.py.txt,1,test,1623,ahmedheakl_get-prime-numbers_get_prime_numbers,0
v1_23_content_cjonsmith_prime_calc_prime_days.py.txt,1,train,1624,cjonsmith_prime_calc_prime_days,4
v1_23_content_cjonsmith_prime_prime.py.txt,1,val,1625,cjonsmith_prime_prime,3
v1_23_content_wliabc_Prime-numbers_prime.py.txt,1,test,1626,wliabc_prime-numbers_prime,0
v1_24_content_jakubfolta_PrimeNumber_Prime.py.txt,1,train,1627,jakubfolta_primenumber_prime,5
v1_25_content_diXime_PrimaryNumbers_utx.py.txt,1,val,1628,dixime_primarynumbers_utx,2
v1_25_content_Scientific-Computing-at-Temple-Physics_prime-number-finder-MicrowaveOfEvil_primes.py.txt,1,train,1629,scientific-computing-at-temple-physics_prime-number-finder-microwaveofevil_primes,1
v1_26_content_FlyingWolFox_Prime-Number-Tool_prime_generator.py.txt,1,val,1630,flyingwolfox_prime-number-tool_prime_generator,4
v1_27_content_AdamClarksCode_Primes_primesBetter.py.txt,1,train,1631,adamclarkscode_primes_primesbetter,3
v1_28_content_gizzidan_basic-python-practice_primes.py.txt,1,train,1632,gizzidan_basic-python-practice_primes,5
v1_29_content_mbarylsk_primes_primes.py.txt,1,test,1633,mbarylsk_primes_primes,0
v1_2_content_rdisipio_prime_numbers_primes.py.txt,1,train,1635,rdisipio_prime_numbers_primes,1
v1_2_content_squeaky-godzilla_prime-factors_prime_factors.py.txt,1,train,1636,squeaky-godzilla_prime-factors_prime_factors,4
v1_30_content_mtony75_isItPrime_main.py.txt,1,train,1637,mtony75_isitprime_main,3
v1_30_content_olamofe_primeQuery_primeQuery.py.txt,1,train,1638,olamofe_primequery_primequery,5
v1_35_content_ZachDischner_FizzBuzz_fizzbuzz.py.txt,1,train,1639,zachdischner_fizzbuzz_fizzbuzz,2
v1_37_content_coertquinton_number_sequences_start.py.txt,1,train,1640,coertquinton_number_sequences_start,1
v1_39_content_LonelyRanger_Prime-Numbers_EuclideanPrimeTest15May2018TestFromLowerPrimes.py.txt,1,train,1641,lonelyranger_prime-numbers_euclideanprimetest15may2018testfromlowerprimes,4
v1_3_content_chamarli_ColudComputing-PrimeNumberValidator-master_prime_validator.py.txt,1,train,1642,chamarli_coludcomputing-primenumbervalidator-master_prime_validator,3
v1_5_content_ebrahim-j_pRIME-nUMBERS_Test_GPN.py.txt,1,train,1643,ebrahim-j_prime-numbers_test_gpn,5
v1_5_content_shinjikato_gp_for_prime_number_base.py.txt,1,train,1644,shinjikato_gp_for_prime_number_base,3
v1_6_content_kennedyCzar_n-th_monsien_number_monsien_number.py.txt,1,val,1645,kennedyczar_n-th_monsien_number_monsien_number,2
v1_70_content_Panagiotis-Zachos_Primality-Checks-Python_Miller_Rabin_PrimalityCheck.py.txt,1,test,1646,panagiotis-zachos_primality-checks-python_miller_rabin_primalitycheck,0
v1_77_content_keryl_prime-numbers_prime_numbers.py.txt,1,test,1647,keryl_prime-numbers_prime_numbers,0
v1_7_content_Yasinbabu_prime_main.py.txt,1,train,1648,yasinbabu_prime_main,1
v1_82_content_joaoluga_python-rsa-algorithm_main.py.txt,1,train,1649,joaoluga_python-rsa-algorithm_main,4
v1_8_content_lesscake_prime-numbers-eratosthenes_naive.py.txt,1,val,1650,lesscake_prime-numbers-eratosthenes_naive,3
v1_8_content_tochukwuokafor_Mersenne-numbers-Lucas-Lehmer-test-and-Sieve-of-Eratosthenes_mersenne_numbers_lucas_lehmer_sieve_of_eratosthenes.py.txt,1,val,1651,tochukwuokafor_mersenne-numbers-lucas-lehmer-test-and-sieve-of-eratosthenes_mersenne_numbers_lucas_lehmer_sieve_of_eratosthenes,5
v1_96_content_pisaniFosso_TMR_driver.py.txt,1,train,1652,pisanifosso_tmr_driver,2
v1_9_content_jabrekadabre_prime-numbers_prime_nums.py.txt,1,train,1653,jabrekadabre_prime-numbers_prime_nums,1
v1_10_content_Antracen_Maze-Generator_maze.py.txt,1,train,1654,antracen_maze-generator_maze,4
v1_10_content_chiragragarwal_Graphs_And_Networks_PlotGraph.py.txt,1,train,895,chiragragarwal_graphs_and_networks_plotgraph,2
v1_11_content_Boros93_GraphProject_prim.py.txt,1,test,1655,boros93_graphproject_prim,0
v1_12_content_burrussmp_MST-Algorithms_DataGenerator.py.txt,1,test,1656,burrussmp_mst-algorithms_datagenerator,0
v1_12_content_burrussmp_MST-Algorithms_Kruskal.py.txt,1,test,1657,burrussmp_mst-algorithms_kruskal,0
v1_12_content_burrussmp_MST-Algorithms_Prims.py.txt,1,test,1658,burrussmp_mst-algorithms_prims,0
v1_12_content_burrussmp_MST-Algorithms_Sollins.py.txt,1,train,1659,burrussmp_mst-algorithms_sollins,3
v1_12_content_diegooliveira95_PrimAndDijkstra_graph.py.txt,1,val,1660,diegooliveira95_primanddijkstra_graph,5
v1_12_content_diegooliveira95_PrimAndDijkstra_interface.py.txt,1,train,1661,diegooliveira95_primanddijkstra_interface,2
v1_13_content_jhomswk_Minimum_Spanning_Tree_graph.py.txt,1,val,1662,jhomswk_minimum_spanning_tree_graph,1
v1_13_content_jhomswk_Minimum_Spanning_Tree_heap.py.txt,1,train,1663,jhomswk_minimum_spanning_tree_heap,1
v1_13_content_jhomswk_Minimum_Spanning_Tree_min_span_tree.py.txt,1,train,1664,jhomswk_minimum_spanning_tree_min_span_tree,4
v1_13_content_jhomswk_Minimum_Spanning_Tree_union_find.py.txt,1,train,1665,jhomswk_minimum_spanning_tree_union_find,3
v1_16_content_wolfdroid_MST_Prim-s_and_Kruskal-s_kruskal.py.txt,1,train,1666,wolfdroid_mst_prim-s_and_kruskal-s_kruskal,5
v1_16_content_wolfdroid_MST_Prim-s_and_Kruskal-s_prim.py.txt,1,train,1667,wolfdroid_mst_prim-s_and_kruskal-s_prim,2
v1_18_content_Areege_BFS-and-Prim_SourceCode.py.txt,1,test,1668,areege_bfs-and-prim_sourcecode,0
v1_18_content_cteters_Minimum-spanning-tree_kruskal.py.txt,1,train,1669,cteters_minimum-spanning-tree_kruskal,1
v1_18_content_cteters_Minimum-spanning-tree_prim.py.txt,1,train,1669,cteters_minimum-spanning-tree_prim,1
v1_19_content_eug_minimum-spanning-tree_main.py.txt,1,test,1670,eug_minimum-spanning-tree_main,0
v1_19_content_VaibhavSaini19_Maze-Generator_maze_gen_prims.py.txt,1,val,1671,vaibhavsaini19_maze-generator_maze_gen_prims,4
v1_1_content_bhedavivek_prims_algorithm_main.py.txt,1,train,1672,bhedavivek_prims_algorithm_main,3
v1_1_content_bhedavivek_prims_algorithm_test.py.txt,1,train,1673,bhedavivek_prims_algorithm_test,5
v1_1_content_colettebedoya_primsAndKruskal_DisjointSet.py.txt,1,train,1115,colettebedoya_primsandkruskal_disjointset,2
v1_1_content_colettebedoya_primsAndKruskal_mst.py.txt,1,train,1674,colettebedoya_primsandkruskal_mst,2
v1_1_content_muzixing_graph_algorithm_floyd.py.txt,1,test,1116,muzixing_graph_algorithm_floyd,0
v1_1_content_muzixing_graph_algorithm_priodict.py.txt,1,train,1675,muzixing_graph_algorithm_priodict,1
v1_22_content_mikaelharseno_DurianBot_datacollector.py.txt,1,train,1676,mikaelharseno_durianbot_datacollector,4
v1_24_content_scraos_Prim-s-Algorithm_Prim_s_Algorithm.py.txt,1,test,1677,scraos_prim-s-algorithm_prim_s_algorithm,0
v1_24_content_scraos_Prim-s-Algorithm_WGraphClass.py.txt,1,train,1678,scraos_prim-s-algorithm_wgraphclass,3
v1_26_content_AnnaPiatek_Graph_Prim_and_Kruskal.py.txt,1,train,1679,annapiatek_graph_prim_and_kruskal,3
v1_27_content_mskroar18_GraphWizard_Kruskal.py.txt,1,val,1680,mskroar18_graphwizard_kruskal,5
v1_3_content_adikele_Prims-Algorithm-Implementation_refGrAndVerBig2.py.txt,1,train,1681,adikele_prims-algorithm-implementation_refgrandverbig2,2
v1_3_content_ameyak11_Creative-prims_creative_prims.py.txt,1,val,1682,ameyak11_creative-prims_creative_prims,1
v1_3_content_bapjiws_prims-minimum-spanning-tree-algorithm_prim.py.txt,1,train,1683,bapjiws_prims-minimum-spanning-tree-algorithm_prim,4
v1_3_content_Locrian24_PrimsMaze_mazes.py.txt,1,test,1684,locrian24_primsmaze_mazes,0
v1_4_content_JosephFWright_Prims_Algorithm_functions.py.txt,1,train,1685,josephfwright_prims_algorithm_functions,5
v1_4_content_JosephFWright_Prims_Algorithm_Weighted_Graph.py.txt,1,train,1686,josephfwright_prims_algorithm_weighted_graph,4
v1_5_content_Fmccline_Prims-Algorithm_graph_saver.py.txt,1,train,1687,fmccline_prims-algorithm_graph_saver,3
v1_6_content_usbogie_MSTcreator_driverAlt.py.txt,1,train,1688,usbogie_mstcreator_driveralt,2
v1_6_content_usbogie_MSTcreator_mstDriver.py.txt,1,train,1689,usbogie_mstcreator_mstdriver,1
v1_6_content_VishakVeerasamy_Prims-algorithm_graph.py.txt,1,train,1690,vishakveerasamy_prims-algorithm_graph,4
v1_7_content_Aly-Tomato_Prims-and-Kruskals_test.py.txt,1,test,1691,aly-tomato_prims-and-kruskals_test,0
v1_7_content_fepz_AyCC_dary_heap.py.txt,1,train,1692,fepz_aycc_dary_heap,3
v1_7_content_gabriel-arauj_grafos_dijkstraalgorithm.py.txt,1,train,1693,gabriel-arauj_grafos_dijkstraalgorithm,5
v1_7_content_gabriel-arauj_grafos_filaprioritaria.py.txt,1,train,1694,gabriel-arauj_grafos_filaprioritaria,2
v1_7_content_gabriel-arauj_grafos_kruskal.py.txt,1,train,1695,gabriel-arauj_grafos_kruskal,1
v1_7_content_gabriel-arauj_grafos_main.py.txt,1,train,1696,gabriel-arauj_grafos_main,4
v1_7_content_gabriel-arauj_grafos_matriz.py.txt,1,train,1135,gabriel-arauj_grafos_matriz,1
v1_7_content_MadalinaMircea_GraphAlgorithms_Graph.py.txt,1,train,1697,madalinamircea_graphalgorithms_graph,5
v1_8_content_phubbard67_prims_algorithm_prim.py.txt,1,train,1698,phubbard67_prims_algorithm_prim,3
v1_10_content_anuragshiv_PCA_pca.py.txt,1,val,1699,anuragshiv_pca_pca,2
v1_11_content_harshit496_eigen_expressions_csv_to_images.py.txt,1,val,1700,harshit496_eigen_expressions_csv_to_images,1
v1_12_content_dauut_pca-from-scratch_pca.py.txt,1,train,1701,dauut_pca-from-scratch_pca,4
v1_14_content_ToshikiShawn_Robust_PCA_via_ADMM_RPCA_ADMM.py.txt,1,train,1702,toshikishawn_robust_pca_via_admm_rpca_admm,3
v1_18_content_artcomp_PrincipalComponentAnalysis-PCA-Algorithm_kmeans.py.txt,1,train,1703,artcomp_principalcomponentanalysis-pca-algorithm_kmeans,5
v1_18_content_rdilip_facial-recognition_main.py.txt,1,train,1704,rdilip_facial-recognition_main,2
v1_1_content_xaneon_Clust_precluster.py.txt,1,train,1705,xaneon_clust_precluster,1
v1_1_content_xaneon_Clust_template.py.txt,1,train,1706,xaneon_clust_template,4
v1_21_content_detsikas_PCA_pca_example.py.txt,1,train,1707,detsikas_pca_pca_example,3
v1_26_content_aishnupur_Principal-Component-Analysis_PCA.py.txt,1,val,1708,aishnupur_principal-component-analysis_pca,5
v1_27_content_AndresHerrera_PCA_Vowels_extract_vowels.py.txt,1,val,1709,andresherrera_pca_vowels_extract_vowels,2
v1_2_content_Prateek-Bansal_Admission_decision_tree_classifier.py.txt,1,val,1710,prateek-bansal_admission_decision_tree_classifier,1
v1_2_content_Prateek-Bansal_Admission_K_nearest_neighbours.py.txt,1,train,1711,prateek-bansal_admission_k_nearest_neighbours,4
v1_2_content_Prateek-Bansal_Admission_kernel_Svm.py.txt,1,train,1712,prateek-bansal_admission_kernel_svm,3
v1_2_content_Prateek-Bansal_Admission_logistic_regression.py.txt,1,train,1713,prateek-bansal_admission_logistic_regression,5
v1_2_content_Prateek-Bansal_Admission_naive_bayes.py.txt,1,train,1714,prateek-bansal_admission_naive_bayes,2
v1_2_content_Prateek-Bansal_Admission_Random_forest_classifier.py.txt,1,train,1715,prateek-bansal_admission_random_forest_classifier,1
v1_2_content_Prateek-Bansal_Admission_SVM.py.txt,1,test,2310,prateek-bansal_admission_svm,0
v1_32_content_harshm1111_Principal-component-analysis_PCA.py.txt,1,train,1716,harshm1111_principal-component-analysis_pca,4
v1_38_content_artigupt_Clustering-Algorithms_final_dbscan.py.txt,1,train,1717,artigupt_clustering-algorithms_final_dbscan,5
v1_41_content_chaohstat_FGWAS_2_bstp.py.txt,1,train,1718,chaohstat_fgwas_2_bstp,3
v1_41_content_chaohstat_FGWAS_S2_GSIS.py.txt,1,val,1719,chaohstat_fgwas_s2_gsis,4
v1_44_content_mlnn_PCA_PCA.py.txt,1,test,1720,mlnn_pca_pca,0
v1_50_content_iwona-janny_PCA_PCA.py.txt,1,train,1721,iwona-janny_pca_pca,2
v1_51_content_Hossam86_PCA_pca.py.txt,1,train,1722,hossam86_pca_pca,1
v1_51_content_ShrutheeshIR_Principal-Component-Analysis-on-Images_Pcaimages.py.txt,1,train,1723,shrutheeshir_principal-component-analysis-on-images_pcaimages,4
v1_52_content_DSCPoltekpos_Py-PCA-Calory_PCA.py.txt,1,train,1724,dscpoltekpos_py-pca-calory_pca,1
v1_5_content_cylance_lazy-stochastic-principal-component-analysis_plot_distance_submission.py.txt,1,train,1726,cylance_lazy-stochastic-principal-component-analysis_plot_distance_submission,5
v1_5_content_DanielGall500_PCA-Algorithm_PCA_Scratch.py.txt,1,train,1727,danielgall500_pca-algorithm_pca_scratch,2
v1_65_content_pjwastaken_Principal_Component_Analysis_for_Reduce_Images_Dimension_dataset.py.txt,1,test,1728,pjwastaken_principal_component_analysis_for_reduce_images_dimension_dataset,0
v1_66_content_aakashrai1_principal-component-analysis-on-iris-dataset_PCA_iris.py.txt,1,train,1729,aakashrai1_principal-component-analysis-on-iris-dataset_pca_iris,1
v1_69_content_IceyW_PCA_pca.py.txt,1,train,1730,iceyw_pca_pca,4
v1_6_content_cliptic_nlp_article_spinner.py.txt,1,train,1731,cliptic_nlp_article_spinner,3
v1_6_content_cliptic_nlp_LatentSemanticAnalysis.py.txt,1,train,1732,cliptic_nlp_latentsemanticanalysis,5
v1_6_content_cliptic_nlp_spam2.py.txt,1,train,1733,cliptic_nlp_spam2,2
v1_6_content_cliptic_nlp_Spam_2.py.txt,1,train,1734,cliptic_nlp_spam_2,1
v1_6_content_cliptic_nlp_spinner02.py.txt,1,train,1735,cliptic_nlp_spinner02,4
v1_6_content_cliptic_nlp_Spinner03.py.txt,1,train,1736,cliptic_nlp_spinner03,3
v1_6_content_cliptic_nlp_spinner_function_to_prob_dict.py.txt,1,train,1737,cliptic_nlp_spinner_function_to_prob_dict,5
v1_6_content_yilmazalp_bitirme_eigenface.py.txt,1,train,1738,yilmazalp_bitirme_eigenface,2
v1_75_content_benbroks_ipca_ipca.py.txt,1,train,1739,benbroks_ipca_ipca,1
v1_7_content_syamkakarla98_PCA-On-IRIS-Dataset-With-Classification-Using-KNNC_pca_iris.py.txt,1,train,1740,syamkakarla98_pca-on-iris-dataset-with-classification-using-knnc_pca_iris,4
v1_7_content_work-nchc_PCAMN_pcamn.py.txt,1,val,1741,work-nchc_pcamn_pcamn,3
v1_84_content_rayjc_ml-pca-foreground-removal_removeForeground.py.txt,1,train,1742,rayjc_ml-pca-foreground-removal_removeforeground,5
v1_85_content_melfaiz_EigenFaces_training.py.txt,1,train,1743,melfaiz_eigenfaces_training,2
v1_86_content_YouGotJaked_Face-Recognition_model.py.txt,1,train,1744,yougotjaked_face-recognition_model,1
v1_90_content_poojakudav309_Data-Representation-project-I_scatter2.py.txt,1,train,1745,poojakudav309_data-representation-project-i_scatter2,4
v1_90_content_poojakudav309_Data-Representation-project-I_scatter3.py.txt,1,train,1746,poojakudav309_data-representation-project-i_scatter3,3
v1_9_content_SiPBA_swpca_swpca.py.txt,1,test,1747,sipba_swpca_swpca,0
v1_100_content_ssquantum_PyDex_mythread.py.txt,1,test,1748,ssquantum_pydex_mythread,0
v1_10_content_hmjansen_overflow-algorithm_overflow_algorithm.py.txt,1,train,1749,hmjansen_overflow-algorithm_overflow_algorithm,5
v1_10_content_Raj-Kumar2208_linkedList-Stacks-Queues-Hashing_arrayStack.py.txt,1,train,1750,raj-kumar2208_linkedlist-stacks-queues-hashing_arraystack,5
v1_13_content_IRLadderGoat_KKIK-venteliste-nr_venteliste.py.txt,1,test,1752,irladdergoat_kkik-venteliste-nr_venteliste,0
v1_15_content_mahfuzali_AzureRSAPy_run.py.txt,1,train,1753,mahfuzali_azurersapy_run,1
v1_1_content_gasior213214123_Python-Queue-Simulation_queue.py.txt,1,train,1754,gasior213214123_python-queue-simulation_queue,4
v1_1_content_modulus100_python-datastructures-algorithms_flattering_nested_linked_lists.py.txt,1,train,1755,modulus100_python-datastructures-algorithms_flattering_nested_linked_lists,5
v1_1_content_modulus100_python-datastructures-algorithms_linked_list_reverse.py.txt,1,train,1756,modulus100_python-datastructures-algorithms_linked_list_reverse,3
v1_1_content_SamKnightGit_LeagueBot_context.py.txt,1,train,1757,samknightgit_leaguebot_context,2
v1_24_content_cagrias_django-rabbitmq-celery-docker-example_manage.py.txt,1,train,1758,cagrias_django-rabbitmq-celery-docker-example_manage,1
v1_28_content_albertsegura_tmux-jobqueue_run_jobs.py.txt,1,train,1759,albertsegura_tmux-jobqueue_run_jobs,4
v1_30_content_HumaneWolf_telegram-spotify-queue_telegram_spotify_queue.py.txt,1,train,1761,humanewolf_telegram-spotify-queue_telegram_spotify_queue,5
v1_31_content_danieltshibangu_QueuePay_diranySolution.py.txt,1,train,1762,danieltshibangu_queuepay_diranysolution,2
v1_31_content_NagarajSMurthy_Data-Structures_LinkedList.py.txt,1,val,1763,nagarajsmurthy_data-structures_linkedlist,1
v1_34_content_dvsa_cvs-tsk-dlq-handler_dlq_handler.py.txt,1,val,1764,dvsa_cvs-tsk-dlq-handler_dlq_handler,4
v1_35_content_PeterUpfold_simple-temp-queue-pusher_simple-temp-queue-pusher.py.txt,1,train,1765,peterupfold_simple-temp-queue-pusher_simple-temp-queue-pusher,3
v1_35_content_saboyle_asyncio-pg-nats-bridge_apg_bridge.py.txt,1,train,1766,saboyle_asyncio-pg-nats-bridge_apg_bridge,5
v1_36_content_dchrostowski_autoproxy_dry_run.py.txt,1,val,1767,dchrostowski_autoproxy_dry_run,2
v1_37_content_TolgaGolet_CPU-Scheduling-Algorithms-Simulation_OperatingSystems_CPUSchedulingReverse.py.txt,1,train,1768,tolgagolet_cpu-scheduling-algorithms-simulation_operatingsystems_cpuschedulingreverse,1
v1_38_content_dareofmeashwani_Pre-Processing-Queue-For-Deep-Learning-Model_DataQueue.py.txt,1,test,1769,dareofmeashwani_pre-processing-queue-for-deep-learning-model_dataqueue,0
v1_38_content_jeshan_dlq-to-telegram_configure-aws-cli.template.py.txt,1,train,1770,jeshan_dlq-to-telegram_configure-aws-cli.template,4
v1_39_content_guneskaan_queueBot_queue_bot.py.txt,1,train,1771,guneskaan_queuebot_queue_bot,3
v1_39_content_msinghal34_M-M-1-Queue-Simulation-with-timeouts_M_M_1_with_timeouts.py.txt,1,train,1772,msinghal34_m-m-1-queue-simulation-with-timeouts_m_m_1_with_timeouts,5
v1_3_content_colinmcnicholl_queueing_theory_homework3_map6264a.py.txt,1,train,1773,colinmcnicholl_queueing_theory_homework3_map6264a,2
v1_40_content_alttch_pyaltt_test.py.txt,1,train,1774,alttch_pyaltt_test,1
v1_41_content_sweeneyde_IndexedHeap_dijkstra.py.txt,1,test,1775,sweeneyde_indexedheap_dijkstra,0
v1_45_content_discovervlad_herman-flask-redis-queue_manage_worker.py.txt,1,test,1776,discovervlad_herman-flask-redis-queue_manage_worker,0
v1_45_content_kriti149_Text-Summarizer_txt_summarization.py.txt,1,val,1777,kriti149_text-summarizer_txt_summarization,4
v1_47_content_jeshan_lambda-default-dlq_generate-config.py.txt,1,train,1778,jeshan_lambda-default-dlq_generate-config,3
v1_47_content_llewellyn-kevin_club-matchmaking_usattRatings.py.txt,1,train,1779,llewellyn-kevin_club-matchmaking_usattratings,5
v1_49_content_ybakos_cs261-tdd-priority-queue_test_job.py.txt,1,train,1780,ybakos_cs261-tdd-priority-queue_test_job,2
v1_50_content_Jille_karafun-fair-scheduler_scheduler.py.txt,1,train,1781,jille_karafun-fair-scheduler_scheduler,1
v1_52_content_NYU-Molecular-Pathology_queue-stats_qstats.py.txt,1,val,1782,nyu-molecular-pathology_queue-stats_qstats,4
v1_53_content_haydentmichael_Assign4_TreeTraversal.py.txt,1,train,1783,haydentmichael_assign4_treetraversal,5
v1_54_content_DNPA_txhqueue_txbasetest.py.txt,1,val,1784,dnpa_txhqueue_txbasetest,3
v1_54_content_VishalPadme_Queue__Simple_Driver_Code_Queue_by_VP.py.txt,1,train,1785,vishalpadme_queue__simple_driver_code_queue_by_vp,2
v1_56_content_joseph-njogu_Rabbitmq_worker.py.txt,1,test,1786,joseph-njogu_rabbitmq_worker,0
v1_57_content_sangyh_discrete-event-simulation_read_output.py.txt,1,train,1787,sangyh_discrete-event-simulation_read_output,1
v1_59_content_mahmoudhossam_task-queue_db.py.txt,1,train,1788,mahmoudhossam_task-queue_db,4
v1_5_content_edison12a_bmrs-json-api_test_bmrs.py.txt,1,train,1789,edison12a_bmrs-json-api_test_bmrs,5
v1_5_content_supfisher_PredicrionInQueueNets_regression.py.txt,1,train,1790,supfisher_predicrioninqueuenets_regression,3
v1_61_content_lgphone_delay-queue_timer.py.txt,1,train,1791,lgphone_delay-queue_timer,2
v1_62_content_jkassis87_QueScreenDataExtractor_qsde.py.txt,1,train,1792,jkassis87_quescreendataextractor_qsde,1
v1_64_content_coronary_makerHubTool_testSheets.py.txt,1,train,1793,coronary_makerhubtool_testsheets,4
v1_65_content_NidhiPati_PythonProgramsAcademicProjects_StackQueue.py.txt,1,train,1794,nidhipati_pythonprogramsacademicprojects_stackqueue,3
v1_67_content_sulaiman-muhammad_Earliest-Deadline-First-Sheduler_link.py.txt,1,train,1795,sulaiman-muhammad_earliest-deadline-first-sheduler_link,5
v1_7_content_JaysonBH_Out-Of-Queue-Bot_app.py.txt,1,train,1796,jaysonbh_out-of-queue-bot_app,2
v1_9_content_cczzaa101_Queueing_with_AC_evaluate.py.txt,1,train,1797,cczzaa101_queueing_with_ac_evaluate,3
v1_100_content_cem8301_DataCleaningForInformedPurchases_middlewares.py.txt,1,train,1798,cem8301_datacleaningforinformedpurchases_middlewares,1
v1_100_content_cem8301_DataCleaningForInformedPurchases_pipelines.py.txt,1,val,1799,cem8301_datacleaningforinformedpurchases_pipelines,4
v1_10_content_adrianvellamlt_Quick-Sort---Insertion-Sort_quicksort.py.txt,1,val,1800,adrianvellamlt_quick-sort---insertion-sort_quicksort,3
v1_10_content_adrianvellamlt_Quick-Sort---Insertion-Sort_utils.py.txt,1,train,1801,adrianvellamlt_quick-sort---insertion-sort_utils,3
v1_11_content_TanaySinghal_SortingAlgorithms_sorts.py.txt,1,train,1802,tanaysinghal_sortingalgorithms_sorts,5
v1_12_content_nidhigup01_Quick-sort_quick_sort.py.txt,1,train,1803,nidhigup01_quick-sort_quick_sort,2
v1_13_content_gkp7_quick-sort_quick_sort.py.txt,1,train,1804,gkp7_quick-sort_quick_sort,5
v1_14_content_atakanipekci_QuickSortLomutoAndHoare_quickSortsComp.py.txt,1,train,1805,atakanipekci_quicksortlomutoandhoare_quicksortscomp,1
v1_14_content_briholt100_rogersQ_rogersQ.py.txt,1,train,1806,briholt100_rogersq_rogersq,4
v1_15_content_EtiennePerot_mm-tools_update-kodi.py.txt,1,val,1807,etienneperot_mm-tools_update-kodi,3
v1_16_content_KjHop_quick-sort_SortingClass.py.txt,1,train,1808,kjhop_quick-sort_sortingclass,5
v1_18_content_TorugoH_quickSort_quick.py.txt,1,train,1809,torugoh_quicksort_quick,2
v1_19_content_jamesnearn_sortDigitalCameraFiles_sortDigitalCameraFiles.py.txt,1,train,1810,jamesnearn_sortdigitalcamerafiles_sortdigitalcamerafiles,1
v1_19_content_vickyandpiggy_count_inversion_merge_sort_compare_quick_sort_count_inversion_merge_sort__compare_quick_sort.py.txt,1,train,1811,vickyandpiggy_count_inversion_merge_sort_compare_quick_sort_count_inversion_merge_sort__compare_quick_sort,4
v1_1_content_0x27_shodan_key_checker_shodankeys.py.txt,1,train,1812,0x27_shodan_key_checker_shodankeys,3
v1_1_content_becurrie_py-sorts_sorter-runner.py.txt,1,train,1813,becurrie_py-sorts_sorter-runner,5
v1_20_content_bradruck_Quick_Sort-python_Assignment_7-P12.9.py.txt,1,test,1814,bradruck_quick_sort-python_assignment_7-p12.9,0
v1_21_content_bmawji3_tvshow-sorting_tvshow_sort.py.txt,1,train,1815,bmawji3_tvshow-sorting_tvshow_sort,2
v1_22_content_konczyk_comparisons_client.py.txt,1,train,1816,konczyk_comparisons_client,4
v1_23_content_ajh1143_ClassicQuickSort_QuickSorter.py.txt,1,train,1817,ajh1143_classicquicksort_quicksorter,1
v1_24_content_vijayant123_music-sortt_sort.py.txt,1,train,1818,vijayant123_music-sortt_sort,4
v1_25_content_bisigc_python_quicksort_quicksort.py.txt,1,train,1819,bisigc_python_quicksort_quicksort,3
v1_25_content_bisigc_python_quicksort_run_parallel_QuickSort_threading.py.txt,1,train,1820,bisigc_python_quicksort_run_parallel_quicksort_threading,5
v1_26_content_hemidactylus_skanfixer_SelRectangle.py.txt,1,train,1821,hemidactylus_skanfixer_selrectangle,2
v1_26_content_hemidactylus_skanfixer_sfUtilities.py.txt,1,test,1822,hemidactylus_skanfixer_sfutilities,0
v1_27_content_mozarik_quicksortPython_insertionSort.py.txt,1,train,1823,mozarik_quicksortpython_insertionsort,1
v1_28_content_kimdanny_HeapSort-and-QuickSort-Comparison_quicksort.py.txt,1,test,1824,kimdanny_heapsort-and-quicksort-comparison_quicksort,0
v1_29_content_flintlouis_Sorting_algo_mergesort.py.txt,1,train,1825,flintlouis_sorting_algo_mergesort,4
v1_2_content_ForeverPs_Visualization-of-sort-algorithms_SORT.py.txt,1,train,1826,foreverps_visualization-of-sort-algorithms_sort,3
v1_2_content_siddhesh10_Quicksort-and-Randomized-Quick-Sort_randomized_quicksort.py.txt,1,train,1827,siddhesh10_quicksort-and-randomized-quick-sort_randomized_quicksort,5
v1_30_content_choogeboom_photo-sorter_photo_sorter.py.txt,1,train,1828,choogeboom_photo-sorter_photo_sorter,5
v1_30_content_XiaogeWang_Sort-Algorithms-Python-Version-_heap_sort.py.txt,1,val,1829,xiaogewang_sort-algorithms-python-version-_heap_sort,2
v1_31_content_alexthejewell_photo_sorter_get_photo_data.py.txt,1,train,387,alexthejewell_photo_sorter_get_photo_data,2
v1_38_content_TadayoshiCarvajal_Sorting-in-Python_sortingAlgorithms.py.txt,1,train,387,tadayoshicarvajal_sorting-in-python_sortingalgorithms,2
v1_3_content_iRGBit_indexhelper_all_indexer.py.txt,1,train,1830,irgbit_indexhelper_all_indexer,1
v1_3_content_iRGBit_indexhelper_indexer.py.txt,1,train,1831,irgbit_indexhelper_indexer,4
v1_42_content_aira26_HomeWork3_quicksortclass.py.txt,1,train,1832,aira26_homework3_quicksortclass,3
v1_4_content_varuntahin2210_ConversationalBot-Restaurant_nlu_model.py.txt,1,train,1833,varuntahin2210_conversationalbot-restaurant_nlu_model,5
v1_52_content_RefaelBeker7_Sorting-Algorithms-Python_ExampleSort_sixDifference.py.txt,1,train,379,refaelbeker7_sorting-algorithms-python_examplesort_sixdifference,5
v1_5_content_chriskbwong_quickSort_quickSort.py.txt,1,train,1834,chriskbwong_quicksort_quicksort,2
v1_6_content_austinteshuba_QuickSort_Sort.py.txt,1,test,1835,austinteshuba_quicksort_sort,0
v1_6_content_psavery_quick_sort_quick_sort.py.txt,1,train,1836,psavery_quick_sort_quick_sort,1
v1_73_content_OstapKuch_Lab_01_alg_sort.py.txt,1,train,391,ostapkuch_lab_01_alg_sort,4
v1_75_content_yaroslava-tkachuk_quicksort_accelerated_quicksort_accelerated.py.txt,1,val,1043,yaroslava-tkachuk_quicksort_accelerated_quicksort_accelerated,1
v1_7_content_lhuangufl_QuickSort_QuickSort.py.txt,1,test,1837,lhuangufl_quicksort_quicksort,0
v1_80_content_arun-p12_sort-algorithms_quick_sort.py.txt,1,train,1034,arun-p12_sort-algorithms_quick_sort,5
v1_82_content_ceydapolat_Sorting-Algorithms-Analysis_MergeSort.py.txt,1,test,1838,ceydapolat_sorting-algorithms-analysis_mergesort,0
v1_8_content_lucasxteixeira_RandomQuickSort_benchmark.py.txt,1,val,1839,lucasxteixeira_randomquicksort_benchmark,4
v1_92_content_paulfauthmayer_versopy_verso.py.txt,1,val,1840,paulfauthmayer_versopy_verso,3
v1_9_content_ivanbgd_Quick3-Sort-Py_sorting.py.txt,1,train,1841,ivanbgd_quick3-sort-py_sorting,5
v1_10_content_Bala96_Recursive-Func_nestedeaser.py.txt,1,train,1842,bala96_recursive-func_nestedeaser,2
v1_11_content_momaabna_Python-create-password-list-_creatlist.py.txt,1,train,1843,momaabna_python-create-password-list-_creatlist,1
v1_12_content_tristanang_DPifier_y_combinator.py.txt,1,test,1844,tristanang_dpifier_y_combinator,0
v1_12_content_tristanang_DPifier_y_combinator_test.py.txt,1,test,1845,tristanang_dpifier_y_combinator_test,0
v1_13_content_zandermoss_bessel_recursion_testi.py.txt,1,train,1846,zandermoss_bessel_recursion_testi,4
v1_14_content_TechnicallyRachel_Fibonacci-plus-unitTest_fibonacci.py.txt,1,train,1847,technicallyrachel_fibonacci-plus-unittest_fibonacci,3
v1_15_content_gregapodobnik_wowza_deleteautorecordings_wowza_deleterecordings.py.txt,1,train,1848,gregapodobnik_wowza_deleteautorecordings_wowza_deleterecordings,5
v1_16_content_mor3dr3ad_gcdRecur_gdcRecur.py.txt,1,train,1849,mor3dr3ad_gcdrecur_gdcrecur,1
v1_16_content_Shweetz_BranchingGameSolver_branchingGame.py.txt,1,test,1850,shweetz_branchinggamesolver_branchinggame,0
v1_18_content_jmhummel_Continuation-passing-style_index.py.txt,1,val,1851,jmhummel_continuation-passing-style_index,2
v1_18_content_Shweetz_TicTacToeSolver_solver.py.txt,1,test,1852,shweetz_tictactoesolver_solver,0
v1_19_content_andryak_complib_test.py.txt,1,val,1853,andryak_complib_test,1
v1_1_content_ilmanzo666_quadtree-image-decomposition_pyImgQuadTree.py.txt,1,val,1854,ilmanzo666_quadtree-image-decomposition_pyimgquadtree,4
v1_1_content_rcorcs_apref_tests.py.txt,1,test,1855,rcorcs_apref_tests,0
v1_20_content_Shweetz_Connect4Solver_solver.py.txt,1,train,1856,shweetz_connect4solver_solver,3
v1_22_content_domreichl_credit-card-math_credit_card_math.py.txt,1,train,1857,domreichl_credit-card-math_credit_card_math,5
v1_23_content_HakimdarC_Fibonacci-Sequence_fibfirst.py.txt,1,train,1858,hakimdarc_fibonacci-sequence_fibfirst,2
v1_24_content_regnarg_prf-turing-machine_arith.py.txt,1,train,1859,regnarg_prf-turing-machine_arith,1
v1_24_content_regnarg_prf-turing-machine_prf.py.txt,1,val,1860,regnarg_prf-turing-machine_prf,4
v1_24_content_regnarg_prf-turing-machine_tm.py.txt,1,train,1861,regnarg_prf-turing-machine_tm,2
v1_25_content_OmarGhoneim_wb-wikosophy_wikosopher.py.txt,1,train,1862,omarghoneim_wb-wikosophy_wikosopher,3
v1_27_content_michaelbauerinc_TowersOfHanoi_node.py.txt,1,train,1863,michaelbauerinc_towersofhanoi_node,5
v1_29_content_gdkat_Recursive-DNS-Client-Server-Communication_client.py.txt,1,train,1864,gdkat_recursive-dns-client-server-communication_client,2
v1_29_content_gdkat_Recursive-DNS-Client-Server-Communication_rs.py.txt,1,train,1865,gdkat_recursive-dns-client-server-communication_rs,1
v1_29_content_ntzhong_box_api_modify_links_main.py.txt,1,train,1866,ntzhong_box_api_modify_links_main,4
v1_2_content_DavidWallacedot_recursiveFunctions.py_recursive.py.txt,1,test,1867,davidwallacedot_recursivefunctions,0
v1_33_content_prabhatpal77_Complete-core-python-_assignmentope.py.txt,1,test,1868,prabhatpal77_complete-core-python-_assignmentope,0
v1_33_content_prabhatpal77_Complete-core-python-_dictcomp.py.txt,1,train,1869,prabhatpal77_complete-core-python-_dictcomp,5
v1_33_content_prabhatpal77_Complete-core-python-_globalandlocalvar.py.txt,1,train,1870,prabhatpal77_complete-core-python-_globalandlocalvar,3
v1_34_content_bsmorton_linked-list-python_linkedlist.py.txt,1,val,1871,bsmorton_linked-list-python_linkedlist,2
v1_34_content_stephypy_CS2302PasswordCracking_Main.py.txt,1,test,1872,stephypy_cs2302passwordcracking_main,0
v1_35_content_rajucsm09_Fibonacci-Sequence-using-Memoizaton_fibonacci.py.txt,1,train,1873,rajucsm09_fibonacci-sequence-using-memoizaton_fibonacci,1
v1_36_content_Zattri_tutorial-recursion_binary.py.txt,1,train,1874,zattri_tutorial-recursion_binary,4
v1_36_content_Zattri_tutorial-recursion_recursion.py.txt,1,train,1875,zattri_tutorial-recursion_recursion,3
v1_38_content_davidcarrollnyc_Recursive_Python_WebScraper_BeautifulSoup_into_MongoDB_insertIntoMongo.py.txt,1,val,1876,davidcarrollnyc_recursive_python_webscraper_beautifulsoup_into_mongodb_insertintomongo,5
v1_38_content_davidcarrollnyc_Recursive_Python_WebScraper_BeautifulSoup_into_MongoDB_webscraper.py.txt,1,test,1877,davidcarrollnyc_recursive_python_webscraper_beautifulsoup_into_mongodb_webscraper,0
v1_38_content_VakinduPhilliam_Pattern_Matching_Python_Glob_Directory_Paths.py.txt,1,train,1288,vakinduphilliam_pattern_matching_python_glob_directory_paths,5
v1_39_content_dhruva-gaidhani_DNS_resolver_my_dns.py.txt,1,train,1878,dhruva-gaidhani_dns_resolver_my_dns,2
v1_3_content_deniselucey_Python_Recursive_Definitions_factorial.py.txt,1,train,1879,deniselucey_python_recursive_definitions_factorial,1
v1_40_content_anandprabhakar0507_print-the-Fibonacci-sequence-up-to-n-th-term-using-recursive-functions-by-taking-nth-term-as-input_input_print_fibrobonacci.py.txt,1,train,1880,anandprabhakar0507_print-the-fibonacci-sequence-up-to-n-th-term-using-recursive-functions-by-taking-nth-term-as-input_input_print_fibrobonacci,4
v1_41_content_EdmundMartin_Indigestion_ingestion_engine.py.txt,1,val,1881,edmundmartin_indigestion_ingestion_engine,3
v1_43_content_agusmakmun_changewords_tests.py.txt,1,test,1882,agusmakmun_changewords_tests,0
v1_4_content_doronbruder_Recursive-functions-_ex7.py.txt,1,train,1883,doronbruder_recursive-functions-_ex7,5
v1_4_content_gracerichardson0_Recursive-Functions_max.py.txt,1,train,1884,gracerichardson0_recursive-functions_max,2
v1_5_content_diandra-davidson_IS211_Assignment14_recursion.py.txt,1,train,1885,diandra-davidson_is211_assignment14_recursion,1
v1_6_content_Vruksha_Fun-with-Recursive-Functions_Fun_with_Recursive_Functions.py.txt,1,train,1886,vruksha_fun-with-recursive-functions_fun_with_recursive_functions,4
v1_7_content_Sbrown4321_Assignment_2_Assignment2.py.txt,1,test,1887,sbrown4321_assignment_2_assignment2,0
v1_9_content_ahmetfbayrak12_Python-Recursive-Functions-and-Dynamic-Programming_hw5-dynamic.py.txt,1,train,1888,ahmetfbayrak12_python-recursive-functions-and-dynamic-programming_hw5-dynamic,3
v1_9_content_ahmetfbayrak12_Python-Recursive-Functions-and-Dynamic-Programming_hw5-plot.py.txt,1,train,1889,ahmetfbayrak12_python-recursive-functions-and-dynamic-programming_hw5-plot,5
v1_9_content_OJFord_python-tailrecursion_tailrecursion.py.txt,1,train,1890,ojford_python-tailrecursion_tailrecursion,2
v1_14_content_GBursali_RSA-Talker_server.py.txt,1,train,1891,gbursali_rsa-talker_server,1
v1_15_content_xiong414_rsa_python_main.py.txt,1,train,1892,xiong414_rsa_python_main,4
v1_16_content_exitmsconfig_python_rpn.py.txt,1,train,1893,exitmsconfig_python_rpn,3
v1_17_content_fxbp_spd-5_funcions.py.txt,1,test,1894,fxbp_spd-5_funcions,0
v1_18_content_CommanderSnuggle_RSA_signer.py.txt,1,train,1895,commandersnuggle_rsa_signer,5
v1_20_content_minh-t-coding_RSA-FactoringAlgo_timecompare.py.txt,1,val,1896,minh-t-coding_rsa-factoringalgo_timecompare,2
v1_21_content_anko9801_RSA-attack_LSB_leak_attack.py.txt,1,test,1897,anko9801_rsa-attack_lsb_leak_attack,0
v1_21_content_anko9801_RSA-attack_simple_attack.py.txt,1,train,1898,anko9801_rsa-attack_simple_attack,1
v1_27_content_ohbriansung_rsa_key_cryptosystem_rsa_key_cryptosystem.py.txt,1,val,1899,ohbriansung_rsa_key_cryptosystem_rsa_key_cryptosystem,3
v1_27_content_pedrohba1_brute-force-RSA_bruteforceRSA.py.txt,1,test,1900,pedrohba1_brute-force-rsa_bruteforcersa,0
v1_29_content_ArpithaMalavalli_RSA-Encryption_check2.py.txt,1,val,1901,arpithamalavalli_rsa-encryption_check2,2
v1_30_content_MKI603_Python3-RSA_rsa.py.txt,1,val,1902,mki603_python3-rsa_rsa,4
v1_33_content_hamzaenaime_rsa_python_encrypt.py.txt,1,train,1903,hamzaenaime_rsa_python_encrypt,1
v1_33_content_hamzaenaime_rsa_python_rsa.py.txt,1,train,1903,hamzaenaime_rsa_python_rsa,1
v1_35_content_mahfuzali_AzureRSAPy_receiver.py.txt,1,test,1904,mahfuzali_azurersapy_receiver,0
v1_36_content_Hafpaf_Programmering-C-eksamensprojekt_rsa_test.py.txt,1,test,1905,hafpaf_programmering-c-eksamensprojekt_rsa_test,0
v1_38_content_d7x_pyrsacrack_pyrsacrack.raw.py.txt,1,train,1906,d7x_pyrsacrack_pyrsacrack.raw,4
v1_38_content_YuqianHou_RSA_RSA.py.txt,1,test,1907,yuqianhou_rsa_rsa,0
v1_40_content_damesca_mpc-rsa_config_nodes.py.txt,1,val,1908,damesca_mpc-rsa_config_nodes,5
v1_42_content_Y-Kuro-u_RSA_python_rsa_encription.py.txt,1,test,1909,y-kuro-u_rsa_python_rsa_encription,0
v1_46_content_suyash-sneo_rsa-wiener-attack_RSAkeys.py.txt,1,train,1910,suyash-sneo_rsa-wiener-attack_rsakeys,2
v1_48_content_7e1ght_RSA_RSA_keys.py.txt,1,val,1911,7e1ght_rsa_rsa_keys,3
v1_49_content_mrsondeptrai1999_RSA_Summer_2017_project_Rabin-Miller_Prime.py.txt,1,train,1912,mrsondeptrai1999_rsa_summer_2017_project_rabin-miller_prime,2
v1_52_content_albertbrook_simple-rsa_create_rsa.py.txt,1,test,1913,albertbrook_simple-rsa_create_rsa,0
v1_52_content_CorrineTan_Digital-Signature-Schemes-Evaluation_ecdsa_fast.py.txt,1,train,1914,corrinetan_digital-signature-schemes-evaluation_ecdsa_fast,1
v1_52_content_CorrineTan_Digital-Signature-Schemes-Evaluation_eddsa_libnacl.py.txt,1,train,1915,corrinetan_digital-signature-schemes-evaluation_eddsa_libnacl,4
v1_53_content_7enTropy7_RSA_cryptography_rsa.py.txt,1,train,1916,7entropy7_rsa_cryptography_rsa,3
v1_57_content_Carloshtda_SistemaRSA_rsa.py.txt,1,train,1917,carloshtda_sistemarsa_rsa,5
v1_5_content_yifeng-lee_RSA-In-CTF_expa.py.txt,1,train,1918,yifeng-lee_rsa-in-ctf_expa,2
v1_60_content_antoniomaldonado_Cifradores_encriptWithRSA.py.txt,1,train,1919,antoniomaldonado_cifradores_encriptwithrsa,1
v1_60_content_antoniomaldonado_Cifradores_vigenereCipher.py.txt,1,train,1920,antoniomaldonado_cifradores_vigenerecipher,4
v1_62_content_chaseking123_RSAEncryption_Driver.py.txt,1,train,1921,chaseking123_rsaencryption_driver,3
v1_62_content_taabishm2_Proactive-FDH-RSA-Signature_additiveSignatures.py.txt,1,test,1922,taabishm2_proactive-fdh-rsa-signature_additivesignatures,0
v1_62_content_taabishm2_Proactive-FDH-RSA-Signature_generatePrime.py.txt,1,train,1923,taabishm2_proactive-fdh-rsa-signature_generateprime,5
v1_66_content_saucecode_rsaved_clean_user.py.txt,1,train,1924,saucecode_rsaved_clean_user,2
v1_66_content_saucecode_rsaved_verify_integrity.py.txt,1,val,1925,saucecode_rsaved_verify_integrity,1
v1_72_content_LucasSSales_RSA_gerarChavePublica.py.txt,1,test,1926,lucasssales_rsa_gerarchavepublica,0
v1_75_content_LucaRemaggi_RSAO_Parameteriser_Beamformers.py.txt,1,train,1927,lucaremaggi_rsao_parameteriser_beamformers,5
v1_75_content_LucaRemaggi_RSAO_Parameteriser_MixingTime_Estimation.py.txt,1,train,1928,lucaremaggi_rsao_parameteriser_mixingtime_estimation,2
v1_76_content_fractionofadot_rsa_rsa.py.txt,1,val,1929,fractionofadot_rsa_rsa,4
v1_77_content_lynzz1701_RSA_client3.py.txt,1,train,1930,lynzz1701_rsa_client3,1
v1_77_content_solyaH_RSA-algorithm_RSAbasic.py.txt,1,train,1931,solyah_rsa-algorithm_rsabasic,4
v1_79_content_Devansh-Maurya_RSA-Algorithm_rsa.py.txt,1,train,1932,devansh-maurya_rsa-algorithm_rsa,3
v1_86_content_bahtibyte_RSA-Decryption_decipherN.py.txt,1,val,1933,bahtibyte_rsa-decryption_deciphern,5
v1_97_content_alkaaithal_rsa-task_MongoInsert.py.txt,1,train,1934,alkaaithal_rsa-task_mongoinsert,2
v1_97_content_rusrom_cryptography_rsa_text_encrypt.py.txt,1,val,1935,rusrom_cryptography_rsa_text_encrypt,1
v1_9_content_loserboi23_rsa-publickey_signer.py.txt,1,val,1936,loserboi23_rsa-publickey_signer,4
v1_9_content_mohamedhossam07_rsa_encryption_keygen.py.txt,1,test,1937,mohamedhossam07_rsa_encryption_keygen,0
v1_9_content_mohamedhossam07_rsa_encryption_keygen_extras.py.txt,1,train,1938,mohamedhossam07_rsa_encryption_keygen_extras,3
v1_9_content_SirThana_RSA_rsa.py.txt,1,test,1939,sirthana_rsa_rsa,0
v1_11_content_jdpenuliar_selectionsortdjango_manage.py.txt,1,val,1940,jdpenuliar_selectionsortdjango_manage,5
v1_13_content_chandimajayawickrama_Simple-Sorting-Algorithms_bubble_sort.py.txt,1,test,1941,chandimajayawickrama_simple-sorting-algorithms_bubble_sort,0
v1_13_content_chandimajayawickrama_Simple-Sorting-Algorithms_insertion_sort.py.txt,1,train,1942,chandimajayawickrama_simple-sorting-algorithms_insertion_sort,2
v1_13_content_chandimajayawickrama_Simple-Sorting-Algorithms_selection_sort.py.txt,1,test,1943,chandimajayawickrama_simple-sorting-algorithms_selection_sort,0
v1_14_content_codearemo_selction-sort_selection_sort.py.txt,1,val,1944,codearemo_selction-sort_selection_sort,5
v1_14_content_zhongraymond_Selection-Sort_RZ_Selection_Sort.py.txt,1,train,1945,zhongraymond_selection-sort_rz_selection_sort,1
v1_15_content_hgdsraj_python_vs_ruby_speed_analyze_script.py.txt,1,train,1946,hgdsraj_python_vs_ruby_speed_analyze_script,4
v1_15_content_hgdsraj_python_vs_ruby_speed_quick.py.txt,1,train,1949,hgdsraj_python_vs_ruby_speed_quick,2
v1_16_content_johnllanos_selection_sort.py_selection_sort.py.txt,1,val,1950,johnllanos_selection_sort,1
v1_17_content_Ryan-Fortner_selection_sort_selection_sort.py.txt,1,train,1951,ryan-fortner_selection_sort_selection_sort,4
v1_18_content_algorithmproject_Selection_sort_scripts.py.txt,1,train,1952,algorithmproject_selection_sort_scripts,3
v1_18_content_luisfmelo_Automatic-Sort-Algorithm-selection_config.py.txt,1,train,1953,luisfmelo_automatic-sort-algorithm-selection_config,5
v1_19_content_qwarlock_python-selection-sort_PythonSelectionSort.py.txt,1,train,1954,qwarlock_python-selection-sort_pythonselectionsort,2
v1_1_content_becurrie_py-sorts_sorter-runner.py.txt,1,train,1813,becurrie_py-sorts_sorter-runner,5
v1_20_content_jhemesonmotta_PythonSelectionSort_selectionSort.py.txt,1,train,1955,jhemesonmotta_pythonselectionsort_selectionsort,1
v1_21_content_AntonisFK_selection_sort_python_selectionSort.py.txt,1,train,1956,antonisfk_selection_sort_python_selectionsort,4
v1_22_content_thctds_Sorts1_insertionSort.py.txt,1,train,1478,thctds_sorts1_insertionsort,4
v1_22_content_thctds_Sorts1_selectionSort.py.txt,1,train,1957,thctds_sorts1_selectionsort,3
v1_23_content_AMARPATEEL_Selection-sort-in-python_selection_by_user_input.py.txt,1,train,1958,amarpateel_selection-sort-in-python_selection_by_user_input,5
v1_23_content_AMARPATEEL_Selection-sort-in-python_selection_sort.py.txt,1,val,1959,amarpateel_selection-sort-in-python_selection_sort,2
v1_28_content_kurtalex_selection_sort_alhorithm_selection_sort.py.txt,1,train,1960,kurtalex_selection_sort_alhorithm_selection_sort,1
v1_29_content_cmccoypdx_PythonSortCompare_Generator.py.txt,1,test,1961,cmccoypdx_pythonsortcompare_generator,0
v1_29_content_cmccoypdx_PythonSortCompare_MergeSort.py.txt,1,train,1962,cmccoypdx_pythonsortcompare_mergesort,4
v1_29_content_cmccoypdx_PythonSortCompare_QuickSort.py.txt,1,val,1963,cmccoypdx_pythonsortcompare_quicksort,3
v1_29_content_cmccoypdx_PythonSortCompare_SelectionSort.py.txt,1,val,1964,cmccoypdx_pythonsortcompare_selectionsort,5
v1_29_content_cmccoypdx_PythonSortCompare_Timer.py.txt,1,test,1965,cmccoypdx_pythonsortcompare_timer,0
v1_2_content_jorgebt95_SelectionSort_selectorsort.py.txt,1,train,1966,jorgebt95_selectionsort_selectorsort,2
v1_2_content_mhiratsuka_selectionSortPython_selectionSort.py.txt,1,train,1967,mhiratsuka_selectionsortpython_selectionsort,1
v1_31_content_anowarh2514_Selection-Sort-Algorithm-in-Python_Selection_Sort.py.txt,1,test,1968,anowarh2514_selection-sort-algorithm-in-python_selection_sort,0
v1_33_content_ilkayDevran_Analysis_of_Sorting_Algorithms_insertion_sort.py.txt,1,train,1969,ilkaydevran_analysis_of_sorting_algorithms_insertion_sort,4
v1_33_content_ilkayDevran_Analysis_of_Sorting_Algorithms_selection_sort.py.txt,1,train,1970,ilkaydevran_analysis_of_sorting_algorithms_selection_sort,3
v1_34_content_rajdas2001_Sorting-of-lists-arrays_Bubble_Sort.py.txt,1,val,1971,rajdas2001_sorting-of-lists-arrays_bubble_sort,5
v1_34_content_rajdas2001_Sorting-of-lists-arrays_Insertion_Sort.py.txt,1,train,1972,rajdas2001_sorting-of-lists-arrays_insertion_sort,2
v1_34_content_rajdas2001_Sorting-of-lists-arrays_Selection_Sort_1.py.txt,1,train,1973,rajdas2001_sorting-of-lists-arrays_selection_sort_1,1
v1_34_content_rajdas2001_Sorting-of-lists-arrays_Selection_Sort_2.py.txt,1,train,1974,rajdas2001_sorting-of-lists-arrays_selection_sort_2,4
v1_39_content_lorenzo3117_python-sorting-scripts_bubbleSort.py.txt,1,train,1975,lorenzo3117_python-sorting-scripts_bubblesort,3
v1_39_content_lorenzo3117_python-sorting-scripts_insertionSort.py.txt,1,val,1976,lorenzo3117_python-sorting-scripts_insertionsort,5
v1_39_content_lorenzo3117_python-sorting-scripts_selectionSort.py.txt,1,train,1977,lorenzo3117_python-sorting-scripts_selectionsort,2
v1_41_content_sarahandert_python-practice--sorting_sample4.py.txt,1,train,1978,sarahandert_python-practice--sorting_sample4,1
v1_44_content_arun-p12_sort-algorithms_common.py.txt,1,val,1979,arun-p12_sort-algorithms_common,4
v1_44_content_arun-p12_sort-algorithms_selection_insertion_sort.py.txt,1,test,1980,arun-p12_sort-algorithms_selection_insertion_sort,0
v1_47_content_SimonBFrank_Algorithm_Analysis_Test_File_Creation.py.txt,1,train,1981,simonbfrank_algorithm_analysis_test_file_creation,5
v1_5_content_Algomaster0628_SelectionSortAlgorithm_selection_sort.py.txt,1,train,1982,algomaster0628_selectionsortalgorithm_selection_sort,3
v1_6_content_HananBahy_linkedLlist-and-selection-sort_Node.py.txt,1,train,1983,hananbahy_linkedllist-and-selection-sort_node,2
v1_6_content_HananBahy_linkedLlist-and-selection-sort_sort_linked_list.py.txt,1,train,1984,hananbahy_linkedllist-and-selection-sort_sort_linked_list,1
v1_6_content_HananBahy_linkedLlist-and-selection-sort_sort_normal_list__linked_list.py.txt,1,train,1985,hananbahy_linkedllist-and-selection-sort_sort_normal_list__linked_list,4
v1_7_content_meenaljain8001_BasicsOfPython-SelectionSort_selection_sort_in_python.py.txt,1,train,1986,meenaljain8001_basicsofpython-selectionsort_selection_sort_in_python,3
v1_7_content_noyonict_Sorting-Algorithm-in-Python_selection_sort.py.txt,1,test,1987,noyonict_sorting-algorithm-in-python_selection_sort,0
v1_10_content_aqchin_abalonestatistics_sample_abalone.py.txt,1,train,1988,aqchin_abalonestatistics_sample_abalone,5
v1_10_content_awaisakram64_Statistic_operat_operation.py.txt,1,train,1989,awaisakram64_statistic_operat_operation,2
v1_10_content_ben-j-chapman_Dice-Statistics_dice_statistics.py.txt,1,train,1990,ben-j-chapman_dice-statistics_dice_statistics,1
v1_10_content_shelbynelson_STDEVCalculator_stdev_calc.py.txt,1,val,1991,shelbynelson_stdevcalculator_stdev_calc,4
v1_11_content_Aprataksh_Python-Files_range_high.py.txt,1,train,1992,aprataksh_python-files_range_high,3
v1_11_content_Aprataksh_Python-Files_stdev_ema.py.txt,1,train,1993,aprataksh_python-files_stdev_ema,5
v1_12_content_AlejandroNavLuna_standard_deviation_of_complex_envelope_in_python_class_test.py.txt,1,val,1994,alejandronavluna_standard_deviation_of_complex_envelope_in_python_class_test,2
v1_12_content_AlejandroNavLuna_standard_deviation_of_complex_envelope_in_python_project_test.py.txt,1,test,1995,alejandronavluna_standard_deviation_of_complex_envelope_in_python_project_test,0
v1_13_content_nishimura5_lorenz-plot_polar_rri.py.txt,1,train,1996,nishimura5_lorenz-plot_polar_rri,1
v1_14_content_Tomev_weightedAppendingStDevTester_stDev-checker.py.txt,1,train,1997,tomev_weightedappendingstdevtester_stdev-checker,4
v1_15_content_DrSara9888_Machaine-Learning-Big-Data_Outliers_IQR.py.txt,1,val,1998,drsara9888_machaine-learning-big-data_outliers_iqr,3
v1_15_content_DrSara9888_Machaine-Learning-Big-Data_outliers_Zscore.py.txt,1,train,1999,drsara9888_machaine-learning-big-data_outliers_zscore,5
v1_15_content_shahrukh-ak_Finding-the-standard-deviation-of-stores-sales-in-each-city._reducer_shahrukh_alam_khan_B.py.txt,1,train,2000,shahrukh-ak_finding-the-standard-deviation-of-stores-sales-in-each-city._reducer_shahrukh_alam_khan_b,2
v1_15_content_slightlynerd_k-stats_k_stats.py.txt,1,test,2001,slightlynerd_k-stats_k_stats,0
v1_17_content_haroldport_portfolio-scripts_Stock.py.txt,1,train,2002,haroldport_portfolio-scripts_stock,1
v1_17_content_haroldport_portfolio-scripts_Utilities.py.txt,1,train,2003,haroldport_portfolio-scripts_utilities,4
v1_17_content_j2colaco_stock_anomaly_stock_functions.py.txt,1,train,2004,j2colaco_stock_anomaly_stock_functions,3
v1_18_content_skociu_multiple-stocks_MultipleStocks.py.txt,1,train,2005,skociu_multiple-stocks_multiplestocks,5
v1_1_content_dvictori_rapideye_hist2sd_extrai_data_imagens.py.txt,1,train,2006,dvictori_rapideye_hist2sd_extrai_data_imagens,2
v1_1_content_dvictori_rapideye_hist2sd_hist_match.py.txt,1,test,2007,dvictori_rapideye_hist2sd_hist_match,0
v1_20_content_StillWorking_Stats_OnlineStats.py.txt,1,train,2009,stillworking_stats_onlinestats,3
v1_22_content_arnavdutta_Motion-Detection_motion_detection.py.txt,1,train,2010,arnavdutta_motion-detection_motion_detection,2
v1_23_content_StellaLH_pco_darknoise_noise_analysis.py.txt,1,train,2011,stellalh_pco_darknoise_noise_analysis,4
v1_23_content_StellaLH_pco_darknoise_noise_analysis_2.py.txt,1,train,2012,stellalh_pco_darknoise_noise_analysis_2,1
v1_24_content_Esperano_internal_noise_generate_d_k.py.txt,1,train,2013,esperano_internal_noise_generate_d_k,4
v1_25_content_arjunsoin_CME-193-Final_SF_Salary_Market.py.txt,1,train,2014,arjunsoin_cme-193-final_sf_salary_market,3
v1_28_content_zamb66_StockDataCovariance_StockDataCovariance.py.txt,1,train,2015,zamb66_stockdatacovariance_stockdatacovariance,5
v1_30_content_tommasofioravanti_DecisionTreeLearning_Dataset.py.txt,1,train,2016,tommasofioravanti_decisiontreelearning_dataset,2
v1_30_content_tommasofioravanti_DecisionTreeLearning_DecisionTree.py.txt,1,train,2017,tommasofioravanti_decisiontreelearning_decisiontree,1
v1_35_content_darkhark_AverageNFLSafetyHeight_CalculateAverageSafetyHeight.py.txt,1,train,2018,darkhark_averagenflsafetyheight_calculateaveragesafetyheight,4
v1_35_content_ethiersamuel_Geospatial-data-classification_tests.py.txt,1,train,2019,ethiersamuel_geospatial-data-classification_tests,3
v1_39_content_AasthaGoyal_Mathimatical-Statistics-on-an-integer-array_python_code.py.txt,1,train,2020,aasthagoyal_mathimatical-statistics-on-an-integer-array_python_code,5
v1_40_content_urmilkadakia_Rainfall-prediction-for-the-state-of-Gujarat-using-deep-learning-technique_AWS_Data_Correction1.py.txt,1,val,2021,urmilkadakia_rainfall-prediction-for-the-state-of-gujarat-using-deep-learning-technique_aws_data_correction1,2
v1_40_content_urmilkadakia_Rainfall-prediction-for-the-state-of-Gujarat-using-deep-learning-technique_delete_undefined_data.py.txt,1,train,2022,urmilkadakia_rainfall-prediction-for-the-state-of-gujarat-using-deep-learning-technique_delete_undefined_data,1
v1_40_content_urmilkadakia_Rainfall-prediction-for-the-state-of-Gujarat-using-deep-learning-technique_final_data_with_missing_date_correction.py.txt,1,train,2023,urmilkadakia_rainfall-prediction-for-the-state-of-gujarat-using-deep-learning-technique_final_data_with_missing_date_correction,4
v1_40_content_urmilkadakia_Rainfall-prediction-for-the-state-of-Gujarat-using-deep-learning-technique_lr_p.py.txt,1,test,2024,urmilkadakia_rainfall-prediction-for-the-state-of-gujarat-using-deep-learning-technique_lr_p,0
v1_40_content_urmilkadakia_Rainfall-prediction-for-the-state-of-Gujarat-using-deep-learning-technique_mlp_1_p.py.txt,1,train,2025,urmilkadakia_rainfall-prediction-for-the-state-of-gujarat-using-deep-learning-technique_mlp_1_p,3
v1_43_content_kimkoech_perf-pin-output-parsing-tools_perf_output_analysis.py.txt,1,test,2026,kimkoech_perf-pin-output-parsing-tools_perf_output_analysis,0
v1_43_content_kimkoech_perf-pin-output-parsing-tools_pin_output_analysis.py.txt,1,train,2027,kimkoech_perf-pin-output-parsing-tools_pin_output_analysis,5
v1_44_content_volyomaS_Phys_Lab_Calculator_phys_lab_calc.py.txt,1,train,2028,volyomas_phys_lab_calculator_phys_lab_calc,2
v1_4_content_ljm7b2_OBSTstandardDeviation_main_final.py.txt,1,train,2029,ljm7b2_obststandarddeviation_main_final,1
v1_4_content_ljm7b2_OBSTstandardDeviation_output_methods.py.txt,1,train,2030,ljm7b2_obststandarddeviation_output_methods,3
v1_51_content_knausb_proc_mpileup_fasta2nuccomp.py.txt,1,train,2031,knausb_proc_mpileup_fasta2nuccomp,5
v1_51_content_knausb_proc_mpileup_proc_mpileup2.py.txt,1,train,2032,knausb_proc_mpileup_proc_mpileup2,4
v1_52_content_JHeisey_Daily-Forex-Bot_scraper.py.txt,1,test,2033,jheisey_daily-forex-bot_scraper,0
v1_6_content_movingpictures83_CalcMeanStd_CalcMeanStdPlugin.py.txt,1,train,2034,movingpictures83_calcmeanstd_calcmeanstdplugin,1
v1_6_content_nio-blocks_control_bands_band_data.py.txt,1,test,2035,nio-blocks_control_bands_band_data,0
v1_7_content_havatv_qgisstandarddeviationalellipseplugin___init__.py.txt,1,train,2036,havatv_qgisstandarddeviationalellipseplugin___init__,4
v1_9_content_jkAtGitHub_Standard-Deviational-Ellipse_geomutils.py.txt,1,train,2037,jkatgithub_standard-deviational-ellipse_geomutils,3
v1_10_content_zpeterg_bmig_5003_count_words_filter_test.py.txt,1,train,2038,zpeterg_bmig_5003_count_words_filter_test,5
v1_10_content_zpeterg_bmig_5003_count_words_getFile_test.py.txt,1,train,2039,zpeterg_bmig_5003_count_words_getfile_test,2
v1_10_content_zpeterg_bmig_5003_count_words_index_test.py.txt,1,val,2041,zpeterg_bmig_5003_count_words_index_test,1
v1_10_content_zpeterg_bmig_5003_count_words_utils.py.txt,1,train,2042,zpeterg_bmig_5003_count_words_utils,4
v1_10_content_zpeterg_bmig_5003_count_words_utils_test.py.txt,1,train,2043,zpeterg_bmig_5003_count_words_utils_test,3
v1_12_content_prachij94_Unique-stopwords-for-a-subcategory_subcatwiseStopwords700.py.txt,1,train,2044,prachij94_unique-stopwords-for-a-subcategory_subcatwisestopwords700,5
v1_13_content_preetidurai_Spam-Ham-Classification-using-NB-and-LR_NBHelper.py.txt,1,train,2045,preetidurai_spam-ham-classification-using-nb-and-lr_nbhelper,2
v1_14_content_ganigavinaya_NaiveBayes_MLAssignment.py.txt,1,train,2046,ganigavinaya_naivebayes_mlassignment,1
v1_15_content_ganigavinaya_LogisticRegression_MLAssignment.py.txt,1,train,2047,ganigavinaya_logisticregression_mlassignment,4
v1_16_content_knair97_Sentiment-Analysis-of-Amazon-Reviews_neural_net.py.txt,1,train,2048,knair97_sentiment-analysis-of-amazon-reviews_neural_net,3
v1_16_content_knair97_Sentiment-Analysis-of-Amazon-Reviews_random_forest.py.txt,1,train,2049,knair97_sentiment-analysis-of-amazon-reviews_random_forest,3
v1_16_content_knair97_Sentiment-Analysis-of-Amazon-Reviews_svm.py.txt,1,train,2050,knair97_sentiment-analysis-of-amazon-reviews_svm,5
v1_16_content_NB-prog_INTERN-2019_config.py.txt,1,train,2051,nb-prog_intern-2019_config,2
v1_16_content_NB-prog_INTERN-2019_Model.py.txt,1,train,2052,nb-prog_intern-2019_model,1
v1_16_content_NB-prog_INTERN-2019_plot.py.txt,1,train,2053,nb-prog_intern-2019_plot,4
v1_16_content_NB-prog_INTERN-2019_similarity_eval.py.txt,1,train,2054,nb-prog_intern-2019_similarity_eval,3
v1_16_content_NB-prog_INTERN-2019_train.py.txt,1,test,2055,nb-prog_intern-2019_train,0
v1_17_content_AnirbanMajumder_Topic-Modeling-using-LDA_Topic_Modeling_using_LDA.py.txt,1,train,2056,anirbanmajumder_topic-modeling-using-lda_topic_modeling_using_lda,5
v1_18_content_ashwinjoseph95_reviewanalysis_natural_language_processing.py.txt,1,train,2057,ashwinjoseph95_reviewanalysis_natural_language_processing,2
v1_19_content_Mital188_Naive-Bayes_Naive_Bayes.py.txt,1,test,2058,mital188_naive-bayes_naive_bayes,0
v1_19_content_Vijendra2410_Sentiment-Analysis_movie_review.py.txt,1,train,2059,vijendra2410_sentiment-analysis_movie_review,1
v1_19_content_Vijendra2410_Sentiment-Analysis_RestaurantReview.py.txt,1,train,2060,vijendra2410_sentiment-analysis_restaurantreview,4
v1_1_content_ahmetax_trstop_trstop.py.txt,1,val,2061,ahmetax_trstop_trstop,3
v1_20_content_aditiopangestu_spam_data_converter_lingspam_filter.py.txt,1,train,2062,aditiopangestu_spam_data_converter_lingspam_filter,5
v1_21_content_binojohnthomas_WebScraper-Example_main.py.txt,1,test,2063,binojohnthomas_webscraper-example_main,0
v1_22_content_mikpim01_Python-NLTK_task_testing.py.txt,1,train,2064,mikpim01_python-nltk_task_testing,2
v1_25_content_Dinesh317_Spam_Classification_spam.py.txt,1,train,2065,dinesh317_spam_classification_spam,1
v1_25_content_drusac_Wikipedia_Keywords_Extractor_Wikipedia_Keywords_Extractor_v4.2.py.txt,1,train,2066,drusac_wikipedia_keywords_extractor_wikipedia_keywords_extractor_v4.2,4
v1_28_content_vinaykumarbu_sentiment-analysis-deeplearning_csv_parser.py.txt,1,train,2067,vinaykumarbu_sentiment-analysis-deeplearning_csv_parser,3
v1_28_content_vinaykumarbu_sentiment-analysis-deeplearning_preprocess.py.txt,1,train,2068,vinaykumarbu_sentiment-analysis-deeplearning_preprocess,5
v1_28_content_vinaykumarbu_sentiment-analysis-deeplearning_tweet.py.txt,1,train,2069,vinaykumarbu_sentiment-analysis-deeplearning_tweet,2
v1_2_content_ahmadRagheb_Text-mining-arabic_Song.py.txt,1,train,2070,ahmadragheb_text-mining-arabic_song,1
v1_3_content_crvineeth97_kannada-stop-words_stopwords_find.py.txt,1,train,2071,crvineeth97_kannada-stop-words_stopwords_find,4
v1_3_content_tusizi_document-analysis_jieba_cut_document_to_vocabulary_with_nominal.py.txt,1,test,2072,tusizi_document-analysis_jieba_cut_document_to_vocabulary_with_nominal,0
v1_3_content_tusizi_document-analysis_mllib_lda_after_tfidf.py.txt,1,train,2073,tusizi_document-analysis_mllib_lda_after_tfidf,3
v1_3_content_tusizi_document-analysis_mllib_tfidf_with_stopword.py.txt,1,train,2074,tusizi_document-analysis_mllib_tfidf_with_stopword,5
v1_3_content_tusizi_document-analysis_mllib_word2vec.py.txt,1,test,2075,tusizi_document-analysis_mllib_word2vec,0
v1_4_content_bnriiitb_autostopwordgen_stopword_generator.py.txt,1,train,2076,bnriiitb_autostopwordgen_stopword_generator,2
v1_4_content_ssghule_Naive-Bayes-and-Bag-of-Words-for-Text-Classification-Problem_geolocate.py.txt,1,val,2077,ssghule_naive-bayes-and-bag-of-words-for-text-classification-problem_geolocate,1
v1_5_content_alexeyev_nm_data_preparation.py.txt,1,train,2078,alexeyev_nm_data_preparation,4
v1_5_content_alexeyev_nm_main.py.txt,1,train,2079,alexeyev_nm_main,3
v1_5_content_JoseAntonioMora_StopWords_Stopwords.py.txt,1,train,2080,joseantoniomora_stopwords_stopwords,5
v1_6_content_hsiaoyi0504_BioChem_stop_words_main.py.txt,1,test,2081,hsiaoyi0504_biochem_stop_words_main,0
v1_7_content_manuellah_bc-9-twitter-sentiment-app_config.py.txt,1,test,2082,manuellah_bc-9-twitter-sentiment-app_config,0
v1_7_content_manuellah_bc-9-twitter-sentiment-app_try.py.txt,1,train,2083,manuellah_bc-9-twitter-sentiment-app_try,4
v1_7_content_natiqvahabov_stop_words_of_azerbaijani_extract.py.txt,1,test,2084,natiqvahabov_stop_words_of_azerbaijani_extract,0
v1_7_content_satyammittal_IRE-Stopping-Words_bahasa.py.txt,1,train,2085,satyammittal_ire-stopping-words_bahasa,2
v1_7_content_satyammittal_IRE-Stopping-Words_hindi.py.txt,1,train,2086,satyammittal_ire-stopping-words_hindi,5
v1_7_content_satyammittal_IRE-Stopping-Words_xml_parser.py.txt,1,train,2087,satyammittal_ire-stopping-words_xml_parser,3
v1_1_content_DanShai_kernalized-tsne_kernels.py.txt,1,train,2088,danshai_kernalized-tsne_kernels,2
v1_1_content_DanShai_kernalized-tsne_ktsne.py.txt,1,train,2089,danshai_kernalized-tsne_ktsne,1
v1_1_content_DanShai_kernalized-tsne_main.py.txt,1,train,2090,danshai_kernalized-tsne_main,3
v1_1_content_spriya14_Data_Visualization-using_T-SNE_dataset_visualization_101.py.txt,1,val,2091,spriya14_data_visualization-using_t-sne_dataset_visualization_101,5
v1_1_content_vuolleko_pyTSNE_bh_tsne.py.txt,1,val,2092,vuolleko_pytsne_bh_tsne,4
v1_1_content_vuolleko_pyTSNE_data.py.txt,1,train,2093,vuolleko_pytsne_data,1
v1_1_content_vuolleko_pyTSNE_test_tsne_mnist.py.txt,1,train,2094,vuolleko_pytsne_test_tsne_mnist,4
v1_1_content_vuolleko_pyTSNE_vptree.py.txt,1,train,2095,vuolleko_pytsne_vptree,3
v1_2_content_jdk20_tsne_main.py.txt,1,train,2096,jdk20_tsne_main,5
v1_3_content_Lochanahasith_t-Distributed-Stochastic-Neighbor-Embedding-t-SNE-on-EC-dataset_tsne_with_ec.py.txt,1,train,2097,lochanahasith_t-distributed-stochastic-neighbor-embedding-t-sne-on-ec-dataset_tsne_with_ec,2
v1_4_content_gonzaloriquelme_DimensionalityReductionEx_Dim-red.py.txt,1,test,2098,gonzaloriquelme_dimensionalityreductionex_dim-red,0
v1_11_content_Masao-Taketani_text_classification_with_alexa_make_pkl_for_data_and_dic.py.txt,1,val,2099,masao-taketani_text_classification_with_alexa_make_pkl_for_data_and_dic,1
v1_14_content_tusizi_document-analysis_jieba_cut_document_to_vocabulary_with_nominal.py.txt,1,test,2072,tusizi_document-analysis_jieba_cut_document_to_vocabulary_with_nominal,0
v1_14_content_tusizi_document-analysis_jieba_cut_document_to_vocabulary_without_stopword.py.txt,1,train,2100,tusizi_document-analysis_jieba_cut_document_to_vocabulary_without_stopword,4
v1_16_content_spkywood_DocVectorizations_VVID_Test_2.py.txt,1,val,2101,spkywood_docvectorizations_vvid_test_2,3
v1_17_content_davidbhan_IntelligentPatents_NLP_functions.py.txt,1,train,2102,davidbhan_intelligentpatents_nlp_functions,5
v1_17_content_lo1gr_tf-idf_hadoop-Spark_reducer3_A.py.txt,1,train,2103,lo1gr_tf-idf_hadoop-spark_reducer3_a,2
v1_1_content_nikitaa30_Content-based-Recommender-System_recommender_system.py.txt,1,train,429,nikitaa30_content-based-recommender-system_recommender_system,5
v1_23_content_abdullahwaqar_docsearx_pdf_reader.py.txt,1,val,411,abdullahwaqar_docsearx_pdf_reader,1
v1_23_content_calmlyarun_PythonAssignment_read_documents.py.txt,1,train,2104,calmlyarun_pythonassignment_read_documents,1
v1_24_content_SajjadAemmi_Text-Summarization_main.py.txt,1,train,2105,sajjadaemmi_text-summarization_main,4
v1_28_content_misbahulard_search-engine-tfidf_app.py.txt,1,train,2106,misbahulard_search-engine-tfidf_app,3
v1_33_content_mirkomantovani_web-search-engine-UIC_crawling_utils.py.txt,1,train,2107,mirkomantovani_web-search-engine-uic_crawling_utils,5
v1_3_content_avinashbhat_keyword-extraction-using-tf-idf_main.py.txt,1,train,2108,avinashbhat_keyword-extraction-using-tf-idf_main,2
v1_40_content_phoolchandra_Text-Search-Engine_search.py.txt,1,train,2109,phoolchandra_text-search-engine_search,1
v1_40_content_Shikhar-S_Search-TF-IDF_graph_script.py.txt,1,train,2110,shikhar-s_search-tf-idf_graph_script,4
v1_43_content_aabs_edx-ai-week11-project_SentimentPredictor.py.txt,1,test,2111,aabs_edx-ai-week11-project_sentimentpredictor,0
v1_43_content_aabs_edx-ai-week11-project_Tests.py.txt,1,train,2112,aabs_edx-ai-week11-project_tests,3
v1_44_content_CNTexas_Chinese-Text-Classification_segment2Bunch.py.txt,1,val,2113,cntexas_chinese-text-classification_segment2bunch,5
v1_44_content_CNTexas_Chinese-Text-Classification_test2Bunch.py.txt,1,train,2114,cntexas_chinese-text-classification_test2bunch,2
v1_44_content_huaijun-lee_tf-idf_rank_chang_code.py.txt,1,train,2115,huaijun-lee_tf-idf_rank_chang_code,1
v1_44_content_Tian14267_Text_Keywords_Keywords_main_MutilSentence.py.txt,1,train,2116,tian14267_text_keywords_keywords_main_mutilsentence,4
v1_48_content_fhadyan_Document-classification-with-TF-IDF_Stemming.py.txt,1,train,2117,fhadyan_document-classification-with-tf-idf_stemming,5
v1_48_content_fhadyan_Document-classification-with-TF-IDF_UniqueWord.py.txt,1,test,2118,fhadyan_document-classification-with-tf-idf_uniqueword,0
v1_53_content_rghv404_Language_identification_make_predictions.py.txt,1,test,2119,rghv404_language_identification_make_predictions,0
v1_55_content_devGyulMem_Tensorflow_TF_IDF_preprocessing.py.txt,1,train,2120,devgyulmem_tensorflow_tf_idf_preprocessing,3
v1_56_content_wan3s_tfidf_gencollection.py.txt,1,train,2121,wan3s_tfidf_gencollection,2
v1_58_content_zhaoyichanghong_machine_learing_algo_python_bisecting_kmeans.py.txt,1,train,2122,zhaoyichanghong_machine_learing_algo_python_bisecting_kmeans,1
v1_58_content_zhaoyichanghong_machine_learing_algo_python_ica.py.txt,1,test,2123,zhaoyichanghong_machine_learing_algo_python_ica,0
v1_58_content_zhaoyichanghong_machine_learing_algo_python_pla.py.txt,1,train,2124,zhaoyichanghong_machine_learing_algo_python_pla,4
v1_59_content_itmap_data_analysis_text_rank.py.txt,1,test,2125,itmap_data_analysis_text_rank,0
v1_60_content_muskantantia0_text-analytics_tf_idf.py.txt,1,train,2126,muskantantia0_text-analytics_tf_idf,3
v1_65_content_my-master_HashingTfidfVectorizer_ru_run.py.txt,1,train,2127,my-master_hashingtfidfvectorizer_ru_run,5
v1_66_content_Fremont28_movie_recommender-_movies_tfidf.py.txt,1,train,2128,fremont28_movie_recommender-_movies_tfidf,2
v1_67_content_akshay-ravindran-96_Fake_News_fake_news.py.txt,1,train,2129,akshay-ravindran-96_fake_news_fake_news,1
v1_6_content_sherlvick_sentimental-analysis_SVM_svm_pipe.py.txt,1,val,2130,sherlvick_sentimental-analysis_svm_svm_pipe,4
v1_6_content_sherlvick_sentimental-analysis_SVM_svm_test_0.py.txt,1,test,2131,sherlvick_sentimental-analysis_svm_svm_test_0,0
v1_70_content_skumaravel_tf-idf_tf_idf.py.txt,1,train,2132,skumaravel_tf-idf_tf_idf,3
v1_72_content_SreekarJammula_tf-idf-_asst2_part2_1.py.txt,1,val,2133,sreekarjammula_tf-idf-_asst2_part2_1,5
v1_72_content_SreekarJammula_tf-idf-_asst2_part2_2.py.txt,1,train,2311,sreekarjammula_tf-idf-_asst2_part2_2,1
v1_79_content_alxrm_scent-of-literature_supply.py.txt,1,train,2134,alxrm_scent-of-literature_supply,2
v1_7_content_DeFacto_DeFactoNLP_sentence_retrieval.py.txt,1,train,2135,defacto_defactonlp_sentence_retrieval,1
v1_7_content_luluforever_segword-and-TF-IDF_get_50_tf-idf.py.txt,1,val,2136,luluforever_segword-and-tf-idf_get_50_tf-idf,4
v1_7_content_motazsaad_comparable-text-miner_aligning-docs-by-interlinks-demo.py.txt,1,train,2137,motazsaad_comparable-text-miner_aligning-docs-by-interlinks-demo,3
v1_7_content_motazsaad_comparable-text-miner_split_processed_wikipedia_file.py.txt,1,train,2138,motazsaad_comparable-text-miner_split_processed_wikipedia_file,5
v1_83_content_freniapinto_Search-Engine_SnippetGen.py.txt,1,val,2139,freniapinto_search-engine_snippetgen,2
v1_85_content_SCNUJackyChen_TF-IDF_NN.py.txt,1,train,2140,scnujackychen_tf-idf_nn,1
v1_88_content_ns3agravat_sklearn_tfidf_cmle_train_idf.py.txt,1,val,2141,ns3agravat_sklearn_tfidf_cmle_train_idf,4
v1_92_content_meltonjoseph_CorpusReader_CreateTFIDF_driver.py.txt,1,test,2142,meltonjoseph_corpusreader_createtfidf_driver,0
v1_93_content_RoshanSPai_Map-Reduce-TF-IDF_mapper1.py.txt,1,train,2143,roshanspai_map-reduce-tf-idf_mapper1,3
v1_93_content_RoshanSPai_Map-Reduce-TF-IDF_reducer3.py.txt,1,train,2144,roshanspai_map-reduce-tf-idf_reducer3,5
v1_10_content_UrielMaD_Image-GPS-metadata-tags-generator_Principal2.py.txt,1,test,2145,urielmad_image-gps-metadata-tags-generator_principal2,0
v1_11_content_movingpictures83_Variance_VariancePlugin.py.txt,1,train,2146,movingpictures83_variance_varianceplugin,2
v1_13_content_avirambh_vcl_pytorch_utils.py.txt,1,train,2147,avirambh_vcl_pytorch_utils,1
v1_13_content_gissimo_nsc_do_mvc.py.txt,1,test,2148,gissimo_nsc_do_mvc,0
v1_13_content_zerolxf_VRL-SGD_process_text.py.txt,1,train,2149,zerolxf_vrl-sgd_process_text,4
v1_15_content_tjarriel_CRV-analysis_demo_CRV_slidingwindow.py.txt,1,train,2150,tjarriel_crv-analysis_demo_crv_slidingwindow,3
v1_16_content_aplested_verify_file_tools.py.txt,1,train,2151,aplested_verify_file_tools,5
v1_17_content_jmullercuber_HackHarvard2k16_cognitive.py.txt,1,val,2152,jmullercuber_hackharvard2k16_cognitive,2
v1_17_content_jmullercuber_HackHarvard2k16_RedditScraper.py.txt,1,test,2153,jmullercuber_hackharvard2k16_redditscraper,0
v1_17_content_jmullercuber_HackHarvard2k16_RedditTest.py.txt,1,train,2154,jmullercuber_hackharvard2k16_reddittest,1
v1_17_content_jmullercuber_HackHarvard2k16_TwitterTest.py.txt,1,train,2155,jmullercuber_hackharvard2k16_twittertest,4
v1_1_content_wanglouis49_risk_estimation_EX10H.py.txt,1,train,2156,wanglouis49_risk_estimation_ex10h,5
v1_21_content_qiulingxu_Variance-Reduced-Policy-Gradient_gymif.py.txt,1,train,2157,qiulingxu_variance-reduced-policy-gradient_gymif,3
v1_22_content_jguo13_Linear-Inverse-Theory-Least-Squares-Model_leastsquaresfit.py.txt,1,test,2158,jguo13_linear-inverse-theory-least-squares-model_leastsquaresfit,0
v1_28_content_no-lineal_bias_variance_Bias_variance_fx_ax_b.py.txt,1,val,2159,no-lineal_bias_variance_bias_variance_fx_ax_b,2
v1_28_content_no-lineal_bias_variance_Bias_variance_fx_b.py.txt,1,val,2160,no-lineal_bias_variance_bias_variance_fx_b,1
v1_29_content_Jedshady_Variance-Reduction-on-CNN_download_data.py.txt,1,train,2161,jedshady_variance-reduction-on-cnn_download_data,4
v1_32_content_clee1994_MasterThesis_port_opt.py.txt,1,train,2162,clee1994_masterthesis_port_opt,3
v1_35_content_facundoq_rotational_variance_experiment_rotation.py.txt,1,train,2163,facundoq_rotational_variance_experiment_rotation,5
v1_35_content_facundoq_rotational_variance_experiment_runner.py.txt,1,train,2164,facundoq_rotational_variance_experiment_runner,2
v1_37_content_winstonmzhang_CalculateVariance_method_r.py.txt,1,train,2165,winstonmzhang_calculatevariance_method_r,1
v1_3_content_QuriQuant_qq-pat_test.py.txt,1,val,2166,quriquant_qq-pat_test,4
v1_40_content_Charles-Peeke_clinical_variances_keyword_app.py.txt,1,val,2167,charles-peeke_clinical_variances_keyword_app,3
v1_40_content_Charles-Peeke_clinical_variances_local_db.py.txt,1,train,2168,charles-peeke_clinical_variances_local_db,5
v1_40_content_Charles-Peeke_clinical_variances_pandas_queries.py.txt,1,train,2169,charles-peeke_clinical_variances_pandas_queries,2
v1_40_content_Charles-Peeke_clinical_variances_sponsor_app.py.txt,1,train,2170,charles-peeke_clinical_variances_sponsor_app,1
v1_43_content_CarlaLlama_XhosaBot-PhraseVarianceGenerator_faq_dataset.py.txt,1,test,2171,carlallama_xhosabot-phrasevariancegenerator_faq_dataset,0
v1_49_content_lastralab_Statistics_ConverS.py.txt,1,train,2172,lastralab_statistics_convers,4
v1_49_content_lastralab_Statistics_SkewU.py.txt,1,train,2173,lastralab_statistics_skewu,3
v1_4_content_ganluannj_ANOVA_Assumption_make_a_skew_distribution.py.txt,1,train,2174,ganluannj_anova_assumption_make_a_skew_distribution,5
v1_54_content_ramankh_CommodityPrice_getCommodityPrice.py.txt,1,train,2175,ramankh_commodityprice_getcommodityprice,4
v1_56_content_asgamre_Decision-Tree-ML_main.py.txt,1,train,2176,asgamre_decision-tree-ml_main,2
v1_5_content_swkim94_Running-Variance-Algorithm-Test_running_variance_test.py.txt,1,val,2179,swkim94_running-variance-algorithm-test_running_variance_test,2
v1_62_content_arushigupta148_Hybrid-Architecture-for-Numeral-Handwritten-Recognition_Load_Images.py.txt,1,test,2180,arushigupta148_hybrid-architecture-for-numeral-handwritten-recognition_load_images,0
v1_65_content_swaruptripathy_two_way_anova_two_way_anova.py.txt,1,test,2181,swaruptripathy_two_way_anova_two_way_anova,0
v1_67_content_4ntoined_cosmicvariance_comovingvolume.py.txt,1,train,2182,4ntoined_cosmicvariance_comovingvolume,1
v1_68_content_ipozdeev_paper_vrp_mini_visuals.py.txt,1,train,2183,ipozdeev_paper_vrp_mini_visuals,4
v1_6_content_mr-18_random-walks-project_Variance.py.txt,1,train,2184,mr-18_random-walks-project_variance,3
v1_74_content_Pratik08_prox-svrg_stats.py.txt,1,train,2185,pratik08_prox-svrg_stats,5
v1_79_content_astrojneil_AllanVarCodeFinal_concat_files.py.txt,1,val,2186,astrojneil_allanvarcodefinal_concat_files,2
v1_7_content_wallacelab_paper-maize-rhizosphere-2017_1b_PlotHeritabilities.py.txt,1,train,2187,wallacelab_paper-maize-rhizosphere-2017_1b_plotheritabilities,1
v1_81_content_rborder_SL_REML_L_Seed.py.txt,1,train,2188,rborder_sl_reml_l_seed,4
v1_84_content_Keon6_CrapsSimulator_RunSimulation.py.txt,1,val,2189,keon6_crapssimulator_runsimulation,4
v1_85_content_CodeRika_TweetsSentimentAnalyzer_geoLocation.py.txt,1,train,2190,coderika_tweetssentimentanalyzer_geolocation,3
v1_89_content_AasthaGoyal_Mathimatical-Statistics-on-an-integer-array_python_code.py.txt,1,train,2020,aasthagoyal_mathimatical-statistics-on-an-integer-array_python_code,5
v1_8_content_Develop-It-19_Random_Forest_Random_Forest_Interpretation.py.txt,1,train,2191,develop-it-19_random_forest_random_forest_interpretation,5
v1_8_content_ynewton_variance_filter_filter_out_lowest_varying_genes.py.txt,1,train,2192,ynewton_variance_filter_filter_out_lowest_varying_genes,2
v1_97_content_Hillul_-Comparing-the-Algorithm-of-ML-where-Random-Forest-is-found-to-be-best_Comparision_Of_Algorithm.py.txt,1,train,2193,hillul_-comparing-the-algorithm-of-ml-where-random-forest-is-found-to-be-best_comparision_of_algorithm,1
v1_100_content_miguelrodriguezpro_automaticweb.page_automaticweb.py.txt,1,train,2194,miguelrodriguezpro_automaticweb.page_automaticweb,4
v1_10_content_lulu150003_Web-Scraping-Project_LinkedInWebcrawler2019.py.txt,1,train,2195,lulu150003_web-scraping-project_linkedinwebcrawler2019,3
v1_11_content_namelessfintech_python-web-scraping_advanced_link_crawler.py.txt,1,train,2196,namelessfintech_python-web-scraping_advanced_link_crawler,5
v1_11_content_namelessfintech_python-web-scraping_downloader.py.txt,1,train,2197,namelessfintech_python-web-scraping_downloader,2
v1_11_content_namelessfintech_python-web-scraping_requests_cache_link_crawler.py.txt,1,train,2198,namelessfintech_python-web-scraping_requests_cache_link_crawler,1
v1_13_content_santyias87_Webscrape_webscrape_categories.py.txt,1,train,2199,santyias87_webscrape_webscrape_categories,4
v1_18_content_abellakr_indeed-job-search-python-script_indeed.py.txt,1,test,2200,abellakr_indeed-job-search-python-script_indeed,0
v1_18_content_TianyuDu_UTCourses_download_info.py.txt,1,train,2201,tianyudu_utcourses_download_info,3
v1_20_content_HritikAttri_web_scraping_script.py.txt,1,test,2202,hritikattri_web_scraping_script,0
v1_24_content_fellakmoh876_mailing-lists-scraper_scrape.py.txt,1,train,2203,fellakmoh876_mailing-lists-scraper_scrape,5
v1_27_content_dfpena_KoiWebScrapingExample_ScrapeUrlTable2Pandas.py.txt,1,train,2204,dfpena_koiwebscrapingexample_scrapeurltable2pandas,2
v1_29_content_vbelz_Lyrics_classifier_main.py.txt,1,train,2205,vbelz_lyrics_classifier_main,1
v1_29_content_vbelz_Lyrics_classifier_make_data_base.py.txt,1,val,2206,vbelz_lyrics_classifier_make_data_base,4
v1_32_content_DarylBui_webscraping_WebScraping.py.txt,1,train,2207,darylbui_webscraping_webscraping,3
v1_32_content_paolazola_Scraping-data-from-Web_textMining3.py.txt,1,test,2208,paolazola_scraping-data-from-web_textmining3,0
v1_34_content_subhendu01_Web-Scraping_imdb_multi_pagescapping.py.txt,1,train,2209,subhendu01_web-scraping_imdb_multi_pagescapping,5
v1_34_content_vizzerdrix55_web-scraping-vBulletin-forum_2_transform_html_to_xml.py.txt,1,train,2210,vizzerdrix55_web-scraping-vbulletin-forum_2_transform_html_to_xml,2
v1_39_content_datalivre_web-scraping_scra.py.txt,1,test,2211,datalivre_web-scraping_scra,0
v1_39_content_jschriemer_Tennis-Tweets_web.py.txt,1,test,2212,jschriemer_tennis-tweets_web,0
v1_3_content_ahmedelfateh_scraping_CimaClub_scraper_HTTP.py.txt,1,train,2213,ahmedelfateh_scraping_cimaclub_scraper_http,1
v1_3_content_ahmedelfateh_scraping_CimaClub_scraper_urllib.py.txt,1,train,2214,ahmedelfateh_scraping_cimaclub_scraper_urllib,4
v1_40_content_Grijesh-Chauhan_aadhaar_utils.py.txt,1,val,2215,grijesh-chauhan_aadhaar_utils,3
v1_42_content_naomistuart_flight-scraping_flightscraper2.py.txt,1,train,2216,naomistuart_flight-scraping_flightscraper2,5
v1_44_content_rajitbanerjee_amazon-price-tracker_tracker.py.txt,1,train,2217,rajitbanerjee_amazon-price-tracker_tracker,2
v1_45_content_umtpfe_Projet-scrapy_gglev5.py.txt,1,val,2218,umtpfe_projet-scrapy_gglev5,1
v1_49_content_S-GH_WebtoonReply_Scraping-and-Sentiment_Analysis_2._Preprocess.py.txt,1,train,2219,s-gh_webtoonreply_scraping-and-sentiment_analysis_2._preprocess,4
v1_51_content_HackAtUCI_learn-web-scraping-template_scraper.py.txt,1,train,2220,hackatuci_learn-web-scraping-template_scraper,3
v1_56_content_GiuseppeFasanella_RaiPlay_scraping_RaiPlayDL.py.txt,1,val,2221,giuseppefasanella_raiplay_scraping_raiplaydl,5
v1_56_content_sfitzgerald96_WebScraping_main.py.txt,1,train,2222,sfitzgerald96_webscraping_main,5
v1_57_content_Amin-Matola_WebRobots_networkscanner.py.txt,1,val,2223,amin-matola_webrobots_networkscanner,4
v1_5_content_juyalpriyank_scrape_whatsapp_script.py.txt,1,train,2224,juyalpriyank_scrape_whatsapp_script,2
v1_66_content_abinavrameshs_Web-Scraping-and-Car-Brand-Analysis_web_scraping_code_edmunds.py.txt,1,train,2225,abinavrameshs_web-scraping-and-car-brand-analysis_web_scraping_code_edmunds,5
v1_69_content_IhorVodko_NYCDSA_WebScraping_project_Data_transfrmtion.py.txt,1,train,2226,ihorvodko_nycdsa_webscraping_project_data_transfrmtion,3
v1_69_content_TheOnly1338_ProxyScrapper_proxyscraper.py.txt,1,train,2227,theonly1338_proxyscrapper_proxyscraper,2
v1_6_content_satssehgal_WebScraping_Heroku_scraper.py.txt,1,train,2228,satssehgal_webscraping_heroku_scraper,1
v1_70_content_Ram-95_Weather_Forecast_Application_Weather_forecast_application.py.txt,1,val,2229,ram-95_weather_forecast_application_weather_forecast_application,4
v1_72_content_kperry2215_webscrape_monthly_og_data_bakken_Bakken_web_scrape.py.txt,1,train,2230,kperry2215_webscrape_monthly_og_data_bakken_bakken_web_scrape,3
v1_75_content_pikiaboy_Investing.com-Scraper_db_table.py.txt,1,val,2231,pikiaboy_investing.com-scraper_db_table,5
v1_76_content_sangeeta97_web-scraping_ctri_cleaning.py.txt,1,train,2232,sangeeta97_web-scraping_ctri_cleaning,2
v1_76_content_sangeeta97_web-scraping_restnested.py.txt,1,train,2233,sangeeta97_web-scraping_restnested,1
v1_79_content_MadhavPruthi_Email-Scraping-from-publication_API.py.txt,1,train,2234,madhavpruthi_email-scraping-from-publication_api,4
v1_82_content_winter-code_Scraping_s.py.txt,1,train,2235,winter-code_scraping_s,3
v1_87_content_avsprashant_webScraping_Scrapper.py.txt,1,train,2236,avsprashant_webscraping_scrapper,5
v1_94_content_verma1997_Scraping-Scripts_akbartravels_offers.py.txt,1,test,2237,verma1997_scraping-scripts_akbartravels_offers,0
v1_94_content_verma1997_Scraping-Scripts_easemytrip_offers.py.txt,1,val,2238,verma1997_scraping-scripts_easemytrip_offers,2
v1_94_content_verma1997_Scraping-Scripts_goibibo_offers.py.txt,1,train,2239,verma1997_scraping-scripts_goibibo_offers,1
v1_94_content_verma1997_Scraping-Scripts_indigo_offers.py.txt,1,test,2237,verma1997_scraping-scripts_indigo_offers,0
v1_94_content_verma1997_Scraping-Scripts_paytm_offers.py.txt,1,val,2238,verma1997_scraping-scripts_paytm_offers,2
v1_94_content_ytnguyenedalgo_scrape_retail_site_useragentls.py.txt,1,test,2240,ytnguyenedalgo_scrape_retail_site_useragentls,0
v1_97_content_VangaPoornaChand_Web-Scraping-Collections__2__OU_Results_Final.py.txt,1,train,2241,vangapoornachand_web-scraping-collections__2__ou_results_final,4
