egitim,dosya,gercek,tahmin,olasilik_Ham,olasilik_V1
kat1,6694_v1_7_content_cp2-dc-info-lamp-2018_iris-knn_nao_somos_botanicos.py_cleaned.py,1,1,0.41134732961654663,0.5886526703834534
kat1,13119_v1_40_content_roddock_web-crawling_main_scraping.py_cleaned.py,1,1,0.03339982405304909,0.9666001796722412
kat1,5786_4_content_amzhang1_simple-JPEG-compression_zigzag.py_cleaned.py,0,0,0.8504685759544373,0.14953137934207916
kat1,354_v1_1_content_jiteshjha_Frequent-item-set-mining_apriori_mpi.py_cleaned.py,1,1,0.33274391293525696,0.6672560572624207
kat1,11432_v1_12_content_kyardley_RSA_RSAEncrypt.py_cleaned.py,1,0,0.5563995838165283,0.4436004161834717
kat1,12698_2_content_facebookresearch_reward-estimator-corl_configurations_continuous_uniform.py_cleaned.py,0,0,0.5950219631195068,0.4049779772758484
kat1,606_2_content_yyqcs_time-series-model_encoder_decoder_fullv-1.py_cleaned.py,0,1,0.18535663187503815,0.814643383026123
kat1,3163_40_content_cofinley_sudoku_cell.py_cleaned.py,0,1,0.13660839200019836,0.8633915781974792
kat1,9345_17_content_galacticglum_polynomial-regression_poly_regression.py_cleaned.py,0,1,0.358465313911438,0.641534686088562
kat1,6951_v1_16_content_sharatchandraj_MaxBandwidthPath_DijkstrasNoHeap.py_cleaned.py,1,1,0.41774648427963257,0.5822535157203674
kat1,11130_41_content_EdmundMartin_Indigestion_ingestion_engine.py_cleaned.py,0,1,0.2523840367794037,0.7476159334182739
kat1,4689_36_content_EricHeGitHub_python-factorial-base-rubik-rectangle-word-game-overlapping-photographs-related-algorithms_factorial_base.py_cleaned.py,0,0,0.9227612018585205,0.0772387832403183
kat1,953_v1_4_content_rcornacchia_bellman-ford_testserver.py_cleaned.py,1,1,0.4000459909439087,0.5999539494514465
kat1,8374_23_content_ntorba_Naive_Bayes_Naive_Bayes.py_cleaned.py,0,0,0.8433797955513,0.15662017464637756
kat1,2325_5_content_anguillanneuf_bigO_76_longest_subsequence.py_cleaned.py,0,0,0.9757624268531799,0.024237636476755142
kat1,6627_29_content_rahuljohnny_Bangla_OCR_Using_KNN_class_contour.py_cleaned.py,0,0,0.6821503639221191,0.3178495764732361
kat1,644_v1_1_content_sadnessFree_arima-lstm_svr.py_cleaned.py,1,1,0.12896330654621124,0.87103670835495
kat1,10812_14_content_briholt100_rogersQ_rogersQ.py_cleaned.py,0,0,0.8991213440895081,0.10087861120700836
kat1,6105_v1_25_content_ryansmick_SortedOrderedDict_PersistentDict.py_cleaned.py,1,0,0.5860491394996643,0.4139508903026581
kat1,3529_v1_6_content_picrin_DiffieHellmanChallenge_discreteLogEfficient.py_cleaned.py,1,1,0.19993211328983307,0.8000679016113281
kat1,8738_v1_8_content_AlfioEmanueleFresta_practical-one-time-pad_conf.py_cleaned.py,1,0,0.5893619060516357,0.41063809394836426
kat1,11724_45_content_Dimildizio_pyqt_traincars_sort_gui11.py_cleaned.py,0,1,0.4368622899055481,0.5631377100944519
kat1,11472_v1_92_content_ZJGSU-C-moon_RSA-Blind-Signature-Based-Bank-System_rsa_blind_sign.py_cleaned.py,1,1,0.08725224435329437,0.9127477407455444
kat1,8683_3_content_lrnselfreliance_one_time_pad_otp_server.py_cleaned.py,0,1,0.4757271111011505,0.5242729187011719
kat1,590_1_content_sadnessFree_arima-lstm_data_review.py_cleaned.py,0,1,0.3049723505973816,0.6950275897979736
kat1,1740_3_content_Svistoplyaz_Uniformly_Generating_Binary_Trees_main.py_cleaned.py,0,1,0.1946738362312317,0.8053261041641235
kat1,36_5_content_LuttaKing_AES-style-Encryptor-Decryptor_encryptorGUI.py_cleaned.py,0,0,0.9697853922843933,0.030214589089155197
kat1,12397_33_content_mirkomantovani_web-search-engine-UIC_crawling_utils.py_cleaned.py,0,0,0.9676556587219238,0.032344330102205276
kat1,6372_v1_28_content_NurzatRakhman_k_means_k-means.py_cleaned.py,1,0,0.5095202922821045,0.49047964811325073
kat1,9413_v1_60_content_morselofdonut_Visual-Classifiers_main.py_cleaned.py,1,1,0.2632204592227936,0.7367795705795288
kat1,6100_v1_24_content_lesdev_SortingMethods_merge.py_cleaned.py,1,1,0.1766716092824936,0.8233283758163452
kat1,1733_2_content_Mypathissional_Data_Structures_AVL.py_cleaned.py,0,0,0.9945307374000549,0.005469274707138538
kat1,2318_5_content_anguillanneuf_bigO_02_linked_list.py_cleaned.py,0,0,0.532181978225708,0.4678179919719696
kat1,4733_v1_1_content_MuricanCoderVersionTwo_Factorial-Calculation_Factorial.py_cleaned.py,1,1,0.11716748028993607,0.8828325867652893
kat1,6926_5_content_gabriel-arauj_grafos_teste_desempenho.py_cleaned.py,0,0,0.9252299070358276,0.07477004081010818
kat1,12417_60_content_iamdiwas_TF-IDF-for-Simple-Text-Mining_tf_idf_basics.py_cleaned.py,0,0,0.9853842854499817,0.014615669846534729
kat1,4699_4_content_rohinigopalqxf2_Factorial-Calculator-Practice_05_Non_Integer_Validation.py_cleaned.py,0,0,0.8679338097572327,0.13206614553928375
kat1,2017_31_content_Cadellinman_RB-EmailSorter_RedBubbleSorter.py_cleaned.py,0,1,0.39981165528297424,0.6001883149147034
kat1,2302_26_content_Emersonxuelinux_One_Big_Archive_Listing_8-4.py_cleaned.py,0,1,0.43113505840301514,0.5688649415969849
kat1,2309_32_content_jtuckerk_oscar_prediction_imdb_data_create.py_cleaned.py,0,0,0.9702399373054504,0.029760094359517097
kat1,921_v1_1_content_dedeco_dijkstra-bellman-ford_teste_lobo_bford.py_cleaned.py,1,1,0.12808823585510254,0.8719117641448975
kat1,4316_20_content_UAvinash7_Cryptography_DigitalSignature.py_cleaned.py,0,0,0.9415568709373474,0.05844316631555557
kat1,5537_v1_55_content_siddbhatia07_MACHINE-LEARNING_Simple_linear_regression.py_cleaned.py,1,1,0.33144423365592957,0.668555736541748
kat1,3472_4_content_gionanide_Cryptography_manipulate_CRC_computations.py_cleaned.py,0,0,0.9940890073776245,0.005911068990826607
kat1,313_3_content_manishjathan_Money-laundering-Detection-System_GraphAnalysis.py_cleaned.py,0,0,0.9813107252120972,0.018689308315515518
kat1,383_v1_9_content_HarshaliWagh_Data-Mining_Apriori.py_cleaned.py,1,1,0.03649376705288887,0.9635062217712402
kat1,1746_4_content_fcunhaneto_py-binary-trees-draw_handletrees.py_cleaned.py,0,1,0.0443485826253891,0.9556514620780945
kat1,9131_v1_3_content_iykadev_pyalgo_ray_casting_algo.py_cleaned.py,1,0,0.6406359076499939,0.3593641519546509
kat1,11173_v1_38_content_davidcarrollnyc_Recursive_Python_WebScraper_BeautifulSoup_into_MongoDB_insertIntoMongo.py_cleaned.py,1,1,0.037326883524656296,0.9626730680465698
kat1,8709_v1_18_content_jzpero_enigma_main.py_cleaned.py,1,1,0.07978201657533646,0.9202179908752441
kat1,6053_24_content_lesdev_SortingMethods_quicksort.py_cleaned.py,0,0,0.9686195850372314,0.03138043358922005
kat1,13134_v1_59_content_Camille98_WebScraping_scrape.py_cleaned.py,1,1,0.17050801217556,0.8294920325279236
kat1,6612_14_content_lisha1992_KNN-Clasify_handWritingClassify.py_cleaned.py,0,0,0.9394705891609192,0.06052938848733902
kat1,8154_v1_8_content_16chuang_CS161_Project_1a.py_cleaned.py,1,1,0.4234580099582672,0.5765419602394104
kat1,4078_v1_17_content_bhushankorpe_Fizz_Buzz_Fibonacci_Fizz_Buzz_Fibonacci.py_cleaned.py,1,1,0.10781264305114746,0.8921873569488525
kat1,11131_43_content_agusmakmun_changewords_tests.py_cleaned.py,0,1,0.3178495764732361,0.6821503639221191
kat1,7824_7_content_udaram_Data-Structure_Doubly_linklist.py_cleaned.py,0,0,0.9924227595329285,0.007577240467071533
kat1,2034_59_content_Yousab_parallel-bubble-sort-mpi_bubble_parallel.py_cleaned.py,0,1,0.4814538359642029,0.5185462236404419
kat1,4769_v1_97_content_mjurk456_mini-snakes_pseudorandom_sentence_generator.py_cleaned.py,1,1,0.09073548763990402,0.9092645049095154
kat1,12478_v1_7_content_DeFacto_DeFactoNLP_sentence_retrieval.py_cleaned.py,1,1,0.07751765847206116,0.9224823713302612
kat1,8713_v1_20_content_dexhug_ciphers_one_time_pad.py_cleaned.py,1,1,0.11124120652675629,0.8887587189674377
kat1,9105_v1_3_content_iykadev_pyalgo_binaryTree.py_cleaned.py,1,1,0.017309095710515976,0.9826908707618713
kat1,2338_v1_16_content_hungapp_big_o_09-04.py_cleaned.py,1,1,0.06804042309522629,0.9319595694541931
kat1,4087_v1_3_content_arshdeepmalik_Fibonacci_series_divisibility_Fibonacci_series_.py_cleaned.py,1,1,0.13206614553928375,0.8679338097572327
kat1,609_30_content_sanjanprakash_Cluster-Analysis-over-Financial-Characteristics_topickle.py_cleaned.py,0,0,0.6592954993247986,0.34070447087287903
kat1,9417_v1_61_content_piyush-taneja_Salary-Predictor_Random_Forest_Regression.py_cleaned.py,1,1,0.4778587520122528,0.5221412777900696
kat1,12705_35_content_XiaoCode-er_image-digital-express_cluster_pic.py_cleaned.py,0,1,0.3508661091327667,0.6491339206695557
kat1,5257_1_content_nilsonneto_floydWarshall_main.py_cleaned.py,0,1,0.2730894684791565,0.7269104719161987
kat1,924_v1_1_content_dedeco_dijkstra-bellman-ford_teste_proprio_djt.py_cleaned.py,1,1,0.3923368453979492,0.6076632142066956
kat1,8739_v1_8_content_dargust_OTPChat_otpmod.py_cleaned.py,1,1,0.029535336419939995,0.9704646468162537
kat1,7492_12_content_ikraj5120_Linear_Search_Linear_search.py_cleaned.py,0,0,0.985042929649353,0.014957087114453316
kat1,10851_8_content_lucasxteixeira_RandomQuickSort_benchmark.py_cleaned.py,0,0,0.7501869201660156,0.24981306493282318
kat1,7537_v1_11_content_sichen-x_search-engine_myhtable_search.py_cleaned.py,1,1,0.021948255598545074,0.9780517220497131
kat1,11691_15_content_hgdsraj_python_vs_ruby_speed_analyze_script_cpp.py_cleaned.py,0,0,0.9834704995155334,0.01652955822646618
kat1,11980_5_content_SorinMA_steganografie_steganoDecode.py_cleaned.py,0,1,0.4060373902320862,0.5939626097679138
kat1,10805_100_content_cem8301_DataCleaningForInformedPurchases_pipelines.py_cleaned.py,0,0,0.7905303239822388,0.20946969091892242
kat1,1526_v1_7_content_j2kun_binary-search-graphs_dijkstra.py_cleaned.py,1,1,0.05232762172818184,0.9476723670959473
kat1,352_v1_14_content_Dawlatly_Recommender-system_manage.py_cleaned.py,1,0,0.9329437017440796,0.06705628335475922
kat1,2051_v1_11_content_lanaelsanyoura_BubbleSort_object_graphics.py_cleaned.py,1,1,0.1772405207157135,0.8227594494819641
kat1,648_v1_28_content_yifan0330_stock-trader_stocktrader.py_cleaned.py,1,0,0.5903069972991943,0.40969306230545044
kat1,10532_31_content_NagarajSMurthy_Data-Structures_LinkedList.py_cleaned.py,0,0,0.9879462122917175,0.0120537793263793
kat1,13173_v1_96_content_Chaitra-D99_Ecommerce-Product-price-monitoring-tool-using-Data-Analytics-Web-scraping_croma.py_cleaned.py,1,1,0.4484263062477112,0.5515737533569336
kat1,6692_v1_4_content_nikhilrampal15_real_estate_advisor_knn_kmeans_kmeans.py_cleaned.py,1,1,0.08035746961832047,0.9196425676345825
kat1,5517_v1_29_content_gentom_sentences-similarity-cluster_levenshtein.py_cleaned.py,1,1,0.008644177578389645,0.991355836391449
kat1,2627_v1_10_content_analyticsbot_document-similarity_document_similarity_nlevenstein.py_cleaned.py,1,1,0.21592886745929718,0.784071147441864
kat1,7205_16_content_davda54_pytorch-transformer-lemmatization_lr_decay.py_cleaned.py,0,1,0.35488009452819824,0.6451199054718018
kat1,4368_v1_21_content_KingYapster_ECC-Elliptic-Curve-Cryptography-in-Python_ECC.py_cleaned.py,1,1,0.09568694233894348,0.9043130874633789
kat1,11747_v1_1_content_becurrie_py-sorts_sorter-runner.py_cleaned.py,1,0,0.966156005859375,0.03384403511881828
kat1,1467_54_content_pr1998_Student_Management_System_main.py_cleaned.py,0,0,0.9653811454772949,0.034618839621543884
kat1,13075_96_content_sachinchaturvedi93_monster-scraper_monster-spider.py_cleaned.py,0,0,0.8028648495674133,0.19713515043258667
kat1,9701_v1_25_content_diXime_PrimaryNumbers_utx.py_cleaned.py,1,0,0.6619228720664978,0.3380771279335022
kat1,2881_35_content_fireclawthefox_DirectGuiDesigner_main.py_cleaned.py,0,0,0.5247600078582764,0.475240021944046
kat1,12987_11_content_SwatiModi_e-commerce-web-scraper_scrape_product_details_using_asins.py_cleaned.py,0,0,0.8622356653213501,0.13776430487632751
kat1,12707_3_content_facebookresearch_deep-variance-reduction_cifar_wrapper.py_cleaned.py,0,1,0.18403315544128418,0.8159669041633606
kat1,4370_v1_27_content_ayaar25_elgamalecceg_elgamal.py_cleaned.py,1,1,0.12940272688865662,0.8705973029136658
kat1,8429_v1_39_content_arundhati-b_NaiveBayesClassifier_computation.py_cleaned.py,1,1,0.034358687698841095,0.9656413197517395
kat1,6977_v1_5_content_MadalinaMircea_GraphAlgorithms_StartApp.py_cleaned.py,1,1,0.08756384998559952,0.9124361872673035
kat1,1724_1_content_jdmcpeek_pretty-print-binary-tree_tree.py_cleaned.py,0,0,0.6853442788124084,0.31465569138526917
kat1,11395_42_content_nadavgover_Cryptography_decrypt.py_cleaned.py,0,1,0.3090237081050873,0.6909762620925903
kat1,10585_v1_36_content_dchrostowski_autoproxy_dry_run.py_cleaned.py,1,1,0.17525558173656464,0.8247444033622742
kat1,638_v1_1_content_sadnessFree_arima-lstm_combine-svm.py_cleaned.py,1,0,0.6104534864425659,0.38954654335975647
kat1,4989_61_content_gpwood_fibonacciOfOrderN_fib.py_cleaned.py,0,0,0.9537942409515381,0.04620575159788132
kat1,305_1_content_jiteshjha_Frequent-item-set-mining_dat2csv.py_cleaned.py,0,0,0.9893474578857422,0.01065251138061285
kat1,9401_v1_38_content_AnkitChouhanDws_Polynomial-Regression_polynomial_regression.py_cleaned.py,1,1,0.15052762627601624,0.8494724035263062
kat1,9385_99_content_utkarshpaliwal9_Predicting-apt-Linear-Regression-Degree_model2.py_cleaned.py,0,0,0.9575962424278259,0.04240383207798004
kat1,1455_35_content_jfwhite_CourseSelection_interact_with_user.py_cleaned.py,0,1,0.09670579433441162,0.9032942056655884
kat1,7505_1_content_Chunning-Zhou_MILPBasedSearchAlgorithmDiff_parameter.py_cleaned.py,0,0,0.9059898257255554,0.09401018917560577
kat1,5804_v1_18_content_NegarMirgati_CodingAndErrorDetection_All.py_cleaned.py,1,1,0.01971912570297718,0.9802808165550232
kat1,12467_v1_60_content_muskantantia0_text-analytics_tf_idf.py_cleaned.py,1,1,0.15203224122524261,0.8479677438735962
kat1,3512_v1_31_content_nazmeenkhan_Diffie-Hellman_UserB.py_cleaned.py,1,1,0.29421496391296387,0.7057850360870361
kat1,11094_12_content_tristanang_DPifier_y_combinator_test.py_cleaned.py,0,1,0.3647775948047638,0.6352224349975586
kat1,10871_v1_21_content_bmawji3_tvshow-sorting_tvshow_sort.py_cleaned.py,1,1,0.4723183810710907,0.5276816487312317
kat1,10845_6_content_psavery_quick_sort_quick_sort.py_cleaned.py,0,0,0.963230550289154,0.03676946461200714
kat1,6050_24_content_lesdev_SortingMethods_BubbleSort.py_cleaned.py,0,0,0.9511421918869019,0.04885777831077576
kat1,10583_v1_35_content_PeterUpfold_simple-temp-queue-pusher_simple-temp-queue-pusher.py_cleaned.py,1,1,0.44794324040412903,0.5520567893981934
kat1,2868_18_content_theorisons_loto_analyse.py_cleaned.py,0,0,0.8976953029632568,0.10230470448732376
kat1,12439_v1_1_content_nikitaa30_Content-based-Recommender-System_recommender_system.py_cleaned.py,1,0,0.6535139679908752,0.34648603200912476
kat1,6606_10_content_ajcse1_Predicting_Picture_Orientation_NeuralNetwork_predict.py_cleaned.py,0,0,0.9441768527030945,0.05582313984632492
kat1,7573_v1_6_content_bclark2_Ordered-Linear-Search_orderedLinearSearch.py_cleaned.py,1,1,0.18862271308898926,0.8113772869110107
kat1,8428_v1_37_content_saurabhzingade_Naive-Bayes-Basic_naive.py_cleaned.py,1,0,0.5936092734336853,0.4063907265663147
kat1,6703_v1_9_content_muchlisinadi_ALPR-Indonesia_GenData.py_cleaned.py,1,0,0.6511330604553223,0.34886690974235535
kat1,2334_85_content_leandrocamara_map-reduce-words-higher-occurrence_words-higher-occurrence.py_cleaned.py,0,0,0.8661325573921204,0.13386750221252441
kat1,6316_21_content_p-kim1_Image-Segmentation-with-K-means_kmeans.py_cleaned.py,0,0,0.9883127808570862,0.011687257327139378
kat1,12699_2_content_facebookresearch_reward-estimator-corl_envs.py_cleaned.py,0,1,0.4244120121002197,0.5755879878997803
kat1,11175_v1_38_content_VakinduPhilliam_Pattern_Matching_Python_Glob_Directory_Paths.py_cleaned.py,1,0,0.6627964973449707,0.3372035324573517
kat1,380_v1_8_content_omjego_AR-Mining-Hash-Tree_naive_apriori.py_cleaned.py,1,1,0.09041372686624527,0.9095862507820129
kat1,4678_11_content_kousu_primes_wsieve_b.py_cleaned.py,0,0,0.6632328629493713,0.33676716685295105
kat1,3744_1_content_shkolovy_path-finder-algorithms_b_star.py_cleaned.py,0,1,0.06681232899427414,0.9331876635551453
kat1,7840_v1_22_content_harpreetsi_DataStructureImpl_StackImplUsingArrayTest.py_cleaned.py,1,1,0.19436782598495483,0.8056321740150452
kat1,4065_8_content_KreandOStudio_FizzBuzz_fizzbuzz.py_cleaned.py,0,0,0.9870795607566833,0.012920473702251911
kat1,5266_5_content_jzell001_Bellman_Ford_Floyd_Warshall_._c9_invoke_zARza2.py_cleaned.py,0,0,0.9222025275230408,0.07779745012521744
kat1,10230_34_content_Darkkyelfo_Replicacao-Artigo---Minimum-Classification-Error-PCA_main.py_cleaned.py,0,0,0.9532750844955444,0.04672496020793915
kat1,91_v1_6_content_gabrielmbmb_aes_crypt.py_cleaned.py,1,1,0.48535576462745667,0.5146442651748657
kat1,295_11_content_sidmishraw_cs-267-project_pdf_processing_demo.py_cleaned.py,0,0,0.894789457321167,0.10521053522825241
kat1,2578_10_content_analyticsbot_document-similarity_document_similarity_WMD.py_cleaned.py,0,0,0.9711290597915649,0.028870906680822372
kat1,2339_v1_17_content_Selentiym_bigHWonOrderedSets_hw3.py_cleaned.py,1,1,0.1629120409488678,0.8370879292488098
kat1,6327_36_content_OneWinged-Eagle_spotimy_getFeatures.py_cleaned.py,0,1,0.05480259656906128,0.9451974034309387
kat1,9430_v1_83_content_Akshaykanth_COPrediction_createModel.py_cleaned.py,1,1,0.18513554334640503,0.814864456653595
kat1,5015_v1_19_content_frankiekienlam_Fibonacci_Pyramids_pyramid.py_cleaned.py,1,1,0.36658975481987,0.6334102749824524
kat1,7835_v1_1_content_morganc3_LinkedInHarvester_harvest.py_cleaned.py,1,0,0.6352224349975586,0.3647775948047638
kat1,2327_5_content_wiflore_Data-Lakes-on-AWS_etl.py_cleaned.py,0,0,0.8563323616981506,0.14366760849952698
kat1,12034_14_content_ganigavinaya_NaiveBayes_MLAssignment.py_cleaned.py,0,0,0.9908744096755981,0.00912563782185316
kat1,610_34_content_csabasidor_RUZ_ARIMA-_pg_ruz_conn_1.py_cleaned.py,0,0,0.7626009583473206,0.23739908635616302
kat1,6899_15_content_ben-mackenzie_mst-kruskal_kruskal.py_cleaned.py,0,0,0.9886682629585266,0.011331754736602306
kat1,576_14_content_gubo2012_hybrid-ARIMA-LSTM-model_hybrid_ARIMA_LSTM_model.py_cleaned.py,0,1,0.1886974573135376,0.8113025426864624
kat1,4694_43_content_Warriorchief_Euler34_DigitFactorials_Euler34_Digit_Factorials.py_cleaned.py,0,0,0.9869794845581055,0.013020489364862442
kat1,5798_v1_13_content_sehajchawla_Compression_arithmetic.py_cleaned.py,1,0,0.9175984263420105,0.08240150660276413
kat1,10014_v1_8_content_brendanleeper_graph-algorithms_disjoint_sets.py_cleaned.py,1,1,0.12549345195293427,0.8745065331459045
kat1,7507_20_content_anowarh2514_Linear-Search-Algorithm-in-Python_linear_search.py_cleaned.py,0,0,0.987375020980835,0.012624949216842651
kat1,1219_v1_33_content_Nazar910_chameleon-problem_state.py_cleaned.py,1,1,0.1289084553718567,0.8710915446281433
kat1,668_v1_4_content_gbrlcustodio_forecasting_genetic_alg.py_cleaned.py,1,1,0.06233103945851326,0.9376689791679382
kat1,7845_v1_25_content_Cytla24_LinkedLists_print_append_insert_delete.py_cleaned.py,1,1,0.03875619173049927,0.961243748664856
kat1,2048_85_content_Dimildizio_pyqt_traincars_sort_cars_coal.py_cleaned.py,0,0,0.9334307909011841,0.06656918674707413
kat1,5048_v1_8_content_rianlian7_FibonacciSequence-Python-Tk_Fibonacci_Sequence.py_cleaned.py,1,1,0.3957762122154236,0.6042237877845764
kat1,3748_23_content_gquintela_dijkstra_main.py_cleaned.py,0,0,0.8812576532363892,0.11874229460954666
kat1,6378_v1_36_content_prakhardogra921_Clustering-using-Kmeans-Cmeans-and-GMM_gmm_sklearn.py_cleaned.py,1,0,0.6043989062309265,0.3956010639667511
kat1,12477_v1_79_content_alxrm_scent-of-literature_supply.py_cleaned.py,1,1,0.3023911118507385,0.6976089477539062
kat1,1517_v1_54_content_pr1998_Student_Management_System_main.py_cleaned.py,1,1,0.2372223287820816,0.7627776861190796
kat1,10611_v1_65_content_NidhiPati_PythonProgramsAcademicProjects_StackQueue.py_cleaned.py,1,1,0.16830943524837494,0.8316905498504639
kat1,1226_v1_4_content_alex-rantos_Project-1-Search-in-Pacman_ghostAgents.py_cleaned.py,1,0,0.9155072569847107,0.0844927579164505
kat1,3816_v1_66_content_KarlaFlorentino_Dijkstra_dijkstra.py_cleaned.py,1,1,0.22000709176063538,0.7799928784370422
kat1,2084_v1_66_content_abouchan01_Merge-Bubble-Sort-con-_interfazGrafica.py_cleaned.py,1,1,0.42274293303489685,0.5772570967674255
kat1,5282_v1_11_content_liam-han_all-pairs-shortest-path_test.py_cleaned.py,1,1,0.03760863468050957,0.9623913168907166
kat1,8423_v1_23_content_ntorba_Naive_Bayes_Naive_Bayes.py_cleaned.py,1,1,0.11838509887456894,0.8816148638725281
kat1,8678_31_content_tobymyers_codingthematrix_orthogonalization.py_cleaned.py,0,0,0.8091629147529602,0.190837100148201
kat1,11121_34_content_stephypy_CS2302PasswordCracking_Main.py_cleaned.py,0,1,0.025371313095092773,0.974628746509552
kat1,4069_v1_12_content_dxania_Fizzbuzz_fizzbuzz_tests.py_cleaned.py,1,0,0.7369688749313354,0.26303109526634216
kat1,2661_v1_6_content_andrewcsmith_tf_infinite_ramble_similarity_matrix.py_cleaned.py,1,1,0.2223622053861618,0.777637779712677
kat1,6646_7_content_cp2-dc-info-lamp-2018_iris-knn_nao_somos_botanicos.py_cleaned.py,0,0,0.5797573328018188,0.42024266719818115
kat1,13168_v1_94_content_adithyavasisth_VTU-Result-Scraper-with-CAPTCHA-Bypass_scraperrank.py_cleaned.py,1,1,0.4532618820667267,0.5467381477355957
kat1,3504_v1_26_content_bahadircolak44_EllipticCurve_EllipticCurve.py_cleaned.py,1,1,0.20497773587703705,0.7950222492218018
kat1,58_v1_12_content_eyalr0_AES-Cryptoanalysis_softAESr.py_cleaned.py,1,1,0.39513421058654785,0.6048657894134521
kat1,1459_40_content_ajh1143_BinarySearchTreePractice_BST.py_cleaned.py,0,0,0.9485372304916382,0.05146276578307152
kat1,7214_1_content_hipster-philology_pyrrha_manage.py_cleaned.py,0,0,0.6863700151443481,0.31362995505332947
kat1,306_1_content_vijaymukhiija_Sale-optimizing_apyori.py_cleaned.py,0,0,0.717902660369873,0.2820972800254822
kat1,2369_v1_5_content_anguillanneuf_bigO_106_sudoku.py_cleaned.py,1,1,0.2934044897556305,0.7065955400466919
kat1,10241_5_content_cylance_lazy-stochastic-principal-component-analysis_plot_model_perf.py_cleaned.py,0,0,0.8738621473312378,0.1261378973722458
kat1,6945_v1_10_content_aponce12_Lab6-B_Lab6.py_cleaned.py,1,1,0.20434190332889557,0.7956580519676208
kat1,593_1_content_sadnessFree_arima-lstm_muilt_lstm.py_cleaned.py,0,0,0.6387225985527039,0.36127737164497375
kat1,636_v1_1_content_sadnessFree_arima-lstm_c-lstm.py_cleaned.py,1,1,0.4869414269924164,0.5130585432052612
kat1,5529_v1_4_content_kevalmorabia97_Agglomerative-Hierarchical-Clustering-Comparison_HierarchicalAgglomerativeClustering.py_cleaned.py,1,1,0.3602639436721802,0.6397360563278198
kat1,5005_v1_10_content_jhreinholdt_fibonacci-sequence_fibonacci_sequence.py_cleaned.py,1,1,0.04401865229010582,0.9559813141822815
kat1,3211_v1_36_content_aholyoke_bfs_vs_dfs_bfs.py_cleaned.py,1,1,0.012241275981068611,0.9877586960792542
kat1,11464_v1_83_content_mrh929_qrcode_signature_ScanInvedio.py_cleaned.py,1,1,0.04401865229010582,0.9559813141822815
kat1,11407_63_content_p4r4xor_rsa-tool_basic_rsa_decode.py_cleaned.py,0,0,0.9808759689331055,0.01912403665482998
kat1,10872_v1_22_content_konczyk_comparisons_client.py_cleaned.py,1,1,0.4281138479709625,0.5718861818313599
kat1,11386_1_content_zsra_RSA_keygen_prime.py_cleaned.py,0,0,0.9412234425544739,0.05877656117081642
kat1,2662_v1_6_content_muhammadhabibi_CBS01_Main.py_cleaned.py,1,1,0.29421496391296387,0.7057850360870361
kat1,10824_24_content_vijayant123_music-sortt_sort.py_cleaned.py,0,0,0.9688562154769897,0.031143832951784134
kat1,2359_v1_35_content_ankitsejwal_organize-folder_organize.py_cleaned.py,1,1,0.35756751894950867,0.642432451248169
kat1,9359_4_content_raghavgsk25_polynomial-regression-1_pl.py_cleaned.py,0,0,0.9918121099472046,0.008187909610569477
kat1,9721_v1_82_content_joaoluga_python-rsa-algorithm_main.py_cleaned.py,1,1,0.05108273774385452,0.9489172697067261
kat1,2010_27_content_gcmurillo_sortingAlgorithmsComparation_configuraciones.py_cleaned.py,0,0,0.7742421627044678,0.22575780749320984
kat1,6668_v1_21_content_abhishekmsharma_ai-knn-kmeans-crawler-python_job_search_environment.py_cleaned.py,1,1,0.03308597952127457,0.9669140577316284
kat1,7570_v1_4_content_BenCashman_Linear-Search_linear_search.py_cleaned.py,1,1,0.2372223287820816,0.7627776861190796
kat1,5552_v1_9_content_mgarasz_DTW-Cryptocurrencies_crypto_scrape_helper.py_cleaned.py,1,0,0.666279673576355,0.333720326423645
kat1,7211_1_content_akoksal_Turkish-Lemmatizer_lemmatizer.py_cleaned.py,0,0,0.9787126779556274,0.021287351846694946
kat1,5780_3_content_xiekch_Adaptive-Huffman-Coding_node.py_cleaned.py,0,1,0.2614251971244812,0.7385748028755188
kat1,9053_3_content_iykadev_pyalgo_binaryHeap.py_cleaned.py,0,0,0.9936116337776184,0.006388320587575436
kat1,1783_v1_2_content_Mypathissional_Data_Structures_AVL.py_cleaned.py,1,1,0.2441827356815338,0.7558172941207886
kat1,1203_v1_16_content_Deus1223_Pac-Man_ghostAgents.py_cleaned.py,1,1,0.18155324459075928,0.8184467554092407
kat1,10306_v1_89_content_dronabanerjee_PCA-and-EM_hw03.py_cleaned.py,1,0,0.5384978652000427,0.46150216460227966
kat1,4975_46_content_skropf_fib-drawer_Mathematics.py_cleaned.py,0,1,0.46587347984313965,0.5341265201568604
kat1,11460_v1_67_content_peterjhyoon_rsa-math_math_functions.py_cleaned.py,1,1,0.07613248378038406,0.9238675236701965
kat1,5052_v1_9_content_ghemsley_fibonacci_fib.py_cleaned.py,1,1,0.11797802150249481,0.8820220232009888
kat1,1771_v1_18_content_HDShaw_Runaway-Reservation-System-BST-_AVL_tree.py_cleaned.py,1,1,0.16599830985069275,0.8340016603469849
kat1,1443_20_content_shamo0_Binary_Search_Tree_treap.py_cleaned.py,0,0,0.9908034801483154,0.009196553379297256
kat1,351_v1_14_content_Dawlatly_Recommender-system_kmeans.py_cleaned.py,1,1,0.4445647895336151,0.5554351806640625
kat1,3752_32_content_Spanfile_Dijkstra_test.py_cleaned.py,0,1,0.07316471636295319,0.9268352389335632
kat1,1729_23_content_tomasmcoronado_prob-alpha_PhyloTree.py_cleaned.py,0,0,0.8003801107406616,0.19961987435817719
kat1,363_v1_3_content_manishjathan_Money-laundering-Detection-System_GraphAnalysis.py_cleaned.py,1,1,0.01098694372922182,0.9890130758285522
kat1,3223_v1_6_content_ticotheps_Graphs_notes_day_3.py_cleaned.py,1,1,0.037326883524656296,0.9626730680465698
kat1,2077_v1_49_content_Darren-Drapkin_RippleSort-with-chains_RippleSort-with-chains.py_cleaned.py,1,1,0.1427091360092163,0.8572908639907837
kat1,13159_v1_84_content_bhavnesh2211_Webscraping_imdb_Scraper.py_cleaned.py,1,1,0.09859886020421982,0.9014011025428772
kat1,5793_v1_10_content_iJohnMaged_Huffman-Coding_fileIO.py_cleaned.py,1,0,0.934634268283844,0.06536578387022018
kat1,1747_4_content_fcunhaneto_py-binary-trees-draw_node.py_cleaned.py,0,1,0.43974730372428894,0.5602526664733887
kat1,10594_v1_45_content_discovervlad_herman-flask-redis-queue_manage_worker.py_cleaned.py,1,0,0.8727816939353943,0.12721827626228333
kat1,5762_20_content_maganoegi_huffman_decompressor_decomp_PLATONOV_MPACKO.py_cleaned.py,0,1,0.22644132375717163,0.7735586762428284
kat1,10566_9_content_cczzaa101_Queueing_with_AC_evaluate.py_cleaned.py,0,0,0.8397339582443237,0.16026602685451508
kat1,11392_37_content_henritomas_ECE151-RSA-encryption_client.py_cleaned.py,0,0,0.9932025074958801,0.006797531619668007
kat1,3206_v1_27_content_PriyeshV_GAP_Kernels_DFS_run.py_cleaned.py,1,1,0.20497773587703705,0.7950222492218018
kat1,10822_22_content_konczyk_comparisons_client.py_cleaned.py,0,1,0.2724114954471588,0.7275885343551636
kat1,5024_v1_44_content_nathanthomashoang_fibonacci-sequence-recursive_fibonacci_recursive.py_cleaned.py,1,1,0.09704755991697311,0.9029524326324463
kat1,9681_v1_12_content_Rafelito19_Crypo-Number-Theory-Projects_ferm.py_cleaned.py,1,1,0.11716748028993607,0.8828325867652893
kat1,3817_v1_6_content_sujayt123_intelligent-segmentation_dijkstra.py_cleaned.py,1,1,0.17384850978851318,0.826151430606842
kat1,9724_v1_96_content_pisaniFosso_TMR_driver.py_cleaned.py,1,1,0.24148939549922943,0.7585106492042542
kat1,7184_10_content_mahimagupta_NLP-Research-Project-_test2.py_cleaned.py,0,0,0.8749346137046814,0.1250653862953186
kat1,1232_v1_53_content_ding-si-han_Flight-Length-BFS_graph.py_cleaned.py,1,0,0.9810945987701416,0.01890544779598713
kat1,6672_v1_26_content_mosco_geodesic-knn_test_dijkstra.py_cleaned.py,1,0,0.8899121284484863,0.11008787900209427
kat1,4700_51_content_adityapatelgithub_Expressions-and-Functions_evalpostfix.py_cleaned.py,0,0,0.9940890073776245,0.005911068990826607
kat1,9343_14_content_RohanYedagiri_Polynomial-Regression_poly.py_cleaned.py,0,0,0.996292769908905,0.0037072531413286924
kat1,7852_v1_34_content_jackle98_Deque-Code-_Queue.py_cleaned.py,1,1,0.01798621006309986,0.9820137619972229
kat1,13078_9_content_chaseycodes_StockX-Scraper_2-sneaker_scraper.py_cleaned.py,0,0,0.8755743503570557,0.12442562729120255
kat1,654_v1_2_content_varun10221_ARIMA-model_s_and_p.py_cleaned.py,1,1,0.23440666496753693,0.7655933499336243
kat1,9125_v1_3_content_iykadev_pyalgo_insertionSort.py_cleaned.py,1,1,0.1653234213590622,0.8346765637397766
kat1,13007_32_content_paolazola_Scraping-data-from-Web_StreamingData.py_cleaned.py,0,0,0.9246877431869507,0.0753123089671135
kat1,7789_21_content_yashag66_Python-Code-Samples_hashingString.py_cleaned.py,0,0,0.7209580540657043,0.27904197573661804
kat1,3770_88_content_andreaestrada_mazecrawler_powerupPiles.py_cleaned.py,0,1,0.4677571952342987,0.5322427749633789
kat1,2323_5_content_anguillanneuf_bigO_38_rabin_karp.py_cleaned.py,0,0,0.9374402165412903,0.06255972385406494
kat1,8967_v1_5_content_harshdarji22_crypto_outlier.py_cleaned.py,1,1,0.17866909503936768,0.8213309049606323
kat1,5030_v1_51_content_rw15e_CIS4930-Python-Project-3_graph.py_cleaned.py,1,1,0.05834583565592766,0.9416541457176208
kat1,5535_v1_52_content_worldofnick_Wikipedia-Mining_wiki_prepare.py_cleaned.py,1,1,0.24229523539543152,0.7577047348022461
kat1,2615_7_content_chmullig_culpabuddies_hello.py_cleaned.py,0,0,0.9734434485435486,0.026556573808193207
kat1,12102_v1_1_content_ahmetax_trstop_trstop.py_cleaned.py,1,1,0.3854903280735016,0.6145097017288208
kat1,5767_24_content_maganoegi_huffman_compressor_comp_PLATONOV_MPACKO.py_cleaned.py,0,1,0.1041124165058136,0.8958876132965088
kat1,3242_v1_98_content_Eddward27_Blocks-World_busqueda.py_cleaned.py,1,1,0.3830641806125641,0.6169357895851135
kat1,9636_15_content_MubasharSardar_Multipurpose-Gui-App-python_Projectpart2revice.py_cleaned.py,0,0,0.9738444089889526,0.02615562081336975
kat1,4961_13_content_frederikpietzko_fun_with_python_prime_factorization.py_cleaned.py,0,1,0.16132023930549622,0.8386797308921814
kat1,625_v1_10_content_marcindahlen_ARIMAplus_arimaplus_neurony.py_cleaned.py,1,1,0.14706452190876007,0.8529354333877563
kat1,2945_v1_78_content_edisoncast_DES-UOC_Dictionary.py_cleaned.py,1,1,0.0955180823802948,0.9044819474220276
kat1,5283_v1_12_content_AtahanCelebi_Shortest-Route-with-Floyd-Warshall-Algorithm_map_distance.py_cleaned.py,1,1,0.1127953976392746,0.8872045874595642
kat1,10006_v1_6_content_usbogie_MSTcreator_Sollins.py_cleaned.py,1,1,0.3360586166381836,0.6639413833618164
kat1,891_3_content_abdulqadirs_distance-vector-routing-protocol_update.py_cleaned.py,0,0,0.9801293015480042,0.019870713353157043
kat1,2955_v1_92_content_FranzScheerer_DES_P3160.py_cleaned.py,1,1,0.32949960231781006,0.6705003976821899
kat1,8377_2_content_aspremon_NaiveFeatureSelection_DemoNFS.py_cleaned.py,0,1,0.2072548270225525,0.7927451729774475
kat1,12451_v1_40_content_Shikhar-S_Search-TF-IDF_graph_script.py_cleaned.py,1,1,0.10557884722948074,0.8944211602210999
kat1,18_17_content_pandaychen_AES_udpserver_aes_udpserver.py_cleaned.py,0,0,0.9930961728096008,0.006903838366270065
kat1,9424_v1_64_content_LudweNyobo88_Polynomial-Regression_polynomial-regression.py_cleaned.py,1,1,0.3089715838432312,0.6910284161567688
kat1,7811_3_content_WDI-SEA_python-linked-lists_linkedlist-test.py_cleaned.py,0,0,0.9920002222061157,0.007999754510819912
kat1,9427_v1_76_content_cakmakaf_Polynomial_Regression_for_Random_Dataset_Polynomial_Regression.py_cleaned.py,1,1,0.07004895806312561,0.929951012134552
kat1,12737_v1_16_content_aplested_verify_PlotParam.py_cleaned.py,1,1,0.032344330102205276,0.9676556587219238
kat1,3172_68_content_mvivancq_DfsSudokuSolver_dfs.py_cleaned.py,0,1,0.01542455144226551,0.9845753908157349
kat1,6619_21_content_abhishekmsharma_ai-knn-kmeans-crawler-python_job_search_environment.py_cleaned.py,0,0,0.9891815781593323,0.010818447917699814
kat1,9968_9_content_krj9cr_Hybrid-Prim-Dijkstra-GUI_Node.py_cleaned.py,0,0,0.9865716695785522,0.01342825498431921
kat1,8390_5_content_adityadas8888_Naive-Bayes_naive_bayes.py_cleaned.py,0,0,0.9621075391769409,0.0378924235701561
kat1,926_v1_1_content_dedeco_dijkstra-bellman-ford_vertice.py_cleaned.py,1,1,0.0018969200318679214,0.9981030225753784
kat1,6950_v1_16_content_drdeford_KruskalFlows_networkflows2.py_cleaned.py,1,0,0.9597620368003845,0.04023794084787369
kat1,12688_17_content_jmullercuber_HackHarvard2k16_RedditScraper.py_cleaned.py,0,0,0.8083699941635132,0.1916300654411316
kat1,4055_5_content_DvorakSimon_divisibility_DivisionBySeven.py_cleaned.py,0,1,0.4138324558734894,0.586167573928833
kat1,600_29_content_za101_Stock-Market-Prediction-using-a-Hybrid-Model_source.py_cleaned.py,0,0,0.9693241715431213,0.030675798654556274
kat1,6090_v1_1_content_abx67_Algorithms_mergesort.py_cleaned.py,1,1,0.022116590291261673,0.9778834581375122
kat1,5018_v1_25_content_sharonyeji_Fibonacci_Sequence_test_sequences.py_cleaned.py,1,1,0.0427221953868866,0.957277774810791
kat1,13050_76_content_sangeeta97_web-scraping_ctri_all_fields.py_cleaned.py,0,1,0.15928277373313904,0.8407171964645386
kat1,316_4_content_shivang98_Market-Basket-Optimization_apyori.py_cleaned.py,0,0,0.8166989684104919,0.18330106139183044
kat1,11408_64_content_xmenji_RSA_rsa.py_cleaned.py,0,0,0.9227612018585205,0.0772387832403183
kat1,4058_6_content_seonkyuKim_DFA_DFA.py_cleaned.py,0,0,0.8816148638725281,0.11838509887456894
kat1,8145_v1_3_content_pombredanne_string-alignment_LCS.py_cleaned.py,1,1,0.07004895806312561,0.929951012134552
kat1,3790_v1_16_content_pizzolatto_python_dijkstra_dijkstra.py_cleaned.py,1,1,0.2609540820121765,0.7390459179878235
kat1,1743_44_content_CppbetterC_A-Star_Heap.py_cleaned.py,0,1,0.33415475487709045,0.6658452153205872
kat1,8137_v1_1_content_susheelsagar_LCSS_file.py_cleaned.py,1,1,0.37387582659721375,0.6261242032051086
kat1,8727_v1_31_content_tobymyers_codingthematrix_The_Function_problems.py_cleaned.py,1,0,0.9216402173042297,0.07835981249809265
kat1,2656_v1_3_content_naiveHobo_TextRank_preprocessing.py_cleaned.py,1,1,0.14223188161849976,0.8577680587768555
kat1,4330_2_content_johndoe31415_toyecc_PrefixMatcher.py_cleaned.py,0,1,0.28776782751083374,0.7122321724891663
kat1,8398_7_content_ettuniversum_NaiveBayesian_iris_classifier.py_cleaned.py,0,0,0.9726234674453735,0.027376487851142883
kat1,12033_13_content_preetidurai_Spam-Ham-Classification-using-NB-and-LR_NBHelper.py_cleaned.py,0,0,0.9943581223487854,0.005641908850520849
kat1,8159_v1_8_content_thingumajig_weighted_lcs_elmo_pattern.py_cleaned.py,1,0,0.6797103881835938,0.3202895522117615
kat1,11689_13_content_Tom-Le_Dota2Grids_generate-grid.py_cleaned.py,0,1,0.0534033328294754,0.9465966820716858
kat1,11125_38_content_davidcarrollnyc_Recursive_Python_WebScraper_BeautifulSoup_into_MongoDB_insertIntoMongo.py_cleaned.py,0,0,0.8600755929946899,0.13992440700531006
kat1,4321_27_content_ayaar25_elgamalecceg_interface.py_cleaned.py,0,0,0.995354413986206,0.004645557142794132
kat1,11136_7_content_Sbrown4321_Assignment_2_Assignment2.py_cleaned.py,0,0,0.946793794631958,0.053206201642751694
kat1,6620_21_content_shunge_KNN-NBA-Draft-Prediction_knn-nba.py_cleaned.py,0,0,0.9477691650390625,0.05223085358738899
kat1,12080_v1_13_content_prachij94_Category-name-analysis-without-stopwords_stopwordsmcat.py_cleaned.py,1,1,0.23863890767097473,0.7613611221313477
kat1,2612_6_content_muhammadhabibi_CBS01_Main.py_cleaned.py,0,0,0.9892648458480835,0.01073516346514225
kat1,8720_v1_27_content_aferaudo_xor_keyobtainer_xor_keyobtainer.py_cleaned.py,1,1,0.0825493112206459,0.9174507260322571
kat1,4704_51_content_adityapatelgithub_Expressions-and-Functions_peekable.py_cleaned.py,0,1,0.41869691014289856,0.581303060054779
kat1,7521_5_content_adamweissert_PythonLinearSearch_LinearSearch.py_cleaned.py,0,1,0.07751765847206116,0.9224823713302612
kat1,7195_12_content_ianscottknight_Predicting-Myers-Briggs-Type-Indicator-with-Recurrent-Neural-Networks_separate_clean_and_unclean.py_cleaned.py,0,1,0.2598256468772888,0.740174412727356
kat1,9639_18_content_zach010_PrimeOptimus_Prime.py_cleaned.py,0,1,0.14953137934207916,0.8504685759544373
kat1,13138_v1_64_content_andrewrgoss_yahoo-fantasy-fball-scraper_player_season_projections.py_cleaned.py,1,1,0.48072248697280884,0.5192775726318359
kat1,11687_13_content_chandimajayawickrama_Simple-Sorting-Algorithms_bubble_sort.py_cleaned.py,0,0,0.9950177073478699,0.004982269834727049
kat1,6934_7_content_Aly-Tomato_Prims-and-Kruskals_test.py_cleaned.py,0,0,0.9914224743843079,0.008577484637498856
kat1,6904_19_content_AlbCalv_kruskal-algorithm_Kruskal.py_cleaned.py,0,0,0.9744347929954529,0.025565212592482567
kat1,4982_51_content_UnPolinomio_fibonacci-number_numbers.py_cleaned.py,0,0,0.966156005859375,0.03384403511881828
kat1,85_v1_4_content_offsecginger_PythonAESObfuscate_python_x86_template.py_cleaned.py,1,1,0.3199707269668579,0.6800292134284973
kat1,10550_50_content_Jille_karafun-fair-scheduler_scheduler.py_cleaned.py,0,0,0.5457699298858643,0.45423004031181335
kat1,7278_v1_25_content_OlaRonning_ah16_corenlp_gen_dep_lemma.py_cleaned.py,1,0,0.9566342234611511,0.043365802615880966
kat1,3494_v1_18_content_matinpf_ECDHE_RSA_Python_utils.py_cleaned.py,1,0,0.7988152503967285,0.2011847198009491
kat1,11425_95_content_anurag423_Python-Project_eKeyGen.py_cleaned.py,0,0,0.9901401400566101,0.00985985528677702
kat1,9117_v1_3_content_iykadev_pyalgo_e_number.py_cleaned.py,1,1,0.03138043358922005,0.9686195850372314
kat1,376_v1_7_content_DMDarkness_Data-mining_Example_pyclt_fp2ar.py_cleaned.py,1,1,0.057918086647987366,0.942081868648529
kat1,2934_v1_43_content_shayanalibhatti_Designing-a-PDF-Audiobook-using-Python_PDF_reading_software.py_cleaned.py,1,1,0.07159119844436646,0.9284088015556335
kat1,12071_6_content_hsiaoyi0504_BioChem_stop_words_main.py_cleaned.py,0,1,0.3282063901424408,0.6717936396598816
kat1,13047_74_content_jrathin_Web-Scraping_db.py_cleaned.py,0,0,0.9012274742126465,0.09877259284257889
kat1,10589_v1_39_content_guneskaan_queueBot_queue_bot.py_cleaned.py,1,1,0.45035937428474426,0.5496405959129333
kat1,8371_1_content_pranav-dahiya_NaiveBayes_spam_filter.py_cleaned.py,0,0,0.9213575720787048,0.07864238321781158
kat1,920_v1_1_content_dedeco_dijkstra-bellman-ford_teste_cormen_djt.py_cleaned.py,1,1,0.12940272688865662,0.8705973029136658
kat1,3755_3_content_abantikabasak_ImprovisedDijkstraFlood_GraphInput.py_cleaned.py,0,0,0.9889278411865234,0.011072160676121712
kat1,9634_14_content_delabi_prime_number-sieve_generate_prime_numbers.py_cleaned.py,0,0,0.9887554049491882,0.011244560591876507
kat1,10860_v1_13_content_gkp7_quick-sort_quick_sort.py_cleaned.py,1,1,0.08601587265729904,0.9139840602874756
kat1,6085_v1_13_content_hypervinay_Insertion-sort_Insertionsort.py_cleaned.py,1,1,0.12808823585510254,0.8719117641448975
kat1,7532_v1_11_content_NikitaGautam_FYP-Automatic-Word-Search-Puzzle-Solver_train.py_cleaned.py,1,1,0.1041124165058136,0.8958876132965088
kat1,13070_94_content_adithyavasisth_VTU-Result-Scraper-with-CAPTCHA-Bypass_sgpa.py_cleaned.py,0,1,0.12400069832801819,0.8759993314743042
kat1,6061_30_content_rogerdenisvieira_bidirectional-conditional-insertion-sort_main.py_cleaned.py,0,1,0.4561675190925598,0.543832540512085
kat1,7795_24_content_lavi09_Linked-Lists_findingnnodelinkedlist.py_cleaned.py,0,0,0.9664104580879211,0.03358950465917587
kat1,1439_19_content_BhargavAllarapu_Binary-Search-tree_binarySearchTree.py_cleaned.py,0,1,0.4639299511909485,0.5360700488090515
kat1,6920_35_content_jaxarthur_2dmazegenerator_gen2dmaze.py_cleaned.py,0,0,0.7051762938499451,0.29482370615005493
kat1,6112_v1_33_content_Howellp80_Algorithms---Merge-Sort-vs-Insertion-Sort_hw1.py_cleaned.py,1,1,0.029760094359517097,0.9702399373054504
kat1,3758_47_content_woodElec_Parallel-Dijkstra-Networkx_voronoi_module.py_cleaned.py,0,1,0.13799647986888885,0.86200350522995
kat1,7522_5_content_aplayton6_LinearSearch_LinearSearch.py_cleaned.py,0,1,0.08601587265729904,0.9139840602874756
kat1,6334_43_content_caetius_Efficient-k-means-_Transform.py_cleaned.py,0,0,0.7487199306488037,0.2512800693511963
kat1,3813_v1_5_content_dedeco_dijkstra-bellman-ford_grafo.py_cleaned.py,1,1,0.0572819747030735,0.9427180886268616
kat1,3786_v1_14_content_Robo-Sapien_Maze-Perilous-Real-Time-Implemention-of-Dijkstra-Algorithm_pixel_values.py_cleaned.py,1,0,0.5640984773635864,0.4359015226364136
kat1,4040_4_content_captainACE_python-ADVANCEMATH-lib_ap.py_cleaned.py,0,0,0.9485372304916382,0.05146276578307152
kat1,10565_7_content_JaysonBH_Out-Of-Queue-Bot_app.py_cleaned.py,0,1,0.38191092014312744,0.6180891394615173
kat1,4067_v1_11_content_tatsuyoshi-ikenoue_fizzbuzz_fizzbuzz.py_cleaned.py,1,0,0.7599387168884277,0.2400612235069275
kat1,5806_v1_19_content_Venergon_huffman_huffman_binary.py_cleaned.py,1,1,0.028007520362734795,0.9719924926757812
kat1,13063_89_content_pratikdeshmukh2004_Web_scraping_flipcart.py_cleaned.py,0,0,0.6293190717697144,0.37068089842796326
kat1,7676_v41_content_Chunning-Zhou_MILPBasedSearchAlgorithmDiff_function.py_cleaned.py,0,1,0.3354596793651581,0.6645402908325195
kat1,6930_6_content_petronius_minotaur_dimensions.py_cleaned.py,0,0,0.798501193523407,0.20149877667427063
kat1,7518_40_content_HimalayPatel_loan-likelihood-prediction_predicting_loan_eda.py_cleaned.py,0,1,0.333720326423645,0.666279673576355
kat1,3238_v1_92_content_jackschultz_nba-optimize-micro_utils.py_cleaned.py,1,0,0.9376689791679382,0.06233103945851326
kat1,3503_v1_25_content_jimmy-ly00_DHE-prime-grabber_find_primes.py_cleaned.py,1,0,0.5855752229690552,0.4144247770309448
kat1,4701_51_content_adityapatelgithub_Expressions-and-Functions_evaluate.py_cleaned.py,0,0,0.9623913168907166,0.03760863468050957
kat1,9115_v1_3_content_iykadev_pyalgo_evolutionary_algo.py_cleaned.py,1,1,0.08269733935594559,0.917302668094635
kat1,11178_v1_41_content_EdmundMartin_Indigestion_ingestion_engine.py_cleaned.py,1,1,0.2516477108001709,0.7483522891998291
kat1,959_v1_7_content_ardyerwanda_SDN-Bellman-Ford-Pyretic_routing2cost.py_cleaned.py,1,1,0.21239535510540009,0.7876046895980835
kat1,1756_62_content_agvaibhav_Binary-tree_delete-node.py_cleaned.py,0,0,0.992061972618103,0.007937993854284286
kat1,11750_v1_21_content_AntonisFK_selection_sort_python_selectionSort.py_cleaned.py,1,0,0.9810219407081604,0.01897803694009781
kat1,296_12_content_rileyqi_Apriori-Algorithm-Python_apriori.py_cleaned.py,0,0,0.9857181310653687,0.01428193412721157
kat1,9414_v1_60_content_winnie9197_The-Coding-School-projects_Fake_News_DF_dataset.py_cleaned.py,1,1,0.2816031277179718,0.7183968424797058
kat1,9113_v1_3_content_iykadev_pyalgo_deepFirstSearch.py_cleaned.py,1,1,0.28937169909477234,0.7106282711029053
kat1,612_37_content_bouziane-meed_time-series-forcasting-using-ARIMA_app.py_cleaned.py,0,0,0.5921949744224548,0.4078049957752228
kat1,3532_v1_77_content_Zerox-1337_Simplified-OTR-Protocol_otr.py_cleaned.py,1,0,0.5779718160629272,0.422028124332428
kat1,5000_99_content_MatheusMuriel_ProgramacaoDinamica_fib_rec_memorization.py_cleaned.py,0,0,0.9728307723999023,0.027169233188033104
kat1,370_v1_6_content_coorty_apriori-agorithm-python_test_apriori_command_line.py_cleaned.py,1,0,0.9884918928146362,0.011508150026202202
kat1,12057_27_content_gaurav-raii_Topic-analysis-NLP-to-access-the-level-of-damage-during-a-car-crash._Text_Topic_analysis_and_classification.py_cleaned.py,0,0,0.8914335370063782,0.10856641829013824
kat1,6953_v1_16_content_sharatchandraj_MaxBandwidthPath_HeapSortForKruskals.py_cleaned.py,1,1,0.016277460381388664,0.9837225079536438
kat1,11735_v1_11_content_rburkholder_debconf-get-selections-sort_seed.sort.py_cleaned.py,1,0,0.6818326711654663,0.3181672990322113
kat1,4979_4_content_razaHamdani_Fibonacci-ish-Sequence_fib.py_cleaned.py,0,0,0.9829546809196472,0.017045317217707634
kat1,8724_v1_30_content_AninditaGuha98_Encrypt-and-Decrypt-using-GUI._cipher_func.py_cleaned.py,1,1,0.2483062595129013,0.7516937255859375
kat1,2638_v1_1_content_abhilampard_Simple-Plagiarism-Checker_plag.py_cleaned.py,1,1,0.03514484688639641,0.9648551344871521
kat1,4301_10_content_ko-hii_EASY-Elliptic-curve-cryptography_rho.py_cleaned.py,0,1,0.4639299511909485,0.5360700488090515
kat1,1166_31_content_benarg_A_star-BFS-Dijkstra-algorithms_AI_assignment3_part2.py_cleaned.py,0,0,0.9833430051803589,0.016657039523124695
kat1,324_7_content_DMDarkness_Data-mining_Example_pyarmga.py_cleaned.py,0,0,0.9869794845581055,0.013020489364862442
kat1,11170_v1_35_content_rajucsm09_Fibonacci-Sequence-using-Memoizaton_fibonacci.py_cleaned.py,1,1,0.4624730348587036,0.5375269651412964
kat1,1745_45_content_vdanny_bst-python_binary_search_tree.py_cleaned.py,0,0,0.961533784866333,0.0384661927819252
kat1,4387_v1_6_content_gionanide_Cryptography_Crack_zip_files.py_cleaned.py,1,1,0.10176784545183182,0.8982321619987488
kat1,6058_26_content_manzala_Analysis-of-Algorithms_merge_sort.py_cleaned.py,0,0,0.9768466353416443,0.023153411224484444
kat1,12029_12_content_ehoang40_search-engine-project_search-engine-project.py_cleaned.py,0,0,0.5693738460540771,0.43062615394592285
kat1,5504_v1_10_content_Suji04_ML-Clustering_hccluster.py_cleaned.py,1,0,0.6584175229072571,0.3415825068950653
kat1,6659_v1_13_content_fangzhengzhu_minst-knn_imgReader.py_cleaned.py,1,1,0.15623359382152557,0.843766450881958
kat1,11764_v1_32_content_TadayoshiCarvajal_Sorting-in-Python_sortingAlgorithms.py_cleaned.py,1,1,0.24942438304424286,0.750575602054596
kat1,4310_17_content_loranloranvl_ecc-point_ECC_Point.py_cleaned.py,0,1,0.428352952003479,0.571647047996521
kat1,2314_51_content_rrnarayan1_one-big-thing-backend_app.py_cleaned.py,0,0,0.7193835973739624,0.2806163728237152
kat1,6370_v1_28_content_IPDT_car_review_k-means_clustering_word_freq.py_cleaned.py,1,1,0.11879339814186096,0.8812065720558167
kat1,5038_v1_61_content_gpwood_fibonacciOfOrderN_fib.py_cleaned.py,1,1,0.017712296918034554,0.9822876453399658
kat1,11154_v1_20_content_Shweetz_Connect4Solver_solver.py_cleaned.py,1,1,0.20497773587703705,0.7950222492218018
kat1,6700_v1_96_content_catirado_MachineLearning_kmeans.py_cleaned.py,1,1,0.07004895806312561,0.929951012134552
kat1,11740_v1_14_content_codearemo_selction-sort_selection_sort.py_cleaned.py,1,1,0.014957087114453316,0.985042929649353
kat1,3458_27_content_AlpCentaur_Diffie-Hellman-Implementation_Attack.py_cleaned.py,0,0,0.9164093732833862,0.08359067142009735
kat1,9379_80_content_gbalcantara_linreg_linreg.py_cleaned.py,0,0,0.9351099133491516,0.06489011645317078
kat1,6040_18_content_o-az_Insertion-vs-Merge_MergeSort.py_cleaned.py,0,0,0.7898827195167542,0.21011725068092346
kat1,11117_33_content_prabhatpal77_Complete-core-python-_assignmentope.py_cleaned.py,0,0,0.9761291742324829,0.023870835080742836
kat1,3218_v1_58_content_tanjimingrinnell_TreeAndGraph_LinkedList.py_cleaned.py,1,1,0.05460060387849808,0.9453993439674377
kat1,1151_11_content_davedennis_DFS-and-BFS-Search_dfbf.py_cleaned.py,0,0,0.9971550703048706,0.0028449094388633966
kat1,12771_v1_67_content_4ntoined_cosmicvariance_comovingvolume2.0.py_cleaned.py,1,1,0.33328619599342346,0.6667138338088989
kat1,3731_12_content_NWuensche_DijkstraInPython_calculate_shortest_way.py_cleaned.py,0,0,0.9941800832748413,0.005819959565997124
kat1,3203_v1_22_content_chenjie_BFS-DFS-puzzle-solving_puzzle.py_cleaned.py,1,1,0.023153411224484444,0.9768466353416443
kat1,9373_63_content_avitabayan_Machine-learning_svr.py_cleaned.py,0,0,0.7520125508308411,0.24798743426799774
kat1,10283_v1_40_content_furkanh_Principal-Component-Analysis_pca.py_cleaned.py,1,1,0.013848611153662205,0.986151397228241
kat1,5521_v1_32_content_BhaveshMotwani_Hierarchical_Document_Clustering_hac.py_cleaned.py,1,1,0.07211220264434814,0.9278878569602966
kat1,5480_4_content_kevalmorabia97_Agglomerative-Hierarchical-Clustering-Comparison_HierarchicalAgglomerativeClustering.py_cleaned.py,0,0,0.9782188534736633,0.02178117260336876
kat1,8670_25_content_penji2_encode-OTP-client-server_coder.py_cleaned.py,0,0,0.9888418912887573,0.011158030480146408
kat1,6115_v1_44_content_Ian-OBrien-503_sort_analysis_selection_sort.py_cleaned.py,1,1,0.013636834919452667,0.9863631129264832
kat1,12427_79_content_alxrm_scent-of-literature_supply.py_cleaned.py,0,1,0.4834045171737671,0.5165954232215881
kat1,2947_v1_85_content_kenil-shah_Description-Based-Person-Identification_config.py_cleaned.py,1,1,0.30559369921684265,0.6944063305854797
kat1,7502_1_content_Chunning-Zhou_MILPBasedSearchAlgorithmDiff_function.py_cleaned.py,0,0,0.9878528118133545,0.01214717049151659
kat1,5550_v1_93_content_vishwakftw_extreme-classification_baseline.py_cleaned.py,1,0,0.6473524570465088,0.3526475131511688
kat1,6039_18_content_akrentsel_insertion-sort-graph_insertion_sort_graph.py_cleaned.py,0,0,0.8098781704902649,0.1901218295097351
kat1,12990_16_content_esnmrdi_fragranceadvisor_perfumes_scraper.py_cleaned.py,0,1,0.2568320035934448,0.7431679368019104
kat1,5_11_content_reo11_aes-for-japanese-learner_predict_with_svr.py_cleaned.py,0,1,0.21272224187850952,0.7872777581214905
kat1,10236_4_content_mahimanzum_PCA-and-GMM-from-scratch-_PCA_With_GMM.py_cleaned.py,0,1,0.23702360689640045,0.7629764080047607
kat1,5807_v1_1_content_bhrigu123_huffman-coding_huffman.py_cleaned.py,1,1,0.06878728419542313,0.9312127232551575
kat1,7861_v1_42_content_TechnoMonoCo_Python-Doubly-Linked-List_LL.py_cleaned.py,1,1,0.12421300262212753,0.8757869601249695
kat1,2092_v1_79_content_lorenzo3117_python-sorting-scripts_sortingScript.py_cleaned.py,1,1,0.08787643909454346,0.9121235609054565
kat1,5493_61_content_cthorrez_deepsetLinkage_plot_results.py_cleaned.py,0,0,0.7809967398643494,0.21900324523448944
kat1,11394_42_content_KimCant2019_rsa_crypto_rsa-decrypter.py_cleaned.py,0,0,0.9884918928146362,0.011508150026202202
kat1,7516_36_content_akaif95_U.S-Currency-Patterns_us_currency_regex.py_cleaned.py,0,0,0.6697448492050171,0.3302551805973053
kat1,1433_10_content_gochieng_BinarySearch_test.py_cleaned.py,0,0,0.5549529194831848,0.4450471103191376
kat1,10813_15_content_EtiennePerot_mm-tools_update-kodi.py_cleaned.py,0,1,0.11124120652675629,0.8887587189674377
kat1,6046_23_content_ryanarnouk_BinaryInsertionSort_index.py_cleaned.py,0,0,0.5563995838165283,0.4436004161834717
kat1,6941_9_content_emmanuj_mst-solver_edge.py_cleaned.py,0,0,0.914290726184845,0.08570927381515503
kat1,2948_v1_86_content_Enkhai_simple-DES_encryption.py_cleaned.py,1,1,0.12106089293956757,0.8789390921592712
kat1,7216_1_content_mikekestemont_pandora_unseen.py_cleaned.py,0,1,0.31168869137763977,0.6883112788200378
kat1,359_v1_2_content_MrPatel95_Apriori-Algorithm_generateDatabse.py_cleaned.py,1,1,0.16749083995819092,0.8325091600418091
kat1,2364_v1_51_content_rrnarayan1_one-big-thing-backend_app.py_cleaned.py,1,1,0.4068619906902313,0.5931380391120911
kat1,10896_v1_80_content_arun-p12_sort-algorithms_quick_sort.py_cleaned.py,1,1,0.008315779268741608,0.9916841983795166
kat1,10010_v1_7_content_fepz_AyCC_disjoint_set.py_cleaned.py,1,1,0.00712142838165164,0.9928786158561707
kat1,3241_v1_93_content_wei4keepingstudy_Artificial_Intelligence_hw2_dfs_forwardchecking.py_cleaned.py,1,0,0.8745065331459045,0.12549345195293427
kat1,11477_v1_95_content_Choih0401_RSA_rsa_decode.py_cleaned.py,1,0,0.530722975730896,0.469277024269104
kat1,7810_3_content_coreymyster_linked-lists_stack.py_cleaned.py,0,1,0.008711383678019047,0.9912885427474976
kat1,4096_v1_5_content_AdamJacoby_Hopf_Example_Bpq.py_cleaned.py,1,1,0.08151975274085999,0.9184802770614624
kat1,8959_v1_2_content_moluronghuakai_outlier-analysis_feature.py_cleaned.py,1,1,0.28219619393348694,0.7178037762641907
kat1,12710_3_content_lostleaf_smear-detection_variance.py_cleaned.py,0,0,0.9032942056655884,0.09670579433441162
kat1,70_v1_18_content_deeptavker_Vortex_Spin_Down_post_proc_TVF.py_cleaned.py,1,1,0.19586311280727386,0.8041368722915649
kat1,12433_v1_11_content_Masao-Taketani_text_classification_with_alexa_make_pkl_for_data_and_dic.py_cleaned.py,1,1,0.3380771279335022,0.6619228720664978
kat1,8667_21_content_bentoro_7402_Ass3_otp.py_cleaned.py,0,0,0.9246877431869507,0.0753123089671135
kat1,4724_v1_10_content_stensonowen_factorial_bot_atoi.py_cleaned.py,1,1,0.024423090741038322,0.9755768775939941
kat1,6987_v1_8_content_fepz_AyCC_aycc.py_cleaned.py,1,1,0.06608537584543228,0.9339146018028259
kat1,5486_52_content_worldofnick_Wikipedia-Mining_wiki_prepare.py_cleaned.py,0,1,0.4436004161834717,0.5563995838165283
kat1,5782_41_content_moyeshkhanal_HuffmanCompression_test_ReadWrite.py_cleaned.py,0,0,0.5661384463310242,0.43386152386665344
kat1,6077_50_content_shre007_Implementation-and-comparison-of-sorting-algorithms_quick.py_cleaned.py,0,0,0.9905874133110046,0.009412589482963085
kat1,6615_16_content_nbui151_K-Nearest-Neighbors-Implementation_nearest_neighbors.py_cleaned.py,0,0,0.9492946267127991,0.05070536211133003
kat1,9720_v1_7_content_Yasinbabu_prime_main.py_cleaned.py,1,1,0.24382245540618896,0.756177544593811
kat1,7237_v1_10_content_nishi1612_Email-Spam-Classification-using-SVM_svm_implementation.py_cleaned.py,1,1,0.14854055643081665,0.8514594435691833
kat1,5820_v1_2_content_jaurelio1_Huffman_Opencv_main.py_cleaned.py,1,1,0.46101680397987366,0.5389832258224487
kat1,4307_16_content_SemyonMakhaev_elliptic-curve_main.py_cleaned.py,0,1,0.10447731614112854,0.8955226540565491
kat1,10272_v1_23_content_MahmoudiHosni_Principal-Component-Analysis-PCA-_pca.py_cleaned.py,1,1,0.34953272342681885,0.6504672765731812
kat1,2046_81_content_jvdwyer_Sorting_Sorts.py_cleaned.py,0,1,0.12043881416320801,0.879561185836792
kat1,3155_26_content_nakamoo_dfs_v_function.py_cleaned.py,0,1,0.3598138988018036,0.640186071395874
kat1,10853_9_content_ivanbgd_Quick3-Sort-Py_sorting.py_cleaned.py,0,1,0.1359187662601471,0.8640812635421753
kat1,5756_19_content_CQuocDat_huffman_de_huffman.py_cleaned.py,0,0,0.9915544390678406,0.008445627987384796
kat1,54_v1_11_content_reo11_aes-for-japanese-learner_predict_with_bert.py_cleaned.py,1,0,0.5926666259765625,0.4073334336280823
kat1,899_4_content_Khante_Distance-Vector-Algorithm_simulation_2.py_cleaned.py,0,1,0.20713451504707336,0.7928654551506042
kat1,917_v1_1_content_dedeco_dijkstra-bellman-ford_dijkstra.py_cleaned.py,1,0,0.7839884757995605,0.21601153910160065
kat1,620_9_content_anishur_ARIMA-MODEL_arima.py_cleaned.py,0,0,0.9170058369636536,0.08299414813518524
kat1,3215_v1_48_content_AddisonSchiller_pomodoro_timer_gui_main.py_cleaned.py,1,1,0.34687307476997375,0.6531268954277039
kat1,3442_16_content_hoefler02_diffie-hellman_dh_client.py_cleaned.py,0,0,0.9460012316703796,0.05399884283542633
kat1,9954_6_content_usbogie_MSTcreator_Node.py_cleaned.py,0,0,0.7268136143684387,0.27318641543388367
kat1,6089_v1_18_content_o-az_Insertion-vs-Merge_MergeSort.py_cleaned.py,1,1,0.009708477184176445,0.9902915358543396
kat1,1462_44_content_thibault-lahire_ALAS_loss_function.py_cleaned.py,0,0,0.8172829747200012,0.18271701037883759
kat1,8143_v1_2_content_shreya21rathi_Longest-Common-Subsequence_lcs.py_cleaned.py,1,1,0.03321116790175438,0.9667888283729553
kat1,5467_26_content_dmallya93_Intelligent-Web-Services-Discovery-using-Clustering-Method_jsonMaker.py_cleaned.py,0,0,0.996570348739624,0.0034296035300940275
kat1,13035_58_content_ianramzy_stock-news-analysis_app.py_cleaned.py,0,1,0.04922211915254593,0.9507778882980347
kat1,2096_v1_85_content_Dimildizio_pyqt_traincars_sort_cars_coal.py_cleaned.py,1,1,0.06903792917728424,0.930962085723877
kat1,10266_9_content_spaul1014_Dimensionality-Reduction-of-Images_Image_Classification_using_PCA_and_SVM.py_cleaned.py,0,0,0.6073721051216125,0.39262789487838745
kat1,9997_v1_5_content_abcsds_Prim_prim.py_cleaned.py,1,0,0.8970657587051392,0.10293421894311905
kat1,7823_7_content_mharsha315_Python---Hangman_Hangman.py_cleaned.py,0,0,0.973036527633667,0.026963500306010246
kat1,7220_23_content_clydedacruz_worddoc-indexer-py_create_index.py_cleaned.py,0,1,0.4327824115753174,0.5672175884246826
kat1,1465_52_content_kantonist_printBST_printBST.py_cleaned.py,0,0,0.8278281688690186,0.17217186093330383
kat1,6337_49_content_akshay326_k-means-clustering-api_sample_python_script.py_cleaned.py,0,1,0.2351084053516388,0.7648916244506836
kat1,6905_1_content_colettebedoya_primsAndKruskal_DisjointSet.py_cleaned.py,0,0,0.9828232526779175,0.017176710069179535
kat1,11156_v1_23_content_HakimdarC_Fibonacci-Sequence_fibfirst.py_cleaned.py,1,1,0.1527891606092453,0.8472108244895935
kat1,7784_18_content_swaroop396_linkedLists_LinkedList.py_cleaned.py,0,1,0.020177319645881653,0.9798226952552795
kat1,9338_100_content_adelaidaCreosteanu_scikit-learn-diabetes-exploration_lasso.py_cleaned.py,0,0,0.6345999836921692,0.3654000759124756
kat1,6936_8_content_dianaelmasri_TravellingSalesManProblem_AStar_Kruskal_Recuit_test.py_cleaned.py,0,0,0.973036527633667,0.026963500306010246
kat1,2867_16_content_0v3rW4tch_Cryptography-course-design_DES_destruct.py_cleaned.py,0,0,0.9036349058151245,0.09636510163545609
kat1,11100_18_content_jmhummel_Continuation-passing-style_index.py_cleaned.py,0,1,0.020964238792657852,0.9790357351303101
kat1,10893_v1_6_content_psavery_quick_sort_quick_sort.py_cleaned.py,1,1,0.01897803694009781,0.9810219407081604
kat1,3774_88_content_NoFishLikeIan_Dijkstra_currency_currency_api.py_cleaned.py,0,1,0.19253936409950256,0.8074606657028198
kat1,8936_2_content_Liu-WeiYi_Private_Preserving_Outlier_Behavior_Detection_Process_TianChi_Main.py_cleaned.py,0,0,0.8563323616981506,0.14366760849952698
kat1,8691_7_content_oscarokker_OneTimePad_trivial_compression.py_cleaned.py,0,1,0.05182147026062012,0.9481784701347351
kat1,12046_16_content_NB-prog_INTERN-2019_similarity_eval.py_cleaned.py,0,0,0.8991213440895081,0.10087861120700836
kat1,12058_28_content_vinaykumarbu_sentiment-analysis-deeplearning_csv_parser.py_cleaned.py,0,0,0.9843363761901855,0.015663649886846542
kat1,9980_v1_1_content_bhedavivek_prims_algorithm_heap.py_cleaned.py,1,1,0.048136770725250244,0.9518632292747498
kat1,5505_v1_13_content_theSnehaThing_HierarchicalClustering_Hierchial_Classification.py_cleaned.py,1,1,0.4562886357307434,0.5437113642692566
kat1,3239_v1_92_content_kousthub93_Web-Crawler_hw1_bfs.py_cleaned.py,1,1,0.05921025201678276,0.9407896995544434
kat1,9377_73_content_MachineLearning-Nerd_Multiple-Polynomial-Regression_mllsklearn.py_cleaned.py,0,0,0.8294920325279236,0.17050801217556
kat1,10808_11_content_TanaySinghal_SortingAlgorithms_sorts.py_cleaned.py,0,0,0.8587185740470886,0.14128142595291138
kat1,9127_v1_3_content_iykadev_pyalgo_lucas_lehmer_test.py_cleaned.py,1,1,0.13706977665424347,0.8629302382469177
kat1,334_9_content_jeffwang0516_Frequent-Itemset-Mining_apriori.py_cleaned.py,0,0,0.9559813141822815,0.04401865229010582
kat1,47_8_content_gordon636798_DiffieHellman-AES_quickFind_a_q.py_cleaned.py,0,0,0.987375020980835,0.012624949216842651
kat1,6616_19_content_AntoineMontaut_Predictive_Modeling_random_forest.py_cleaned.py,0,1,0.37068089842796326,0.6293190717697144
kat1,1764_99_content_erastus-murungi_binary_search_trees_splaytree.py_cleaned.py,0,0,0.6239498853683472,0.37605011463165283
kat1,11714_32_content_AAMergulhao_Sort_Algorithms_algorithms.py_cleaned.py,0,0,0.6636689305305481,0.3363310396671295
kat1,1492_v1_20_content_shamo0_Binary_Search_Tree_treap.py_cleaned.py,1,1,0.2845759987831116,0.7154240012168884
kat1,6903_16_content_sharatchandraj_MaxBandwidthPath_HeapSortForKruskals.py_cleaned.py,0,0,0.9939963817596436,0.006003595422953367
kat1,1794_v1_45_content_vdanny_bst-python_binary_search_tree.py_cleaned.py,1,1,0.057918086647987366,0.942081868648529
kat1,6045_21_content_sybernix_Insertion-Sort-Algorithm-and-Performance-Analysis_test_file.py_cleaned.py,0,0,0.9752018451690674,0.024798160418868065
kat1,1516_v1_53_content_mmorshed99_binary_search_rotated_sorted_array.py_cleaned.py,1,1,0.11920291930437088,0.8807970285415649
kat1,2293_1_content_DaruniasJoy_OoT-Custom-Sequences_Check_for_Duplicates.py_cleaned.py,0,1,0.2782568037509918,0.7217432260513306
kat1,11393_41_content_yujiaoliang_rsa_yu01.py_cleaned.py,0,0,0.9726234674453735,0.027376487851142883
kat1,572_10_content_marcindahlen_ARIMAplus_arimaplus_dna.py_cleaned.py,0,1,0.10230470448732376,0.8976953029632568
kat1,10804_100_content_cem8301_DataCleaningForInformedPurchases_middlewares.py_cleaned.py,0,0,0.8778960704803467,0.12210386246442795
kat1,2925_v1_24_content_GrayHat12_Desktop-GrayBot_playlist.py_cleaned.py,1,1,0.19072401523590088,0.8092759251594543
kat1,4710_77_content_elisawarner_Fun_determinant.py_cleaned.py,0,1,0.3089194595813751,0.6910805702209473
kat1,12105_v1_22_content_mikpim01_Python-NLTK_task_stopword_removal.py_cleaned.py,1,0,0.5486735105514526,0.45132651925086975
kat1,10587_v1_38_content_dareofmeashwani_Pre-Processing-Queue-For-Deep-Learning-Model_DataQueue.py_cleaned.py,1,0,0.5640984773635864,0.4359015226364136
kat1,11164_v1_2_content_DavidWallacedot_recursiveFunctions.py_recursive.py_cleaned.py,1,1,0.024798160418868065,0.9752018451690674
kat1,11476_v1_95_content_anurag423_Python-Project_primegen.py_cleaned.py,1,1,0.023599296808242798,0.9764007329940796
kat1,2371_v1_5_content_anguillanneuf_bigO_17_island_count.py_cleaned.py,1,1,0.1200256273150444,0.879974365234375
kat1,13100_v1_29_content_SantiMenendez19_scraper_meli_scraper_mercadolibre_cli.py_cleaned.py,1,1,0.19559407234191895,0.804405927658081
kat1,1190_75_content_maxilevi_airport-system_graph.py_cleaned.py,0,0,0.9260365962982178,0.07396337389945984
kat1,1524_v1_72_content_tusharnema_Implementing-Algorithms-in-python_adj_list.py_cleaned.py,1,1,0.08663207292556763,0.9133679866790771
kat1,13052_76_content_sangeeta97_web-scraping_ru.py_cleaned.py,0,1,0.3049982488155365,0.6950017809867859
kat1,349_v1_14_content_BalaMungala_GroceryRecommendations-Association_Market_Basket_Optimisation.py_cleaned.py,1,1,0.09025324136018753,0.9097468256950378
kat1,43_7_content_denisyarats_pytorch_sac_ae_decoder.py_cleaned.py,0,1,0.3443332016468048,0.6556668281555176
kat1,6354_7_content_MercuryM_Metric-Learning_Q2_Aa_2.py_cleaned.py,0,0,0.9594592452049255,0.04054073989391327
kat1,1759_7_content_shuming1211_CMU_project_BinaryClassifier_decisionTree.py_cleaned.py,0,0,0.9105454087257385,0.08945459872484207
kat1,11439_v1_2_content_Nathan-Binkley_My_RSA_M_RSA.py_cleaned.py,1,1,0.05942821875214577,0.9405717849731445
kat1,8729_v1_3_content_archit-p_two-time-pad-exploit_exploit-two-time-pad.py_cleaned.py,1,1,0.3486451506614685,0.6513549089431763
kat1,4313_1_content_randombit_pairings.py_bls.py_cleaned.py,0,0,0.9726234674453735,0.027376487851142883
kat1,4027_15_content_Nabeel-Asghar_List-Divsion_List-Division.py_cleaned.py,0,0,0.9383503198623657,0.0616496205329895
kat1,6696_v1_8_content_abhishekmsharma_knn-python-artificial-intelligence_abhishek_sharma_knn_environment.py_cleaned.py,1,1,0.16211454570293427,0.8378854393959045
kat1,4041_4_content_captainACE_python-ADVANCEMATH-lib_lineq.py_cleaned.py,0,0,0.9709092378616333,0.02909075655043125
kat1,4105_v1_5_content_DvorakSimon_divisibility_DivisionBySeven.py_cleaned.py,1,1,0.351311057806015,0.6486889719963074
kat1,5817_v1_24_content_MariosPitsali_algorithms-practice_ducks.py_cleaned.py,1,1,0.08913692831993103,0.9108630418777466
kat1,11441_v1_34_content_ptfn_rsa_main.py_cleaned.py,1,1,0.31273719668388367,0.687262773513794
kat1,1518_v1_57_content_Nirusha1_Binary-Search-Tree-_binaryTree.py_cleaned.py,1,1,0.1200256273150444,0.879974365234375
kat1,5822_v1_31_content_alonek1_huffman_compression_algorithm_haffmen.py_cleaned.py,1,1,0.14761659502983093,0.8523833751678467
kat1,10894_v1_73_content_OstapKuch_Lab_01_alg_sort.py_cleaned.py,1,1,0.06512755155563354,0.9348725080490112
kat1,8115_v1_13_content_trsavi_Largest-Common-Sequence_subSequence.py_cleaned.py,1,1,0.0844927579164505,0.9155072569847107
kat1,6671_v1_23_content_JeffersonLPLima_knn_pca_knn_wine.py_cleaned.py,1,1,0.03622005879878998,0.9637799859046936
kat1,3781_v1_12_content_NWuensche_DijkstraInPython_calculate_shortest_way.py_cleaned.py,1,1,0.043365802615880966,0.9566342234611511
kat1,589_1_content_sadnessFree_arima-lstm_combine.py_cleaned.py,0,0,0.5602526664733887,0.43974730372428894
kat1,6981_v1_7_content_AlmazMirlan_Kruskal-Algorithm-Python-Turtle_AlmazbekMCom-17Kruskals.py_cleaned.py,1,1,0.18213441967964172,0.8178656101226807
kat1,4692_3_content_Misael89_Programacion-Ejercicios_Promedio.py_cleaned.py,0,1,0.4472188651561737,0.5527811646461487
kat1,5286_v1_13_content_AtahanCelebi_En-K-sa-Yol_polyline_denemesi.py_cleaned.py,1,1,0.37662312388420105,0.6233768463134766
kat1,4609_v1_9_content_Soumyabrata_predicting-pwv_grid_search.py_cleaned.py,1,1,0.19868534803390503,0.801314651966095
kat1,2616_7_content_erfan-ghadery_Unsupervised-Aspect-Category-Detection_PreProcessing.py_cleaned.py,0,0,0.9796676635742188,0.020332353189587593
kat1,10292_v1_60_content_fabaloc_PCA_PCAstepbystep.py_cleaned.py,1,1,0.2560870945453644,0.7439128756523132
kat1,11738_v1_13_content_chandimajayawickrama_Simple-Sorting-Algorithms_insertion_sort.py_cleaned.py,1,0,0.9678993225097656,0.03210070729255676
kat1,10898_v1_8_content_lucasxteixeira_RandomQuickSort_benchmark.py_cleaned.py,1,1,0.04958902671933174,0.9504110217094421
kat1,11416_84_content_LatrecheYasser_Secure-Python-Chat_RSA.py_cleaned.py,0,1,0.11417084187269211,0.8858291506767273
kat1,7217_22_content_ABHISHEKVALSAN_Malayalam-Newspaper-Article-Dataset_constants.py_cleaned.py,0,0,0.7853085398674011,0.2146914154291153
kat1,12430_7_content_luluforever_segword-and-TF-IDF_get_50_tf-idf.py_cleaned.py,0,0,0.9946150183677673,0.005384937860071659
kat1,7783_17_content_yujiex9_LinkedList_reorder_linkedlist.py_cleaned.py,0,0,0.9984512329101562,0.0015487611526623368
kat1,8132_v1_1_content_jim-spyropoulos_Trajectory-Analysis-and-Classification-in-Python-Pandas-and-Scikit-Learn_classifytraj.py_cleaned.py,1,1,0.3392801284790039,0.6607198715209961
kat1,5787_52_content_blaynewagner_Huffman-Encoder_huffman_tests.py_cleaned.py,0,1,0.3191213607788086,0.6808785796165466
kat1,3531_v1_71_content_logyball_public_private_encryption_driver.py_cleaned.py,1,1,0.4474602937698364,0.5525397062301636
kat1,8736_v1_7_content_anderspkd_broken-one-time-pad_somecode.py_cleaned.py,1,1,0.0204885546118021,0.9795114994049072
kat1,9957_7_content_Aly-Tomato_Prims-and-Kruskals_glb.py_cleaned.py,0,0,0.9334307909011841,0.06656918674707413
kat1,3784_v1_13_content_scedu25_EU-Rail_heap_priority_queue.py_cleaned.py,1,1,0.24617071449756622,0.753829300403595
kat1,12700_32_content_clee1994_MasterThesis_table_helper.py_cleaned.py,0,0,0.9818752408027649,0.018124720081686974
kat1,1216_v1_31_content_benarg_A_star-BFS-Dijkstra-algorithms_AI_assignment3_part2.py_cleaned.py,1,1,0.10338596254587173,0.8966140151023865
kat1,3147_17_content_kwikadi_BFS-v-DFS_bfs.py_cleaned.py,0,0,0.9700134992599487,0.029986508190631866
kat1,4305_13_content_limqiying_crypto_final_project_DH-test.py_cleaned.py,0,0,0.8489722013473511,0.15102781355381012
kat1,1208_v1_21_content_PyEldar_PyMazeSolver_maze_solve.py_cleaned.py,1,1,0.05665242671966553,0.9433475732803345
kat1,7494_13_content_Pedinpsy_-inverted-index-search_main.py_cleaned.py,0,0,0.9832144975662231,0.01678549125790596
kat1,2352_v1_26_content_Emersonxuelinux_One_Big_Archive_TempGui.rsrc.py_cleaned.py,1,1,0.23475733399391174,0.7652426362037659
kat1,2957_v1_92_content_FranzScheerer_DES_safeprime.py_cleaned.py,1,1,0.03541072458028793,0.9645892381668091
kat1,4388_v1_6_content_gionanide_Cryptography_Decrypt_Hip_replacement.py_cleaned.py,1,1,0.04023794084787369,0.9597620368003845
kat1,10846_73_content_OstapKuch_Lab_01_alg_sort.py_cleaned.py,0,0,0.9939963817596436,0.006003595422953367
kat1,372_v1_6_content_HaoLyu_Association-rule-learning_FP_Tree.py_cleaned.py,1,1,0.06325051933526993,0.9367494583129883
kat1,10889_v1_4_content_varuntahin2210_ConversationalBot-Restaurant_nlu_model.py_cleaned.py,1,0,0.6284074187278748,0.37159258127212524
kat1,5470_2_content_zalayo_Hierarchical-Linkage-Regression_HLRlinkages.py_cleaned.py,0,0,0.5736784338951111,0.4263215959072113
kat1,5290_v1_14_content_arnaudperalta_py_graphpath___main__.py_cleaned.py,1,1,0.4407099783420563,0.5592900514602661
kat1,7534_v1_11_content_sichen-x_search-engine_htable_oo.py_cleaned.py,1,1,0.2632204592227936,0.7367795705795288
kat1,10891_v1_5_content_chriskbwong_quickSort_quickSort.py_cleaned.py,1,1,0.024237636476755142,0.9757624268531799
kat1,1507_v1_3_content_Mushahar_Binary-Search-Tree-Python-_node.py_cleaned.py,1,1,0.20102782547473907,0.7989721894264221
kat1,4378_v1_2_content_johndoe31415_toyecc_ed25519test.py_cleaned.py,1,1,0.35398629307746887,0.6460136771202087
kat1,7499_15_content_jknight1725_linear_search_vs_random_search_worst_case.py_cleaned.py,0,1,0.11676400899887085,0.8832359910011292
kat1,7229_25_content_OlaRonning_ah16_corenlp_gen_dep_lemma.py_cleaned.py,0,0,0.9933589100837708,0.006641112733632326
kat1,11430_97_content_rusrom_cryptography_rsa_sign_create.py_cleaned.py,0,1,0.3429014980792999,0.6570984721183777
kat1,2319_5_content_anguillanneuf_bigO_106_sudoku.py_cleaned.py,0,0,0.9804313778877258,0.019568676128983498
kat1,9672_82_content_joaoluga_python-rsa-algorithm_main.py_cleaned.py,0,1,0.24908174574375153,0.7509182095527649
kat1,3228_v1_77_content_mehtaravina_ScaleableComputingDFS_Client.py_cleaned.py,1,0,0.5821347236633301,0.41786524653434753
kat1,10249_73_content_hamk-uas_two-step-pca_two_step_pca.py_cleaned.py,0,0,0.8140527606010437,0.1859472095966339
kat1,1474_72_content_tusharnema_Implementing-Algorithms-in-python_adj_list.py_cleaned.py,0,0,0.9877586960792542,0.012241275981068611
kat1,11732_v1_10_content_lesdev_SortingMethods_Binary.py_cleaned.py,1,1,0.09073548763990402,0.9092645049095154
kat1,1235_v1_5_content_GregLahaye_wikipedia-game_wikipedia.py_cleaned.py,1,1,0.257951945066452,0.7420480251312256
kat1,13036_59_content_Camille98_WebScraping_scrape.py_cleaned.py,0,1,0.4089847207069397,0.5910152792930603
kat1,6125_v1_53_content_faisalkhan91_Sort-Comparison_Sort_Comparison.py_cleaned.py,1,1,0.21011725068092346,0.7898827195167542
kat1,2346_v1_22_content_Swapnillokhande_Sales-Prediction-of-a-Supermarket-chain_Exploratory_Data_Analysis.py_cleaned.py,1,1,0.06954174488782883,0.9304582476615906
kat1,2062_v1_27_content_gcmurillo_sortingAlgorithmsComparation_shellSort.py_cleaned.py,1,1,0.0541987270116806,0.9458011984825134
kat1,2911_v1_11_content_hakimnasaoui_Analyse-sentiments-commentaires-fb_T_l_chargement_les_commentaires_de_Facebook.py_cleaned.py,1,0,0.5491570830345154,0.4508429169654846
kat1,9079_3_content_iykadev_pyalgo_lzw_compression.py_cleaned.py,0,0,0.9944451451301575,0.005554925184696913
kat1,1501_v1_31_content_sheffieldjordan_binarySearchTree_BST.py_cleaned.py,1,1,0.058993030339479446,0.9410068988800049
kat1,9082_3_content_iykadev_pyalgo_ray_casting_algo.py_cleaned.py,0,0,0.9588471055030823,0.04115288704633713
kat1,10604_v1_57_content_sangyh_discrete-event-simulation_read_output.py_cleaned.py,1,1,0.09073548763990402,0.9092645049095154
kat1,10835_30_content_XiaogeWang_Sort-Algorithms-Python-Version-_heap_sort.py_cleaned.py,0,1,0.24041776359081268,0.7595822811126709
kat1,8067_15_content_VakinduPhilliam_Pattern_Matching_Python_Difflib_Pattern_Matching_CL_Interface.py_cleaned.py,0,0,0.8449215292930603,0.1550784707069397
kat1,11723_45_content_Dimildizio_pyqt_traincars_sort_cars_coal.py_cleaned.py,0,0,0.9334307909011841,0.06656918674707413
kat1,4771_v1_9_content_ankur-anand_Factorial-Algorithm_fact_12_unittest.py_cleaned.py,1,1,0.30569732189178467,0.6943026781082153
kat1,12455_v1_45_content_raopg_Search-Engine_app.py_cleaned.py,1,1,0.17752550542354584,0.822474479675293
kat1,3750_30_content_williamsdsantos_dijkstras_algorithm_Topology.py_cleaned.py,0,1,0.4205996096134186,0.5794004201889038
kat1,875_1_content_dedeco_dijkstra-bellman-ford_teste_proprio_djt.py_cleaned.py,0,0,0.9582261443138123,0.04177388176321983
kat1,10517_100_content_ssquantum_PyDex_mythread.py_cleaned.py,0,1,0.45350387692451477,0.5464961528778076
kat1,9697_v1_23_content_cjonsmith_prime_calc_prime_days.py_cleaned.py,1,1,0.4007493853569031,0.5992506742477417
kat1,4115_v1_8_content_KreandOStudio_FizzBuzz_fizzbuzz.py_cleaned.py,1,0,0.5888891220092773,0.41111084818840027
kat1,13013_35_content_anoop123gupta_web_scraping_task4.py_cleaned.py,0,0,0.7836575508117676,0.216342493891716
kat1,5455_10_content_Suji04_ML-Clustering_hccluster.py_cleaned.py,0,0,0.7879312038421631,0.2120688110589981
kat1,4963_14_content_Alexander35_fibonacci_sequence_fibonacci_tests.py_cleaned.py,0,0,0.9252299070358276,0.07477004081010818
kat1,4731_v1_1_content_gsharu_QA_FACT_test_QAInterviewAppl.py_cleaned.py,1,1,0.2608599364757538,0.7391400933265686
kat1,11165_v1_33_content_prabhatpal77_Complete-core-python-_assignmentope.py_cleaned.py,1,0,0.6187804341316223,0.3812195658683777
kat1,3771_88_content_andreaestrada_mazecrawler_server.py_cleaned.py,0,0,0.9643214344978333,0.03567855432629585
kat1,1782_v1_28_content_bangarangler_binary_search_trees_binary_search_trees.py_cleaned.py,1,1,0.0384661927819252,0.961533784866333
kat1,5827_v1_3_content_xiekch_Adaptive-Huffman-Coding_node.py_cleaned.py,1,1,0.09041372686624527,0.9095862507820129
kat1,8065_11_content_Meghali-Nandi_DNA-PATTERN-MATCHER_dna_matching.py_cleaned.py,0,0,0.9884918928146362,0.011508150026202202
kat1,10539_38_content_jeshan_dlq-to-telegram_configure-aws-cli.template.py_cleaned.py,0,1,0.18359363079071045,0.8164063692092896
kat1,11176_v1_39_content_dhruva-gaidhani_DNS_resolver_my_dns.py_cleaned.py,1,1,0.10932482779026031,0.8906751871109009
kat1,1229_v1_4_content_SadraSamadi_n_queens_n_queens.py_cleaned.py,1,1,0.15533454716205597,0.8446654081344604
kat1,12767_v1_62_content_arushigupta148_Hybrid-Architecture-for-Numeral-Handwritten-Recognition_Multi-Model.py_cleaned.py,1,1,0.12320729345083237,0.8767926692962646
kat1,2630_v1_10_content_aptr288_Information_Retrieval_system_Data_Parsing_and_Processing.py_cleaned.py,1,1,0.03567855432629585,0.9643214344978333
kat1,2053_v1_1_content_griffbr_BubbleNets_bubblenets_select_frame.py_cleaned.py,1,0,0.5917232036590576,0.4082767367362976
kat1,7489_11_content_sichen-x_search-engine_test_htable.py_cleaned.py,0,1,0.22507576644420624,0.7749242186546326
kat1,2896_84_content_vineetred_aesDES_test.py_cleaned.py,0,0,0.987375020980835,0.012624949216842651
kat1,3234_v1_84_content_WizHacks_ChordDFS_topo.py_cleaned.py,1,1,0.2075357437133789,0.7924642562866211
kat1,6649_8_content_jasminegrewal_Naive-Bayes-KNN-Logistic-Regression_2b_gnb.py_cleaned.py,0,0,0.9688562154769897,0.031143832951784134
kat1,6047_23_content_thugsatbay_CS-Algorithms_Sorting_Comparison_Ass2-1SolnCustomInput.py_cleaned.py,0,0,0.9896718263626099,0.010328153148293495
kat1,3237_v1_8_content_Omig12_dfs_delete.py_cleaned.py,1,1,0.3437821865081787,0.6562178134918213
kat1,573_10_content_marcindahlen_ARIMAplus_arimaplus_neurony.py_cleaned.py,0,1,0.14080817997455597,0.8591918349266052
kat1,1788_v1_35_content_riccardobisori_Binary-Trees_ResultsInsert.py_cleaned.py,1,1,0.498779296875,0.501220703125
kat1,10234_41_content_bhavaniprasad73_Principal-Component-Analysis_PCA.py_cleaned.py,0,1,0.2706729769706726,0.7293270230293274
kat1,8434_v1_48_content_asaadam_TextMining_Preprocessing.py_cleaned.py,1,0,0.8122723698616028,0.18772760033607483
kat1,11974_2_content_IhsanPratama_ccvs_main.py_cleaned.py,0,0,0.8221890926361084,0.17781086266040802
kat1,2598_2_content_swapnilg915_cosine_similarity_using_embeddings_elmo_embeddings.py_cleaned.py,0,1,0.29828691482543945,0.7017130851745605
kat1,4024_13_content_Odarlie_fizz_buzz_programming_logic_andelab_test_fizz_buzz.py_cleaned.py,0,0,0.5466776490211487,0.4533223807811737
kat1,6387_v1_52_content_MAXERS19_Clustering_KMeansAI.py_cleaned.py,1,1,0.32145997881889343,0.6785399913787842
kat1,331_8_content_Shreyaskulkarni98_MarketAnalysis_Basic_Main.py_cleaned.py,0,0,0.9674102663993835,0.03258974477648735
kat1,12050_18_content_Mital188_Logistic-Regression_logistic_regression.py_cleaned.py,0,0,0.9755768775939941,0.024423090741038322
kat1,12684_13_content_zerolxf_VRL-SGD_process_tiny_magenet.py_cleaned.py,0,0,0.6901415586471558,0.30985844135284424
kat1,9940_3_content_Locrian24_PrimsMaze_prim.py_cleaned.py,0,1,0.0838903859257698,0.9161096215248108
kat1,4053_5_content_AdamJacoby_Hopf_Frobenius_Tools.py_cleaned.py,0,0,0.9507778882980347,0.04922211915254593
kat1,5525_v1_39_content_rcchoksi_ANN-and-hierarchical-clustering-for-Flag-data_Clustering.py_cleaned.py,1,1,0.19868534803390503,0.801314651966095
kat1,2660_v1_5_content_ranriy_Query-Search-using-TF-IDF-vectors-and-cosine-similarity_P1_1001163569.py_cleaned.py,1,1,0.14057204127311707,0.8594279289245605
kat1,2920_v1_20_content_learn-co-students_applying-gradient-descent-lab-dc-ds-career-042219_linear_equations.py_cleaned.py,1,1,0.021948255598545074,0.9780517220497131
kat1,88_v1_5_content_ongyongzheng_cass_main_unet.py_cleaned.py,1,1,0.2062537968158722,0.7937461733818054
kat1,3162_39_content_PankajJ08_DataStructure_n_queen_problem.py_cleaned.py,0,1,0.08419107645750046,0.915808916091919
kat1,3208_v1_32_content_sefirakarina_bfs-dfs_bfsDfs.py_cleaned.py,1,1,0.03283695504069328,0.9671630263328552
kat1,4679_12_content_vidya_digit-factorial-chain_test_digitfactorialchain.py_cleaned.py,0,1,0.14953137934207916,0.8504685759544373
kat1,950_v1_4_content_mtnyrgn_Bellman-Ford-Algorithm-with-Python_bellman-ford.py_cleaned.py,1,1,0.04107588902115822,0.9589241147041321
kat1,2006_23_content_mkhambat_Bubble-and-insertion-sort_sorting.py_cleaned.py,0,0,0.956308901309967,0.043691057711839676
kat1,3473_58_content_quadrohedron_ellipticrypt_ellipticrypt.py_cleaned.py,0,0,0.5048826336860657,0.4951173663139343
kat1,3793_v1_19_content_mmcetindag_ShortestPathAlgorithms_bellman-ford.py_cleaned.py,1,1,0.12554703652858734,0.8744529485702515
kat1,11184_v1_7_content_Sbrown4321_Assignment_2_Assignment2.py_cleaned.py,1,0,0.5655386447906494,0.4344612956047058
kat1,2329_66_content_SanyaKathuria10_StackOverflow-Keyword-Extraction-System_spark.py_cleaned.py,0,0,0.9878528118133545,0.01214717049151659
kat1,9102_v1_3_content_iykadev_pyalgo_babil_square_root.py_cleaned.py,1,1,0.0772387832403183,0.9227612018585205
kat1,3800_v1_30_content_williamsdsantos_dijkstras_algorithm_Topology.py_cleaned.py,1,1,0.12106089293956757,0.8789390921592712
kat1,587_1_content_sadnessFree_arima-lstm_combine-linear.py_cleaned.py,0,0,0.590779185295105,0.40922078490257263
kat1,11163_v1_29_content_ntzhong_box_api_modify_links_main.py_cleaned.py,1,1,0.35376298427581787,0.6462370157241821
kat1,4707_5_content_brown9804_Python_DiversosAlgortimos_JuegoGato_XO.py_cleaned.py,0,0,0.9918121099472046,0.008187909610569477
kat1,8133_v1_1_content_jim-spyropoulos_Trajectory-Analysis-and-Classification-in-Python-Pandas-and-Scikit-Learn_down_left_point.py_cleaned.py,1,1,0.27747297286987305,0.722527027130127
kat1,10011_v1_7_content_MadalinaMircea_GraphAlgorithms_Repository.py_cleaned.py,1,1,0.02228618785738945,0.9777138829231262
kat1,579_17_content_skvorekn_arima_model.py_cleaned.py,0,0,0.6553360223770142,0.3446640074253082
kat1,2607_4_content_heaven00_cosine_similarities_stream.py_cleaned.py,0,0,0.5346124768257141,0.4653874933719635
kat1,922_v1_1_content_dedeco_dijkstra-bellman-ford_teste_lobo_djt.py_cleaned.py,1,1,0.17781086266040802,0.8221890926361084
kat1,1511_v1_42_content_isneace_Binary-Search-Algorithm_Lab2.py_cleaned.py,1,1,0.0027576221618801355,0.9972423315048218
kat1,634_v1_19_content_kinetic-cipher_auto_arima_auto_arima_test.py_cleaned.py,1,1,0.0384661927819252,0.961533784866333
kat1,50_9_content_Technofreakcritic_MQTT-AES-Compression_pub_aes.py_cleaned.py,0,0,0.637030839920044,0.36296921968460083
kat1,6062_30_content_rogerdenisvieira_bidirectional-conditional-insertion-sort_unit_tests.py_cleaned.py,0,0,0.9155072569847107,0.0844927579164505
kat1,6068_44_content_Ian-OBrien-503_sort_analysis_selection_sort.py_cleaned.py,0,0,0.8899121284484863,0.11008787900209427
kat1,2365_v1_52_content_PhaniBalagam27_Big-data-Analytics-on-dallas-police-incidents-dataset_Q5_code.py_cleaned.py,1,0,0.6383845806121826,0.36161547899246216
kat1,9938_27_content_mskroar18_GraphWizard_edge.py_cleaned.py,0,0,0.766643226146698,0.23335674405097961
kat1,1173_41_content_Daisy0828_Search_dgraph.py_cleaned.py,0,0,0.9773707389831543,0.02262919954955578
kat1,7866_v1_4_content_DebashishSarkarDurjoy_DoublyLinkedList_doublyLinkedList.py_cleaned.py,1,0,0.5224458575248718,0.47755417227745056
kat1,1758_7_content_aira26_HomeWork3_bubblesortclass.py_cleaned.py,0,0,0.9049869179725647,0.09501304477453232
kat1,9340_12_content_MarynaTatsevich_Machine-Learning-Regression-Techniques_Random_Forest_Regression.py_cleaned.py,0,0,0.6372565627098083,0.36274343729019165
kat1,9080_3_content_iykadev_pyalgo_perfect_numbers.py_cleaned.py,0,0,0.9594592452049255,0.04054073989391327
kat1,5801_v1_16_content_loalberto_Analysis-of-Compression-Algorithms-_HuffmanCoding.py_cleaned.py,1,1,0.11357959359884262,0.8864204287528992
kat1,8382_3_content_ml-for-nlp_authorship-attribution_attribution.py_cleaned.py,0,0,0.9734434485435486,0.026556573808193207
kat1,6079_54_content_ceydapolat_Sorting-Algorithms-Analysis_InsertionSort.py_cleaned.py,0,0,0.9278878569602966,0.07211220264434814
kat1,8647_10_content_rsmith-nl_onepad_onepad.py_cleaned.py,0,1,0.30115649104118347,0.6988435387611389
kat1,7190_12_content_ianscottknight_Predicting-Myers-Briggs-Type-Indicator-with-Recurrent-Neural-Networks_baseline.py_cleaned.py,0,0,0.7325918078422546,0.267408162355423
kat1,5016_v1_19_content_frankiekienlam_Fibonacci_Pyramids_test_pset.py_cleaned.py,1,1,0.35119980573654175,0.648800253868103
kat1,327_7_content_DMDarkness_Data-mining_Example_pyfpgrowth_fp2ar.py_cleaned.py,0,0,0.9835969805717468,0.01640303246676922
kat1,4049_5_content_AdamJacoby_Hopf_Example_GeneralizedDihedralGroup.py_cleaned.py,0,0,0.8227594494819641,0.1772405207157135
kat1,10256_89_content_dronabanerjee_PCA-and-EM_hw03.py_cleaned.py,0,0,0.5760650634765625,0.4239349365234375
kat1,11733_v1_10_content_lesdev_SortingMethods_selection.py_cleaned.py,1,1,0.19868534803390503,0.801314651966095
kat1,11982_v1_2_content_IhsanPratama_ccvs_functions.py_cleaned.py,1,1,0.17384850978851318,0.826151430606842
kat1,6084_v1_12_content_timhebert1963_InsertionSortAdvancedAnalysis_Hackerrank_TC2_1_length_441_answer_46768.py_cleaned.py,1,1,0.10087861120700836,0.8991213440895081
kat1,32_3_content_sarmedalwan_AES-Decryption_AES-Decryption.py_cleaned.py,0,0,0.8902942538261414,0.10970577597618103
kat1,7501_19_content_longnguyen1997_linear-versus-binary-search_search_runtime_longnguyen.py_cleaned.py,0,1,0.12485181540250778,0.8751482367515564
kat1,12115_v1_3_content_tusizi_document-analysis_jieba_cut_document_to_vocabulary_with_nominal.py_cleaned.py,1,1,0.10669060051441193,0.8933094143867493
kat1,6956_v1_1_content_colettebedoya_primsAndKruskal_mst.py_cleaned.py,1,1,0.2913839817047119,0.7086160182952881
kat1,11102_19_content_andryak_complib_test.py_cleaned.py,0,0,0.9039745330810547,0.0960254967212677
kat1,3533_v1_78_content_CalebABG_PyLSecureP2P_p2putils.py_cleaned.py,1,1,0.37616467475891113,0.6238353252410889
kat1,9977_v1_12_content_diegooliveira95_PrimAndDijkstra_prim.py_cleaned.py,1,1,0.2934044897556305,0.7065955400466919
kat1,9341_12_content_MarynaTatsevich_Machine-Learning-Regression-Techniques_Simple_Linear_Regression.py_cleaned.py,0,1,0.3258422613143921,0.6741577386856079
kat1,12399_38_content_hanhanwu_Hanhan-NaturalLanguageProcessing_Basic_tf_idf_term_search.py_cleaned.py,0,0,0.9849274158477783,0.015072628855705261
kat1,869_1_content_dedeco_dijkstra-bellman-ford_grafo.py_cleaned.py,0,0,0.9761291742324829,0.023870835080742836
kat1,7249_v1_12_content_romanorac_elastic_localized_search_main.py_cleaned.py,1,1,0.4508429169654846,0.5491570830345154
kat1,10260_92_content_linasaha_Principal-Component-Analysis-to-generate-good-features-for-Handwritten-Digit-Recognition_PCA.py_cleaned.py,0,0,0.9431384205818176,0.056861549615859985
kat1,4025_15_content_leni1_python-fizzbuzz_fizzbuzz.py_cleaned.py,0,0,0.6498008370399475,0.3501991033554077
kat1,7482_11_content_NikitaGautam_FYP-Automatic-Word-Search-Puzzle-Solver_train.py_cleaned.py,0,1,0.1276526302099228,0.8723474144935608
kat1,4334_4_content_bward_ecc_signatures.py_cleaned.py,0,0,0.5835593938827515,0.4164406359195709
kat1,10316_v1_9_content_spaul1014_Dimensionality-Reduction-of-Images_Image_Classification_using_PCA_and_SVM.py_cleaned.py,1,0,0.621540904045105,0.37845906615257263
kat1,381_v1_8_content_Shreyaskulkarni98_MarketAnalysis_Basic_Main.py_cleaned.py,1,1,0.17525558173656464,0.8247444033622742
kat1,7864_v1_46_content_lili668668_tensorflow-note_trytfb.py_cleaned.py,1,1,0.19223588705062866,0.8077641129493713
kat1,8722_v1_2_content_lonequark_oneTimePad_oneTimePad.py_cleaned.py,1,1,0.12721827626228333,0.8727816939353943
kat1,4580_11_content_harishchellappa_Time-Series-Analysis-Bike-Sharing-Demand-Forecasting_forecasting_revenue.py_cleaned.py,0,0,0.9813107252120972,0.018689308315515518
kat1,11132_4_content_doronbruder_Recursive-functions-_ex7.py_cleaned.py,0,0,0.9463988542556763,0.05360114574432373
kat1,5472_32_content_BhaveshMotwani_Hierarchical_Document_Clustering_hac.py_cleaned.py,0,0,0.9453993439674377,0.05460060387849808
kat1,2587_1_content_abdullahwaqar_docsearx_pdf_reader.py_cleaned.py,0,1,0.34554681181907654,0.6544531583786011
kat1,3490_v1_13_content_alu0100821390_diffie-hellman_diffie-hellman.py_cleaned.py,1,1,0.05910154804587364,0.9408984184265137
kat1,2641_v1_1_content_beekbin_bert-cosine-sim_prerun.py_cleaned.py,1,0,0.5774953961372375,0.42250463366508484
kat1,2057_v1_24_content_Jagdishkharatmol_Sorting-techniques-_pythonin.py_cleaned.py,1,1,0.08725224435329437,0.9127477407455444
kat1,12117_v1_4_content_ssghule_Naive-Bayes-and-Bag-of-Words-for-Text-Classification-Problem_geolocate.py_cleaned.py,1,1,0.1431877166032791,0.8568122982978821
kat1,2087_v1_6_content_ryanlid87_BubbleSort_bubblesort.py_cleaned.py,1,1,0.13660839200019836,0.8633915781974792
kat1,7275_v1_25_content_aajanki_finnish-pos-accuracy_print_errors.py_cleaned.py,1,1,0.19315214455127716,0.8068478107452393
kat1,2059_v1_26_content_naviechan_sortingAlgorithmDemo_selectionSort.py_cleaned.py,1,1,0.009268012829124928,0.9907320141792297
kat1,6980_v1_6_content_petronius_minotaur_dimensions.py_cleaned.py,1,1,0.498046875,0.501953125
kat1,3802_v1_32_content_Spanfile_Dijkstra_test.py_cleaned.py,1,1,0.06608537584543228,0.9339146018028259
kat1,3454_26_content_bahadircolak44_EllipticCurve_EllipticCurve.py_cleaned.py,0,0,0.9856076240539551,0.014392335899174213
kat1,11758_v1_27_content_CodeDrome_selection-sort-python_selectionsort.py_cleaned.py,1,1,0.02779562398791313,0.9722043871879578
kat1,9140_v1_5_content_nmcglohon_sequence-squares_calculate_sequence.py_cleaned.py,1,0,0.9734434485435486,0.026556573808193207
kat1,350_v1_14_content_Dawlatly_Recommender-system_apriori.py_cleaned.py,1,1,0.3789186179637909,0.6210813522338867
kat1,9700_v1_24_content_jakubfolta_PrimeNumber_Prime.py_cleaned.py,1,1,0.30445513129234314,0.6955448985099792
kat1,82_v1_2_content_laendle1999_NasceUmAEstrela_reberto.py_cleaned.py,1,0,0.5009765625,0.4990234673023224
kat1,8960_v1_2_content_Rohit967_Outlier-Analysis-With-Python_OutlierAnalysis.py_cleaned.py,1,1,0.3132096529006958,0.6867902874946594
kat1,4309_17_content_krshubham_ecc-elgamal_elgamal.py_cleaned.py,0,0,0.5660185217857361,0.4339814782142639
kat1,4083_v1_22_content_Phillyclause89_ANIMAL_Quiz_ANIMAL.py_cleaned.py,1,1,0.2929997444152832,0.7070003151893616
kat1,13043_66_content_furkanturkn_python-beautifulsoup-take-news-post-from-the-site_take_news.py_cleaned.py,0,0,0.9462003111839294,0.053799644112586975
kat1,7512_2_content_hari526_LinearSearch_linearSearch.py_cleaned.py,0,0,0.9877586960792542,0.012241275981068611
kat1,7797_25_content_Cytla24_LinkedLists_print_append_insert_delete.py_cleaned.py,0,0,0.954647421836853,0.04535257816314697
kat1,12743_v1_23_content_aniket-gaikwad_Applied-Machine-learning-Project---Fall-2014_Bootstrap_backup.py_cleaned.py,1,1,0.12940272688865662,0.8705973029136658
kat1,12081_v1_13_content_preetidurai_Spam-Ham-Classification-using-NB-and-LR_logisticRegressionMain.py_cleaned.py,1,1,0.26170814037323,0.73829185962677
kat1,9112_v1_3_content_iykadev_pyalgo_deal_cards_for_freecell_algo.py_cleaned.py,1,1,0.02498779445886612,0.9750121831893921
kat1,10227_2_content_shadykdc_Probabilistic_Inference_courseworks_123.py_cleaned.py,0,0,0.9569571614265442,0.043042849749326706
kat1,9641_19_content_orzal_python_prime_numbers_prime_numbers.py_cleaned.py,0,1,0.15174917876720428,0.8482507467269897
kat1,8380_37_content_saurabhzingade_Naive-Bayes-Basic_naive.py_cleaned.py,0,0,0.9532750844955444,0.04672496020793915
kat1,12982_10_content_lulu150003_Web-Scraping-Project_ProfileCrawler2019.py_cleaned.py,0,0,0.929440438747406,0.07055959850549698
kat1,2625_9_content_vbelz_Movie-recommender_prepare_database.py_cleaned.py,0,0,0.8807970285415649,0.11920291930437088
kat1,6907_1_content_pinasu_Python-Kruskal_kruskal.py_cleaned.py,0,1,0.0879155769944191,0.9120844006538391
kat1,3497_v1_21_content_swawibe_pyDH_Client.py_cleaned.py,1,1,0.1696808785200119,0.8303191661834717
kat1,12721_66_content_ChavezE_Parallel_PFVA_PCA.py_cleaned.py,0,0,0.9381240010261536,0.06187598407268524
kat1,11150_v1_18_content_Shweetz_TicTacToeSolver_solver.py_cleaned.py,1,1,0.016277460381388664,0.9837225079536438
kat1,7833_v1_18_content_swaroop396_linkedLists_LinkedList.py_cleaned.py,1,1,0.018124720081686974,0.9818752408027649
kat1,8384_44_content_akbloodadarsh_Twitter-Sentimental-Analysis_MultinomialNaiveBayes.py_cleaned.py,0,1,0.15456733107566833,0.845432698726654
kat1,608_2_content_yyqcs_time-series-model_utils.py_cleaned.py,0,1,0.498046875,0.501953125
kat1,3824_v1_8_content_rprahlad1_guavabot_solver.py_cleaned.py,1,1,0.23908273875713348,0.7609172463417053
kat1,4031_20_content_IbrahimAyed_Multifractal-analysis-of-natural-images_texture_synthesis.py_cleaned.py,0,0,0.9755768775939941,0.024423090741038322
kat1,6986_v1_8_content_dianaelmasri_TravellingSalesManProblem_AStar_Kruskal_Recuit_test.py_cleaned.py,1,1,0.3602639436721802,0.6397360563278198
kat1,4980_50_content_eyablokov_fibonacci-api_test_resources.py_cleaned.py,0,0,0.5290200710296631,0.4709799289703369
kat1,912_7_content_GauthamBT_Bellman-Ford-Algorithm_GraphMainProgram.py_cleaned.py,0,0,0.8598991632461548,0.14010077714920044
kat1,10018_v1_9_content_krj9cr_Hybrid-Prim-Dijkstra-GUI_Node.py_cleaned.py,1,1,0.023153411224484444,0.9768466353416443
kat1,5247_12_content_byu014_all-pairs-shortest-path_allPairsShortestPath.py_cleaned.py,0,0,0.9815951585769653,0.018404891714453697
kat1,7547_v1_15_content_jknight1725_linear_search_vs_random_search_myFunctions.py_cleaned.py,1,1,0.09268777817487717,0.907312273979187
kat1,6329_38_content_taesungp_pytorch-kmeans-init_demo.py_cleaned.py,0,0,0.5117166042327881,0.4882833957672119
kat1,2882_35_content_fireclawthefox_DirectGuiDesigner_setup_p3d.py_cleaned.py,0,0,0.5568816065788269,0.4431183934211731
kat1,5500_93_content_vishwakftw_extreme-classification_baseline.py_cleaned.py,0,0,0.6473524570465088,0.3526475131511688
kat1,5755_18_content_NegarMirgati_CodingAndErrorDetection_All.py_cleaned.py,0,0,0.8645393252372742,0.13546064496040344
kat1,3513_v1_31_content_shreyas3336_Diffie-Hellman-KeyExchange_Seeded_Random_Generator.py_cleaned.py,1,1,0.08210662752389908,0.9178933501243591
kat1,1223_v1_41_content_Daisy0828_Search_dgraph.py_cleaned.py,1,1,0.008315779268741608,0.9916841983795166
kat1,364_v1_3_content_ravinderiiit_Market-Basket-Optimisation-by-apriori-Algorithm_apriori.py_cleaned.py,1,1,0.16000334918498993,0.8399966359138489
kat1,7868_v1_5_content_ligertsicat_Rental-Scraper_scraper.py_cleaned.py,1,1,0.18535663187503815,0.814643383026123
kat1,12048_17_content_AnirbanMajumder_Topic-Modeling-using-LDA_Topic_Modeling_using_LDA.py_cleaned.py,0,0,0.879561185836792,0.12043881416320801
kat1,8656_16_content_nicolasenciso_One-time-pad-crypto-algorithm_OneTimePad.py_cleaned.py,0,0,0.9820137619972229,0.01798621006309986
kat1,3501_v1_24_content_Brew8it_Python_DHAES_DiffieHellman.py_cleaned.py,1,0,0.6667138338088989,0.33328619599342346
kat1,2606_3_content_naiveHobo_TextRank_preprocessing.py_cleaned.py,0,1,0.14223188161849976,0.8577680587768555
kat1,5049_v1_99_content_MatheusMuriel_ProgramacaoDinamica_fib_rec_memorization.py_cleaned.py,1,1,0.01065251138061285,0.9893474578857422
kat1,12752_v1_35_content_facundoq_rotational_variance_experiment_accuracy_vs_rotation.py_cleaned.py,1,1,0.3259495198726654,0.6740504503250122
kat1,10557_59_content_mahmoudhossam_task-queue_db.py_cleaned.py,0,1,0.1535491794347763,0.8464508652687073
kat1,1486_v1_11_content_sergiy-chumachenko_Lists_sorting_and_binary_search_sort_BSCL.py_cleaned.py,1,1,0.24113182723522186,0.7588682174682617
kat1,299_14_content_BalaMungala_GroceryRecommendations-Association_Market_Basket_Optimisation.py_cleaned.py,0,0,0.9967268705368042,0.0032730645034462214
kat1,13040_64_content_andrewrgoss_yahoo-fantasy-fball-scraper_player_season_projections.py_cleaned.py,0,1,0.47852882742881775,0.5214711427688599
kat1,8381_39_content_arundhati-b_NaiveBayesClassifier_computation.py_cleaned.py,0,0,0.9626730680465698,0.037326883524656296
kat1,6669_v1_21_content_shunge_KNN-NBA-Draft-Prediction_knn-nba.py_cleaned.py,1,1,0.1830088496208191,0.8169911503791809
kat1,12683_13_content_gissimo_nsc_do_nsc.py_cleaned.py,0,0,0.8791467547416687,0.1208532303571701
kat1,330_8_content_omjego_AR-Mining-Hash-Tree_naive_apriori.py_cleaned.py,0,0,0.8629302382469177,0.13706977665424347
kat1,3806_v1_3_content_root676_QNEAT3___init__.py_cleaned.py,1,0,0.7714993357658386,0.228500634431839
kat1,5531_v1_4_content_wazzaarvind_Clustering-Algorithms_reducer.py_cleaned.py,1,1,0.1880256086587906,0.8119744062423706
kat1,2634_v1_11_content_kirokuan_Idf-tf-DocCompare_hwTest.py_cleaned.py,1,1,0.1127953976392746,0.8872045874595642
kat1,617_48_content_harishchellappa_Time-Series-Analysis-Bike-Sharing-Demand-Forecasting_forecasting_2.py_cleaned.py,0,0,0.9385759830474854,0.06142403930425644
kat1,9415_v1_60_content_winnie9197_The-Coding-School-projects_linear-regression.py_cleaned.py,1,1,0.23231014609336853,0.7676898241043091
kat1,1206_v1_1_content_minar09_bfscore_python_evaluate_single_image.py_cleaned.py,1,1,0.32723814249038696,0.6727617979049683
kat1,4991_62_content_arenart90_fsm-python_fsm.py_cleaned.py,0,1,0.08210662752389908,0.9178933501243591
kat1,5003_9_content_ghemsley_fibonacci_fib.py_cleaned.py,0,1,0.38861799240112305,0.6113819479942322
kat1,5519_v1_2_content_zalayo_Hierarchical-Linkage-Regression_HLRlinkages.py_cleaned.py,1,1,0.24364244937896729,0.7563575506210327
kat1,2885_46_content_hackabit19__destroyingRecursively__vibration.py_cleaned.py,0,1,0.2751297354698181,0.7248703241348267
kat1,8438_v1_66_content_Talon-Zhang_Naive-Bayes_reader.py_cleaned.py,1,1,0.11047115176916122,0.8895288705825806
kat1,8948_5_content_harshdarji22_crypto_outlier.py_cleaned.py,0,0,0.9722043871879578,0.02779562398791313
kat1,6688_v1_44_content_eastxe_cosine-knn_knn.py_cleaned.py,1,1,0.09636510163545609,0.9036349058151245
kat1,12091_v1_16_content_knair97_Sentiment-Analysis-of-Amazon-Reviews_svm.py_cleaned.py,1,1,0.11004006117582321,0.889959990978241
kat1,6626_28_content_surgoku_sentiment_analysis_knn_submission.py_cleaned.py,0,1,0.38214144110679626,0.6178585886955261
kat1,4374_v1_2_content_cardwizard_EllipticCurves_ec_dhe.py_cleaned.py,1,1,0.0960254967212677,0.9039745330810547
kat1,6035_12_content_timhebert1963_InsertionSortAdvancedAnalysis_Hackerrank_TC2_1_length_441_answer_46768.py_cleaned.py,0,0,0.5600120425224304,0.4399879574775696
kat1,1224_v1_43_content_odubno_ford-fulkerson-max-flow_test_max_flow.py_cleaned.py,1,1,0.09947021305561066,0.9005298018455505
kat1,6074_46_content_arun-p12_sort-algorithms_shell_sort.py_cleaned.py,0,0,0.9845753908157349,0.01542455144226551
kat1,12104_v1_20_content_anasbadawy_Basic-NLP-Project_NLPProject.py_cleaned.py,1,1,0.13660839200019836,0.8633915781974792
kat1,4709_5_content_brown9804_Python_DiversosAlgortimos_VerificaFechaValidaCalendario.py_cleaned.py,0,0,0.9515040516853333,0.048496004194021225
kat1,8953_v1_2_content_Liu-WeiYi_Private_Preserving_Outlier_Behavior_Detection_community_main.py_cleaned.py,1,1,0.09301680326461792,0.9069831967353821
kat1,2081_v1_57_content_Wwicked_Bubble-sort-visualization_main.py_cleaned.py,1,1,0.11456651240587234,0.885433554649353
kat1,6081_58_content_yaroslava-tkachuk_quicksort_accelerated_quicksort_accelerated.py_cleaned.py,0,1,0.38237205147743225,0.6176279783248901
kat1,5027_v1_49_content_ajh1143_FibonacciScatterPlot_FibonacciScatter.py_cleaned.py,1,1,0.10557884722948074,0.8944211602210999
kat1,345_v1_11_content_sidmishraw_cs-267-project_pdf_processing_demo.py_cleaned.py,1,1,0.2888699173927307,0.7111300826072693
kat1,13108_v1_34_content_vizzerdrix55_web-scraping-vBulletin-forum_1_generate_URLs.py_cleaned.py,1,1,0.20689405500888824,0.793105959892273
kat2,2307_30_content_sdws1983_The-big-data-OF-The-Plant-Cell_parse-abstract.py_cleaned.py,0,0,0.9656413197517395,0.034358687698841095
kat2,33_3_content_srimani-programmer_AES-Cryptographic-Tool_Script.py_cleaned.py,0,0,0.9905142784118652,0.009485714137554169
kat2,12391_20_content_biswaup_soft_TF_IDF-and-Blocking_Blocking.py_cleaned.py,0,1,0.2422056347131729,0.7577943801879883
kat2,2370_v1_5_content_anguillanneuf_bigO_128_text_to_lines.py_cleaned.py,1,1,0.08359067142009735,0.9164093732833862
kat2,1156_1_content_minar09_bfscore_python_evaluate_single_image.py_cleaned.py,0,1,0.3805287182331085,0.6194712519645691
kat2,9948_5_content_Fmccline_Prims-Algorithm_graph_builder.py_cleaned.py,0,0,0.5350984334945679,0.46490156650543213
kat2,11423_93_content_entropy2333_RSA_exponential.py_cleaned.py,0,0,0.581303060054779,0.41869691014289856
kat2,8420_v1_18_content_kandapagari_NaiveBayes_Naive_bayes.py_cleaned.py,1,1,0.38812509179115295,0.6118749380111694
kat2,65_v1_16_content_mariosasodotcom_mirror-enc_mirror-enc.py_cleaned.py,1,1,0.37022536993026733,0.6297746300697327
kat2,11779_v1_9_content_naviechan_sortingAlgorithmDemo_main.py_cleaned.py,1,1,0.19993211328983307,0.8000679016113281
kat2,9966_9_content_krj9cr_Hybrid-Prim-Dijkstra-GUI_main.py_cleaned.py,0,0,0.5664982199668884,0.4335017502307892
kat2,10870_v1_20_content_bradruck_Quick_Sort-python_Assignment_7-P12.9.py_cleaned.py,1,1,0.06954174488782883,0.9304582476615906
kat2,11466_v1_84_content_LatrecheYasser_Secure-Python-Chat_RSA.py_cleaned.py,1,1,0.10017222166061401,0.8998277187347412
kat2,889_2_content_radinhamidi_BellmanFord_BellmanFord_main.py_cleaned.py,0,0,0.9829546809196472,0.017045317217707634
kat2,633_v1_19_content_bauassr_Session32_Session32Assignment1_.py_cleaned.py,1,1,0.3515336513519287,0.6484663486480713
kat2,5256_17_content_kanavkhanna_Application-Software_Software_Application.py_cleaned.py,0,1,0.21766994893550873,0.7823300957679749
kat2,5747_13_content_ctao5660_huffman-tree_huffmancompression.py_cleaned.py,0,0,0.9940890073776245,0.005911068990826607
kat2,4976_46_content_skropf_fib-drawer_test-animation.py_cleaned.py,0,1,0.13161905109882355,0.8683809638023376
kat2,288_10_content_gitganeshnethi_Market-Basket-Analysis_Online_Retail.py_cleaned.py,0,0,0.9773707389831543,0.02262919954955578
kat2,6056_24_content_lesdev_SortingMethods_sequential.py_cleaned.py,0,0,0.9529258608818054,0.04707418009638786
kat2,5808_v1_1_content_farizrahman4u_huffmax_test_training_speed.py_cleaned.py,1,0,0.543347954750061,0.45665207505226135
kat2,11739_v1_13_content_Tom-Le_Dota2Grids_generate-grid.py_cleaned.py,1,0,0.6244080662727356,0.3755919337272644
kat2,11122_35_content_rajucsm09_Fibonacci-Sequence-using-Memoizaton_fibonacci.py_cleaned.py,0,0,0.9511421918869019,0.04885777831077576
kat2,3219_v1_59_content_rohinrajan_Closest-Path-using-BFS-DFS-and-optimal-cost_Graph-Search.py_cleaned.py,1,1,0.06804042309522629,0.9319595694541931
kat2,4987_61_content_AaronRobson_sequences_prime_gui.py_cleaned.py,0,1,0.3048688769340515,0.6951311230659485
kat2,6900_16_content_drdeford_KruskalFlows_networkflows2.py_cleaned.py,0,0,0.9742394685745239,0.025760561227798462
kat2,11111_25_content_OmarGhoneim_wb-wikosophy_wikosopher.py_cleaned.py,0,0,0.9744347929954529,0.025565212592482567
kat2,2886_48_content_TeddyBoomer_grapheMPM_test_subgraphs.py_cleaned.py,0,0,0.5053709149360657,0.4946291148662567
kat2,1793_v1_45_content_gio-salvador_tree_exercise_python_tree.py_cleaned.py,1,0,0.6352224349975586,0.3647775948047638
kat2,7227_25_content_aajanki_finnish-pos-accuracy_sample_ftb1.py_cleaned.py,0,1,0.09401018917560577,0.9059898257255554
kat2,8945_4_content_mrimahajan_advanced_analysis_package___init__.py_cleaned.py,0,0,0.5477060079574585,0.4522939622402191
kat2,6993_v1_9_content_emmanuj_mst-solver_treeset.py_cleaned.py,1,1,0.05834583565592766,0.9416541457176208
kat2,7200_12_content_romanorac_elastic_localized_search_models_elastic.py_cleaned.py,0,0,0.7045668363571167,0.2954331338405609
kat2,6944_9_content_emmanuj_mst-solver_treeset.py_cleaned.py,0,0,0.9791954755783081,0.02080448903143406
kat2,12_14_content_willow617_AE2-Nets_test_hand.py_cleaned.py,0,0,0.5209837555885315,0.4790162444114685
kat2,10892_v1_6_content_austinteshuba_QuickSort_Sort.py_cleaned.py,1,1,0.03718677535653114,0.9628131985664368
kat2,3165_48_content_AddisonSchiller_pomodoro_timer_gui_main.py_cleaned.py,0,1,0.24256429076194763,0.75743567943573
kat2,5297_v1_2_content_Ap1402_floydWarshall_floyd.py_cleaned.py,1,1,0.03704717382788658,0.9629528522491455
kat2,6349_68_content_Starfunk_k-means-clustering_k-means-clustering.py_cleaned.py,0,0,0.9798226952552795,0.020177319645881653
kat2,6898_14_content_Stoniel_SimpleGoogleMaps_graph.py_cleaned.py,0,1,0.29320207238197327,0.7067979574203491
kat2,11760_v1_29_content_cmccoypdx_PythonSortCompare_Generator.py_cleaned.py,1,1,0.24689634144306183,0.7531036734580994
kat2,4358_v1_17_content_achusat_Elliptic_Curve_Cryptography_ecc.py_cleaned.py,1,1,0.3789186179637909,0.6210813522338867
kat2,2060_v1_27_content_gcmurillo_sortingAlgorithmsComparation_configuraciones.py_cleaned.py,1,1,0.23792991042137146,0.7620701193809509
kat2,5270_6_content_1siddhi7_Floyd-Warshall_tk.py_cleaned.py,0,0,0.9704646468162537,0.029535336419939995
kat2,8413_v1_12_content_chiforbogdan_naive-bayes-reputation_satisfaction_humidity.py_cleaned.py,1,0,0.6162432432174683,0.38375675678253174
kat2,9057_3_content_iykadev_pyalgo_binary_search2.py_cleaned.py,0,0,0.9690910577774048,0.030908960849046707
kat2,2308_32_content_jtuckerk_oscar_prediction_full_featureset_prediction.py_cleaned.py,0,0,0.8683809638023376,0.13161905109882355
kat2,4297_10_content_kllinzy_Elliptic-Curve-Cryptography_ecc.py_cleaned.py,0,0,0.9826908707618713,0.017309095710515976
kat2,11736_v1_12_content_wallaceicy06_room-draw_roomdraw.py_cleaned.py,1,1,0.1672186702489853,0.8327813148498535
kat2,6940_9_content_Boros93_GraphProject_test_prim.py_cleaned.py,0,0,0.5175709128379822,0.4824291169643402
kat2,4763_v1_8_content_jcwyatt_factorial_factorial.py_cleaned.py,1,1,0.14057204127311707,0.8594279289245605
kat2,4958_13_content_danielSbastos_binary-fibonacci_prototype.py_cleaned.py,0,1,0.12852513790130615,0.8714748620986938
kat2,1786_v1_32_content_vaish06_TextProcessor_red_black_tree.py_cleaned.py,1,1,0.4902355968952179,0.5097643733024597
kat2,5255_16_content_QueraltSM_HospitalShortestPath_main.py_cleaned.py,0,0,0.9919379353523254,0.00806199200451374
kat2,12778_v1_88_content_hfk97_VaR_VaR.py_cleaned.py,1,0,0.6245225667953491,0.3754774332046509
kat2,656_v1_2_content_yyqcs_time-series-model_encoder_decoder_fullv-1.py_cleaned.py,1,0,0.6029970645904541,0.3970029056072235
kat2,1732_28_content_bangarangler_binary_search_trees_binary_search_trees.py_cleaned.py,0,1,0.28239402174949646,0.7176059484481812
kat2,11172_v1_36_content_Zattri_tutorial-recursion_recursion.py_cleaned.py,1,1,0.13753247261047363,0.8624675869941711
kat2,8397_79_content_snehasg95_NaiveBayes_iris_classification.py_cleaned.py,0,0,0.966156005859375,0.03384403511881828
kat2,8118_v1_15_content_VakinduPhilliam_Pattern_Matching_Python_Difflib_Pattern_Matching_Differ___.py_cleaned.py,1,0,0.5583872199058533,0.44161278009414673
kat2,8121_v1_15_content_VakinduPhilliam_Pattern_Matching_Python_Difflib_Pattern_Matching_Restore.py_cleaned.py,1,0,0.6078959703445435,0.39210402965545654
kat2,8120_v1_15_content_VakinduPhilliam_Pattern_Matching_Python_Difflib_Pattern_Matching_N_Diff.py_cleaned.py,1,0,0.7847317457199097,0.21526823937892914
kat2,8961_v1_4_content_mrimahajan_advanced_analysis_package_analyze.py_cleaned.py,1,0,0.5924307703971863,0.40756916999816895
kat2,3227_v1_73_content_hoopghetto_dfs-optimizer_settings.py_cleaned.py,1,1,0.2704802453517914,0.729519784450531
kat2,10012_v1_7_content_MadalinaMircea_GraphAlgorithms_StartApp.py_cleaned.py,1,1,0.048496004194021225,0.9515040516853333
kat2,8111_v1_10_content_sumanthsunny35_RHM-assignment_LCS.py_cleaned.py,1,1,0.22202469408512115,0.7779753804206848
kat2,5032_v1_55_content_NM20XX_Python_Fibonacci_Sequence.py_cleaned.py,1,1,0.1200256273150444,0.879974365234375
kat2,1205_v1_1_content_dimizisis_blocksworld_node.py_cleaned.py,1,1,0.17300857603549957,0.8269913792610168
kat2,626_v1_12_content_bellisanogiu_arimaModel_process.py_cleaned.py,1,0,0.5303581357002258,0.46964189410209656
kat2,12755_v1_35_content_XiaoCode-er_image-digital-express_cluster_pic.py_cleaned.py,1,1,0.4982605278491974,0.501739501953125
kat2,9992_v1_4_content_JosephFWright_Prims_Algorithm_main.py_cleaned.py,1,1,0.4525359272956848,0.5474640727043152
kat2,5316_v1_8_content_JanFeys_Floyd-Warshall-All-Pairs-Shortest-Path_FloydWarshallAPSP.py_cleaned.py,1,1,0.09065494686365128,0.9093450307846069
kat2,11101_18_content_Shweetz_TicTacToeSolver_solver.py_cleaned.py,0,0,0.766992449760437,0.2330075204372406
kat2,13110_v1_35_content_anoop123gupta_web_scraping_task10.py_cleaned.py,1,1,0.32161974906921387,0.6783801913261414
kat2,12059_28_content_vinaykumarbu_sentiment-analysis-deeplearning_data_helpers.py_cleaned.py,0,0,0.6759784817695618,0.32402145862579346
kat2,10262_93_content_djzgroup_Visual-basedCharacterEmbedding_word2vec_network.py_cleaned.py,0,0,0.7061904072761536,0.29380956292152405
kat2,2025_46_content_gabysoares_PythonBubbleSort_ResultTable.py_cleaned.py,0,1,0.17050801217556,0.8294920325279236
kat2,6935_7_content_usbogie_MSTcreator_Node.py_cleaned.py,0,0,0.6594051122665405,0.3405948281288147
kat2,11420_8_content_hertelukas_rsa_primeCheck.py_cleaned.py,0,0,0.929951012134552,0.07004895806312561
kat2,6633_32_content_prakashsellathurai_OPTICAL_CHARACTER_RECOGNITION_PossibleChar.py_cleaned.py,0,1,0.26303109526634216,0.7369688749313354
kat2,10313_v1_94_content_rohithdot_ImageCompression-PCA_code.py_cleaned.py,1,1,0.1626458764076233,0.8373541235923767
kat2,6124_v1_50_content_shre007_Implementation-and-comparison-of-sorting-algorithms_quick.py_cleaned.py,1,1,0.08479540795087814,0.9152045845985413
kat2,12329_1_content_vuolleko_pyTSNE_vptree.py_cleaned.py,0,0,0.8316905498504639,0.16830943524837494
kat2,2321_5_content_anguillanneuf_bigO_17_island_count.py_cleaned.py,0,0,0.9879462122917175,0.0120537793263793
kat2,12772_v1_67_content_towerjoo_mnist_plus_gen.py_cleaned.py,1,1,0.4797474145889282,0.5202525854110718
kat2,9937_22_content_mikaelharseno_DurianBot_solver.py_cleaned.py,0,1,0.3670433759689331,0.6329566240310669
kat2,7241_v1_12_content_ianscottknight_Predicting-Myers-Briggs-Type-Indicator-with-Recurrent-Neural-Networks_differentiate_words.py_cleaned.py,1,1,0.32885265350341797,0.6711474061012268
kat2,11759_v1_28_content_kurtalex_selection_sort_alhorithm_selection_sort.py_cleaned.py,1,1,0.06903792917728424,0.930962085723877
kat2,3523_v1_58_content_quadrohedron_ellipticrypt_ellipticrypt.py_cleaned.py,1,1,0.07978201657533646,0.9202179908752441
kat2,2603_3_content_dlohith_text-similarity_run.py_cleaned.py,0,0,0.9717789888381958,0.02822098508477211
kat2,5251_13_content_monicanto101_all-pairs-shortest-path_allPairsShortestPath.py_cleaned.py,0,0,0.9822876453399658,0.017712296918034554
kat2,4997_8_content_lucasmullerm_turing-machine-fibonacci_main.py_cleaned.py,0,1,0.09235979616641998,0.9076402187347412
kat2,13084_v1_11_content_namelessfintech_python-web-scraping_c9_advanced_link_crawler.py_cleaned.py,1,0,0.5909414887428284,0.40905848145484924
kat2,910_7_content_ardyerwanda_SDN-Bellman-Ford-Pyretic_wG_bellfordCost.py_cleaned.py,0,0,0.9405717849731445,0.05942821875214577
kat2,2595_1_content_HarryBaker_LDAtopicSimilarity_topic2vec.py_cleaned.py,0,0,0.9711290597915649,0.028870906680822372
kat2,9428_v1_80_content_gbalcantara_linreg_linreg.py_cleaned.py,1,1,0.1250653862953186,0.8749346137046814
kat2,13169_v1_94_content_adithyavasisth_VTU-Result-Scraper-with-CAPTCHA-Bypass_sgpa.py_cleaned.py,1,1,0.35488009452819824,0.6451199054718018
kat2,5511_v1_21_content_jakubsilhavy_mhhc_config.py_cleaned.py,1,1,0.40615516901016235,0.5938448309898376
kat2,23_1_content_aesara-devs_aesara_conftest.py_cleaned.py,0,0,0.8316905498504639,0.16830943524837494
kat2,8690_7_content_anderspkd_broken-one-time-pad_somecode.py_cleaned.py,0,0,0.9678993225097656,0.03210070729255676
kat2,12435_v1_14_content_tusizi_document-analysis_jieba_cut_document_to_vocabulary_with_nominal.py_cleaned.py,1,1,0.3849121630191803,0.6150878667831421
kat2,6702_v1_9_content_ludmal_knn_knn.py_cleaned.py,1,1,0.12294380366802216,0.8770562410354614
kat2,12086_v1_14_content_ganigavinaya_NaiveBayes_NBwithStopWords.py_cleaned.py,1,1,0.18213441967964172,0.8178656101226807
kat2,9952_6_content_steviedale_random_maze_generator_graphics.py_cleaned.py,0,1,0.39326852560043335,0.6067315340042114
kat2,2355_v1_30_content_sdws1983_The-big-data-OF-The-Plant-Cell_calculate-author.py_cleaned.py,1,1,0.31615808606147766,0.6838418841362
kat2,1481_v1_10_content_circulosmeos_haveibeenpwned-binary_pwned-pass-binary-fast.py_cleaned.py,1,1,0.4078049957752228,0.5921949744224548
kat2,3757_46_content_vaish06_EurailShortestPath_brainstorm.py_cleaned.py,0,0,0.9935117363929749,0.0064882696606218815
kat2,11471_v1_92_content_zaldis_RSA_tester.py_cleaned.py,1,1,0.1173696517944336,0.8826303482055664
kat2,12440_v1_20_content_biswaup_soft_TF_IDF-and-Blocking_Blocking.py_cleaned.py,1,1,0.04084571823477745,0.9591543078422546
kat2,2035_5_content_kheguy_bubbleSort_bubbleSort.py_cleaned.py,0,0,0.939024806022644,0.06097518280148506
kat2,8448_v1_87_content_tej06_NaiveBayes-Classification_training.py_cleaned.py,1,1,0.36353394389152527,0.6364660859107971
kat2,8072_15_content_VakinduPhilliam_Pattern_Matching_Python_Difflib_Pattern_Matching_Restore.py_cleaned.py,0,0,0.7783125042915344,0.22168749570846558
kat2,2074_v1_45_content_Janteby1_bubble_sort-copy_bubble_sort.py_cleaned.py,1,1,0.11476478725671768,0.8852352499961853
kat2,386_v1_9_content_rach24_MS-Apriori_MS-Apriori.py_cleaned.py,1,1,0.11008787900209427,0.8899121284484863
kat2,7251_v1_14_content_kaizinho_lemmatizer_lemmatizer.py_cleaned.py,1,0,0.543832540512085,0.4561675190925598
kat2,7777_11_content_nick-commits_LinkedList_linkedlistprac.py_cleaned.py,0,0,0.974821150302887,0.02517884224653244
kat2,8685_4_content_sezisoro_PyTimePad_PyTimePad.py_cleaned.py,0,1,0.28219619393348694,0.7178037762641907
kat2,7496_15_content_jknight1725_linear_search_vs_random_search_binary_game.py_cleaned.py,0,1,0.35253605246543884,0.6474639773368835
kat2,4393_v1_6_content_gionanide_Cryptography_VernamCipher.py_cleaned.py,1,1,0.08570927381515503,0.914290726184845
kat2,6667_v1_1_content_MarcoForte_knn-matting_knn_matting.py_cleaned.py,1,0,0.8879840970039368,0.11201596260070801
kat2,4592_9_content_Soumyabrata_predicting-pwv_grid_search.py_cleaned.py,0,0,0.9376689791679382,0.06233103945851326
kat2,941_v1_3_content_pedrobemer_BellmanFord_bellman-ford.py_cleaned.py,1,1,0.12667711079120636,0.8733229041099548
kat2,6949_v1_15_content_ben-mackenzie_mst-kruskal_kruskal.py_cleaned.py,1,0,0.5674572587013245,0.43254271149635315
kat2,893_3_content_sharifahmad2061_routing_algorithm_DVR.py_cleaned.py,0,1,0.34246155619621277,0.6575384140014648
kat2,12064_3_content_crvineeth97_kannada-stop-words_stopwords_find.py_cleaned.py,0,0,0.9719924926757812,0.028007520362734795
kat2,12042_16_content_NB-prog_INTERN-2019_analogy_eval.py_cleaned.py,0,0,0.9481545686721802,0.05184547230601311
kat2,7572_v1_5_content_aplayton6_LinearSearch_LinearSearch.py_cleaned.py,1,1,0.2747403681278229,0.7252596020698547
kat2,10830_28_content_kimdanny_HeapSort-and-QuickSort-Comparison_quicksort.py_cleaned.py,0,0,0.9753900170326233,0.02460992895066738
kat2,13004_2_content_chuksleo_web-scraping-beautifulsoup-flask_test.py_cleaned.py,0,1,0.4058018922805786,0.5941980481147766
kat2,1188_6_content_sanjay-bhat_find_route_bfs_find_route.py_cleaned.py,0,0,0.5480688214302063,0.4519311487674713
kat2,4587_3_content_RobbieXie_ExponentialSmoothing_Holt_Winters.py_cleaned.py,0,1,0.1919327974319458,0.8080672025680542
kat2,938_v1_2_content_radinhamidi_BellmanFord_BellmanFord_main.py_cleaned.py,1,1,0.08632348477840424,0.9136765599250793
kat2,10878_v1_26_content_hemidactylus_skanfixer_sfUtilities.py_cleaned.py,1,0,0.5341265201568604,0.46587347984313965
kat2,4319_25_content_naveenpvg3_Comparative-Analysis-of-Elliptic-and-Hessian-curve-cryptography_comgra.py_cleaned.py,0,0,0.9105454087257385,0.08945459872484207
kat2,2918_v1_18_content_theorisons_loto_analyse.py_cleaned.py,1,0,0.5364950299263,0.46350497007369995
kat2,11438_v1_29_content_arthurdamm_RSA-Factoring-Challenge_test.py_cleaned.py,1,1,0.2889702320098877,0.7110297679901123
kat2,52_v1_10_content_raviolliii_AES-Encryption_driver.py_cleaned.py,1,1,0.33589524030685425,0.6641048192977905
kat2,8375_29_content_barshaison_Naive_Bayes_Classifier_PreProcessing.py_cleaned.py,0,0,0.9902915358543396,0.009708477184176445
kat2,5829_v1_41_content_moyeshkhanal_HuffmanCompression_test_ReadWrite.py_cleaned.py,1,0,0.5094593167304993,0.49054068326950073
kat2,2007_24_content_Jagdishkharatmol_Sorting-techniques-_pythonin.py_cleaned.py,0,0,0.9606574773788452,0.03934250399470329
kat2,11149_v1_18_content_jmhummel_Continuation-passing-style_index.py_cleaned.py,1,0,0.6378207206726074,0.3621792495250702
kat2,9627_10_content_Jeremiah9000_prime_numbers_truncatable_prime_numbers_truncatable_faster.py_cleaned.py,0,1,0.14414885640144348,0.8558511734008789
kat2,13027_45_content_umtpfe_Projet-scrapy_rotprox3.py_cleaned.py,0,1,0.2454465627670288,0.754553496837616
kat2,24_1_content_batuhantopalogluu_AES-encryption-and-decryption-algorithm-Python_AES.py_cleaned.py,0,1,0.2206781655550003,0.7793218493461609
kat2,11113_29_content_gdkat_Recursive-DNS-Client-Server-Communication_client.py_cleaned.py,0,0,0.9834704995155334,0.01652955822646618
kat2,2870_20_content_learn-co-students_applying-gradient-descent-lab-dc-ds-career-042219_linear_equations.py_cleaned.py,0,1,0.1982872486114502,0.8017128109931946
kat2,4974_44_content_nathanthomashoang_fibonacci-sequence-recursive_fibonacci_recursive.py_cleaned.py,0,0,0.5602526664733887,0.43974730372428894
kat2,4716_97_content_mjurk456_mini-snakes_aligning_text_file.py_cleaned.py,0,1,0.2903265058994293,0.7096734642982483
kat2,8373_21_content_pavel-shepelev_NaiveBayes_News_Classifier.py_cleaned.py,0,0,0.9851576089859009,0.014842418022453785
kat2,5795_v1_11_content_SharifAmit_HuffmanCoding_encoder.py_cleaned.py,1,1,0.17175468802452087,0.8282453417778015
kat2,1213_v1_29_content_MEShufengRen_path_search_debug2.py_cleaned.py,1,0,0.6517983078956604,0.348201721906662
kat2,614_3_content_rentseen_ARIMA-forecast_test.py_cleaned.py,0,0,0.9910145401954651,0.008985428139567375
kat2,12111_v1_28_content_vinaykumarbu_sentiment-analysis-deeplearning_preprocess.py_cleaned.py,1,0,0.5375269651412964,0.4624730348587036
kat2,4978_49_content_ajh1143_FibonacciScatterPlot_FibonacciScatter.py_cleaned.py,0,0,0.9709092378616333,0.02909075655043125
kat2,6655_9_content_muchlisinadi_ALPR-Indonesia_GenData.py_cleaned.py,0,1,0.42859211564064026,0.5714078545570374
kat2,10833_2_content_siddhesh10_Quicksort-and-Randomized-Quick-Sort_randomized_quicksort.py_cleaned.py,0,0,0.9553191661834717,0.0446808747947216
kat2,10852_92_content_paulfauthmayer_versopy_verso.py_cleaned.py,0,1,0.2628418505191803,0.7371581792831421
kat2,5276_8_content_chiragragarwal_Graphs_And_Networks_numpy_help.py_cleaned.py,0,0,0.9399133324623108,0.06008664518594742
kat2,8931_1_content_firmai_ffood_._setup.py_cleaned.py,0,0,0.873214840888977,0.12678517401218414
kat2,4990_61_content_gpwood_fibonacciOfOrderN_pad.py_cleaned.py,0,0,0.9750121831893921,0.02498779445886612
kat2,8940_2_content_moluronghuakai_outlier-analysis_feature.py_cleaned.py,0,0,0.9711290597915649,0.028870906680822372
kat2,6611_14_content_jldbc_gutenberg_populate_db.py_cleaned.py,0,0,0.5287767648696899,0.47122323513031006
kat2,6312_12_content_aabulhaj_SpectralClustering_synthetic_data.py_cleaned.py,0,1,0.2798285186290741,0.7201715111732483
kat2,9633_13_content_dannbleeker_SearchForPrimeNumbers_timerForIsPrime.py_cleaned.py,0,0,0.9449946880340576,0.055005282163619995
kat2,9695_v1_21_content_hagyu-aya_prime-number-bot_index.py_cleaned.py,1,1,0.2689414322376251,0.7310585379600525
kat2,13160_v1_85_content_givonz_WebScraping_scrubClarkeTtl.py_cleaned.py,1,1,0.29624688625335693,0.7037531137466431
kat2,4584_2_content_kristpapadopoulos_keras-exponential-smoothing_ses.py_cleaned.py,0,0,0.8701565861701965,0.12984342873096466
kat2,7231_v1_10_content_Frix-x_FrenchLefffLemmatizer_CreateAdditionalLefffDataFile.py_cleaned.py,1,1,0.14560063183307648,0.8543993234634399
kat2,5044_v1_69_content_soldat76_FibonacciGenerator_FibonacciGenerator.py_cleaned.py,1,1,0.23405632376670837,0.765943706035614
kat2,6367_v1_22_content_sabarahman_k-means-Clustering-On-Banking-Data-Set_clustering.py_cleaned.py,1,1,0.2716379463672638,0.7283620238304138
kat2,12463_v1_58_content_zhaoyichanghong_machine_learing_algo_python_ica.py_cleaned.py,1,1,0.2267836183309555,0.7732163667678833
kat2,7843_v1_24_content_Am4teur_LinkedList_LL0.py_cleaned.py,1,1,0.09318171441555023,0.9068183302879333
kat2,7526_7_content_DMHarish_Linear_search_LinearSearch.py_cleaned.py,0,0,0.974821150302887,0.02517884224653244
kat2,3453_25_content_jimmy-ly00_DHE-prime-grabber_find_primes.py_cleaned.py,0,1,0.4967041313648224,0.5032958388328552
kat2,10307_v1_8_content_kekastepanovic_Face-Gender-and-Age-Recognition-Using-Principal-Component-Analysis_Face_Gender_and_Age_Recognition.py_cleaned.py,1,0,0.6033477187156677,0.3966522812843323
kat2,4079_v1_19_content_psvelezm_printSet_Pedro_Velez_pgm.py_cleaned.py,1,1,0.19253936409950256,0.8074606657028198
kat2,7486_11_content_sichen-x_search-engine_linear_search.py_cleaned.py,0,0,0.5807087421417236,0.41929125785827637
kat2,4357_v1_16_content_SemyonMakhaev_elliptic-curve_main.py_cleaned.py,1,1,0.20204928517341614,0.7979507446289062
kat2,10825_25_content_bisigc_python_quicksort_quicksort.py_cleaned.py,0,0,0.9832144975662231,0.01678549125790596
kat2,8088_1_content_susheelsagar_LCSS_file.py_cleaned.py,0,0,0.9811668992042542,0.018833130598068237
kat2,10831_29_content_flintlouis_Sorting_algo_mergesort.py_cleaned.py,0,1,0.16398024559020996,0.83601975440979
kat2,2872_22_content_nuzhamusyafira_des-rsa_Server.py_cleaned.py,0,0,0.9702399373054504,0.029760094359517097
kat2,9410_v1_56_content_Desire100_Machine-Learning-Regression-Models-for-beginners_polynomial_linear_regression.py_cleaned.py,1,1,0.4104017913341522,0.5895982384681702
kat2,12993_17_content_1UC1F3R616_fastProxy_fastProxy.py_cleaned.py,0,0,0.8944211602210999,0.10557884722948074
kat2,6347_65_content_ankushjain2001_k-means-clustering-algorithm_driver.py_cleaned.py,0,0,0.8201815485954285,0.17981843650341034
kat2,1717_12_content_jcarstenson_parallel_final_performanceTest.py_cleaned.py,0,1,0.30404165387153625,0.6959583163261414
kat2,2312_3_content_Sapphirine_Detecting-and-Predicting-the-Impact-of-Events_calc_train_anamoly_10ile-Copy5.py_cleaned.py,0,0,0.6448963284492493,0.3551037013530731
kat2,1752_5_content_domodomodomo_binary_search_tree_graph.py_cleaned.py,0,1,0.3208213150501251,0.6791787147521973
kat2,11106_22_content_domreichl_credit-card-math_credit_card_math.py_cleaned.py,0,1,0.17050801217556,0.8294920325279236
kat2,13136_v1_63_content_will62185_web-scraper_oil-scraper.py_cleaned.py,1,0,0.7483522891998291,0.2516477108001709
kat2,2357_v1_32_content_jtuckerk_oscar_prediction_full_featureset_prediction.py_cleaned.py,1,0,0.5779718160629272,0.422028124332428
kat2,7268_v1_22_content_ashushekar_lemmatization-stemming_lemmatization-stemming.py_cleaned.py,1,1,0.44537875056266785,0.5546212196350098
kat2,9950_5_content_Fmccline_Prims-Algorithm_prims_algorithm_demo.py_cleaned.py,0,1,0.41312193870544434,0.5868780016899109
kat2,5778_3_content_mightydeveloper_Deep-Compression-PyTorch_pruning.py_cleaned.py,0,0,0.5585076212882996,0.4414924085140228
kat2,8946_5_content_harshdarji22_crypto_domains.py_cleaned.py,0,0,0.986151397228241,0.013848611153662205
kat2,10592_v1_40_content_alttch_pyaltt_test.py_cleaned.py,1,1,0.37170663475990295,0.6282933950424194
kat2,12475_v1_72_content_SreekarJammula_tf-idf-_asst2_part2_2.py_cleaned.py,1,0,0.9339146018028259,0.06608537584543228
kat2,12706_35_content_XiaoCode-er_image-digital-express_image_calculation.py_cleaned.py,0,1,0.4605315029621124,0.53946852684021
kat2,10562_64_content_coronary_makerHubTool_testSheets.py_cleaned.py,0,0,0.869714617729187,0.13028542697429657
kat2,4764_v1_97_content_mjurk456_mini-snakes_aligning_text_file.py_cleaned.py,1,1,0.13296423852443695,0.8670357465744019
kat2,6946_v1_11_content_sachinrajgowda_NetworkDesign_Kruskal_DisjointSet.py_cleaned.py,1,1,0.11357959359884262,0.8864204287528992
kat2,2072_v1_43_content_hraizes_Sorting_SortingPractice.py_cleaned.py,1,1,0.14128142595291138,0.8587185740470886
kat2,6681_v1_32_content_prakashsellathurai_OPTICAL_CHARACTER_RECOGNITION_PossibleChar.py_cleaned.py,1,1,0.023870835080742836,0.9761291742324829
kat2,3146_13_content_tiendung1510_LearningPython_ucs.py_cleaned.py,0,0,0.709019124507904,0.29098084568977356
kat2,5805_v1_19_content_CQuocDat_huffman_de_huffman.py_cleaned.py,1,1,0.3411433696746826,0.6588566303253174
kat2,2004_20_content_Govind9_BubbleSortAnalysis_Sorting.py_cleaned.py,0,1,0.15713685750961304,0.842863142490387
kat2,8418_v1_16_content_ydhnwb_sentiment_analysis_movie_preprocessing.py_cleaned.py,1,0,0.5888448357582092,0.41115522384643555
kat2,13006_32_content_DarylBui_webscraping_YelpAPI.py_cleaned.py,0,1,0.2921912372112274,0.707808792591095
kat2,13031_49_content_S-GH_WebtoonReply_Scraping-and-Sentiment_Analysis_2._Preprocess.py_cleaned.py,0,0,0.9688562154769897,0.031143832951784134
kat2,9120_v1_3_content_iykadev_pyalgo_golden_ratio.py_cleaned.py,1,1,0.10932482779026031,0.8906751871109009
kat2,1750_58_content_tarasrumezhak_TicTacToe_board.py_cleaned.py,0,1,0.17462129890918732,0.8253787159919739
kat2,61_v1_14_content_user0198_aes-256-CBC_aes256.py_cleaned.py,1,1,0.08709683269262314,0.9129031896591187
kat2,5496_6_content_yasinakinn_hierarchical-clustering_linkage_methods.py_cleaned.py,0,0,0.9416541457176208,0.05834583565592766
kat2,4060_7_content_Broski-AC_FizzBuzz1_Fizzbuzz.py_cleaned.py,0,0,0.5039061903953552,0.49609383940696716
kat2,12090_v1_15_content_ganigavinaya_LogisticRegression_MLAssignment.py_cleaned.py,1,0,0.5302364826202393,0.46976351737976074
kat2,13094_v1_21_content_DaSunnySide_Stock-Analysis_csv_practice.py_cleaned.py,1,0,0.6039317846298218,0.39606815576553345
kat2,9095_v1_2_content_Warriorchief_Euler23_NonabundantSums_Euler23_Non-abundant_Sums.py_cleaned.py,1,1,0.1465752124786377,0.8534248471260071
kat2,10004_v1_6_content_usbogie_MSTcreator_Node.py_cleaned.py,1,1,0.09704755991697311,0.9029524326324463
kat2,8090_1_content_susheelsagar_LCSS_temp.py_cleaned.py,0,0,0.973036527633667,0.026963500306010246
kat2,1742_42_content_nidhigup01_Least-Common-Ancestor-in-Binary-tree_self_least_common_ancestor.py_cleaned.py,0,0,0.8998277187347412,0.10017222166061401
kat2,8134_v1_1_content_jim-spyropoulos_Trajectory-Analysis-and-Classification-in-Python-Pandas-and-Scikit-Learn_fast_dtw_neigbors.py_cleaned.py,1,1,0.2943163514137268,0.7056836485862732
kat2,4372_v1_27_content_ayaar25_elgamalecceg_pointoperatorecc.py_cleaned.py,1,1,0.23440666496753693,0.7655933499336243
kat2,8400_80_content_cgeopapa_NaiveBayesClassifier-ham-spam-mail_Bayes.py_cleaned.py,0,1,0.2454465627670288,0.754553496837616
kat2,10239_58_content_vyom13_Principal-Component-Analysis-Linear-Discriminant-Analysis-PCA-LDA-In-Python_Q1_Final.py_cleaned.py,0,0,0.9092645049095154,0.09073548763990402
kat2,12996_21_content_DaSunnySide_Stock-Analysis_csv_practice.py_cleaned.py,0,0,0.9453993439674377,0.05460060387849808
kat2,12073_7_content_manuellah_bc-9-twitter-sentiment-app_twitter_sentiment.py_cleaned.py,0,0,0.8633915781974792,0.13660839200019836
kat2,6943_9_content_emmanuj_mst-solver_node.py_cleaned.py,0,0,0.9026095867156982,0.09739039838314056
kat2,9042_1_content_danrludwig_perfect_number_perfect_number_code.py_cleaned.py,0,0,0.7233095169067383,0.2766905426979065
kat2,4702_51_content_adityapatelgithub_Expressions-and-Functions_linkedlist.py_cleaned.py,0,0,0.9839708209037781,0.016029145568609238
kat2,95_v1_8_content_gordon636798_DiffieHellman-AES_DiffieHellman_AES.py_cleaned.py,1,1,0.3830641806125641,0.6169357895851135
kat2,7485_11_content_sichen-x_search-engine_index_search.py_cleaned.py,0,1,0.3942009508609772,0.6057990789413452
kat2,9077_3_content_iykadev_pyalgo_lagged_fibonacci_gen.py_cleaned.py,0,1,0.3094409108161926,0.6905590891838074
kat2,12094_v1_16_content_NB-prog_INTERN-2019_DataHandler.py_cleaned.py,1,1,0.30033501982688904,0.6996649503707886
kat2,8422_v1_21_content_pavel-shepelev_NaiveBayes_News_Classifier.py_cleaned.py,1,1,0.3249044120311737,0.6750955581665039
kat2,8087_1_content_jim-spyropoulos_Trajectory-Analysis-and-Classification-in-Python-Pandas-and-Scikit-Learn_lcss_neighbors.py_cleaned.py,0,1,0.27202457189559937,0.7279754281044006
kat2,6962_v1_26_content_cteters_Minimum-spanning-tree_kruskal.py_cleaned.py,1,1,0.231386199593544,0.7686138153076172
kat2,3733_13_content_isabellavieira57_dijkstra-fractionalKnapsack-polynomialMultiplication_question3b.py_cleaned.py,0,0,0.974821150302887,0.02517884224653244
kat2,80_v1_23_content_SigmaPic_cryptoloop_cryptoloop.py_cleaned.py,1,1,0.3589146137237549,0.6410853862762451
kat2,9086_3_content_iykadev_pyalgo_VertexGraph.py_cleaned.py,0,0,0.9905142784118652,0.009485714137554169
kat2,6341_54_content_sumanth-bmsce_Unsupervised_Extreme_Learning_Machine_EM_Algo.py_cleaned.py,0,0,0.961533784866333,0.0384661927819252
kat2,11985_v1_2_content_umam006_steganografi-tugas_LSBSteg.py_cleaned.py,1,0,0.837619960308075,0.16238002479076385
kat2,10540_39_content_guneskaan_queueBot_queue_bot.py_cleaned.py,0,1,0.4736572504043579,0.5263427495956421
kat2,9108_v1_3_content_iykadev_pyalgo_blum_blum_shub.py_cleaned.py,1,0,0.793105959892273,0.20689405500888824
kat2,4088_v1_3_content_HundredVisionsGuy_DivisibilityExceptionHandlingTests_test_Divisibility.py_cleaned.py,1,1,0.10539454966783524,0.8946054577827454
kat2,9084_3_content_iykadev_pyalgo_stable_marriage.py_cleaned.py,0,0,0.6572635173797607,0.34273651242256165
kat2,3229_v1_79_content_bewing03_DFS-Baseball_scrape.py_cleaned.py,1,0,0.6575384140014648,0.34246155619621277
kat2,10310_v1_92_content_linasaha_Principal-Component-Analysis-to-generate-good-features-for-Handwritten-Digit-Recognition_PCA.py_cleaned.py,1,1,0.3858374059200287,0.6141626238822937
kat2,12994_18_content_yassine-youcefi_web-scraping-nike-website_scrap.py_cleaned.py,0,0,0.7021217346191406,0.29787829518318176
kat2,5022_v1_42_content_tesladodger_Fibonacci_fibonacci.py_cleaned.py,1,1,0.1710611879825592,0.8289388418197632
kat2,2047_83_content_SonNinh_sorting-algorithm_sorting_deck.py_cleaned.py,0,1,0.2852848470211029,0.7147151827812195
kat2,5485_51_content_qolina_AggED_simple-txt-to-text-stream.py_cleaned.py,0,0,0.9207897186279297,0.0792103260755539
kat2,3464_31_content_shreyas3336_Diffie-Hellman-KeyExchange_Seed_Generator.py_cleaned.py,0,0,0.9802808165550232,0.01971912570297718
kat2,13174_v1_96_content_sachinchaturvedi93_monster-scraper_monster-spider.py_cleaned.py,1,1,0.4348212480545044,0.5651787519454956
kat2,2376_v1_5_content_anguillanneuf_bigO_89_license_plate.py_cleaned.py,1,1,0.11676400899887085,0.8832359910011292
kat2,5263_3_content_renyuntao_Floyd_Warshall_floyd.py_cleaned.py,0,0,0.9874721169471741,0.012527933344244957
kat2,9974_v1_11_content_Boros93_GraphProject_kruskal.py_cleaned.py,1,1,0.2429232895374298,0.7570766806602478
kat2,5751_15_content_prashant-kikani_image-optimizer_utils.py_cleaned.py,0,1,0.1304999738931656,0.8695000410079956
kat2,13054_78_content_hsauers5_OptionsScraper_main.py_cleaned.py,0,1,0.4670886695384979,0.5329113602638245
kat2,5826_v1_3_content_mightydeveloper_Deep-Compression-PyTorch_pruning.py_cleaned.py,1,0,0.545225203037262,0.4547748267650604
kat2,2649_v1_2_content_swapnilg915_cosine_similarity_using_embeddings_spacy_embeddings.py_cleaned.py,1,0,0.6048657894134521,0.39513421058654785
kat2,3746_20_content_higirodj_Dijkstra_dijkstra.py_cleaned.py,0,0,0.9863631129264832,0.013636834919452667
kat2,2024_45_content_Janteby1_bubble_sort-copy_bubble_sort.py_cleaned.py,0,0,0.9167081117630005,0.0832919329404831
kat2,2014_2_content_evinw_bubble_sort_bub.py_cleaned.py,0,0,0.9207897186279297,0.0792103260755539
kat2,9649_23_content_wliabc_Prime-numbers_prime.py_cleaned.py,0,0,0.8848377466201782,0.11516223102807999
kat2,2577_10_content_analyticsbot_document-similarity_document_similarity_nlevenstein.py_cleaned.py,0,0,0.973036527633667,0.026963500306010246
kat2,2624_9_content_canonicalmg_FAQ-Chat-Bot_main.py_cleaned.py,0,0,0.9481545686721802,0.05184547230601311
kat2,3164_44_content_sharyudeshmukh_Pacman_temp.py_cleaned.py,0,0,0.9600626826286316,0.03993731737136841
kat2,2003_1_content_griffbr_BubbleNets_bubblenets_select_frame.py_cleaned.py,0,0,0.9785493016242981,0.02145073190331459
kat2,3520_v1_46_content_MrJmk_protocoles_crypto_Diffie-Hellman.py_cleaned.py,1,1,0.15304216742515564,0.8469578623771667
kat2,1496_v1_27_content_Mypathissional_Data_Structures_AVL.py_cleaned.py,1,1,0.2792384624481201,0.7207615375518799
kat2,6654_9_content_ludmal_knn_knn.py_cleaned.py,0,0,0.6517983078956604,0.348201721906662
kat2,12474_v1_72_content_SreekarJammula_tf-idf-_asst2_part2_1.py_cleaned.py,1,0,0.7106282711029053,0.28937169909477234
kat2,321_6_content_HaoLyu_Association-rule-learning_Apriori.py_cleaned.py,0,0,0.954647421836853,0.04535257816314697
kat2,12114_v1_3_content_crvineeth97_kannada-stop-words_stopwords_find.py_cleaned.py,1,1,0.32295289635658264,0.677047073841095
kat2,4057_6_content_pushpanjalis_Basic-python-code_basic_code.py_cleaned.py,0,0,0.9693241715431213,0.030675798654556274
kat2,12324_1_content_DanShai_kernalized-tsne_main.py_cleaned.py,0,0,0.66888028383255,0.33111974596977234
kat2,6120_v1_46_content_arun-p12_sort-algorithms_radix_sort.py_cleaned.py,1,1,0.016029145568609238,0.9839708209037781
kat2,10303_v1_7_content_work-nchc_PCAMN_treetop.py_cleaned.py,1,1,0.3842187523841858,0.6157812476158142
kat2,12756_v1_35_content_XiaoCode-er_image-digital-express_image_calculation.py_cleaned.py,1,1,0.19744445383548737,0.802555501461029
kat2,2583_10_content_sushant097_Chatbot-using-Python-NLTK-_ChatBot.py_cleaned.py,0,0,0.9566342234611511,0.043365802615880966
kat2,1801_v1_5_content_domodomodomo_binary_search_tree_test.py_cleaned.py,1,1,0.1259227693080902,0.8740772008895874
kat2,10559_5_content_supfisher_PredicrionInQueueNets_regression.py_cleaned.py,0,0,0.5331543684005737,0.4668456017971039
kat2,4063_7_content_jakobpederson_divisible_pair_sums_test_divisible_pair_sums.py_cleaned.py,0,1,0.1041124165058136,0.8958876132965088
kat2,960_v1_7_content_ardyerwanda_SDN-Bellman-Ford-Pyretic_wG_bellfordCost.py_cleaned.py,1,1,0.16681109368801117,0.8331889510154724
kat2,8655_15_content_elkozmon_otp_test_otp.py_cleaned.py,0,1,0.3460991680622101,0.6539008617401123
kat2,1777_v1_20_content_kristianespina_python-binary-search-tree_binary_search_tree.py_cleaned.py,1,1,0.344112753868103,0.655887246131897
kat2,11698_1_content_becurrie_py-sorts_sorter-runner.py_cleaned.py,0,0,0.5467381477355957,0.4532618820667267
kat2,1440_19_content_riccardobisori_Binary-Trees_TestHeights.py_cleaned.py,0,1,0.49609383940696716,0.5039061903953552
kat2,9988_v1_27_content_mskroar18_GraphWizard_edge.py_cleaned.py,1,0,0.9001793265342712,0.09982065856456757
kat2,3729_10_content_tjazerzen_a_star_algorithm_helper_functions.py_cleaned.py,0,1,0.13296423852443695,0.8670357465744019
kat2,8947_5_content_harshdarji22_crypto_index.py_cleaned.py,0,0,0.9780517220497131,0.021948255598545074
kat2,890_3_content_abdulqadirs_distance-vector-routing-protocol_DVR.py_cleaned.py,0,0,0.9802808165550232,0.01971912570297718
kat2,4738_v1_33_content_priech_PyFactorial_factorial.py_cleaned.py,1,1,0.29421496391296387,0.7057850360870361
kat2,10300_v1_7_content_syamkakarla98_PCA-On-IRIS-Dataset-With-Classification-Using-KNNC_iris_after_pca_knnc.py_cleaned.py,1,0,0.621540904045105,0.37845906615257263
kat2,2908_92_content_FranzScheerer_DES_The_signature_with_ECDSA_or_Schnorr.py_cleaned.py,0,0,0.974821150302887,0.02517884224653244
kat2,2878_28_content_tomsiwek_gprMax-Designer_operation.py_cleaned.py,0,0,0.6757646203041077,0.32423537969589233
kat2,10297_v1_6_content_LinHungShi_Principal-Component-Analysis-for-Images_pca_whole_image.py_cleaned.py,1,1,0.38006842136383057,0.6199315786361694
kat2,6037_14_content_LOOPPO_INS_MERGE_sort_insertionSort.py_cleaned.py,0,0,0.9810219407081604,0.01897803694009781
kat2,4109_v1_6_content_sockster_metroCard_metroCard.py_cleaned.py,1,1,0.07263670116662979,0.9273632764816284
kat2,2374_v1_5_content_anguillanneuf_bigO_54_fix_tampered_bst_efficient.py_cleaned.py,1,1,0.13963085412979126,0.8603691458702087
kat2,12425_72_content_SreekarJammula_tf-idf-_asst2_part2_1.py_cleaned.py,0,0,0.9788748621940613,0.021125193685293198
kat2,2655_v1_3_content_JennaBellassai_phrase-similarity_similarity_score.py_cleaned.py,1,1,0.12442562729120255,0.8755743503570557
kat2,7221_23_content_clydedacruz_worddoc-indexer-py_query_index.py_cleaned.py,0,1,0.31869715452194214,0.6813028454780579
kat2,10600_v1_53_content_haydentmichael_Assign4_TreeTraversal.py_cleaned.py,1,1,0.14175599813461304,0.858244001865387
kat2,3536_v1_8_content_suman-kr_diffie-hellman_server.py_cleaned.py,1,1,0.29401224851608276,0.7059877514839172
kat2,3201_v1_1_content_akhilesh1311_MazeSolver_path_planning.py_cleaned.py,1,1,0.18187996745109558,0.818120002746582
kat2,10248_71_content_QingmouLi_SizerPy_SizeRaster.py_cleaned.py,0,0,0.5156199336051941,0.4843800961971283
kat2,7574_v1_6_content_neal-o-r_array_search_binary_search.py_cleaned.py,1,1,0.3184851408004761,0.6815148591995239
kat2,8708_v1_17_content_jb0xx_decrypt-onetimepad_texthelper.py_cleaned.py,1,1,0.11476478725671768,0.8852352499961853
kat2,11433_v1_15_content_ihavenonickname_RSA_rsa.py_cleaned.py,1,1,0.05541279539465904,0.944587230682373
kat2,8704_v1_14_content_b-hub_cracker_test.py_cleaned.py,1,1,0.4616234600543976,0.53837651014328
kat2,12449_v1_3_content_avinashbhat_keyword-extraction-using-tf-idf_main.py_cleaned.py,1,1,0.36658975481987,0.6334102749824524
kat2,66_v1_17_content_bickyeric_steganography_app.py_cleaned.py,1,1,0.31362995505332947,0.6863700151443481
kat2,6379_v1_38_content_taesungp_pytorch-kmeans-init_demo.py_cleaned.py,1,1,0.25017932057380676,0.7498207092285156
kat2,6104_v1_24_content_lesdev_SortingMethods_sequential.py_cleaned.py,1,1,0.09739039838314056,0.9026095867156982
kat2,7491_11_content_sichen-x_search-engine_words.py_cleaned.py,0,0,0.9890130758285522,0.01098694372922182
kat2,4068_v1_12_content_dxania_Fizzbuzz_fizzbuzz.py_cleaned.py,1,1,0.10856641829013824,0.8914335370063782
kat2,7212_1_content_akoksal_Turkish-Lemmatizer_trainLexicon.py_cleaned.py,0,0,0.9771973490715027,0.02280263602733612
kat2,596_23_content_kmetallic04_fringe_config.py_cleaned.py,0,0,0.9532750844955444,0.04672496020793915
kat2,4363_v1_1_content_randombit_pairings.py_bls.py_cleaned.py,1,1,0.31658053398132324,0.6834195256233215
kat2,7793_23_content_TuckerStewart98_LinkedList_MyLinkedList.py_cleaned.py,0,1,0.11318691074848175,0.8868131041526794
kat2,7553_v1_1_content_Chunning-Zhou_MILPBasedSearchAlgorithmDiff_main_feistel.py_cleaned.py,1,1,0.2247353047132492,0.7752646803855896
kat2,8682_3_content_archit-p_two-time-pad-exploit_exploit-two-time-pad.py_cleaned.py,0,0,0.9832144975662231,0.01678549125790596
kat2,637_v1_1_content_sadnessFree_arima-lstm_combine-linear.py_cleaned.py,1,0,0.8204693794250488,0.1795305609703064
kat2,4054_5_content_AdamJacoby_Hopf_HopfConstructions.py_cleaned.py,0,0,0.9893474578857422,0.01065251138061285
kat2,11684_11_content_jdpenuliar_selectionsortdjango_manage.py_cleaned.py,0,0,0.586641252040863,0.41335874795913696
kat2,12413_58_content_zhaoyichanghong_machine_learing_algo_python_fuzzy_c_means.py_cleaned.py,0,0,0.6000711917877197,0.39992883801460266
kat2,26_21_content_emilystamm_aes-ecb-attacks_aes_ecb_oracle.py_cleaned.py,0,1,0.24364244937896729,0.7563575506210327
kat2,9994_v1_4_content_reza-asad_Prims-Minimum-Spanning-Tree_Prim_s_algorithm.py_cleaned.py,1,1,0.13895763456821442,0.8610423803329468
kat2,2298_24_content_MuyaoWang_OnePlusTwo-BigData_PostProcessForReport.py_cleaned.py,0,0,0.9793540239334106,0.020645931363105774
kat2,12432_v1_10_content_pikulet_intellex_Dictionary.py_cleaned.py,1,1,0.17064616084098816,0.8293538093566895
kat2,12326_1_content_vuolleko_pyTSNE_bh_tsne.py_cleaned.py,0,0,0.8140527606010437,0.1859472095966339
kat2,7503_1_content_Chunning-Zhou_MILPBasedSearchAlgorithmDiff_main_feistel.py_cleaned.py,0,0,0.9775429368019104,0.022457055747509003
kat2,3466_35_content_DiarmuidKelly_Key_Exchange_diffie_hellman.py_cleaned.py,0,1,0.05921025201678276,0.9407896995544434
kat2,5271_6_content_chawl002_PythonProject141_2_assignment2.py_cleaned.py,0,1,0.3526475131511688,0.6473524570465088
kat2,2382_v1_7_content_PotatoSpudowski_The-centralized-guide-to-distributed-storage-and-processing-of-big-data_13_makerspace_analysis.py_cleaned.py,1,1,0.45035937428474426,0.5496405959129333
kat2,94_v1_7_content_git-remove_CBC-and-CTR-Decipher_decipher.py_cleaned.py,1,1,0.2845759987831116,0.7154240012168884
kat2,8144_v1_3_content_jzwei023_LongestCommonSubsequence_lcs.py_cleaned.py,1,1,0.15203224122524261,0.8479677438735962
kat2,11711_29_content_cmccoypdx_PythonSortCompare_Generator.py_cleaned.py,0,1,0.2921912372112274,0.707808792591095
kat2,4594_9_content_Soumyabrata_predicting-pwv_read_matfile.py_cleaned.py,0,0,0.9755768775939941,0.024423090741038322
kat2,8130_v1_1_content_Gopal9028_Longest-Common-Subsequence-using-MPI_lcs_using_MPI.py_cleaned.py,1,1,0.4873073995113373,0.5126925706863403
kat2,8157_v1_8_content_16chuang_CS161_Project_LCS.py_cleaned.py,1,1,0.18242551386356354,0.8175744414329529
kat2,8094_2_content_shreya21rathi_Longest-Common-Subsequence_lcs.py_cleaned.py,0,0,0.9883127808570862,0.011687257327139378
kat2,9685_v1_15_content_EdwinKato_prime_number_generator_prime_number_generator.py_cleaned.py,1,0,0.6270381808280945,0.3729618787765503
kat2,2049_94_content_skatsd_Sorting-Algorithm-Visualiser_SORT_VISUALISER.py_cleaned.py,0,0,0.9795114994049072,0.0204885546118021
kat2,5312_v1_8_content_chiragragarwal_Graphs_And_Networks_graph_plot.py_cleaned.py,1,1,0.15304216742515564,0.8469578623771667
kat2,13177_v1_9_content_chaseycodes_StockX-Scraper_2-sneaker_scraper.py_cleaned.py,1,0,0.5537466406822205,0.4462534189224243
kat2,12454_v1_44_content_Tian14267_Text_Keywords_Keywords_main_MutilSentence.py_cleaned.py,1,1,0.3399371802806854,0.660062849521637
kat2,4098_v1_5_content_AdamJacoby_Hopf_Example_DihedralGroup.py_cleaned.py,1,1,0.30369308590888977,0.6963069438934326
kat2,8711_v1_1_content_anthonyzhub_One-Time-Pad_One-Time_Pad.py_cleaned.py,1,1,0.24944724142551422,0.750552773475647
kat2,13163_v1_89_content_pratikdeshmukh2004_Web_scraping_paytm.py_cleaned.py,1,1,0.19868534803390503,0.801314651966095
kat2,12686_16_content_aplested_verify_file_tools.py_cleaned.py,0,0,0.9890130758285522,0.01098694372922182
kat2,6701_v1_98_content_pooja1909_Bigdata-project_input.py_cleaned.py,1,1,0.2952299416065216,0.7047700881958008
kat2,6389_v1_53_content_ohrockness_k-means-clustering-in-python_k-means.py_cleaned.py,1,0,0.7102264761924744,0.28977349400520325
kat2,1164_2_content_Madeeha-Anjum_Box_Head_testing_BFS.py_cleaned.py,0,0,0.954308032989502,0.04569203406572342
kat2,1723_1_content_dhvanilp_Persistent-Binary-Search-Trees_index.py_cleaned.py,0,1,0.1711997240781784,0.8288003206253052
kat2,1202_v1_13_content_odiliohafidh_Pencarian-Rumahsakit-Terdekat-dengan-metode-dfs-dan-bfs-python-_cari_rumsakit.py_cleaned.py,1,1,0.17300857603549957,0.8269913792610168
kat2,7816_44_content_rjsheth_LinkedList-Problems_Reverse_linked_list.py_cleaned.py,0,0,0.9883127808570862,0.011687257327139378
kat2,1242_v1_7_content_mhkhojaste_sliding-puzzle-with-search-algorithms_Problem.py_cleaned.py,1,1,0.45713675022125244,0.5428633093833923
kat2,356_v1_1_content_vijaymukhiija_Sale-optimizing_apyori.py_cleaned.py,1,1,0.13986563682556152,0.8601343035697937
kat2,8128_v1_15_content_VakinduPhilliam_Pattern_Matching_Python_Glob_Directory_Matching.py_cleaned.py,1,0,0.6053325533866882,0.39466747641563416
kat2,5004_v1_10_content_edwardj728_sequences_project_sequences.py_cleaned.py,1,1,0.27444860339164734,0.725551426410675
kat2,2384_v1_85_content_leandrocamara_map-reduce-words-higher-occurrence_words-higher-occurrence.py_cleaned.py,1,1,0.3553273677825928,0.6446726322174072
kat2,8963_v1_4_content_mrimahajan_advanced_analysis_package_variable_treatment.py_cleaned.py,1,1,0.39035964012145996,0.60964035987854
kat2,640_v1_1_content_sadnessFree_arima-lstm_data_review.py_cleaned.py,1,1,0.38630029559135437,0.6136996746063232
kat2,6989_v1_9_content_Boros93_GraphProject_test_prim.py_cleaned.py,1,1,0.47804147005081177,0.5219584703445435
kat2,13144_v1_71_content_Ishanthedev_web-crawling-and-web-scraping_middlewares.py_cleaned.py,1,1,0.4943544864654541,0.5056454539299011
kat2,6328_36_content_prakhardogra921_Clustering-using-Kmeans-Cmeans-and-GMM_gmm_sklearn.py_cleaned.py,0,1,0.37799975275993347,0.6220002174377441
kat2,4110_v1_7_content_Broski-AC_FizzBuzz1_Fizzbuzz.py_cleaned.py,1,1,0.17539678514003754,0.824603259563446
kat2,9710_v1_30_content_olamofe_primeQuery_primeQuery.py_cleaned.py,1,0,0.9726234674453735,0.027376487851142883
kat2,11095_13_content_zandermoss_bessel_recursion_testi.py_cleaned.py,0,0,0.9618217349052429,0.038178276270627975
kat2,7567_v1_3_content_vellankikoti_linear_binary_linear_binary.py_cleaned.py,1,1,0.05360114574432373,0.9463988542556763
kat2,5790_7_content_AastroLePetitRobot_Huffman-Coding_Huffman.py_cleaned.py,0,0,0.9890130758285522,0.01098694372922182
kat2,5839_v1_7_content_TongTongX_HuffmanCompressor_huffman.py_cleaned.py,1,0,0.50048828125,0.4995117485523224
kat2,9632_13_content_dannbleeker_SearchForPrimeNumbers_runPrimeSearch.py_cleaned.py,0,1,0.29128319025039673,0.708716869354248
kat2,11478_v1_95_content_KyawHtetWin_RSA-Encryption-Decryption_rsa_encryption.py_cleaned.py,1,1,0.13477592170238495,0.8652240633964539
kat2,3460_29_content_fwoodruff_ECDH_TypeConversion.py_cleaned.py,0,1,0.46295860409736633,0.5370413661003113
kat2,6644_4_content_nikhilrampal15_real_estate_advisor_knn_kmeans_kmeans.py_cleaned.py,0,0,0.9877586960792542,0.012241275981068611
kat2,4696_4_content_moduloone_QualtricsFactorialVignettes_questiongen.py_cleaned.py,0,0,0.9759464263916016,0.024053553119301796
kat2,9044_2_content_imset_Perfect-Numbers_perfNum.py_cleaned.py,0,1,0.08035746961832047,0.9196425676345825
kat2,12078_v1_11_content_zfkl_sentiment-analysis_sentiment_twitter.py_cleaned.py,1,0,0.577569842338562,0.4224301874637604
kat2,8740_v1_9_content_klogdog_One-Time-Pad_OTP.py_cleaned.py,1,1,0.15974101424217224,0.8402590155601501
kat2,3484_7_content_adwarner_Diffie-Hellman_Division_Algo.py_cleaned.py,0,0,0.9802808165550232,0.01971912570297718
kat2,6954_v1_19_content_AlbCalv_kruskal-algorithm_Kruskal.py_cleaned.py,1,1,0.09334687888622284,0.9066531658172607
kat2,6919_32_content_arian100y_Travelling-Salesman-Problem_createDBOrdered.py_cleaned.py,0,0,0.9635062217712402,0.03649376705288887
kat2,7186_10_content_nishi1612_Email-Spam-Classification-using-SVM_processing_emails_to_find_occurance_of_words.py_cleaned.py,0,0,0.9927672147750854,0.007232763338834047
kat2,4066_8_content_leocarr_smallestmultiple_smallestmult.py_cleaned.py,0,0,0.9553191661834717,0.0446808747947216
kat2,13025_45_content_umtpfe_Projet-scrapy_gglev5.py_cleaned.py,0,0,0.5095202922821045,0.49047964811325073
kat2,12742_v1_23_content_aniket-gaikwad_Applied-Machine-learning-Project---Fall-2014_Boostrap.py_cleaned.py,1,1,0.23440666496753693,0.7655933499336243
kat2,3188_92_content_jackschultz_nba-optimize-micro_utils.py_cleaned.py,0,0,0.532880961894989,0.4671190679073334
kat2,6092_v1_21_content_ahmedbally_Sorting-LL_LinkedList.py_cleaned.py,1,1,0.05033063143491745,0.949669361114502
kat2,2040_73_content_kamil-owczarek_sorter_sorter.py_cleaned.py,0,1,0.12043881416320801,0.879561185836792
kat2,5021_v1_40_content_j-nicholson_FibonacciPy_fibonacci.py_cleaned.py,1,1,0.11920291930437088,0.8807970285415649
kat2,2079_v1_53_content_RefaelBeker7_Sorting-Algorithms-Python_ExampleSort_sixDifference.py_cleaned.py,1,1,0.08945459872484207,0.9105454087257385
kat2,1159_21_content_sagar-13_PuzzleSolver_puzzle_tools.py_cleaned.py,0,0,0.959307074546814,0.04069295525550842
kat2,8702_v1_13_content_TubyNeto_one-time-pad_main.py_cleaned.py,1,1,0.1063188761472702,0.8936811685562134
kat2,317_4_content_shubhamjha97_association-rule-mining-apriori_timing_wrapper.py_cleaned.py,0,0,0.9465966820716858,0.0534033328294754
kat2,10288_v1_58_content_Schuck9_PCA_PCA.py_cleaned.py,1,1,0.3789186179637909,0.6210813522338867
kat2,6099_v1_24_content_lesdev_SortingMethods_Insertion.py_cleaned.py,1,1,0.15687835216522217,0.8431217074394226
kat2,5779_3_content_xiekch_Adaptive-Huffman-Coding_bitStream.py_cleaned.py,0,1,0.07211220264434814,0.9278878569602966
kat2,9967_9_content_krj9cr_Hybrid-Prim-Dijkstra-GUI_MinQueue.py_cleaned.py,0,0,0.9899863600730896,0.010013571009039879
kat2,44_7_content_denisyarats_pytorch_sac_ae_train.py_cleaned.py,0,1,0.4277552664279938,0.5722447633743286
kat2,7855_v1_37_content_AAdewunmi_Following-Links-in-HTML-Using-BeautifulSoup_assign_12.6.py_cleaned.py,1,1,0.23370634019374847,0.7662936449050903
kat2,5013_v1_14_content_Alexander35_fibonacci_sequence_fibonacci_tests.py_cleaned.py,1,1,0.2769349217414856,0.7230650782585144
kat2,2336_v1_16_content_hungapp_big_o_01-29-HW.py_cleaned.py,1,1,0.07004895806312561,0.929951012134552
kat2,8665_20_content_dexhug_ciphers_one_time_pad.py_cleaned.py,0,1,0.3298233151435852,0.6701767444610596
kat2,900_4_content_mtnyrgn_Bellman-Ford-Algorithm-with-Python_bellman-ford.py_cleaned.py,0,0,0.9884918928146362,0.011508150026202202
kat2,662_v1_37_content_bouziane-meed_time-series-forcasting-using-ARIMA_app.py_cleaned.py,1,0,0.6557770371437073,0.3442229628562927
kat2,8109_8_content_thingumajig_weighted_lcs_elmo_pattern.py_cleaned.py,0,1,0.30172199010849,0.69827800989151
kat2,5279_8_content_JanFeys_Floyd-Warshall-All-Pairs-Shortest-Path_FloydWarshallAPSP.py_cleaned.py,0,0,0.9863631129264832,0.013636834919452667
kat2,10275_v1_27_content_AndresHerrera_PCA_Vowels_pca_training.py_cleaned.py,1,1,0.21076630055904388,0.7892336845397949
kat2,7865_v1_4_content_agvaibhav_linked-list_insertion-doubly.py_cleaned.py,1,1,0.11536139994859695,0.8846385478973389
kat2,11705_25_content_robsonribeiroft_tempo-de-ordencao-com-selection-sort_main.py_cleaned.py,0,0,0.9702399373054504,0.029760094359517097
kat2,639_v1_1_content_sadnessFree_arima-lstm_combine.py_cleaned.py,1,0,0.7212648987770081,0.27873510122299194
kat2,6657_v1_11_content_DaiDongyang_knn_experiments.py_cleaned.py,1,0,0.6357879638671875,0.3642120361328125
kat2,6992_v1_9_content_emmanuj_mst-solver_node.py_cleaned.py,1,1,0.19559407234191895,0.804405927658081
kat2,9110_v1_3_content_iykadev_pyalgo_bubbleSort.py_cleaned.py,1,1,0.31615808606147766,0.6838418841362
kat2,10582_v1_34_content_dvsa_cvs-tsk-dlq-handler_dlq_handler.py_cleaned.py,1,1,0.46295860409736633,0.5370413661003113
kat2,4106_v1_6_content_marcelotokarnia_dojo-divisibility-rules_is_divisible.py_cleaned.py,1,1,0.10525652021169662,0.8947435021400452
kat2,1155_1_content_dimizisis_blocksworld_node.py_cleaned.py,0,0,0.9479621648788452,0.05203782394528389
kat2,7817_46_content_lili668668_tensorflow-note_trytfb.py_cleaned.py,0,0,0.7448883652687073,0.25511160492897034
kat2,5265_5_content_Abdallah-Elshamy_floyd-warshall_APSP-Floyd_Warshall.py_cleaned.py,0,0,0.9908744096755981,0.00912563782185316
kat2,657_v1_2_content_yyqcs_time-series-model_ts_model.py_cleaned.py,1,0,0.5512717962265015,0.4487282335758209
kat2,10807_10_content_adrianvellamlt_Quick-Sort---Insertion-Sort_utils.py_cleaned.py,0,1,0.30074557662010193,0.6992543935775757
kat2,4993_67_content_GilbyScarChest_Fibonacci_API_app.py_cleaned.py,0,1,0.4970703423023224,0.5029296278953552
kat2,4744_v1_43_content_Warriorchief_Euler34_DigitFactorials_Euler34_Digit_Factorials.py_cleaned.py,1,1,0.09501304477453232,0.9049869179725647
kat2,9982_v1_1_content_colettebedoya_primsAndKruskal_DisjointSet.py_cleaned.py,1,1,0.13568954169750214,0.8643104434013367
kat2,6366_v1_21_content_p-kim1_Image-Segmentation-with-K-means_kmeans.py_cleaned.py,1,1,0.1261378973722458,0.8738621473312378
kat2,12038_15_content_ganigavinaya_LogisticRegression_LRwithoutStopWords.py_cleaned.py,0,0,0.9918121099472046,0.008187909610569477
kat2,4732_v1_1_content_mattjj_pyhsmm-factorial_util.py_cleaned.py,1,1,0.28776782751083374,0.7122321724891663
kat2,13069_94_content_adithyavasisth_VTU-Result-Scraper-with-CAPTCHA-Bypass_scraperrank.py_cleaned.py,0,1,0.3889661431312561,0.6110338568687439
kat2,4302_10_content_Suraj-Rajesh_elliptic_curve_cryptography_main.py_cleaned.py,0,1,0.45810624957084656,0.541893720626831
kat2,4064_8_content_drake-young_Euler12_Python_main.py_cleaned.py,0,0,0.8929365277290344,0.10706345736980438
kat2,9690_v1_19_content_lisamryl_prime-number-multiplication-table_tests.py_cleaned.py,1,1,0.16885696351528168,0.8311430811882019
kat2,7224_25_content_aajanki_finnish-pos-accuracy_datasets.py_cleaned.py,0,1,0.30938875675201416,0.6906112432479858
kat2,1237_v1_6_content_raghavgr_Go-Game_gridGo.py_cleaned.py,1,0,0.543832540512085,0.4561675190925598
kat2,9927_12_content_diegooliveira95_PrimAndDijkstra_prim.py_cleaned.py,0,0,0.9821512699127197,0.01784873753786087
kat2,3496_v1_20_content_phrantom_Diffie-Hellman_diffie-hellman.py_cleaned.py,1,1,0.4130035638809204,0.5869964361190796
kat2,3205_v1_26_content_nakamoo_dfs_v_function.py_cleaned.py,1,0,0.6901415586471558,0.30985844135284424
kat2,12092_v1_16_content_NB-prog_INTERN-2019_analogy_eval.py_cleaned.py,1,1,0.44046926498413086,0.5595307350158691
kat2,8651_13_content_notpresident35_one-time-pad-machine_STILL_More_Testing.py_cleaned.py,0,0,0.9032942056655884,0.09670579433441162
kat2,12476_v1_76_content_shivgarg_twitter-sentiment_test.py_cleaned.py,1,0,0.6296607851982117,0.3703392446041107
kat2,7834_v1_19_content_vickyabi_singly-linked-list_singly_linked_list.py_cleaned.py,1,1,0.07835981249809265,0.9216402173042297
kat2,6083_v1_10_content_poku18_CE_III_06_Lab2_lab2.py_cleaned.py,1,1,0.03138043358922005,0.9686195850372314
kat2,6325_35_content_NavneetSomwal_Weather-Data-Clustering-using-k-Means_waether_data_Clustering_k-means_scikit-learn.py_cleaned.py,0,0,0.8577680587768555,0.14223188161849976
kat2,7545_v1_14_content_akozlu_Uninformed-Search-_lights_out_gui.py_cleaned.py,1,1,0.1149633452296257,0.8850365877151489
kat2,1167_32_content_mahtabfarrokh_classic-search_Astar.py_cleaned.py,0,1,0.3235403895378113,0.6764596104621887
kat2,3534_v1_7_content_adwarner_Diffie-Hellman_Division_Algo.py_cleaned.py,1,1,0.3073580265045166,0.6926419734954834
kat2,948_v1_4_content_Khante_Distance-Vector-Algorithm_simulation_1.py_cleaned.py,1,1,0.2733924686908722,0.7266075015068054
kat2,4036_2_content_johnrobyclayton_division-project_plot.py_cleaned.py,0,1,0.1540575623512268,0.8459424376487732
kat2,1502_v1_34_content_jhomswk_Binary_Search_Tree_avl_tree.py_cleaned.py,1,1,0.2802222669124603,0.7197777628898621
kat2,1769_v1_17_content_CHINAJR_BinaryTree_biggestsubBSTtree.py_cleaned.py,1,1,0.1755380630493164,0.8244618773460388
kat2,1799_v1_5_content_domodomodomo_binary_search_tree_binary_search_tree.py_cleaned.py,1,1,0.12463856488466263,0.875361442565918
kat2,315_4_content_JunaidAShaikh_Apriori_and_Association_Rule_Generation_Algorithm_Project1_Apriori_PartA.py_cleaned.py,0,0,0.9932025074958801,0.006797531619668007
kat2,876_1_content_dedeco_dijkstra-bellman-ford_utils.py_cleaned.py,0,0,0.9676556587219238,0.032344330102205276
kat2,2635_v1_11_content_kirokuan_Idf-tf-DocCompare_PorterStemmer.py_cleaned.py,1,1,0.2393493503332138,0.7606506943702698
kat2,3811_v1_52_content_Tchaikovic_dijkstra_mapcreator.py_cleaned.py,1,1,0.27904197573661804,0.7209580540657043
kat2,2893_75_content_acoollevel_desktop-clock_clock.py_cleaned.py,0,0,0.9212159514427185,0.07878401130437851
kat2,10_13_content_vatsal-rooprai_Image-Aesthetic-Evaluation_train_network.py_cleaned.py,0,1,0.42465054988861084,0.5753494501113892
kat2,9945_5_content_abcsds_Prim_example.py_cleaned.py,0,0,0.961533784866333,0.0384661927819252
kat2,3236_v1_85_content_adamkanouse_better-lineups-dfs_lineup_nba_fanduel.py_cleaned.py,1,1,0.32637879252433777,0.6736212372779846
kat2,55_v1_11_content_reo11_aes-for-japanese-learner_predict_with_svr.py_cleaned.py,1,0,0.5165954232215881,0.4834045171737671
kat2,952_v1_4_content_rcornacchia_bellman-ford_testclient.py_cleaned.py,1,1,0.3442229628562927,0.6557770371437073
kat2,13034_53_content_VipinindKumar_Web-scraping-price_newegg.py_cleaned.py,0,0,0.8050197958946228,0.1949802190065384
kat2,1790_v1_3_content_Svistoplyaz_Uniformly_Generating_Binary_Trees_main.py_cleaned.py,1,1,0.18735560774803162,0.8126444220542908
kat2,2041_74_content_OstapKuch_Lab_01_alg_sort.py_cleaned.py,0,0,0.9205042719841003,0.07949570566415787
kat2,1201_v1_11_content_davedennis_DFS-and-BFS-Search_dfbf.py_cleaned.py,1,1,0.13846179842948914,0.8615382313728333
kat2,6385_v1_44_content_anhlpham_kmeans_Femodel_T-sne_pape.py_cleaned.py,1,0,0.8022459149360657,0.1977541446685791
kat2,11686_12_content_wallaceicy06_room-draw_roomdraw.py_cleaned.py,0,0,0.8322367072105408,0.167763352394104
kat2,1776_v1_1_content_SiccoVerwer_binoct_regtrees.py_cleaned.py,1,1,0.30798205733299255,0.6920179128646851
kat2,9688_v1_17_content_txrp0x9_py_prime_number_primeno.py_cleaned.py,1,1,0.38225674629211426,0.6177432537078857
kat2,9671_7_content_Yasinbabu_prime_main.py_cleaned.py,0,0,0.9834704995155334,0.01652955822646618
kat2,2929_v1_29_content_Q-Qing_DistributedLockDesign_leader_server.py_cleaned.py,1,1,0.1212688684463501,0.8787311315536499
kat2,957_v1_6_content_mmcetindag_ShortestPathAlgorithms_dijkstra.py_cleaned.py,1,1,0.27144479751586914,0.7285552024841309
kat2,5769_24_content_MariosPitsali_algorithms-practice_rollback.py_cleaned.py,0,0,0.9334307909011841,0.06656918674707413
kat2,583_1_content_nageshsinghc4_stock-market-forecasting_ZBH_stock.py_cleaned.py,0,0,0.9492946267127991,0.05070536211133003
kat2,9098_v1_3_content_iykadev_pyalgo_amb.py_cleaned.py,1,1,0.0755847916007042,0.9244152307510376
kat2,10841_4_content_varuntahin2210_ConversationalBot-Restaurant_nlu_model.py_cleaned.py,0,1,0.45568299293518066,0.5443170070648193
kat2,5023_v1_44_content_Mazuh_Fibonacci_fib_benchmark.py_cleaned.py,1,1,0.19682620465755463,0.8031737804412842
kat2,9702_v1_25_content_Scientific-Computing-at-Temple-Physics_prime-number-finder-MicrowaveOfEvil_primes.py_cleaned.py,1,1,0.12808823585510254,0.8719117641448975
kat2,9985_v1_22_content_mikaelharseno_DurianBot_allnodesolver.py_cleaned.py,1,1,0.298082560300827,0.7019174098968506
kat2,59_v1_13_content_vatsal-rooprai_Image-Aesthetic-Evaluation_test_network.py_cleaned.py,1,1,0.37662312388420105,0.6233768463134766
kat2,9941_4_content_JosephFWright_Prims_Algorithm_Kruskals.py_cleaned.py,0,0,0.9732407331466675,0.026759283617138863
kat2,12450_v1_40_content_phoolchandra_Text-Search-Engine_search.py_cleaned.py,1,1,0.3119506239891052,0.68804931640625
kat2,9093_v1_1_content_lucaspauker_factor-perfect-numbers_Factors_Perfect_Number.py_cleaned.py,1,1,0.04724971577525139,0.9527502655982971
kat2,6358_96_content_jtwaugh_gap-statistic_gap.py_cleaned.py,0,0,0.9709092378616333,0.02909075655043125
kat2,2601_2_content_ZatinMe_Python-Search-engine_buildindex.py_cleaned.py,0,0,0.9911527037620544,0.008847354911267757
kat2,9929_1_content_bhedavivek_prims_algorithm_graph.py_cleaned.py,0,0,0.9818752408027649,0.018124720081686974
kat2,10251_7_content_syamkakarla98_PCA-On-IRIS-Dataset-With-Classification-Using-KNNC_pca_iris_knnc.py_cleaned.py,0,0,0.956308901309967,0.043691057711839676
kat2,4094_v1_5_content_AdamJacoby_Hopf_ElementClass.py_cleaned.py,1,1,0.4469774663448334,0.553022563457489
kat2,6310_11_content_AlexCardaillac_K-Means-Clustering_k-means.py_cleaned.py,0,1,0.27904197573661804,0.7209580540657043
kat2,11744_v1_17_content_alanz4196_arrays_insertion_selection_sorts.py_cleaned.py,1,1,0.0960254967212677,0.9039745330810547
kat2,6320_28_content_IPDT_car_review_k-means_clustering_word_freq.py_cleaned.py,0,0,0.542742133140564,0.4572579264640808
kat2,8421_v1_1_content_pranav-dahiya_NaiveBayes_vocabulary.py_cleaned.py,1,1,0.2620856761932373,0.7379142642021179
kat2,8679_31_content_tobymyers_codingthematrix_The_Function_problems.py_cleaned.py,0,0,0.9734434485435486,0.026556573808193207
kat2,4743_v1_42_content_jrooks0520_Python_Factorial_CS230_Project4.py_cleaned.py,1,1,0.16158466041088104,0.8384153246879578
kat2,6682_v1_33_content_wpaturaj_FuzzyKNN_Sample_read.py_cleaned.py,1,1,0.16667540371418,0.8333246111869812
kat2,9996_v1_5_content_abcsds_Prim_exampleL.py_cleaned.py,1,0,0.553022563457489,0.4469774663448334
kat2,9067_3_content_iykadev_pyalgo_e_number.py_cleaned.py,0,0,0.9086179733276367,0.09138210862874985
kat2,8737_v1_7_content_oscarokker_OneTimePad_trivial_compression.py_cleaned.py,1,1,0.2351084053516388,0.7648916244506836
kat2,10304_v1_82_content_bryonkucharski_PCA_Baseball_Statistics_pca.py_cleaned.py,1,0,0.9410068988800049,0.058993030339479446
kat2,9061_3_content_iykadev_pyalgo_conways_game_of_life_algo.py_cleaned.py,0,0,0.9773707389831543,0.02262919954955578
kat2,6342_54_content_sumanth-bmsce_Unsupervised_Extreme_Learning_Machine_Spectral_Clustering.py_cleaned.py,0,0,0.9553191661834717,0.0446808747947216
kat2,1162_25_content_unifiprojects_TemporalGraphs_DFS-v1.py_cleaned.py,0,0,0.9481545686721802,0.05184547230601311
kat2,3518_v1_43_content_wilson9001_DHKeyExchange_DH.py_cleaned.py,1,1,0.14804719388484955,0.851952850818634
kat2,6038_17_content_kimjaeh10_Hybrid-Sort_LinkedList.py_cleaned.py,0,0,0.64813232421875,0.3518676459789276
kat2,3528_v1_68_content_Nircek_DiffHell2_main.py_cleaned.py,1,1,0.3757064640522003,0.6242935061454773
kat2,9394_v1_24_content_ingridut_PolynomialRegression_franke.py_cleaned.py,1,1,0.40262696146965027,0.5973730087280273
kat2,5809_v1_1_content_josgard94_JPEG_Algoritmo_jpeg.py_cleaned.py,1,0,0.8791467547416687,0.1208532303571701
kat2,11983_v1_2_content_IhsanPratama_ccvs_main.py_cleaned.py,1,0,0.9343951344490051,0.06560482829809189
kat2,6095_v1_23_content_ryanarnouk_BinaryInsertionSort_index.py_cleaned.py,1,1,0.029760094359517097,0.9702399373054504
kat2,72_v1_19_content_Gorresio_easyAES256_easyAES256.py_cleaned.py,1,1,0.46101680397987366,0.5389832258224487
kat2,915_7_content_jimmygzp_bellman-ford_testclient.py_cleaned.py,0,1,0.4244120121002197,0.5755879878997803
kat2,6106_v1_26_content_manzala_Analysis-of-Algorithms_merge_sort.py_cleaned.py,1,1,0.1919327974319458,0.8080672025680542
kat2,8362_12_content_chiforbogdan_naive-bayes-reputation_naive_bayes.py_cleaned.py,0,0,0.8469578623771667,0.15304216742515564
kat2,11160_v1_27_content_michaelbauerinc_TowersOfHanoi_node.py_cleaned.py,1,1,0.39326852560043335,0.6067315340042114
kat2,9339_11_content_moazkh60_Polynomial-Regression_polynomial_regression.py_cleaned.py,0,0,0.9719924926757812,0.028007520362734795
kat2,10220_16_content_KIKIRPA_Maldi2PCA_maldi2pca.py_cleaned.py,0,0,0.5678916573524475,0.4321083128452301
kat2,310_2_content_nrohani_AssosiationRules_TransactionEncoder.py_cleaned.py,0,0,0.7725306749343872,0.22746935486793518
kat2,8082_1_content_jim-spyropoulos_Trajectory-Analysis-and-Classification-in-Python-Pandas-and-Scikit-Learn_best_classifier.py_cleaned.py,0,0,0.9811668992042542,0.018833130598068237
kat2,6368_v1_25_content_SaadatRizvi_Movie-Recommendation-System_collaborative-filtering.py_cleaned.py,1,1,0.38075894117355347,0.6192409992218018
kat2,3193_9_content_singgihnft_BFS-and-DFS_Breadth_First_Search.py_cleaned.py,0,0,0.5409238338470459,0.4590761363506317
kat2,5281_v1_11_content_liam-han_all-pairs-shortest-path_py.py_cleaned.py,1,1,0.1650540828704834,0.8349459171295166
kat2,12123_v1_7_content_manuellah_bc-9-twitter-sentiment-app_twitter_sentiment.py_cleaned.py,1,0,0.5287767648696899,0.47122323513031006
kat2,12412_58_content_zhaoyichanghong_machine_learing_algo_python_bisecting_kmeans.py_cleaned.py,0,0,0.6393983960151672,0.36060163378715515
kat2,10002_v1_6_content_steviedale_random_maze_generator_graphics.py_cleaned.py,1,1,0.15015339851379395,0.849846601486206
kat2,8107_8_content_16chuang_CS161_Project_LCS.py_cleaned.py,0,0,0.985496461391449,0.014503580518066883
kat2,4721_97_content_mjurk456_mini-snakes_pseudorandom_sentence_generator.py_cleaned.py,0,0,0.937210738658905,0.0627892017364502
kat2,5477_3_content_riteshkasat_Community-Detection-Algorithm_detect_community.py_cleaned.py,0,0,0.9868786931037903,0.013121270574629307
kat2,4755_v1_5_content_brown9804_Python_DiversosAlgortimos_CreandoMatrizApartirTXT.py_cleaned.py,1,1,0.2646433413028717,0.7353566884994507
kat2,7555_v1_1_content_Chunning-Zhou_MILPBasedSearchAlgorithmDiff_parameter.py_cleaned.py,1,0,0.7766229510307312,0.22337706387043
kat2,11400_52_content_CorrineTan_Digital-Signature-Schemes-Evaluation_eddsa_25519.py_cleaned.py,0,0,0.9651191234588623,0.03488088771700859
kat2,3209_v1_34_content_polegarh_Eight-Puzzle_DFS.py_cleaned.py,1,1,0.07237402349710464,0.9276259541511536
kat2,8698_v1_11_content_AlfioEmanueleFresta_practical-one-time-pad-python_exercise2.py_cleaned.py,1,1,0.05602938309311867,0.9439706206321716
kat2,13146_v1_74_content_jrathin_Web-Scraping_db.py_cleaned.py,1,1,0.4359015226364136,0.5640984773635864
kat2,13060_84_content_bhavnesh2211_Webscraping_imdb_Scraper.py_cleaned.py,0,0,0.8193157911300659,0.18068422377109528
kat2,6364_v1_14_content_gravelund-gis_MapSorter_KMeans_analysis.py_cleaned.py,1,1,0.2950267791748047,0.7049732804298401
kat2,8935_2_content_Liu-WeiYi_Private_Preserving_Outlier_Behavior_Detection_Incremental_Time_analysis.py_cleaned.py,0,0,0.9742394685745239,0.025760561227798462
kat2,92_v1_6_content_tahsinraisa1_Security-project-File-encryption-_main.py_cleaned.py,1,1,0.3709087371826172,0.6290912628173828
kat2,1725_1_content_RyanMarcus_TreeConvolution_util.py_cleaned.py,0,1,0.4114655554294586,0.5885344743728638
kat2,3184_84_content_WizHacks_ChordDFS_topo.py_cleaned.py,0,0,0.976669192314148,0.023330768570303917
kat2,5758_1_content_bhrigu123_huffman-coding_huffman.py_cleaned.py,0,0,0.9753900170326233,0.02460992895066738
kat2,11458_v1_64_content_xmenji_RSA_rsa.py_cleaned.py,1,1,0.2592626214027405,0.7407373785972595
kat2,16_17_content_bickyeric_steganography_app.py_cleaned.py,0,1,0.31658053398132324,0.6834195256233215
kat2,13033_53_content_crazydev901_lds_scraper_hometeaching.py_cleaned.py,0,1,0.17497345805168152,0.8250265121459961
kat2,11148_v1_16_content_Shweetz_BranchingGameSolver_branchingGame.py_cleaned.py,1,1,0.10706345736980438,0.8929365277290344
kat2,9919_10_content_chiragragarwal_Graphs_And_Networks_graph_plot.py_cleaned.py,0,1,0.1937568634748459,0.8062431216239929
kat2,936_v1_2_content_ernestosanchezmatos_-BellmanFord_algoritmo_bellmanford.py_cleaned.py,1,1,0.2792384624481201,0.7207615375518799
kat2,10295_v1_69_content_mertall_PCA_PCA.py_cleaned.py,1,1,0.3699977397918701,0.6300022602081299
kat2,22_19_content_Gorresio_easyAES256_easyAES256.py_cleaned.py,0,1,0.4163219928741455,0.5836780667304993
kat2,11719_35_content_sviznyuk_pokemon-selection_select_pokemon.py_cleaned.py,0,0,0.9681411385536194,0.03185885772109032
kat2,8436_v1_57_content_mercury0100_pynb_pynb.py_cleaned.py,1,0,0.7057850360870361,0.29421496391296387
kat2,6683_v1_35_content_phaniavi_project_5th_sem_KNN_reducer.py_cleaned.py,1,1,0.23792991042137146,0.7620701193809509
kat2,2320_5_content_anguillanneuf_bigO_128_text_to_lines.py_cleaned.py,0,0,0.917302668094635,0.08269733935594559
kat2,13059_82_content_rsmath_Personal-Bot_authenticate.py_cleaned.py,0,0,0.5375725030899048,0.4624275267124176
kat2,9990_v1_3_content_Locrian24_PrimsMaze_prim.py_cleaned.py,1,1,0.15109042823314667,0.8489096164703369
kat2,8417_v1_16_content_ydhnwb_sentiment_analysis_movie_app.py_cleaned.py,1,1,0.39326852560043335,0.6067315340042114
kat2,1178_4_content_alex-rantos_Project-1-Search-in-Pacman_projectParams.py_cleaned.py,0,0,0.9314625263214111,0.06853749603033066
kat2,6087_v1_17_content_kimjaeh10_Hybrid-Sort_LinkedList.py_cleaned.py,1,0,0.6057990789413452,0.3942009508609772
kat2,6397_v1_66_content_Mary268_K-Means-Clustering_k_means_clustering.py_cleaned.py,1,1,0.39501750469207764,0.6049825549125671
kat2,5292_v1_16_content_QueraltSM_HospitalShortestPath_main.py_cleaned.py,1,1,0.11162799596786499,0.888372004032135
kat2,291_11_content_rjtmahinay_fuzzy-association-rule-mining_Apriori.py_cleaned.py,0,1,0.45665207505226135,0.543347954750061
kat2,868_1_content_dedeco_dijkstra-bellman-ford_dijkstra.py_cleaned.py,0,0,0.9814534187316895,0.018546564504504204
kat2,13022_42_content_naomistuart_flight-scraping_flightscraper2.py_cleaned.py,0,1,0.2677909731864929,0.7322090864181519
kat2,1753_5_content_domodomodomo_binary_search_tree_test.py_cleaned.py,0,1,0.2762998342514038,0.723700225353241
kat2,942_v1_3_content_sharifahmad2061_routing_algorithm_DVR.py_cleaned.py,1,1,0.29421496391296387,0.7057850360870361
kat2,4377_v1_2_content_johndoe31415_toyecc_ecctest.py_cleaned.py,1,1,0.23265865445137024,0.7673413753509521
kat2,2651_v1_2_content_ZatinMe_Python-Search-engine_buildindex.py_cleaned.py,1,1,0.43374159932136536,0.5662583708763123
kat2,12437_v1_17_content_davidbhan_IntelligentPatents_NLP_functions.py_cleaned.py,1,0,0.9105454087257385,0.08945459872484207
kat2,4977_48_content_PhilGrogan_fibonacci_fibonacci.py_cleaned.py,0,0,0.6759250164031982,0.32407495379447937
kat2,9123_v1_3_content_iykadev_pyalgo_hashingHashTable.py_cleaned.py,1,1,0.13050690293312073,0.8694931268692017
kat2,5832_v1_49_content_andreanndrade10_Huffman-Compressor_huffman.py_cleaned.py,1,1,0.3429014980792999,0.6570984721183777
kat2,4048_5_content_AdamJacoby_Hopf_Example_DihedralGroup.py_cleaned.py,0,0,0.9879462122917175,0.0120537793263793
kat2,1500_v1_31_content_aghimire15_Project2_DataStructure_ICP5_2_.py_cleaned.py,1,1,0.3508661091327667,0.6491339206695557
kat2,9349_2_content_athul-dev_regression-models_multivariate-linear-regression.py_cleaned.py,0,0,0.9643214344978333,0.03567855432629585
kat2,4111_v1_7_content_deawpic_math01_compute2.py_cleaned.py,1,1,0.06255972385406494,0.9374402165412903
kat2,3515_v1_33_content_nikhil-paramane_-Diffie-Hellman-key-Exchange-Algorithm_dh.py_cleaned.py,1,1,0.39280256628990173,0.6071974039077759
kat2,11171_v1_36_content_Zattri_tutorial-recursion_binary.py_cleaned.py,1,1,0.42536652088165283,0.5746335387229919
kat2,13150_v1_76_content_sangeeta97_web-scraping_pactr1.py_cleaned.py,1,1,0.4311051368713379,0.5688949227333069
kat2,874_1_content_dedeco_dijkstra-bellman-ford_teste_proprio_bford.py_cleaned.py,0,0,0.9246877431869507,0.0753123089671135
kat2,10820_20_content_bradruck_Quick_Sort-python_Assignment_7-P12.9.py_cleaned.py,0,1,0.08540366590023041,0.9145963191986084
kat2,302_14_content_Dawlatly_Recommender-system_manage.py_cleaned.py,0,0,0.8392075896263123,0.16079244017601013
kat2,12028_11_content_zfkl_sentiment-analysis_sentiment_twitter.py_cleaned.py,0,0,0.837619960308075,0.16238002479076385
kat2,4962_14_content_Alexander35_fibonacci_sequence_fibonacci.py_cleaned.py,0,0,0.9857181310653687,0.01428193412721157
kat2,2626_9_content_vbelz_Movie-recommender_recommender_tools.py_cleaned.py,0,0,0.9358173608779907,0.06418264657258987
kat2,2586_11_content_kirokuan_Idf-tf-DocCompare_VectorSpace.py_cleaned.py,0,0,0.9871788024902344,0.012821214273571968
kat2,11706_26_content_AbdelrhmanKhater_Comparison-between-linked-list-and-array-during-using-selection-sort_GUI.py_cleaned.py,0,0,0.7589575052261353,0.24104245007038116
kat2,2001_11_content_lanaelsanyoura_BubbleSort_object_graphics.py_cleaned.py,0,0,0.9322068691253662,0.06779313832521439
kat2,10560_61_content_lgphone_delay-queue_timer.py_cleaned.py,0,1,0.257951945066452,0.7420480251312256
kat2,5291_v1_14_content_MGhousSarwar_Algorithm-Analysis_Script.py_cleaned.py,1,1,0.29631054401397705,0.7036895155906677
kat2,12389_17_content_lo1gr_tf-idf_hadoop-Spark_reducer3_A.py_cleaned.py,0,1,0.27396270632743835,0.7260372638702393
kat2,3191_93_content_wei4keepingstudy_Artificial_Intelligence_hw2_dfs_forwardchecking.py_cleaned.py,0,0,0.9623913168907166,0.03760863468050957
kat2,1525_v1_75_content_mcsteve-e_project-4_4.01.py_cleaned.py,1,1,0.15002882480621338,0.8499711751937866
kat2,8427_v1_31_content_dariswan_AudioRetrieval-Classification_ekstraksi.py_cleaned.py,1,0,0.543832540512085,0.4561675190925598
kat2,10522_15_content_mahfuzali_AzureRSAPy_run.py_cleaned.py,0,0,0.5712883472442627,0.4287117123603821
kat2,8648_11_content_AlfioEmanueleFresta_practical-one-time-pad-python_exercise2.py_cleaned.py,0,0,0.6099889278411865,0.39001110196113586
kat2,12774_v1_6_content_hongzimao_input_driven_rl_example_script.py_cleaned.py,1,1,0.18922127783298492,0.8107787370681763
kat2,11721_41_content_sarahandert_python-practice--sorting_sample5.py_cleaned.py,0,0,0.9343951344490051,0.06560482829809189
kat2,2936_v1_48_content_TeddyBoomer_grapheMPM_test_subgraphs.py_cleaned.py,1,1,0.4838923215866089,0.5161076784133911
kat2,2015_30_content_thomasjedstrom_Bubble_Sort_Selection_Sort.py_cleaned.py,0,0,0.9658995866775513,0.034100428223609924
kat2,10277_v1_2_content_shadykdc_Probabilistic_Inference_courseworks_123.py_cleaned.py,1,0,0.9857181310653687,0.01428193412721157
kat2,7495_14_content_akozlu_Uninformed-Search-_lights_out_gui.py_cleaned.py,0,1,0.10818894952535629,0.8918110132217407
kat2,2930_v1_2_content_WenjieLuo2333_ModuleDesign_Alert_module.py_cleaned.py,1,1,0.3086068034172058,0.6913931369781494
kat2,7860_v1_41_content_Titash21_Python-Representation-of-LinkedList_linkledistDelete.py_cleaned.py,1,1,0.16940587759017944,0.8305941224098206
kat2,329_8_content_BhushanVM_Market-Basker-Analyzer_son_spark.py_cleaned.py,0,0,0.9815951585769653,0.018404891714453697
kat2,9644_20_content_DanielKrolopp_Sieves_Eratosthenes.py_cleaned.py,0,0,0.930962085723877,0.06903792917728424
kat2,2018_33_content_Ryan-Fortner_bubble_sort_bubble_sort.py_cleaned.py,0,1,0.4546537697315216,0.5453462600708008
kat2,5770_26_content_liangsheng02_Huffman-Tree_huff-decompress.py_cleaned.py,0,1,0.24908174574375153,0.7509182095527649
kat2,3202_v1_1_content_akhilesh1311_MazeSolver_q3.py_cleaned.py,1,1,0.4804786741733551,0.5195213556289673
kat2,6048_23_content_thugsatbay_CS-Algorithms_Sorting_Comparison_Ass2-2Soln.py_cleaned.py,0,0,0.9898303151130676,0.01016965787857771
kat2,99_v1_9_content_Technofreakcritic_MQTT-AES-Compression_pub_aes.py_cleaned.py,1,1,0.475605309009552,0.524394690990448
kat2,9944_4_content_reza-asad_Prims-Minimum-Spanning-Tree_Prim_s_algorithm.py_cleaned.py,0,0,0.5302364826202393,0.46976351737976074
kat2,7832_v1_17_content_yujiex9_LinkedList_reorder_linkedlist.py_cleaned.py,1,1,0.2689414322376251,0.7310585379600525
kat2,6982_v1_7_content_Aly-Tomato_Prims-and-Kruskals_kruskals.py_cleaned.py,1,0,0.5087881684303284,0.491211861371994
kat2,5487_54_content_juancprzs_hierarchical-clustering-example_tutorial_python.py_cleaned.py,0,1,0.37822940945625305,0.6217706203460693
kat2,7480_10_content_taneesh28_Linear-search_linear_search.py_cleaned.py,0,0,0.9697853922843933,0.030214589089155197
kat2,11151_v1_19_content_andryak_complib_test.py_cleaned.py,1,0,0.5,0.5
kat2,2292_19_content_Shooobz_BigData-ProjectOne_mongoSandbox.py_cleaned.py,0,0,0.9331876635551453,0.06681232899427414
kat2,8122_v1_15_content_VakinduPhilliam_Pattern_Matching_Python_Difflib_Pattern_Matching_SequenceMatcher.py_cleaned.py,1,1,0.43266257643699646,0.5673373937606812
kat2,3169_59_content_rohinrajan_Closest-Path-using-BFS-DFS-and-optimal-cost_Graph-Search.py_cleaned.py,0,1,0.4196479618549347,0.5803520083427429
kat2,3764_61_content_mcsweena_Dijkstras-Algorithm_bidirectional_dijkstra.py_cleaned.py,0,1,0.38214144110679626,0.6178585886955261
kat2,12400_3_content_avinashbhat_keyword-extraction-using-tf-idf_main.py_cleaned.py,0,0,0.8022459149360657,0.1977541446685791
kat2,3509_v1_28_content_ckeshava_Enhanced-Diffie-Hellman-Protocol_wrapper.py_cleaned.py,1,0,0.6022955179214478,0.39770445227622986
kat2,75_v1_22_content_SivaRanjan17_AES-Multi-Client-Chat-System_client.py_cleaned.py,1,1,0.3293917179107666,0.6706082820892334
kat2,6082_9_content_ezequielbrrt_insertionSortPython_barra.py_cleaned.py,0,1,0.4260827600955963,0.5739172101020813
kat2,62_v1_14_content_willow617_AE2-Nets_test_hand.py_cleaned.py,1,1,0.23863890767097473,0.7613611221313477
kat2,4737_v1_30_content_talbrecht_ensemble-scoring_run.py_cleaned.py,1,1,0.17582091689109802,0.8241790533065796
kat2,4100_v1_5_content_AdamJacoby_Hopf_Example_Matrix_Algebra.py_cleaned.py,1,0,0.5944924354553223,0.4055075943470001
kat2,8659_17_content_jb0xx_decrypt-onetimepad_onetimepad.py_cleaned.py,0,0,0.9851576089859009,0.014842418022453785
kat2,9659_2_content_squeaky-godzilla_prime-factors_prime_factors.py_cleaned.py,0,1,0.4863315522670746,0.5136684775352478
kat2,1230_v1_51_content_rrraharja_Kecerdasan-Buatan-AI_Project_DFS.py_cleaned.py,1,1,0.3106943964958191,0.6893056035041809
kat2,2898_86_content_Enkhai_simple-DES_encryption.py_cleaned.py,0,1,0.4119386076927185,0.5880614519119263
kat2,12763_v1_49_content_ReydVires_monte_carlo_mean_variance.py_cleaned.py,1,1,0.32124701142311096,0.6787529587745667
kat2,880_1_content_jwan659_forex-arbitrage_Main.py_cleaned.py,0,1,0.2968580722808838,0.7031419277191162
kat2,7854_v1_36_content_cyndyishida_QueueQuickSort_linked_queue.py_cleaned.py,1,1,0.08093671500682831,0.9190633296966553
kat2,8447_v1_80_content_cgeopapa_NaiveBayesClassifier-ham-spam-mail_Bayes.py_cleaned.py,1,1,0.16398024559020996,0.83601975440979
kat2,6399_v1_6_content_mayuri0192_Image-classification_log.py_cleaned.py,1,1,0.47804147005081177,0.5219584703445435
kat2,8063_11_content_ayushkumarshah_Dynamic-Programming-MCM-and-LCS_lcs.py_cleaned.py,0,0,0.966663122177124,0.0333368219435215
kat2,7804_30_content_a1928375_click_count_click_count.py_cleaned.py,0,0,0.961533784866333,0.0384661927819252
kat2,5540_v1_59_content_RoobiyaKhan_Clustering-Models-in-R-and-Python_r.HierarchicalClus.py_cleaned.py,1,1,0.2278127372264862,0.7721872925758362
kat2,2675_v1_9_content_vbelz_Movie-recommender_prepare_database.py_cleaned.py,1,0,0.5805898904800415,0.4194101393222809
kat2,12769_v1_66_content_ChavezE_Parallel_PFVA_image_tester.py_cleaned.py,1,1,0.30033501982688904,0.6996649503707886
kat2,7510_27_content_ashwinvis98_Particle-Swarm-Optimization-for-Robotic-Search-Applications_sensor_check.py_cleaned.py,0,0,0.8828325867652893,0.11716748028993607
kat2,13132_v1_53_content_VipinindKumar_Web-scraping-price_newegg.py_cleaned.py,1,0,0.7687332034111023,0.2312668263912201
kat2,13105_v1_32_content_paolazola_Scraping-data-from-Web_StreamingData.py_cleaned.py,1,1,0.4019225537776947,0.5980774760246277
kat2,4352_v1_10_content_Suraj-Rajesh_elliptic_curve_cryptography_main.py_cleaned.py,1,1,0.2658804953098297,0.7341195344924927
kat2,7799_26_content_talhakerpicci_sahibinden-house-checker_house_database.py_cleaned.py,0,0,0.9833430051803589,0.016657039523124695
kat2,2887_52_content_jitunayak_Tensorflow-object-recognition-GUI-DesktopApp_face_crop.py_cleaned.py,0,0,0.9477691650390625,0.05223085358738899
kat2,12394_25_content_HunterXuan_QAMatch_search.py_cleaned.py,0,1,0.39350154995918274,0.6064984202384949
kat2,940_v1_3_content_abdulqadirs_distance-vector-routing-protocol_update.py_cleaned.py,1,1,0.2040245234966278,0.7959754467010498
kat2,2865_14_content_bkdwei_kdDesktopAssistant_install_script.py_cleaned.py,0,0,0.9711290597915649,0.028870906680822372
kat2,8424_v1_29_content_barshaison_Naive_Bayes_Classifier_Prog.py_cleaned.py,1,1,0.3791484832763672,0.6208515167236328
kat2,1805_v1_71_content_DylanHarrisonGithub_AVLTree_AVLTree.py_cleaned.py,1,1,0.104843370616436,0.8951566815376282
kat2,13164_v1_8_content_casper-hansen_Web-Scraping-Reddit_scraper.py_cleaned.py,1,1,0.37662312388420105,0.6233768463134766
kat2,12113_v1_3_content_abhishek305_PyBot-A-ChatBot-For-Answering-Python-Queries-Using-NLP_bot.py_cleaned.py,1,0,0.6951311230659485,0.3048688769340515
kat2,958_v1_7_content_ardyerwanda_SDN-Bellman-Ford-Pyretic_routebellman.py_cleaned.py,1,1,0.37250521779060364,0.6274948120117188
kat2,2353_v1_26_content_Emersonxuelinux_One_Big_Archive_VirtualPet.py_cleaned.py,1,1,0.43638184666633606,0.5636181831359863
kat2,7279_v1_26_content_Nofenigma_lt_lemma_prefixes_check_lt_prefixed_lemmas.py_cleaned.py,1,1,0.26759952306747437,0.7324004769325256
kat2,6975_v1_5_content_gabriel-arauj_grafos_matriz.py_cleaned.py,1,1,0.28378137946128845,0.7162185907363892
kat2,1528_v1_7_content_yashkant_pnas-binary-nets_train.py_cleaned.py,1,0,0.6546739935874939,0.3453260362148285
kat2,10815_18_content_TorugoH_quickSort_quick.py_cleaned.py,0,0,0.9853842854499817,0.014615669846534729
kat2,6984_v1_7_content_Aly-Tomato_Prims-and-Kruskals_test.py_cleaned.py,1,1,0.2512800693511963,0.7487199306488037
kat2,81_v1_24_content_clxmente_Python-Password-Manager_main.py_cleaned.py,1,1,0.25349125266075134,0.746508777141571
kat2,7192_12_content_ianscottknight_Predicting-Myers-Briggs-Type-Indicator-with-Recurrent-Neural-Networks_make_test_set.py_cleaned.py,0,0,0.5663183927536011,0.4336816668510437
kat2,6617_19_content_walter090_cluster_runner.py_cleaned.py,0,1,0.33589524030685425,0.6641048192977905
kat2,11712_2_content_mhiratsuka_selectionSortPython_selectionSort.py_cleaned.py,0,0,0.9597620368003845,0.04023794084787369
kat2,6374_v1_29_content_sanchikagn_geyser-eruptions-k-means_clusters_plotted.py_cleaned.py,1,0,0.802555501461029,0.19744445383548737
kat2,10882_v1_2_content_ForeverPs_Visualization-of-sort-algorithms_SORT.py_cleaned.py,1,1,0.14560063183307648,0.8543993234634399
kat2,10246_6_content_LinHungShi_Principal-Component-Analysis-for-Images_pca_blocks.py_cleaned.py,0,0,0.9693241715431213,0.030675798654556274
kat2,4762_v1_8_content_amit0-git_simple-python-program_English-alphabets.py_cleaned.py,1,1,0.1108555942773819,0.8891444206237793
kat2,2344_v1_21_content_rahul494_Mental-Health-On-Twitter-Analysis_sorter.py_cleaned.py,1,1,0.49218812584877014,0.5078118443489075
kat2,8442_v1_76_content_mashfiq10_Naive-Bayes-classification_prob_1.py_cleaned.py,1,1,0.3446640074253082,0.6553360223770142
kat2,5026_v1_48_content_PhilGrogan_fibonacci_fibonacci.py_cleaned.py,1,1,0.30507585406303406,0.6949241161346436
kat2,913_7_content_jerrguo_cybitrage_app.py_cleaned.py,0,1,0.4263215959072113,0.5736784338951111
kat2,2894_76_content_sylvain-reynaud_projet-voltaire-solver_projetvoltairesolver.py_cleaned.py,0,0,0.9469902515411377,0.053009770810604095
kat2,2919_v1_18_content_theorisons_loto_fonction.py_cleaned.py,1,1,0.07835981249809265,0.9216402173042297
kat2,4996_79_content_s1ssagar_fibonacci-finding-easy_fibonacci-finding-easy.py_cleaned.py,0,0,0.9777138829231262,0.02228618785738945
kat2,8077_15_content_VakinduPhilliam_Pattern_Matching_Python_Fnmatch_fnmatch.py_cleaned.py,0,1,0.4931644797325134,0.5068355202674866
kat2,9408_v1_53_content_iamrj846_Predicting-insurance-prices-with-Linear-Regression_MultipleLinearRegressionModel.py_cleaned.py,1,0,0.5146442651748657,0.48535576462745667
kat2,12712_40_content_Charles-Peeke_clinical_variances_sponsor_app.py_cleaned.py,0,1,0.16052906215190887,0.8394709229469299
kat2,6638_40_content_WuStardust_KNN-for-iris_iris.py_cleaned.py,0,1,0.14366760849952698,0.8563323616981506
kat2,325_7_content_DMDarkness_Data-mining_Example_pybpsohd.py_cleaned.py,0,0,0.9738444089889526,0.02615562081336975
kat2,11146_v1_15_content_gregapodobnik_wowza_deleteautorecordings_wowza_deleterecordings.py_cleaned.py,1,1,0.26971012353897095,0.730289876461029
kat2,4705_5_content_brown9804_Python_DiversosAlgortimos_CalculoParametrosBalonClimatico.py_cleaned.py,0,0,0.5583269596099854,0.44167301058769226
kat2,297_13_content_bhavuk0909_Apriori_Bhavuk_apriori.py_cleaned.py,0,0,0.9603611826896667,0.03963884338736534
kat2,3736_14_content_Robo-Sapien_Maze-Perilous-Real-Time-Implemention-of-Dijkstra-Algorithm_pixel_values.py_cleaned.py,0,0,0.9388007521629333,0.06119922548532486
kat2,6116_v1_45_content_ilkayDevran_Analysis_of_Sorting_Algorithms_pyplot.py_cleaned.py,1,1,0.40886667370796204,0.5911332964897156
kat2,8138_v1_1_content_susheelsagar_LCSS_final_loader.py_cleaned.py,1,1,0.17426970601081848,0.8257302641868591
kat2,7233_v1_10_content_mahimagupta_NLP-Research-Project-_supervisedLearner.py_cleaned.py,1,1,0.4342213571071625,0.5657786130905151
kat2,6076_50_content_shre007_Implementation-and-comparison-of-sorting-algorithms_merge.py_cleaned.py,0,0,0.8820220232009888,0.11797802150249481
kat2,6398_v1_68_content_Starfunk_k-means-clustering_k-means-clustering.py_cleaned.py,1,1,0.18862271308898926,0.8113772869110107
kat2,12387_14_content_tusizi_document-analysis_mllib_tfidf_with_stopword.py_cleaned.py,0,0,0.5142478346824646,0.485752135515213
kat2,631_v1_17_content_skvorekn_arima_model.py_cleaned.py,1,0,0.7799928784370422,0.22000709176063538
kat2,11182_v1_5_content_diandra-davidson_IS211_Assignment14_recursion.py_cleaned.py,1,1,0.04958902671933174,0.9504110217094421
kat2,7535_v1_11_content_sichen-x_search-engine_index_search.py_cleaned.py,1,1,0.052618954330682755,0.9473810195922852
kat2,9679_v1_11_content_pprzygodzk_binary_search-prime_numbers_primes_p1.py_cleaned.py,1,0,0.6492451429367065,0.35075491666793823
kat2,5518_v1_29_content_SomeshKashyap_Hierarchical-Clustering_HierarchicalClustering.py_cleaned.py,1,1,0.21304954588413239,0.7869504690170288
kat2,1762_88_content_ilkayDevran_HEAP_and_BTS_Implementation_binarySearchTree.py_cleaned.py,0,0,0.9848109483718872,0.015189049765467644
kat2,10561_62_content_jkassis87_QueScreenDataExtractor_qsde.py_cleaned.py,0,1,0.3172147274017334,0.6827852725982666
kat2,31_2_content_laendle1999_NasceUmAEstrela_TipoNo.py_cleaned.py,0,0,0.9810219407081604,0.01897803694009781
kat2,5036_v1_61_content_AaronRobson_sequences_prime_gui.py_cleaned.py,1,1,0.3153141438961029,0.6846858263015747
kat2,2036_66_content_abouchan01_Merge-Bubble-Sort-con-_interfazGrafica.py_cleaned.py,0,0,0.9588471055030823,0.04115288704633713
kat2,5043_v1_68_content_jacob-bonner_ICS3U-Assignment7-Python_fibonacci.py_cleaned.py,1,1,0.048496004194021225,0.9515040516853333
kat2,1522_v1_67_content_damianrr_bisect-ordered-file_bisect_file_with_numbers.py_cleaned.py,1,1,0.06142403930425644,0.9385759830474854
kat2,12725_6_content_hongzimao_input_driven_rl_example_script.py_cleaned.py,0,1,0.2135411649942398,0.7864589095115662
kat2,11105_20_content_Shweetz_Connect4Solver_solver.py_cleaned.py,0,1,0.2523840367794037,0.7476159334182739
kat2,6970_v1_35_content_jaxarthur_2dmazegenerator_gen2dmaze.py_cleaned.py,1,1,0.1880256086587906,0.8119744062423706
kat2,7183_10_content_mahimagupta_NLP-Research-Project-_supervisedLearner.py_cleaned.py,0,1,0.4198857843875885,0.5801141858100891
kat2,4331_2_content_johndoe31415_toyecc_StopWatch.py_cleaned.py,0,1,0.06441766023635864,0.9355823397636414
kat2,7_12_content_eyalr0_AES-Cryptoanalysis_RetracingBoomerang.py_cleaned.py,0,0,0.9536217451095581,0.046378206461668015
kat2,4395_v1_8_content_harshithachidanand_Elliptic-Curve-Cryptography_Shanks_algo.py_cleaned.py,1,1,0.3580162823200226,0.641983687877655
kat2,4688_33_content_priech_PyFactorial_factorial.py_cleaned.py,0,0,0.7190877795219421,0.2809121608734131
kat2,623_v1_ 1_content_sadnessFree_arima-lstm_arima-order.py_cleaned.py,1,0,0.6876299977302551,0.3123700022697449
kat2,11109_24_content_regnarg_prf-turing-machine_prf.py_cleaned.py,0,0,0.6808785796165466,0.3191213607788086
kat2,7189_11_content_ssghule_Naive-Bayes-and-Bag-of-Words-for-Text-Classification-Problem_geolocate.py_cleaned.py,0,0,0.980728805065155,0.019271135330200195
kat2,10524_1_content_modulus100_python-datastructures-algorithms_flattering_nested_linked_lists.py_cleaned.py,0,1,0.18772760033607483,0.8122723698616028
kat2,8415_v1_14_content_Dmujt_Naive-Bayes-Sentiment-Analysis_mutual_information.py_cleaned.py,1,1,0.13660839200019836,0.8633915781974792
kat2,8367_16_content_ydhnwb_sentiment_analysis_movie_app.py_cleaned.py,0,1,0.40857169032096863,0.591428279876709
kat2,10571_v1_13_content_IRLadderGoat_KKIK-venteliste-nr_venteliste.py_cleaned.py,1,0,0.9678993225097656,0.03210070729255676
kat2,10840_42_content_aira26_HomeWork3_quicksortclass.py_cleaned.py,0,0,0.9039745330810547,0.0960254967212677
kat2,1_10_content_Chinmay-395_AES-algorithm-using-GUI_CNSmini1.py_cleaned.py,0,0,0.9738444089889526,0.02615562081336975
kat2,6128_v1_58_content_yaroslava-tkachuk_quicksort_accelerated_quicksort_accelerated.py_cleaned.py,1,1,0.19253936409950256,0.8074606657028198
kat2,7277_v1_25_content_OlaRonning_ah16_corenlp_client.py_cleaned.py,1,1,0.4949647784233093,0.5050352215766907
kat2,9072_3_content_iykadev_pyalgo_hanoi_tower_algorithm.py_cleaned.py,0,0,0.9136765599250793,0.08632348477840424
kat2,5244_11_content_liam-han_all-pairs-shortest-path_py.py_cleaned.py,0,0,0.9837225079536438,0.016277460381388664
kat2,5528_v1_47_content_sejall_Hierarchical-Clustering_hierrchical_clustering.py_cleaned.py,1,1,0.2140335589647293,0.7859664559364319
kat2,10897_v1_82_content_ceydapolat_Sorting-Algorithms-Analysis_MergeSort.py_cleaned.py,1,1,0.3106943964958191,0.6893056035041809
kat2,5772_2_content_jaurelio1_Huffman_Opencv_main.py_cleaned.py,0,1,0.4929203987121582,0.5070796012878418
kat2,10280_v1_34_content_Darkkyelfo_Replicacao-Artigo---Minimum-Classification-Error-PCA_main.py_cleaned.py,1,1,0.48584359884262085,0.5141563415527344
kat2,663_v1_3_content_rentseen_ARIMA-forecast_CAVMP.py_cleaned.py,1,0,0.542742133140564,0.4572579264640808
kat2,2906_92_content_FranzScheerer_DES_perihel.py_cleaned.py,0,0,0.6724392771720886,0.32756075263023376
kat2,13156_v1_7_content_sky-97_web-scraping-box-office-mojo_sc.py_cleaned.py,1,1,0.2762998342514038,0.723700225353241
kat2,12085_v1_14_content_ganigavinaya_NaiveBayes_NBwithoutStopWords.py_cleaned.py,1,1,0.20291662216186523,0.7970833778381348
kat2,578_15_content_Skyblueballykid_SPX-Arima-model_SPX.py_cleaned.py,0,0,0.9394705891609192,0.06052938848733902
kat2,3455_26_content_bahadircolak44_EllipticCurve_extEuclid.py_cleaned.py,0,0,0.8910549879074097,0.10894504189491272
kat2,5264_4_content_mmcniece_tiled_floyd_warshall_tiled_FW.py_cleaned.py,0,0,0.9777138829231262,0.02228618785738945
kat2,9962_7_content_MadalinaMircea_GraphAlgorithms_StartApp.py_cleaned.py,0,0,0.8791467547416687,0.1208532303571701
kat2,9092_v1_1_content_danrludwig_perfect_number_perfect_number_code.py_cleaned.py,1,1,0.169956237077713,0.8300437331199646
kat2,3796_v1_20_content_higirodj_Dijkstra_dijkstra.py_cleaned.py,1,1,0.09138210862874985,0.9086179733276367
kat2,7493_13_content_Pedinpsy_-inverted-index-search_hash.py_cleaned.py,0,0,0.9900636076927185,0.009936418384313583
kat2,11404_5_content_yifeng-lee_RSA-In-CTF_exp1.py_cleaned.py,0,1,0.36658975481987,0.6334102749824524
kat2,12729_88_content_hfk97_VaR_VaR.py_cleaned.py,0,0,0.7629101872444153,0.2370898574590683
kat2,908_7_content_ardyerwanda_SDN-Bellman-Ford-Pyretic_routebellman.py_cleaned.py,0,0,0.9908744096755981,0.00912563782185316
kat2,1803_v1_61_content_hlalit_Data-Structures-Python_BinaryTree.py_cleaned.py,1,1,0.07004895806312561,0.929951012134552
kat2,9048_3_content_iykadev_pyalgo_amb.py_cleaned.py,0,0,0.8820220232009888,0.11797802150249481
kat2,9711_v1_35_content_ZachDischner_FizzBuzz_fizzbuzz.py_cleaned.py,1,0,0.7348812818527222,0.26511871814727783
kat2,5484_51_content_ParthanOlikkal_Agglomerative-Hierarchical-Clustering_Agglomerative_hierarchical_clustering.py_cleaned.py,0,0,0.9353464841842651,0.06465348601341248
kat2,8431_v1_42_content_darshan-jain-29_ml-naive-bayes-working-demo_email_preprocess.py_cleaned.py,1,1,0.4892594516277313,0.5107405185699463
kat2,5259_1_content_TamaWilson_floyd_python_floyd.py_cleaned.py,0,0,0.5973730087280273,0.40262696146965027
kat2,8078_15_content_VakinduPhilliam_Pattern_Matching_Python_Fnmatch_Translate.py_cleaned.py,0,0,0.6606104373931885,0.3393895924091339
kat2,6036_13_content_hypervinay_Insertion-sort_Insertionsort.py_cleaned.py,0,0,0.963230550289154,0.03676946461200714
kat2,12096_v1_16_content_NB-prog_INTERN-2019_similarity_eval.py_cleaned.py,1,0,0.966663122177124,0.0333368219435215
kat2,9381_83_content_Akshaykanth_COPrediction_createModel.py_cleaned.py,0,0,0.974821150302887,0.02517884224653244
kat2,8147_v1_5_content_amirheidarikhoram_longest-common-subsequence_lcs.py_cleaned.py,1,1,0.11162799596786499,0.888372004032135
kat2,3167_4_content_drinkbeer_DFS-Python_common.py_cleaned.py,0,1,0.31710895895957947,0.6828910112380981
kat2,2869_18_content_theorisons_loto_fonction.py_cleaned.py,0,0,0.5903069972991943,0.40969306230545044
kat2,7207_17_content_gorarakelyan_JointUD_parse.py_cleaned.py,0,0,0.6707161664962769,0.3292838931083679
kat2,12125_v1_7_content_satyammittal_IRE-Stopping-Words_hindi.py_cleaned.py,1,1,0.08540366590023041,0.9145963191986084
kat2,2915_v1_14_content_bkdwei_kdDesktopAssistant_install_script.py_cleaned.py,1,1,0.23886075615882874,0.7611392140388489
kat2,3186_85_content_adamkanouse_better-lineups-dfs_lineup_nba_fanduel.py_cleaned.py,0,1,0.28318628668785095,0.7168136835098267
kat2,1809_v1_84_content_mhb8898_bst_bst.py_cleaned.py,1,0,0.7166153788566589,0.2833845913410187
kat2,6080_56_content_newsteps8_Efficiency_of_SortingAlgorithms_merge_sort.py_cleaned.py,0,1,0.053799644112586975,0.9462003111839294
kat2,5254_14_content_MGhousSarwar_Algorithm-Analysis_Script.py_cleaned.py,0,0,0.9449946880340576,0.055005282163619995
kat2,12479_v1_7_content_DeFacto_DeFactoNLP_subsample_training_data.py_cleaned.py,1,1,0.2628418505191803,0.7371581792831421
kat2,2002_17_content_qwarlock_python-bubble-sort_bubble_sort.py_cleaned.py,0,0,0.9822876453399658,0.017712296918034554
kat2,7257_v1_17_content_gorarakelyan_JointUD_parse.py_cleaned.py,1,0,0.6659538745880127,0.3340460956096649
kat2,867_1_content_dedeco_dijkstra-bellman-ford_bellman_ford.py_cleaned.py,0,0,0.9798226952552795,0.020177319645881653
kat2,10567_v1_100_content_ssquantum_PyDex_mythread.py_cleaned.py,1,1,0.34334173798561096,0.6566582322120667
kat2,11135_6_content_Vruksha_Fun-with-Recursive-Functions_Fun_with_Recursive_Functions.py_cleaned.py,0,0,0.9877586960792542,0.012241275981068611
kat2,12724_6_content_hongzimao_input_driven_rl_example_average_reward.py_cleaned.py,0,1,0.3598138988018036,0.640186071395874
kat2,2094_v1_81_content_jvdwyer_Sorting_Sorts.py_cleaned.py,1,1,0.023330768570303917,0.976669192314148
kat2,6895_10_content_aponce12_Lab6-B_Lab6.py_cleaned.py,0,0,0.9902915358543396,0.009708477184176445
kat2,13092_v1_18_content_yassine-youcefi_web-scraping-nike-website_scrap.py_cleaned.py,1,1,0.47317034006118774,0.526829719543457
kat2,1466_53_content_mmorshed99_binary_search_rotated_sorted_array.py_cleaned.py,0,0,0.9891815781593323,0.010818447917699814
kat2,8117_v1_15_content_VakinduPhilliam_Pattern_Matching_Python_Difflib_Pattern_Matching_Differ.py_cleaned.py,1,1,0.25851312279701233,0.7414869070053101
kat2,9630_12_content_croiden_successive-prime-numbers_generatePrime.py_cleaned.py,0,0,0.9722043871879578,0.02779562398791313
kat2,1471_66_content_adamweissert_PythonBinarySearch_BinarySearch.py_cleaned.py,0,0,0.9399133324623108,0.06008664518594742
kat2,11096_14_content_TechnicallyRachel_Fibonacci-plus-unitTest_fibonacci.py_cleaned.py,0,1,0.2632204592227936,0.7367795705795288
kat2,6070_46_content_arun-p12_sort-algorithms_counting_sort.py_cleaned.py,0,0,0.9863631129264832,0.013636834919452667
kat2,9718_v1_70_content_Panagiotis-Zachos_Primality-Checks-Python_Miller_Rabin_PrimalityCheck.py_cleaned.py,1,0,0.8940516710281372,0.10594827681779861
kat2,2657_v1_4_content_heaven00_cosine_similarities_stream.py_cleaned.py,1,0,0.5048826336860657,0.4951173663139343
kat2,10521_13_content_IRLadderGoat_KKIK-venteliste-nr_venteliste.py_cleaned.py,0,0,0.9681411385536194,0.03185885772109032
kat2,2379_v1_66_content_SanyaKathuria10_StackOverflow-Keyword-Extraction-System_spark.py_cleaned.py,1,1,0.4973145127296448,0.502685546875
kat2,3753_33_content_arbitraryrw_dijkstras_algorithm_main.py_cleaned.py,0,1,0.07793769240379333,0.922062337398529
kat2,12773_v1_6_content_hongzimao_input_driven_rl_example_average_reward.py_cleaned.py,1,1,0.10913479328155518,0.8908652067184448
kat2,6650_8_content_jasminegrewal_Naive-Bayes-KNN-Logistic-Regression_3b_knn.py_cleaned.py,0,0,0.9626730680465698,0.037326883524656296
kat2,7259_v1_18_content_ppke-nlpg_emmorphpy_emmorphrest.py_cleaned.py,1,1,0.3713645935058594,0.6286354064941406
kat3,3168_58_content_tanjimingrinnell_TreeAndGraph_LinkedList.py_cleaned.py,0,0,0.9507778882980347,0.04922211915254593
kat3,4954_10_content_edwardj728_sequences_project_sequences.py_cleaned.py,0,1,0.022977370768785477,0.977022647857666
kat3,4038_3_content_HundredVisionsGuy_DivisibilityExceptionHandlingTests_test_Divisibility.py_cleaned.py,0,1,0.3223126232624054,0.6776873469352722
kat3,13103_v1_31_content_sherpadee_WebScrapingDemo_browsertest.py_cleaned.py,1,1,0.3349156677722931,0.6650843620300293
kat3,2883_37_content_baptiste0928_userinfo-bot_main.py_cleaned.py,0,1,0.4355413615703583,0.5644586086273193
kat3,7210_18_content_ppke-nlpg_emmorphpy_test.py_cleaned.py,0,1,0.06853749603033066,0.9314625263214111
kat3,12738_v1_17_content_jmullercuber_HackHarvard2k16_RedditScraper.py_cleaned.py,1,1,0.22337706387043,0.7766229510307312
kat3,13081_v1_10_content_lulu150003_Web-Scraping-Project_ProfileCrawler2019.py_cleaned.py,1,1,0.05707140266895294,0.9429286122322083
kat3,320_6_content_coorty_apriori-agorithm-python_test_apriori_command_line.py_cleaned.py,0,0,0.9676556587219238,0.032344330102205276
kat3,7191_12_content_ianscottknight_Predicting-Myers-Briggs-Type-Indicator-with-Recurrent-Neural-Networks_differentiate_words.py_cleaned.py,0,1,0.06560482829809189,0.9343951344490051
kat3,12330_2_content_jdk20_tsne_main.py_cleaned.py,0,1,0.34510529041290283,0.6548947095870972
kat3,6641_46_content_whoif_Cost-Sensitive-KNN_plotHelper.py_cleaned.py,0,1,0.08269733935594559,0.917302668094635
kat3,2375_v1_5_content_anguillanneuf_bigO_76_longest_subsequence.py_cleaned.py,1,1,0.013222822919487953,0.9867772459983826
kat3,9051_3_content_iykadev_pyalgo_anagram3.py_cleaned.py,0,0,0.9934101700782776,0.006589771248400211
kat3,368_v1_5_content_aaronzira_apriori_miner.py_cleaned.py,1,1,0.06705628335475922,0.9329437017440796
kat3,2876_26_content_1970633640_Design-and-Analysis-of-Algorithm_ex7.py_cleaned.py,0,1,0.03514484688639641,0.9648551344871521
kat3,1766_v1_10_content_shehand_Game_Graphics_using_Binary_Search_Tree_calc.py_cleaned.py,1,1,0.07751765847206116,0.9224823713302612
kat3,1468_57_content_Nirusha1_Binary-Search-Tree-_binaryTree.py_cleaned.py,0,0,0.9477691650390625,0.05223085358738899
kat3,12759_v1_3_content_lostleaf_smear-detection_variance.py_cleaned.py,1,1,0.3270232081413269,0.6729767918586731
kat3,340_v1_10_content_subashgandyer_Anti-mirror-Apriori_CSVtoLIST_def.py_cleaned.py,1,1,0.009196553379297256,0.9908034801483154
kat3,1191_7_content_gchacaltana_BreadthFirstSearch_DepthFirstSearch_UninformedSearchAlgorithm.py_cleaned.py,0,0,0.9086179733276367,0.09138210862874985
kat3,13020_40_content_Grijesh-Chauhan_aadhaar_webrequests.py_cleaned.py,0,1,0.34565725922584534,0.654342770576477
kat3,9374_64_content_hardik-dadhich_Polynomial_regression_model_poly_reg.py_cleaned.py,0,0,0.9943581223487854,0.005641908850520849
kat3,10599_v1_52_content_NYU-Molecular-Pathology_queue-stats_qstats.py_cleaned.py,1,1,0.16398024559020996,0.83601975440979
kat3,4708_5_content_brown9804_Python_DiversosAlgortimos_Maquina_Atwood.py_cleaned.py,0,0,0.8601343035697937,0.13986563682556152
kat3,6658_v1_11_content_Koushikmc_Knn-Classifier_Knn.py_cleaned.py,1,1,0.005220125894993544,0.9947799444198608
kat3,5274_8_content_andersonlthome_floyd-warshall-algorithm_floyd_warshall.py_cleaned.py,0,0,0.9381240010261536,0.06187598407268524
kat3,9999_v1_5_content_Fmccline_Prims-Algorithm_prims_algorithm.py_cleaned.py,1,1,0.11656274646520615,0.8834372758865356
kat3,4112_v1_7_content_jakobpederson_divisible_pair_sums_divisible_pair_sums.py_cleaned.py,1,1,0.2753245234489441,0.7246754765510559
kat3,8958_v1_2_content_mayankagrawal93_Outlier-Analysis_cblof.py_cleaned.py,1,1,0.04569203406572342,0.954308032989502
kat3,5045_v1_79_content_s1ssagar_fibonacci-finding-easy_fibonacci-finding-easy.py_cleaned.py,1,1,0.013636834919452667,0.9863631129264832
kat3,8066_13_content_trsavi_Largest-Common-Sequence_subSequence.py_cleaned.py,0,0,0.9957352876663208,0.004264634568244219
kat3,6959_v1_20_content_kavyasree-bvs_Network-Optimization_vertex.py_cleaned.py,1,1,0.020177319645881653,0.9798226952552795
kat3,1170_38_content_SamDaQueen_Algorithms-In-Python_Binary_Search_O_log2n_.py_cleaned.py,0,0,0.9477691650390625,0.05223085358738899
kat3,4611_v1_9_content_Soumyabrata_predicting-pwv_read_matfile.py_cleaned.py,1,1,0.10856641829013824,0.8914335370063782
kat3,12459_v1_55_content_wangfan950309_TF-IDF_tf_idf.py_cleaned.py,1,1,0.04885777831077576,0.9511421918869019
kat3,12402_40_content_Shikhar-S_Search-TF-IDF_graph_script.py_cleaned.py,0,0,0.9678993225097656,0.03210070729255676
kat3,2020_3_content_KirillGordievich_Bubble_Sort_Visualization_colors.py_cleaned.py,0,1,0.06142403930425644,0.9385759830474854
kat3,2021_3_content_KirillGordievich_Bubble_Sort_Visualization_mainloop.py_cleaned.py,0,1,0.03608394414186478,0.9639160633087158
kat3,9687_v1_16_content_mukosh123_primegenetator_primeg.py_cleaned.py,1,1,0.2997197210788727,0.7002802491188049
kat3,6623_24_content_xosherry_Machine-Learning-_knn.py_cleaned.py,0,1,0.03283695504069328,0.9671630263328552
kat3,9121_v1_3_content_iykadev_pyalgo_hamming_numbers.py_cleaned.py,1,1,0.031499382108449936,0.9685006141662598
kat3,6363_v1_13_content_Skulsta_cluster_unlabelled_dataset_elbow_analysis.py_cleaned.py,1,1,0.09268777817487717,0.907312273979187
kat3,2588_1_content_abhilampard_Simple-Plagiarism-Checker_plag.py_cleaned.py,0,0,0.9431384205818176,0.056861549615859985
kat3,7197_12_content_ianscottknight_Predicting-Myers-Briggs-Type-Indicator-with-Recurrent-Neural-Networks_word_cloud.py_cleaned.py,0,1,0.39291903376579285,0.6070809364318848
kat3,7506_1_content_guoliu_London-scikit_LondonScikit.py_cleaned.py,0,0,0.8638516664505005,0.13614831864833832
kat3,7839_v1_22_content_harpreetsi_DataStructureImpl_LinkedListTest.py_cleaned.py,1,1,0.10123348236083984,0.8987665772438049
kat3,13114_v1_39_content_kghimire192_Electoral_Map_Coloring_Project1.py_cleaned.py,1,1,0.169956237077713,0.8300437331199646
kat3,10223_23_content_ymohanty_data-analysis_analysis.py_cleaned.py,0,1,0.37433314323425293,0.6256668567657471
kat3,1435_11_content_mrluin_EfficientAutoDeeplab_evaluation.py_cleaned.py,0,1,0.257951945066452,0.7420480251312256
kat3,5499_86_content_sudarshan-koirala_Clustering-Algorithms-Comparision_hierarchical_clustering.py_cleaned.py,0,1,0.04724971577525139,0.9527502655982971
kat3,12039_15_content_ganigavinaya_LogisticRegression_LRwithStopWords.py_cleaned.py,0,0,0.826151430606842,0.17384850978851318
kat3,12761_v1_40_content_Charles-Peeke_clinical_variances_sponsor_app.py_cleaned.py,1,1,0.12252321094274521,0.8774768114089966
kat3,12734_v1_13_content_zerolxf_VRL-SGD_process_tiny_magenet.py_cleaned.py,1,1,0.17441026866436005,0.8255897164344788
kat3,2605_3_content_JennaBellassai_phrase-similarity_similarity_score.py_cleaned.py,0,0,0.9883127808570862,0.011687257327139378
kat3,10301_v1_7_content_syamkakarla98_PCA-On-IRIS-Dataset-With-Classification-Using-KNNC_pca_iris_knnc.py_cleaned.py,1,1,0.05707140266895294,0.9429286122322083
kat3,13165_v1_8_content_ianmartensen_StockBot_discordStockbot.py_cleaned.py,1,1,0.1196136623620987,0.8803863525390625
kat3,12457_v1_53_content_rghv404_Language_identification_make_predictions.py_cleaned.py,1,1,0.1629120409488678,0.8370879292488098
kat3,1247_v1_8_content_abpaudel_8-puzzle_board.py_cleaned.py,1,1,0.06371499598026276,0.9362850189208984
kat3,6968_v1_32_content_arian100y_Travelling-Salesman-Problem_createCaminos.py_cleaned.py,1,1,0.0627892017364502,0.937210738658905
kat3,9975_v1_11_content_Boros93_GraphProject_test_prim.py_cleaned.py,1,1,0.1841064840555191,0.8158934712409973
kat3,6326_36_content_OneWinged-Eagle_spotimy_getArtists.py_cleaned.py,0,1,0.04115288704633713,0.9588471055030823
kat3,9942_4_content_JosephFWright_Prims_Algorithm_main.py_cleaned.py,0,0,0.9504110217094421,0.04958902671933174
kat3,11762_v1_31_content_anowarh2514_Selection-Sort-Algorithm-in-Python_Selection_Sort.py_cleaned.py,1,1,0.04707418009638786,0.9529258608818054
kat3,8710_v1_19_content_DennyHsieh_many-time-pad-attack_decrypt.py_cleaned.py,1,1,0.15335887670516968,0.8466410636901855
kat3,3189_92_content_kousthub93_Web-Crawler_hw1_bfs.py_cleaned.py,0,0,0.9777138829231262,0.02228618785738945
kat3,1770_v1_18_content_10elements_BinaryTree_binaryTree.py_cleaned.py,1,1,0.4196479618549347,0.5803520083427429
kat3,2360_v1_39_content_ercjns_WinOfTheDay_toolbox.py_cleaned.py,1,1,0.19072401523590088,0.8092759251594543
kat3,11388_29_content_arthurdamm_RSA-Factoring-Challenge_test.py_cleaned.py,0,1,0.042087726294994354,0.957912266254425
kat3,12728_85_content_CodeRika_TweetsSentimentAnalyzer_graph.py_cleaned.py,0,0,0.7586894631385803,0.24131055176258087
kat3,2089_v1_74_content_OstapKuch_Lab_01_alg_sort.py_cleaned.py,1,1,0.013636834919452667,0.9863631129264832
kat3,9422_v1_63_content_avitabayan_Machine-learning_svr.py_cleaned.py,1,0,0.6010082960128784,0.39899176359176636
kat3,12385_11_content_Masao-Taketani_text_classification_with_alexa_webapi.py_cleaned.py,0,0,0.9904406070709229,0.00955939944833517
kat3,343_v1_11_content_SabikAbtahee_Apriori-Implementation_AprioriMain.py_cleaned.py,1,1,0.01590639166533947,0.9840936064720154
kat3,1781_v1_27_content_gabysoares_PythonBinaryTree_ReconstructTree.py_cleaned.py,1,1,0.1431877166032791,0.8568122982978821
kat3,3439_12_content_michaelasper_Diffie-Hellman_diffie_hellman.py_cleaned.py,0,0,0.9437636137008667,0.05623634159564972
kat3,7497_15_content_jknight1725_linear_search_vs_random_search_myFunctions.py_cleaned.py,0,1,0.08035746961832047,0.9196425676345825
kat3,13178_v1_9_content_chaseycodes_StockX-Scraper_3-image_downloader.py_cleaned.py,1,1,0.06097518280148506,0.939024806022644
kat3,2913_v1_11_content_harshraj11584_Paper-Implementation-Overview-Gradient-Descent-Optimization-Sebastian-Ruder_amsgrad.py_cleaned.py,1,1,0.04023794084787369,0.9597620368003845
kat3,8957_v1_2_content_Liu-WeiYi_Private_Preserving_Outlier_Behavior_Detection_utils.py_cleaned.py,1,1,0.022977370768785477,0.977022647857666
kat3,13087_v1_14_content_Bakhtiyar-Garashov_IMDB_Movies_Ratings_Project.py_cleaned.py,1,1,0.0832919329404831,0.9167081117630005
kat3,12055_22_content_mikpim01_Python-NLTK_task_stopword_removal.py_cleaned.py,0,1,0.25312182307243347,0.7468782067298889
kat3,3194_v1_11_content_liubing220524_DFSL-for-hyperspectral-image-classification_KNN.py_cleaned.py,1,1,0.06804042309522629,0.9319595694541931
kat3,8079_15_content_VakinduPhilliam_Pattern_Matching_Python_Glob_Directory_Matching.py_cleaned.py,0,0,0.596433162689209,0.4035668969154358
kat3,8949_6_content_chengdai_gestation_multiomics_pregnancy_multiomics.py_cleaned.py,0,0,0.8098781704902649,0.1901218295097351
kat3,9398_v1_2_content_MBKraus_Predicting_real_estate_prices_using_scikit-learn_Converter.py_cleaned.py,1,1,0.052814025431871414,0.9471859931945801
kat3,5796_v1_12_content_gabrielviggiano_MD_Huffman_huffman.py_cleaned.py,1,1,0.038178276270627975,0.9618217349052429
kat3,6664_v1_16_content_nbui151_K-Nearest-Neighbors-Implementation_nearest_neighbors.py_cleaned.py,1,1,0.042087726294994354,0.957912266254425
kat3,12717_5_content_mingzhang-yin_ARM-gradient_preprocess.py_cleaned.py,0,0,0.9319595694541931,0.06804042309522629
kat3,13041_65_content_nyavramov_monitor_web_page_changes_monitor.py_cleaned.py,0,1,0.2813068926334381,0.7186931371688843
kat3,9987_v1_22_content_mikaelharseno_DurianBot_solver.py_cleaned.py,1,1,0.029535336419939995,0.9704646468162537
kat3,12690_18_content_wuqianfan_Variance-Reduction-for-Merton-Process-Monte-Carlo_Sampling_1.py_cleaned.py,0,0,0.6048657894134521,0.39513421058654785
kat3,1785_v1_31_content_jwjohns_binary-tree_python_binary_tree_search.py_cleaned.py,1,1,0.08756384998559952,0.9124361872673035
kat3,8383_42_content_darshan-jain-29_ml-naive-bayes-working-demo_email_preprocess.py_cleaned.py,0,0,0.8879840970039368,0.11201596260070801
kat3,7272_v1_24_content_lucaducceschi_Wordnet_Functions_wordnet_functions.py_cleaned.py,1,1,0.06705628335475922,0.9329437017440796
kat3,1763_8_content_karangargg_trees-notes_trees1.py_cleaned.py,0,0,0.9683812260627747,0.031618766486644745
kat3,6390_v1_54_content_sumanth-bmsce_Unsupervised_Extreme_Learning_Machine_EM_Algo.py_cleaned.py,1,1,0.05033063143491745,0.949669361114502
kat3,9426_v1_73_content_MachineLearning-Nerd_Multiple-Polynomial-Regression_mllsklearn.py_cleaned.py,1,0,0.5219584703445435,0.47804147005081177
kat3,10857_v1_10_content_adrianvellamlt_Quick-Sort---Insertion-Sort_utils.py_cleaned.py,1,0,0.7072025537490845,0.2927974760532379
kat3,11685_11_content_rburkholder_debconf-get-selections-sort_seed.sort.py_cleaned.py,0,0,0.9268352389335632,0.07316471636295319
kat3,2304_26_content_Emersonxuelinux_One_Big_Archive_VirtualPet.py_cleaned.py,0,1,0.3734187185764313,0.6265812516212463
kat3,5277_8_content_chiragragarwal_Graphs_And_Networks_PlotGraph.py_cleaned.py,0,1,0.36658975481987,0.6334102749824524
kat3,1185_5_content_GregLahaye_wikipedia-game_wikipedia.py_cleaned.py,0,1,0.43098536133766174,0.5690146684646606
kat3,629_v1_14_content_harrydurbin_temperature-monitoring_temperature.py_cleaned.py,1,1,0.11221037060022354,0.8877896666526794
kat3,616_47_content_Eric-Muthemba_investing_scrapper.py_cleaned.py,0,0,0.9289263486862183,0.07107366621494293
kat3,11161_v1_29_content_gdkat_Recursive-DNS-Client-Server-Communication_client.py_cleaned.py,1,0,0.9145963191986084,0.08540366590023041
kat3,4021_12_content_Subhamacademia_Efficient-way-to-Check-the-Divisibility-of-a-Number-by-Three_ex0.py_cleaned.py,0,0,0.9914224743843079,0.008577484637498856
kat3,357_v1_2_content_adwansyed_Market-Basket-Analysis-Apriori_bruteforce_marketbasketanalysis.py_cleaned.py,1,1,0.006289901677519083,0.9937100410461426
kat3,7543_v1_13_content_Pedinpsy_-inverted-index-search_hash.py_cleaned.py,1,1,0.07133200019598007,0.9286680221557617
kat3,3204_v1_23_content_GaryXiongxiong_SubwayStationSearching_UseMapBFSFindSubway.py_cleaned.py,1,1,0.03622005879878998,0.9637799859046936
kat3,5833_v1_4_content_amzhang1_simple-JPEG-compression_zigzag.py_cleaned.py,1,1,0.1276526302099228,0.8723474144935608
kat3,7478_10_content_bradib0y_searchalgorithms_io.py_cleaned.py,0,1,0.03308597952127457,0.9669140577316284
kat3,1172_3_content_rizkyary_BFS_BASE_BFS_BASE.py_cleaned.py,0,0,0.9898303151130676,0.01016965787857771
kat3,9965_9_content_gquintela_prim_main.py_cleaned.py,0,1,0.4368622899055481,0.5631377100944519
kat3,11461_v1_6_content_JayDogon_RSA_Encrypt3.py_cleaned.py,1,1,0.44167301058769226,0.5583269596099854
kat3,884_1_content_shahzad-virani_Distance-vector_DVR.py_cleaned.py,0,1,0.21166115999221802,0.788338840007782
kat3,6937_8_content_fepz_AyCC_aycc.py_cleaned.py,0,1,0.12121684849262238,0.878783106803894
kat3,1716_10_content_shehand_Game_Graphics_using_Binary_Search_Tree_calc.py_cleaned.py,0,0,0.9230391979217529,0.07696083933115005
kat3,6966_v1_2_content_carlosguadir_kruskal_Puertos.py_cleaned.py,1,1,0.11357959359884262,0.8864204287528992
kat3,2335_v1_12_content_eric-erki_Out-of-Core-DataFrames-for-Python-visualize-and-explore-big-tabular-data-at-a-billion-rows-per-seco_.releash.py_cleaned.py,1,0,0.502197265625,0.497802734375
kat3,2645_v1_1_content_HarryBaker_LDAtopicSimilarity_topic2vec.py_cleaned.py,1,1,0.12294380366802216,0.8770562410354614
kat3,4988_61_content_AaronRobson_sequences_triangle_numbers.py_cleaned.py,0,1,0.39981165528297424,0.6001883149147034
kat3,6960_v1_21_content_AnnaPiatek_Graph_Ford-Fulkerson.py_cleaned.py,1,1,0.0819595530629158,0.91804039478302
kat3,6631_30_content_Aishwarya1401_Diabetic-Retinopathy-Project-Deep-Learning-_KNN_RawImage.py_cleaned.py,0,0,0.9124361872673035,0.08756384998559952
kat3,7576_v1_7_content_DMHarish_Linear_search_LinearSearch.py_cleaned.py,1,1,0.013020489364862442,0.9869794845581055
kat3,11725_49_content_guptavasu1213_Comparing-Sorting-Algorithms_compare_sorting.py_cleaned.py,0,0,0.8925625681877136,0.10743747651576996
kat3,5548_v1_70_content_metr0jw_video-liveness-measurement_video_cut_itzy.py_cleaned.py,1,1,0.09009299427270889,0.9099069833755493
kat3,5514_v1_25_content_MarcLindenbach_2d-grouping_k_cluster.py_cleaned.py,1,1,0.02080448903143406,0.9791954755783081
kat3,7260_v1_18_content_ppke-nlpg_emmorphpy_test.py_cleaned.py,1,1,0.04177388176321983,0.9582261443138123
kat3,9375_64_content_LudweNyobo88_Polynomial-Regression_polynomial-regression.py_cleaned.py,0,0,0.987375020980835,0.012624949216842651
kat3,11979_5_content_SorinMA_steganografie_proiect.py_cleaned.py,0,1,0.03760863468050957,0.9623913168907166
kat3,1452_31_content_sheffieldjordan_binarySearchTree_BST.py_cleaned.py,0,0,0.9219217896461487,0.07807815819978714
kat3,5526_v1_3_content_riteshkasat_Community-Detection-Algorithm_detect_community.py_cleaned.py,1,1,0.1465752124786377,0.8534248471260071
kat3,8937_2_content_Liu-WeiYi_Private_Preserving_Outlier_Behavior_Detection_statistic.py_cleaned.py,0,0,0.9230391979217529,0.07696083933115005
kat3,4034_27_content_SethEggerRocks_WakingMoments_WakingMoments.py_cleaned.py,0,1,0.06418264657258987,0.9358173608779907
kat3,4715_91_content_MerliX_async-factorial_server.py_cleaned.py,0,1,0.04742587357759476,0.9525741338729858
kat3,1521_v1_66_content_adamweissert_PythonBinarySearch_BinarySearch.py_cleaned.py,1,1,0.03567855432629585,0.9643214344978333
kat3,57_v1_12_content_eyalr0_AES-Cryptoanalysis_RetracingBoomerang.py_cleaned.py,1,1,0.2706729769706726,0.7293270230293274
kat3,8952_v1_2_content_Liu-WeiYi_Private_Preserving_Outlier_Behavior_Detection_Abnormal_Scenario_Generation.py_cleaned.py,1,0,0.8951566815376282,0.104843370616436
kat3,6932_7_content_Aly-Tomato_Prims-and-Kruskals_kruskals.py_cleaned.py,0,0,0.963230550289154,0.03676946461200714
kat3,10547_47_content_jeshan_lambda-default-dlq_generate-config.py_cleaned.py,0,1,0.43854475021362305,0.5614553093910217
kat3,9060_3_content_iykadev_pyalgo_bubbleSort.py_cleaned.py,0,0,0.9441768527030945,0.05582313984632492
kat3,3803_v1_33_content_arbitraryrw_dijkstras_algorithm_main.py_cleaned.py,1,1,0.02080448903143406,0.9791954755783081
kat3,12481_v1_94_content_ianscottknight_Predicting-Myers-Briggs-Type-Indicator-with-Recurrent-Neural-Networks_make_test_set.py_cleaned.py,1,1,0.2206781655550003,0.7793218493461609
kat3,6388_v1_52_content_msypetkowski_MEDProj_datasets.py_cleaned.py,1,1,0.021948255598545074,0.9780517220497131
kat3,8385_48_content_andrewdoanutz_NaiveBayesClassifier_NaiveBayesClassifier.py_cleaned.py,0,0,0.9838472008705139,0.01615283451974392
kat3,9386_v1_100_content_adelaidaCreosteanu_scikit-learn-diabetes-exploration_lasso.py_cleaned.py,1,1,0.039048291742801666,0.9609517455101013
kat3,9973_v1_11_content_Boros93_GraphProject_disjoint_set.py_cleaned.py,1,1,0.003376612439751625,0.9966233968734741
kat3,6916_2_content_carlosguadir_kruskal_Puertos.py_cleaned.py,0,1,0.11357959359884262,0.8864204287528992
kat3,12061_28_content_vinaykumarbu_sentiment-analysis-deeplearning_preprocess.py_cleaned.py,0,0,0.9833430051803589,0.016657039523124695
kat3,10226_28_content_mmelodea_CodesForPCA_pca_analysis2.py_cleaned.py,0,0,0.9334307909011841,0.06656918674707413
kat3,8113_v1_11_content_ayushkumarshah_Dynamic-Programming-MCM-and-LCS_matmul.py_cleaned.py,1,1,0.0832919329404831,0.9167081117630005
kat3,7871_v1_7_content_udaram_Data-Structure_Doubly_linklist.py_cleaned.py,1,1,0.02262919954955578,0.9773707389831543
kat3,13049_74_content_jrathin_Web-Scraping_P_Data.py_cleaned.py,0,0,0.974628746509552,0.025371313095092773
kat3,3826_v1_99_content_mincanhe_Network-routing-protocol_Dijkstra.py_cleaned.py,1,1,0.08754433691501617,0.9124556183815002
kat3,2322_5_content_anguillanneuf_bigO_28_valid_bst.py_cleaned.py,0,1,0.11417084187269211,0.8858291506767273
kat3,5268_5_content_NuttySalmon_connecting_flights_start.py_cleaned.py,0,1,0.2869678735733032,0.7130321860313416
kat3,2086_v1_68_content_pierobeat_Beginner-bubble-sort-py_bubble_sort.py_cleaned.py,1,1,0.42895087599754333,0.571049153804779
kat3,11092_11_content_momaabna_Python-create-password-list-_creatlist.py_cleaned.py,0,0,0.9964063763618469,0.0035936026833951473
kat3,8126_v1_15_content_VakinduPhilliam_Pattern_Matching_Python_Fnmatch_fnmatch.py_cleaned.py,1,1,0.3670433759689331,0.6329566240310669
kat3,12405_44_content_Tian14267_Text_Keywords_Keywords_main_MutilSentence.py_cleaned.py,0,0,0.9919379353523254,0.00806199200451374
kat3,30_2_content_laendle1999_NasceUmAEstrela_reberto.py_cleaned.py,0,0,0.9569571614265442,0.043042849749326706
kat3,888_2_content_ernestosanchezmatos_-BellmanFord_algoritmo_floywarshall.py_cleaned.py,0,0,0.9241418242454529,0.07585817575454712
kat3,2892_71_content_aivanova5_tariff_design_main.py_cleaned.py,0,0,0.974628746509552,0.025371313095092773
kat3,2088_v1_73_content_kamil-owczarek_sorter_sorter.py_cleaned.py,1,1,0.15974101424217224,0.8402590155601501
kat3,1789_v1_38_content_NicholasKobald_Tree-Traversals_traversals.py_cleaned.py,1,1,0.08240150660276413,0.9175984263420105
kat3,2941_v1_6_content_oml90_Combining-Structural-and-Bioactivity-descriptors_STEP_4.make_htsfp-from_flag_sparse.py_cleaned.py,1,1,0.27963173389434814,0.7203682661056519
kat3,12388_17_content_davidbhan_IntelligentPatents_NLP_functions.py_cleaned.py,0,0,0.6261242032051086,0.37387582659721375
kat3,2665_v1_7_content_chmullig_culpabuddies_hello.py_cleaned.py,1,1,0.09073548763990402,0.9092645049095154
kat3,12036_14_content_ganigavinaya_NaiveBayes_NBwithStopWords.py_cleaned.py,0,0,0.8489722013473511,0.15102781355381012
kat3,1505_v1_39_content_alejandrakudo_BinarySearch-Sorting_CISC121_Assignment_3_exampleSolution.py_cleaned.py,1,1,0.02931223064661026,0.970687747001648
kat3,4579_11_content_harishchellappa_Time-Series-Analysis-Bike-Sharing-Demand-Forecasting_forecasting_passes.py_cleaned.py,0,0,0.9588471055030823,0.04115288704633713
kat3,11437_v1_28_content_Harzu_simple-rsa_utils.py_cleaned.py,1,1,0.03760863468050957,0.9623913168907166
kat3,603_2_content_polyphilz_pricing-weather-derivatives_scrape_data.py_cleaned.py,0,1,0.06030763313174248,0.9396923184394836
kat3,35_4_content_offsecginger_PythonAESObfuscate_python_x86_template.py_cleaned.py,0,0,0.949669361114502,0.05033063143491745
kat3,11696_18_content_algorithmproject_Selection_sort_scripts.py_cleaned.py,0,0,0.9923043847084045,0.007695647422224283
kat3,11158_v1_24_content_regnarg_prf-turing-machine_tm.py_cleaned.py,1,1,0.08632348477840424,0.9136765599250793
kat3,8451_v1_91_content_mahsarazavi_Text-Classification_MLP_Model.py_cleaned.py,1,1,0.06903792917728424,0.930962085723877
kat3,13172_v1_95_content_SebastianRV26_WebScraping-WordCloud_primerM_todoParalelo.py_cleaned.py,1,1,0.06052938848733902,0.9394705891609192
kat3,12739_v1_17_content_jmullercuber_HackHarvard2k16_RedditTest.py_cleaned.py,1,1,0.19868534803390503,0.801314651966095
kat3,8409_v1_100_content_paulofaria_dr-naive-bayes_server.py_cleaned.py,1,1,0.14175599813461304,0.858244001865387
kat3,10849_80_content_arun-p12_sort-algorithms_quick_sort.py_cleaned.py,0,0,0.9912208914756775,0.00877910852432251
kat3,8716_v1_22_content_asmitaneupane_Python-project_testfile.py_cleaned.py,1,1,0.08064661920070648,0.9193534255027771
kat3,11127_38_content_VakinduPhilliam_Pattern_Matching_Python_Glob_Directory_Paths.py_cleaned.py,0,0,0.5227047204971313,0.47729530930519104
kat3,9376_6_content_metintorunoglu_Polynomial-Linear-Regression_4_Polynomial_Regression.py_cleaned.py,0,0,0.9802808165550232,0.01971912570297718
kat3,3792_v1_18_content_maxsonferovante_Dijkstra_dijsktra.py_cleaned.py,1,1,0.24663539230823517,0.753364622592926
kat3,2052_v1_17_content_qwarlock_python-bubble-sort_bubble_sort.py_cleaned.py,1,1,0.019419347867369652,0.9805806875228882
kat3,12775_v1_79_content_astrojneil_AllanVarCodeFinal_allanVar_plot.py_cleaned.py,1,1,0.16000334918498993,0.8399966359138489
kat3,12419_64_content_clover978_text_classfication_xgb.py_cleaned.py,0,0,0.783326268196106,0.21667379140853882
kat3,4610_v1_9_content_Soumyabrata_predicting-pwv_pwv_forecasting.py_cleaned.py,1,1,0.0753123089671135,0.9246877431869507
kat3,4303_11_content_Patrick-Doucet_Elliptic-Curve-Cryptography_EllipticCurve.py_cleaned.py,0,1,0.491211861371994,0.5087881684303284
kat3,11426_95_content_anurag423_Python-Project_primegen.py_cleaned.py,0,0,0.9865716695785522,0.01342825498431921
kat3,5245_11_content_liam-han_all-pairs-shortest-path_test.py_cleaned.py,0,0,0.9971550703048706,0.0028449094388633966
kat3,4080_v1_1_content_alexirpan_divisibility-regex_app.py_cleaned.py,1,1,0.11318691074848175,0.8868131041526794
kat3,13149_v1_76_content_sangeeta97_web-scraping_ctri_all_fields.py_cleaned.py,1,1,0.11777491122484207,0.8822250962257385
kat3,4299_10_content_kllinzy_Elliptic-Curve-Cryptography_public_key.py_cleaned.py,0,0,0.976669192314148,0.023330768570303917
kat3,3732_13_content_isabellavieira57_dijkstra-fractionalKnapsack-polynomialMultiplication_question2a.py_cleaned.py,0,1,0.41584742069244385,0.5841525197029114
kat3,7240_v1_12_content_ianscottknight_Predicting-Myers-Briggs-Type-Indicator-with-Recurrent-Neural-Networks_baseline.py_cleaned.py,1,1,0.2549724578857422,0.7450275421142578
kat3,11387_28_content_Harzu_simple-rsa_utils.py_cleaned.py,0,1,0.16830943524837494,0.8316905498504639
kat3,7785_19_content_vickyabi_singly-linked-list_singly_linked_list.py_cleaned.py,0,0,0.9664104580879211,0.03358950465917587
kat3,11769_v1_41_content_sarahandert_python-practice--sorting_sample5.py_cleaned.py,1,1,0.07290027290582657,0.9270997643470764
kat3,4101_v1_5_content_AdamJacoby_Hopf_Example_Taft.py_cleaned.py,1,1,0.026759283617138863,0.9732407331466675
kat3,6643_4_content_Askjensen_scikittf-idfNLTK_str_func.py_cleaned.py,0,0,0.9881309270858765,0.011869121342897415
kat3,1739_38_content_NicholasKobald_Tree-Traversals_traversals.py_cleaned.py,0,1,0.08240150660276413,0.9175984263420105
kat3,8363_12_content_chiforbogdan_naive-bayes-reputation_satisfaction_humidity.py_cleaned.py,0,1,0.11920291930437088,0.8807970285415649
kat3,898_4_content_Khante_Distance-Vector-Algorithm_simulation_1.py_cleaned.py,0,1,0.12315455824136734,0.8768454790115356
kat3,9668_6_content_kennedyCzar_n-th_monsien_number_monsien_number.py_cleaned.py,0,0,0.9957352876663208,0.004264634568244219
kat3,10252_7_content_work-nchc_PCAMN_pcamn_batch.py_cleaned.py,0,1,0.15726622939109802,0.8427337408065796
kat3,12995_20_content_ArnoldKuo_scraper_scrape_anime.py_cleaned.py,0,1,0.06301947683095932,0.9369805455207825
kat3,8735_v1_6_content_BrandonDG_OneTimePad_a3.py_cleaned.py,1,1,0.16656097769737244,0.83343905210495
kat3,2011_27_content_gcmurillo_sortingAlgorithmsComparation_quickSort.py_cleaned.py,0,0,0.9507778882980347,0.04922211915254593
kat3,10809_12_content_nidhigup01_Quick-sort_quick_sort.py_cleaned.py,0,0,0.9822876453399658,0.017712296918034554
kat3,12754_v1_35_content_XiaoCode-er_image-digital-express_cluster_mean_variance.py_cleaned.py,1,1,0.05108273774385452,0.9489172697067261
kat3,13044_71_content_EltonK888_web_scraping_c01_scrape.py_cleaned.py,0,1,0.28239402174949646,0.7176059484481812
kat3,10864_v1_16_content_KjHop_quick-sort_SortingClass.py_cleaned.py,1,1,0.005730246659368277,0.9942697286605835
kat3,63_v1_15_content_Dhruv-Panchal_AES_socket_GUI_decryptor.py_cleaned.py,1,1,0.2656184732913971,0.7343814969062805
kat3,11399_49_content_mrsondeptrai1999_RSA_Summer_2017_project_Decryption.py_cleaned.py,0,0,0.8762113451957703,0.12378869205713272
kat3,1176_4_content_alex-rantos_Project-1-Search-in-Pacman_ghostAgents.py_cleaned.py,0,0,0.8386797308921814,0.16132023930549622
kat3,2343_v1_21_content_rahul494_Mental-Health-On-Twitter-Analysis_relevant_tweet_filter.py_cleaned.py,1,1,0.10894504189491272,0.8910549879074097
kat3,7550_v1_16_content_sanjay3001_Search-in-python_linear_search.py_cleaned.py,1,1,0.05070536211133003,0.9492946267127991
kat3,4051_5_content_AdamJacoby_Hopf_Example_Taft.py_cleaned.py,0,0,0.7975568175315857,0.2024431824684143
kat3,369_v1_5_content_kushagradarkdk_AssociationRuleMining_Apriori_Comet.py_cleaned.py,1,1,0.05203782394528389,0.9479621648788452
kat3,12342_v1_3_content_Lochanahasith_t-Distributed-Stochastic-Neighbor-Embedding-t-SNE-on-EC-dataset_tsne_with_ec.py_cleaned.py,1,1,0.1427091360092163,0.8572908639907837
kat3,5280_v1_11_content_liam-han_all-pairs-shortest-path_allPairsShortestPath.py_cleaned.py,1,1,0.290477454662323,0.709522545337677
kat3,7548_v1_15_content_jknight1725_linear_search_vs_random_search_random_case.py_cleaned.py,1,0,0.8438951373100281,0.1561049073934555
kat3,355_v1_1_content_jiteshjha_Frequent-item-set-mining_dat2csv.py_cleaned.py,1,1,0.1233656108379364,0.8766343593597412
kat3,9097_v1_3_content_iykadev_pyalgo_ackermann_func.py_cleaned.py,1,1,0.36658975481987,0.6334102749824524
kat3,12322_1_content_DanShai_kernalized-tsne_kernels.py_cleaned.py,0,0,0.8459424376487732,0.1540575623512268
kat3,4998_8_content_lucasmullerm_turing-machine-fibonacci_tm.py_cleaned.py,0,1,0.26473838090896606,0.7352616190910339
kat3,9692_v1_1_content_Fellfalla_prime-predictor_prime_predictor.py_cleaned.py,1,1,0.14175599813461304,0.858244001865387
kat3,298_13_content_ebchang_Apriori_Customer_Dataset_Aprori.py_cleaned.py,0,0,0.9790357351303101,0.020964238792657852
kat3,872_1_content_dedeco_dijkstra-bellman-ford_teste_lobo_bford.py_cleaned.py,0,0,0.966663122177124,0.0333368219435215
kat3,11682_10_content_lesdev_SortingMethods_Binary.py_cleaned.py,0,0,0.8994751572608948,0.10052487254142761
kat3,10899_v1_9_content_ivanbgd_Quick3-Sort-Py_sorting.py_cleaned.py,1,1,0.3065270483493805,0.6934729218482971
kat3,11110_24_content_regnarg_prf-turing-machine_tm.py_cleaned.py,0,0,0.7689067125320435,0.23109324276447296
kat3,5828_v1_3_content_xiekch_Adaptive-Huffman-Coding_test.py_cleaned.py,1,1,0.0384661927819252,0.961533784866333
kat3,7544_v1_13_content_Pedinpsy_-inverted-index-search_main.py_cleaned.py,1,1,0.010902373120188713,0.9890975952148438
kat3,5800_v1_15_content_Nan-L_Huffman_Coding_HuffmanHeap.py_cleaned.py,1,1,0.024053553119301796,0.9759464263916016
kat3,11166_v1_33_content_prabhatpal77_Complete-core-python-_dictcomp.py_cleaned.py,1,1,0.48535576462745667,0.5146442651748657
kat3,5002_99_content_MatheusMuriel_ProgramacaoDinamica_Plotador.py_cleaned.py,0,0,0.8791467547416687,0.1208532303571701
kat3,4059_6_content_sockster_metroCard_metroCard.py_cleaned.py,0,0,0.7203682661056519,0.27963173389434814
kat3,6114_v1_42_content_matbot_Py_merge_vs_insert_sorts_insertionsort.py_cleaned.py,1,1,0.02615562081336975,0.9738444089889526
kat3,12986_11_content_namelessfintech_python-web-scraping_id_iteration_crawler.py_cleaned.py,0,1,0.03760863468050957,0.9623913168907166
kat3,1508_v1_3_content_TeencodeAfrica_binary-search-lab_testBinarySearch.py_cleaned.py,1,1,0.11162799596786499,0.888372004032135
kat3,12693_23_content_aniket-gaikwad_Applied-Machine-learning-Project---Fall-2014_Bootstrap_backup.py_cleaned.py,0,0,0.9808759689331055,0.01912403665482998
kat3,8101_7_content_kanthagirish-rit_lcs-project_hlcs.py_cleaned.py,0,1,0.08913692831993103,0.9108630418777466
kat3,8715_v1_21_content_bentoro_7402_Ass3_otp.py_cleaned.py,1,1,0.048136770725250244,0.9518632292747498
kat3,13067_91_content_Prince9403_WebScraping_Scraping_rabota.py_cleaned.py,0,0,0.9105454087257385,0.08945459872484207
kat3,8123_v1_15_content_VakinduPhilliam_Pattern_Matching_Python_Difflib_Pattern_Matching_Sequence_Matcher.py_cleaned.py,1,1,0.01428193412721157,0.9857181310653687
kat3,3827_v1_9_content_diegooliveira95_PrimAndDijkstra_dijkstra.py_cleaned.py,1,1,0.08570927381515503,0.914290726184845
kat3,3216_v1_48_content_ethanZHY_Crawler_BFS_DFS_Python3_Crawling_Doc.py_cleaned.py,1,1,0.08819004893302917,0.9118099808692932
kat3,3488_v1_11_content_jvpessoa10_Diffie-Hellman_App.py_cleaned.py,1,1,0.057918086647987366,0.942081868648529
kat3,582_19_content_kinetic-cipher_auto_arima_auto_arima_test.py_cleaned.py,0,0,0.9433475732803345,0.05665242671966553
kat3,8150_v1_6_content_singh-sidharth_Longest-Common-Subsequence_LCS.py_cleaned.py,1,1,0.02228618785738945,0.9777138829231262
kat3,12456_v1_46_content_loulai_InformationRetrieval_information_retrieval.py_cleaned.py,1,1,0.01590639166533947,0.9840936064720154
kat3,2367_v1_56_content_lijionline_Big-Data---Hands-On_movie-similarities-1m.py_cleaned.py,1,1,0.016029145568609238,0.9839708209037781
kat3,1757_71_content_DylanHarrisonGithub_AVLTree_AVLTree.py_cleaned.py,0,1,0.10052487254142761,0.8994751572608948
kat3,10564_67_content_sulaiman-muhammad_Earliest-Deadline-First-Sheduler_link.py_cleaned.py,0,0,0.9515040516853333,0.048496004194021225
kat3,8687_5_content_ProgrammingLanguageLeader_OneTimePad_cipher.py_cleaned.py,0,0,0.8576489090919495,0.14235107600688934
kat3,2068_v1_33_content_Ryan-Fortner_bubble_sort_bubble_sort.py_cleaned.py,1,1,0.004609572701156139,0.9953904151916504
kat3,1171_3_content_akh5113_BFS-Wrestling-Teams_Homework5.py_cleaned.py,0,0,0.9732407331466675,0.026759283617138863
kat3,10602_v1_54_content_VishalPadme_Queue__Simple_Driver_Code_Queue_by_VP.py_cleaned.py,1,1,0.04161779209971428,0.9583821892738342
kat3,9352_34_content_Pratiksha100_polynomial-regression_regression_template.py_cleaned.py,0,1,0.09235979616641998,0.9076402187347412
kat3,10302_v1_7_content_work-nchc_PCAMN_pcamn_batch.py_cleaned.py,1,1,0.11636176705360413,0.8836382031440735
kat3,8444_v1_79_content_snehasg95_NaiveBayes_iris_classification.py_cleaned.py,1,1,0.0832919329404831,0.9167081117630005
kat3,2609_4_content_nikitaa30_Content-based-Recommender-System_recommender_system.py_cleaned.py,0,1,0.01065251138061285,0.9893474578857422
kat3,8717_v1_23_content_git-remove_OTP-Decipher_decipher.py_cleaned.py,1,1,0.15869519114494324,0.8413047790527344
kat3,3778_9_content_diegooliveira95_PrimAndDijkstra_dijkstra.py_cleaned.py,0,0,0.961243748664856,0.03875619173049927
kat3,12409_55_content_AustinZuniga_Auto-tagging-of-Theses-and-Dissertations-of-Bicol-University-Searching-and-Matching-_main.py_cleaned.py,0,0,0.9782188534736633,0.02178117260336876
kat3,651_v1_2_content_polyphilz_pricing-weather-derivatives_avg_temperature_model.py_cleaned.py,1,1,0.043365802615880966,0.9566342234611511
kat3,10315_v1_95_content_konradpoweska_pca-sound-compression_wav.py_cleaned.py,1,1,0.05033063143491745,0.949669361114502
kat3,8950_v1_1_content_firmai_ffood_._setup.py_cleaned.py,1,1,0.1950233429670334,0.8049767017364502
kat3,3737_15_content_meghanagabhushan_DijkstraAlgorithm_dijkstra.py_cleaned.py,0,1,0.1457221657037735,0.8542778491973877
kat3,8741_v1_9_content_RooiAap_One-Time-Pad_decrypt.py_cleaned.py,1,1,0.06489011645317078,0.9351099133491516
kat3,9998_v1_5_content_Fmccline_Prims-Algorithm_graph_builder.py_cleaned.py,1,1,0.11436852067708969,0.8856314420700073
kat3,12983_11_content_namelessfintech_python-web-scraping_c10_advanced_link_crawler.py_cleaned.py,0,1,0.3255205750465393,0.6744794249534607
kat3,338_v1_10_content_gitganeshnethi_Market-Basket-Analysis_Online_Retail.py_cleaned.py,1,1,0.053009770810604095,0.9469902515411377
kat3,932_v1_1_content_rosshochwert_arbitrage_arbitrage_py3.py_cleaned.py,1,1,0.09138210862874985,0.9086179733276367
kat3,1503_v1_35_content_jamescarney3_pybst_tree.py_cleaned.py,1,1,0.03963884338736534,0.9603611826896667
kat3,4090_v1_4_content_captainACE_python-ADVANCEMATH-lib_ap.py_cleaned.py,1,1,0.018404891714453697,0.9815951585769653
kat3,6697_v1_8_content_jasminegrewal_Naive-Bayes-KNN-Logistic-Regression_2b_gnb.py_cleaned.py,1,1,0.015072628855705261,0.9849274158477783
kat3,7267_v1_22_content_ABHISHEKVALSAN_Malayalam-Newspaper-Article-Dataset_MalayalamScraping.py_cleaned.py,1,1,0.15817435085773468,0.8418256044387817
kat3,2956_v1_92_content_FranzScheerer_DES_perihel.py_cleaned.py,1,1,0.031143832951784134,0.9688562154769897
kat3,12764_v1_52_content_jamesbutler01_Normalise-Luminance-Across-Images_main.py_cleaned.py,1,1,0.08850466459989548,0.9114953279495239
kat3,6906_1_content_colettebedoya_primsAndKruskal_mst.py_cleaned.py,0,0,0.9362850189208984,0.06371499598026276
kat3,9103_v1_3_content_iykadev_pyalgo_binaryHeap.py_cleaned.py,1,1,0.05223085358738899,0.9477691650390625
kat3,6948_v1_14_content_Stoniel_SimpleGoogleMaps_graph.py_cleaned.py,1,1,0.05749327689409256,0.9425067901611328
kat3,8943_4_content_mrimahajan_advanced_analysis_package_variable_reduction.py_cleaned.py,0,0,0.9626730680465698,0.037326883524656296
kat3,2628_v1_10_content_analyticsbot_document-similarity_document_similarity_WMD.py_cleaned.py,1,1,0.030908960849046707,0.9690910577774048
kat3,6628_29_content_rahuljohnny_Bangla_OCR_Using_KNN_O6_word_segmenter.py_cleaned.py,0,0,0.8166989684104919,0.18330106139183044
kat3,8399_7_content_pherde_naive_bayes_spam_classifier.py_cleaned.py,0,1,0.03138043358922005,0.9686195850372314
kat3,12720_66_content_ChavezE_Parallel_PFVA_image_tester.py_cleaned.py,0,0,0.9775429368019104,0.022457055747509003
kat3,5298_v1_3_content_hamedomidvar_GPU_FloydWarshall_FW_Rev0.1.py_cleaned.py,1,1,0.01652955822646618,0.9834704995155334
kat3,71_v1_19_content_darkerego_blitzkloud_server.py_cleaned.py,1,1,0.2890203893184662,0.7109795808792114
kat3,10839_3_content_iRGBit_indexhelper_indexer.py_cleaned.py,0,0,0.7725306749343872,0.22746935486793518
kat3,8139_v1_1_content_susheelsagar_LCSS_temp.py_cleaned.py,1,1,0.07159119844436646,0.9284088015556335
kat3,7856_v1_38_content_valuntiny_leetcode_linked_list_ii_addTwoNumbers_re.py_cleaned.py,1,1,0.20315366983413696,0.796846330165863
kat3,11708_26_content_AbdelrhmanKhater_Comparison-between-linked-list-and-array-during-using-selection-sort_main.py_cleaned.py,0,0,0.6987664699554443,0.30123355984687805
kat3,5305_v1_5_content_NuttySalmon_connecting_flights_start.py_cleaned.py,1,1,0.2869678735733032,0.7130321860313416
kat3,2348_v1_24_content_UZziell_bigO-estimate_gui.py_cleaned.py,1,1,0.3184851408004761,0.6815148591995239
kat3,10569_v1_10_content_Raj-Kumar2208_linkedList-Stacks-Queues-Hashing_arrayStack.py_cleaned.py,1,1,0.0446808747947216,0.9553191661834717
kat3,8368_16_content_ydhnwb_sentiment_analysis_movie_preprocessing.py_cleaned.py,0,0,0.9362850189208984,0.06371499598026276
kat3,4337_6_content_gionanide_Cryptography_Crack_zip_files.py_cleaned.py,0,0,0.9907320141792297,0.009268012829124928
kat3,11390_31_content_fjxds_Textbook-RSA-CCA2-OAEP_debug.py_cleaned.py,0,0,0.9940890073776245,0.005911068990826607
kat3,10837_38_content_TadayoshiCarvajal_Sorting-in-Python_sortingAlgorithms.py_cleaned.py,0,0,0.8895288705825806,0.11047115176916122
kat3,12415_58_content_zhaoyichanghong_machine_learing_algo_python_knn.py_cleaned.py,0,1,0.26020142436027527,0.7397985458374023
kat3,11717_33_content_ilkayDevran_Analysis_of_Sorting_Algorithms_allInOne.py_cleaned.py,0,0,0.9603611826896667,0.03963884338736534
kat3,8081_1_content_Gopal9028_Longest-Common-Subsequence-using-MPI_lcs_using_MPI.py_cleaned.py,0,0,0.8875949382781982,0.11240507662296295
kat3,3470_46_content_MrJmk_protocoles_crypto_Diffie-Hellman.py_cleaned.py,0,0,0.9865716695785522,0.01342825498431921
kat3,8700_v1_12_content_cuhsat_practical_practical_test.py_cleaned.py,1,1,0.1766716092824936,0.8233283758163452
kat3,11720_39_content_lorenzo3117_python-sorting-scripts_sortingScript.py_cleaned.py,0,0,0.9744347929954529,0.025565212592482567
kat3,4023_13_content_Odarlie_fizz_buzz_programming_logic_andelab_fizz_buzz_bootcamp_function.py_cleaned.py,0,0,0.9877586960792542,0.012241275981068611
kat3,11446_v1_43_content_strmrider_RSA_utilities.py_cleaned.py,1,1,0.07263670116662979,0.9273632764816284
kat3,10290_v1_59_content_SMByC_PCA4CD_pca4cd.py_cleaned.py,1,1,0.4951173663139343,0.5048826336860657
kat3,8425_v1_2_content_aspremon_NaiveFeatureSelection_DemoNFS.py_cleaned.py,1,1,0.05813159421086311,0.9418684244155884
kat3,98_v1_9_content_john-salman_ECB_decryption_ECB.py_cleaned.py,1,1,0.048496004194021225,0.9515040516853333
kat3,74_v1_21_content_emilystamm_aes-ecb-attacks_aes_ecb_oracle.py_cleaned.py,1,1,0.1422467976808548,0.8577532172203064
kat3,7269_v1_23_content_clydedacruz_worddoc-indexer-py_create_index.py_cleaned.py,1,1,0.15152934193611145,0.8484706878662109
kat3,7513_33_content_chafiknaceri_Credit-Card-Debt_BisectionSearchPayement.py_cleaned.py,0,0,0.9964063763618469,0.0035936026833951473
kat3,11473_v1_93_content_entropy2333_RSA_exponential.py_cleaned.py,1,0,0.9536217451095581,0.046378206461668015
kat3,3156_27_content_PriyeshV_GAP_Kernels_DFS_run.py_cleaned.py,0,0,0.6948205828666687,0.3051793873310089
kat3,2005_22_content_cneally_BubbleSortingAlgorithm_bubble_sort.py_cleaned.py,0,0,0.9475754499435425,0.05242456495761871
kat3,5816_v1_24_content_maganoegi_huffman_compressor_comp_PLATONOV_MPACKO.py_cleaned.py,1,1,0.11357959359884262,0.8864204287528992
kat3,11459_v1_66_content_MihaiGaidau_RSA_main.py_cleaned.py,1,1,0.04161779209971428,0.9583821892738342
kat3,8089_1_content_susheelsagar_LCSS_final_loader.py_cleaned.py,0,0,0.9764904975891113,0.023509450256824493
kat3,1432_10_content_circulosmeos_haveibeenpwned-binary_pwned-pass-binary-fast.py_cleaned.py,0,0,0.9713473320007324,0.028652669861912727
kat3,5466_26_content_dmallya93_Intelligent-Web-Services-Discovery-using-Clustering-Method_description_similarities.py_cleaned.py,0,0,0.9835969805717468,0.01640303246676922
kat3,5750_15_content_Nan-L_Huffman_Coding_HuffmanHeap.py_cleaned.py,0,0,0.5945512652397156,0.40544870495796204
kat3,11694_17_content_alanz4196_arrays_insertion_selection_sorts.py_cleaned.py,0,0,0.8098781704902649,0.1901218295097351
kat3,9429_v1_81_content_kiranathealea_regressionMachineLearning_Models.py_cleaned.py,1,1,0.016914913430809975,0.9830850958824158
kat3,8440_v1_6_content_dennishnf_indoor-location-using-naive-bayes_2_division_data.py_cleaned.py,1,1,0.18068422377109528,0.8193157911300659
kat3,1238_v1_6_content_sanjay-bhat_find_route_bfs_find_route.py_cleaned.py,1,1,0.09235979616641998,0.9076402187347412
kat3,6340_53_content_ohrockness_k-means-clustering-in-python_k-means.py_cleaned.py,0,0,0.8482193946838379,0.1517806202173233
kat3,4308_17_content_achusat_Elliptic_Curve_Cryptography_ecc.py_cleaned.py,0,1,0.09138210862874985,0.9086179733276367
kat3,2926_v1_26_content_1970633640_Design-and-Analysis-of-Algorithm_ex7.py_cleaned.py,1,1,0.03308597952127457,0.9669140577316284
kat3,9670_77_content_keryl_prime-numbers_prime_numbers.py_cleaned.py,0,1,0.1977541446685791,0.8022459149360657
kat3,13065_8_content_casper-hansen_Web-Scraping-Reddit_scraper.py_cleaned.py,0,1,0.10017222166061401,0.8998277187347412
kat3,9699_v1_23_content_wliabc_Prime-numbers_prime.py_cleaned.py,1,1,0.3375309705734253,0.6624690294265747
kat3,9669_70_content_Panagiotis-Zachos_Primality-Checks-Python_Miller_Rabin_PrimalityCheck.py_cleaned.py,0,0,0.8068526387214661,0.19314737617969513
kat3,1249_v1_8_content_haozou-official_DFS-BFS-in-Maze_myqueue.py_cleaned.py,1,1,0.007999754510819912,0.9920002222061157
kat3,2315_52_content_PhaniBalagam27_Big-data-Analytics-on-dallas-police-incidents-dataset_Q5_code.py_cleaned.py,0,0,0.7885831594467163,0.2114168256521225
kat3,2621_8_content_uzzielc_Document_Similarity_using_TF-IDF_with_Cosine_Dist_article.py_cleaned.py,0,0,0.9235923886299133,0.07640768587589264
kat3,5507_v1_18_content_ronak-07_Agglomerative-Hierarchical-Clustering_Agglomerative.py_cleaned.py,1,1,0.04115288704633713,0.9588471055030823
kat3,8158_v1_8_content_16chuang_CS161_Project_LCStest.py_cleaned.py,1,1,0.39606815576553345,0.6039317846298218
kat3,13129_v1_49_content_S-GH_WebtoonReply_Scraping-and-Sentiment_Analysis_2._Preprocess.py_cleaned.py,1,1,0.3106943964958191,0.6893056035041809
kat3,10264_95_content_JoeJimFlood_FreedomIndexPCA_FreedomIndexPCA.py_cleaned.py,0,1,0.28378137946128845,0.7162185907363892
kat3,2303_26_content_Emersonxuelinux_One_Big_Archive_TempGui.rsrc.py_cleaned.py,0,0,0.9522199034690857,0.04778006672859192
kat3,12384_11_content_Masao-Taketani_text_classification_with_alexa_make_pkl_for_data_and_dic.py_cleaned.py,0,0,0.9136765599250793,0.08632348477840424
kat3,10865_v1_18_content_TorugoH_quickSort_quick.py_cleaned.py,1,1,0.009412589482963085,0.9905874133110046
kat3,7484_11_content_sichen-x_search-engine_htable_oo.py_cleaned.py,0,1,0.037326883524656296,0.9626730680465698
kat3,10538_38_content_dareofmeashwani_Pre-Processing-Queue-For-Deep-Learning-Model_DataQueue.py_cleaned.py,0,1,0.14499424397945404,0.85500568151474
kat3,11444_v1_42_content_KimCant2019_rsa_crypto_rsa-decrypter.py_cleaned.py,1,1,0.39513421058654785,0.6048657894134521
kat3,4599_v1_1_content_ryanRahul5_Time-Series-on-python_time_series_anlys.py_cleaned.py,1,1,0.03185885772109032,0.9681411385536194
kat3,11382_12_content_kyardley_RSA_RSAEncrypt.py_cleaned.py,0,1,0.25832599401474,0.7416740655899048
kat3,934_v1_2_content_cvwilliams_BellmanFord-Python_client.py_cleaned.py,1,1,0.012821214273571968,0.9871788024902344
kat3,10806_10_content_adrianvellamlt_Quick-Sort---Insertion-Sort_quicksort.py_cleaned.py,0,1,0.013848611153662205,0.986151397228241
kat3,6317_22_content_sabarahman_k-means-Clustering-On-Banking-Data-Set_clustering.py_cleaned.py,0,0,0.9782188534736633,0.02178117260336876
kat3,6679_v1_30_content_Aishwarya1401_Diabetic-Retinopathy-Project-Deep-Learning-_KNN_RawImage.py_cleaned.py,1,0,0.8591918349266052,0.14080817997455597
kat3,10218_15_content_agarwalr98_PrincipalComponentAnalysis_PCAReconstruct_with_NoisyImages.py_cleaned.py,0,0,0.8872045874595642,0.1127953976392746
kat3,919_v1_1_content_dedeco_dijkstra-bellman-ford_teste_cormen_bford.py_cleaned.py,1,1,0.024798160418868065,0.9752018451690674
kat3,1451_31_content_aghimire15_Project2_DataStructure_ICP5_2_.py_cleaned.py,0,0,0.9418684244155884,0.05813159421086311
kat3,8660_17_content_jb0xx_decrypt-onetimepad_texthelper.py_cleaned.py,0,0,0.9728307723999023,0.027169233188033104
kat3,5261_3_content_hamedomidvar_GPU_FloydWarshall_FW_Rev0.1.py_cleaned.py,0,0,0.9575962424278259,0.04240383207798004
kat3,3482_77_content_Zerox-1337_Simplified-OTR-Protocol_otr.py_cleaned.py,0,1,0.13095080852508545,0.8690492510795593
kat3,5278_8_content_chiragragarwal_Graphs_And_Networks_ReadGraph.py_cleaned.py,0,0,0.6052159070968628,0.394784152507782
kat3,12442_v1_24_content_SajjadAemmi_Text-Summarization_main.py_cleaned.py,1,1,0.1795305609703064,0.8204693794250488
kat3,6400_v1_6_content_samirgupta_PubmedClustering_dumpDiseaseDict.py_cleaned.py,1,1,0.10017222166061401,0.8998277187347412
kat3,1434_10_content_ivanbgd_Self-Balancing-Binary-Search-Trees_Test_BST_Iterative.py_cleaned.py,0,1,0.2812452018260956,0.7187548279762268
kat3,935_v1_2_content_cvwilliams_BellmanFord-Python_server.py_cleaned.py,1,0,0.7853085398674011,0.2146914154291153
kat3,12335_v1_1_content_DanShai_kernalized-tsne_main.py_cleaned.py,1,1,0.18772760033607483,0.8122723698616028
kat3,1456_39_content_alejandrakudo_BinarySearch-Sorting_CISC121_Assignment_3_exampleSolution.py_cleaned.py,0,0,0.929440438747406,0.07055959850549698
kat3,10530_30_content_HumaneWolf_telegram-spotify-queue_telegram_spotify_queue.py_cleaned.py,0,1,0.19961987435817719,0.8003801107406616
kat3,3801_v1_32_content_ceyzaguirre4_AStar_A.py_cleaned.py,1,1,0.12984342873096466,0.8701565861701965
kat3,1510_v1_40_content_jcarstenson_parallel_final_performanceTest.py_cleaned.py,1,1,0.13706977665424347,0.8629302382469177
kat3,12719_65_content_swaruptripathy_two_way_anova_two_way_anova.py_cleaned.py,0,1,0.3656831979751587,0.6343168616294861
kat3,8414_v1_13_content_ShankyTiwari_Naive-Bayes-Classifier-using-python_naive_bayes_supermall.py_cleaned.py,1,1,0.11716748028993607,0.8828325867652893
kat3,10258_8_content_Mkarami3_Pattern_recognition_dynamic_PCA_ICA_DICA.py_cleaned.py,0,0,0.8553685545921326,0.14463144540786743
kat3,3749_26_content_faisalkhan91_Dijkstras-Algorithm_DijkstrasAlgo.py_cleaned.py,0,0,0.7279754281044006,0.27202457189559937
kat3,6402_v1_77_content_ThomasThorpe_KMeansClustering_data_generator.py_cleaned.py,1,1,0.08269733935594559,0.917302668094635
kat3,7266_v1_22_content_ABHISHEKVALSAN_Malayalam-Newspaper-Article-Dataset_constants.py_cleaned.py,1,1,0.04603390023112297,0.9539660811424255
kat3,1157_1_content_speix_8-puzzle-solver_state.py_cleaned.py,0,0,0.8723474144935608,0.1276526302099228
kat3,1744_45_content_gio-salvador_tree_exercise_python_tree.py_cleaned.py,0,0,0.9049869179725647,0.09501304477453232
kat3,5760_1_content_josgard94_JPEG_Algoritmo_jpeg.py_cleaned.py,0,0,0.7360212802886963,0.2639786899089813
kat3,1470_64_content_YifeiY_Depth-of-BTS_BTS_Depth.py_cleaned.py,0,0,0.8803863525390625,0.1196136623620987
kat3,7853_v1_35_content_dharan-s_Data_Structure_Python_LLPalindrome.py_cleaned.py,1,1,0.018264278769493103,0.9817357659339905
kat3,5509_v1_18_content_Saychakr13_CLUSTERING_MODELS_hc.py_cleaned.py,1,1,0.028870906680822372,0.9711290597915649
kat3,12088_v1_15_content_ganigavinaya_LogisticRegression_LRwithoutStopWords.py_cleaned.py,1,1,0.08882028609514236,0.9111796617507935
kat3,1199_8_content_haozou-official_DFS-BFS-in-Maze_myqueue.py_cleaned.py,0,0,0.937210738658905,0.0627892017364502
kat3,8446_v1_7_content_pherde_naive_bayes_spam_classifier.py_cleaned.py,1,1,0.03138043358922005,0.9686195850372314
kat3,5766_23_content_xuwangme_huffmanTree_Main.py_cleaned.py,0,0,0.6482437252998352,0.3517563045024872
kat3,3441_15_content_DrMMZ_Diffie-Hellman_DH.py_cleaned.py,0,0,0.9956685304641724,0.004331502132117748
kat3,10576_v1_1_content_SamKnightGit_LeagueBot_context.py_cleaned.py,1,1,0.18877221643924713,0.8112277984619141
kat3,7263_v1_1_content_hipster-philology_pyrrha_config.py_cleaned.py,1,0,0.5442261099815369,0.45577383041381836
kat3,6369_v1_26_content_rithvikrao_MarqueeAnalysis_visualization.py_cleaned.py,1,0,0.8661325573921204,0.13386750221252441
kat3,9378_76_content_cakmakaf_Polynomial_Regression_for_Random_Dataset_Polynomial_Regression.py_cleaned.py,0,1,0.3925696611404419,0.6074303388595581
kat3,9347_25_content_01FE16BME072_PolynomialRegression_polyregmy.py_cleaned.py,0,0,0.7581526637077332,0.24184733629226685
kat3,6359_v1_10_content_patrickkingg_K-means_Clustering_kmeans.py_cleaned.py,1,1,0.04177388176321983,0.9582261443138123
kat3,5272_7_content_ghifarozarrr_floyd-warshall-algorithm_floyd.py_cleaned.py,0,0,0.9556514620780945,0.0443485826253891
kat3,6098_v1_24_content_lesdev_SortingMethods_BubbleSort.py_cleaned.py,1,1,0.07068779319524765,0.9293122291564941
kat3,8112_v1_11_content_ayushkumarshah_Dynamic-Programming-MCM-and-LCS_lcs.py_cleaned.py,1,0,0.8233283758163452,0.1766716092824936
kat3,7255_v1_16_content_davda54_pytorch-transformer-lemmatization_lr_decay.py_cleaned.py,1,1,0.08694165199995041,0.9130582809448242
kat3,12726_79_content_astrojneil_AllanVarCodeFinal_allanVar_plot.py_cleaned.py,0,1,0.16344544291496277,0.8365545868873596
kat3,5304_v1_5_content_jzell001_Bellman_Ford_Floyd_Warshall_bellman_ford.py_cleaned.py,1,1,0.023870835080742836,0.9761291742324829
kat3,9371_63_content_avitabayan_Machine-learning_regression_template.py_cleaned.py,0,1,0.08819004893302917,0.9118099808692932
kat3,2316_54_content_wilrnh_oneoffs_file2mail.py_cleaned.py,0,0,0.9935117363929749,0.0064882696606218815
kat3,945_v1_4_content_Khante_Distance-Vector-Algorithm_link_2.py_cleaned.py,1,1,0.04023794084787369,0.9597620368003845
kat3,7273_v1_25_content_aajanki_finnish-pos-accuracy_datasets.py_cleaned.py,1,1,0.12463856488466263,0.875361442565918
kat3,1797_v1_54_content_AhmedRaafat14_Binary-Tree-traversal_BST.py_cleaned.py,1,1,0.12252321094274521,0.8774768114089966
kat3,1527_v1_7_content_kristianespina_python-binary-search-tree_binary_search_tree.py_cleaned.py,1,1,0.10557884722948074,0.8944211602210999
kat3,7561_v1_27_content_ashwinvis98_Particle-Swarm-Optimization-for-Robotic-Search-Applications_ultrasonic_test.py_cleaned.py,1,1,0.1980641782283783,0.8019358515739441
kat3,11683_10_content_lesdev_SortingMethods_selection.py_cleaned.py,0,0,0.9798226952552795,0.020177319645881653
kat3,4052_5_content_AdamJacoby_Hopf_Frobenius_Divisibility_Algorithm.py_cleaned.py,0,0,0.7859664559364319,0.2140335589647293
kat3,4361_v1_18_content_FN-HD_Elliptic_Curve_Cryptography_Fp_main.py_cleaned.py,1,1,0.37387582659721375,0.6261242032051086
kat3,8955_v1_2_content_Liu-WeiYi_Private_Preserving_Outlier_Behavior_Detection_Process_TianChi_Main.py_cleaned.py,1,1,0.14560063183307648,0.8543993234634399
kat3,1483_v1_10_content_ivanbgd_Self-Balancing-Binary-Search-Trees_Test_BST_Iterative.py_cleaned.py,1,1,0.07821886241436005,0.9217811226844788
kat3,4681_1_content_gsharu_QA_FACT_test_QAInterviewAppl.py_cleaned.py,0,0,0.9933071732521057,0.006692850962281227
kat3,4326_2_content_johndoe31415_toyecc_dual_ec_drbg.py_cleaned.py,0,1,0.16451644897460938,0.8354835510253906
kat3,6958_v1_20_content_kavyasree-bvs_Network-Optimization_heap.py_cleaned.py,1,1,0.10781264305114746,0.8921873569488525
kat3,1811_v1_9_content_tusharnema_Implementing-Algorithms-in-python_mypythontree.py_cleaned.py,1,1,0.021948255598545074,0.9780517220497131
kat3,5303_v1_5_content_jzell001_Bellman_Ford_Floyd_Warshall_._c9_invoke_zARza2.py_cleaned.py,1,1,0.014728613197803497,0.9852713346481323
kat3,577_14_content_harrydurbin_temperature-monitoring_temperature.py_cleaned.py,0,0,0.9473810195922852,0.052618954330682755
kat3,947_v1_4_content_Khante_Distance-Vector-Algorithm_network_2.py_cleaned.py,1,1,0.10194651782512665,0.8980534672737122
kat3,10575_v1_1_content_modulus100_python-datastructures-algorithms_linked_list_reverse.py_cleaned.py,1,1,0.03649376705288887,0.9635062217712402
kat3,5262_3_content_harisrkhan7_FloydWarshallAlgorithmParallelisation_goodgraph.py_cleaned.py,0,1,0.21717146039009094,0.7828285694122314
kat3,653_v1_2_content_polyphilz_pricing-weather-derivatives_scrape_data.py_cleaned.py,1,1,0.06325051933526993,0.9367494583129883
kat3,3759_49_content_lllunaticer_pathFindGUI_Draw.py_cleaned.py,0,0,0.936051607131958,0.06394842267036438
kat3,9419_v1_61_content_piyush-taneja_Salary-Predictor_Support_Vector_Regression.py_cleaned.py,1,1,0.039048291742801666,0.9609517455101013
kat3,10880_v1_28_content_kimdanny_HeapSort-and-QuickSort-Comparison_quicksort.py_cleaned.py,1,1,0.020332353189587593,0.9796676635742188
kat3,9085_3_content_iykadev_pyalgo_treeNode.py_cleaned.py,0,0,0.9449946880340576,0.055005282163619995
kat3,3153_22_content_chenjie_BFS-DFS-puzzle-solving_puzzle.py_cleaned.py,0,0,0.8914335370063782,0.10856641829013824
kat3,13151_v1_76_content_sangeeta97_web-scraping_ru.py_cleaned.py,1,1,0.12678517401218414,0.873214840888977
kat3,12746_v1_2_content_facebookresearch_reward-estimator-corl_configurations_continuous_gaussian.py_cleaned.py,1,1,0.23065973818302155,0.7693402767181396
kat3,873_1_content_dedeco_dijkstra-bellman-ford_teste_lobo_djt.py_cleaned.py,0,0,0.9539660811424255,0.04603390023112297
kat3,3511_v1_2_content_vineetkia_Fundamentals-Of-Cryptography__6_-Columnar_Transposition.py_cleaned.py,1,1,0.017045317217707634,0.9829546809196472
kat3,12991_16_content_helloiamivan_crypto-quant_cryptoscreener.py_cleaned.py,0,0,0.9485372304916382,0.05146276578307152
kat3,6915_2_content_carlosguadir_kruskal_Nodo.py_cleaned.py,0,1,0.2567387819290161,0.7432612180709839
kat3,5541_v1_61_content_cthorrez_deepsetLinkage_baselines.py_cleaned.py,1,1,0.038610927760601044,0.9613890647888184
kat3,7542_v1_12_content_ikraj5120_Linear_Search_Linear_search.py_cleaned.py,1,1,0.08359067142009735,0.9164093732833862
kat3,1480_8_content_LOOPPO_BSTree_RBTree_RBTree.py_cleaned.py,0,0,0.9489172697067261,0.05108273774385452
kat3,2064_v1_2_content_evinw_bubble_sort_bub.py_cleaned.py,1,1,0.006192990578711033,0.9938070178031921
kat3,5534_v1_51_content_qolina_AggED_simple-txt-to-text-stream.py_cleaned.py,1,0,0.8689380288124084,0.13106197118759155
kat3,8379_31_content_dariswan_AudioRetrieval-Classification_ekstraksi.py_cleaned.py,0,0,0.7138307690620422,0.28616926074028015
kat3,6931_7_content_AlmazMirlan_Kruskal-Algorithm-Python-Turtle_AlmazbekMCom-17Kruskals.py_cleaned.py,0,0,0.9556514620780945,0.0443485826253891
kat3,8732_v1_4_content_sezisoro_PyTimePad_PyTimePad.py_cleaned.py,1,1,0.23792991042137146,0.7620701193809509
kat3,2666_v1_7_content_erfan-ghadery_Unsupervised-Aspect-Category-Detection_PreProcessing.py_cleaned.py,1,1,0.42012372612953186,0.5798763036727905
kat3,12093_v1_16_content_NB-prog_INTERN-2019_config.py_cleaned.py,1,1,0.03283695504069328,0.9671630263328552
kat3,3214_v1_44_content_sharyudeshmukh_Pacman_temp.py_cleaned.py,1,1,0.0897732824087143,0.9102266430854797
kat3,2324_5_content_anguillanneuf_bigO_54_fix_tampered_bst_efficient.py_cleaned.py,0,0,0.5048826336860657,0.4951173663139343
kat3,12443_v1_25_content_HunterXuan_QAMatch_search.py_cleaned.py,1,1,0.06142403930425644,0.9385759830474854
kat3,7209_18_content_ppke-nlpg_emmorphpy_emmorphrest.py_cleaned.py,0,1,0.49609383940696716,0.5039061903953552
kat3,2946_v1_84_content_vineetred_aesDES_test.py_cleaned.py,1,1,0.11008787900209427,0.8899121284484863
kat3,10017_v1_9_content_krj9cr_Hybrid-Prim-Dijkstra-GUI_MinQueue.py_cleaned.py,1,1,0.006241259630769491,0.9937587976455688
kat3,6109_v1_30_content_rogerdenisvieira_bidirectional-conditional-insertion-sort_main.py_cleaned.py,1,1,0.19620943069458008,0.8037906289100647
kat3,11431_97_content_rusrom_cryptography_rsa_text_decrypt.py_cleaned.py,0,1,0.26971012353897095,0.730289876461029
kat3,6965_v1_2_content_carlosguadir_kruskal_Nodo.py_cleaned.py,1,1,0.2522919476032257,0.7477080821990967
kat3,5307_v1_6_content_1siddhi7_Floyd-Warshall_tk.py_cleaned.py,1,1,0.1259227693080902,0.8740772008895874
kat3,7818_4_content_agvaibhav_linked-list_insertion-doubly.py_cleaned.py,0,0,0.9588471055030823,0.04115288704633713
kat3,11145_v1_14_content_TechnicallyRachel_Fibonacci-plus-unitTest_fibonacci.py_cleaned.py,1,1,0.10092291980981827,0.8990771174430847
kat3,5041_v1_62_content_MurphyPone_fibo-converter_main.py_cleaned.py,1,1,0.1559762805700302,0.8440237045288086
kat3,7552_v1_1_content_Chunning-Zhou_MILPBasedSearchAlgorithmDiff_function.pya_cleaned.py,1,1,0.2818007469177246,0.7181993126869202
kat3,1200_92_content_tule2236_superheros-social-graph_degrees-of-seperation.py_cleaned.py,0,0,0.8293538093566895,0.17064616084098816
kat3,11748_v1_1_content_ForeverPs_Visualization-of-sort-algorithms_SORT.py_cleaned.py,1,1,0.04146227240562439,0.9585376977920532
kat3,2286_12_content_eric-erki_Out-of-Core-DataFrames-for-Python-visualize-and-explore-big-tabular-data-at-a-billion-rows-per-seco_.releash.py_cleaned.py,0,0,0.9339146018028259,0.06608537584543228
kat3,5799_v1_14_content_lucascamposj_huffman-coding_huffman_decode.py_cleaned.py,1,1,0.10576342046260834,0.8942365646362305
kat3,11718_34_content_rajdas2001_Sorting-of-lists-arrays_Bubble_Sort.py_cleaned.py,0,1,0.004718369338661432,0.9952816367149353
kat3,12480_v1_7_content_luluforever_segword-and-TF-IDF_get_50_tf-idf.py_cleaned.py,1,1,0.01798621006309986,0.9820137619972229
kat3,12447_v1_33_content_mirkomantovani_web-search-engine-UIC_multithreaded_crawling.py_cleaned.py,1,1,0.07081619650125504,0.9291837811470032
kat3,2614_6_content_yashambre_Document-Matching-Algorithm_DM.py_cleaned.py,0,0,0.7934262752532959,0.2065737545490265
kat3,3220_v1_68_content_mehmetozanguven_MazeSolver-AI-Programming_PriorityQueueImpl.py_cleaned.py,1,1,0.018689308315515518,0.9813107252120972
kat3,8938_2_content_Liu-WeiYi_Private_Preserving_Outlier_Behavior_Detection_utils.py_cleaned.py,0,0,0.5707500576972961,0.42924991250038147
kat3,9657_29_content_SilentCatA_is_prime_number_is_prime_number.py_cleaned.py,0,1,0.16559311747550964,0.8344069123268127
kat3,10233_40_content_furkanh_Principal-Component-Analysis_pca.py_cleaned.py,0,0,0.837619960308075,0.16238002479076385
kat3,4095_v1_5_content_AdamJacoby_Hopf_ExampleGroup_Functions.py_cleaned.py,1,1,0.02843603491783142,0.971563994884491
kat3,8068_15_content_VakinduPhilliam_Pattern_Matching_Python_Difflib_Pattern_Matching_Differ.py_cleaned.py,0,1,0.3551037013530731,0.6448963284492493
kat3,8730_v1_3_content_lrnselfreliance_one_time_pad_otp_server.py_cleaned.py,1,1,0.3609394133090973,0.6390605568885803
kat3,13045_71_content_Ishanthedev_web-crawling-and-web-scraping_middlewares.py_cleaned.py,0,1,0.3384050130844116,0.6615949869155884
kat3,6380_v1_3_content_jamer5_K-Means-Clustering_k-means-clustering-without-scikit-example-1.py_cleaned.py,1,1,0.025760561227798462,0.9742394685745239
kat3,8701_v1_13_content_notpresident35_one-time-pad-machine_STILL_More_Testing.py_cleaned.py,1,1,0.05665242671966553,0.9433475732803345
kat3,904_5_content_vpandeti_Routing-Protocol_RoutingProtocol.py_cleaned.py,0,0,0.7723590135574341,0.22764098644256592
kat3,12406_45_content_raopg_Search-Engine_app.py_cleaned.py,0,0,0.9910145401954651,0.008985428139567375
kat3,11766_v1_34_content_rajdas2001_Sorting-of-lists-arrays_Bubble_Sort.py_cleaned.py,1,1,0.004609572701156139,0.9953904151916504
kat3,300_14_content_Dawlatly_Recommender-system_apriori.py_cleaned.py,0,0,0.9556514620780945,0.0443485826253891
kat3,7239_v1_11_content_ssghule_Naive-Bayes-and-Bag-of-Words-for-Text-Classification-Problem_geolocate.py_cleaned.py,1,1,0.07081619650125504,0.9291837811470032
kat3,2602_3_content_danedabomb_InformationRetrieval_IRSystem.py_cleaned.py,0,1,0.04603390023112297,0.9539660811424255
kat3,11177_v1_3_content_deniselucey_Python_Recursive_Definitions_factorial.py_cleaned.py,1,1,0.2841785252094269,0.7158214449882507
kat3,12051_19_content_Vijendra2410_Sentiment-Analysis_RestaurantReview.py_cleaned.py,0,0,0.9722043871879578,0.02779562398791313
kat3,11434_v1_16_content_exitmsconfig_python_knn.py_cleaned.py,1,1,0.020645931363105774,0.9793540239334106
kat3,5267_5_content_jzell001_Bellman_Ford_Floyd_Warshall_bellman_ford.py_cleaned.py,0,0,0.9511421918869019,0.04885777831077576
kat3,10558_5_content_edison12a_bmrs-json-api_test_bmrs.py_cleaned.py,0,1,0.2836821675300598,0.716317892074585
kat3,12072_6_content_Utkagr_NLPrel_all_nltk.py_cleaned.py,0,1,0.3582407832145691,0.6417592167854309
kat3,2013_29_content_zcogley_Bubble-Sort_bubble_sort.py_cleaned.py,0,0,0.7597605586051941,0.2402394413948059
kat3,2317_56_content_lijionline_Big-Data---Hands-On_movie-similarities-1m.py_cleaned.py,0,0,0.6851073503494263,0.31489264965057373
kat3,7203_14_content_Qutuf_Qutuf_urls.py_cleaned.py,0,0,0.5992506742477417,0.4007493853569031
kat3,11120_34_content_bsmorton_linked-list-python_linkedlist.py_cleaned.py,0,0,0.954308032989502,0.04569203406572342
kat3,11731_9_content_naviechan_sortingAlgorithmDemo_main.py_cleaned.py,0,0,0.750552773475647,0.24944724142551422
kat3,2326_5_content_anguillanneuf_bigO_89_license_plate.py_cleaned.py,0,0,0.8420855402946472,0.1579144448041916
kat3,7869_v1_6_content_programmer290399_Youtube-transcript-extractor_links_finder.py_cleaned.py,1,1,0.36263054609298706,0.6373694539070129
kat3,655_v1_2_content_yyqcs_time-series-model_encoder_decoder_full.py_cleaned.py,1,1,0.10743747651576996,0.8925625681877136
kat3,12462_v1_58_content_zhaoyichanghong_machine_learing_algo_python_fuzzy_c_means.py_cleaned.py,1,1,0.08694165199995041,0.9130582809448242
kat3,9651_25_content_diXime_PrimaryNumbers_utx.py_cleaned.py,0,0,0.9322068691253662,0.06779313832521439
kat3,1183_59_content_orzinger_8-Puzzle-game_World_State.py_cleaned.py,0,0,0.9914886951446533,0.00851130299270153
kat3,4113_v1_7_content_jakobpederson_divisible_pair_sums_test_divisible_pair_sums.py_cleaned.py,1,1,0.05541279539465904,0.944587230682373
kat3,4345_8_content_harshithachidanand_Elliptic-Curve-Cryptography_Shanks_algo.py_cleaned.py,0,0,0.9893474578857422,0.01065251138061285
kat3,8096_3_content_pombredanne_string-alignment_LCS.py_cleaned.py,0,0,0.9059898257255554,0.09401018917560577
kat3,3461_2_content_vineetkia_Fundamentals-Of-Cryptography__6_-Columnar_Transposition.py_cleaned.py,0,1,0.09073548763990402,0.9092645049095154
kat3,4317_20_content_UAvinash7_Cryptography_SymmmetricAESAlogrithm.py_cleaned.py,0,0,0.9209320545196533,0.07906799018383026
kat3,6351_6_content_samirgupta_PubmedClustering_dumpDiseaseDict.py_cleaned.py,0,1,0.11476478725671768,0.8852352499961853
kat3,1179_4_content_SadraSamadi_n_queens_n_queens.py_cleaned.py,0,0,0.9164093732833862,0.08359067142009735
kat3,4981_51_content_rw15e_CIS4930-Python-Project-3_graph.py_cleaned.py,0,0,0.9780517220497131,0.021948255598545074
kat3,4102_v1_5_content_AdamJacoby_Hopf_Frobenius_Divisibility_Algorithm.py_cleaned.py,1,0,0.6687721014022827,0.3312279284000397
kat3,4035_27_content_SethEggerRocks_WakingMoments_wakingWidgets.py_cleaned.py,0,1,0.11008787900209427,0.8899121284484863
kat3,3521_v1_48_content_AdityaMalani_Diffie-Hellman-Key_Exchange_diffie.py_cleaned.py,1,1,0.02262919954955578,0.9773707389831543
kat3,8411_v1_11_content_yuvalkif_NaiveBayes_NaiveBayes.py_cleaned.py,1,1,0.05749327689409256,0.9425067901611328
kat3,4690_38_content_citigoad_Appengine_factorial_factorial.py_cleaned.py,0,0,0.9778834581375122,0.022116590291261673
kat3,7540_v1_11_content_sichen-x_search-engine_test_htableoo.py_cleaned.py,1,1,0.057918086647987366,0.942081868648529
kat3,5506_v1_15_content_sharonWU0505_Hierarchical-Clustering-of-Facebook-Fan-Pages_Preprocess_tf.py_cleaned.py,1,1,0.09170696884393692,0.9082930684089661
kat3,304_1_content_jiteshjha_Frequent-item-set-mining_apriori_mpi.py_cleaned.py,0,0,0.5667380690574646,0.4332619309425354
kat3,10555_56_content_joseph-njogu_Rabbitmq_worker.py_cleaned.py,0,1,0.25349125266075134,0.746508777141571
kat3,10008_v1_7_content_Aly-Tomato_Prims-and-Kruskals_kruskals.py_cleaned.py,1,0,0.9669140577316284,0.03308597952127457
kat3,7517_3_content_vellankikoti_linear_binary_linear_binary.py_cleaned.py,0,0,0.9919379353523254,0.00806199200451374
kat3,8359_100_content_paulofaria_dr-naive-bayes_server.py_cleaned.py,0,1,0.21272224187850952,0.7872777581214905
kat3,1244_v1_82_content_Xalvom_python-bfs-dfs_bfs.py_cleaned.py,1,1,0.03649376705288887,0.9635062217712402
kat3,2037_67_content_TadayoshiCarvajal_Sorting-in-Python_sortingAlgorithms.py_cleaned.py,0,0,0.8895288705825806,0.11047115176916122
kat3,3739_16_content_Murali91_Algorithms---Python_Dijkstra.py_cleaned.py,0,0,0.9927109479904175,0.0072890776209533215
kat3,1194_82_content_Xalvom_python-bfs-dfs_bfs.py_cleaned.py,0,0,0.9930961728096008,0.006903838366270065
kat3,4103_v1_5_content_AdamJacoby_Hopf_Frobenius_Tools.py_cleaned.py,1,1,0.22764098644256592,0.7723590135574341
kat3,1761_84_content_mhb8898_bst_bst.py_cleaned.py,0,1,0.3126847445964813,0.6873152852058411
kat3,7230_26_content_Nofenigma_lt_lemma_prefixes_check_lt_prefixed_lemmas.py_cleaned.py,0,0,0.8940516710281372,0.10594827681779861
kat3,2019_3_content_Frogboxe_BubbleSort_GapiExtend.py_cleaned.py,0,1,0.08632348477840424,0.9136765599250793
kat3,15_16_content_mariosasodotcom_mirror-enc_mirror-enc.py_cleaned.py,0,1,0.3904758393764496,0.6095241904258728
kat3,5040_v1_62_content_arenart90_fsm-python_fsm.py_cleaned.py,1,1,0.17624585330486298,0.8237541317939758
kat3,10847_75_content_yaroslava-tkachuk_quicksort_accelerated_quicksort_accelerated.py_cleaned.py,0,1,0.2146914154291153,0.7853085398674011
kat3,12694_23_content_libingzeng_ImageMSE_imagemse.py_cleaned.py,0,1,0.2349328100681305,0.7650671601295471
kat3,7258_v1_17_content_gorarakelyan_JointUD_train.py_cleaned.py,1,1,0.24364244937896729,0.7563575506210327
kat3,4099_v1_5_content_AdamJacoby_Hopf_Example_GeneralizedDihedralGroup.py_cleaned.py,1,1,0.03185885772109032,0.9681411385536194
kat3,4984_60_content_michaelstrefeler_pyFibonacci_fibonacci.py_cleaned.py,0,1,0.3459886312484741,0.6540113687515259
kat3,8403_90_content_cody-elhard_NaiveBayes_naive-bayes-numerical.py_cleaned.py,0,0,0.8701565861701965,0.12984342873096466
kat3,4359_v1_17_content_krshubham_ecc-elgamal_elgamal.py_cleaned.py,1,1,0.3647775948047638,0.6352224349975586
kat3,5501_99_content_sadhana-lenkala_Clustering-Models-for-retail-store_Hierarchial_Clsutering.py_cleaned.py,0,0,0.9888418912887573,0.011158030480146408
kat3,5246_12_content_AtahanCelebi_Shortest-Route-with-Floyd-Warshall-Algorithm_map_distance.py_cleaned.py,0,0,0.8929365277290344,0.10706345736980438
kat3,9137_v1_3_content_iykadev_pyalgo_zhang_suen_thinning_algo.py_cleaned.py,1,0,0.7978719472885132,0.20212800800800323
kat3,3176_73_content_elados93_AI_Ex1_BFS.py_cleaned.py,0,1,0.21535073220729828,0.7846492528915405
kat3,9096_v1_3_content_iykadev_pyalgo_3plus1.py_cleaned.py,1,1,0.19958087801933289,0.8004191517829895
kat3,4082_v1_20_content_IbrahimAyed_Multifractal-analysis-of-natural-images_zoom.py_cleaned.py,1,1,0.08314292132854462,0.916857123374939
kat3,9420_v1_63_content_avitabayan_Machine-learning_regression_template.py_cleaned.py,1,1,0.023509450256824493,0.9764904975891113
kat3,8091_1_content_susheelsagar_LCSS_test.py_cleaned.py,0,0,0.9744347929954529,0.025565212592482567
kat3,2368_v1_5_content_anguillanneuf_bigO_02_linked_list.py_cleaned.py,1,1,0.4101654887199402,0.5898345112800598
kat3,5252_14_content_arnaudperalta_py_graphpath_graph.py_cleaned.py,0,0,0.7718434929847717,0.22815649211406708
kat3,901_4_content_rcornacchia_bellman-ford_bfclient.py_cleaned.py,0,0,0.9403530955314636,0.05964694544672966
kat3,7530_v1_10_content_taneesh28_Linear-search_linear_search.py_cleaned.py,1,1,0.010328153148293495,0.9896718263626099
kat3,8395_76_content_mashfiq10_Naive-Bayes-classification_prob_1.py_cleaned.py,0,0,0.7221353054046631,0.2778647243976593
kat3,4607_v1_8_content_6test5_expsmooth_expsmooth.py_cleaned.py,1,1,0.0333368219435215,0.966663122177124
kat3,6990_v1_9_content_emmanuj_mst-solver_edge.py_cleaned.py,1,1,0.12137298285961151,0.8786270022392273
kat3,8725_v1_31_content_tobymyers_codingthematrix_bitutil.py_cleaned.py,1,1,0.19132769107818604,0.808672308921814
kat3,12766_v1_5_content_mingzhang-yin_ARM-gradient_preprocess.py_cleaned.py,1,1,0.04535257816314697,0.954647421836853
kat3,8697_v1_10_content_rsmith-nl_onepad_onepad.py_cleaned.py,1,0,0.5755879878997803,0.4244120121002197
kat3,3772_88_content_andreaestrada_mazecrawler_singlePowerup.py_cleaned.py,0,1,0.26942169666290283,0.7305783033370972
kat3,9629_11_content_pprzygodzk_binary_search-prime_numbers_primes_p1.py_cleaned.py,0,1,0.19436782598495483,0.8056321740150452
kat3,12438_v1_17_content_lo1gr_tf-idf_hadoop-Spark_reducer3_A.py_cleaned.py,1,1,0.4892594516277313,0.5107405185699463
kat3,7514_33_content_chafiknaceri_Credit-Card-Debt_DebtLeft.py_cleaned.py,0,0,0.9878528118133545,0.01214717049151659
kat3,7525_7_content_bclark2_Unordered-Linear-Search_linearSearch.py_cleaned.py,0,1,0.03185885772109032,0.9681411385536194
kat3,5006_v1_11_content_XlogicX_Fibonacci_fib.py_cleaned.py,1,1,0.03993731737136841,0.9600626826286316
kat3,7208_17_content_gorarakelyan_JointUD_train.py_cleaned.py,0,1,0.24364244937896729,0.7563575506210327
kat3,9981_v1_1_content_bhedavivek_prims_algorithm_vertex.py_cleaned.py,1,1,0.11436852067708969,0.8856314420700073
kat3,5315_v1_8_content_chiragragarwal_Graphs_And_Networks_ReadGraph.py_cleaned.py,1,1,0.06903792917728424,0.930962085723877
kat3,6607_11_content_DaiDongyang_knn_experiments.py_cleaned.py,0,1,0.07696083933115005,0.9230391979217529
kat3,4683_1_content_MuricanCoderVersionTwo_Factorial-Calculation_Factorial.py_cleaned.py,0,0,0.9966233968734741,0.003376612439751625
kat3,3198_v1_17_content_kwikadi_BFS-v-DFS_dfs.py_cleaned.py,1,1,0.01971912570297718,0.9802808165550232
kat3,9129_v1_3_content_iykadev_pyalgo_perfect_numbers.py_cleaned.py,1,1,0.07864238321781158,0.9213575720787048
kat3,9405_v1_49_content_pranurs_regression-model_main.py_cleaned.py,1,1,0.08210662752389908,0.9178933501243591
kat3,2902_8_content_usmanali414_Destruction-Detection-in-Satellite-Imagery_segmentation.py_cleaned.py,0,0,0.9549844264984131,0.04501553252339363
kat3,20_18_content_deeptavker_Vortex_Spin_Down_post_proc_TVF.py_cleaned.py,0,1,0.09025324136018753,0.9097468256950378
kat3,6336_45_content_nialloc9_machine-learning-k-means_main.py_cleaned.py,0,1,0.1589561253786087,0.8410438895225525
kat3,8392_67_content_theSnehaThing_NaiveBayes_Naive-Bayes_Classifier.py_cleaned.py,0,0,0.754553496837616,0.2454465627670288
kat3,2378_v1_65_content_pratikbitmesra_BID_bin_cluster.py_cleaned.py,1,1,0.3405948281288147,0.6594051122665405
kat3,78_v1_23_content_ishannadeep_AES-and-Des-hybrid-encryption-algorithm-python-3_test.py_cleaned.py,1,1,0.2011847198009491,0.7988152503967285
kat3,13_15_content_Dhruv-Panchal_AES_socket_GUI_decryptor.py_cleaned.py,0,0,0.9465966820716858,0.0534033328294754
kat3,13066_8_content_ianmartensen_StockBot_discordStockbot.py_cleaned.py,0,1,0.1200256273150444,0.879974365234375
kat3,4391_v1_6_content_gionanide_Cryptography_manipulate_CRC_computations.py_cleaned.py,1,1,0.16257935762405396,0.8374205827713013
kat3,3804_v1_39_content_hamidaucc_Link-state-protocol-in-python_Test.py_cleaned.py,1,1,0.038321975618600845,0.9616780281066895
kat3,4964_14_content_Alexander35_fibonacci_sequence_http_server_tests.py_cleaned.py,0,1,0.2283715456724167,0.7716284394264221
kat3,10819_1_content_becurrie_py-sorts_sorter-runner.py_cleaned.py,0,0,0.5214711427688599,0.47852882742881775
kat3,8693_8_content_dargust_OTPChat_otpmod.py_cleaned.py,0,0,0.8610715270042419,0.13892842829227448
kat3,12461_v1_58_content_zhaoyichanghong_machine_learing_algo_python_bisecting_kmeans.py_cleaned.py,1,1,0.06779313832521439,0.9322068691253662
kat3,3756_3_content_root676_QNEAT3___init__.py_cleaned.py,0,1,0.3293917179107666,0.6706082820892334
kat3,2590_1_content_aviralmathur_Word2Vec_Word2Vec_AverageVectors.py_cleaned.py,0,0,0.9324532747268677,0.06754669547080994
kat3,7780_16_content_apriven_linked_lists_scratch.py_cleaned.py,0,1,0.13341520726680756,0.8665847778320312
kat3,946_v1_4_content_Khante_Distance-Vector-Algorithm_network_1.py_cleaned.py,1,1,0.09947021305561066,0.9005298018455505
kat3,5775_32_content_rihartma_huffmanCoding_files.py_cleaned.py,0,0,0.9263036847114563,0.07369627058506012
kat3,5749_14_content_lucascamposj_huffman-coding_huffman_decode.py_cleaned.py,0,0,0.8267117738723755,0.17328819632530212
kat3,6923_4_content_mincanhe_Network-routing-protocol_heap.py_cleaned.py,0,0,0.9845753908157349,0.01542455144226551
kat3,2294_21_content_rahul494_Mental-Health-On-Twitter-Analysis_relevant_tweet_filter.py_cleaned.py,0,0,0.8617710471153259,0.13822896778583527
kat3,10232_3_content_HelloJahid_PCA-Principal-Component-Analysis-_PCA_with_Iris_datsets.py_cleaned.py,0,1,0.2372223287820816,0.7627776861190796
kat3,7479_10_content_bradib0y_searchalgorithms_w.py_cleaned.py,0,0,0.9314625263214111,0.06853749603033066
kat3,8108_8_content_16chuang_CS161_Project_LCStest.py_cleaned.py,0,0,0.5048826336860657,0.4951173663139343
kat3,9696_v1_22_content_ahmedheakl_Get-prime-Numbers_Get_Prime_Numbers.py_cleaned.py,1,1,0.4464946985244751,0.5535053014755249
kat3,9931_1_content_bhedavivek_prims_algorithm_vertex.py_cleaned.py,0,0,0.5389832258224487,0.46101680397987366
kat3,5313_v1_8_content_chiragragarwal_Graphs_And_Networks_numpy_help.py_cleaned.py,1,1,0.008985428139567375,0.9910145401954651
kat3,9717_v1_6_content_kennedyCzar_n-th_monsien_number_monsien_number.py_cleaned.py,1,1,0.015543648041784763,0.9844563603401184
kat3,6382_v1_42_content_aryanshar_TextMining_extract.py_cleaned.py,1,0,0.5443170070648193,0.45568299293518066
kat3,8092_2_content_AllanLa_LongestCommonSubsequence_LCS.py_cleaned.py,0,0,0.753829300403595,0.24617071449756622
kat3,13003_29_content_vbelz_Lyrics_classifier_prepare_for_training.py_cleaned.py,0,0,0.8832359910011292,0.11676400899887085
kat3,8435_v1_50_content_cristend_spam_email_auto_run.py_cleaned.py,1,1,0.1041124165058136,0.8958876132965088
kat3,9939_28_content_bford26_AStar-PathFinder_PrimsMaze.py_cleaned.py,0,0,0.7070003151893616,0.2929997444152832
kat3,4739_v1_36_content_EricHeGitHub_python-factorial-base-rubik-rectangle-word-game-overlapping-photographs-related-algorithms_factorial_base.py_cleaned.py,1,1,0.06779313832521439,0.9322068691253662
kat3,3751_32_content_ceyzaguirre4_AStar_A.py_cleaned.py,0,1,0.1208532303571701,0.8791467547416687
kat3,4765_v1_97_content_mjurk456_mini-snakes_fizz_buzz.py_cleaned.py,1,1,0.007260866463184357,0.9927391409873962
kat3,7490_11_content_sichen-x_search-engine_test_htableoo.py_cleaned.py,0,0,0.9553191661834717,0.0446808747947216
kat3,595_20_content_suchitnasre_Air-Passengers-model-using-ARIMA_Airpassenger_ARIMA.py_cleaned.py,0,0,0.9092645049095154,0.09073548763990402
kat3,12716_53_content_awaisakram64_Statistic_operat_operation.py_cleaned.py,0,0,0.9362850189208984,0.06371499598026276
kat3,5034_v1_61_content_AaronRobson_sequences_decorators.py_cleaned.py,1,0,0.6893056035041809,0.3106943964958191
kat3,9365_60_content_winnie9197_The-Coding-School-projects_Fake_News_DF_dataset.py_cleaned.py,0,1,0.04401865229010582,0.9559813141822815
kat3,9088_3_content_iykadev_pyalgo_zhang_suen_thinning_algo.py_cleaned.py,0,0,0.501953125,0.498046875
kat3,7488_11_content_sichen-x_search-engine_search.py_cleaned.py,0,0,0.9890130758285522,0.01098694372922182
kat3,10529_29_content_0517_QueueSimulation_simple_queue.py_cleaned.py,0,0,0.7563575506210327,0.24364244937896729
kat3,6971_v1_36_content_mskroar18_GraphWizard_edge.py_cleaned.py,1,1,0.05749327689409256,0.9425067901611328
kat3,6955_v1_1_content_colettebedoya_primsAndKruskal_DisjointSet.py_cleaned.py,1,1,0.03126191347837448,0.9687380790710449
kat3,4582_1_content_ryanRahul5_Time-Series-on-python_time_series_anlys.py_cleaned.py,0,0,0.8895288705825806,0.11047115176916122
kat3,3805_v1_3_content_abantikabasak_ImprovisedDijkstraFlood_GraphInput.py_cleaned.py,1,1,0.12743529677391052,0.8725647330284119
kat3,581_19_content_bauassr_Session32_Session32Assignment1_.py_cleaned.py,0,0,0.9511421918869019,0.04885777831077576
kat3,5301_v1_4_content_mmcniece_tiled_floyd_warshall_tiled_FW.py_cleaned.py,1,1,0.043042849749326706,0.9569571614265442
kat3,12404_43_content_aabs_edx-ai-week11-project_Tests.py_cleaned.py,0,0,0.7310585379600525,0.2689414322376251
kat3,1461_42_content_isneace_Binary-Search-Algorithm_Lab2.py_cleaned.py,0,0,0.7364006042480469,0.2635993957519531
kat3,12083_v1_13_content_preetidurai_Spam-Ham-Classification-using-NB-and-LR_NBHelper.py_cleaned.py,1,1,0.020964238792657852,0.9790357351303101
kat3,7194_12_content_ianscottknight_Predicting-Myers-Briggs-Type-Indicator-with-Recurrent-Neural-Networks_rnn.py_cleaned.py,0,1,0.41812512278556824,0.5818749070167542
kat3,2938_v1_52_content_jitunayak_Tensorflow-object-recognition-GUI-DesktopApp_split.py_cleaned.py,1,1,0.04115288704633713,0.9588471055030823
kat3,1726_1_content_SiccoVerwer_binoct_regtrees.py_cleaned.py,0,0,0.8615382313728333,0.13846179842948914
kat3,1523_v1_70_content_Arcnor_binja_search___init__.py_cleaned.py,1,1,0.013020489364862442,0.9869794845581055
kat3,9640_19_content_lisamryl_prime-number-multiplication-table_tests.py_cleaned.py,0,0,0.6823621392250061,0.3176378905773163
kat3,8719_v1_26_content_AnilBattalahalli_cryptfather_cryptfather.py_cleaned.py,1,1,0.1431877166032791,0.8568122982978821
kat3,7787_1_content_shivam1196_LRU-Caching_Caching.py_cleaned.py,0,0,0.9775429368019104,0.022457055747509003
kat3,2076_v1_48_content_anowarh2514_Bubble-Sort-Algorithm-in-Python_Bubble_Sort_Algorithm.py_cleaned.py,1,1,0.005179713014513254,0.994820237159729
kat3,905_5_content_Wajahat-Khan_Bellman-Ford-Routing-Algorithm_DVR.py_cleaned.py,0,0,0.9609517455101013,0.039048291742801666
kat3,6319_26_content_rithvikrao_MarqueeAnalysis_visualization.py_cleaned.py,0,0,0.9167081117630005,0.0832919329404831
kat3,8064_11_content_ayushkumarshah_Dynamic-Programming-MCM-and-LCS_matmul.py_cleaned.py,0,0,0.9504110217094421,0.04958902671933174
kat3,12119_v1_5_content_andresionek91_portuguese-stop-words___init__.py_cleaned.py,1,1,0.3081902265548706,0.6918097138404846
kat3,3447_21_content_swawibe_pyDH_Client.py_cleaned.py,0,1,0.138753280043602,0.861246645450592
kat3,4581_1_content_amazingspain_ExponentialSmoothing_finalWorldQuant.py_cleaned.py,0,0,0.9412234425544739,0.05877656117081642
kat3,6917_2_content_Rookieprogrammer521_Kruskal_Kruskal.py_cleaned.py,0,0,0.9675332307815552,0.032466817647218704
kat3,9402_v1_41_content_rinky97_polynomial-regression_my.py_cleaned.py,1,1,0.08035746961832047,0.9196425676345825
kat3,5502_9_content_mgarasz_DTW-Cryptocurrencies_crypto_scrape_helper.py_cleaned.py,0,1,0.16749083995819092,0.8325091600418091
kat3,7566_v1_36_content_akaif95_U.S-Currency-Patterns_us_currency_regex.py_cleaned.py,1,1,0.07668379694223404,0.9233161807060242
kat3,11742_v1_15_content_Jagdishkharatmol_Sorting-techniques-_pythonin.py_cleaned.py,1,1,0.04484790563583374,0.9551520943641663
kat3,13011_35_content_anoop123gupta_web_scraping_task1.py_cleaned.py,0,0,0.9838472008705139,0.01615283451974392
kat3,883_1_content_rosshochwert_arbitrage_arbitrage_py3.py_cleaned.py,0,1,0.12268078327178955,0.8773192167282104
kat3,4390_v1_6_content_gionanide_Cryptography_encrypt_Image_sha256.py_cleaned.py,1,1,0.10781264305114746,0.8921873569488525
kat3,2909_92_content_FranzScheerer_DES_x4.py_cleaned.py,0,0,0.7554566264152527,0.24454337358474731
kat3,8942_4_content_mrimahajan_advanced_analysis_package_analyze.py_cleaned.py,0,0,0.9637799859046936,0.03622005879878998
kat3,6033_10_content_poku18_CE_III_06_Lab2_lab2.py_cleaned.py,0,0,0.9724147915840149,0.027585284784436226
kat3,4749_v1_4_content_rohinigopalqxf2_Factorial-Calculator-Practice_05_Non_Integer_Validation.py_cleaned.py,1,1,0.048496004194021225,0.9515040516853333
kat3,6088_v1_18_content_akrentsel_insertion-sort-graph_insertion_sort_graph.py_cleaned.py,1,1,0.1431877166032791,0.8568122982978821
kat3,13090_v1_16_content_helloiamivan_crypto-quant_main.py_cleaned.py,1,1,0.09947021305561066,0.9005298018455505
kat3,11479_v1_97_content_DanialBeg_RSA-Decryption-CS111_decryption.py_cleaned.py,1,1,0.2018132209777832,0.7981867790222168
kat3,6680_v1_30_content_manojrameshrao_machine-learning-iris_iris_web3.py_cleaned.py,1,1,0.16858302056789398,0.8314169645309448
kat3,4730_v1_19_content_bowiechen_FactorialDigitsSum_Counter.py_cleaned.py,1,1,0.03704717382788658,0.9629528522491455
kat3,12422_6_content_sherlvick_sentimental-analysis_SVM_svm_pipe.py_cleaned.py,0,1,0.09568694233894348,0.9043130874633789
kat3,11099_16_content_Shweetz_BranchingGameSolver_branchingGame.py_cleaned.py,0,1,0.4990234673023224,0.5009765625
kat3,13048_74_content_jrathin_Web-Scraping_injury.py_cleaned.py,0,0,0.957912266254425,0.042087726294994354
kat3,1220_v1_38_content_SamDaQueen_Algorithms-In-Python_Binary_Search_O_log2n_.py_cleaned.py,1,1,0.06730107963085175,0.9326989054679871
kat3,7252_v1_14_content_Qutuf_Qutuf_manage.py_cleaned.py,1,1,0.3093366026878357,0.6906633973121643
kat3,6929_6_content_chiragragarwal_Graphs_And_Networks___init__.py_cleaned.py,0,1,0.4002804160118103,0.5997195839881897
kat3,7562_v1_2_content_hari526_LinearSearch_linearSearch.py_cleaned.py,1,1,0.016914913430809975,0.9830850958824158
kat3,13135_v1_60_content_Ksyula_Multithreading-Scraping-in-Python_main.py_cleaned.py,1,0,0.993561863899231,0.0064381021074950695
kat3,6625_27_content_ppplinday_Picture-Classification-PCA-KNN_KNN-PCA.py_cleaned.py,0,1,0.03488088771700859,0.9651191234588623
kat3,10265_95_content_konradpoweska_pca-sound-compression_wav.py_cleaned.py,0,1,0.46496233344078064,0.5350376963615417
kat3,5456_13_content_theSnehaThing_HierarchicalClustering_Hierchial_Classification.py_cleaned.py,0,0,0.9089417457580566,0.09105828404426575
kat3,2381_v1_76_content_yingtaoluo_Latent-Factor-Model-with-JIT-CUDA-on-movielens_predict.py_cleaned.py,1,1,0.0384661927819252,0.961533784866333
kat3,9071_3_content_iykadev_pyalgo_hamming_numbers.py_cleaned.py,0,0,0.896975576877594,0.1030244305729866
kat3,6647_7_content_Manerone_Evolutive-KNN_evolutive_knn.py_cleaned.py,0,1,0.06052938848733902,0.9394705891609192
kat3,12735_v1_13_content_zerolxf_VRL-SGD_textCNN.py_cleaned.py,1,1,0.2881683111190796,0.7118317484855652
kat3,5019_v1_30_content_pwneip_fibonacci_fibonacci.py_cleaned.py,1,1,0.12463856488466263,0.875361442565918
kat3,1245_v1_86_content_ThiagoGrabe_Min_Cut-Graphs_BFS.py_cleaned.py,1,1,0.017442483454942703,0.982557475566864
kat3,8965_v1_5_content_harshdarji22_crypto_domains.py_cleaned.py,1,1,0.25275272130966187,0.7472472190856934
kat3,10228_30_content_ishwaryav_Principal-Component-Analysis-Implementation_pr2.py_cleaned.py,0,1,0.4824291169643402,0.5175709128379822
kat3,5037_v1_61_content_AaronRobson_sequences_triangle_numbers.py_cleaned.py,1,1,0.20545557141304016,0.7945444583892822
kat3,6991_v1_9_content_emmanuj_mst-solver_mstsolve.py_cleaned.py,1,1,0.05541279539465904,0.944587230682373
kat3,9396_v1_28_content_brandonvilla21_polynomial-regression_polinomial.py_cleaned.py,1,1,0.15974101424217224,0.8402590155601501
kat3,10856_v1_10_content_adrianvellamlt_Quick-Sort---Insertion-Sort_quicksort.py_cleaned.py,1,1,0.027169233188033104,0.9728307723999023
kat3,2863_11_content_harshraj11584_Paper-Implementation-Overview-Gradient-Descent-Optimization-Sebastian-Ruder_amsgrad.py_cleaned.py,0,0,0.9399133324623108,0.06008664518594742
kat3,361_v1_3_content_Avinash793_FPGrowth-and-Apriori-algorithm-Association-Rule-Data-Mining_Apriori-algorithm-using-HashTree.py_cleaned.py,1,1,0.06233103945851326,0.9376689791679382
kat3,9677_v1_10_content_Jeremiah9000_prime_numbers_truncatable_prime_numbers_truncatable_faster.py_cleaned.py,1,1,0.09401018917560577,0.9059898257255554
kat3,2356_v1_30_content_sdws1983_The-big-data-OF-The-Plant-Cell_parse-abstract.py_cleaned.py,1,1,0.12635333836078644,0.87364661693573
kat3,6674_v1_28_content_surgoku_sentiment_analysis_knn_submission.py_cleaned.py,1,1,0.3318771719932556,0.6681228280067444
kat3,3762_53_content_KaiFly_Xemina2_DijkstraSP_GraphDrawing.py_cleaned.py,0,0,0.8587185740470886,0.14128142595291138
kat3,5011_v1_13_content_frederikpietzko_fun_with_python_prime_factorization.py_cleaned.py,1,1,0.04146227240562439,0.9585376977920532
kat3,8141_v1_2_content_AllanLa_LongestCommonSubsequence_LCS.py_cleaned.py,1,1,0.028007520362734795,0.9719924926757812
kat3,3822_v1_88_content_andreaestrada_mazecrawler_singlePowerup.py_cleaned.py,1,1,0.22644132375717163,0.7735586762428284
kat3,2055_v1_22_content_cneally_BubbleSortingAlgorithm_bubble_sort.py_cleaned.py,1,1,0.059866417199373245,0.9401335716247559
kat3,8433_v1_48_content_andrewdoanutz_NaiveBayesClassifier_NaiveBayesClassifier.py_cleaned.py,1,1,0.4765796661376953,0.5234203934669495
kat3,3499_v1_22_content_sagarwani_Breaking-Diffie-Hellman_dl-efficient.py_cleaned.py,1,1,0.16052906215190887,0.8394709229469299
kat3,3789_v1_16_content_Murali91_Algorithms---Python_Dijkstra.py_cleaned.py,1,1,0.04308309033513069,0.956916868686676
kat3,9045_2_content_Warriorchief_Euler23_NonabundantSums_Euler23_Non-abundant_Sums.py_cleaned.py,0,0,0.982557475566864,0.017442483454942703
kat3,6642_48_content_prateek22sri_Image-orientation-detector_AdaBoost.py_cleaned.py,0,1,0.4843800961971283,0.5156199336051941
kat3,11144_v1_13_content_zandermoss_bessel_recursion_testi.py_cleaned.py,1,1,0.02615562081336975,0.9738444089889526
kat3,9407_v1_4_content_raghavgsk25_polynomial-regression-1_pl.py_cleaned.py,1,1,0.07696083933115005,0.9230391979217529
kat3,11977_3_content_cendhikaimantoro_Tubes-1-Kripto-Steganografi_manage.py_cleaned.py,0,1,0.4489094018936157,0.5510905385017395
kat3,7551_v1_19_content_longnguyen1997_linear-versus-binary-search_search_runtime_longnguyen.py_cleaned.py,1,1,0.06632687151432037,0.9336731433868408
kat3,2903_92_content_FranzScheerer_DES_eccv.py_cleaned.py,0,0,0.8392075896263123,0.16079244017601013
kat3,8407_95_content_ravularohit_sms-spam-detection_spam_detection.py_cleaned.py,0,0,0.9265698790550232,0.07343005388975143
kat3,4757_v1_5_content_brown9804_Python_DiversosAlgortimos_Maquina_Atwood.py_cleaned.py,1,1,0.01098694372922182,0.9890130758285522
kat3,4748_v1_4_content_rohinigopalqxf2_Factorial-Calculator-Practice_04_Calculation.py_cleaned.py,1,1,0.03649376705288887,0.9635062217712402
kat3,13071_94_content_verma1997_Scraping-Scripts_paytm_offers.py_cleaned.py,0,1,0.2950267791748047,0.7049732804298401
kat3,6117_v1_46_content_arun-p12_sort-algorithms_counting_sort.py_cleaned.py,1,1,0.005911068990826607,0.9940890073776245
kat3,10269_v1_16_content_GodspeedChloe_PrincipalComponentsAnalysis101_pca_two_vectors.py_cleaned.py,1,1,0.03258974477648735,0.9674102663993835
kat3,6051_24_content_lesdev_SortingMethods_Insertion.py_cleaned.py,0,0,0.9799765348434448,0.020023440942168236
kat3,9958_7_content_Aly-Tomato_Prims-and-Kruskals_kruskals.py_cleaned.py,0,0,0.963230550289154,0.03676946461200714
kat3,9932_1_content_colettebedoya_primsAndKruskal_DisjointSet.py_cleaned.py,0,0,0.9674102663993835,0.03258974477648735
kat3,10596_v1_47_content_jeshan_lambda-default-dlq_generate-config.py_cleaned.py,1,1,0.40969306230545044,0.5903069972991943
kat3,4030_1_content_alexirpan_divisibility-regex_app.py_cleaned.py,0,0,0.5165954232215881,0.4834045171737671
kat3,6634_33_content_wpaturaj_FuzzyKNN_Sample_read.py_cleaned.py,0,0,0.9884918928146362,0.011508150026202202
kat3,13083_v1_11_content_namelessfintech_python-web-scraping_c12_threaded_crawler_with_queue.py_cleaned.py,1,1,0.2372223287820816,0.7627776861190796
kat3,3145_11_content_VictorDebray_Analysis-DFS-BFS-AStar_utils.py_cleaned.py,0,1,0.18997152149677277,0.8100284934043884
kat3,11774_v1_5_content_Algomaster0628_SelectionSortAlgorithm_selection_sort.py_cleaned.py,1,1,0.030908960849046707,0.9690910577774048
kat3,13088_v1_16_content_esnmrdi_fragranceadvisor_perfumes_scraper.py_cleaned.py,1,1,0.12874405086040497,0.8712559342384338
kat3,326_7_content_DMDarkness_Data-mining_Example_pyclt_fp2ar.py_cleaned.py,0,0,0.9763104915618896,0.023689471185207367
kat3,5028_v1_4_content_razaHamdani_Fibonacci-ish-Sequence_fib.py_cleaned.py,1,1,0.05033063143491745,0.949669361114502
kat3,2372_v1_5_content_anguillanneuf_bigO_28_valid_bst.py_cleaned.py,1,1,0.02145073190331459,0.9785493016242981
kat3,3760_50_content_krj9cr_Hybrid-Prim-Dijkstra-GUI_Helpers.py_cleaned.py,0,0,0.9734434485435486,0.026556573808193207
kat3,8116_v1_15_content_VakinduPhilliam_Pattern_Matching_Python_Difflib_Pattern_Matching_CL_Interface.py_cleaned.py,1,1,0.14223188161849976,0.8577680587768555
kat3,962_v1_7_content_GauthamBT_Bellman-Ford-Algorithm_GraphMainProgram.py_cleaned.py,1,1,0.05942821875214577,0.9405717849731445
kat3,5302_v1_5_content_Abdallah-Elshamy_floyd-warshall_APSP-Floyd_Warshall.py_cleaned.py,1,1,0.026556573808193207,0.9734434485435486
kat3,10883_v1_2_content_siddhesh10_Quicksort-and-Randomized-Quick-Sort_randomized_quicksort.py_cleaned.py,1,1,0.005220125894993544,0.9947799444198608
kat3,896_4_content_Khante_Distance-Vector-Algorithm_link_2.py_cleaned.py,0,1,0.13039611279964447,0.8696039319038391
kat3,9372_63_content_avitabayan_Machine-learning_simple_linear_regression.py_cleaned.py,0,0,0.9879462122917175,0.0120537793263793
kat3,1453_34_content_jhomswk_Binary_Search_Tree_avl_tree.py_cleaned.py,0,1,0.2819984257221222,0.7180016040802002
kat3,1454_35_content_jamescarney3_pybst_tree.py_cleaned.py,0,1,0.1755380630493164,0.8244618773460388
kat3,4593_9_content_Soumyabrata_predicting-pwv_pwv_forecasting.py_cleaned.py,0,0,0.9681411385536194,0.03185885772109032
kat3,7838_v1_21_content_yashag66_Python-Code-Samples_hashingString.py_cleaned.py,1,1,0.08064661920070648,0.9193534255027771
kat3,3459_28_content_ckeshava_Enhanced-Diffie-Hellman-Protocol_wrapper.py_cleaned.py,0,0,0.9314625263214111,0.06853749603033066
kat3,1181_52_content_seanluo1_Arm-Link-AI_const.py_cleaned.py,0,0,0.9213575720787048,0.07864238321781158
kat3,318_5_content_aaronzira_apriori_miner.py_cleaned.py,0,0,0.9957352876663208,0.004264634568244219
kat3,6376_v1_36_content_OneWinged-Eagle_spotimy_getArtists.py_cleaned.py,1,1,0.04054073989391327,0.9594592452049255
kat3,7821_5_content_ligertsicat_Rental-Scraper_scraper.py_cleaned.py,0,0,0.9626730680465698,0.037326883524656296
kat3,11697_19_content_mgersalan_Unsorted-Median-Spark-AWS_unsorted_median.py_cleaned.py,0,0,0.528046727180481,0.4719533324241638
kat3,3791_v1_17_content_GGonzalezRojas_Tarea_1_MDR_Dijkstra_dijkstra_v1.py_cleaned.py,1,1,0.06215647608041763,0.9378435015678406
kat3,8119_v1_15_content_VakinduPhilliam_Pattern_Matching_Python_Difflib_Pattern_Matching_Get_Close_Matches.py_cleaned.py,1,1,0.07159119844436646,0.9284088015556335
kat3,9925_11_content_Boros93_GraphProject_test_prim.py_cleaned.py,0,1,0.1583694964647293,0.8416305184364319
kat3,5243_11_content_liam-han_all-pairs-shortest-path_allPairsShortestPath.py_cleaned.py,0,1,0.4137140214443207,0.5862860083580017
kat3,8370_18_content_kandapagari_NaiveBayes_Naive_bayes.py_cleaned.py,0,1,0.027376487851142883,0.9726234674453735
kat3,11128_39_content_dhruva-gaidhani_DNS_resolver_my_dns.py_cleaned.py,0,0,0.9105454087257385,0.08945459872484207
kat3,885_2_content_cvwilliams_BellmanFord-Python_client.py_cleaned.py,0,0,0.9939024448394775,0.006097561679780483
kat3,6665_v1_19_content_AntoineMontaut_Predictive_Modeling_random_forest.py_cleaned.py,1,1,0.0960254967212677,0.9039745330810547
kat3,5287_v1_13_content_AtahanCelebi_En-K-sa-Yol_warshall.py_cleaned.py,1,1,0.07159119844436646,0.9284088015556335
kat3,9663_37_content_coertquinton_number_sequences_start.py_cleaned.py,0,1,0.46635952591896057,0.5336405038833618
kat3,6942_9_content_emmanuj_mst-solver_mstsolve.py_cleaned.py,0,0,0.9777138829231262,0.02228618785738945
kat3,307_2_content_adwansyed_Market-Basket-Analysis-Apriori_bruteforce_marketbasketanalysis.py_cleaned.py,0,0,0.9681411385536194,0.03185885772109032
kat3,5757_19_content_Venergon_huffman_huffman_binary.py_cleaned.py,0,1,0.10613343864679337,0.8938665986061096
kat3,2931_v1_35_content_fireclawthefox_DirectGuiDesigner_main.py_cleaned.py,1,0,0.6410853862762451,0.3589146137237549
kat3,4729_v1_12_content_vidya_digit-factorial-chain_test_digitfactorialchain.py_cleaned.py,1,1,0.35818466544151306,0.6418153643608093
kat3,3783_v1_13_content_isabellavieira57_dijkstra-fractionalKnapsack-polynomialMultiplication_question3b.py_cleaned.py,1,1,0.24077460169792175,0.7592254281044006
kat3,9388_v1_12_content_MarynaTatsevich_Machine-Learning-Regression-Techniques_Random_Forest_Regression.py_cleaned.py,1,1,0.08181271702051163,0.9181873202323914
kat3,7827_v1_13_content_ToonBlok_LinkedList_test_pylinkedlist.py_cleaned.py,1,0,0.5626571178436279,0.4373428225517273
kat3,10520_12_content_shinevalora_asyncio_tornado_queues_requests_demo_test.py_cleaned.py,0,1,0.09154440462589264,0.9084556102752686
kat3,1807_v1_7_content_shuming1211_CMU_project_BinaryClassifier_decisionTree.py_cleaned.py,1,1,0.04501553252339363,0.9549844264984131
kat3,3510_v1_29_content_fwoodruff_ECDH_TypeConversion.py_cleaned.py,1,1,0.13986563682556152,0.8601343035697937
kat3,5012_v1_14_content_Alexander35_fibonacci_sequence_fibonacci.py_cleaned.py,1,1,0.057705316692590714,0.942294716835022
kat3,615_41_content_NivedChowdary_Rain-Fall-Prediction-Using-ARIMA_wp3.py_cleaned.py,0,0,0.9594592452049255,0.04054073989391327
kat3,2895_78_content_edisoncast_DES-UOC_Dictionary.py_cleaned.py,0,0,0.9813107252120972,0.018689308315515518
kat3,4332_2_content_Yash0day_ElgamalEncryption-using-ECC_Hash.py_cleaned.py,0,0,0.970687747001648,0.02931223064661026
kat3,2063_v1_29_content_zcogley_Bubble-Sort_bubble_sort.py_cleaned.py,1,1,0.0029349515680223703,0.997065007686615
kat3,3814_v1_61_content_mcsweena_Dijkstras-Algorithm_bidirectional_dijkstra.py_cleaned.py,1,1,0.12863455712795258,0.8713654279708862
kat3,367_v1_4_content_shubhamjha97_association-rule-mining-apriori_timing_wrapper.py_cleaned.py,1,1,0.2420264482498169,0.7579735517501831
kat3,10527_24_content_cagrias_django-rabbitmq-celery-docker-example_manage.py_cleaned.py,0,1,0.30177342891693115,0.6982265710830688
kat3,8654_14_content_b-hub_cracker_test.py_cleaned.py,0,0,0.9967268705368042,0.0032730645034462214
kat3,6947_v1_13_content_Ade-Adeleke_KruskalAlg_Kruskal_Algorithm__1_.py_cleaned.py,1,1,0.014615669846534729,0.9853842854499817
kat3,12420_65_content_my-master_HashingTfidfVectorizer_en_run.py_cleaned.py,0,1,0.4469774663448334,0.553022563457489
kat3,3788_v1_15_content_ronma1_Dijkstra_graph_algo.py_cleaned.py,1,1,0.1296229213476181,0.8703770637512207
kat3,6670_v1_23_content_changchanglccc_kNN_test.py_cleaned.py,1,1,0.1490352898836136,0.8509646654129028
kat3,10222_23_content_MahmoudiHosni_Principal-Component-Analysis-PCA-_pca.py_cleaned.py,0,0,0.9775429368019104,0.022457055747509003
kat3,77_v1_23_content_eW1z4rd_AES-File-Encryptor_FileEncryptor.py_cleaned.py,1,1,0.15482273697853088,0.8451772928237915
kat3,13073_95_content_SebastianRV26_WebScraping-WordCloud_primerM_todoParalelo.py_cleaned.py,0,0,0.9278878569602966,0.07211220264434814
kat3,9708_v1_2_content_squeaky-godzilla_prime-factors_prime_factors.py_cleaned.py,1,1,0.14033624529838562,0.859663724899292
kat3,2891_6_content_oml90_Combining-Structural-and-Bioactivity-descriptors_STEP_4.make_htsfp-from_flag_sparse.py_cleaned.py,0,0,0.9656413197517395,0.034358687698841095
kat3,9635_15_content_EdwinKato_prime_number_generator_prime_number_generator.py_cleaned.py,0,0,0.9822876453399658,0.017712296918034554
kat3,5025_v1_46_content_skropf_fib-drawer_Mathematics.py_cleaned.py,1,1,0.12940272688865662,0.8705973029136658
kat3,931_v1_1_content_rosshochwert_arbitrage_arbitrage.py_cleaned.py,1,1,0.07804302126169205,0.9219569563865662
kat3,11168_v1_34_content_bsmorton_linked-list-python_linkedlist.py_cleaned.py,1,1,0.2759094536304474,0.724090576171875
kat3,9358_4_content_MphoKunene_Machine_learning-Polynomial-regression_poly.py_cleaned.py,0,1,0.08299414813518524,0.9170058369636536
kat3,1479_8_content_alexvking_comp150_bsts_optimal_bst_knuth_n3.py_cleaned.py,0,1,0.12210386246442795,0.8778960704803467
kat3,12109_v1_28_content_vinaykumarbu_sentiment-analysis-deeplearning_data_helpers.py_cleaned.py,1,0,0.5874698758125305,0.41253015398979187
kat3,12984_11_content_namelessfintech_python-web-scraping_c12_threaded_crawler_with_queue.py_cleaned.py,0,1,0.3907082974910736,0.6092917323112488
kat3,12414_58_content_zhaoyichanghong_machine_learing_algo_python_ica.py_cleaned.py,0,1,0.4876733720302582,0.5123265981674194
kat3,2877_28_content_tomsiwek_gprMax-Designer_materials.py_cleaned.py,0,1,0.46101680397987366,0.5389832258224487
kat3,11435_v1_17_content_fxbp_spd-5_criptoanalisi.py_cleaned.py,1,1,0.0541987270116806,0.9458011984825134
kat3,12121_v1_6_content_hsiaoyi0504_BioChem_stop_words_main.py_cleaned.py,1,1,0.30528295040130615,0.6947170495986938
kat3,5784_47_content_saladcat_Huffman_Form1.py_cleaned.py,0,1,0.1648523211479187,0.8351477384567261
kat3,4039_3_content_victornguyen75_x-factor_source.py_cleaned.py,0,0,0.9235923886299133,0.07640768587589264
kat4,7859_v1_40_content_Bonifase_ShoppingList_app_tests.py_cleaned.py,1,0,0.9822876453399658,0.017712296918034554
kat4,4300_10_content_ko-hii_EASY-Elliptic-curve-cryptography_decryption.py_cleaned.py,0,1,0.17838266491889954,0.8216173648834229
kat4,2654_v1_3_content_dlohith_text-similarity_utils.py_cleaned.py,1,1,0.11636176705360413,0.8836382031440735
kat4,6386_v1_45_content_nialloc9_machine-learning-k-means_main.py_cleaned.py,1,1,0.25945019721984863,0.7405498623847961
kat4,961_v1_7_content_GauthamBT_Bellman-Ford-Algorithm_DirectedGraphClass.py_cleaned.py,1,1,0.12357699871063232,0.8764230012893677
kat4,4718_97_content_mjurk456_mini-snakes_flowers.py_cleaned.py,0,1,0.175502747297287,0.8244972229003906
kat4,9081_3_content_iykadev_pyalgo_prime_numbers.py_cleaned.py,0,0,0.9556514620780945,0.0443485826253891
kat4,7863_v1_44_content_rjsheth_LinkedList-Problems_Reverse_linked_list.py_cleaned.py,1,1,0.13432104885578156,0.8656789064407349
kat4,6911_22_content_ABHIJIT-13_Kruskal-MST_kruskal.py_cleaned.py,0,0,0.9934101700782776,0.006589771248400211
kat4,8386_48_content_asaadam_TextMining_Preprocessing.py_cleaned.py,0,0,0.9597620368003845,0.04023794084787369
kat4,1530_v1_8_content_LOOPPO_BSTree_RBTree_RBTree.py_cleaned.py,1,1,0.09739039838314056,0.9026095867156982
kat4,3514_v1_31_content_shreyas3336_Diffie-Hellman-KeyExchange_Seed_Generator.py_cleaned.py,1,1,0.2885691225528717,0.7114308476448059
kat4,5479_47_content_sejall_Hierarchical-Clustering_hierrchical_clustering.py_cleaned.py,0,1,0.18126320838928223,0.8187368512153625
kat4,4346_v1_10_content_kllinzy_Elliptic-Curve-Cryptography_demo.py_cleaned.py,1,1,0.3711366057395935,0.6288633942604065
kat4,6645_6_content_cooperlab_KNN_Survival_DataManagement.py_cleaned.py,0,0,0.515863835811615,0.4841362237930298
kat4,6373_v1_29_content_AouinaOns_K-Means-Clustering_K-means.py_cleaned.py,1,1,0.4499363899230957,0.5500636100769043
kat4,3174_6_content_zhenv5_breaking_cycles_in_noisy_hierarchies_synthetic_performance.py_cleaned.py,0,0,0.9813107252120972,0.018689308315515518
kat4,9369_61_content_piyush-taneja_Salary-Predictor_Regression_Template.py_cleaned.py,0,1,0.4664810299873352,0.5335189700126648
kat4,7262_v1_1_content_akoksal_Turkish-Lemmatizer_trainLexicon.py_cleaned.py,1,1,0.2033909112215042,0.796609103679657
kat4,5533_v1_51_content_ParthanOlikkal_Agglomerative-Hierarchical-Clustering_Agglomerative_hierarchical_clustering.py_cleaned.py,1,0,0.8719117641448975,0.12808823585510254
kat4,6624_26_content_mosco_geodesic-knn_test_dijkstra.py_cleaned.py,0,0,0.799755334854126,0.2002447247505188
kat4,12997_21_content_DaSunnySide_Stock-Analysis_jsonpractice.py_cleaned.py,0,0,0.9399133324623108,0.06008664518594742
kat4,909_7_content_ardyerwanda_SDN-Bellman-Ford-Pyretic_routing2cost.py_cleaned.py,0,0,0.9914224743843079,0.008577484637498856
kat4,1779_v1_23_content_tomasmcoronado_prob-alpha_PhyloTree.py_cleaned.py,1,1,0.13799647986888885,0.86200350522995
kat4,11773_v1_49_content_guptavasu1213_Comparing-Sorting-Algorithms_compare_sorting.py_cleaned.py,1,1,0.24762336909770966,0.7523766160011292
kat4,1175_44_content_suzheng123_BFS_N-aryTreeLevel.py_cleaned.py,0,0,0.9892648458480835,0.01073516346514225
kat4,11384_16_content_exitmsconfig_python_knn.py_cleaned.py,0,0,0.9785493016242981,0.02145073190331459
kat4,10263_94_content_rohithdot_ImageCompression-PCA_code.py_cleaned.py,0,0,0.793105959892273,0.20689405500888824
kat4,12423_6_content_sherlvick_sentimental-analysis_SVM_svm_test_0.py_cleaned.py,0,0,0.9394705891609192,0.06052938848733902
kat4,12776_v1_7_content_wallacelab_paper-maize-rhizosphere-2017_1b_PlotHeritabilities.py_cleaned.py,1,1,0.21386933326721191,0.7861306667327881
kat4,10578_v1_28_content_albertsegura_tmux-jobqueue_run_jobs.py_cleaned.py,1,1,0.32039588689804077,0.6796041131019592
kat4,45_7_content_git-remove_CBC-and-CTR-Decipher_decipher.py_cleaned.py,0,1,0.4311051368713379,0.5688949227333069
kat4,323_7_content_akshattrivedi_IT-Sales-With-Recommendation-System_manage.py_cleaned.py,0,0,0.8255897164344788,0.17441026866436005
kat4,8360_10_content_SamAllegretto_NaiveBayes_bayes__3_.py_cleaned.py,0,0,0.8474634885787964,0.1525365114212036
kat4,13145_v1_71_content_sairoopb_WebScrape_CBase_code.py_cleaned.py,1,1,0.39817240834236145,0.6018276214599609
kat4,11757_v1_26_content_AbdelrhmanKhater_Comparison-between-linked-list-and-array-during-using-selection-sort_main.py_cleaned.py,1,1,0.3835258483886719,0.6164741516113281
kat4,10224_23_content_ymohanty_data-analysis_classifiers.py_cleaned.py,0,0,0.9719924926757812,0.028007520362734795
kat4,6678_v1_2_content_neonb88_knn_knn_machine_learning_hw1.py_cleaned.py,1,1,0.200557678937912,0.7994422912597656
kat4,9344_16_content_adityalokesh_Polynomial_Regressor_polynomial_regression.py_cleaned.py,0,0,0.9184802770614624,0.08151975274085999
kat4,12095_v1_16_content_NB-prog_INTERN-2019_plot.py_cleaned.py,1,1,0.2140335589647293,0.7859664559364319
kat4,12740_v1_18_content_wuqianfan_Variance-Reduction-for-Merton-Process-Monte-Carlo_Sampling_1.py_cleaned.py,1,0,0.9603611826896667,0.03963884338736534
kat4,9660_30_content_mtony75_isItPrime_main.py_cleaned.py,0,0,0.9686195850372314,0.03138043358922005
kat4,9387_v1_11_content_moazkh60_Polynomial-Regression_polynomial_regression.py_cleaned.py,1,1,0.11201596260070801,0.8879840970039368
kat4,6918_32_content_arian100y_Travelling-Salesman-Problem_createCaminos.py_cleaned.py,0,0,0.9681411385536194,0.03185885772109032
kat4,8686_5_content_llp0702_one-time-pad-implementation-python_main.py_cleaned.py,0,1,0.3923368453979492,0.6076632142066956
kat4,3438_11_content_jvpessoa10_Diffie-Hellman_App.py_cleaned.py,0,0,0.9935117363929749,0.0064882696606218815
kat4,6963_v1_2_content_Aluriak_kruskal-clustering_kruskal_viz.py_cleaned.py,1,1,0.23440666496753693,0.7655933499336243
kat4,6353_77_content_ThomasThorpe_KMeansClustering_data_generator.py_cleaned.py,0,0,0.9688562154769897,0.031143832951784134
kat4,1444_22_content_N8Brooks_lcs_hash_search_lcs_finder.py_cleaned.py,0,1,0.10338596254587173,0.8966140151023865
kat4,5768_24_content_MariosPitsali_algorithms-practice_ducks.py_cleaned.py,0,0,0.9111796617507935,0.08882028609514236
kat4,2332_7_content_PotatoSpudowski_The-centralized-guide-to-distributed-storage-and-processing-of-big-data_13_makerspace_analysis.py_cleaned.py,0,1,0.2567387819290161,0.7432612180709839
kat4,5285_v1_13_content_AtahanCelebi_En-K-sa-Yol_map_distance.py_cleaned.py,1,1,0.10447731614112854,0.8955226540565491
kat4,9064_3_content_iykadev_pyalgo_dragon_curve.py_cleaned.py,0,1,0.0572819747030735,0.9427180886268616
kat4,3161_36_content_aholyoke_bfs_vs_dfs_bfs.py_cleaned.py,0,1,0.029535336419939995,0.9704646468162537
kat4,12099_v1_18_content_ashwinjoseph95_reviewanalysis_natural_language_processing.py_cleaned.py,1,1,0.3285294473171234,0.671470582485199
kat4,19_17_content_pevandenburie_micropython-aes-ccm_Utils.py_cleaned.py,0,0,0.9671630263328552,0.03283695504069328
kat4,13057_7_content_sky-97_web-scraping-box-office-mojo_sc.py_cleaned.py,0,0,0.9697853922843933,0.030214589089155197
kat4,870_1_content_dedeco_dijkstra-bellman-ford_teste_cormen_bford.py_cleaned.py,0,0,0.974821150302887,0.02517884224653244
kat4,11403_55_content_Jozhus_RSA-And-Linear-Cipher_RSA.py_cleaned.py,0,1,0.08570927381515503,0.914290726184845
kat4,4712_84_content_rev1z_async_factorial_webapp_logic.py_cleaned.py,0,0,0.9852713346481323,0.014728613197803497
kat4,1463_47_content_mathwoods_binseqcomp_binseqcomp.py_cleaned.py,0,0,0.9645892381668091,0.03541072458028793
kat4,2884_43_content_shayanalibhatti_Designing-a-PDF-Audiobook-using-Python_PDF_reading_software.py_cleaned.py,0,0,0.9815951585769653,0.018404891714453697
kat4,8951_v1_1_content_Pranshu258_Crowd_Behavior_Analysis_outlierDetector.py_cleaned.py,1,0,0.9588471055030823,0.04115288704633713
kat4,10823_23_content_ajh1143_ClassicQuickSort_QuickSorter.py_cleaned.py,0,0,0.9790357351303101,0.020964238792657852
kat4,8142_v1_2_content_athulvijayan6_python-rlcs_lcssMain.py_cleaned.py,1,1,0.28736767172813416,0.7126322984695435
kat4,4983_55_content_NM20XX_Python_Fibonacci_Sequence.py_cleaned.py,0,0,0.9893474578857422,0.01065251138061285
kat4,2899_86_content_Enkhai_simple-DES_misc.py_cleaned.py,0,1,0.14889214932918549,0.8511078953742981
kat4,8156_v1_8_content_16chuang_CS161_Project_judge.py_cleaned.py,1,1,0.32039588689804077,0.6796041131019592
kat4,11409_66_content_MihaiGaidau_RSA_main.py_cleaned.py,0,1,0.1296229213476181,0.8703770637512207
kat4,9628_11_content_pprzygodzk_binary_search-prime_numbers_binarysearch.py_cleaned.py,0,0,0.6146253347396851,0.38537463545799255
kat4,8694_9_content_klogdog_One-Time-Pad_OTP.py_cleaned.py,0,0,0.9921841025352478,0.007815889082849026
kat4,4677_11_content_kousu_primes_cubesieve_explore.py_cleaned.py,0,0,0.987375020980835,0.012624949216842651
kat4,9666_5_content_ebrahim-j_pRIME-nUMBERS_Test_GPN.py_cleaned.py,0,1,0.2408638745546341,0.7591361403465271
kat4,5503_v1_10_content_nazaninsbr_Intelligent-Systems-CA3_Q3_Clustering.py_cleaned.py,1,1,0.3699977397918701,0.6300022602081299
kat4,4588_6_content_hungph-dev-ict_simple-exponential-smoothing_main.py_cleaned.py,0,0,0.9407896995544434,0.05921025201678276
kat4,6637_39_content_mirajp_tweet_sentiments_baseline.py_cleaned.py,0,0,0.9939963817596436,0.006003595422953367
kat4,645_v1_20_content_suchitnasre_Air-Passengers-model-using-ARIMA_Airpassenger_ARIMA.py_cleaned.py,1,1,0.1977541446685791,0.8022459149360657
kat4,13171_v1_94_content_ytnguyenedalgo_scrape_retail_site_scrape_macys.py_cleaned.py,1,1,0.1448732316493988,0.8551267385482788
kat4,12687_16_content_aplested_verify_PlotParam.py_cleaned.py,0,0,0.9270997643470764,0.07290027290582657
kat4,1227_v1_4_content_alex-rantos_Project-1-Search-in-Pacman_keyboardAgents.py_cleaned.py,1,1,0.13028542697429657,0.869714617729187
kat4,5311_v1_8_content_andersonlthome_floyd-warshall-algorithm_floyd_warshall.py_cleaned.py,1,1,0.09568694233894348,0.9043130874633789
kat4,13096_v1_21_content_Tyrone-Zhao_crawlerUtils_tornadoExample.py_cleaned.py,1,1,0.11757213622331619,0.8824278712272644
kat4,5508_v1_18_content_ronak-07_Agglomerative-Hierarchical-Clustering_Preprocess.py_cleaned.py,1,1,0.030214589089155197,0.9697853922843933
kat4,8944_4_content_mrimahajan_advanced_analysis_package_variable_treatment.py_cleaned.py,0,0,0.9860442876815796,0.013955710455775261
kat4,84_v1_4_content_HamzaMhirsi_Chat-Server-Client-Python-AES-SHA_server.py_cleaned.py,1,1,0.38029855489730835,0.6197014451026917
kat4,96_v1_8_content_gordon636798_DiffieHellman-AES_quickFind_a_q.py_cleaned.py,1,1,0.11318691074848175,0.8868131041526794
kat4,2620_8_content_shukali_tweet-similarity-ranking_tweetranking.py_cleaned.py,0,1,0.2247353047132492,0.7752646803855896
kat4,7538_v1_11_content_sichen-x_search-engine_search.py_cleaned.py,1,1,0.28101083636283875,0.7189891934394836
kat4,6653_98_content_pooja1909_Bigdata-project_input.py_cleaned.py,0,0,0.9676556587219238,0.032344330102205276
kat4,7814_42_content_TechnoMonoCo_Python-Doubly-Linked-List_LL.py_cleaned.py,0,0,0.9971550703048706,0.0028449094388633966
kat4,40_5_content_scalisesamuel_crypto_p1_Task_1.py_cleaned.py,0,1,0.40544870495796204,0.5945512652397156
kat4,6107_v1_28_content_alexanderogle_Enigma_Machine_em_functions.py_cleaned.py,1,1,0.014615669846534729,0.9853842854499817
kat4,4747_v1_4_content_rohinigopalqxf2_Factorial-Calculator-Practice_03_Fill_values.py_cleaned.py,1,1,0.09947021305561066,0.9005298018455505
kat4,289_10_content_subashgandyer_Anti-mirror-Apriori_antimirror.py_cleaned.py,0,0,0.9763104915618896,0.023689471185207367
kat4,3449_22_content_sagarwani_Breaking-Diffie-Hellman_dl-efficient.py_cleaned.py,0,0,0.9719924926757812,0.028007520362734795
kat4,632_v1_17_content_strategist922_sales_forecast_ana.py_cleaned.py,1,1,0.13939638435840607,0.8606036305427551
kat4,2023_44_content_emilgab_bubble-sort_bubble_sort.py_cleaned.py,0,0,0.9891815781593323,0.010818447917699814
kat4,11777_v1_7_content_meenaljain8001_BasicsOfPython-SelectionSort_selection_sort_in_python.py_cleaned.py,1,1,0.016914913430809975,0.9830850958824158
kat4,12045_16_content_NB-prog_INTERN-2019_plot.py_cleaned.py,0,1,0.30528295040130615,0.6947170495986938
kat4,5802_v1_16_content_MiKoronjoo_Python-Huffman-coding_decoding.py_cleaned.py,1,1,0.08035746961832047,0.9196425676345825
kat4,7202_14_content_Qutuf_Qutuf_manage.py_cleaned.py,0,0,0.5672175884246826,0.4327824115753174
kat4,6315_20_content_Cassar88226_Clustering_of_Articles_corpus.py_cleaned.py,0,0,0.9778834581375122,0.022116590291261673
kat4,2056_v1_23_content_mkhambat_Bubble-and-insertion-sort_sorting.py_cleaned.py,1,1,0.11797802150249481,0.8820220232009888
kat4,9354_41_content_rinky97_polynomial-regression_my.py_cleaned.py,0,0,0.9676556587219238,0.032344330102205276
kat4,3232_v1_83_content_sjatakia_Path-of-Prime-Numbers_assignment1_p4.py_cleaned.py,1,1,0.0755847916007042,0.9244152307510376
kat4,10261_93_content_djzgroup_Visual-basedCharacterEmbedding_123.py_cleaned.py,0,0,0.980728805065155,0.019271135330200195
kat4,5258_1_content_smbanaie_floyd-warshall-python_Main.py_cleaned.py,0,1,0.046119749546051025,0.953880250453949
kat4,9083_3_content_iykadev_pyalgo_shunting_yard_algo.py_cleaned.py,0,0,0.8944211602210999,0.10557884722948074
kat4,13162_v1_89_content_pratikdeshmukh2004_Web_scraping_flipcart.py_cleaned.py,1,1,0.05877656117081642,0.9412234425544739
kat4,39_5_content_ongyongzheng_cass_utils.py_cleaned.py,0,0,0.8692712783813477,0.13072869181632996
kat4,8416_v1_14_content_rajat1401_NaiveBayes_scratch_2016260_ques1a.py_cleaned.py,1,1,0.2628418505191803,0.7371581792831421
kat4,10311_v1_93_content_djzgroup_Visual-basedCharacterEmbedding_123.py_cleaned.py,1,1,0.30115649104118347,0.6988435387611389
kat4,3457_26_content_ivanji_diffie-hellman-algorithm_diffie-hellman.py_cleaned.py,0,0,0.6208946108818054,0.3791053891181946
kat4,2362_v1_3_content_Sapphirine_Detecting-and-Predicting-the-Impact-of-Events_calc_train_anamoly_10ile.py_cleaned.py,1,0,0.8278281688690186,0.17217186093330383
kat4,6343_54_content_wenlin-koh_K-Means-Clustering---python_kmeans.py_cleaned.py,0,1,0.09739039838314056,0.9026095867156982
kat4,1810_v1_8_content_karangargg_trees-notes_trees1.py_cleaned.py,1,1,0.12463856488466263,0.875361442565918
kat4,6691_v1_4_content_Askjensen_scikittf-idfNLTK_str_func.py_cleaned.py,1,1,0.28776782751083374,0.7122321724891663
kat4,8098_5_content_amirheidarikhoram_longest-common-subsequence_lcs.py_cleaned.py,0,0,0.9887554049491882,0.011244560591876507
kat4,5776_36_content_guoziqingbupt_Huffman-Coding_HuffmanDecode.py_cleaned.py,0,1,0.328583300113678,0.671416699886322
kat4,7219_22_content_ashushekar_lemmatization-stemming_lemmatization-stemming.py_cleaned.py,0,1,0.4452280104160309,0.5547719597816467
kat4,9709_v1_30_content_mtony75_isItPrime_main.py_cleaned.py,1,1,0.13857834041118622,0.8614217042922974
kat4,6395_v1_62_content_wang2226_Clustering_k-means_plot.py_cleaned.py,1,1,0.19284318387508392,0.8071568012237549
kat4,12070_5_content_JoseAntonioMora_StopWords_Stopwords.py_cleaned.py,0,0,0.9798226952552795,0.020177319645881653
kat4,886_2_content_cvwilliams_BellmanFord-Python_server.py_cleaned.py,0,0,0.9865716695785522,0.01342825498431921
kat4,4586_3_content_cdr6934_eSMA_ExpSMA.py_cleaned.py,0,1,0.1139734610915184,0.8860265612602234
kat4,12087_v1_14_content_prachij94_Category-altname-analysis-without-stopwords_altnameStopwords.py_cleaned.py,1,1,0.4351212680339813,0.5648787617683411
kat4,7235_v1_10_content_nishi1612_Email-Spam-Classification-using-SVM_extracting_unique_words_from_all_emails.py_cleaned.py,1,0,0.6247515082359314,0.3752484917640686
kat4,8376_29_content_barshaison_Naive_Bayes_Classifier_Prog.py_cleaned.py,0,0,0.9881309270858765,0.011869121342897415
kat4,8074_15_content_VakinduPhilliam_Pattern_Matching_Python_Difflib_Pattern_Matching_Sequence_Matcher.py_cleaned.py,0,0,0.7617157697677612,0.23828420042991638
kat4,4350_v1_10_content_ko-hii_EASY-Elliptic-curve-cryptography_decryption.py_cleaned.py,1,1,0.08509904146194458,0.9149009585380554
kat4,3462_31_content_nazmeenkhan_Diffie-Hellman_UserB.py_cleaned.py,0,0,0.9935117363929749,0.0064882696606218815
kat4,8684_4_content_andreacanepa_Many-Time-Pad_cracker.py_cleaned.py,0,0,0.9904406070709229,0.00955939944833517
kat4,13123_v1_45_content_umtpfe_Projet-scrapy_gglev5.py_cleaned.py,1,0,0.6548947095870972,0.34510529041290283
kat4,13056_79_content_MadhavPruthi_Email-Scraping-from-publication_metainfoscrapper.py_cleaned.py,0,0,0.9136765599250793,0.08632348477840424
kat4,12411_58_content_zhaoyichanghong_machine_learing_algo_python_agnes.py_cleaned.py,0,1,0.20212800800800323,0.7978719472885132
kat4,2039_6_content_ryanlid87_BubbleSort_bubblesort.py_cleaned.py,0,0,0.9978172779083252,0.002182716503739357
kat4,7481_11_content_NikitaGautam_FYP-Automatic-Word-Search-Puzzle-Solver_FYPPuzzle.py_cleaned.py,0,0,0.9775429368019104,0.022457055747509003
kat4,10255_84_content_rayjc_ml-pca-foreground-removal_miscHelper.py_cleaned.py,0,0,0.6500230431556702,0.34997695684432983
kat4,8140_v1_1_content_susheelsagar_LCSS_test.py_cleaned.py,1,1,0.09636510163545609,0.9036349058151245
kat4,6361_v1_12_content_aabulhaj_SpectralClustering_spectral_clustering.py_cleaned.py,1,1,0.12808823585510254,0.8719117641448975
kat4,1772_v1_18_content_jiangfeng1124_digital-dendrimer_genenerate.py_cleaned.py,1,1,0.3593641519546509,0.6406359076499939
kat4,916_v1_1_content_dedeco_dijkstra-bellman-ford_bellman_ford.py_cleaned.py,1,1,0.03608394414186478,0.9639160633087158
kat4,3212_v1_39_content_PankajJ08_DataStructure_n_queen_problem.py_cleaned.py,1,1,0.05242456495761871,0.9475754499435425
kat4,3808_v1_47_content_woodElec_Parallel-Dijkstra-Networkx_voronoi_module.py_cleaned.py,1,1,0.36658975481987,0.6334102749824524
kat4,11139_9_content_OJFord_python-tailrecursion_tailrecursion.py_cleaned.py,0,1,0.4163219928741455,0.5836780667304993
kat4,11987_v1_3_content_GentaHI_SteganografiLSB-ImageToImage_steganography.py_cleaned.py,1,1,0.09982065856456757,0.9001793265342712
kat4,10816_19_content_jamesnearn_sortDigitalCameraFiles_sortDigitalCameraFiles.py_cleaned.py,0,0,0.9121235609054565,0.08787643909454346
kat4,4608_v1_9_content_Soumyabrata_predicting-pwv_benchmarking.py_cleaned.py,1,1,0.2037075310945511,0.7962924242019653
kat4,4389_v1_6_content_gionanide_Cryptography_ECC_DH_key_exchange.py_cleaned.py,1,1,0.04586266726255417,0.95413738489151
kat4,12998_21_content_Tyrone-Zhao_crawlerUtils_tornadoExample.py_cleaned.py,0,1,0.3526475131511688,0.6473524570465088
kat4,1796_v1_4_content_fcunhaneto_py-binary-trees-draw_node.py_cleaned.py,1,1,0.0378924235701561,0.9621075391769409
kat4,8086_1_content_jim-spyropoulos_Trajectory-Analysis-and-Classification-in-Python-Pandas-and-Scikit-Learn_grid_points.py_cleaned.py,0,1,0.14414885640144348,0.8558511734008789
kat4,4965_19_content_frankiekienlam_Fibonacci_Pyramids_pyramid.py_cleaned.py,0,1,0.08945459872484207,0.9105454087257385
kat4,2351_v1_26_content_Emersonxuelinux_One_Big_Archive_Listing_8-4.py_cleaned.py,1,1,0.46210891008377075,0.5378910899162292
kat4,371_v1_6_content_HaoLyu_Association-rule-learning_Apriori.py_cleaned.py,1,1,0.3870530128479004,0.6129469871520996
kat4,882_1_content_rosshochwert_arbitrage_arbitrage.py_cleaned.py,0,0,0.9742394685745239,0.025760561227798462
kat4,9693_v1_1_content_mtony75_isprime_isprime.py_cleaned.py,1,1,0.02931223064661026,0.970687747001648
kat4,1736_32_content_vaish06_TextProcessor_red_black_tree.py_cleaned.py,0,1,0.29188835620880127,0.7081116437911987
kat4,29_2_content_ChangRenAU_Logistic-Regression-With-Stochastic-Gradient-Aescent_LR_classify.py_cleaned.py,0,1,0.44137200713157654,0.5586279630661011
kat4,1520_v1_64_content_YifeiY_Depth-of-BTS_BTS_Depth.py_cleaned.py,1,1,0.07146149128675461,0.9285385012626648
kat4,4601_v1_2_content_kristpapadopoulos_keras-exponential-smoothing_ses.py_cleaned.py,1,0,0.7394223809242249,0.26057755947113037
kat4,7250_v1_12_content_romanorac_elastic_localized_search_models_elastic.py_cleaned.py,1,1,0.24301312863826752,0.7569869160652161
kat4,7533_v1_11_content_sichen-x_search-engine_htable.py_cleaned.py,1,1,0.19329962134361267,0.8067004084587097
kat4,6055_24_content_lesdev_SortingMethods_selection.py_cleaned.py,0,0,0.9910145401954651,0.008985428139567375
kat4,12122_v1_6_content_Utkagr_NLPrel_all_nltk.py_cleaned.py,1,0,0.5297499895095825,0.47025004029273987
kat4,2592_1_content_HarryBaker_LDAtopicSimilarity_modelTranslator.py_cleaned.py,0,0,0.9901401400566101,0.00985985528677702
kat4,6690_v1_48_content_prateek22sri_Image-orientation-detector_AdaBoost.py_cleaned.py,1,1,0.21255874633789062,0.7874411940574646
kat4,38_5_content_ongyongzheng_cass_main_unet.py_cleaned.py,0,1,0.32691577076911926,0.6730842590332031
kat4,10817_19_content_vickyandpiggy_count_inversion_merge_sort_compare_quick_sort_count_inversion_merge_sort__compare_quick_sort.py_cleaned.py,0,0,0.9898303151130676,0.01016965787857771
kat4,9947_5_content_abcsds_Prim_prim.py_cleaned.py,0,0,0.9939024448394775,0.006097561679780483
kat4,12398_33_content_mirkomantovani_web-search-engine-UIC_multithreaded_crawling.py_cleaned.py,0,1,0.2802222669124603,0.7197777628898621
kat4,2617_7_content_gautamdasika_Document-Search-Engine_finalsearch.py_cleaned.py,0,0,0.9839708209037781,0.016029145568609238
kat4,4382_v1_2_content_Yash0day_ElgamalEncryption-using-ECC_Hash.py_cleaned.py,1,1,0.08694165199995041,0.9130582809448242
kat4,3226_v1_73_content_elados93_AI_Ex1_BFS.py_cleaned.py,1,1,0.08525122702121735,0.9147487282752991
kat4,6896_11_content_sachinrajgowda_NetworkDesign_Kruskal_DisjointSet.py_cleaned.py,0,0,0.7453983426094055,0.2546016275882721
kat4,13012_35_content_anoop123gupta_web_scraping_task10.py_cleaned.py,0,0,0.9921841025352478,0.007815889082849026
kat4,8652_13_content_TubyNeto_one-time-pad_main.py_cleaned.py,0,1,0.11716748028993607,0.8828325867652893
kat4,79_v1_23_content_raditya2098_AES-Symmetric-key-algorithm_AES-an.py_cleaned.py,1,1,0.026759283617138863,0.9732407331466675
kat4,3471_48_content_AdityaMalani_Diffie-Hellman-Key_Exchange_diffie.py_cleaned.py,0,0,0.9834704995155334,0.01652955822646618
kat4,9683_v1_13_content_dannbleeker_SearchForPrimeNumbers_timerForIsPrime.py_cleaned.py,1,0,0.8164063692092896,0.18359363079071045
kat4,11447_v1_46_content_ThallysSo_criptografia-rsa_criptografia.py_cleaned.py,1,1,0.16830943524837494,0.8316905498504639
kat4,4033_22_content_Phillyclause89_ANIMAL_Quiz_ANIMAL.py_cleaned.py,0,1,0.24789638817310333,0.7521036267280579
kat4,4691_3_content_kressi_turing_turing.py_cleaned.py,0,1,0.4892594516277313,0.5107405185699463
kat4,2591_1_content_beekbin_bert-cosine-sim_prerun.py_cleaned.py,0,0,0.6256668567657471,0.37433314323425293
kat4,2301_26_content_Emersonxuelinux_One_Big_Archive_Listing_18-2.py_cleaned.py,0,0,0.95743727684021,0.042562730610370636
kat4,13030_46_content_AnuragSinghKushwah_anonymous-scraping_luminati_proxy.py_cleaned.py,0,0,0.9575962424278259,0.04240383207798004
kat4,9073_3_content_iykadev_pyalgo_hashingHashTable.py_cleaned.py,0,0,0.9968273043632507,0.0031726830638945103
kat4,4353_v1_11_content_Patrick-Doucet_Elliptic-Curve-Cryptography_EllipticCurve.py_cleaned.py,1,1,0.06233103945851326,0.9376689791679382
kat4,11417_84_content_LatrecheYasser_Secure-Python-Chat_server.py_cleaned.py,0,1,0.499267578125,0.500732421875
kat4,6375_v1_35_content_NavneetSomwal_Weather-Data-Clustering-using-k-Means_waether_data_Clustering_k-means_scikit-learn.py_cleaned.py,1,1,0.2592626214027405,0.7407373785972595
kat4,10863_v1_15_content_EtiennePerot_mm-tools_update-kodi.py_cleaned.py,1,1,0.4019225537776947,0.5980774760246277
kat4,12124_v1_7_content_natiqvahabov_stop_words_of_azerbaijani_extract.py_cleaned.py,1,1,0.0991208553314209,0.9008791446685791
kat4,1515_v1_52_content_kantonist_printBST_printBST.py_cleaned.py,1,1,0.231440469622612,0.7685595154762268
kat4,13133_v1_58_content_ianramzy_stock-news-analysis_app.py_cleaned.py,1,1,0.27009499073028564,0.7299049496650696
kat4,10287_v1_57_content_SorenHeinze_Principal-Component-Analysis-with-missing-data-handling_nipals_algorithm.py_cleaned.py,1,1,0.3517563045024872,0.6482437252998352
kat4,342_v1_11_content_SabikAbtahee_Apriori-Implementation_AprioriAlgorithm.py_cleaned.py,1,1,0.06632687151432037,0.9336731433868408
kat4,3197_v1_17_content_kwikadi_BFS-v-DFS_bfs.py_cleaned.py,1,1,0.05146276578307152,0.9485372304916382
kat4,2639_v1_1_content_aviralmathur_Word2Vec_SKU_Desc.py_cleaned.py,1,1,0.14804719388484955,0.851952850818634
kat4,2871_21_content_leonshen95_EC500-Modular-design-2.4_OutputAlert_module.py_cleaned.py,0,0,0.9890130758285522,0.01098694372922182
kat4,7520_4_content_BenCashman_Linear-Search_linear_search.py_cleaned.py,0,0,0.963230550289154,0.03676946461200714
kat4,3152_1_content_akhilesh1311_MazeSolver_q3.py_cleaned.py,0,0,0.961243748664856,0.03875619173049927
kat4,385_v1_9_content_jeffwang0516_Frequent-Itemset-Mining_eclat.py_cleaned.py,1,1,0.2278127372264862,0.7721872925758362
kat4,1469_61_content_EricHasegawa_binary-search_binary_search.py_cleaned.py,0,0,0.7862948179244995,0.2137051820755005
kat4,10887_v1_3_content_iRGBit_indexhelper_indexer.py_cleaned.py,1,1,0.48750564455986023,0.5124943256378174
kat4,6698_v1_8_content_jasminegrewal_Naive-Bayes-KNN-Logistic-Regression_3b_knn.py_cleaned.py,1,1,0.07004895806312561,0.929951012134552
kat4,3450_24_content_Brew8it_Python_DHAES_AES.py_cleaned.py,0,0,0.5467381477355957,0.4532618820667267
kat4,13098_v1_24_content_A3M4_Monster-Crawler_get_years_degree.py_cleaned.py,1,1,0.046378206461668015,0.9536217451095581
kat4,6407_v1_96_content_jtwaugh_gap-statistic_gap.py_cleaned.py,1,1,0.3350244164466858,0.6649755239486694
kat4,12069_5_content_andresionek91_portuguese-stop-words___init__.py_cleaned.py,0,0,0.8740772008895874,0.1259227693080902
kat4,5536_v1_54_content_juancprzs_hierarchical-clustering-example_tutorial_python.py_cleaned.py,1,1,0.23828420042991638,0.7617157697677612
kat4,6393_v1_56_content_lpyhdzx_clustering_data.py_cleaned.py,1,1,0.45338284969329834,0.5466171503067017
kat4,5306_v1_6_content_1siddhi7_Floyd-Warshall_fw.py_cleaned.py,1,1,0.06075190752744675,0.9392480850219727
kat4,12448_v1_38_content_hanhanwu_Hanhan-NaturalLanguageProcessing_Basic_tf_idf_term_search.py_cleaned.py,1,1,0.24598954617977142,0.7540104985237122
kat4,3524_v1_5_content_crazamahdi_DIFFIE-HELLMAN-KEY-EXCHANGE-ALGORITHM_dhserver.py_cleaned.py,1,1,0.048496004194021225,0.9515040516853333
kat4,53_v1_11_content_rdafr_AES-Crypto-and-serial-communication_write.py_cleaned.py,1,0,0.5945512652397156,0.40544870495796204
kat4,10537_37_content_TolgaGolet_CPU-Scheduling-Algorithms-Simulation_OperatingSystems_CPUSchedulingReverse.py_cleaned.py,0,1,0.23952719569206238,0.7604727745056152
kat4,9122_v1_3_content_iykadev_pyalgo_hanoi_tower_algorithm.py_cleaned.py,1,0,0.6984323263168335,0.3015677034854889
kat4,9652_25_content_Scientific-Computing-at-Temple-Physics_prime-number-finder-MicrowaveOfEvil_primes.py_cleaned.py,0,0,0.9890130758285522,0.01098694372922182
kat4,3498_v1_22_content_sagarwani_Breaking-Diffie-Hellman_dl-brute.py_cleaned.py,1,1,0.0755847916007042,0.9244152307510376
kat4,7809_38_content_valuntiny_leetcode_linked_list_ii_addTwoNumbers_re.py_cleaned.py,0,1,0.2614251971244812,0.7385748028755188
kat4,10225_27_content_AndresHerrera_PCA_Vowels_pca_training.py_cleaned.py,0,0,0.974821150302887,0.02517884224653244
kat4,3231_v1_83_content_habibz2196_bfs-dan-dfs-_bfs_dan_dfs_kuda_skak.py_cleaned.py,1,1,0.19345195591449738,0.8065480589866638
kat4,9091_5_content_nmcglohon_sequence-squares_calculate_sequence.py_cleaned.py,0,0,0.9865716695785522,0.01342825498431921
kat4,13099_v1_24_content_A3M4_Monster-Crawler_middlewares.py_cleaned.py,1,1,0.4564703404903412,0.5435296297073364
kat4,7807_36_content_cyndyishida_QueueQuickSort_linked_queue.py_cleaned.py,0,0,0.9914224743843079,0.008577484637498856
kat4,309_2_content_MrPatel95_Apriori-Algorithm_generateDatabse.py_cleaned.py,0,0,0.9669140577316284,0.03308597952127457
kat4,7519_4_content_AcrobatAHA_Linear-Search-_Linear_search.py_cleaned.py,0,0,0.9962345957756042,0.0037654137704521418
kat4,10293_v1_60_content_fabaloc_PCA_RollingPCAonCDS.py_cleaned.py,1,0,0.8322367072105408,0.167763352394104
kat4,10876_v1_25_content_bisigc_python_quicksort_run_parallel_QuickSort_threading.py_cleaned.py,1,1,0.18242551386356354,0.8175744414329529
kat4,6352_74_content_MarynaTatsevich_Machine-Learning-Unsupervised-Learning-Techniques_hierarchical_clustering_algorithm.py_cleaned.py,0,0,0.9019206762313843,0.09807932376861572
kat4,5783_45_content_craig-m-k_huffman-coding_heapify.py_cleaned.py,0,0,0.7405498623847961,0.25945019721984863
kat4,3187_8_content_Omig12_dfs_delete.py_cleaned.py,0,1,0.27125170826911926,0.7287483215332031
kat4,2862_11_content_harshraj11584_Paper-Implementation-Overview-Gradient-Descent-Optimization-Sebastian-Ruder_adam.py_cleaned.py,0,0,0.930962085723877,0.06903792917728424
kat4,11383_15_content_ihavenonickname_RSA_rsa.py_cleaned.py,0,1,0.0120537793263793,0.9879462122917175
kat4,314_3_content_ravinderiiit_Market-Basket-Optimisation-by-apriori-Algorithm_apriori.py_cleaned.py,0,0,0.954647421836853,0.04535257816314697
kat4,2667_v1_7_content_gautamdasika_Document-Search-Engine_finalsearch.py_cleaned.py,1,1,0.39606815576553345,0.6039317846298218
kat4,10279_v1_31_content_bavdekar_pca_pca.py_cleaned.py,1,1,0.026355354115366936,0.9736446738243103
kat4,11746_v1_19_content_mgersalan_Unsorted-Median-Spark-AWS_unsorted_median.py_cleaned.py,1,1,0.0832919329404831,0.9167081117630005
kat4,2650_v1_2_content_swapnilg915_cosine_similarity_using_embeddings_tfidf_similarity.py_cleaned.py,1,1,0.33018767833709717,0.6698123812675476
kat4,11716_32_content_TadayoshiCarvajal_Sorting-in-Python_sortingAlgorithms.py_cleaned.py,0,0,0.9888418912887573,0.011158030480146408
kat4,6119_v1_46_content_arun-p12_sort-algorithms_quick_sort.py_cleaned.py,1,1,0.04778006672859192,0.9522199034690857
kat4,8718_v1_25_content_penji2_encode-OTP-client-server_coder.py_cleaned.py,1,1,0.2632204592227936,0.7367795705795288
kat4,2637_v1_1_content_abdullahwaqar_docsearx_pdf_reader.py_cleaned.py,1,1,0.4678179919719696,0.532181978225708
kat4,9130_v1_3_content_iykadev_pyalgo_prime_numbers.py_cleaned.py,1,1,0.07263670116662979,0.9273632764816284
kat4,8378_30_content_sina-ehsani_NaiveBayes_SNLI_prepro.py_cleaned.py,0,0,0.9702399373054504,0.029760094359517097
kat4,6979_v1_6_content_chiragragarwal_Graphs_And_Networks___init__.py_cleaned.py,1,0,0.7637481689453125,0.2362518012523651
kat4,5253_14_content_arnaudperalta_py_graphpath___main__.py_cleaned.py,0,0,0.6173973083496094,0.3826026916503906
kat4,10855_v1_100_content_cem8301_DataCleaningForInformedPurchases_pipelines.py_cleaned.py,1,0,0.5242120027542114,0.4757879674434662
kat4,9676_9_content_jabrekadabre_prime-numbers_prime_nums.py_cleaned.py,0,0,0.9891815781593323,0.010818447917699814
kat4,3474_5_content_crazamahdi_DIFFIE-HELLMAN-KEY-EXCHANGE-ALGORITHM_dhserver.py_cleaned.py,0,0,0.9934101700782776,0.006589771248400211
kat4,9106_v1_3_content_iykadev_pyalgo_binaryTree2.py_cleaned.py,1,1,0.06114313751459122,0.938856840133667
kat4,3475_60_content_dunglq2000_chatbox-encrypt_client.py_cleaned.py,0,1,0.41111084818840027,0.5888891220092773
kat4,2580_10_content_aptr288_Information_Retrieval_system_Data_Parsing_and_Processing.py_cleaned.py,0,0,0.9808759689331055,0.01912403665482998
kat4,6922_4_content_mincanhe_Network-routing-protocol_DwithHeap.py_cleaned.py,0,0,0.9911527037620544,0.008847354911267757
kat4,4746_v1_4_content_moduloone_QualtricsFactorialVignettes_questiongen.py_cleaned.py,1,1,0.3816803991794586,0.6183196306228638
kat4,6621_23_content_changchanglccc_kNN_test.py_cleaned.py,0,0,0.9681411385536194,0.03185885772109032
kat4,9065_3_content_iykadev_pyalgo_evolutionary_algo.py_cleaned.py,0,0,0.9603611826896667,0.03963884338736534
kat4,3507_v1_26_content_ivanji_diffie-hellman-algorithm_diffie-hellman.py_cleaned.py,1,1,0.4414322078227997,0.5585678219795227
kat4,12466_v1_60_content_iamdiwas_TF-IDF-for-Simple-Text-Mining_tf_idf_basics.py_cleaned.py,1,1,0.27943506836891174,0.7205649614334106
kat4,887_2_content_ernestosanchezmatos_-BellmanFord_algoritmo_bellmanford.py_cleaned.py,0,0,0.9934101700782776,0.006589771248400211
kat4,4591_9_content_Soumyabrata_predicting-pwv_benchmarking.py_cleaned.py,0,0,0.9257686138153076,0.07423136383295059
kat4,4085_v1_27_content_SethEggerRocks_WakingMoments_wakingWidgets.py_cleaned.py,1,1,0.3830641806125641,0.6169357895851135
kat4,9934_1_content_muzixing_graph_algorithm_prim.py_cleaned.py,0,0,0.9817357659339905,0.018264278769493103
kat4,10254_82_content_bryonkucharski_PCA_Baseball_Statistics_pca.py_cleaned.py,0,0,0.952397346496582,0.04760265722870827
kat4,11153_v1_1_content_rcorcs_apref_tests.py_cleaned.py,1,0,0.8603691458702087,0.13963085412979126
kat4,3519_v1_46_content_ADsecu_diffie-hellman-KE_dh.py_cleaned.py,1,0,0.9637799859046936,0.03622005879878998
kat4,7872_v1_9_content_Sknapper4_CS3310A2_main.py_cleaned.py,1,1,0.37937837839126587,0.6206215620040894
kat4,4676_10_content_stensonowen_factorial_bot_text2num.py_cleaned.py,0,0,0.5506073832511902,0.4493926465511322
kat4,8672_27_content_aferaudo_xor_keyobtainer_xor_keyobtainer.py_cleaned.py,0,1,0.45713675022125244,0.5428633093833923
kat4,3221_v1_68_content_mvivancq_DfsSudokuSolver_bfs.py_cleaned.py,1,1,0.06471256911754608,0.9352874159812927
kat4,12426_76_content_shivgarg_twitter-sentiment_test.py_cleaned.py,0,0,0.9492946267127991,0.05070536211133003
kat4,4761_v1_84_content_rev1z_async_factorial_webapp_logic.py_cleaned.py,1,1,0.030329259112477303,0.9696707129478455
kat4,4703_51_content_adityapatelgithub_Expressions-and-Functions_newsplit.py_cleaned.py,0,0,0.9950946569442749,0.004905405919998884
kat4,12471_v1_6_content_sherlvick_sentimental-analysis_SVM_svm_pipe.py_cleaned.py,1,1,0.13939638435840607,0.8606036305427551
kat4,9390_v1_12_content_MarynaTatsevich_Machine-Learning-Regression-Techniques_SVR.py_cleaned.py,1,1,0.1212688684463501,0.8787311315536499
kat4,12434_v1_11_content_Masao-Taketani_text_classification_with_alexa_webapi.py_cleaned.py,1,0,0.8216173648834229,0.17838266491889954
kat4,1198_8_content_abpaudel_8-puzzle_iddfs.py_cleaned.py,0,0,0.5784481763839722,0.42155182361602783
kat4,8364_13_content_ShankyTiwari_Naive-Bayes-Classifier-using-python_naive_bayes_supermall.py_cleaned.py,0,0,0.7577943801879883,0.2422056347131729
kat4,3505_v1_26_content_bahadircolak44_EllipticCurve_extEuclid.py_cleaned.py,1,1,0.14128142595291138,0.8587185740470886
kat4,6961_v1_22_content_ABHIJIT-13_Kruskal-MST_kruskal.py_cleaned.py,1,1,0.08819004893302917,0.9118099808692932
kat4,6901_16_content_sharatchandraj_MaxBandwidthPath_DijkstrasNoHeap.py_cleaned.py,0,0,0.9899086952209473,0.010091315023601055
kat4,2061_v1_27_content_gcmurillo_sortingAlgorithmsComparation_quickSort.py_cleaned.py,1,1,0.03541072458028793,0.9645892381668091
kat4,2873_23_content_xaviergoby_ConvLSTM-Computer-Vision-for-Structural-Health-Monitoring-SHM-and-NonDestructive-Testing-NDT_settings.py_cleaned.py,0,1,0.114814393222332,0.8851855993270874
kat4,9397_v1_2_content_athul-dev_regression-models_multivariate-linear-regression.py_cleaned.py,1,1,0.36658975481987,0.6334102749824524
kat4,9346_24_content_ingridut_PolynomialRegression_franke.py_cleaned.py,0,0,0.9549844264984131,0.04501553252339363
kat4,6897_13_content_Ade-Adeleke_KruskalAlg_Kruskal_Algorithm__1_.py_cleaned.py,0,1,0.25275272130966187,0.7472472190856934
kat4,4685_23_content_AndreasChatz_factorial_prime_swing.py_cleaned.py,0,1,0.08601587265729904,0.9139840602874756
kat4,4674_10_content_stensonowen_factorial_bot_atoi.py_cleaned.py,0,1,0.11124120652675629,0.8887587189674377
kat4,8934_2_content_Liu-WeiYi_Private_Preserving_Outlier_Behavior_Detection_community_main.py_cleaned.py,0,0,0.8402590155601501,0.15974101424217224
kat4,6102_v1_24_content_lesdev_SortingMethods_radix.py_cleaned.py,1,1,0.11838509887456894,0.8816148638725281
kat4,2951_v1_8_content_usmanali414_Destruction-Detection-in-Satellite-Imagery_augmentation.py_cleaned.py,1,1,0.43266257643699646,0.5673373937606812
kat4,4727_v1_11_content_kousu_primes_cubesieve_explore.py_cleaned.py,1,1,0.019271135330200195,0.980728805065155
kat4,7515_33_content_chafiknaceri_Credit-Card-Debt_LinearPayement.py_cleaned.py,0,0,0.9956005811691284,0.004399413242936134
kat4,881_1_content_jwan659_forex-arbitrage_Vert.py_cleaned.py,0,1,0.09178834408521652,0.9082116484642029
kat4,6925_5_content_gabriel-arauj_grafos_matriz.py_cleaned.py,0,0,0.9946150183677673,0.005384937860071659
kat4,1478_7_content_yashkant_pnas-binary-nets_train.py_cleaned.py,0,0,0.966663122177124,0.0333368219435215
kat4,3527_v1_66_content_chhaiyashrey_Security-Implementation-of-MODBUS-Communication-between-Server-and-Client_secure_modbus_server.py_cleaned.py,1,0,0.5209837555885315,0.4790162444114685
kat4,4686_2_content_CthulhuDen_Factorials_slaves.py_cleaned.py,0,0,0.9859364032745361,0.014063626527786255
kat4,10862_v1_14_content_briholt100_rogersQ_rogersQ.py_cleaned.py,1,0,0.6008911728858948,0.3991088569164276
kat4,8452_v1_91_content_mahsarazavi_Text-Classification_naivebayes.py_cleaned.py,1,1,0.18683576583862305,0.813164234161377
kat4,10586_v1_37_content_TolgaGolet_CPU-Scheduling-Algorithms-Simulation_OperatingSystems_CPUSchedulingReverse.py_cleaned.py,1,1,0.19314737617969513,0.8068526387214661
kat4,6983_v1_7_content_Aly-Tomato_Prims-and-Kruskals_prims.py_cleaned.py,1,1,0.17967446148395538,0.8203255534172058
kat4,4336_5_content_fernandolobato_ecc_verifiable_threshold_cryptosystem_key_gen.py_cleaned.py,0,0,0.7229183912277222,0.27708160877227783
kat4,12112_v1_28_content_vinaykumarbu_sentiment-analysis-deeplearning_tweet.py_cleaned.py,1,1,0.29178741574287415,0.7082125544548035
kat4,6071_46_content_arun-p12_sort-algorithms_insertion_sort.py_cleaned.py,0,0,0.9674102663993835,0.03258974477648735
kat4,7181_10_content_Frix-x_FrenchLefffLemmatizer_CreateAdditionalLefffDataFile.py_cleaned.py,0,0,0.9950946569442749,0.004905405919998884
kat4,10259_8_content_Mkarami3_Pattern_recognition_dynamic_PCA_ICA_DPCA.py_cleaned.py,0,0,0.9643214344978333,0.03567855432629585
kat4,10577_v1_24_content_cagrias_django-rabbitmq-celery-docker-example_manage.py_cleaned.py,1,0,0.5142783522605896,0.4857216477394104
kat4,7265_v1_1_content_mikekestemont_pandora_unseen.py_cleaned.py,1,1,0.20434190332889557,0.7956580519676208
kat4,2942_v1_71_content_aivanova5_tariff_design_main.py_cleaned.py,1,1,0.3368762135505676,0.6631237864494324
kat4,1450_2_content_nuchi_bst-matrix-vector_bst_vector.py_cleaned.py,0,1,0.07696083933115005,0.9230391979217529
kat4,6069_45_content_ilkayDevran_Analysis_of_Sorting_Algorithms_pyplot.py_cleaned.py,0,0,0.9882221817970276,0.011777843348681927
kat4,12723_67_content_towerjoo_mnist_plus_gen.py_cleaned.py,0,1,0.42381569743156433,0.5761843323707581
kat4,12049_18_content_ashwinjoseph95_reviewanalysis_natural_language_processing.py_cleaned.py,0,1,0.3752484917640686,0.6247515082359314
kat4,2924_v1_24_content_GrayHat12_Desktop-GrayBot_lyrics.py_cleaned.py,1,1,0.32831403613090515,0.6716859340667725
kat4,10317_v1_9_content_yangzi4_gPCA_gPCA_simulation.py_cleaned.py,1,0,0.675336480140686,0.32466351985931396
kat4,328_7_content_DMDarkness_Data-mining_fp2ar.py_cleaned.py,0,0,0.9938070178031921,0.006192990578711033
kat4,7187_10_content_nishi1612_Email-Spam-Classification-using-SVM_svm_implementation.py_cleaned.py,0,0,0.9202179908752441,0.07978201657533646
kat4,97_v1_8_content_minjiang93_ECC_ecc.py_cleaned.py,1,0,0.6755505800247192,0.32444941997528076
kat4,8125_v1_15_content_VakinduPhilliam_Pattern_Matching_Python_Filecmp_Recursive_Search.py_cleaned.py,1,1,0.11240507662296295,0.8875949382781982
kat4,1447_27_content_Mypathissional_Data_Structures_AVL.py_cleaned.py,0,0,0.9946150183677673,0.005384937860071659
kat4,9384_8_content_gustavo-ren_PolynomialRegressionPython_polynomialRegression.py_cleaned.py,0,1,0.16830943524837494,0.8316905498504639
kat4,4081_v1_20_content_IbrahimAyed_Multifractal-analysis-of-natural-images_texture_synthesis.py_cleaned.py,1,1,0.09568694233894348,0.9043130874633789
kat4,5545_v1_69_content_MarynaTatsevich_Machine-Learning-Unsupervised-Learning-Techniques_hierarchical_clustering_algorithm.py_cleaned.py,1,1,0.17895591259002686,0.8210441470146179
kat4,9104_v1_3_content_iykadev_pyalgo_binarySearch.py_cleaned.py,1,1,0.049958523362874985,0.9500414729118347
kat4,6075_4_content_jomse_InsertionSort_tests.py_cleaned.py,0,1,0.4244120121002197,0.5755879878997803
kat4,11770_v1_44_content_arun-p12_sort-algorithms_heap_sort.py_cleaned.py,1,1,0.06233103945851326,0.9376689791679382
kat4,8721_v1_29_content_blertagllareva_Pseudo-Random-Number-Generation-PRNG-_OneTimePad.py_cleaned.py,1,1,0.25017932057380676,0.7498207092285156
kat4,9132_v1_3_content_iykadev_pyalgo_shunting_yard_algo.py_cleaned.py,1,0,0.6834195256233215,0.31658053398132324
kat4,1180_51_content_rrraharja_Kecerdasan-Buatan-AI_Project_DFS.py_cleaned.py,0,0,0.9798226952552795,0.020177319645881653
kat4,12327_1_content_vuolleko_pyTSNE_data.py_cleaned.py,0,0,0.6083614230155945,0.3916385769844055
kat4,8705_v1_16_content_rachwong_One-time-pad-code-_Word_guesser_2_.py_cleaned.py,1,1,0.4788943827152252,0.5211055874824524
kat4,6909_20_content_kavyasree-bvs_Network-Optimization_vertex.py_cleaned.py,0,1,0.17078442871570587,0.8292155861854553
kat4,9922_10_content_chiragragarwal_Graphs_And_Networks___init__.py_cleaned.py,0,0,0.8327813148498535,0.1672186702489853
kat4,2643_v1_1_content_HarryBaker_LDAtopicSimilarity_similaritySpike.py_cleaned.py,1,0,0.597079336643219,0.4029206335544586
kat4,2944_v1_76_content_sylvain-reynaud_projet-voltaire-solver_projetvoltairesolver.py_cleaned.py,1,0,0.6052159070968628,0.394784152507782
kat4,10525_1_content_modulus100_python-datastructures-algorithms_linked_list_reverse.py_cleaned.py,0,0,0.8572908639907837,0.1427091360092163
kat4,649_v1_28_content_yifan0330_stock-trader_stocktrade_final.py_cleaned.py,1,1,0.4102835953235626,0.589716374874115
kat4,6049_24_content_gly11_Sort_Run.py_cleaned.py,0,0,0.7950222492218018,0.20497773587703705
kat4,6684_v1_38_content_juandes_knnbot-messenger-bot_distance.py_cleaned.py,1,1,0.04501553252339363,0.9549844264984131
kat4,1519_v1_61_content_EricHasegawa_binary-search_binary_search.py_cleaned.py,1,1,0.0616496205329895,0.9383503198623657
kat4,5308_v1_6_content_chawl002_PythonProject141_2_assignment2.py_cleaned.py,1,0,0.5126925706863403,0.4873073995113373
kat4,2085_v1_67_content_TadayoshiCarvajal_Sorting-in-Python_sortingAlgorithms.py_cleaned.py,1,1,0.13072869181632996,0.8692712783813477
kat4,12392_24_content_arjun1438_TF-IDF-and-Word2Vec-Using-PySpark_word_count_per_bookv1.py_cleaned.py,0,1,0.1755380630493164,0.8244618773460388
kat4,10001_v1_5_content_sjmcmullan_Prims-Algorithm_PrimsAlgorithms.py_cleaned.py,1,1,0.07807815819978714,0.9219217896461487
kat4,6101_v1_24_content_lesdev_SortingMethods_quicksort.py_cleaned.py,1,1,0.12984342873096466,0.8701565861701965
kat4,4741_v1_3_content_kressi_turing_turing.py_cleaned.py,1,1,0.30907583236694336,0.6909241080284119
kat4,5748_13_content_sehajchawla_Compression_arithmetic.py_cleaned.py,0,0,0.9843363761901855,0.015663649886846542
kat4,4717_97_content_mjurk456_mini-snakes_fizz_buzz.py_cleaned.py,0,0,0.9928786158561707,0.00712142838165164
kat4,7842_v1_23_content_TuckerStewart98_LinkedList_MyLinkedList.py_cleaned.py,1,1,0.051272422075271606,0.9487276077270508
kat4,336_9_content_rach24_MS-Apriori_MS-Apriori.py_cleaned.py,0,0,0.9863631129264832,0.013636834919452667
kat4,11456_v1_62_content_taabishm2_Proactive-FDH-RSA-Signature_proactivizer.py_cleaned.py,1,1,0.2735137641429901,0.7264862656593323
kat4,4957_13_content_danielSbastos_binary-fibonacci_columns.py_cleaned.py,0,1,0.04240383207798004,0.9575962424278259
kat4,8714_v1_20_content_dexhug_ciphers_polyalphabetic_cipher.py_cleaned.py,1,1,0.06853749603033066,0.9314625263214111
kat4,11114_29_content_gdkat_Recursive-DNS-Client-Server-Communication_rs.py_cleaned.py,0,0,0.9833430051803589,0.016657039523124695
kat4,3768_78_content_FernandoDurier_apa-dijkstra___main__.py_cleaned.py,0,0,0.9787126779556274,0.021287351846694946
kat4,5547_v1_70_content_metr0jw_video-liveness-measurement_video_cut_bts.py_cleaned.py,1,1,0.24981306493282318,0.7501869201660156
kat4,8669_23_content_git-remove_OTP-Decipher_decipher.py_cleaned.py,0,0,0.6252092719078064,0.37479066848754883
kat4,11730_9_content_naviechan_sortingAlgorithmDemo_bubbleSort.py_cleaned.py,0,0,0.9902915358543396,0.009708477184176445
kat4,10221_21_content_bharadwajsrikanth_principal-component-analysis_ImageProcessing_PCA.py_cleaned.py,0,0,0.8902942538261414,0.10970577597618103
kat4,3734_13_content_scedu25_EU-Rail_heap_priority_queue.py_cleaned.py,0,1,0.1431877166032791,0.8568122982978821
kat4,8681_32_content_Arhacai_ciphers_secret_messages.py_cleaned.py,0,0,0.6048657894134521,0.39513421058654785
kat4,12736_v1_16_content_aplested_verify_file_tools.py_cleaned.py,1,1,0.02779562398791313,0.9722043871879578
kat4,2054_v1_20_content_Govind9_BubbleSortAnalysis_Sorting.py_cleaned.py,1,1,0.24944724142551422,0.750552773475647
kat4,3225_v1_6_content_zhenv5_breaking_cycles_in_noisy_hierarchies_true_skill.py_cleaned.py,1,1,0.22746935486793518,0.7725306749343872
kat4,8153_v1_7_content_kanthagirish-rit_lcs-project_recursive.py_cleaned.py,1,1,0.05541279539465904,0.944587230682373
kat4,333_9_content_HarshaliWagh_Data-Mining_Apriori.py_cleaned.py,0,0,0.9834704995155334,0.01652955822646618
kat4,6403_v1_7_content_MercuryM_Metric-Learning_Q2_Aa_2.py_cleaned.py,1,1,0.10856641829013824,0.8914335370063782
kat4,7182_10_content_Frix-x_FrenchLefffLemmatizer_FrenchLefffLemmatizer.py_cleaned.py,0,0,0.9864678382873535,0.01353214867413044
kat4,2937_v1_52_content_jitunayak_Tensorflow-object-recognition-GUI-DesktopApp_face_crop.py_cleaned.py,1,1,0.10818894952535629,0.8918110132217407
kat4,3181_83_content_habibz2196_bfs-dan-dfs-_bfs_dan_dfs_kuda_skak.py_cleaned.py,0,0,0.8022459149360657,0.1977541446685791
kat4,292_11_content_SabikAbtahee_Apriori-Implementation_AprioriAlgorithm.py_cleaned.py,0,0,0.9968763589859009,0.0031236486975103617
kat4,7238_v1_11_content_Hyperparticle_LemmaTag_lemmatag.py_cleaned.py,1,1,0.3415825068950653,0.6584175229072571
kat4,3190_93_content_malaybhattacharyya_DFSLab_quicksort.py_cleaned.py,0,0,0.6809847354888916,0.3190153241157532
kat4,10826_25_content_bisigc_python_quicksort_run_parallel_QuickSort_threading.py_cleaned.py,0,0,0.9626730680465698,0.037326883524656296
kat4,8649_11_content_OlgaCobaquil_One-Time-Pad_onetimepad.py_cleaned.py,0,0,0.9884026646614075,0.011597362346947193
kat4,13122_v1_45_content_umtpfe_Projet-scrapy_gglev4.py_cleaned.py,1,0,0.6207365989685059,0.37926343083381653
kat4,6952_v1_16_content_sharatchandraj_MaxBandwidthPath_DijkstrasWithHeap.py_cleaned.py,1,1,0.15231573581695557,0.8476842641830444
kat4,9389_v1_12_content_MarynaTatsevich_Machine-Learning-Regression-Techniques_Simple_Linear_Regression.py_cleaned.py,1,1,0.16079244017601013,0.8392075896263123
kat4,2629_v1_10_content_analyticsbot_document-similarity_word_mover_distance.py_cleaned.py,1,0,0.5130585432052612,0.4869414269924164
kat4,963_v1_7_content_jerrguo_cybitrage_app.py_cleaned.py,1,1,0.38954654335975647,0.6104534864425659
kat4,951_v1_4_content_rcornacchia_bellman-ford_bfclient.py_cleaned.py,1,1,0.3069423735141754,0.6930575966835022
kat4,9055_3_content_iykadev_pyalgo_binaryTree.py_cleaned.py,0,0,0.9941800832748413,0.005819959565997124
kat4,11116_2_content_DavidWallacedot_recursiveFunctions.py_recursive.py_cleaned.py,0,0,0.9911527037620544,0.008847354911267757
kat4,8939_2_content_mayankagrawal93_Outlier-Analysis_cblof.py_cleaned.py,0,0,0.9941800832748413,0.005819959565997124
kat4,5543_v1_67_content_SuchitPSawant_Clustering_hc.py_cleaned.py,1,1,0.16238002479076385,0.837619960308075
kat4,7829_v1_16_content_apriven_linked_lists_scratch.py_cleaned.py,1,1,0.09203286468982697,0.907967209815979
kat4,13157_v1_80_content_andrediasesp_web-slinger_scraping.py_cleaned.py,1,1,0.13986563682556152,0.8601343035697937
kat4,4343_6_content_gionanide_Cryptography_VernamCipher.py_cleaned.py,0,0,0.9929881691932678,0.007011795416474342
kat4,11108_24_content_regnarg_prf-turing-machine_arith.py_cleaned.py,0,0,0.9829546809196472,0.017045317217707634
kat4,9926_12_content_diegooliveira95_PrimAndDijkstra_dijkstra.py_cleaned.py,0,0,0.9785493016242981,0.02145073190331459
kat4,7487_11_content_sichen-x_search-engine_myhtable_search.py_cleaned.py,0,0,0.9095862507820129,0.09041372686624527
kat4,5810_v1_1_content_josgard94_JPEG_generador_huffman_code.py_cleaned.py,1,1,0.16940587759017944,0.8305941224098206
kat4,9703_v1_26_content_FlyingWolFox_Prime-Number-Tool_prime_generator.py_cleaned.py,1,1,0.26664361357688904,0.7333563566207886
kat4,10838_3_content_iRGBit_indexhelper_all_indexer.py_cleaned.py,0,0,0.9671630263328552,0.03283695504069328
kat4,7215_1_content_mikekestemont_pandora_train.py_cleaned.py,0,1,0.2643583416938782,0.735641598701477
kat4,6350_6_content_mayuri0192_Image-classification_log.py_cleaned.py,0,1,0.11318691074848175,0.8868131041526794
kat4,944_v1_4_content_Khante_Distance-Vector-Algorithm_link_1.py_cleaned.py,1,1,0.09367799758911133,0.9063219428062439
kat4,1734_31_content_igoreliasm_binary-tree_arvore.py_cleaned.py,0,1,0.23370634019374847,0.7662936449050903
kat4,13008_32_content_paolazola_Scraping-data-from-Web_textMining2.py_cleaned.py,0,0,0.9886682629585266,0.011331754736602306
kat4,8084_1_content_jim-spyropoulos_Trajectory-Analysis-and-Classification-in-Python-Pandas-and-Scikit-Learn_down_left_point.py_cleaned.py,0,1,0.12678517401218414,0.873214840888977
kat4,4365_v1_20_content_UAvinash7_Cryptography_AsymmetricRSAAlgorithm.py_cleaned.py,1,1,0.267408162355423,0.7325918078422546
kat4,4050_5_content_AdamJacoby_Hopf_Example_Matrix_Algebra.py_cleaned.py,0,0,0.9814534187316895,0.018546564504504204
kat4,4070_v1_12_content_nikhilrajucc_Python_firstfile.py_cleaned.py,1,1,0.14069007337093353,0.85930997133255
kat4,1792_v1_44_content_CppbetterC_A-Star_Heap.py_cleaned.py,1,1,0.09947021305561066,0.9005298018455505
kat4,4766_v1_97_content_mjurk456_mini-snakes_flowers.py_cleaned.py,1,1,0.31552502512931824,0.6844749450683594
kat4,10229_31_content_bavdekar_pca_pca.py_cleaned.py,0,0,0.970687747001648,0.02931223064661026
kat4,10614_v1_9_content_cczzaa101_Queueing_with_AC_evaluate.py_cleaned.py,1,1,0.09138210862874985,0.9086179733276367
kat4,9421_v1_63_content_avitabayan_Machine-learning_simple_linear_regression.py_cleaned.py,1,1,0.18126320838928223,0.8187368512153625
kat4,21_19_content_darkerego_blitzkloud_server.py_cleaned.py,0,0,0.543347954750061,0.45665207505226135
kat4,7569_v1_4_content_AcrobatAHA_Linear-Search-_Linear_search.py_cleaned.py,1,1,0.30528295040130615,0.6947170495986938
kat4,12074_7_content_natiqvahabov_stop_words_of_azerbaijani_extract.py_cleaned.py,0,0,0.9724147915840149,0.027585284784436226
kat4,10016_v1_9_content_krj9cr_Hybrid-Prim-Dijkstra-GUI_main.py_cleaned.py,1,1,0.4450471103191376,0.5549529194831848
kat4,5803_v1_17_content_fekadeabdejene_HuffmanEncoding_Huffman.py_cleaned.py,1,1,0.2632204592227936,0.7367795705795288
kat4,4994_68_content_jacob-bonner_ICS3U-Assignment7-Python_fibonacci.py_cleaned.py,0,1,0.1259227693080902,0.8740772008895874
kat4,10598_v1_49_content_ybakos_cs261-tdd-priority-queue_test_job.py_cleaned.py,1,1,0.3410336375236511,0.6589664220809937
kat4,7508_23_content_ayushkumarshah_Complexity-of-Linear-and-Binary-Search_code.py_cleaned.py,0,0,0.9971990585327148,0.0028009270317852497
kat4,1192_7_content_mhkhojaste_sliding-puzzle-with-search-algorithms_Problem.py_cleaned.py,0,1,0.3830641806125641,0.6169357895851135
kat4,1241_v1_7_content_gchacaltana_BreadthFirstSearch_DepthFirstSearch_UninformedSearchAlgorithm.py_cleaned.py,1,1,0.26626187562942505,0.733738124370575
kat4,5774_31_content_alonek1_huffman_compression_algorithm_haffmen.py_cleaned.py,0,0,0.9755768775939941,0.024423090741038322
kat4,11768_v1_39_content_lorenzo3117_python-sorting-scripts_sortingScript.py_cleaned.py,1,1,0.4423353970050812,0.5576646327972412
kat4,5752_16_content_loalberto_Analysis-of-Compression-Algorithms-_HuffmanCoding.py_cleaned.py,0,1,0.07477004081010818,0.9252299070358276
kat4,12054_20_content_anasbadawy_Basic-NLP-Project_NLPProject.py_cleaned.py,0,0,0.9481545686721802,0.05184547230601311
kat4,11463_v1_78_content_jurrejelle_RSACrack_generate_all_quantum.py_cleaned.py,1,1,0.1490352898836136,0.8509646654129028
kat4,619_4_content_noteven2degrees_timeseries_statsmodels_arima_evaluation.py_cleaned.py,0,0,0.9437636137008667,0.05623634159564972
kat4,1209_v1_21_content_sagar-13_PuzzleSolver_puzzle_tools.py_cleaned.py,1,1,0.14854055643081665,0.8514594435691833
kat4,8443_v1_78_content_uptodiff_kdd-cup-99-Analysis-machine-learning-python_kdd_binary_classification_ANN.py_cleaned.py,1,1,0.4522939622402191,0.5477060079574585
kat4,12444_v1_28_content_misbahulard_search-engine-tfidf_app.py_cleaned.py,1,1,0.25349125266075134,0.746508777141571
kat4,76_v1_22_content_SivaRanjan17_AES-Multi-Client-Chat-System_server.py_cleaned.py,1,1,0.3965354561805725,0.6034645438194275
kat4,4075_v1_15_content_leni1_python-fizzbuzz_fizzbuzz.py_cleaned.py,1,1,0.07107366621494293,0.9289263486862183
kat4,3235_v1_85_content_adamkanouse_better-lineups-dfs_constants.py_cleaned.py,1,1,0.4639299511909485,0.5360700488090515
kat4,10850_82_content_ceydapolat_Sorting-Algorithms-Analysis_MergeSort.py_cleaned.py,0,0,0.9481545686721802,0.05184547230601311
kat4,2950_v1_86_content_Enkhai_simple-DES_permutations.py_cleaned.py,1,1,0.26626187562942505,0.733738124370575
kat4,8653_14_content_b-hub_cracker_mcen.py_cleaned.py,0,1,0.2881683111190796,0.7118317484855652
kat4,2328_65_content_pratikbitmesra_BID_bin_cluster.py_cleaned.py,0,0,0.9895108342170715,0.010489091277122498
kat4,5481_4_content_ktrujillo52_Bitcoin-price-forecast_bitcoin_clustering.py_cleaned.py,0,0,0.5457699298858643,0.45423004031181335
kat4,8954_v1_2_content_Liu-WeiYi_Private_Preserving_Outlier_Behavior_Detection_Incremental_Time_analysis.py_cleaned.py,1,1,0.2658804953098297,0.7341195344924927
kat4,12079_v1_12_content_ehoang40_search-engine-project_search-engine-project.py_cleaned.py,1,1,0.2516477108001709,0.7483522891998291
kat4,2921_v1_21_content_leonshen95_EC500-Modular-design-2.4_OutputAlert_module.py_cleaned.py,1,1,0.34953272342681885,0.6504672765731812
kat4,7575_v1_7_content_bclark2_Unordered-Linear-Search_linearSearch.py_cleaned.py,1,1,0.21535073220729828,0.7846492528915405
kat4,13016_39_content_kghimire192_Electoral_Map_Coloring_Project1.py_cleaned.py,0,0,0.5535053014755249,0.4464946985244751
kat4,2070_v1_3_content_KirillGordievich_Bubble_Sort_Visualization_colors.py_cleaned.py,1,1,0.1872812807559967,0.8127187490463257
kat4,9361_53_content_iamrj846_Predicting-insurance-prices-with-Linear-Regression_RandomForestRegressionModel.py_cleaned.py,0,1,0.32087448239326477,0.6791254878044128
kat4,6094_v1_21_content_sybernix_Insertion-Sort-Algorithm-and-Performance-Analysis_test_file.py_cleaned.py,1,1,0.04535257816314697,0.954647421836853
kat4,4017_11_content_tatsuyoshi-ikenoue_fizzbuzz_fizzbuzz.py_cleaned.py,0,1,0.28279000520706177,0.7172099947929382
kat4,10274_v1_23_content_ymohanty_data-analysis_classifiers.py_cleaned.py,1,1,0.20497773587703705,0.7950222492218018
kat4,2022_43_content_hraizes_Sorting_SortingPractice.py_cleaned.py,0,0,0.9901401400566101,0.00985985528677702
kat4,4985_61_content_AaronRobson_sequences_decorators.py_cleaned.py,0,1,0.398406445980072,0.601593554019928
kat4,8671_26_content_AnilBattalahalli_cryptfather_cryptfather.py_cleaned.py,0,0,0.9890130758285522,0.01098694372922182
kat4,10612_v1_67_content_sulaiman-muhammad_Earliest-Deadline-First-Sheduler_link.py_cleaned.py,1,1,0.04054073989391327,0.9594592452049255
kat4,2864_13_content_FlorentF9_DESOM_sharpness.py_cleaned.py,0,1,0.07696083933115005,0.9230391979217529
kat4,5490_56_content_RohanBose95_CommunityDetectionAlgorithmImplementation_CommunityDetectionAlgorithmOnKarateClubGraph.py_cleaned.py,0,0,0.980728805065155,0.019271135330200195
kat4,11474_v1_93_content_EricElmoznino_rsa_emd_data_processing.py_cleaned.py,1,1,0.2620856761932373,0.7379142642021179
kat4,64_v1_15_content_V-Sense_Aesthetic-Image-Captioning-ICCVW-2019_clean_using_subjectivity.py_cleaned.py,1,1,0.3640989661216736,0.6359010338783264
kat4,4385_v1_4_content_JakubVojvoda_elliptic-curve-brute-force_decipher.py_cleaned.py,1,1,0.018124720081686974,0.9818752408027649
kat4,1472_67_content_damianrr_bisect-ordered-file_bisect_file_with_numbers.py_cleaned.py,0,0,0.8062431216239929,0.1937568634748459
kat4,2673_v1_9_content_canonicalmg_FAQ-Chat-Bot_corpus.py_cleaned.py,1,0,0.6929537057876587,0.30704623460769653
kat4,11180_v1_4_content_doronbruder_Recursive-functions-_ex7.py_cleaned.py,1,1,0.1276526302099228,0.8723474144935608
kat4,8692_8_content_AlfioEmanueleFresta_practical-one-time-pad_conf.py_cleaned.py,0,0,0.6389760971069336,0.3610239028930664
kat4,12047_16_content_NB-prog_INTERN-2019_train.py_cleaned.py,0,1,0.3415825068950653,0.6584175229072571
kat4,11098_16_content_mor3dr3ad_gcdRecur_gdcRecur.py_cleaned.py,0,1,0.2889702320098877,0.7110297679901123
kat4,1182_53_content_ding-si-han_Flight-Length-BFS_graph.py_cleaned.py,0,0,0.9930961728096008,0.006903838366270065
kat4,3230_v1_7_content_GabrielBortolote_BFS-and-DFS-Tree_BFS.py_cleaned.py,1,1,0.29665428400039673,0.703345775604248
kat4,1165_31_content_AmitD26_The-searching-pacman_projectParams.py_cleaned.py,0,0,0.9136765599250793,0.08632348477840424
kat4,7564_v1_33_content_chafiknaceri_Credit-Card-Debt_DebtLeft.py_cleaned.py,1,1,0.18257123231887817,0.8174288272857666
kat4,624_v1_10_content_marcindahlen_ARIMAplus_arimaplus_dna.py_cleaned.py,1,1,0.22135069966316223,0.7786493301391602
kat4,937_v1_2_content_ernestosanchezmatos_-BellmanFord_algoritmo_floywarshall.py_cleaned.py,1,1,0.07504072040319443,0.9249592423439026
kat4,4753_v1_51_content_adityapatelgithub_Expressions-and-Functions_peekable.py_cleaned.py,1,1,0.03222229704260826,0.967777669429779
kat4,9351_31_content_NorahJC_RegressionAnalyses_MultReg.py_cleaned.py,0,1,0.19132769107818604,0.808672308921814
kat4,10244_68_content_huynguyenqc_DIP-PCA_json_logger.py_cleaned.py,0,1,0.22084614634513855,0.7791538238525391
kat4,9946_5_content_abcsds_Prim_exampleL.py_cleaned.py,0,0,0.9704646468162537,0.029535336419939995
kat4,5035_v1_61_content_AaronRobson_sequences_fibonacci_numbers.py_cleaned.py,1,1,0.05360114574432373,0.9463988542556763
kat4,2593_1_content_HarryBaker_LDAtopicSimilarity_similaritySpike.py_cleaned.py,0,0,0.966156005859375,0.03384403511881828
kat4,1491_v1_1_content_SICTC_BST_BinSearchTree.py_cleaned.py,1,1,0.009936418384313583,0.9900636076927185
kat4,6362_v1_12_content_aabulhaj_SpectralClustering_synthetic_data.py_cleaned.py,1,1,0.15765489637851715,0.8423450589179993
kat4,6360_v1_11_content_AlexCardaillac_K-Means-Clustering_k-means.py_cleaned.py,1,1,0.1475551873445511,0.8524448275566101
kat4,9139_v1_4_content_Ityer_3x3_Squared_Magic_Square_Finder_randomGuessing_OLD.py_cleaned.py,1,1,0.09073548763990402,0.9092645049095154
kat4,10579_v1_29_content_0517_QueueSimulation_simple_queue.py_cleaned.py,1,1,0.08122774958610535,0.9187722206115723
kat4,2380_v1_6_content_gauravpatle_Data-Analysis-of-IMDB-Users_DataPreprocessing.py_cleaned.py,1,0,0.5779718160629272,0.422028124332428
kat4,12770_v1_66_content_ChavezE_Parallel_PFVA_PCA.py_cleaned.py,1,1,0.02460992895066738,0.9753900170326233
kat4,11457_v1_63_content_p4r4xor_rsa-tool_basic_rsa_decode.py_cleaned.py,1,1,0.37845906615257263,0.621540904045105
kat4,12691_19_content_jamzrob_Simple-Kalman-Filter_Kalman_Filter.py_cleaned.py,0,0,0.9681411385536194,0.03185885772109032
kat4,3207_v1_29_content_sarapple_AI-Search-Algorithms-Pure_driver.py_cleaned.py,1,1,0.47950369119644165,0.5204963088035583
kat4,2038_68_content_pierobeat_Beginner-bubble-sort-py_bubble_sort.py_cleaned.py,0,0,0.8514594435691833,0.14854055643081665
kat4,9400_v1_34_content_Pratiksha100_polynomial-regression_regression_template.py_cleaned.py,1,1,0.13986563682556152,0.8601343035697937
kat4,3493_v1_18_content_matinpf_ECDHE_RSA_Python_main.py_cleaned.py,1,1,0.18039526045322418,0.819604754447937
kat4,9075_3_content_iykadev_pyalgo_insertionSort.py_cleaned.py,0,0,0.9801293015480042,0.019870713353157043
kat4,13111_v1_35_content_anoop123gupta_web_scraping_task4.py_cleaned.py,1,1,0.3153141438961029,0.6846858263015747
kat4,2310_35_content_ankitsejwal_organize-folder_organize.py_cleaned.py,0,1,0.11920291930437088,0.8807970285415649
kat4,8941_2_content_Rohit967_Outlier-Analysis-With-Python_OutlierAnalysis.py_cleaned.py,0,0,0.9600626826286316,0.03993731737136841
kat4,1787_v1_33_content_hexingwei_Binary-tree_tree.py_cleaned.py,1,1,0.13753247261047363,0.8624675869941711
kat4,11147_v1_16_content_mor3dr3ad_gcdRecur_gdcRecur.py_cleaned.py,1,1,0.037467509508132935,0.9625324606895447
kat4,1506_v1_3_content_6e726d_binaryninja-search___init__.py_cleaned.py,1,1,0.11556088179349899,0.8844391107559204
kat4,5765_22_content_Raxev_datastructures3_huffElement.py_cleaned.py,0,1,0.06187598407268524,0.9381240010261536
kat4,4044_5_content_AdamJacoby_Hopf_ElementClass.py_cleaned.py,0,0,0.9893474578857422,0.01065251138061285
kat4,1720_18_content_10elements_BinaryTree_binaryTree.py_cleaned.py,0,0,0.5117166042327881,0.4882833957672119
kat4,6118_v1_46_content_arun-p12_sort-algorithms_insertion_sort.py_cleaned.py,1,1,0.09877259284257889,0.9012274742126465
kat4,8695_9_content_RooiAap_One-Time-Pad_decrypt.py_cleaned.py,0,1,0.16830943524837494,0.8316905498504639
kat4,12103_v1_20_content_aditiopangestu_spam_data_converter_lingspam_filter.py_cleaned.py,1,0,0.9950177073478699,0.004982269834727049
kat4,11411_6_content_JayDogon_RSA_Encrypt3.py_cleaned.py,0,0,0.9902915358543396,0.009708477184176445
kat4,1493_v1_22_content_N8Brooks_lcs_hash_search_lcs_finder.py_cleaned.py,1,1,0.09467770159244537,0.9053223133087158
kat4,598_28_content_yifan0330_stock-trader_stocktrader.py_cleaned.py,0,0,0.9793540239334106,0.020645931363105774
kat4,11429_97_content_DanialBeg_RSA-Decryption-CS111_decryption.py_cleaned.py,0,1,0.3464307188987732,0.6535692811012268
kat4,12713_45_content_scott-trinkle_DIC_main.py_cleaned.py,0,1,0.47852882742881775,0.5214711427688599
kat4,4062_7_content_jakobpederson_divisible_pair_sums_divisible_pair_sums.py_cleaned.py,0,1,0.08570927381515503,0.914290726184845
kat4,6344_56_content_lpyhdzx_clustering_data.py_cleaned.py,0,0,0.9898303151130676,0.01016965787857771
kat4,5825_v1_39_content_falay_HuffmanCoding_decoder.py_cleaned.py,1,1,0.16105617582798004,0.8389438390731812
kat4,3151_1_content_akhilesh1311_MazeSolver_path_planning.py_cleaned.py,0,1,0.10105591267347336,0.898944079875946
kat4,1754_5_content_Schemberizer_Binary-Tree-Compression_tree.py_cleaned.py,0,1,0.0960254967212677,0.9039745330810547
kat4,12695_28_content_akrolewski_NonlinearMassFaster_tabulate_fiducial_rnl.py_cleaned.py,0,0,0.9635062217712402,0.03649376705288887
kat4,943_v1_3_content_tgoodwin_bellman-ford_bfclient.py_cleaned.py,1,1,0.4411914348602295,0.5588085651397705
kat4,5743_10_content_iJohnMaged_Huffman-Coding_fileIO.py_cleaned.py,0,0,0.971563994884491,0.02843603491783142
kat4,1246_v1_8_content_aboood40091_BFSTM-to-BFWAV_conv.py_cleaned.py,1,1,0.4616234600543976,0.53837651014328
kat4,8406_94_content_UniqueRoHo_NaiveBayes_Continuous.py_cleaned.py,0,0,0.9780517220497131,0.021948255598545074
kat4,2897_85_content_kenil-shah_Description-Based-Person-Identification_config.py_cleaned.py,0,1,0.22135069966316223,0.7786493301391602
kat4,2880_2_content_WenjieLuo2333_ModuleDesign_Alert_module.py_cleaned.py,0,0,0.8563323616981506,0.14366760849952698
kat4,669_v1_4_content_noteven2degrees_timeseries_statsmodels_arima_evaluation.py_cleaned.py,1,1,0.2146914154291153,0.7853085398674011
kat4,7565_v1_33_content_chafiknaceri_Credit-Card-Debt_LinearPayement.py_cleaned.py,1,1,0.15552686154842377,0.8444731831550598
kat4,5823_v1_32_content_rihartma_huffmanCoding_files.py_cleaned.py,1,1,0.1475551873445511,0.8524448275566101
kat4,10285_v1_49_content_christianThardy_Principal-Component-Analysis_pca.py_cleaned.py,1,1,0.19072401523590088,0.8092759251594543
kat4,7558_v1_23_content_ayushkumarshah_Complexity-of-Linear-and-Binary-Search_code.py_cleaned.py,1,1,0.049958523362874985,0.9500414729118347
kat4,12762_v1_45_content_scott-trinkle_DIC_main.py_cleaned.py,1,1,0.19647908210754395,0.803520917892456
kat4,5815_v1_23_content_xuwangme_huffmanTree_Main.py_cleaned.py,1,0,0.6680145263671875,0.3319854438304901
kat4,8085_1_content_jim-spyropoulos_Trajectory-Analysis-and-Classification-in-Python-Pandas-and-Scikit-Learn_fast_dtw_neigbors.py_cleaned.py,0,1,0.1535491794347763,0.8464508652687073
kat4,10848_7_content_lhuangufl_QuickSort_QuickSort.py_cleaned.py,0,1,0.021948255598545074,0.9780517220497131
kat4,1490_v1_1_content_chonhenry_binary-search-tree_binary_search_tree.py_cleaned.py,1,1,0.04569203406572342,0.954308032989502
kat4,7560_v1_27_content_ashwinvis98_Particle-Swarm-Optimization-for-Robotic-Search-Applications_sensor_check.py_cleaned.py,1,1,0.30985844135284424,0.6901415586471558
kat4,3149_18_content_vikasgola_graph-search-algorithms_graph.py_cleaned.py,0,0,0.9889278411865234,0.011072160676121712
kat4,9383_8_content_GHasanKaraman_CS_PolynomialRegression_pr3.py_cleaned.py,0,0,0.9618217349052429,0.038178276270627975
kat4,6969_v1_32_content_arian100y_Travelling-Salesman-Problem_createDBOrdered.py_cleaned.py,1,1,0.030444350093603134,0.9695556163787842
kat4,10842_52_content_RefaelBeker7_Sorting-Algorithms-Python_ExampleSort_sixDifference.py_cleaned.py,0,0,0.956308901309967,0.043691057711839676
kat4,2080_v1_54_content_gly11_Sort_sort_numbers.py_cleaned.py,1,1,0.11124120652675629,0.8887587189674377
kat4,4600_v1_2_content_kristpapadopoulos_keras-exponential-smoothing_main.py_cleaned.py,1,1,0.08570927381515503,0.914290726184845
kat4,1211_v1_23_content_binaya07_8-puzzle_stack.py_cleaned.py,1,1,0.13285169005393982,0.8671482801437378
kat4,6912_26_content_cteters_Minimum-spanning-tree_kruskal.py_cleaned.py,0,0,0.9603611826896667,0.03963884338736534
kat4,2619_8_content_robinbg_search-engine_se.py_cleaned.py,0,0,0.9314625263214111,0.06853749603033066
kat4,12323_1_content_DanShai_kernalized-tsne_ktsne.py_cleaned.py,0,0,0.8418256044387817,0.15817435085773468
kat4,5824_v1_36_content_guoziqingbupt_Huffman-Coding_HuffmanDecode.py_cleaned.py,1,1,0.13776430487632751,0.8622356653213501
kat4,4740_v1_38_content_citigoad_Appengine_factorial_factorial.py_cleaned.py,1,0,0.6980207562446594,0.3019792139530182
kat4,1464_4_content_vieirinhaabr_balanced_binary_search_tree_tree_tester.py_cleaned.py,0,0,0.9843363761901855,0.015663649886846542
kat4,5792_7_content_TongTongX_HuffmanCompressor_huffman.py_cleaned.py,0,0,0.5926666259765625,0.4073334336280823
kat4,11984_v1_2_content_umam006_steganografi-tugas_app.py_cleaned.py,1,1,0.4051545262336731,0.5948454737663269
kat4,5520_v1_2_content_zalayo_Hierarchical-Linkage-Regression_HLRtest.py_cleaned.py,1,1,0.13072869181632996,0.8692712783813477
kat4,12063_3_content_abhishek305_PyBot-A-ChatBot-For-Answering-Python-Queries-Using-NLP_bot.py_cleaned.py,0,0,0.976669192314148,0.023330768570303917
kat4,12343_v1_4_content_gonzaloriquelme_DimensionalityReductionEx_Dim-red.py_cleaned.py,1,1,0.3937346637248993,0.6062653660774231
kat4,6323_29_content_AouinaOns_K-Means-Clustering_K-means.py_cleaned.py,0,1,0.46635952591896057,0.5336405038833618
kat4,3819_v1_85_content_TheSuri_Dijsktras_shortest_path.py_cleaned.py,1,1,0.05582313984632492,0.9441768527030945
kat4,303_14_content_wiktorjl_algorithm-apriori_apriori.py_cleaned.py,0,0,0.9835969805717468,0.01640303246676922
kat4,3773_88_content_jinshang-msft_Dijkstra-Algorithm-Implementation_Dijkstra.py_cleaned.py,0,1,0.24526575207710266,0.7547342777252197
kat4,8689_6_content_BrandonDG_OneTimePad_a3.py_cleaned.py,0,1,0.08374040573835373,0.9162596464157104
kat4,2663_v1_6_content_muhammadhabibi_CBS01_NaiveBayesNLTK.py_cleaned.py,1,1,0.4016878008842468,0.5983121991157532
kat4,1509_v1_40_content_ajh1143_BinarySearchTreePractice_BST.py_cleaned.py,1,1,0.0427221953868866,0.957277774810791
kat4,9637_16_content_mukosh123_primegenetator_primeg.py_cleaned.py,0,0,0.9946980476379395,0.005301894620060921
kat4,9094_v1_2_content_imset_Perfect-Numbers_perfNum.py_cleaned.py,1,1,0.10447731614112854,0.8955226540565491
kat4,1529_v1_8_content_alexvking_comp150_bsts_optimal_bst_knuth_n3.py_cleaned.py,1,1,0.022977370768785477,0.977022647857666
kat4,3468_43_content_wilson9001_DHKeyExchange_DH.py_cleaned.py,0,1,0.15921740233898163,0.8407825827598572
kat4,7820_5_content_egeismail_SteamWorkshopCollectionInstaller_workshopinstaller.py_cleaned.py,0,0,0.9905874133110046,0.009412589482963085
kat4,9059_3_content_iykadev_pyalgo_bresenhams_line_algo.py_cleaned.py,0,0,0.9522199034690857,0.04778006672859192
kat4,2009_26_content_naviechan_sortingAlgorithmDemo_selectionSort.py_cleaned.py,0,1,0.13206614553928375,0.8679338097572327
kat4,3810_v1_50_content_krj9cr_Hybrid-Prim-Dijkstra-GUI_Helpers.py_cleaned.py,1,1,0.07027194648981094,0.9297280311584473
kat4,7531_v1_11_content_NikitaGautam_FYP-Automatic-Word-Search-Puzzle-Solver_FYPPuzzle.py_cleaned.py,1,0,0.5318173170089722,0.46818268299102783
kat4,10545_45_content_discovervlad_herman-flask-redis-queue_manage_worker.py_cleaned.py,0,0,0.5119606256484985,0.48803940415382385
kat4,4047_5_content_AdamJacoby_Hopf_Example_CyclicGroup.py_cleaned.py,0,0,0.9783847332000732,0.02161533385515213
kat4,377_v1_7_content_DMDarkness_Data-mining_Example_pyfpgrowth_fp2ar.py_cleaned.py,1,1,0.11506275832653046,0.8849372863769531
kat4,8389_57_content_mercury0100_pynb_pynb.py_cleaned.py,0,0,0.974628746509552,0.025371313095092773
kat4,1751_5_content_domodomodomo_binary_search_tree_binary_search_tree.py_cleaned.py,0,1,0.04084571823477745,0.9591543078422546
kat4,5549_v1_86_content_sudarshan-koirala_Clustering-Algorithms-Comparision_hierarchical_clustering.py_cleaned.py,1,1,0.24508501589298248,0.7549149990081787
kat4,8445_v1_7_content_ettuniversum_NaiveBayesian_iris_classifier.py_cleaned.py,1,1,0.1490352898836136,0.8509646654129028
kat4,378_v1_7_content_DMDarkness_Data-mining_fp2ar.py_cleaned.py,1,1,0.2660711109638214,0.7339288592338562
kat4,9920_10_content_chiragragarwal_Graphs_And_Networks_numpy_help.py_cleaned.py,0,0,0.9213575720787048,0.07864238321781158
kat4,1189_70_content_DimaAntoniuk_Lab4_bfs_bfs.py_cleaned.py,0,0,0.9896718263626099,0.010328153148293495
kat4,11186_v1_9_content_ahmetfbayrak12_Python-Recursive-Functions-and-Dynamic-Programming_hw5-plot.py_cleaned.py,1,1,0.37250521779060364,0.6274948120117188
kat4,7806_35_content_dharan-s_Data_Structure_Python_LLPalindrome.py_cleaned.py,0,0,0.9879462122917175,0.0120537793263793
kat4,13077_98_content_pratz0499_web-scraping_flipkart.py_cleaned.py,0,0,0.9832144975662231,0.01678549125790596
kat4,8962_v1_4_content_mrimahajan_advanced_analysis_package_variable_reduction.py_cleaned.py,1,1,0.25275272130966187,0.7472472190856934
kat4,10811_14_content_atakanipekci_QuickSortLomutoAndHoare_quickSortsComp.py_cleaned.py,0,0,0.9954615235328674,0.0045384312979876995
kat4,1217_v1_32_content_mahtabfarrokh_classic-search_Astar.py_cleaned.py,1,1,0.03185885772109032,0.9681411385536194
kat4,9963_7_content_MadalinaMircea_GraphAlgorithms_UI.py_cleaned.py,0,0,0.5486735105514526,0.45132651925086975
kat4,2584_11_content_kirokuan_Idf-tf-DocCompare_hwTest.py_cleaned.py,0,0,0.9734434485435486,0.026556573808193207
kat4,11174_v1_38_content_davidcarrollnyc_Recursive_Python_WebScraper_BeautifulSoup_into_MongoDB_webscraper.py_cleaned.py,1,1,0.08035746961832047,0.9196425676345825
kat4,3820_v1_88_content_andreaestrada_mazecrawler_powerupPiles.py_cleaned.py,1,0,0.9462003111839294,0.053799644112586975
kat4,11741_v1_15_content_hgdsraj_python_vs_ruby_speed_analyze_script_cpp.py_cleaned.py,1,1,0.35348397493362427,0.6465160250663757
kat4,9363_5_content_alisarmusa_House-Price-Estimation_housePriceEstimation.py_cleaned.py,0,0,0.937210738658905,0.0627892017364502
kat4,6964_v1_2_content_carlosguadir_kruskal_Freeze.py_cleaned.py,1,0,0.7943849563598633,0.20561504364013672
kat4,9404_v1_48_content_pareekajay2_Polynomial-Regression_Position_Salaries.py_cleaned.py,1,1,0.10856641829013824,0.8914335370063782
kat4,7858_v1_3_content_WDI-SEA_python-linked-lists_linkedlist-test.py_cleaned.py,1,1,0.04922211915254593,0.9507778882980347
kat4,9971_v1_10_content_chiragragarwal_Graphs_And_Networks_ReadGraph.py_cleaned.py,1,1,0.06052938848733902,0.9394705891609192
kat4,10533_34_content_dvsa_cvs-tsk-dlq-handler_dlq_handler.py_cleaned.py,0,1,0.39793840050697327,0.6020615696907043
kat4,12436_v1_14_content_tusizi_document-analysis_mllib_tfidf_with_stopword.py_cleaned.py,1,1,0.11716748028993607,0.8828325867652893
kat4,7841_v1_23_content_jfb125_pythonLinkedLists_ex13.py_cleaned.py,1,1,0.4902355968952179,0.5097643733024597
kat4,12780_v1_9_content_dumebi_Predicting-Boston-Housing-Prices_work.py_cleaned.py,1,1,0.16079244017601013,0.8392075896263123
kat4,2916_v1_14_content_Rainymood_Gradient-Descent-The-Ultimate-Optimizer_main.py_cleaned.py,1,1,0.19993211328983307,0.8000679016113281
kat4,7849_v1_29_content_MeriBalasanyan_Circular_Linked_List_circular_linked_list.py_cleaned.py,1,1,0.04146227240562439,0.9585376977920532
kat4,4028_17_content_bhushankorpe_Fizz_Buzz_Fibonacci_Fizz_Buzz_Fibonacci.py_cleaned.py,0,0,0.9915544390678406,0.008445627987384796
kat4,9412_v1_5_content_alisarmusa_House-Price-Estimation_housePriceEstimation.py_cleaned.py,1,1,0.12326005101203918,0.8767399191856384
kat4,6321_28_content_Jvictor97_YellowFever_randDate.py_cleaned.py,0,1,0.3065270483493805,0.6934729218482971
kat4,12421_66_content_Fremont28_movie_recommender-_movies_tfidf.py_cleaned.py,0,0,0.9808759689331055,0.01912403665482998
kat4,4380_v1_2_content_johndoe31415_toyecc_PrefixMatcher.py_cleaned.py,1,1,0.2240554690361023,0.7759445905685425
kat4,4061_7_content_deawpic_math01_compute2.py_cleaned.py,0,0,0.9953904151916504,0.004609572701156139
kat4,4_11_content_reo11_aes-for-japanese-learner_predict_with_bert.py_cleaned.py,0,0,0.9367494583129883,0.06325051933526993
kat4,11412_74_content_minahabibm_RSA-2048-Encryption-Decryption_Decrypt.py_cleaned.py,0,0,0.9957352876663208,0.004264634568244219
kat4,11467_v1_84_content_LatrecheYasser_Secure-Python-Chat_server.py_cleaned.py,1,1,0.3363310396671295,0.6636689305305481
kat4,8454_v1_95_content_ravularohit_sms-spam-detection_spam_detection.py_cleaned.py,1,1,0.16885696351528168,0.8311430811882019
kat4,5293_v1_17_content_kanavkhanna_Application-Software_Software_Application.py_cleaned.py,1,1,0.09807932376861572,0.9019206762313843
kat4,12992_16_content_helloiamivan_crypto-quant_main.py_cleaned.py,0,0,0.9833430051803589,0.016657039523124695
kat4,4329_2_content_johndoe31415_toyecc_elgamaltest.py_cleaned.py,0,1,0.06717856973409653,0.9328213930130005
kat4,2028_4_content_giocarro_BubbleSort-and-Words-Sort_MergeSort2.py_cleaned.py,0,0,0.9911527037620544,0.008847354911267757
kat4,13042_65_content_nyavramov_monitor_web_page_changes_monitor_unit_tests.py_cleaned.py,0,0,0.5640984773635864,0.4359015226364136
kat4,2669_v1_8_content_robinbg_search-engine_se.py_cleaned.py,1,1,0.2030746340751648,0.7969253659248352
kat4,10859_v1_12_content_nidhigup01_Quick-sort_quick_sort.py_cleaned.py,1,1,0.11879339814186096,0.8812065720558167
kat4,5454_10_content_nazaninsbr_Intelligent-Systems-CA3_Q3_Clustering.py_cleaned.py,0,0,0.9536217451095581,0.046378206461668015
kat4,290_10_content_subashgandyer_Anti-mirror-Apriori_CSVtoLIST_def.py_cleaned.py,0,0,0.9919379353523254,0.00806199200451374
kat4,4381_v1_2_content_johndoe31415_toyecc_StopWatch.py_cleaned.py,1,1,0.05602938309311867,0.9439706206321716
kat4,2952_v1_8_content_usmanali414_Destruction-Detection-in-Satellite-Imagery_segmentation.py_cleaned.py,1,1,0.2950267791748047,0.7049732804298401
kat4,658_v1_2_content_yyqcs_time-series-model_utils.py_cleaned.py,1,1,0.11436852067708969,0.8856314420700073
kat4,9418_v1_61_content_piyush-taneja_Salary-Predictor_Regression_Template.py_cleaned.py,1,1,0.18184365332126617,0.818156361579895
kat4,13117_v1_3_content_ahmedelfateh_scraping_CimaClub_scraper_urllib.py_cleaned.py,1,1,0.24617071449756622,0.753829300403595
kat4,10556_57_content_sangyh_discrete-event-simulation_read_output.py_cleaned.py,0,0,0.9915544390678406,0.008445627987384796
kat4,10834_30_content_choogeboom_photo-sorter_photo_sorter.py_cleaned.py,0,1,0.3582407832145691,0.6417592167854309
kat4,5791_7_content_sambiak_Codage-de-Huffman_v2.py_cleaned.py,0,0,0.6161277890205383,0.38387221097946167
kat4,12118_v1_5_content_alexeyev_nm_main.py_cleaned.py,1,1,0.19132769107818604,0.808672308921814
kat4,2608_4_content_heaven00_cosine_similarities_vsm.py_cleaned.py,0,0,0.5770187377929688,0.42298126220703125
kat4,3451_24_content_Brew8it_Python_DHAES_DiffieHellman.py_cleaned.py,0,0,0.5727227926254272,0.42727723717689514
kat4,10009_v1_7_content_Aly-Tomato_Prims-and-Kruskals_main.py_cleaned.py,1,1,0.2016952633857727,0.7983047366142273
kat4,4972_42_content_tesladodger_Fibonacci_fibonacci.py_cleaned.py,0,0,0.989591658115387,0.010408313944935799
kat4,3530_v1_70_content_crackcomm_mofn-encryption_encryption.py_cleaned.py,1,1,0.25720494985580444,0.7427950501441956
kat4,11167_v1_33_content_prabhatpal77_Complete-core-python-_globalandlocalvar.py_cleaned.py,1,1,0.14535783231258392,0.8546422123908997
kat4,9951_5_content_sjmcmullan_Prims-Algorithm_PrimsAlgorithms.py_cleaned.py,0,0,0.9877586960792542,0.012241275981068611
kat4,5310_v1_7_content_tsingh94_Bellman-Ford-and-Floyd-Warshall-Algorithms_Shortestdistance_graph_algos.py_cleaned.py,1,1,0.29930993914604187,0.7006900310516357
kat4,1804_v1_62_content_agvaibhav_Binary-tree_delete-node.py_cleaned.py,1,1,0.14366760849952698,0.8563323616981506
kat4,3192_98_content_Eddward27_Blocks-World_busqueda.py_cleaned.py,0,1,0.4736572504043579,0.5263427495956421
kat4,12383_10_content_pikulet_intellex_Dictionary.py_cleaned.py,0,1,0.39513421058654785,0.6048657894134521
kat4,7193_12_content_ianscottknight_Predicting-Myers-Briggs-Type-Indicator-with-Recurrent-Neural-Networks_make_training_set.py_cleaned.py,0,1,0.4040370583534241,0.5959629416465759
kat4,11118_33_content_prabhatpal77_Complete-core-python-_dictcomp.py_cleaned.py,0,0,0.7442848086357117,0.2557152211666107
kat4,4394_v1_8_content_harshithachidanand_Elliptic-Curve-Cryptography_pollard_rho.py_cleaned.py,1,1,0.37662312388420105,0.6233768463134766
kat4,2923_v1_23_content_xaviergoby_ConvLSTM-Computer-Vision-for-Structural-Health-Monitoring-SHM-and-NonDestructive-Testing-NDT_settings.py_cleaned.py,1,1,0.06255972385406494,0.9374402165412903
kat4,8430_v1_3_content_ml-for-nlp_authorship-attribution_attribution.py_cleaned.py,1,1,0.2024431824684143,0.7975568175315857
kat4,12445_v1_2_content_ampresent_keyxtractor_server.py_cleaned.py,1,1,0.32766830921173096,0.672331690788269
kat4,5039_v1_61_content_gpwood_fibonacciOfOrderN_pad.py_cleaned.py,1,1,0.031618766486644745,0.9683812260627747
kat4,12060_28_content_vinaykumarbu_sentiment-analysis-deeplearning_gui.py_cleaned.py,0,0,0.9869794845581055,0.013020489364862442
kat4,1457_3_content_6e726d_binaryninja-search___init__.py_cleaned.py,0,1,0.12294380366802216,0.8770562410354614
kat4,7223_24_content_lucaducceschi_Wordnet_Functions_wordnet_functions.py_cleaned.py,0,0,0.9695556163787842,0.030444350093603134
kat4,9715_v1_5_content_ebrahim-j_pRIME-nUMBERS_Test_GPN.py_cleaned.py,1,1,0.10429472476243973,0.8957052826881409
kat4,13091_v1_17_content_1UC1F3R616_fastProxy_fastProxy.py_cleaned.py,1,1,0.3942009508609772,0.6057990789413452
kat4,4752_v1_51_content_adityapatelgithub_Expressions-and-Functions_newsplit.py_cleaned.py,1,1,0.30569732189178467,0.6943026781082153
kat4,1442_1_content_SICTC_BST_BinSearchTree.py_cleaned.py,0,0,0.9857181310653687,0.01428193412721157
kat4,11406_62_content_taabishm2_Proactive-FDH-RSA-Signature_proactivizer.py_cleaned.py,0,0,0.9724147915840149,0.027585284784436226
kat4,7801_29_content_MeriBalasanyan_Circular_Linked_List_circular_linked_list.py_cleaned.py,0,1,0.2075357437133789,0.7924642562866211
kat4,630_v1_15_content_Skyblueballykid_SPX-Arima-model_SPX.py_cleaned.py,1,1,0.30985844135284424,0.6901415586471558
kat4,87_v1_5_content_ongyongzheng_cass_main_cass_unet2.py_cleaned.py,1,1,0.3102762699127197,0.689723789691925
kat4,666_v1_47_content_Eric-Muthemba_investing_scrapper.py_cleaned.py,1,0,0.5190337300300598,0.4809662103652954
kat4,5515_v1_26_content_dmallya93_Intelligent-Web-Services-Discovery-using-Clustering-Method_description_similarities.py_cleaned.py,1,1,0.055005282163619995,0.9449946880340576
kat4,12749_v1_2_content_facebookresearch_reward-estimator-corl_envs.py_cleaned.py,1,0,0.9127477407455444,0.08725224435329437
kat4,4955_10_content_jhreinholdt_fibonacci-sequence_fibonacci_sequence.py_cleaned.py,0,0,0.9032942056655884,0.09670579433441162
kat4,12460_v1_58_content_zhaoyichanghong_machine_learing_algo_python_agnes.py_cleaned.py,1,1,0.04023794084787369,0.9597620368003845
kat4,11396_43_content_strmrider_RSA_utilities.py_cleaned.py,0,1,0.046899259090423584,0.9531006813049316
kat4,9725_v1_9_content_jabrekadabre_prime-numbers_prime_nums.py_cleaned.py,1,1,0.3826026916503906,0.6173973083496094
kat4,6939_8_content_fepz_AyCC_disjoint_set.py_cleaned.py,0,1,0.04240383207798004,0.9575962424278259
kat4,3180_7_content_GabrielBortolote_BFS-and-DFS-Tree_BFS.py_cleaned.py,0,0,0.968020498752594,0.03197956085205078
kat4,2672_v1_8_content_ysh329_Text-Similarity-Computation_main.py_cleaned.py,1,1,0.28977349400520325,0.7102264761924744
kat4,13128_v1_46_content_AnuragSinghKushwah_anonymous-scraping_luminati_proxy.py_cleaned.py,1,0,0.5634980797767639,0.43650195002555847
kat4,9116_v1_3_content_iykadev_pyalgo_execute_a_markov_algo.py_cleaned.py,1,1,0.2505458891391754,0.749454140663147
kat4,8127_v1_15_content_VakinduPhilliam_Pattern_Matching_Python_Fnmatch_Translate.py_cleaned.py,1,1,0.28140559792518616,0.7185943722724915
kat4,1458_3_content_Mushahar_Binary-Search-Tree-Python-_node.py_cleaned.py,0,1,0.06754669547080994,0.9324532747268677
kat4,10528_28_content_albertsegura_tmux-jobqueue_run_jobs.py_cleaned.py,0,0,0.9753900170326233,0.02460992895066738
kat4,1222_v1_3_content_rizkyary_BFS_BASE_BFS_BASE.py_cleaned.py,1,1,0.14128142595291138,0.8587185740470886
kat4,5744_10_content_selden-lin_python_huffman_tree_decompressor_nodes.py_cleaned.py,0,1,0.049958523362874985,0.9500414729118347
kat4,7276_v1_25_content_aajanki_finnish-pos-accuracy_sample_ftb1.py_cleaned.py,1,1,0.19682620465755463,0.8031737804412842
kat4,11401_53_content_ekaktusz_rsa-example_rsa.py_cleaned.py,0,1,0.39981165528297424,0.6001883149147034
kat4,11990_v1_5_content_SorinMA_steganografie_steganoEncode.py_cleaned.py,1,1,0.07316471636295319,0.9268352389335632
kat4,5471_2_content_zalayo_Hierarchical-Linkage-Regression_HLRtest.py_cleaned.py,0,1,0.17272931337356567,0.8272706270217896
kat4,13072_94_content_ytnguyenedalgo_scrape_retail_site_scrape_macys.py_cleaned.py,0,0,0.8906751871109009,0.10932482779026031
kat4,6648_8_content_abhishekmsharma_knn-python-artificial-intelligence_abhishek_sharma_knn_environment.py_cleaned.py,0,0,0.9742394685745239,0.025760561227798462
kat4,4971_40_content_j-nicholson_FibonacciPy_fibonacci.py_cleaned.py,0,1,0.05749327689409256,0.9425067901611328
kat4,4735_v1_23_content_AndreasChatz_factorial_prime_swing.py_cleaned.py,1,1,0.04054073989391327,0.9594592452049255
kat4,13009_34_content_subhendu01_Web-Scraping_imdb_multi_pagescapping.py_cleaned.py,0,1,0.29178741574287415,0.7082125544548035
kat4,1163_29_content_MEShufengRen_path_search_debug2.py_cleaned.py,0,0,0.6984323263168335,0.3015677034854889
kat4,607_2_content_yyqcs_time-series-model_ts_model.py_cleaned.py,0,0,0.7866228222846985,0.21337716281414032
kat4,11451_v1_53_content_ekaktusz_rsa-example_rsa.py_cleaned.py,1,1,0.3508661091327667,0.6491339206695557
kat4,3761_52_content_Tchaikovic_dijkstra_mapcreator.py_cleaned.py,0,0,0.749454140663147,0.2505458891391754
kat4,591_1_content_sadnessFree_arima-lstm_lstm.py_cleaned.py,0,1,0.1672186702489853,0.8327813148498535
kat4,894_3_content_tgoodwin_bellman-ford_bfclient.py_cleaned.py,0,1,0.3745618760585785,0.6254380941390991
kat4,622_v1_ 1_content_nageshsinghc4_stock-market-forecasting_ZBH_stock.py_cleaned.py,1,1,0.3306873142719269,0.6693127155303955
kat4,3812_v1_53_content_KaiFly_Xemina2_DijkstraSP_GraphDrawing.py_cleaned.py,1,1,0.36387285590171814,0.6361271142959595
kat4,2297_22_content_Swapnillokhande_Sales-Prediction-of-a-Supermarket-chain_Exploratory_Data_Analysis.py_cleaned.py,0,0,0.9433475732803345,0.05665242671966553
kat4,12757_v1_3_content_facebookresearch_deep-variance-reduction_cifar_wrapper.py_cleaned.py,1,1,0.21109139919281006,0.7889086008071899
kat4,9348_28_content_brandonvilla21_polynomial-regression_polinomial.py_cleaned.py,0,1,0.42823338508605957,0.5717666149139404
kat4,4042_4_content_flaviohenriqu_divisibility_flaskapp.py_cleaned.py,0,1,0.27202457189559937,0.7279754281044006
kat4,12424_70_content_skumaravel_tf-idf_tf_idf.py_cleaned.py,0,0,0.9688562154769897,0.031143832951784134
kat4,12731_9_content_dumebi_Predicting-Boston-Housing-Prices_work.py_cleaned.py,0,0,0.939024806022644,0.06097518280148506
kat4,8083_1_content_jim-spyropoulos_Trajectory-Analysis-and-Classification-in-Python-Pandas-and-Scikit-Learn_classifytraj.py_cleaned.py,0,0,0.9700134992599487,0.029986508190631866
kat4,6921_36_content_mskroar18_GraphWizard_edge.py_cleaned.py,0,0,0.9207897186279297,0.0792103260755539
kat4,4684_23_content_AndreasChatz_factorial_constants.py_cleaned.py,0,0,0.507445752620697,0.49255427718162537
kat4,3185_85_content_adamkanouse_better-lineups-dfs_constants.py_cleaned.py,0,0,0.5063472986221313,0.49365267157554626
kat4,312_3_content_manishjathan_Money-laundering-Detection-System_DisconnectedGraphs.py_cleaned.py,0,0,0.9980429410934448,0.001957016997039318
kat4,9342_12_content_MarynaTatsevich_Machine-Learning-Regression-Techniques_SVR.py_cleaned.py,0,1,0.1550784707069397,0.8449215292930603
kat4,1210_v1_23_content_binaya07_8-puzzle_queue.py_cleaned.py,1,1,0.03567855432629585,0.9643214344978333
kat4,929_v1_1_content_jwan659_forex-arbitrage_Main.py_cleaned.py,1,1,0.2757143974304199,0.7242856025695801
kat4,10291_v1_5_content_cylance_lazy-stochastic-principal-component-analysis_plot_model_perf.py_cleaned.py,1,1,0.2970619201660156,0.7029380202293396
kat4,8369_17_content_sdevkota007_KNN-And-NaiveBayes-Classifier_ConfusionMatrix.py_cleaned.py,0,1,0.26473838090896606,0.7352616190910339
kat4,2042_79_content_lorenzo3117_python-sorting-scripts_heapSort.py_cleaned.py,0,0,0.9736446738243103,0.026355354115366936
kat4,613_3_content_rentseen_ARIMA-forecast_CAVMP.py_cleaned.py,0,0,0.9787126779556274,0.021287351846694946
kat4,11778_v1_9_content_naviechan_sortingAlgorithmDemo_bubbleSort.py_cleaned.py,1,1,0.014957087114453316,0.985042929649353
kat4,1231_v1_52_content_seanluo1_Arm-Link-AI_const.py_cleaned.py,1,1,0.2214348465204239,0.7785651087760925
kat4,11480_v1_97_content_rusrom_cryptography_rsa_sign_create.py_cleaned.py,1,0,0.6648667454719543,0.3351331949234009
kat4,3170_68_content_mehmetozanguven_MazeSolver-AI-Programming_PriorityQueueImpl.py_cleaned.py,0,1,0.23335674405097961,0.766643226146698
kat4,7270_v1_23_content_clydedacruz_worddoc-indexer-py_query_index.py_cleaned.py,1,0,0.8092759251594543,0.19072401523590088
kat4,4999_8_content_rianlian7_FibonacciSequence-Python-Tk_Fibonacci_Sequence.py_cleaned.py,0,0,0.9108630418777466,0.08913692831993103
kat4,9969_v1_10_content_chiragragarwal_Graphs_And_Networks_graph_plot.py_cleaned.py,1,1,0.28776782751083374,0.7122321724891663
kat4,10888_v1_42_content_aira26_HomeWork3_quicksortclass.py_cleaned.py,1,1,0.026759283617138863,0.9732407331466675
kat4,10810_13_content_gkp7_quick-sort_quick_sort.py_cleaned.py,0,0,0.9902915358543396,0.009708477184176445
kat4,9972_v1_10_content_chiragragarwal_Graphs_And_Networks___init__.py_cleaned.py,1,0,0.8529354333877563,0.14706452190876007
kat4,10605_v1_59_content_mahmoudhossam_task-queue_db.py_cleaned.py,1,1,0.3379678428173065,0.6620321273803711
kat4,10844_6_content_austinteshuba_QuickSort_Sort.py_cleaned.py,0,0,0.9763104915618896,0.023689471185207367
kat4,11745_v1_17_content_Ryan-Fortner_selection_sort_selection_sort.py_cleaned.py,1,1,0.10539454966783524,0.8946054577827454
kat4,4339_6_content_gionanide_Cryptography_ECC_DH_key_exchange.py_cleaned.py,0,0,0.9740425944328308,0.02595735713839531
kat4,384_v1_9_content_jeffwang0516_Frequent-Itemset-Mining_apriori.py_cleaned.py,1,1,0.13072869181632996,0.8692712783813477
kat4,2358_v1_32_content_jtuckerk_oscar_prediction_imdb_data_create.py_cleaned.py,1,1,0.08509904146194458,0.9149009585380554
kat4,11179_v1_43_content_agusmakmun_changewords_tests.py_cleaned.py,1,0,0.5238770842552185,0.4761228859424591
kat4,5510_v1_20_content_a-hamza-r_Hierarchical-Clustering_hpc_classify.py_cleaned.py,1,1,0.21733751893043518,0.7826625108718872
kat4,6928_6_content_chiragragarwal_Graphs_And_Networks_numpy_help.py_cleaned.py,0,0,0.9213575720787048,0.07864238321781158
kat4,3195_v1_11_content_VictorDebray_Analysis-DFS-BFS-AStar_utils.py_cleaned.py,1,1,0.1259227693080902,0.8740772008895874
kat4,6103_v1_24_content_lesdev_SortingMethods_selection.py_cleaned.py,1,1,0.22017472982406616,0.7798252701759338
kat4,3775_8_content_rprahlad1_guavabot_solver.py_cleaned.py,0,0,0.561214804649353,0.438785195350647
kat4,7559_v1_27_content_ashwinvis98_Particle-Swarm-Optimization-for-Robotic-Search-Applications_aruco_detect.py_cleaned.py,1,0,0.5165954232215881,0.4834045171737671
kat4,3823_v1_88_content_jinshang-msft_Dijkstra-Algorithm-Implementation_Dijkstra.py_cleaned.py,1,1,0.09704755991697311,0.9029524326324463
kat4,46_8_content_gordon636798_DiffieHellman-AES_DiffieHellman_AES.py_cleaned.py,0,0,0.985496461391449,0.014503580518066883
kat4,1775_v1_1_content_RyanMarcus_TreeConvolution_util.py_cleaned.py,1,0,0.5684756636619568,0.43152427673339844
kat4,6064_33_content_Howellp80_Algorithms---Merge-Sort-vs-Insertion-Sort_hw1.py_cleaned.py,0,0,0.9775429368019104,0.022457055747509003
kat4,6974_v1_4_content_mincanhe_Network-routing-protocol_kruskal.py_cleaned.py,1,1,0.07436569780111313,0.9256342649459839
kat4,2674_v1_9_content_canonicalmg_FAQ-Chat-Bot_main.py_cleaned.py,1,1,0.24689634144306183,0.7531036734580994
kat4,3500_v1_24_content_Brew8it_Python_DHAES_AES.py_cleaned.py,1,1,0.07864238321781158,0.9213575720787048
kat4,1513_v1_47_content_mathwoods_binseqcomp_binseqcomp.py_cleaned.py,1,0,0.723700225353241,0.2762998342514038
kat4,9713_v1_39_content_LonelyRanger_Prime-Numbers_EuclideanPrimeTest15May2018TestFromLowerPrimes.py_cleaned.py,1,1,0.3191213607788086,0.6808785796165466
kat4,1791_v1_42_content_nidhigup01_Least-Common-Ancestor-in-Binary-tree_self_least_common_ancestor.py_cleaned.py,1,1,0.05665242671966553,0.9433475732803345
kat4,10595_v1_45_content_kriti149_Text-Summarizer_txt_summarization.py_cleaned.py,1,1,0.48535576462745667,0.5146442651748657
kat4,6630_2_content_neonb88_knn_knn_machine_learning_hw1.py_cleaned.py,0,0,0.937210738658905,0.0627892017364502
kat4,7805_34_content_jackle98_Deque-Code-_Queue.py_cleaned.py,0,1,0.45120561122894287,0.5487943887710571
kat4,4726_v1_10_content_stensonowen_factorial_bot_text2num.py_cleaned.py,1,1,0.3302551805973053,0.6697448492050171
kat4,5538_v1_55_content_taksug229_Python-hierarchical-clustering_Working_Data_Hierarchical_Clustering.py_cleaned.py,1,1,0.1901218295097351,0.8098781704902649
kat4,4354_v1_13_content_FN-HD_Elliptic_Curve_Cryptography_Main.py_cleaned.py,1,1,0.3356774151325226,0.664322555065155
kat4,2078_v1_4_content_giocarro_BubbleSort-and-Words-Sort_MergeSort2.py_cleaned.py,1,1,0.13375429809093475,0.866245687007904
kat4,1438_15_content_Areege_Binary-and-Trinary-Search-Trees_SourceCode.py_cleaned.py,0,0,0.9915544390678406,0.008445627987384796
kat4,6384_v1_43_content_caetius_Efficient-k-means-_Transform.py_cleaned.py,1,1,0.05203782394528389,0.9479621648788452
kat4,8103_7_content_kanthagirish-rit_lcs-project_recursive.py_cleaned.py,0,1,0.2923932373523712,0.7076067924499512
kat4,11702_22_content_thctds_Sorts1_insertionSort.py_cleaned.py,0,0,0.9801293015480042,0.019870713353157043
kat4,7781_16_content_arifromadhan19_LinkedList_simple_linked_list.py_cleaned.py,0,0,0.9961155652999878,0.0038844766095280647
kat4,6686_v1_40_content_WuStardust_KNN-for-iris_iris.py_cleaned.py,1,1,0.08269733935594559,0.917302668094635
kat4,585_1_content_sadnessFree_arima-lstm_arima.py_cleaned.py,0,1,0.19345195591449738,0.8065480589866638
kat4,7554_v1_1_content_Chunning-Zhou_MILPBasedSearchAlgorithmDiff_model.py_cleaned.py,1,1,0.20212800800800323,0.7978719472885132
kat4,879_1_content_jwan659_forex-arbitrage_Edges.py_cleaned.py,0,1,0.07751765847206116,0.9224823713302612
kat4,294_11_content_sidmishraw_cs-267-project_main.py_cleaned.py,0,0,0.5496405959129333,0.45035937428474426
kat4,12062_28_content_vinaykumarbu_sentiment-analysis-deeplearning_tweet.py_cleaned.py,0,0,0.9713473320007324,0.028652669861912727
kat4,8932_1_content_Pranshu258_Crowd_Behavior_Analysis_outlierDetector.py_cleaned.py,0,0,0.917302668094635,0.08269733935594559
kat4,3217_v1_4_content_drinkbeer_DFS-Python_common.py_cleaned.py,1,1,0.3709087371826172,0.6290912628173828
kat4,9661_30_content_olamofe_primeQuery_primeQuery.py_cleaned.py,0,0,0.9871788024902344,0.012821214273571968
kat4,13082_v1_11_content_namelessfintech_python-web-scraping_c10_advanced_link_crawler.py_cleaned.py,1,0,0.5127536058425903,0.48724642395973206
kat4,4986_61_content_AaronRobson_sequences_fibonacci_numbers.py_cleaned.py,0,1,0.11162799596786499,0.888372004032135
kat4,5539_v1_56_content_RohanBose95_CommunityDetectionAlgorithmImplementation_CommunityDetectionAlgorithmOnKarateClubGraph.py_cleaned.py,1,1,0.09170696884393692,0.9082930684089661
kat4,6044_21_content_CanKorkut_Python-Sort-Algorithm_quick.py_cleaned.py,0,0,0.9910145401954651,0.008985428139567375
kat4,6381_v1_41_content_akshay-gupta7_kmeans-using-mapreduce_k_means_reducer.py_cleaned.py,1,1,0.19314737617969513,0.8068526387214661
kat4,12390_1_content_nikitaa30_Content-based-Recommender-System_recommender_system.py_cleaned.py,0,1,0.14366760849952698,0.8563323616981506
kat4,3_11_content_rdafr_AES-Crypto-and-serial-communication_write.py_cleaned.py,0,0,0.8587185740470886,0.14128142595291138
kat4,923_v1_1_content_dedeco_dijkstra-bellman-ford_teste_proprio_bford.py_cleaned.py,1,1,0.0905744731426239,0.9094254970550537
kat4,11754_v1_25_content_robsonribeiroft_tempo-de-ordencao-com-selection-sort_main.py_cleaned.py,1,0,0.9879462122917175,0.0120537793263793
kat4,6613_14_content_lisha1992_KNN-Clasify_KNN_datingExample.py_cleaned.py,0,0,0.9796676635742188,0.020332353189587593
kat4,10885_v1_38_content_TadayoshiCarvajal_Sorting-in-Python_sortingAlgorithms.py_cleaned.py,1,1,0.15817435085773468,0.8418256044387817
kat4,5818_v1_24_content_MariosPitsali_algorithms-practice_rollback.py_cleaned.py,1,1,0.32295289635658264,0.677047073841095
kat4,2949_v1_86_content_Enkhai_simple-DES_misc.py_cleaned.py,1,1,0.07585817575454712,0.9241418242454529
kat4,5488_55_content_siddbhatia07_MACHINE-LEARNING_Simple_linear_regression.py_cleaned.py,0,1,0.42051035165786743,0.5794896483421326
kat4,11119_33_content_prabhatpal77_Complete-core-python-_globalandlocalvar.py_cleaned.py,0,1,0.21044158935546875,0.7895584106445312
kat4,2350_v1_26_content_Emersonxuelinux_One_Big_Archive_Listing_18-2.py_cleaned.py,1,0,0.9606574773788452,0.03934250399470329
kat4,10881_v1_29_content_flintlouis_Sorting_algo_mergesort.py_cleaned.py,1,1,0.038178276270627975,0.9618217349052429
kat4,1499_v1_2_content_nuchi_bst-matrix-vector_bst_vector.py_cleaned.py,1,1,0.07450025528669357,0.925499677658081
kat4,9643_1_content_mtony75_isprime_isprime.py_cleaned.py,0,1,0.4269188344478607,0.5730811953544617
kat4,3779_v1_10_content_tjazerzen_a_star_algorithm_helper_functions.py_cleaned.py,1,1,0.16940587759017944,0.8305941224098206
kat4,1808_v1_81_content_AndreaG93_BST-Lazy-Deletion_binarySearchTreeLazyDeletionAVL.py_cleaned.py,1,1,0.01353214867413044,0.9864678382873535
kat4,12452_v1_41_content_antoinewg_ocr-tfidf_reducer3.py_cleaned.py,1,1,0.18690995872020721,0.8130900859832764
kat4,10518_10_content_hmjansen_overflow-algorithm_overflow_algorithm.py_cleaned.py,0,1,0.01578456163406372,0.9842154383659363
kat4,6651_8_content_LockGit_Py_svm.py_cleaned.py,0,0,0.9489172697067261,0.05108273774385452
kat4,5789_5_content_gupta-shantanu_huffman_compress.py_cleaned.py,0,0,0.6068480014801025,0.39315202832221985
kat4,11137_9_content_ahmetfbayrak12_Python-Recursive-Functions-and-Dynamic-Programming_hw5-dynamic.py_cleaned.py,0,0,0.8056321740150452,0.19436782598495483
kat4,2874_24_content_GrayHat12_Desktop-GrayBot_lyrics.py_cleaned.py,0,0,0.9916841983795166,0.008315779268741608
kat4,601_2_content_polyphilz_pricing-weather-derivatives_avg_temperature_model.py_cleaned.py,0,1,0.3013620674610138,0.6986379623413086
kat4,10877_v1_26_content_hemidactylus_skanfixer_SelRectangle.py_cleaned.py,1,1,0.06465348601341248,0.9353464841842651
kat4,911_7_content_GauthamBT_Bellman-Ford-Algorithm_DirectedGraphClass.py_cleaned.py,0,0,0.9938070178031921,0.006192990578711033
kat4,6311_12_content_aabulhaj_SpectralClustering_spectral_clustering.py_cleaned.py,0,1,0.12984342873096466,0.8701565861701965
kat5,13058_80_content_andrediasesp_web-slinger_scraping.py_cleaned.py,0,0,0.9834704995155334,0.01652955822646618
kat5,5250_13_content_AtahanCelebi_En-K-sa-Yol_warshall.py_cleaned.py,0,1,0.0023231625091284513,0.9976769089698792
kat5,6391_v1_54_content_sumanth-bmsce_Unsupervised_Extreme_Learning_Machine_Spectral_Clustering.py_cleaned.py,1,1,0.007518718484789133,0.9924813508987427
kat5,4097_v1_5_content_AdamJacoby_Hopf_Example_CyclicGroup.py_cleaned.py,1,1,0.03541072458028793,0.9645892381668091
kat5,13175_v1_97_content_VangaPoornaChand_Web-Scraping-Collections__1__Flipkart_Web_Scraping.py_cleaned.py,1,1,0.04115288704633713,0.9588471055030823
kat5,3506_v1_26_content_bahadircolak44_EllipticCurve_PointAddition.py_cleaned.py,1,1,0.03283695504069328,0.9671630263328552
kat5,3742_18_content_maxsonferovante_Dijkstra_dijsktra.py_cleaned.py,0,1,0.05146276578307152,0.9485372304916382
kat5,9090_4_content_Ityer_3x3_Squared_Magic_Square_Finder_randomGuessing_OLD.py_cleaned.py,0,0,0.9802808165550232,0.01971912570297718
kat5,2027_49_content_Darren-Drapkin_RippleSort-with-chains_RippleSort-with-chains.py_cleaned.py,0,0,0.9951702952384949,0.004829722456634045
kat5,3157_29_content_sarapple_AI-Search-Algorithms-Pure_driver.py_cleaned.py,0,1,0.24944724142551422,0.750552773475647
kat5,2900_86_content_Enkhai_simple-DES_permutations.py_cleaned.py,0,1,0.25945019721984863,0.7405498623847961
kat5,10549_49_content_ybakos_cs261-tdd-priority-queue_test_job.py_cleaned.py,0,1,0.14804719388484955,0.851952850818634
kat5,8129_v1_15_content_VakinduPhilliam_Pattern_Matching_Python_Glob_Directory_Paths.py_cleaned.py,1,1,0.020177319645881653,0.9798226952552795
kat5,12748_v1_2_content_facebookresearch_reward-estimator-corl_configurations_continuous_uniform.py_cleaned.py,1,0,0.6834195256233215,0.31658053398132324
kat5,9128_v1_3_content_iykadev_pyalgo_lzw_compression.py_cleaned.py,1,1,0.2805178165435791,0.7194821834564209
kat5,7568_v1_40_content_HimalayPatel_loan-likelihood-prediction_predicting_loan_eda.py_cleaned.py,1,1,0.0427221953868866,0.957277774810791
kat5,13014_38_content_UncleEngineer_webscraping_temperature.py_cleaned.py,0,0,0.9959927201271057,0.004007288720458746
kat5,9979_v1_1_content_bhedavivek_prims_algorithm_graph.py_cleaned.py,1,1,0.006097561679780483,0.9939024448394775
kat5,1169_33_content_Nazar910_chameleon-problem_state.py_cleaned.py,0,0,0.9899086952209473,0.010091315023601055
kat5,5491_59_content_RoobiyaKhan_Clustering-Models-in-R-and-Python_r.HierarchicalClus.py_cleaned.py,0,1,0.008251599036157131,0.9917484521865845
kat5,12403_41_content_antoinewg_ocr-tfidf_reducer3.py_cleaned.py,0,1,0.1149633452296257,0.8850365877151489
kat5,5761_1_content_josgard94_JPEG_generador_huffman_code.py_cleaned.py,0,0,0.9898303151130676,0.01016965787857771
kat5,1774_v1_1_content_jdmcpeek_pretty-print-binary-tree_tree.py_cleaned.py,1,1,0.11879339814186096,0.8812065720558167
kat5,4323_2_content_ablumenf_ECCpy_ECC.py_cleaned.py,0,1,0.1063188761472702,0.8936811685562134
kat5,13000_24_content_A3M4_Monster-Crawler_get_years_degree.py_cleaned.py,0,0,0.9961155652999878,0.0038844766095280647
kat5,8151_v1_7_content_kanthagirish-rit_lcs-project_hlcs.py_cleaned.py,1,0,0.5477060079574585,0.4522939622402191
kat5,3809_v1_49_content_lllunaticer_pathFindGUI_Draw.py_cleaned.py,1,1,0.15399393439292908,0.8460060954093933
kat5,7261_v1_1_content_akoksal_Turkish-Lemmatizer_lemmatizer.py_cleaned.py,1,1,0.26817411184310913,0.7318258285522461
kat5,2093_v1_7_content_allenabraham999_Bubble-sort_bubble_sort.py_cleaned.py,1,1,0.04115288704633713,0.9588471055030823
kat5,4742_v1_3_content_Misael89_Programacion-Ejercicios_Promedio.py_cleaned.py,1,1,0.004755199886858463,0.9952448010444641
kat5,10231_36_content_arpan-ghosh_python-data-algorithms_LinearRelationshipFit.py_cleaned.py,0,0,0.9830850958824158,0.016914913430809975
kat5,6666_v1_19_content_walter090_cluster_runner.py_cleaned.py,1,1,0.263694167137146,0.7363057732582092
kat5,586_1_content_sadnessFree_arima-lstm_c-lstm.py_cleaned.py,0,1,0.18068422377109528,0.8193157911300659
kat5,9949_5_content_Fmccline_Prims-Algorithm_prims_algorithm.py_cleaned.py,0,1,0.46198752522468567,0.5380124449729919
kat5,2890_67_content_DrIanGregory_MachineLearning-LogisticRegressionWithGradientDescentOrNewton_mulitpleLinearRegression.py_cleaned.py,0,0,0.961533784866333,0.0384661927819252
kat5,1221_v1_3_content_akh5113_BFS-Wrestling-Teams_Homework5.py_cleaned.py,1,1,0.001957016997039318,0.9980429410934448
kat5,5785_49_content_andreanndrade10_Huffman-Compressor_huffman.py_cleaned.py,0,0,0.966663122177124,0.0333368219435215
kat5,4104_v1_5_content_AdamJacoby_Hopf_HopfConstructions.py_cleaned.py,1,1,0.14608724415302277,0.8539127111434937
kat5,12333_v1_1_content_DanShai_kernalized-tsne_kernels.py_cleaned.py,1,1,0.09509705752134323,0.904902994632721
kat5,1482_v1_10_content_gochieng_BinarySearch_test.py_cleaned.py,1,1,0.09401018917560577,0.9059898257255554
kat5,8372_1_content_pranav-dahiya_NaiveBayes_vocabulary.py_cleaned.py,0,0,0.6491339206695557,0.3508661091327667
kat5,2345_v1_22_content_EmperorCodeman_SortingAlgorithms_EntryPoint.py_cleaned.py,1,1,0.08210662752389908,0.9178933501243591
kat5,3243_v1_9_content_singgihnft_BFS-and-DFS_Breadth_First_Search.py_cleaned.py,1,1,0.03853849321603775,0.9614614844322205
kat5,933_v1_1_content_shahzad-virani_Distance-vector_DVR.py_cleaned.py,1,1,0.2538610100746155,0.7461389899253845
kat5,3785_v1_14_content_jonathanchang97_ThatsJustTheWazeItIs_car.py_cleaned.py,1,1,0.08166611194610596,0.918333888053894
kat5,6687_v1_41_content_SargisYonan_uav_ml_main.py_cleaned.py,1,1,0.07263670116662979,0.9273632764816284
kat5,4706_5_content_brown9804_Python_DiversosAlgortimos_CreandoMatrizApartirTXT.py_cleaned.py,0,0,0.9697853922843933,0.030214589089155197
kat5,4056_6_content_marcelotokarnia_dojo-divisibility-rules_is_divisible.py_cleaned.py,0,0,0.9924227595329285,0.007577240467071533
kat5,9716_v1_5_content_shinjikato_gp_for_prime_number_base.py_cleaned.py,1,0,0.9924227595329285,0.007577240467071533
kat5,37_5_content_ongyongzheng_cass_main_cass_unet2.py_cleaned.py,0,1,0.39981165528297424,0.6001883149147034
kat5,7185_10_content_nishi1612_Email-Spam-Classification-using-SVM_extracting_unique_words_from_all_emails.py_cleaned.py,0,0,0.9918121099472046,0.008187909610569477
kat5,1225_v1_44_content_suzheng123_BFS_N-aryTreeLevel.py_cleaned.py,1,1,0.0017546142917126417,0.998245358467102
kat5,5009_v1_13_content_danielSbastos_binary-fibonacci_transpose.py_cleaned.py,1,1,0.4886494278907776,0.5113505721092224
kat5,13161_v1_87_content_avsprashant_webScraping_Scrapper.py_cleaned.py,1,1,0.3890821635723114,0.6109178066253662
kat5,7218_22_content_ABHISHEKVALSAN_Malayalam-Newspaper-Article-Dataset_MalayalamScraping.py_cleaned.py,0,0,0.9863631129264832,0.013636834919452667
kat5,3158_32_content_sefirakarina_bfs-dfs_bfsDfs.py_cleaned.py,0,0,0.9942697286605835,0.005730246659368277
kat5,13153_v1_78_content_hsauers5_OptionsScraper_main.py_cleaned.py,1,1,0.3027001619338989,0.6972997784614563
kat5,1441_1_content_chonhenry_binary-search-tree_binary_search_tree.py_cleaned.py,0,0,0.998498797416687,0.0015011822106316686
kat5,11134_5_content_diandra-davidson_IS211_Assignment14_recursion.py_cleaned.py,0,1,0.09756223112344742,0.9024378061294556
kat5,8707_v1_17_content_jb0xx_decrypt-onetimepad_onetimepad.py_cleaned.py,1,1,0.22135069966316223,0.7786493301391602
kat5,1749_58_content_Deborah-byte_data-strictures-and-algorithms_binary-search-tree-algo.py_cleaned.py,0,0,0.995866060256958,0.004133968148380518
kat5,5835_v1_55_content_danmenjivar_huffman_huffman.py_cleaned.py,1,1,0.23810699582099915,0.7618929743766785
kat5,12692_23_content_aniket-gaikwad_Applied-Machine-learning-Project---Fall-2014_Boostrap.py_cleaned.py,0,0,0.9875683188438416,0.01243165135383606
kat5,4602_v1_2_content_Shanmukha-Y_SIngle-Exponential-Smoothing-_predict.py_cleaned.py,1,1,0.006797531619668007,0.9932025074958801
kat5,2300_26_content_Emersonxuelinux_One_Big_Archive_Listing_10-1.py_cleaned.py,0,0,0.9911527037620544,0.008847354911267757
kat5,11391_34_content_ptfn_rsa_main.py_cleaned.py,0,0,0.9891815781593323,0.010818447917699814
kat5,6054_24_content_lesdev_SortingMethods_radix.py_cleaned.py,0,0,0.9818752408027649,0.018124720081686974
kat5,13176_v1_98_content_pratz0499_web-scraping_flipkart.py_cleaned.py,1,1,0.1718936413526535,0.8281063437461853
kat5,6066_40_content_kurosh-wss_Insersion-Sort_insertionSort.py_cleaned.py,0,0,0.9621075391769409,0.0378924235701561
kat5,9046_3_content_iykadev_pyalgo_3plus1.py_cleaned.py,0,0,0.913135826587677,0.0868641659617424
kat5,4351_v1_10_content_ko-hii_EASY-Elliptic-curve-cryptography_rho.py_cleaned.py,1,1,0.004133968148380518,0.995866060256958
kat5,10270_v1_16_content_KIKIRPA_Maldi2PCA_maldi2pca.py_cleaned.py,1,1,0.36886027455329895,0.6311396956443787
kat5,8402_8_content_FelixHuangX_Naive-Bayes-for-Text-Classification_Naivebayes_train.py_cleaned.py,0,0,0.9826908707618713,0.017309095710515976
kat5,9956_6_content_usbogie_MSTcreator_Sollins.py_cleaned.py,0,1,0.014899643138051033,0.9851003289222717
kat5,895_4_content_Khante_Distance-Vector-Algorithm_link_1.py_cleaned.py,0,0,0.9796676635742188,0.020332353189587593
kat5,9431_v1_88_content_mrugankray_Polynomial-Linear-Regression-Written-In-Python_polynomial_regression.py_cleaned.py,1,1,0.009412589482963085,0.9905874133110046
kat5,5838_v1_7_content_sambiak_Codage-de-Huffman_v2.py_cleaned.py,1,1,0.13067321479320526,0.8693267703056335
kat5,1250_v1_92_content_tule2236_superheros-social-graph_degrees-of-seperation.py_cleaned.py,1,1,0.09073548763990402,0.9092645049095154
kat5,10242_60_content_fabaloc_PCA_PCAstepbystep.py_cleaned.py,0,0,0.956308901309967,0.043691057711839676
kat5,10610_v1_64_content_coronary_makerHubTool_testSheets.py_cleaned.py,1,1,0.13117322325706482,0.8688268065452576
kat5,3444_18_content_matinpf_ECDHE_RSA_Python_utils.py_cleaned.py,0,1,0.45519861578941345,0.5448014140129089
kat5,3178_77_content_mehtaravina_ScaleableComputingDFS_Client.py_cleaned.py,0,0,0.9896718263626099,0.010328153148293495
kat5,6067_42_content_matbot_Py_merge_vs_insert_sorts_insertionsort.py_cleaned.py,0,1,0.01353214867413044,0.9864678382873535
kat5,10593_v1_41_content_sweeneyde_IndexedHeap_dijkstra.py_cleaned.py,1,1,0.042245496064424515,0.9577545523643494
kat5,9087_3_content_iykadev_pyalgo_xiaolin_wus_line_algo.py_cleaned.py,0,0,0.9138304591178894,0.08616955578327179
kat5,10895_v1_75_content_yaroslava-tkachuk_quicksort_accelerated_quicksort_accelerated.py_cleaned.py,1,1,0.3603764772415161,0.6396235227584839
kat5,7246_v1_12_content_ianscottknight_Predicting-Myers-Briggs-Type-Indicator-with-Recurrent-Neural-Networks_trump_predictor.py_cleaned.py,1,1,0.3363310396671295,0.6636689305305481
kat5,11415_84_content_LatrecheYasser_Secure-Python-Chat_RC4.py_cleaned.py,0,1,0.02498779445886612,0.9750121831893921
kat5,60_v1_13_content_vatsal-rooprai_Image-Aesthetic-Evaluation_train_network.py_cleaned.py,1,1,0.2549724578857422,0.7450275421142578
kat5,2579_10_content_analyticsbot_document-similarity_word_mover_distance.py_cleaned.py,0,1,0.2260993868112564,0.77390056848526
kat5,12043_16_content_NB-prog_INTERN-2019_config.py_cleaned.py,0,0,0.9919379353523254,0.00806199200451374
kat5,6333_42_content_aryanshar_TextMining_magboard.py_cleaned.py,0,0,0.9252299070358276,0.07477004081010818
kat5,11453_v1_55_content_Jozhus_RSA-And-Linear-Cipher_RSA.py_cleaned.py,1,1,0.07585817575454712,0.9241418242454529
kat5,588_1_content_sadnessFree_arima-lstm_combine-svm.py_cleaned.py,0,1,0.36015138030052185,0.6398485898971558
kat5,2636_v1_11_content_kirokuan_Idf-tf-DocCompare_VectorSpace.py_cleaned.py,1,1,0.09073548763990402,0.9092645049095154
kat5,11465_v1_84_content_LatrecheYasser_Secure-Python-Chat_RC4.py_cleaned.py,1,1,0.002590979216620326,0.9974090456962585
kat5,2069_v1_3_content_Frogboxe_BubbleSort_GapiExtend.py_cleaned.py,1,1,0.36240488290786743,0.6375951170921326
kat5,8124_v1_15_content_VakinduPhilliam_Pattern_Matching_Python_Difflib_Pattern_Matching_Unified_Diff.py_cleaned.py,1,1,0.4342813491821289,0.5657186508178711
kat5,5051_v1_99_content_MatheusMuriel_ProgramacaoDinamica_Plotador.py_cleaned.py,1,1,0.0384661927819252,0.961533784866333
kat5,3456_26_content_bahadircolak44_EllipticCurve_PointAddition.py_cleaned.py,0,0,0.9895108342170715,0.010489091277122498
kat5,9360_53_content_iamrj846_Predicting-insurance-prices-with-Linear-Regression_MultipleLinearRegressionModel.py_cleaned.py,0,1,0.2881683111190796,0.7118317484855652
kat5,5289_v1_14_content_arnaudperalta_py_graphpath_graph.py_cleaned.py,1,1,0.2639786899089813,0.7360212802886963
kat5,2383_v1_80_content_hanas879_Payday-2-Big-Oil-Engine-Calculator_engineCalculator.py_cleaned.py,1,1,0.035544395446777344,0.9644556045532227
kat5,12779_v1_8_content_Develop-It-19_Random_Forest_RF_Classifier_Wine_Quality.py_cleaned.py,1,1,0.0960254967212677,0.9039745330810547
kat5,10814_16_content_KjHop_quick-sort_SortingClass.py_cleaned.py,0,0,0.9938070178031921,0.006192990578711033
kat5,11475_v1_95_content_anurag423_Python-Project_eKeyGen.py_cleaned.py,1,1,0.014957087114453316,0.985042929649353
kat5,6322_28_content_NurzatRakhman_k_means_k-means.py_cleaned.py,0,0,0.5852789282798767,0.4147210717201233
kat5,4959_13_content_danielSbastos_binary-fibonacci_transpose.py_cleaned.py,0,0,0.9938070178031921,0.006192990578711033
kat5,1460_40_content_jcarstenson_parallel_final_performanceTest.py_cleaned.py,0,0,0.9828232526779175,0.017176710069179535
kat5,9654_27_content_AdamClarksCode_Primes_primesBetter.py_cleaned.py,0,0,0.9926542043685913,0.007345826365053654
kat5,7196_12_content_ianscottknight_Predicting-Myers-Briggs-Type-Indicator-with-Recurrent-Neural-Networks_trump_predictor.py_cleaned.py,0,1,0.4588336646556854,0.541166365146637
kat5,13143_v1_71_content_EltonK888_web_scraping_c09_scrape.py_cleaned.py,1,1,0.06853749603033066,0.9314625263214111
kat5,5031_v1_51_content_UnPolinomio_fibonacci-number_numbers.py_cleaned.py,1,1,0.12252321094274521,0.8774768114089966
kat5,2305_2_content_anrputina_OutlierDenStream-BigDama18_readGroundTruth.py_cleaned.py,0,0,0.9939024448394775,0.006097561679780483
kat5,13140_v1_65_content_nyavramov_monitor_web_page_changes_monitor_unit_tests.py_cleaned.py,1,1,0.25945019721984863,0.7405498623847961
kat5,11424_93_content_EricElmoznino_rsa_emd_data_processing.py_cleaned.py,0,1,0.1540575623512268,0.8459424376487732
kat5,6111_v1_31_content_homeowmorphism_list-sorting-algorithms_quicksort.py_cleaned.py,1,1,0.0015011822106316686,0.998498797416687
kat5,7808_37_content_AAdewunmi_Following-Links-in-HTML-Using-BeautifulSoup_assign_12.6.py_cleaned.py,0,0,0.9482505321502686,0.05174954608082771
kat5,3754_39_content_hamidaucc_Link-state-protocol-in-python_Test.py_cleaned.py,0,0,0.9950177073478699,0.004982269834727049
kat5,6073_46_content_arun-p12_sort-algorithms_radix_sort.py_cleaned.py,0,0,0.9955315589904785,0.00446838466450572
kat5,5248_13_content_AtahanCelebi_En-K-sa-Yol_map_distance.py_cleaned.py,0,0,0.9783847332000732,0.02161533385515213
kat5,13126_v1_45_content_umtpfe_Projet-scrapy_test2.py_cleaned.py,1,1,0.031143832951784134,0.9688562154769897
kat5,4711_7_content_yicheng-w_70Factorial_app.py_cleaned.py,0,0,0.9925393462181091,0.007460643537342548
kat5,4722_97_content_mjurk456_mini-snakes_web_scrapper.py_cleaned.py,0,0,0.5945512652397156,0.40544870495796204
kat5,10268_v1_15_content_agarwalr98_PrincipalComponentAnalysis_PCAReconstruct_with_NoisyImages.py_cleaned.py,1,1,0.3402659296989441,0.6597340106964111
kat5,8699_v1_11_content_OlgaCobaquil_One-Time-Pad_onetimepad.py_cleaned.py,1,1,0.019946934655308723,0.9800530076026917
kat5,12988_13_content_Ha-Mundo_Weather-Application_app.py_cleaned.py,0,1,0.020964238792657852,0.9790357351303101
kat5,4341_6_content_gionanide_Cryptography_manipulate_CRC_computations.py_cleaned.py,0,0,0.9916841983795166,0.008315779268741608
kat5,9921_10_content_chiragragarwal_Graphs_And_Networks_ReadGraph.py_cleaned.py,0,0,0.77390056848526,0.2260993868112564
kat5,8455_v1_97_content_panjibagaskara_NaiveBayes_naive.py_cleaned.py,1,1,0.2889702320098877,0.7110297679901123
kat5,7236_v1_10_content_nishi1612_Email-Spam-Classification-using-SVM_processing_emails_to_find_occurance_of_words.py_cleaned.py,1,1,0.06804042309522629,0.9319595694541931
kat5,4597_v1_11_content_harishchellappa_Time-Series-Analysis-Bike-Sharing-Demand-Forecasting_forecasting_revenue.py_cleaned.py,1,1,0.06878728419542313,0.9312127232551575
kat5,2611_6_content_andrewcsmith_tf_infinite_ramble_similarity_matrix.py_cleaned.py,0,1,0.08509904146194458,0.9149009585380554
kat5,7826_v1_11_content_nick-commits_LinkedList_linkedlistprac.py_cleaned.py,1,1,0.0120537793263793,0.9879462122917175
kat5,7857_v1_3_content_coreymyster_linked-lists_stack.py_cleaned.py,1,1,0.034618839621543884,0.9653811454772949
kat5,6693_v1_6_content_cooperlab_KNN_Survival_DataManagement.py_cleaned.py,1,0,0.9783847332000732,0.02161533385515213
kat5,1449_29_content_udwivedi394_binarySearchTree_binarySearchTree.py_cleaned.py,0,0,0.9927672147750854,0.007232763338834047
kat5,2928_v1_28_content_tomsiwek_gprMax-Designer_operation.py_cleaned.py,1,1,0.06064055114984512,0.9393594861030579
kat5,2354_v1_2_content_anrputina_OutlierDenStream-BigDama18_readGroundTruth.py_cleaned.py,1,1,0.04054073989391327,0.9594592452049255
kat5,5299_v1_3_content_harisrkhan7_FloydWarshallAlgorithmParallelisation_goodgraph.py_cleaned.py,1,1,0.13963085412979126,0.8603691458702087
kat5,9056_3_content_iykadev_pyalgo_binaryTree2.py_cleaned.py,0,0,0.9953904151916504,0.004609572701156139
kat5,2311_39_content_ercjns_WinOfTheDay_toolbox.py_cleaned.py,0,1,0.013848611153662205,0.986151397228241
kat5,3445_20_content_FMI-VT_Simplest-OT-Python-Implementation_OT.py_cleaned.py,0,0,0.9936116337776184,0.006388320587575436
kat5,4767_v1_97_content_mjurk456_mini-snakes_love_calculator.py_cleaned.py,1,0,0.8327813148498535,0.1672186702489853
kat5,7803_2_content_Lok-lok_TestLinkedList_LinkedList.py_cleaned.py,0,0,0.9969245791435242,0.00307536986656487
kat5,9976_v1_12_content_diegooliveira95_PrimAndDijkstra_dijkstra.py_cleaned.py,1,1,0.01233610138297081,0.9876639246940613
kat5,9722_v1_8_content_lesscake_prime-numbers-eratosthenes_naive.py_cleaned.py,1,1,0.018689308315515518,0.9813107252120972
kat5,348_v1_13_content_ebchang_Apriori_Customer_Dataset_Aprori.py_cleaned.py,1,1,0.008445627987384796,0.9915544390678406
kat5,2299_24_content_UZziell_bigO-estimate_gui.py_cleaned.py,0,1,0.15002882480621338,0.8499711751937866
kat5,1448_28_content_pranav94_Self-balancing-BST_AVL.py_cleaned.py,0,1,0.04385456442832947,0.9561454057693481
kat5,11470_v1_8_content_hertelukas_rsa_primeCheck.py_cleaned.py,1,1,0.010013571009039879,0.9899863600730896
kat5,9698_v1_23_content_cjonsmith_prime_prime.py_cleaned.py,1,1,0.1063188761472702,0.8936811685562134
kat5,3508_v1_27_content_AlpCentaur_Diffie-Hellman-Implementation_Attack.py_cleaned.py,1,1,0.28706780076026917,0.7129322290420532
kat5,6924_4_content_mincanhe_Network-routing-protocol_kruskal.py_cleaned.py,0,1,0.20275872945785522,0.7972412705421448
kat5,10276_v1_28_content_mmelodea_CodesForPCA_pca_analysis2.py_cleaned.py,1,1,0.10338596254587173,0.8966140151023865
kat5,1234_v1_5_content_GregLahaye_wikipedia-game_game.py_cleaned.py,1,1,0.03138043358922005,0.9686195850372314
kat5,11413_78_content_jurrejelle_RSACrack_generate_all_quantum.py_cleaned.py,0,0,0.992061972618103,0.007937993854284286
kat5,3794_v1_1_content_shkolovy_path-finder-algorithms_b_star.py_cleaned.py,1,1,0.019870713353157043,0.9801293015480042
kat5,11454_v1_5_content_yifeng-lee_RSA-In-CTF_exp1.py_cleaned.py,1,0,0.5631377100944519,0.4368622899055481
kat5,8408_97_content_panjibagaskara_NaiveBayes_naive.py_cleaned.py,0,0,0.9926542043685913,0.007345826365053654
kat5,9933_1_content_muzixing_graph_algorithm_kruskal.py_cleaned.py,0,0,0.9945307374000549,0.005469274707138538
kat5,11418_87_content_SinaBahrami89_RSA-cryptosystem-with-different-prime-generators_RSA_Keys.py_cleaned.py,0,0,0.9802808165550232,0.01971912570297718
kat5,2313_4_content_mast-group_OpenVocabCodeNLM_create_subtoken_data.py_cleaned.py,0,1,0.004133968148380518,0.995866060256958
kat5,341_v1_11_content_rjtmahinay_fuzzy-association-rule-mining_Apriori.py_cleaned.py,1,1,0.14010077714920044,0.8598991632461548
kat5,83_v1_3_content_srimani-programmer_AES-Cryptographic-Tool_Script.py_cleaned.py,1,1,0.03704717382788658,0.9629528522491455
kat5,13116_v1_3_content_ahmedelfateh_scraping_CimaClub_scraper_HTTP.py_cleaned.py,1,1,0.0034296035300940275,0.996570348739624
kat5,5269_6_content_1siddhi7_Floyd-Warshall_fw.py_cleaned.py,0,0,0.9780517220497131,0.021948255598545074
kat5,10312_v1_93_content_djzgroup_Visual-basedCharacterEmbedding_word2vec_network.py_cleaned.py,1,1,0.1540575623512268,0.8459424376487732
kat5,1488_v1_19_content_BhargavAllarapu_Binary-Search-tree_binarySearchTree.py_cleaned.py,1,0,0.6857390403747559,0.31426095962524414
kat5,6957_v1_1_content_pinasu_Python-Kruskal_kruskal.py_cleaned.py,1,1,0.055005282163619995,0.9449946880340576
kat5,9682_v1_13_content_dannbleeker_SearchForPrimeNumbers_runPrimeSearch.py_cleaned.py,1,1,0.09367799758911133,0.9063219428062439
kat5,10588_v1_38_content_jeshan_dlq-to-telegram_configure-aws-cli.template.py_cleaned.py,1,1,0.028544152155518532,0.9714558720588684
kat5,2889_5_content_SirAeroWN_two_des_meet_in_the_middle_mitm.py_cleaned.py,0,1,0.14990434050559998,0.8500956892967224
kat5,2290_17_content_Selentiym_bigHWonOrderedSets_hw3.py_cleaned.py,0,0,0.9871788024902344,0.012821214273571968
kat5,5001_99_content_MatheusMuriel_ProgramacaoDinamica_Memoria.py_cleaned.py,0,0,0.9927672147750854,0.007232763338834047
kat5,7546_v1_15_content_jknight1725_linear_search_vs_random_search_binary_game.py_cleaned.py,1,1,0.3178495764732361,0.6821503639221191
kat5,7812_40_content_Bonifase_ShoppingList_app_tests.py_cleaned.py,0,1,0.11716748028993607,0.8828325867652893
kat5,4606_v1_6_content_morekeysjr_TechHubZambia_Project.py_cleaned.py,1,1,0.05582313984632492,0.9441768527030945
kat5,8658_17_content_blackhawk42_OTP-python_otp.py_cleaned.py,0,1,0.027272667735815048,0.972727358341217
kat5,9943_4_content_JosephFWright_Prims_Algorithm_Prims.py_cleaned.py,0,0,0.9900636076927185,0.009936418384313583
kat5,8964_v1_4_content_mrimahajan_advanced_analysis_package___init__.py_cleaned.py,1,1,0.15329548716545105,0.8467044830322266
kat5,6072_46_content_arun-p12_sort-algorithms_quick_sort.py_cleaned.py,0,0,0.997368335723877,0.0026316740550100803
kat5,12030_13_content_prachij94_Category-name-analysis-without-stopwords_stopwordsmcat.py_cleaned.py,0,0,0.9839708209037781,0.016029145568609238
kat5,11469_v1_89_content_shivamsaigupta_RSA_Generator_main.py_cleaned.py,1,1,0.004297938663512468,0.9957020878791809
kat5,1161_23_content_binaya07_8-puzzle_stack.py_cleaned.py,0,0,0.997285008430481,0.0027149852830916643
kat5,12067_4_content_ssghule_Naive-Bayes-and-Bag-of-Words-for-Text-Classification-Problem_geolocate.py_cleaned.py,0,0,0.9828232526779175,0.017176710069179535
kat5,6976_v1_5_content_gabriel-arauj_grafos_teste_desempenho.py_cleaned.py,1,1,0.009055264294147491,0.9909447431564331
kat5,5007_v1_13_content_danielSbastos_binary-fibonacci_columns.py_cleaned.py,1,0,0.5472221374511719,0.4527778923511505
kat5,12733_v1_13_content_gissimo_nsc_do_nsc.py_cleaned.py,1,1,0.28298813104629517,0.7170118689537048
kat5,955_v1_5_content_Wajahat-Khan_Bellman-Ford-Routing-Algorithm_DVR.py_cleaned.py,1,1,0.07290027290582657,0.9270997643470764
kat5,9368_61_content_piyush-taneja_Salary-Predictor_Random_Forest_Regression.py_cleaned.py,0,0,0.9777138829231262,0.02228618785738945
kat5,4754_v1_5_content_brown9804_Python_DiversosAlgortimos_CalculoParametrosBalonClimatico.py_cleaned.py,1,1,0.02046896517276764,0.9795310497283936
kat5,6988_v1_8_content_fepz_AyCC_disjoint_set.py_cleaned.py,1,1,0.0003920417802873999,0.9996079802513123
kat5,9964_8_content_brendanleeper_graph-algorithms_disjoint_sets.py_cleaned.py,0,0,0.957912266254425,0.042087726294994354
kat5,11419_89_content_shivamsaigupta_RSA_Generator_main.py_cleaned.py,0,1,0.05330468714237213,0.9466953873634338
kat5,9109_v1_3_content_iykadev_pyalgo_bresenhams_line_algo.py_cleaned.py,1,1,0.08725224435329437,0.9127477407455444
kat5,6673_v1_27_content_ppplinday_Picture-Classification-PCA-KNN_KNN-PCA.py_cleaned.py,1,1,0.22371606528759003,0.7762839198112488
kat5,605_2_content_yyqcs_time-series-model_encoder_decoder_full.py_cleaned.py,0,1,0.08945459872484207,0.9105454087257385
kat5,611_36_content_happycupofjava_Machine-Learning--Stock-Market-Prediction-using-ARIMA-Model_final_under_work.py_cleaned.py,0,0,0.9929881691932678,0.007011795416474342
kat5,3485_81_content_Saiteja-Reddy_Basic-SFTP_caesar_cipher.py_cleaned.py,0,0,0.9991169571876526,0.0008830458973534405
kat5,48_8_content_minjiang93_ECC_ecc.py_cleaned.py,0,0,0.7213507294654846,0.2786492109298706
kat5,1718_14_content_udwivedi394_binaryTree_ksumPath.py_cleaned.py,0,0,0.9928786158561707,0.00712142838165164
kat5,4298_10_content_kllinzy_Elliptic-Curve-Cryptography_point.py_cleaned.py,0,0,0.9971550703048706,0.0028449094388633966
kat5,7850_v1_2_content_judeisnotobscure_linked_list_linked_list.py_cleaned.py,1,1,0.02748069167137146,0.9725192785263062
kat5,3179_79_content_bewing03_DFS-Baseball_scrape.py_cleaned.py,0,0,0.9844563603401184,0.015543648041784763
kat5,8365_14_content_Dmujt_Naive-Bayes-Sentiment-Analysis_mutual_information.py_cleaned.py,0,0,0.9946150183677673,0.005384937860071659
kat5,2633_v1_10_content_sushant097_Chatbot-using-Python-NLTK-_ChatBot.py_cleaned.py,1,1,0.03760863468050957,0.9623913168907166
kat5,3738_15_content_ronma1_Dijkstra_graph_algo.py_cleaned.py,0,0,0.9901401400566101,0.00985985528677702
kat5,2097_v1_94_content_skatsd_Sorting-Algorithm-Visualiser_SORT_VISUALISER.py_cleaned.py,1,1,0.07949570566415787,0.9205042719841003
kat5,9707_v1_2_content_rdisipio_prime_numbers_primes.py_cleaned.py,1,1,0.03949040547013283,0.9605096578598022
kat5,1477_7_content_kristianespina_python-binary-search-tree_binary_search_tree.py_cleaned.py,0,0,0.9960545301437378,0.003945406526327133
kat5,13026_45_content_umtpfe_Projet-scrapy_pagej.py_cleaned.py,0,0,0.9637799859046936,0.03622005879878998
kat5,592_1_content_sadnessFree_arima-lstm_lstm_keras.py_cleaned.py,0,1,0.19072401523590088,0.8092759251594543
kat5,5497_70_content_metr0jw_video-liveness-measurement_video_cut_bts.py_cleaned.py,0,1,0.11162799596786499,0.888372004032135
kat5,2879_29_content_Q-Qing_DistributedLockDesign_leader_server.py_cleaned.py,0,0,0.9981030225753784,0.0018969200318679214
kat5,4356_v1_13_content_limqiying_crypto_final_project_EG-test.py_cleaned.py,1,1,0.20689405500888824,0.793105959892273
kat5,9928_17_content_eirikeve_maze_utils.py_cleaned.py,0,0,0.7789857983589172,0.22101424634456635
kat5,1489_v1_19_content_riccardobisori_Binary-Trees_TestHeights.py_cleaned.py,1,1,0.035544395446777344,0.9644556045532227
kat5,5473_32_content_Terry-Kusunoki-Martin_World-University-Rankings-Clustering_filehelper.py_cleaned.py,0,1,0.13296423852443695,0.8670357465744019
kat5,2631_v1_10_content_aptr288_Information_Retrieval_system_Indexer_main.py_cleaned.py,1,1,0.3122651278972626,0.687734842300415
kat5,8723_v1_2_content_riki95_Many-Time-Pad-Cracker_cracker.py_cleaned.py,1,1,0.07613248378038406,0.9238675236701965
kat5,9054_3_content_iykadev_pyalgo_binarySearch.py_cleaned.py,0,0,0.9824230670928955,0.017576882615685463
kat5,10237_57_content_SorenHeinze_Principal-Component-Analysis-with-missing-data-handling_nipals_algorithm.py_cleaned.py,0,0,0.8958876132965088,0.1041124165058136
kat5,7813_41_content_Titash21_Python-Representation-of-LinkedList_linkledistDelete.py_cleaned.py,0,0,0.9907320141792297,0.009268012829124928
kat5,11103_1_content_ilmanzo666_quadtree-image-decomposition_pyImgQuadTree.py_cleaned.py,0,0,0.9884918928146362,0.011508150026202202
kat5,10299_v1_73_content_hamk-uas_two-step-pca_two_step_pca.py_cleaned.py,1,1,0.1030244305729866,0.896975576877594
kat5,9955_6_content_usbogie_MSTcreator_Prims.py_cleaned.py,0,1,0.07903243601322174,0.9209675192832947
kat5,2058_v1_26_content_naviechan_sortingAlgorithmDemo_main.py_cleaned.py,1,1,0.07159119844436646,0.9284088015556335
kat5,5830_v1_45_content_craig-m-k_huffman-coding_heapify.py_cleaned.py,1,1,0.05623634159564972,0.9437636137008667
kat5,574_12_content_bellisanogiu_arimaModel_process.py_cleaned.py,0,0,0.9884918928146362,0.011508150026202202
kat5,2594_1_content_HarryBaker_LDAtopicSimilarity_similaritySuite.py_cleaned.py,0,0,0.9967774748802185,0.0032224839087575674
kat5,9406_v1_4_content_MphoKunene_Machine_learning-Polynomial-regression_poly.py_cleaned.py,1,1,0.008315779268741608,0.9916841983795166
kat5,3489_v1_12_content_michaelasper_Diffie-Hellman_diffie_hellman.py_cleaned.py,1,1,0.004755199886858463,0.9952448010444641
kat5,918_v1_1_content_dedeco_dijkstra-bellman-ford_grafo.py_cleaned.py,1,1,0.0792103260755539,0.9207897186279297
kat5,4719_97_content_mjurk456_mini-snakes_love_calculator.py_cleaned.py,0,0,0.9952448010444641,0.004755199886858463
kat5,7509_27_content_ashwinvis98_Particle-Swarm-Optimization-for-Robotic-Search-Applications_aruco_detect.py_cleaned.py,0,0,0.9782188534736633,0.02178117260336876
kat5,8131_v1_1_content_jim-spyropoulos_Trajectory-Analysis-and-Classification-in-Python-Pandas-and-Scikit-Learn_best_classifier.py_cleaned.py,1,1,0.08093671500682831,0.9190633296966553
kat5,6652_96_content_catirado_MachineLearning_kmeans.py_cleaned.py,0,0,0.9852713346481323,0.014728613197803497
kat5,12689_17_content_jmullercuber_HackHarvard2k16_RedditTest.py_cleaned.py,0,1,0.1037486270070076,0.896251380443573
kat5,11123_36_content_Zattri_tutorial-recursion_binary.py_cleaned.py,0,1,0.12347128242254257,0.8765287399291992
kat5,4596_v1_11_content_harishchellappa_Time-Series-Analysis-Bike-Sharing-Demand-Forecasting_forecasting_passes.py_cleaned.py,1,1,0.08035746961832047,0.9196425676345825
kat5,9136_v1_3_content_iykadev_pyalgo_xiaolin_wus_line_algo.py_cleaned.py,1,0,0.9138304591178894,0.08616955578327179
kat5,2912_v1_11_content_harshraj11584_Paper-Implementation-Overview-Gradient-Descent-Optimization-Sebastian-Ruder_adam.py_cleaned.py,1,1,0.01678549125790596,0.9832144975662231
kat5,4355_v1_13_content_limqiying_crypto_final_project_DH-test.py_cleaned.py,1,1,0.004681822843849659,0.9953181147575378
kat5,9047_3_content_iykadev_pyalgo_ackermann_func.py_cleaned.py,0,0,0.9869794845581055,0.013020489364862442
kat5,10243_60_content_fabaloc_PCA_RollingPCAonCDS.py_cleaned.py,0,0,0.9783847332000732,0.02161533385515213
kat5,9684_v1_14_content_delabi_prime_number-sieve_generate_prime_numbers.py_cleaned.py,1,1,0.4263215959072113,0.5736784338951111
kat5,2016_31_content_atorulia_Some-kind-of-sort-algorithm_InsertionSort.py_cleaned.py,0,1,0.07949570566415787,0.9205042719841003
kat5,56_v1_12_content_eyalr0_AES-Cryptoanalysis_plotRB.py_cleaned.py,1,1,0.0037654137704521418,0.9962345957756042
kat5,7851_v1_2_content_Lok-lok_TestLinkedList_LinkedList.py_cleaned.py,1,1,0.19072401523590088,0.8092759251594543
kat5,10534_35_content_PeterUpfold_simple-temp-queue-pusher_simple-temp-queue-pusher.py_cleaned.py,0,1,0.026861201971769333,0.9731387495994568
kat5,17_17_content_bickyeric_steganography_lsb.py_cleaned.py,0,0,0.998217761516571,0.001782196224667132
kat5,10003_v1_6_content_steviedale_random_maze_generator_main.py_cleaned.py,1,1,0.18653921782970428,0.8134608268737793
kat5,11763_v1_32_content_AAMergulhao_Sort_Algorithms_index.py_cleaned.py,1,1,0.0627892017364502,0.937210738658905
kat5,10235_49_content_christianThardy_Principal-Component-Analysis_pca.py_cleaned.py,0,0,0.9736446738243103,0.026355354115366936
kat5,10544_41_content_sweeneyde_IndexedHeap_dijkstra.py_cleaned.py,0,1,0.042245496064424515,0.9577545523643494
kat5,1215_v1_31_content_AmitD26_The-searching-pacman_projectParams.py_cleaned.py,1,0,0.973036527633667,0.026963500306010246
kat5,1207_v1_1_content_speix_8-puzzle-solver_state.py_cleaned.py,1,1,0.01890544779598713,0.9810945987701416
kat5,7271_v1_23_content_uthea_lemmatizer_test_lemma.py_cleaned.py,1,1,0.09534946084022522,0.9046505093574524
kat5,10572_v1_15_content_mahfuzali_AzureRSAPy_run.py_cleaned.py,1,1,0.2148561030626297,0.7851439118385315
kat5,11978_3_content_GentaHI_SteganografiLSB-ImageToImage_steganography.py_cleaned.py,0,1,0.4493926465511322,0.5506073832511902
kat5,11989_v1_5_content_SorinMA_steganografie_steganoDecode.py_cleaned.py,1,0,0.970687747001648,0.02931223064661026
kat5,4306_13_content_limqiying_crypto_final_project_EG-test.py_cleaned.py,0,0,0.7991290092468262,0.20087102055549622
kat5,11115_29_content_ntzhong_box_api_modify_links_main.py_cleaned.py,0,1,0.2849738299846649,0.7150261998176575
kat5,7822_6_content_programmer290399_Youtube-transcript-extractor_links_finder.py_cleaned.py,0,1,0.2970619201660156,0.7029380202293396
kat5,7536_v1_11_content_sichen-x_search-engine_linear_search.py_cleaned.py,1,1,0.005301894620060921,0.9946980476379395
kat5,1437_11_content_sergiy-chumachenko_Lists_sorting_and_binary_search_sort_BSCL.py_cleaned.py,0,0,0.9960545301437378,0.003945406526327133
kat5,9650_24_content_jakubfolta_PrimeNumber_Prime.py_cleaned.py,0,0,0.9975274205207825,0.0024726232513785362
kat5,3780_v1_11_content_langokalla_A-star-Pathfinder_map.py_cleaned.py,1,1,0.002889581024646759,0.9971103668212891
kat5,10591_v1_3_content_colinmcnicholl_queueing_theory_homework3_map6264a.py_cleaned.py,1,0,0.987375020980835,0.012624949216842651
kat5,5482_4_content_wazzaarvind_Clustering-Algorithms_reducer.py_cleaned.py,0,0,0.9940890073776245,0.005911068990826607
kat5,9991_v1_4_content_JosephFWright_Prims_Algorithm_Kruskals.py_cleaned.py,1,1,0.11971653252840042,0.8802834153175354
kat5,4093_v1_5_content_AdamJacoby_Hopf_Algebra_Tools.py_cleaned.py,1,1,0.0943434089422226,0.9056565761566162
kat5,4073_v1_13_content_Odarlie_fizz_buzz_programming_logic_andelab_fizz_buzz_bootcamp_function.py_cleaned.py,1,1,0.023870835080742836,0.9761291742324829
kat5,12035_14_content_ganigavinaya_NaiveBayes_NBwithoutStopWords.py_cleaned.py,0,0,0.9949396848678589,0.005060331895947456
kat5,5773_2_content_JoshuaEbenezer_huffman_encoding_huffman.py_cleaned.py,0,0,0.9884918928146362,0.011508150026202202
kat5,4108_v1_6_content_seonkyuKim_DFA_DFA.py_cleaned.py,1,1,0.011244560591876507,0.9887554049491882
kat5,10531_31_content_danieltshibangu_QueuePay_diranySolution.py_cleaned.py,0,0,0.9948603510856628,0.005139611195772886
kat5,12075_7_content_satyammittal_IRE-Stopping-Words_hindi.py_cleaned.py,0,0,0.9953181147575378,0.004681822843849659
kat5,9066_3_content_iykadev_pyalgo_execute_a_markov_algo.py_cleaned.py,0,0,0.9902915358543396,0.009708477184176445
kat5,344_v1_11_content_sidmishraw_cs-267-project_main.py_cleaned.py,1,1,0.09138210862874985,0.9086179733276367
kat5,6663_v1_16_content_frknozr_knn_knn.py_cleaned.py,1,1,0.03912164270877838,0.960878312587738
kat5,4325_2_content_cardwizard_EllipticCurves_math_helpers.py_cleaned.py,0,1,0.06008664518594742,0.9399133324623108
kat5,308_2_content_kaushiksk_multi-time-interval-apriori_config.py_cleaned.py,0,0,0.970687747001648,0.02931223064661026
kat5,1498_v1_29_content_udwivedi394_binarySearchTree_binarySearchTree.py_cleaned.py,1,1,0.007232763338834047,0.9927672147750854
kat5,11427_95_content_Choih0401_RSA_rsa_decode.py_cleaned.py,0,0,0.9678993225097656,0.03210070729255676
kat5,12401_40_content_phoolchandra_Text-Search-Engine_search.py_cleaned.py,0,0,0.9940890073776245,0.005911068990826607
kat5,12709_3_content_lostleaf_smear-detection_smear_det.py_cleaned.py,0,1,0.020023440942168236,0.9799765348434448
kat5,10240_59_content_SMByC_PCA4CD_pca4cd.py_cleaned.py,0,1,0.04655127599835396,0.9534487724304199
kat5,11729_7_content_meenaljain8001_BasicsOfPython-SelectionSort_selection_sort_in_python.py_cleaned.py,0,0,0.9871788024902344,0.012821214273571968
kat5,12120_v1_5_content_JoseAntonioMora_StopWords_Stopwords.py_cleaned.py,1,1,0.005139611195772886,0.9948603510856628
kat5,12107_v1_27_content_gaurav-raii_Topic-analysis-NLP-to-access-the-level-of-damage-during-a-car-crash._Text_Topic_analysis_and_classification.py_cleaned.py,1,1,0.1761041283607483,0.8238958716392517
kat5,3154_23_content_GaryXiongxiong_SubwayStationSearching_UseMapBFSFindSubway.py_cleaned.py,0,0,0.9959927201271057,0.004007288720458746
kat5,4680_19_content_bowiechen_FactorialDigitsSum_Counter.py_cleaned.py,0,1,0.1041124165058136,0.8958876132965088
kat5,2026_48_content_anowarh2514_Bubble-Sort-Algorithm-in-Python_Bubble_Sort_Algorithm.py_cleaned.py,0,0,0.9783847332000732,0.02161533385515213
kat5,6632_30_content_manojrameshrao_machine-learning-iris_iris_web3.py_cleaned.py,0,1,0.07640768587589264,0.9235923886299133
kat5,11449_v1_49_content_mrsondeptrai1999_RSA_Summer_2017_project_Decryption.py_cleaned.py,1,1,0.01578456163406372,0.9842154383659363
kat5,10552_53_content_haydentmichael_Assign4_TreeTraversal.py_cleaned.py,0,1,0.0045384312979876995,0.9954615235328674
kat5,11421_92_content_zaldis_RSA_tester.py_cleaned.py,0,1,0.1509026288986206,0.8490973711013794
kat5,9631_12_content_Rafelito19_Crypo-Number-Theory-Projects_ferm.py_cleaned.py,0,0,0.9915544390678406,0.008445627987384796
kat5,12032_13_content_preetidurai_Spam-Ham-Classification-using-NB-and-LR_naiveBayes.py_cleaned.py,0,0,0.9954615235328674,0.0045384312979876995
kat5,8453_v1_94_content_UniqueRoHo_NaiveBayes_Continuous.py_cleaned.py,1,1,0.14560063183307648,0.8543993234634399
kat5,5260_2_content_Ap1402_floydWarshall_floyd.py_cleaned.py,0,0,0.9843363761901855,0.015663649886846542
kat5,8663_1_content_anthonyzhub_One-Time-Pad_One-Time_Pad.py_cleaned.py,0,0,0.9504110217094421,0.04958902671933174
kat5,12089_v1_15_content_ganigavinaya_LogisticRegression_LRwithStopWords.py_cleaned.py,1,1,0.10447731614112854,0.8955226540565491
kat5,319_5_content_kushagradarkdk_AssociationRuleMining_Apriori_Comet.py_cleaned.py,0,0,0.9969722032546997,0.0030278353951871395
kat5,3148_17_content_kwikadi_BFS-v-DFS_dfs.py_cleaned.py,0,0,0.9914224743843079,0.008577484637498856
kat5,1737_33_content_hexingwei_Binary-tree_tree.py_cleaned.py,0,0,0.9903663396835327,0.009633652865886688
kat5,4032_20_content_IbrahimAyed_Multifractal-analysis-of-natural-images_zoom.py_cleaned.py,0,0,0.980728805065155,0.019271135330200195
kat5,10535_35_content_saboyle_asyncio-pg-nats-bridge_apg_bridge.py_cleaned.py,0,1,0.04115288704633713,0.9588471055030823
kat5,4598_v1_1_content_amazingspain_ExponentialSmoothing_finalWorldQuant.py_cleaned.py,1,1,0.005384937860071659,0.9946150183677673
kat5,346_v1_12_content_rileyqi_Apriori-Algorithm-Python_apriori.py_cleaned.py,1,1,0.005469274707138538,0.9945307374000549
kat5,6677_v1_29_content_vtheno_kNN_one_line.py_cleaned.py,1,1,0.008315779268741608,0.9916841983795166
kat5,11710_28_content_kurtalex_selection_sort_alhorithm_selection_sort.py_cleaned.py,0,1,0.043365802615880966,0.9566342234611511
kat5,11107_23_content_HakimdarC_Fibonacci-Sequence_fibfirst.py_cleaned.py,0,0,0.9914224743843079,0.008577484637498856
kat5,9983_v1_1_content_muzixing_graph_algorithm_kruskal.py_cleaned.py,1,1,0.0017274586716666818,0.9982725381851196
kat5,643_v1_1_content_sadnessFree_arima-lstm_muilt_lstm.py_cleaned.py,1,1,0.13206614553928375,0.8679338097572327
kat5,10542_3_content_colinmcnicholl_queueing_theory_homework3_map6264a.py_cleaned.py,0,0,0.985042929649353,0.014957087114453316
kat5,13142_v1_71_content_EltonK888_web_scraping_c01_scrape.py_cleaned.py,1,0,0.966663122177124,0.0333368219435215
kat5,628_v1_14_content_gubo2012_hybrid-ARIMA-LSTM-model_hybrid_ARIMA_LSTM_model.py_cleaned.py,1,1,0.37845906615257263,0.621540904045105
kat5,3199_v1_18_content_vikasgola_graph-search-algorithms_graph.py_cleaned.py,1,1,0.05644402652978897,0.9435559511184692
kat5,8933_2_content_Liu-WeiYi_Private_Preserving_Outlier_Behavior_Detection_Abnormal_Scenario_Generation.py_cleaned.py,0,0,0.970687747001648,0.02931223064661026
kat5,4603_v1_3_content_cdr6934_eSMA_ExpSMA.py_cleaned.py,1,1,0.05480259656906128,0.9451974034309387
kat5,10282_v1_3_content_HelloJahid_PCA-Principal-Component-Analysis-_PCA_with_Iris_datsets.py_cleaned.py,1,1,0.21288587152957916,0.7871142029762268
kat5,5754_17_content_fekadeabdejene_HuffmanEncoding_Huffman.py_cleaned.py,0,1,0.06233103945851326,0.9376689791679382
kat5,8662_19_content_DennyHsieh_many-time-pad-attack_decrypt.py_cleaned.py,0,1,0.01805533654987812,0.9819446802139282
kat5,4092_v1_4_content_flaviohenriqu_divisibility_flaskapp.py_cleaned.py,1,1,0.09401018917560577,0.9059898257255554
kat5,4969_30_content_pwneip_fibonacci_fibonacci.py_cleaned.py,0,0,0.987375020980835,0.012624949216842651
kat5,10568_v1_10_content_hmjansen_overflow-algorithm_overflow_algorithm.py_cleaned.py,1,1,0.011869121342897415,0.9881309270858765
kat5,5544_v1_68_content_ajitashree_Data_Mining_Algorithms_eclat.py_cleaned.py,1,1,0.006903838366270065,0.9930961728096008
kat5,580_17_content_strategist922_sales_forecast_ana.py_cleaned.py,0,0,0.9722043871879578,0.02779562398791313
kat5,6377_v1_36_content_OneWinged-Eagle_spotimy_getFeatures.py_cleaned.py,1,1,0.24256429076194763,0.75743567943573
kat5,9673_8_content_lesscake_prime-numbers-eratosthenes_naive.py_cleaned.py,0,0,0.9935117363929749,0.0064882696606218815
kat5,1741_3_content_WDI-SEA_python-binary-trees_twenty_questions.py_cleaned.py,0,1,0.020023440942168236,0.9799765348434448
kat5,10828_26_content_hemidactylus_skanfixer_sfUtilities.py_cleaned.py,0,0,0.9886682629585266,0.011331754736602306
kat5,11703_23_content_AMARPATEEL_Selection-sort-in-python_selection_by_user_input.py_cleaned.py,0,0,0.986151397228241,0.013848611153662205
kat5,11751_v1_22_content_thctds_Sorts1_insertionSort.py_cleaned.py,1,1,0.09318171441555023,0.9068183302879333
kat5,12441_v1_24_content_arjun1438_TF-IDF-and-Word2Vec-Using-PySpark_word_count_per_bookv1.py_cleaned.py,1,1,0.04146227240562439,0.9585376977920532
kat5,12431_94_content_ianscottknight_Predicting-Myers-Briggs-Type-Indicator-with-Recurrent-Neural-Networks_make_test_set.py_cleaned.py,0,0,0.8910549879074097,0.10894504189491272
kat5,3144_11_content_liubing220524_DFSL-for-hyperspectral-image-classification_KNN.py_cleaned.py,0,0,0.9832144975662231,0.01678549125790596
kat5,5284_v1_12_content_byu014_all-pairs-shortest-path_allPairsShortestPath.py_cleaned.py,1,1,0.3411433696746826,0.6588566303253174
kat5,4758_v1_5_content_brown9804_Python_DiversosAlgortimos_VerificaFechaValidaCalendario.py_cleaned.py,1,1,0.13206614553928375,0.8679338097572327
kat5,7524_6_content_neal-o-r_array_search_binary_search.py_cleaned.py,0,1,0.1555909812450409,0.8444089889526367
kat5,11973_2_content_IhsanPratama_ccvs_functions.py_cleaned.py,0,0,0.9790357351303101,0.020964238792657852
kat5,902_4_content_rcornacchia_bellman-ford_testclient.py_cleaned.py,0,1,0.2643583416938782,0.735641598701477
kat5,7782_17_content_yujiex9_LinkedList_LinkedList.py_cleaned.py,0,0,0.9981324076652527,0.0018675659084692597
kat5,13107_v1_34_content_subhendu01_Web-Scraping_imdb_multi_pagescapping.py_cleaned.py,1,1,0.1859472095966339,0.8140527606010437
kat5,9411_v1_56_content_Desire100_Machine-Learning-Regression-Models-for-beginners_simple_linear_regression.py_cleaned.py,1,1,0.06512755155563354,0.9348725080490112
kat5,12044_16_content_NB-prog_INTERN-2019_DataHandler.py_cleaned.py,0,0,0.9695556163787842,0.030444350093603134
kat5,6676_v1_29_content_rahuljohnny_Bangla_OCR_Using_KNN_O6_word_segmenter.py_cleaned.py,1,1,0.14792406558990479,0.8520758748054504
kat5,9356_48_content_pareekajay2_Polynomial-Regression_Position_Salaries.py_cleaned.py,0,1,0.03541072458028793,0.9645892381668091
kat5,6108_v1_30_content_rogerdenisvieira_bidirectional-conditional-insertion-sort_data_generator.py_cleaned.py,1,1,0.0064381021074950695,0.993561863899231
kat5,12777_v1_85_content_CodeRika_TweetsSentimentAnalyzer_graph.py_cleaned.py,1,1,0.04569203406572342,0.954308032989502
kat5,3173_6_content_ticotheps_Graphs_notes_day_3.py_cleaned.py,0,0,0.7236024737358093,0.2763974666595459
kat5,4605_v1_6_content_hungph-dev-ict_simple-exponential-smoothing_main.py_cleaned.py,1,1,0.004829722456634045,0.9951702952384949
kat5,9930_1_content_bhedavivek_prims_algorithm_heap.py_cleaned.py,0,0,0.9937100410461426,0.006289901677519083
kat5,4590_8_content_6test5_expsmooth_expsmooth.py_cleaned.py,0,1,0.4970703423023224,0.5029296278953552
kat5,3492_v1_16_content_hoefler02_diffie-hellman_dh_client.py_cleaned.py,1,1,0.0034296035300940275,0.996570348739624
kat5,10608_v1_61_content_lgphone_delay-queue_timer.py_cleaned.py,1,1,0.06853749603033066,0.9314625263214111
kat5,10309_v1_8_content_Mkarami3_Pattern_recognition_dynamic_PCA_ICA_DPCA.py_cleaned.py,1,1,0.3317689299583435,0.6682310700416565
kat5,12331_3_content_Lochanahasith_t-Distributed-Stochastic-Neighbor-Embedding-t-SNE-on-EC-dataset_tsne_with_ec.py_cleaned.py,0,0,0.9884026646614075,0.011597362346947193
kat5,2907_92_content_FranzScheerer_DES_safeprime.py_cleaned.py,0,0,0.9927672147750854,0.007232763338834047
kat5,11436_v1_1_content_zsra_RSA_keygen_prime.py_cleaned.py,1,1,0.05203782394528389,0.9479621648788452
kat5,12100_v1_18_content_Mital188_Logistic-Regression_logistic_regression.py_cleaned.py,1,1,0.04240383207798004,0.9575962424278259
kat5,13152_v1_76_content_staticparsley_HackerNews_WebScrape_scrape.py_cleaned.py,1,1,0.0027576221618801355,0.9972423315048218
kat5,5753_16_content_MiKoronjoo_Python-Huffman-coding_decoding.py_cleaned.py,0,1,0.008711383678019047,0.9912885427474976
kat5,9049_3_content_iykadev_pyalgo_anagram.py_cleaned.py,0,0,0.9910145401954651,0.008985428139567375
kat5,311_3_content_Avinash793_FPGrowth-and-Apriori-algorithm-Association-Rule-Data-Mining_Apriori-algorithm-using-HashTree.py_cleaned.py,0,0,0.9939024448394775,0.006097561679780483
kat5,5821_v1_2_content_JoshuaEbenezer_huffman_encoding_huffman.py_cleaned.py,1,1,0.10894504189491272,0.8910549879074097
kat5,6346_62_content_wang2226_Clustering_k-means_plot.py_cleaned.py,0,0,0.7779753804206848,0.22202469408512115
kat5,5464_25_content_83Shashi_Hierarchical-Clustering_hierarchicalclustering.py_cleaned.py,0,0,0.976669192314148,0.023330768570303917
kat5,8412_v1_12_content_chiforbogdan_naive-bayes-reputation_naive_bayes.py_cleaned.py,1,1,0.04501553252339363,0.9549844264984131
kat5,9364_60_content_morselofdonut_Visual-Classifiers_main.py_cleaned.py,0,0,0.9826908707618713,0.017309095710515976
kat5,2922_v1_22_content_nuzhamusyafira_des-rsa_Server.py_cleaned.py,1,1,0.03676946461200714,0.963230550289154
kat5,4995_69_content_soldat76_FibonacciGenerator_FibonacciGenerator.py_cleaned.py,0,0,0.9907320141792297,0.009268012829124928
kat5,7541_v1_11_content_sichen-x_search-engine_words.py_cleaned.py,1,1,0.4258440136909485,0.5741560459136963
kat5,4304_13_content_FN-HD_Elliptic_Curve_Cryptography_Main.py_cleaned.py,0,1,0.3153141438961029,0.6846858263015747
kat5,27_22_content_SivaRanjan17_AES-Multi-Client-Chat-System_client.py_cleaned.py,0,1,0.02280263602733612,0.9771973490715027
kat5,293_11_content_SabikAbtahee_Apriori-Implementation_AprioriMain.py_cleaned.py,0,0,0.9949396848678589,0.005060331895947456
kat5,6093_v1_21_content_CanKorkut_Python-Sort-Algorithm_quick.py_cleaned.py,1,1,0.031143832951784134,0.9688562154769897
kat5,9119_v1_3_content_iykadev_pyalgo_fibo.py_cleaned.py,1,1,0.007695647422224283,0.9923043847084045
kat5,2935_v1_46_content_hackabit19__destroyingRecursively__vibration.py_cleaned.py,1,1,0.2120688110589981,0.7879312038421631
kat5,5042_v1_67_content_GilbyScarChest_Fibonacci_API_app.py_cleaned.py,1,1,0.018546564504504204,0.9814534187316895
kat5,4320_27_content_ayaar25_elgamalecceg_elgamal.py_cleaned.py,0,0,0.9915544390678406,0.008445627987384796
kat5,2676_v1_9_content_vbelz_Movie-recommender_recommender_tools.py_cleaned.py,1,1,0.14590460062026978,0.8540953993797302
kat5,8097_4_content_sumedhvdatar_Longest_Common_Subsequence_lcs.py_cleaned.py,0,0,0.9926542043685913,0.007345826365053654
kat5,1168_33_content_gquintela_bfs_graph.py_cleaned.py,0,0,0.9992445707321167,0.000755405577365309
kat5,2905_92_content_FranzScheerer_DES_P3160.py_cleaned.py,0,0,0.9833430051803589,0.016657039523124695
kat5,8437_v1_5_content_adityadas8888_Naive-Bayes_naive_bayes.py_cleaned.py,1,1,0.24508501589298248,0.7549149990081787
kat5,5461_20_content_a-hamza-r_Hierarchical-Clustering_hpc_classify.py_cleaned.py,0,1,0.030444350093603134,0.9695556163787842
kat5,12458_v1_55_content_AustinZuniga_Auto-tagging-of-Theses-and-Dissertations-of-Bicol-University-Searching-and-Matching-_main.py_cleaned.py,1,1,0.14804719388484955,0.851952850818634
kat5,339_v1_10_content_subashgandyer_Anti-mirror-Apriori_antimirror.py_cleaned.py,1,0,0.9726234674453735,0.027376487851142883
kat5,11776_v1_6_content_HananBahy_linkedLlist-and-selection-sort_linkedlistuno.py_cleaned.py,1,1,0.1352320909500122,0.8647679686546326
kat5,2082_v1_59_content_nicolaschen1_SortingAlgorithms_sortingAlgorithms.py_cleaned.py,1,1,0.031143832951784134,0.9688562154769897
kat5,10536_36_content_dchrostowski_autoproxy_dry_run.py_cleaned.py,0,0,0.9933071732521057,0.006692850962281227
kat5,4768_v1_97_content_mjurk456_mini-snakes_pesel.py_cleaned.py,1,1,0.09739039838314056,0.9026095867156982
kat5,1248_v1_8_content_abpaudel_8-puzzle_iddfs.py_cleaned.py,1,1,0.012722709216177464,0.9872773289680481
kat5,5546_v1_6_content_yasinakinn_hierarchical-clustering_linkage_methods.py_cleaned.py,1,1,0.018124720081686974,0.9818752408027649
kat5,4375_v1_2_content_cardwizard_EllipticCurves_math_helpers.py_cleaned.py,1,1,0.01798621006309986,0.9820137619972229
kat5,4335_4_content_JakubVojvoda_elliptic-curve-brute-force_decipher.py_cleaned.py,0,0,0.9949396848678589,0.005060331895947456
kat5,8449_v1_8_content_FelixHuangX_Naive-Bayes-for-Text-Classification_Naivebayes_train.py_cleaned.py,1,1,0.0025114635936915874,0.9974884986877441
kat5,3469_46_content_ADsecu_diffie-hellman-KE_dh.py_cleaned.py,0,0,0.9549844264984131,0.04501553252339363
kat5,12718_62_content_arushigupta148_Hybrid-Architecture-for-Numeral-Handwritten-Recognition_Multi-Model.py_cleaned.py,0,0,0.9867772459983826,0.013222822919487953
kat5,12027_10_content_zpeterg_bmig_5003_count_words_getFile_test.py_cleaned.py,0,1,0.1041124165058136,0.8958876132965088
kat5,1187_6_content_raghavgr_Go-Game_gridGo.py_cleaned.py,0,0,0.9884918928146362,0.011508150026202202
kat5,10861_v1_14_content_atakanipekci_QuickSortLomutoAndHoare_quickSortsComp.py_cleaned.py,1,1,0.06560482829809189,0.9343951344490051
kat5,4076_v1_15_content_leni1_python-fizzbuzz_fizzbuzz_test.py_cleaned.py,1,1,0.05707140266895294,0.9429286122322083
kat5,9395_v1_25_content_01FE16BME072_PolynomialRegression_polyregmy.py_cleaned.py,1,1,0.07668379694223404,0.9233161807060242
kat5,12685_13_content_zerolxf_VRL-SGD_textCNN.py_cleaned.py,0,0,0.9863631129264832,0.013636834919452667
kat5,12341_v1_2_content_jdk20_tsne_main.py_cleaned.py,1,1,0.06418264657258987,0.9358173608779907
kat5,665_v1_41_content_NivedChowdary_Rain-Fall-Prediction-Using-ARIMA_wp3.py_cleaned.py,1,1,0.022977370768785477,0.977022647857666
kat5,3240_v1_93_content_malaybhattacharyya_DFSLab_quicksort.py_cleaned.py,1,1,0.01353214867413044,0.9864678382873535
kat5,9099_v1_3_content_iykadev_pyalgo_anagram.py_cleaned.py,1,1,0.06394842267036438,0.936051607131958
kat5,647_v1_23_content_michailx_arima_example_arima_predictor.py_cleaned.py,1,1,0.34521564841270447,0.6547843813896179
kat5,13093_v1_20_content_ArnoldKuo_scraper_scrape_anime.py_cleaned.py,1,1,0.049958523362874985,0.9500414729118347
kat5,2008_26_content_naviechan_sortingAlgorithmDemo_main.py_cleaned.py,0,0,0.9907320141792297,0.009268012829124928
kat5,1484_v1_11_content_mrluin_EfficientAutoDeeplab_evaluation.py_cleaned.py,1,1,0.36500388383865356,0.6349961161613464
kat5,6063_31_content_homeowmorphism_list-sorting-algorithms_quicksort.py_cleaned.py,0,0,0.986151397228241,0.013848611153662205
kat5,5794_v1_10_content_selden-lin_python_huffman_tree_decompressor_nodes.py_cleaned.py,1,1,0.3707948327064514,0.6292052268981934
kat5,11468_v1_87_content_SinaBahrami89_RSA-cryptosystem-with-different-prime-generators_RSA_Keys.py_cleaned.py,1,1,0.0031236486975103617,0.9968763589859009
kat5,11112_27_content_michaelbauerinc_TowersOfHanoi_node.py_cleaned.py,0,0,0.5765419602394104,0.4234580099582672
kat5,12396_2_content_ampresent_keyxtractor_server.py_cleaned.py,0,1,0.12852513790130615,0.8714748620986938
kat5,1767_v1_12_content_jcarstenson_parallel_final_performanceTest.py_cleaned.py,1,1,0.06804042309522629,0.9319595694541931
kat5,5465_25_content_MarcLindenbach_2d-grouping_k_cluster.py_cleaned.py,0,1,0.35863375663757324,0.641366183757782
kat5,8396_78_content_uptodiff_kdd-cup-99-Analysis-machine-learning-python_kdd_binary_classification_ANN.py_cleaned.py,0,1,0.1901218295097351,0.8098781704902649
kat5,13104_v1_32_content_DarylBui_webscraping_YelpAPI.py_cleaned.py,1,1,0.12378869205713272,0.8762113451957703
kat5,2090_v1_79_content_lorenzo3117_python-sorting-scripts_heapSort.py_cleaned.py,1,1,0.0019117692718282342,0.9980881810188293
kat5,7253_v1_14_content_Qutuf_Qutuf_urls.py_cleaned.py,1,1,0.12294380366802216,0.8770562410354614
kat5,8149_v1_6_content_greed2411_LCS_try.py_cleaned.py,1,1,0.026355354115366936,0.9736446738243103
kat5,3747_23_content_cheewoei1997_dijkstras-algorithm_graphFunctions.py_cleaned.py,0,1,0.015130728483200073,0.9848692417144775
kat5,13120_v1_42_content_naomistuart_flight-scraping_flightscraper2.py_cleaned.py,1,1,0.13443465530872345,0.8655654191970825
kat5,12428_7_content_DeFacto_DeFactoNLP_sentence_retrieval.py_cleaned.py,0,0,0.9936116337776184,0.006388320587575436
kat5,10884_v1_30_content_choogeboom_photo-sorter_photo_sorter.py_cleaned.py,1,1,0.06954174488782883,0.9304582476615906
kat5,10296_v1_6_content_LinHungShi_Principal-Component-Analysis-for-Images_pca_blocks.py_cleaned.py,1,1,0.053009770810604095,0.9469902515411377
kat5,6383_v1_42_content_aryanshar_TextMining_magboard.py_cleaned.py,1,1,0.015306354500353336,0.9846936464309692
kat5,4367_v1_20_content_UAvinash7_Cryptography_SymmmetricAESAlogrithm.py_cleaned.py,1,1,0.02898062951862812,0.9710193276405334
kat5,12395_28_content_misbahulard_search-engine-tfidf_app.py_cleaned.py,0,0,0.9719924926757812,0.028007520362734795
kat5,4342_6_content_gionanide_Cryptography_superincreasing_knapsack.py_cleaned.py,0,0,0.9828232526779175,0.017176710069179535
kat5,3182_83_content_sjatakia_Path-of-Prime-Numbers_assignment1_p4.py_cleaned.py,0,0,0.9878528118133545,0.01214717049151659
kat5,49_9_content_john-salman_ECB_decryption_ECB.py_cleaned.py,0,0,0.995866060256958,0.004133968148380518
kat5,13005_31_content_sherpadee_WebScrapingDemo_browsertest.py_cleaned.py,0,1,0.36199599504470825,0.6380040049552917
kat5,9107_v1_3_content_iykadev_pyalgo_binary_search2.py_cleaned.py,1,1,0.06853749603033066,0.9314625263214111
kat5,7844_v1_24_content_lavi09_Linked-Lists_findingnnodelinkedlist.py_cleaned.py,1,1,0.011158030480146408,0.9888418912887573
kat5,5524_v1_36_content_hasanunl_Hierarchical-Clustering-in-Python-Training_hc_training.py_cleaned.py,1,1,0.007460643537342548,0.9925393462181091
kat5,4604_v1_3_content_RobbieXie_ExponentialSmoothing_Holt_Winters.py_cleaned.py,1,1,0.1200256273150444,0.879974365234375
kat5,3776_95_content_anapandza_ComputerNetworks_Dijkstra.py_cleaned.py,0,0,0.9938070178031921,0.006192990578711033
kat5,12126_v1_9_content_ttm62_customized_RAKE_RAKE.py_cleaned.py,1,1,0.13117322325706482,0.8688268065452576
kat5,9662_35_content_ZachDischner_FizzBuzz_fizzbuzz.py_cleaned.py,0,0,0.9890130758285522,0.01098694372922182
kat5,1730_25_content_surbhisinghal_Binary-Tree-leftchild-rightsib_tree.py_cleaned.py,0,0,0.9934101700782776,0.006589771248400211
kat5,10551_52_content_NYU-Molecular-Pathology_queue-stats_qstats.py_cleaned.py,0,1,0.029760094359517097,0.9702399373054504
kat5,7248_v1_12_content_romanorac_elastic_localized_search_controller_elastic.py_cleaned.py,1,1,0.4995117485523224,0.50048828125
kat5,6355_80_content_julianlafaye_ML-Problem-Set-5-Problem-3_k-means.py_cleaned.py,0,1,0.002590979216620326,0.9974090456962585
kat5,1727_20_content_kristianespina_python-binary-search-tree_binary_search_tree.py_cleaned.py,0,0,0.9960545301437378,0.003945406526327133
kat5,10273_v1_23_content_ymohanty_data-analysis_analysis.py_cleaned.py,1,1,0.1030244305729866,0.896975576877594
kat5,10603_v1_56_content_joseph-njogu_Rabbitmq_worker.py_cleaned.py,1,1,0.10017222166061401,0.8998277187347412
kat5,12082_v1_13_content_preetidurai_Spam-Ham-Classification-using-NB-and-LR_naiveBayes.py_cleaned.py,1,1,0.12231338024139404,0.8776865601539612
kat5,11124_36_content_Zattri_tutorial-recursion_recursion.py_cleaned.py,0,0,0.5156199336051941,0.4843800961971283
kat5,5469_29_content_SomeshKashyap_Hierarchical-Clustering_HierarchicalClustering.py_cleaned.py,0,0,0.9822876453399658,0.017712296918034554
kat5,10886_v1_3_content_iRGBit_indexhelper_all_indexer.py_cleaned.py,1,1,0.03649376705288887,0.9635062217712402
kat5,4071_v1_12_content_Subhamacademia_Efficient-way-to-Check-the-Divisibility-of-a-Number-by-Three_ex0.py_cleaned.py,1,1,0.01098694372922182,0.9890130758285522
kat5,3516_v1_35_content_DiarmuidKelly_Key_Exchange_diffie_hellman.py_cleaned.py,1,1,0.0025509123224765062,0.9974491000175476
kat5,2030_54_content_gly11_Sort_sort_numbers.py_cleaned.py,0,0,0.9919379353523254,0.00806199200451374
kat5,9432_v1_8_content_GHasanKaraman_CS_PolynomialRegression_pr3.py_cleaned.py,1,1,0.0534033328294754,0.9465966820716858
kat5,3477_66_content_chhaiyashrey_Security-Implementation-of-MODBUS-Communication-between-Server-and-Client_secure_modbus_server.py_cleaned.py,0,1,0.23274582624435425,0.7672541737556458
kat5,86_v1_5_content_LuttaKing_AES-style-Encryptor-Decryptor_encryptorGUI.py_cleaned.py,1,1,0.014728613197803497,0.9852713346481323
kat5,8071_15_content_VakinduPhilliam_Pattern_Matching_Python_Difflib_Pattern_Matching_N_Diff.py_cleaned.py,0,0,0.7541915774345398,0.2458084672689438
kat5,3478_68_content_Nircek_DiffHell2_main.py_cleaned.py,0,1,0.104843370616436,0.8951566815376282
kat5,13137_v1_64_content_andrewrgoss_yahoo-fantasy-fball-scraper_historical_draft_results.py_cleaned.py,1,1,0.1127953976392746,0.8872045874595642
kat5,9050_3_content_iykadev_pyalgo_anagram2.py_cleaned.py,0,0,0.9891815781593323,0.010818447917699814
kat5,11162_v1_29_content_gdkat_Recursive-DNS-Client-Server-Communication_rs.py_cleaned.py,1,0,0.6905590891838074,0.3094409108161926
kat5,13037_60_content_Ksyula_Multithreading-Scraping-in-Python_main.py_cleaned.py,0,0,0.9953904151916504,0.004609572701156139
kat5,1721_18_content_HDShaw_Runaway-Reservation-System-BST-_AVL_tree.py_cleaned.py,0,0,0.9937100410461426,0.006289901677519083
kat5,13076_97_content_VangaPoornaChand_Web-Scraping-Collections__1__Flipkart_Web_Scraping.py_cleaned.py,0,0,0.9626730680465698,0.037326883524656296
kat5,8152_v1_7_content_kanthagirish-rit_lcs-project_memoization.py_cleaned.py,1,1,0.34620964527130127,0.6537903547286987
kat5,1495_v1_24_content_Patrik-Stas_kata-bst-tree_bst_ll.py_cleaned.py,1,1,0.10266400873661041,0.897335946559906
kat5,11765_v1_33_content_ilkayDevran_Analysis_of_Sorting_Algorithms_allInOne.py_cleaned.py,1,1,0.06394842267036438,0.936051607131958
kat5,1795_v1_4_content_fcunhaneto_py-binary-trees-draw_handletrees.py_cleaned.py,1,1,0.17217186093330383,0.8278281688690186
kat5,4311_18_content_FN-HD_Elliptic_Curve_Cryptography_Fp_main.py_cleaned.py,0,0,0.929440438747406,0.07055959850549698
kat5,6902_16_content_sharatchandraj_MaxBandwidthPath_DijkstrasWithHeap.py_cleaned.py,0,0,0.9973269701004028,0.0026730059180408716
kat5,1494_v1_22_content_N8Brooks_lcs_hash_search_parallel_hash_search.py_cleaned.py,1,1,0.14463144540786743,0.8553685545921326
kat5,7830_v1_16_content_arifromadhan19_LinkedList_simple_linked_list.py_cleaned.py,1,1,0.034100428223609924,0.9658995866775513
kat5,1806_v1_7_content_aira26_HomeWork3_bubblesortclass.py_cleaned.py,1,1,0.013636834919452667,0.9863631129264832
kat5,13024_45_content_umtpfe_Projet-scrapy_gglev4.py_cleaned.py,0,0,0.9167081117630005,0.0832919329404831
kat5,7786_1_content_morganc3_LinkedInHarvester_harvest.py_cleaned.py,0,0,0.9791954755783081,0.02080448903143406
kat5,642_v1_1_content_sadnessFree_arima-lstm_lstm_keras.py_cleaned.py,1,1,0.1555909812450409,0.8444089889526367
kat5,360_v1_2_content_nrohani_AssosiationRules_TransactionEncoder.py_cleaned.py,1,1,0.03138043358922005,0.9686195850372314
kat5,11767_v1_35_content_sviznyuk_pokemon-selection_select_pokemon.py_cleaned.py,1,1,0.05623634159564972,0.9437636137008667
kat5,5033_v1_60_content_michaelstrefeler_pyFibonacci_fibonacci.py_cleaned.py,1,0,0.5428633093833923,0.45713675022125244
kat5,12068_5_content_alexeyev_nm_main.py_cleaned.py,0,1,0.10594827681779861,0.8940516710281372
kat5,11091_10_content_Bala96_Recursive-Func_nestedeaser.py_cleaned.py,0,0,0.9891815781593323,0.010818447917699814
kat5,661_v1_36_content_happycupofjava_Machine-Learning--Stock-Market-Prediction-using-ARIMA-Model_final_under_work.py_cleaned.py,1,0,0.9933071732521057,0.006692850962281227
kat5,4589_6_content_morekeysjr_TechHubZambia_Project.py_cleaned.py,0,0,0.7711548805236816,0.22884513437747955
kat5,3224_v1_6_content_zhenv5_breaking_cycles_in_noisy_hierarchies_synthetic_performance.py_cleaned.py,1,1,0.4007493853569031,0.5992506742477417
kat5,6332_42_content_aryanshar_TextMining_extract.py_cleaned.py,0,1,0.016277460381388664,0.9837225079536438
kat5,2668_v1_7_content_syedshameersarwar_DocumentSimilarityChecker_pdfReader.py_cleaned.py,1,1,0.025565212592482567,0.9744347929954529
kat5,10867_v1_19_content_vickyandpiggy_count_inversion_merge_sort_compare_quick_sort_count_inversion_merge_sort__compare_quick_sort.py_cleaned.py,1,1,0.009340024553239346,0.9906600117683411
kat5,34_4_content_HamzaMhirsi_Chat-Server-Client-Python-AES-SHA_server.py_cleaned.py,0,0,0.9930423498153687,0.00695760827511549
kat5,2029_53_content_RefaelBeker7_Sorting-Algorithms-Python_ExampleSort_sixDifference.py_cleaned.py,0,0,0.9912885427474976,0.008711383678019047
kat5,13101_v1_29_content_vbelz_Lyrics_classifier_prepare_for_training.py_cleaned.py,1,1,0.09009299427270889,0.9099069833755493
kat5,11734_v1_11_content_jdpenuliar_selectionsortdjango_manage.py_cleaned.py,1,0,0.5967856645584106,0.40321433544158936
kat5,2581_10_content_aptr288_Information_Retrieval_system_Indexer_main.py_cleaned.py,0,0,0.9860442876815796,0.013955710455775261
kat5,11126_38_content_davidcarrollnyc_Recursive_Python_WebScraper_BeautifulSoup_into_MongoDB_webscraper.py_cleaned.py,0,0,0.9516838788986206,0.048316068947315216
kat5,1798_v1_58_content_Deborah-byte_data-strictures-and-algorithms_binary-search-tree-algo.py_cleaned.py,1,1,0.1108555942773819,0.8891444206237793
kat5,9366_60_content_winnie9197_The-Coding-School-projects_linear-regression.py_cleaned.py,0,0,0.9840936064720154,0.01590639166533947
kat5,12097_v1_16_content_NB-prog_INTERN-2019_train.py_cleaned.py,1,1,0.4696114659309387,0.5303885340690613
kat5,13158_v1_82_content_rsmath_Personal-Bot_authenticate.py_cleaned.py,1,1,0.2465333491563797,0.7534666657447815
kat5,8703_v1_14_content_b-hub_cracker_mcen.py_cleaned.py,1,1,0.046378206461668015,0.9536217451095581
kat5,9984_v1_1_content_muzixing_graph_algorithm_prim.py_cleaned.py,1,1,0.0020507434383034706,0.9979493021965027
kat5,7234_v1_10_content_mahimagupta_NLP-Research-Project-_test2.py_cleaned.py,1,1,0.09301680326461792,0.9069831967353821
kat5,10007_v1_7_content_Aly-Tomato_Prims-and-Kruskals_glb.py_cleaned.py,1,1,0.03228325769305229,0.9677167534828186
kat5,12682_11_content_movingpictures83_Variance_VariancePlugin.py_cleaned.py,0,0,0.8407825827598572,0.15921740233898163
kat5,8734_v1_6_content_ari-schoenfeld_OneTimePad_onetimepad.py_cleaned.py,1,1,0.09223707765340805,0.907762885093689
kat5,10874_v1_24_content_vijayant123_music-sortt_sort.py_cleaned.py,1,0,0.6265812516212463,0.3734187185764313
kat5,1773_v1_1_content_dhvanilp_Persistent-Binary-Search-Trees_index.py_cleaned.py,1,1,0.13660839200019836,0.8633915781974792
kat5,2653_v1_3_content_dlohith_text-similarity_run.py_cleaned.py,1,1,0.00912563782185316,0.9908744096755981
kat5,12750_v1_32_content_clee1994_MasterThesis_table_helper.py_cleaned.py,1,0,0.5282900333404541,0.4717099368572235
kat5,1196_8_content_aboood40091_BFSTM-to-BFWAV_conv.py_cleaned.py,0,0,0.9449946880340576,0.055005282163619995
kat5,12715_52_content_jamesbutler01_Normalise-Luminance-Across-Images_main.py_cleaned.py,0,0,0.9477691650390625,0.05223085358738899
kat5,10601_v1_54_content_DNPA_txhqueue_txbasetest.py_cleaned.py,1,1,0.04569203406572342,0.954308032989502
kat5,13038_63_content_will62185_web-scraper_oil-scraper.py_cleaned.py,0,0,0.7201715111732483,0.2798285186290741
kat5,8361_11_content_yuvalkif_NaiveBayes_NaiveBayes.py_cleaned.py,0,0,0.9921233057975769,0.007876706309616566
kat5,9135_v1_3_content_iykadev_pyalgo_VertexGraph.py_cleaned.py,1,1,0.011687257327139378,0.9883127808570862
kat5,5050_v1_99_content_MatheusMuriel_ProgramacaoDinamica_Memoria.py_cleaned.py,1,1,0.007577240467071533,0.9924227595329285
kat5,12066_3_content_tusizi_document-analysis_mllib_tfidf_with_stopword.py_cleaned.py,0,1,0.27747297286987305,0.722527027130127
kat5,8664_1_content_marcsantiago_one_time_pad_encryption_cmd_otp_utility.py_cleaned.py,0,1,0.29421496391296387,0.7057850360870361
kat5,667_v1_48_content_harishchellappa_Time-Series-Analysis-Bike-Sharing-Demand-Forecasting_forecasting_2.py_cleaned.py,1,1,0.13568954169750214,0.8643104434013367
kat5,12076_9_content_ttm62_customized_RAKE_RAKE.py_cleaned.py,0,0,0.9858275651931763,0.014172364957630634
kat5,12744_v1_23_content_libingzeng_ImageMSE_imagemse.py_cleaned.py,1,1,0.022977370768785477,0.977022647857666
kat5,2073_v1_44_content_emilgab_bubble-sort_bubble_sort.py_cleaned.py,1,1,0.06142403930425644,0.9385759830474854
kat5,11428_95_content_KyawHtetWin_RSA-Encryption-Decryption_rsa_encryption.py_cleaned.py,0,1,0.411583811044693,0.5884161591529846
kat5,11771_v1_45_content_Dimildizio_pyqt_traincars_sort_cars_coal.py_cleaned.py,1,1,0.14366760849952698,0.8563323616981506
kat5,8676_30_content_AninditaGuha98_Encrypt-and-Decrypt-using-GUI._cipher_func.py_cleaned.py,0,0,0.9936116337776184,0.006388320587575436
kat5,12408_53_content_rghv404_Language_identification_make_predictions.py_cleaned.py,0,0,0.5732006430625916,0.42679932713508606
kat5,12753_v1_35_content_facundoq_rotational_variance_experiment_variance.py_cleaned.py,1,1,0.022977370768785477,0.977022647857666
kat5,11690_14_content_codearemo_selction-sort_selection_sort.py_cleaned.py,0,0,0.9866748452186584,0.01332514826208353
kat5,664_v1_3_content_rentseen_ARIMA-forecast_test.py_cleaned.py,1,1,0.1901218295097351,0.8098781704902649
kat5,5460_18_content_Saychakr13_CLUSTERING_MODELS_hc.py_cleaned.py,0,1,0.008315779268741608,0.9916841983795166
kat5,13001_24_content_A3M4_Monster-Crawler_middlewares.py_cleaned.py,0,0,0.87103670835495,0.12896330654621124
kat5,5273_7_content_tsingh94_Bellman-Ford-and-Floyd-Warshall-Algorithms_Shortestdistance_graph_algos.py_cleaned.py,0,0,0.9671630263328552,0.03283695504069328
kat5,11756_v1_26_content_AbdelrhmanKhater_Comparison-between-linked-list-and-array-during-using-selection-sort_Linkedlist.py_cleaned.py,1,1,0.06608537584543228,0.9339146018028259
kat5,11752_v1_23_content_AMARPATEEL_Selection-sort-in-python_selection_by_user_input.py_cleaned.py,1,1,0.001048469333909452,0.9989515542984009
kat5,4045_5_content_AdamJacoby_Hopf_ExampleGroup_Functions.py_cleaned.py,0,0,0.9852713346481323,0.014728613197803497
kat5,2296_22_content_EmperorCodeman_SortingAlgorithms_EntryPoint.py_cleaned.py,0,0,0.9893474578857422,0.01065251138061285
kat5,10286_v1_4_content_mahimanzum_PCA-and-GMM-from-scratch-_PCA_With_GMM.py_cleaned.py,1,1,0.032344330102205276,0.9676556587219238
kat5,10526_1_content_SamKnightGit_LeagueBot_context.py_cleaned.py,0,1,0.08866234868764877,0.911337673664093
kat5,9063_3_content_iykadev_pyalgo_deepFirstSearch.py_cleaned.py,0,0,0.9898303151130676,0.01016965787857771
kat5,3526_v1_64_content_armx40_insecure-df_insecure_df.py_cleaned.py,1,1,0.0011160143185406923,0.9988840222358704
kat5,4725_v1_10_content_stensonowen_factorial_bot_fact_bot.py_cleaned.py,1,1,0.35756751894950867,0.642432451248169
kat5,5476_39_content_rcchoksi_ANN-and-hierarchical-clustering-for-Flag-data_Clustering.py_cleaned.py,0,1,0.0120537793263793,0.9879462122917175
kat5,5295_v1_1_content_smbanaie_floyd-warshall-python_Main.py_cleaned.py,1,1,0.020332353189587593,0.9796676635742188
kat5,9416_v1_61_content_GauravRoy48_Polynomial-Regression_plr_GR.py_cleaned.py,1,1,0.006388320587575436,0.9936116337776184
kat5,4750_v1_51_content_adityapatelgithub_Expressions-and-Functions_evalpostfix.py_cleaned.py,1,1,0.2958398759365082,0.7041600942611694
kat5,1195_86_content_ThiagoGrabe_Min_Cut-Graphs_BFS.py_cleaned.py,0,0,0.9700134992599487,0.029986508190631866
kat5,9114_v1_3_content_iykadev_pyalgo_dragon_curve.py_cleaned.py,1,0,0.963230550289154,0.03676946461200714
kat5,11700_20_content_jhemesonmotta_PythonSelectionSort_selectionSort.py_cleaned.py,0,0,0.9856076240539551,0.014392335899174213
kat5,3767_6_content_sujayt123_intelligent-segmentation_dijkstra.py_cleaned.py,0,1,0.3293917179107666,0.6706082820892334
kat5,322_6_content_HaoLyu_Association-rule-learning_FP_Tree.py_cleaned.py,0,0,0.9963500499725342,0.003649987280368805
kat5,5812_v1_21_content_loalberto_HuffmanCoding_HuffmanCoding.py_cleaned.py,1,1,0.048496004194021225,0.9515040516853333
kat5,1800_v1_5_content_domodomodomo_binary_search_tree_graph.py_cleaned.py,1,1,0.1550784707069397,0.8449215292930603
kat5,90_v1_5_content_scalisesamuel_crypto_p1_Task_1.py_cleaned.py,1,1,0.036700353026390076,0.9632996320724487
kat5,1473_70_content_Arcnor_binja_search___init__.py_cleaned.py,0,1,0.057811614125967026,0.9421884417533875
kat5,2670_v1_8_content_shukali_tweet-similarity-ranking_tweetranking.py_cleaned.py,1,1,0.05623634159564972,0.9437636137008667
kat5,373_v1_7_content_akshattrivedi_IT-Sales-With-Recommendation-System_manage.py_cleaned.py,1,1,0.21717146039009094,0.7828285694122314
kat5,1240_v1_75_content_maxilevi_airport-system_graph.py_cleaned.py,1,1,0.06176271289587021,0.9382373094558716
kat5,6314_14_content_gravelund-gis_MapSorter_KMeans_analysis.py_cleaned.py,0,1,0.2062537968158722,0.7937461733818054
kat5,11443_v1_41_content_yujiaoliang_rsa_yu01.py_cleaned.py,1,1,0.005139611195772886,0.9948603510856628
kat5,5513_v1_25_content_83Shashi_Hierarchical-Clustering_hierarchicalclustering.py_cleaned.py,1,1,0.006692850962281227,0.9933071732521057
kat5,12727_7_content_wallacelab_paper-maize-rhizosphere-2017_1b_PlotHeritabilities.py_cleaned.py,0,0,0.9465966820716858,0.0534033328294754
kat5,4091_v1_4_content_captainACE_python-ADVANCEMATH-lib_lineq.py_cleaned.py,1,1,0.4277552664279938,0.5722447633743286
kat5,6127_v1_56_content_newsteps8_Efficiency_of_SortingAlgorithms_merge_sort.py_cleaned.py,1,1,0.004365325439721346,0.9956346154212952
kat5,10829_27_content_mozarik_quicksortPython_insertionSort.py_cleaned.py,0,0,0.9063219428062439,0.09367799758911133
kat5,4348_v1_10_content_kllinzy_Elliptic-Curve-Cryptography_point.py_cleaned.py,1,1,0.04115288704633713,0.9588471055030823
kat5,9403_v1_45_content_swatimani16_Polynomial-Regression_code_final.py_cleaned.py,1,1,0.011869121342897415,0.9881309270858765
kat5,7498_15_content_jknight1725_linear_search_vs_random_search_random_case.py_cleaned.py,0,0,0.532181978225708,0.4678179919719696
kat5,584_1_content_sadnessFree_arima-lstm_arima-order.py_cleaned.py,0,1,0.2230384349822998,0.7769615650177002
kat5,9674_8_content_tochukwuokafor_Mersenne-numbers-Lucas-Lehmer-test-and-Sieve-of-Eratosthenes_mersenne_numbers_lucas_lehmer_sieve_of_eratosthenes.py_cleaned.py,0,1,0.024798160418868065,0.9752018451690674
kat5,1204_v1_16_content_Hmnt39_Snake-Automation-Using-AI_constants.py_cleaned.py,1,0,0.9669140577316284,0.03308597952127457
kat5,7201_14_content_kaizinho_lemmatizer_lemmatizer.py_cleaned.py,0,1,0.2355477213859558,0.7644522786140442
kat5,11183_v1_6_content_Vruksha_Fun-with-Recursive-Functions_Fun_with_Recursive_Functions.py_cleaned.py,1,1,0.09670579433441162,0.9032942056655884
kat5,10613_v1_7_content_JaysonBH_Out-Of-Queue-Bot_app.py_cleaned.py,1,0,0.9771973490715027,0.02280263602733612
kat5,9425_v1_6_content_metintorunoglu_Polynomial-Linear-Regression_4_Polynomial_Regression.py_cleaned.py,1,1,0.06903792917728424,0.930962085723877
kat5,13095_v1_21_content_DaSunnySide_Stock-Analysis_jsonpractice.py_cleaned.py,1,1,0.4315842092037201,0.5684158205986023
kat5,3200_v1_1_content_akhilesh1311_MazeSolver_hard_maze.py_cleaned.py,1,1,0.007937993854284286,0.992061972618103
kat5,10013_v1_7_content_MadalinaMircea_GraphAlgorithms_UI.py_cleaned.py,1,1,0.0035380860790610313,0.9964619278907776
kat5,2958_v1_92_content_FranzScheerer_DES_The_signature_with_ECDSA_or_Schnorr.py_cleaned.py,1,1,0.10194651782512665,0.8980534672737122
kat5,7847_v1_26_content_talhakerpicci_sahibinden-house-checker_house_database.py_cleaned.py,1,1,0.0446808747947216,0.9553191661834717
kat5,12325_1_content_spriya14_Data_Visualization-using_T-SNE_dataset_visualization_101.py_cleaned.py,0,0,0.9811668992042542,0.018833130598068237
kat5,10597_v1_47_content_llewellyn-kevin_club-matchmaking_usattRatings.py_cleaned.py,1,1,0.16640429198741913,0.8335957527160645
kat5,2012_27_content_gcmurillo_sortingAlgorithmsComparation_shellSort.py_cleaned.py,0,0,0.9933071732521057,0.006692850962281227
kat5,12751_v1_34_content_rutajoshi_polyfit_experiments_plot_functions.py_cleaned.py,1,1,0.1127953976392746,0.8872045874595642
kat5,8_12_content_eyalr0_AES-Cryptoanalysis_softAESr.py_cleaned.py,0,0,0.9582261443138123,0.04177388176321983
kat5,68_v1_17_content_pandaychen_AES_udpserver_aes_udpserver.py_cleaned.py,1,1,0.21272224187850952,0.7872777581214905
kat5,4364_v1_1_content_randombit_pairings.py_tripartite.py_cleaned.py,1,1,0.04501553252339363,0.9549844264984131
kat5,11155_v1_22_content_domreichl_credit-card-math_credit_card_math.py_cleaned.py,1,0,0.8832359910011292,0.11676400899887085
kat5,5468_29_content_gentom_sentences-similarity-cluster_levenshtein.py_cleaned.py,0,0,0.9935117363929749,0.0064882696606218815
kat5,9723_v1_8_content_tochukwuokafor_Mersenne-numbers-Lucas-Lehmer-test-and-Sieve-of-Eratosthenes_mersenne_numbers_lucas_lehmer_sieve_of_eratosthenes.py_cleaned.py,1,1,0.01615283451974392,0.9838472008705139
kat5,8432_v1_44_content_akbloodadarsh_Twitter-Sentimental-Analysis_MultinomialNaiveBayes.py_cleaned.py,1,1,0.03358950465917587,0.9664104580879211
kat5,4026_15_content_leni1_python-fizzbuzz_fizzbuzz_test.py_cleaned.py,0,1,0.1173696517944336,0.8826303482055664
kat5,4043_5_content_AdamJacoby_Hopf_Algebra_Tools.py_cleaned.py,0,0,0.9888418912887573,0.011158030480146408
kat5,3525_v1_60_content_dunglq2000_chatbox-encrypt_client.py_cleaned.py,1,1,0.1037486270070076,0.896251380443573
kat5,3177_73_content_hoopghetto_dfs-optimizer_settings.py_cleaned.py,0,0,0.5496405959129333,0.45035937428474426
kat5,4728_v1_11_content_kousu_primes_wsieve_b.py_cleaned.py,1,1,0.09585607796907425,0.9041438698768616
kat5,7819_4_content_DebashishSarkarDurjoy_DoublyLinkedList_doublyLinkedList.py_cleaned.py,0,1,0.06441766023635864,0.9355823397636414
kat5,1784_v1_31_content_igoreliasm_binary-tree_arvore.py_cleaned.py,1,1,0.009936418384313583,0.9900636076927185
kat5,2043_79_content_lorenzo3117_python-sorting-scripts_quickSort.py_cleaned.py,0,0,0.8633915781974792,0.13660839200019836
kat5,12031_13_content_preetidurai_Spam-Ham-Classification-using-NB-and-LR_logisticRegressionMain.py_cleaned.py,0,0,0.9957352876663208,0.004264634568244219
kat5,892_3_content_pedrobemer_BellmanFord_bellman-ford.py_cleaned.py,0,0,0.9933071732521057,0.006692850962281227
kat5,6057_25_content_ryansmick_SortedOrderedDict_PersistentDict.py_cleaned.py,0,1,0.05921025201678276,0.9407896995544434
kat5,4583_2_content_kristpapadopoulos_keras-exponential-smoothing_main.py_cleaned.py,0,0,0.9039745330810547,0.0960254967212677
kat5,2337_v1_16_content_hungapp_big_o_06-09.py_cleaned.py,1,1,0.018833130598068237,0.9811668992042542
kat5,9391_v1_14_content_RohanYedagiri_Polynomial-Regression_poly.py_cleaned.py,1,1,0.005139611195772886,0.9948603510856628
kat5,2033_59_content_nicolaschen1_SortingAlgorithms_sortingAlgorithms.py_cleaned.py,0,0,0.9915544390678406,0.008445627987384796
kat5,5516_v1_26_content_dmallya93_Intelligent-Web-Services-Discovery-using-Clustering-Method_jsonMaker.py_cleaned.py,1,1,0.04778006672859192,0.9522199034690857
kat5,10554_54_content_VishalPadme_Queue__Simple_Driver_Code_Queue_by_VP.py_cleaned.py,0,0,0.992061972618103,0.007937993854284286
kat5,12702_35_content_facundoq_rotational_variance_experiment_accuracy_vs_rotation.py_cleaned.py,0,0,0.9820137619972229,0.01798621006309986
kat5,6978_v1_6_content_chiragragarwal_Graphs_And_Networks_numpy_help.py_cleaned.py,1,1,0.0034834244288504124,0.9965165853500366
kat5,7264_v1_1_content_mikekestemont_pandora_train.py_cleaned.py,1,1,0.2530295252799988,0.746970534324646
kat5,1778_v1_23_content_mpgiii_binarysearchtree_unittests.py_cleaned.py,1,1,0.028652669861912727,0.9713473320007324
kat5,3777_99_content_mincanhe_Network-routing-protocol_Dijkstra.py_cleaned.py,0,0,0.996434211730957,0.003565736347809434
kat5,2597_2_content_spygaurad_AI_LAB_6_537_Suraj_doc_similarity.py_cleaned.py,0,0,0.9802808165550232,0.01971912570297718
kat5,4756_v1_5_content_brown9804_Python_DiversosAlgortimos_JuegoGato_XO.py_cleaned.py,1,1,0.02849004417657852,0.9715099930763245
kat5,11141_v1_11_content_momaabna_Python-create-password-list-_creatlist.py_cleaned.py,1,1,0.16317857801914215,0.836821436882019
kat5,7796_24_content_pacslab_ACM-trans-papers-spider_ACMPaperSpider.py_cleaned.py,0,1,0.0534033328294754,0.9465966820716858
kat5,6927_5_content_MadalinaMircea_GraphAlgorithms_StartApp.py_cleaned.py,0,0,0.9439706206321716,0.05602938309311867
kat5,12334_v1_1_content_DanShai_kernalized-tsne_ktsne.py_cleaned.py,1,0,0.8047130703926086,0.19528697431087494
kat5,13147_v1_74_content_jrathin_Web-Scraping_injury.py_cleaned.py,1,1,0.02228618785738945,0.9777138829231262
kat5,3443_18_content_matinpf_ECDHE_RSA_Python_main.py_cleaned.py,0,0,0.9930961728096008,0.006903838366270065
kat5,8102_7_content_kanthagirish-rit_lcs-project_memoization.py_cleaned.py,0,1,0.348991721868515,0.6510082483291626
kat5,11701_21_content_AntonisFK_selection_sort_python_selectionSort.py_cleaned.py,0,0,0.9910838603973389,0.008916126564145088
kat5,1475_75_content_mcsteve-e_project-4_4.01.py_cleaned.py,0,0,0.9539660811424255,0.04603390023112297
kat5,13055_79_content_MadhavPruthi_Email-Scraping-from-publication_API.py_cleaned.py,0,0,0.9799765348434448,0.020023440942168236
kat5,965_v1_7_content_jimmygzp_bellman-ford_testclient.py_cleaned.py,1,1,0.41205692291259766,0.5879430770874023
kat5,4698_4_content_rohinigopalqxf2_Factorial-Calculator-Practice_04_Calculation.py_cleaned.py,0,0,0.9429286122322083,0.05707140266895294
kat5,13019_3_content_ahmedelfateh_scraping_CimaClub_scraper_urllib.py_cleaned.py,0,1,0.0378924235701561,0.9621075391769409
kat5,8677_31_content_tobymyers_codingthematrix_bitutil.py_cleaned.py,0,0,0.9888418912887573,0.011158030480146408
kat5,9370_61_content_piyush-taneja_Salary-Predictor_Support_Vector_Regression.py_cleaned.py,0,0,0.982557475566864,0.017442483454942703
kat5,9_13_content_vatsal-rooprai_Image-Aesthetic-Evaluation_test_network.py_cleaned.py,0,0,0.5881797075271606,0.41182032227516174
kat5,4086_v1_2_content_johnrobyclayton_division-project_plot.py_cleaned.py,1,1,0.07055959850549698,0.929440438747406
kat5,10314_v1_95_content_JoeJimFlood_FreedomIndexPCA_FreedomIndexPCA.py_cleaned.py,1,1,0.3925696611404419,0.6074303388595581
kat5,2861_11_content_hakimnasaoui_Analyse-sentiments-commentaires-fb_T_l_chargement_les_commentaires_de_Facebook.py_cleaned.py,0,0,0.9883127808570862,0.011687257327139378
kat5,2642_v1_1_content_HarryBaker_LDAtopicSimilarity_modelTranslator.py_cleaned.py,1,1,0.042087726294994354,0.957912266254425
kat5,6695_v1_7_content_Manerone_Evolutive-KNN_evolutive_knn.py_cleaned.py,1,1,0.10447731614112854,0.8955226540565491
kat5,4037_3_content_arshdeepmalik_Fibonacci_series_divisibility_Fibonacci_series_.py_cleaned.py,0,0,0.9859364032745361,0.014063626527786255
kat5,13068_94_content_adithyavasisth_VTU-Result-Scraper-with-CAPTCHA-Bypass_scraper.py_cleaned.py,0,1,0.3363310396671295,0.6636689305305481
kat5,2613_6_content_muhammadhabibi_CBS01_NaiveBayesNLTK.py_cleaned.py,0,0,0.9764904975891113,0.023509450256824493
kat5,8073_15_content_VakinduPhilliam_Pattern_Matching_Python_Difflib_Pattern_Matching_SequenceMatcher.py_cleaned.py,0,0,0.6465160250663757,0.35348397493362427
kat5,9089_4_content_Ityer_3x3_Squared_Magic_Square_Finder_Current.py_cleaned.py,0,0,0.9930961728096008,0.006903838366270065
kat5,4349_v1_10_content_kllinzy_Elliptic-Curve-Cryptography_public_key.py_cleaned.py,1,1,0.08725224435329437,0.9127477407455444
kat5,8062_10_content_sumanthsunny35_RHM-assignment_LCS.py_cleaned.py,0,0,0.9921233057975769,0.007876706309616566
kat5,12765_v1_53_content_awaisakram64_Statistic_operat_operation.py_cleaned.py,1,1,0.0021157036535441875,0.9978843331336975
kat5,13029_45_content_umtpfe_Projet-scrapy_testcontinue.py_cleaned.py,0,1,0.22135069966316223,0.7786493301391602
kat5,11709_27_content_CodeDrome_selection-sort-python_selectionsort.py_cleaned.py,0,0,0.9884918928146362,0.011508150026202202
kat5,6097_v1_24_content_gly11_Sort_Run.py_cleaned.py,1,1,0.08694165199995041,0.9130582809448242
kat5,1174_43_content_odubno_ford-fulkerson-max-flow_test_max_flow.py_cleaned.py,0,0,0.9193534255027771,0.08064661920070648
kat5,3175_6_content_zhenv5_breaking_cycles_in_noisy_hierarchies_true_skill.py_cleaned.py,0,0,0.9930961728096008,0.006903838366270065
kat5,1512_v1_44_content_thibault-lahire_ALAS_loss_function.py_cleaned.py,1,1,0.07004895806312561,0.929951012134552
kat5,2610_5_content_ranriy_Query-Search-using-TF-IDF-vectors-and-cosine-similarity_P1_1001163569.py_cleaned.py,0,0,0.9914224743843079,0.008577484637498856
kat5,3769_85_content_TheSuri_Dijsktras_shortest_path.py_cleaned.py,0,0,0.9963500499725342,0.003649987280368805
kat5,6309_10_content_patrickkingg_K-means_Clustering_kmeans.py_cleaned.py,0,0,0.9046505093574524,0.09534946084022522
kat5,10581_v1_31_content_NagarajSMurthy_Data-Structures_LinkedList.py_cleaned.py,1,1,0.008577484637498856,0.9914224743843079
kat5,12758_v1_3_content_facebookresearch_deep-variance-reduction_optimizers.py_cleaned.py,1,1,0.08181271702051163,0.9181873202323914
kat5,5489_55_content_taksug229_Python-hierarchical-clustering_Working_Data_Hierarchical_Clustering.py_cleaned.py,0,1,0.3567827641963959,0.6432172656059265
kat5,8401_87_content_tej06_NaiveBayes-Classification_training.py_cleaned.py,0,0,0.9711290597915649,0.028870906680822372
kat5,3743_19_content_mmcetindag_ShortestPathAlgorithms_bellman-ford.py_cleaned.py,0,0,0.9878528118133545,0.01214717049151659
kat5,3150_1_content_akhilesh1311_MazeSolver_hard_maze.py_cleaned.py,0,1,0.008124709129333496,0.9918753504753113
kat5,12747_v1_2_content_facebookresearch_reward-estimator-corl_configurations_continuous_sparse.py_cleaned.py,1,0,0.766992449760437,0.2330075204372406
kat5,12472_v1_6_content_sherlvick_sentimental-analysis_SVM_svm_test_0.py_cleaned.py,1,1,0.03397199511528015,0.9660279750823975
kat5,10879_v1_27_content_mozarik_quicksortPython_insertionSort.py_cleaned.py,1,1,0.0007321813027374446,0.9992678761482239
kat5,9134_v1_3_content_iykadev_pyalgo_treeNode.py_cleaned.py,1,1,0.027169233188033104,0.9728307723999023
kat5,3437_10_content_mateus-n00b_Diffie-Hellman_alice.py_cleaned.py,0,0,0.9904406070709229,0.00955939944833517
kat5,3476_64_content_armx40_insecure-df_insecure_df.py_cleaned.py,0,0,0.992061972618103,0.007937993854284286
kat5,10271_v1_21_content_bharadwajsrikanth_principal-component-analysis_ImageProcessing_PCA.py_cleaned.py,1,1,0.2465333491563797,0.7534666657447815
kat5,1728_23_content_mpgiii_binarysearchtree_unittests.py_cleaned.py,0,0,0.5764227509498596,0.4235772490501404
kat5,5834_v1_52_content_blaynewagner_Huffman-Encoder_huffman_tests.py_cleaned.py,1,0,0.5302364826202393,0.46976351737976074
kat5,7500_16_content_sanjay3001_Search-in-python_linear_search.py_cleaned.py,0,0,0.9884918928146362,0.011508150026202202
kat5,2289_16_content_hungapp_big_o_09-04.py_cleaned.py,0,1,0.031618766486644745,0.9683812260627747
kat5,5512_v1_21_content_jakubsilhavy_mhhc_data_prep_LLS.py_cleaned.py,1,1,0.05480259656906128,0.9451974034309387
kat5,1765_9_content_tusharnema_Implementing-Algorithms-in-python_mypythontree.py_cleaned.py,0,0,0.9919379353523254,0.00806199200451374
kat5,6129_v1_9_content_ezequielbrrt_insertionSortPython_barra.py_cleaned.py,1,0,0.7953404188156128,0.20465964078903198
kat5,12110_v1_28_content_vinaykumarbu_sentiment-analysis-deeplearning_gui.py_cleaned.py,1,1,0.009196553379297256,0.9908034801483154
kat5,3210_v1_34_content_robinkthomas_DFS1_authentication.py_cleaned.py,1,1,0.010902373120188713,0.9890975952148438
kat5,604_2_content_varun10221_ARIMA-model_s_and_p.py_cleaned.py,0,0,0.8638516664505005,0.13614831864833832
kat5,2330_6_content_gauravpatle_Data-Analysis-of-IMDB-Users_DataPreprocessing.py_cleaned.py,0,0,0.9912885427474976,0.008711383678019047
kat5,2623_9_content_canonicalmg_FAQ-Chat-Bot_corpus.py_cleaned.py,0,1,0.22337706387043,0.7766229510307312
kat5,10546_45_content_kriti149_Text-Summarizer_txt_summarization.py_cleaned.py,0,0,0.9918121099472046,0.008187909610569477
kat5,7791_22_content_harpreetsi_DataStructureImpl_StackImplUsingArrayTest.py_cleaned.py,0,1,0.19352814555168152,0.8064718246459961
kat5,597_23_content_michailx_arima_example_arima_predictor.py_cleaned.py,0,0,0.974628746509552,0.025371313095092773
kat5,7778_13_content_ToonBlok_LinkedList_test_pylinkedlist.py_cleaned.py,0,1,0.13660839200019836,0.8633915781974792
kat5,2658_v1_4_content_heaven00_cosine_similarities_vsm.py_cleaned.py,1,0,0.9915544390678406,0.008445627987384796
kat5,353_v1_14_content_wiktorjl_algorithm-apriori_apriori.py_cleaned.py,1,1,0.011244560591876507,0.9887554049491882
kat5,5008_v1_13_content_danielSbastos_binary-fibonacci_prototype.py_cleaned.py,1,1,0.0014103584690019488,0.9985895752906799
kat5,9433_v1_8_content_gustavo-ren_PolynomialRegressionPython_polynomialRegression.py_cleaned.py,1,1,0.01196109876036644,0.9880388379096985
kat5,6330_3_content_jamer5_K-Means-Clustering_k-means-clustering-without-scikit-example-1.py_cleaned.py,0,1,0.008315779268741608,0.9916841983795166
kat5,8657_16_content_rachwong_One-time-pad-code-_Word_guesser_2_.py_cleaned.py,0,1,0.15456733107566833,0.845432698726654
kat5,9078_3_content_iykadev_pyalgo_lucas_lehmer_test.py_cleaned.py,0,0,0.9923043847084045,0.007695647422224283
kat5,11389_2_content_Nathan-Binkley_My_RSA_M_RSA.py_cleaned.py,0,1,0.21559837460517883,0.7844016551971436
kat5,7776_10_content_dedeco_crawler-linkedin-public-profiles_crawler.py_cleaned.py,0,0,0.9752018451690674,0.024798160418868065
kat5,8110_8_content_thingumajig_weighted_lcs_sequence.py_cleaned.py,0,1,0.17752550542354584,0.822474479675293
kat5,1186_68_content_elados93_AI_Ex1_PuzzleState.py_cleaned.py,0,0,0.9974090456962585,0.002590979216620326
kat5,5275_8_content_chiragragarwal_Graphs_And_Networks_graph_plot.py_cleaned.py,0,0,0.8053261041641235,0.1946738362312317
kat5,12338_v1_1_content_vuolleko_pyTSNE_data.py_cleaned.py,1,0,0.7185943722724915,0.28140559792518616
kat5,6331_41_content_akshay-gupta7_kmeans-using-mapreduce_k_means_reducer.py_cleaned.py,0,0,0.9962345957756042,0.0037654137704521418
kat5,7511_27_content_ashwinvis98_Particle-Swarm-Optimization-for-Robotic-Search-Applications_ultrasonic_test.py_cleaned.py,0,0,0.9818752408027649,0.018124720081686974
kat5,11699_1_content_ForeverPs_Visualization-of-sort-algorithms_SORT.py_cleaned.py,0,1,0.018546564504504204,0.9814534187316895
kat5,11688_13_content_chandimajayawickrama_Simple-Sorting-Algorithms_insertion_sort.py_cleaned.py,0,0,0.9808759689331055,0.01912403665482998
kat5,5777_39_content_falay_HuffmanCoding_decoder.py_cleaned.py,0,0,0.9907320141792297,0.009268012829124928
kat5,2652_v1_3_content_danedabomb_InformationRetrieval_IRSystem.py_cleaned.py,1,1,0.04958902671933174,0.9504110217094421
kat5,4314_1_content_randombit_pairings.py_tripartite.py_cleaned.py,0,1,0.28616926074028015,0.7138307690620422
kat5,12340_v1_1_content_vuolleko_pyTSNE_vptree.py_cleaned.py,1,1,0.0064381021074950695,0.993561863899231
kat5,12470_v1_66_content_Fremont28_movie_recommender-_movies_tfidf.py_cleaned.py,1,1,0.004867417272180319,0.9951325058937073
kat5,2333_80_content_hanas879_Payday-2-Big-Oil-Engine-Calculator_engineCalculator.py_cleaned.py,0,0,0.9983256459236145,0.0016743994783610106
kat5,6313_13_content_Skulsta_cluster_unlabelled_dataset_elbow_analysis.py_cleaned.py,0,0,0.9824230670928955,0.017576882615685463
kat5,7199_12_content_romanorac_elastic_localized_search_main.py_cleaned.py,0,0,0.73829185962677,0.26170814037323
kat5,8075_15_content_VakinduPhilliam_Pattern_Matching_Python_Difflib_Pattern_Matching_Unified_Diff.py_cleaned.py,0,0,0.6759784817695618,0.32402145862579346
kat5,13155_v1_79_content_MadhavPruthi_Email-Scraping-from-publication_metainfoscrapper.py_cleaned.py,1,1,0.40450742840766907,0.5954925417900085
kat5,6973_v1_4_content_mincanhe_Network-routing-protocol_heap.py_cleaned.py,1,1,0.0003406293108128011,0.9996594190597534
kat5,1160_23_content_binaya07_8-puzzle_queue.py_cleaned.py,0,0,0.9971550703048706,0.0028449094388633966
kat5,51_v1_10_content_Chinmay-395_AES-algorithm-using-GUI_CNSmini1.py_cleaned.py,1,1,0.014172364957630634,0.9858275651931763
kat5,7848_v1_27_content_KyleSeaman201_Ordered-Linked-List_Ordered_Linked_List.py_cleaned.py,1,1,0.03622005879878998,0.9637799859046936
kat5,8688_6_content_ari-schoenfeld_OneTimePad_onetimepad.py_cleaned.py,0,0,0.9888418912887573,0.011158030480146408
kat5,9069_3_content_iykadev_pyalgo_fibo.py_cleaned.py,0,0,0.9740425944328308,0.02595735713839531
kat5,358_v1_2_content_kaushiksk_multi-time-interval-apriori_config.py_cleaned.py,1,1,0.028544152155518532,0.9714558720588684
kat5,4107_v1_6_content_pushpanjalis_Basic-python-code_basic_code.py_cleaned.py,1,1,0.11162799596786499,0.888372004032135
kat5,5527_v1_44_content_IQbrod_Hierarchical-clustering_parthieragglo.py_cleaned.py,1,1,0.23265865445137024,0.7673413753509521
kat5,8366_14_content_rajat1401_NaiveBayes_scratch_2016260_ques1a.py_cleaned.py,0,0,0.9910838603973389,0.008916126564145088
kat5,1184_5_content_GregLahaye_wikipedia-game_game.py_cleaned.py,0,0,0.9851576089859009,0.014842418022453785
kat5,10875_v1_25_content_bisigc_python_quicksort_quicksort.py_cleaned.py,1,1,0.07185126841068268,0.9281486868858337
kat5,6635_35_content_phaniavi_project_5th_sem_KNN_reducer.py_cleaned.py,0,0,0.9840936064720154,0.01590639166533947
kat5,9074_3_content_iykadev_pyalgo_hopcroftkarp.py_cleaned.py,0,1,0.4205996096134186,0.5794004201889038
kat5,8450_v1_90_content_cody-elhard_NaiveBayes_naive-bayes-numerical.py_cleaned.py,1,1,0.16079244017601013,0.8392075896263123
kat5,11448_v1_46_content_ThallysSo_criptografia-rsa_gerarChaves.py_cleaned.py,1,1,0.025035424157977104,0.9749646186828613
kat5,13112_v1_38_content_UncleEngineer_webscraping_temperature.py_cleaned.py,1,1,0.003649987280368805,0.9963500499725342
kat5,8441_v1_72_content_AnirudhRathinam_naive-bayes_naiveBayes.py_cleaned.py,1,1,0.023241925984621048,0.9767580628395081
kat5,1760_81_content_AndreaG93_BST-Lazy-Deletion_binarySearchTreeLazyDeletionAVL.py_cleaned.py,0,0,0.9814534187316895,0.018546564504504204
kat5,2066_v1_31_content_atorulia_Some-kind-of-sort-algorithm_InsertionSort.py_cleaned.py,1,1,0.0023596605751663446,0.9976403713226318
kat5,9647_23_content_cjonsmith_prime_calc_prime_days.py_cleaned.py,0,1,0.1946738362312317,0.8053261041641235
kat5,9101_v1_3_content_iykadev_pyalgo_anagram3.py_cleaned.py,1,1,0.15863001346588135,0.8413700461387634
kat5,4360_v1_17_content_loranloranvl_ecc-point_ECC_Point.py_cleaned.py,1,1,0.020177319645881653,0.9798226952552795
kat5,7256_v1_16_content_davda54_pytorch-transformer-lemmatization_predict.py_cleaned.py,1,1,0.37662312388420105,0.6233768463134766
kat5,6318_25_content_SaadatRizvi_Movie-Recommendation-System_collaborative-filtering.py_cleaned.py,0,0,0.9842154383659363,0.01578456163406372
kat5,7563_v1_33_content_chafiknaceri_Credit-Card-Debt_BisectionSearchPayement.py_cleaned.py,1,1,0.01332514826208353,0.9866748452186584
kat5,11692_15_content_Jagdishkharatmol_Sorting-techniques-_pythonin.py_cleaned.py,0,0,0.9883127808570862,0.011687257327139378
kat5,3818_v1_78_content_FernandoDurier_apa-dijkstra___main__.py_cleaned.py,1,1,0.348589688539505,0.6514103412628174
kat5,4338_6_content_gionanide_Cryptography_Decrypt_Hip_replacement.py_cleaned.py,0,0,0.9895108342170715,0.010489091277122498
kat5,5811_v1_20_content_maganoegi_huffman_decompressor_decomp_PLATONOV_MPACKO.py_cleaned.py,1,1,0.14080817997455597,0.8591918349266052
kat5,8696_v1_10_content_MBataille_encrypt-xor_encr.py_cleaned.py,1,0,0.9867772459983826,0.013222822919487953
kat5,8733_v1_5_content_llp0702_one-time-pad-implementation-python_main.py_cleaned.py,1,1,0.015967654064297676,0.9840323328971863
kat5,4327_2_content_johndoe31415_toyecc_ecctest.py_cleaned.py,0,1,0.055208683013916016,0.9447912573814392
kat5,12453_v1_43_content_aabs_edx-ai-week11-project_Tests.py_cleaned.py,1,1,0.2037075310945511,0.7962924242019653
kat5,6629_29_content_vtheno_kNN_one_line.py_cleaned.py,0,0,0.9969722032546997,0.0030278353951871395
kat5,11138_9_content_ahmetfbayrak12_Python-Recursive-Functions-and-Dynamic-Programming_hw5-plot.py_cleaned.py,0,0,0.7661187648773193,0.23388129472732544
kat5,8080_15_content_VakinduPhilliam_Pattern_Matching_Python_Glob_Directory_Paths.py_cleaned.py,0,0,0.5404388308525085,0.45956116914749146
kat5,13074_96_content_Chaitra-D99_Ecommerce-Product-price-monitoring-tool-using-Data-Analytics-Web-scraping_croma.py_cleaned.py,0,0,0.9911527037620544,0.008847354911267757
kat5,9423_v1_64_content_hardik-dadhich_Polynomial_regression_model_poly_reg.py_cleaned.py,1,1,0.01098694372922182,0.9890130758285522
kat5,12768_v1_65_content_swaruptripathy_two_way_anova_two_way_anova.py_cleaned.py,1,1,0.005060331895947456,0.9949396848678589
kat5,6685_v1_39_content_mirajp_tweet_sentiments_baseline.py_cleaned.py,1,1,0.40544870495796204,0.5945512652397156
kat5,7204_15_content_magicinthesky_Semantic-Matching-Application-of-FAQs_task1.py_cleaned.py,0,1,0.01764446310698986,0.982355535030365
kat5,12052_1_content_ahmetax_trstop_trstop.py_cleaned.py,0,0,0.9840936064720154,0.01590639166533947
kat5,12697_2_content_facebookresearch_reward-estimator-corl_configurations_continuous_sparse.py_cleaned.py,0,0,0.8082943558692932,0.19170570373535156
kat5,6401_v1_74_content_MarynaTatsevich_Machine-Learning-Unsupervised-Learning-Techniques_hierarchical_clustering_algorithm.py_cleaned.py,1,1,0.007011795416474342,0.9929881691932678
kat5,11445_v1_42_content_nadavgover_Cryptography_decrypt.py_cleaned.py,1,1,0.011869121342897415,0.9881309270858765
kat5,11405_62_content_taabishm2_Proactive-FDH-RSA-Signature_fileOp.py_cleaned.py,0,0,0.9940890073776245,0.005911068990826607
kat5,13125_v1_45_content_umtpfe_Projet-scrapy_rotprox3.py_cleaned.py,1,1,0.003824483836069703,0.9961755275726318
kat5,3815_v1_65_content_josephnavarro_space-strategy_conversation.py_cleaned.py,1,0,0.9977830052375793,0.002217013156041503
kat5,7527_v1_10_content_bradib0y_searchalgorithms_app.py_cleaned.py,1,1,0.006589771248400211,0.9934101700782776
kat5,8093_2_content_athulvijayan6_python-rlcs_lcssMain.py_cleaned.py,0,0,0.9606574773788452,0.03934250399470329
kat5,12465_v1_58_content_zhaoyichanghong_machine_learing_algo_python_pla.py_cleaned.py,1,1,0.01016965787857771,0.9898303151130676
kat5,9704_v1_27_content_AdamClarksCode_Primes_primesBetter.py_cleaned.py,1,1,0.07081619650125504,0.9291837811470032
kat5,7226_25_content_aajanki_finnish-pos-accuracy_print_errors.py_cleaned.py,0,1,0.030908960849046707,0.9690910577774048
kat5,11410_67_content_peterjhyoon_rsa-math_math_functions.py_cleaned.py,0,1,0.02615562081336975,0.9738444089889526
kat5,8105_8_content_16chuang_CS161_Project_CLCSSlow.py_cleaned.py,0,0,0.9897513389587402,0.01024860143661499
kat5,6041_1_content_abx67_Algorithms_mergesort.py_cleaned.py,0,0,0.9948603510856628,0.005139611195772886
kat5,13130_v1_51_content_palashjboro_Web_Scraping_weather_info.py_cleaned.py,1,0,0.9934101700782776,0.006589771248400211
kat5,4020_12_content_nikhilrajucc_Python_firstfile.py_cleaned.py,0,0,0.9928786158561707,0.00712142838165164
kat5,9705_v1_28_content_gizzidan_basic-python-practice_primes.py_cleaned.py,1,1,0.14608724415302277,0.8539127111434937
kat5,2647_v1_2_content_spygaurad_AI_LAB_6_537_Suraj_doc_similarity.py_cleaned.py,1,1,0.04603390023112297,0.9539660811424255
kat5,6985_v1_7_content_usbogie_MSTcreator_Node.py_cleaned.py,1,1,0.020964238792657852,0.9790357351303101
kat5,10015_v1_9_content_gquintela_prim_main.py_cleaned.py,1,1,0.00985985528677702,0.9901401400566101
kat5,13167_v1_94_content_adithyavasisth_VTU-Result-Scraper-with-CAPTCHA-Bypass_scraper.py_cleaned.py,1,1,0.2798285186290741,0.7201715111732483
kat5,7539_v1_11_content_sichen-x_search-engine_test_htable.py_cleaned.py,1,1,0.03594832494854927,0.9640516638755798
kat5,7800_27_content_KyleSeaman201_Ordered-Linked-List_Ordered_Linked_List.py_cleaned.py,0,0,0.9930961728096008,0.006903838366270065
kat5,7828_v1_15_content_udwivedi394_LinkedList_convertBT2LL.py_cleaned.py,1,1,0.052618954330682755,0.9473810195922852
kat5,13079_9_content_chaseycodes_StockX-Scraper_3-image_downloader.py_cleaned.py,0,0,0.9865716695785522,0.01342825498431921
kat5,11988_v1_5_content_SorinMA_steganografie_proiect.py_cleaned.py,1,1,0.3065270483493805,0.6934729218482971
kat5,5010_v1_13_content_frederikpietzko_fun_with_python_gdc_euclidian_algorithm.py_cleaned.py,1,1,0.014842418022453785,0.9851576089859009
kat5,5492_61_content_cthorrez_deepsetLinkage_baselines.py_cleaned.py,0,1,0.23563562333583832,0.7643643021583557
kat5,3483_78_content_CalebABG_PyLSecureP2P_p2putils.py_cleaned.py,0,0,0.9621075391769409,0.0378924235701561
