egitim,dosya,gercek,tahmin,olasilik_Ham,olasilik_V3
kat1,16_17_content_bickyeric_steganography_app.py_cleaned.py,0,0,0.944587230682373,0.05541279539465904
kat1,20_18_content_deeptavker_Vortex_Spin_Down_post_proc_TVF.py_cleaned.py,0,0,0.9111796617507935,0.08882028609514236
kat1,24_1_content_batuhantopalogluu_AES-encryption-and-decryption-algorithm-Python_AES.py_cleaned.py,0,1,0.3710796535015106,0.628920316696167
kat1,26_21_content_emilystamm_aes-ecb-attacks_aes_ecb_oracle.py_cleaned.py,0,1,0.10669060051441193,0.8933094143867493
kat1,31_2_content_laendle1999_NasceUmAEstrela_TipoNo.py_cleaned.py,0,0,0.6157812476158142,0.3842187523841858
kat1,38_5_content_ongyongzheng_cass_main_unet.py_cleaned.py,0,0,0.6352224349975586,0.3647775948047638
kat1,42_6_content_tahsinraisa1_Security-project-File-encryption-_main.py_cleaned.py,0,0,0.8134608268737793,0.18653921782970428
kat1,47_8_content_gordon636798_DiffieHellman-AES_quickFind_a_q.py_cleaned.py,0,0,0.6842640042304993,0.31573596596717834
kat1,7_12_content_eyalr0_AES-Cryptoanalysis_RetracingBoomerang.py_cleaned.py,0,1,0.1755380630493164,0.8244618773460388
kat1,290_10_content_subashgandyer_Anti-mirror-Apriori_CSVtoLIST_def.py_cleaned.py,0,0,0.9207897186279297,0.0792103260755539
kat1,296_12_content_rileyqi_Apriori-Algorithm-Python_apriori.py_cleaned.py,0,1,0.3510885536670685,0.6489114165306091
kat1,301_14_content_Dawlatly_Recommender-system_kmeans.py_cleaned.py,0,0,0.7189891934394836,0.28101083636283875
kat1,309_2_content_MrPatel95_Apriori-Algorithm_generateDatabse.py_cleaned.py,0,0,0.9485372304916382,0.05146276578307152
kat1,316_4_content_shivang98_Market-Basket-Optimization_apyori.py_cleaned.py,0,1,0.1795305609703064,0.8204693794250488
kat1,322_6_content_HaoLyu_Association-rule-learning_FP_Tree.py_cleaned.py,0,1,0.1672186702489853,0.8327813148498535
kat1,327_7_content_DMDarkness_Data-mining_Example_pyfpgrowth_fp2ar.py_cleaned.py,0,0,0.9381240010261536,0.06187598407268524
kat1,332_9_content_fritzwill_apriori-algorithm_apriori.py_cleaned.py,0,0,0.9609517455101013,0.039048291742801666
kat1,574_12_content_bellisanogiu_arimaModel_process.py_cleaned.py,0,0,0.7375364303588867,0.26246359944343567
kat1,579_17_content_skvorekn_arima_model.py_cleaned.py,0,0,0.7457688450813293,0.25423115491867065
kat1,586_1_content_sadnessFree_arima-lstm_c-lstm.py_cleaned.py,0,1,0.13799647986888885,0.86200350522995
kat1,591_1_content_sadnessFree_arima-lstm_lstm.py_cleaned.py,0,1,0.13799647986888885,0.86200350522995
kat1,596_23_content_kmetallic04_fringe_config.py_cleaned.py,0,1,0.28298813104629517,0.7170118689537048
kat1,603_2_content_polyphilz_pricing-weather-derivatives_scrape_data.py_cleaned.py,0,1,0.13432104885578156,0.8656789064407349
kat1,610_34_content_csabasidor_RUZ_ARIMA-_pg_ruz_conn_1.py_cleaned.py,0,0,0.707808792591095,0.2921912372112274
kat1,615_41_content_NivedChowdary_Rain-Fall-Prediction-Using-ARIMA_wp3.py_cleaned.py,0,0,0.826151430606842,0.17384850978851318
kat1,621_9_content_MauTorresE_ARIMA-Forecasting-AutoSelectParams_ARIMA_model.py_cleaned.py,0,0,0.8514594435691833,0.14854055643081665
kat1,872_1_content_dedeco_dijkstra-bellman-ford_teste_lobo_bford.py_cleaned.py,0,0,0.9343951344490051,0.06560482829809189
kat1,877_1_content_dedeco_dijkstra-bellman-ford_vertice.py_cleaned.py,0,1,0.169956237077713,0.8300437331199646
kat1,880_1_content_jwan659_forex-arbitrage_Main.py_cleaned.py,0,1,0.24436300992965698,0.755636990070343
kat1,883_1_content_rosshochwert_arbitrage_arbitrage_py3.py_cleaned.py,0,1,0.13296423852443695,0.8670357465744019
kat1,889_2_content_radinhamidi_BellmanFord_BellmanFord_main.py_cleaned.py,0,0,0.9522199034690857,0.04778006672859192
kat1,899_4_content_Khante_Distance-Vector-Algorithm_simulation_2.py_cleaned.py,0,1,0.20434190332889557,0.7956580519676208
kat1,905_5_content_Wajahat-Khan_Bellman-Ford-Routing-Algorithm_DVR.py_cleaned.py,0,0,0.9086179733276367,0.09138210862874985
kat1,912_7_content_GauthamBT_Bellman-Ford-Algorithm_GraphMainProgram.py_cleaned.py,0,0,0.8244618773460388,0.1755380630493164
kat1,1154_16_content_Hmnt39_Snake-Automation-Using-AI_constants.py_cleaned.py,0,0,0.9059898257255554,0.09401018917560577
kat1,1160_23_content_binaya07_8-puzzle_queue.py_cleaned.py,0,0,0.9039745330810547,0.0960254967212677
kat1,1167_32_content_mahtabfarrokh_classic-search_Astar.py_cleaned.py,0,1,0.46830424666404724,0.5316957235336304
kat1,1173_41_content_Daisy0828_Search_dgraph.py_cleaned.py,0,1,0.1431877166032791,0.8568122982978821
kat1,1178_4_content_alex-rantos_Project-1-Search-in-Pacman_projectParams.py_cleaned.py,0,0,0.8591918349266052,0.14080817997455597
kat1,1183_59_content_orzinger_8-Puzzle-game_World_State.py_cleaned.py,0,0,0.746508777141571,0.25349125266075134
kat1,1190_75_content_maxilevi_airport-system_graph.py_cleaned.py,0,1,0.1233656108379364,0.8766343593597412
kat1,1197_8_content_abpaudel_8-puzzle_board.py_cleaned.py,0,1,0.2991051971912384,0.700894832611084
kat1,1434_10_content_ivanbgd_Self-Balancing-Binary-Search-Trees_Test_BST_Iterative.py_cleaned.py,0,0,0.8459424376487732,0.1540575623512268
kat1,1436_11_content_mrluin_EfficientAutoDeeplab_train_counter_network.py_cleaned.py,0,1,0.21733751893043518,0.7826625108718872
kat1,1442_1_content_SICTC_BST_BinSearchTree.py_cleaned.py,0,1,0.17441026866436005,0.8255897164344788
kat1,1448_28_content_pranav94_Self-balancing-BST_AVL.py_cleaned.py,0,1,0.10781264305114746,0.8921873569488525
kat1,1456_39_content_alejandrakudo_BinarySearch-Sorting_CISC121_Assignment_3_exampleSolution.py_cleaned.py,0,0,0.9597620368003845,0.04023794084787369
kat1,1461_42_content_isneace_Binary-Search-Algorithm_Lab2.py_cleaned.py,0,0,0.8610715270042419,0.13892842829227448
kat1,1467_54_content_pr1998_Student_Management_System_main.py_cleaned.py,0,0,0.9453993439674377,0.05460060387849808
kat1,1472_67_content_damianrr_bisect-ordered-file_bisect_file_with_numbers.py_cleaned.py,0,1,0.13028542697429657,0.869714617729187
kat1,1479_8_content_alexvking_comp150_bsts_optimal_bst_knuth_n3.py_cleaned.py,0,1,0.1250653862953186,0.8749346137046814
kat1,1722_18_content_jiangfeng1124_digital-dendrimer_genenerate.py_cleaned.py,0,0,0.501953125,0.498046875
kat1,1730_25_content_surbhisinghal_Binary-Tree-leftchild-rightsib_tree.py_cleaned.py,0,0,0.8766343593597412,0.1233656108379364
kat1,1736_32_content_vaish06_TextProcessor_red_black_tree.py_cleaned.py,0,1,0.12252321094274521,0.8774768114089966
kat1,1741_3_content_WDI-SEA_python-binary-trees_twenty_questions.py_cleaned.py,0,1,0.11920291930437088,0.8807970285415649
kat1,1747_4_content_fcunhaneto_py-binary-trees-draw_node.py_cleaned.py,0,1,0.12463856488466263,0.875361442565918
kat1,1752_5_content_domodomodomo_binary_search_tree_graph.py_cleaned.py,0,1,0.10743747651576996,0.8925625681877136
kat1,1759_7_content_shuming1211_CMU_project_BinaryClassifier_decisionTree.py_cleaned.py,0,0,0.9268352389335632,0.07316471636295319
kat1,1765_9_content_tusharnema_Implementing-Algorithms-in-python_mypythontree.py_cleaned.py,0,0,0.9606574773788452,0.03934250399470329
kat1,2005_22_content_cneally_BubbleSortingAlgorithm_bubble_sort.py_cleaned.py,0,1,0.1276526302099228,0.8723474144935608
kat1,2012_27_content_gcmurillo_sortingAlgorithmsComparation_shellSort.py_cleaned.py,0,0,0.954647421836853,0.04535257816314697
kat1,2017_31_content_Cadellinman_RB-EmailSorter_RedBubbleSorter.py_cleaned.py,0,0,0.9553191661834717,0.0446808747947216
kat1,2022_43_content_hraizes_Sorting_SortingPractice.py_cleaned.py,0,0,0.9500414729118347,0.049958523362874985
kat1,2030_54_content_gly11_Sort_sort_numbers.py_cleaned.py,0,1,0.12678517401218414,0.873214840888977
kat1,2035_5_content_kheguy_bubbleSort_bubbleSort.py_cleaned.py,0,0,0.7142295241355896,0.285770446062088
kat1,2037_67_content_TadayoshiCarvajal_Sorting-in-Python_sortingAlgorithms.py_cleaned.py,0,1,0.13660839200019836,0.8633915781974792
kat1,2042_79_content_lorenzo3117_python-sorting-scripts_heapSort.py_cleaned.py,0,0,0.9582261443138123,0.04177388176321983
kat1,2047_83_content_SonNinh_sorting-algorithm_sorting_deck.py_cleaned.py,0,0,0.942081868648529,0.057918086647987366
kat1,2286_12_content_eric-erki_Out-of-Core-DataFrames-for-Python-visualize-and-explore-big-tabular-data-at-a-billion-rows-per-seco_.releash.py_cleaned.py,0,1,0.29828691482543945,0.7017130851745605
kat1,2291_17_content_y00273676_O2O_ERP_Server_app.py_cleaned.py,0,0,0.8553685545921326,0.14463144540786743
kat1,2297_22_content_Swapnillokhande_Sales-Prediction-of-a-Supermarket-chain_Exploratory_Data_Analysis.py_cleaned.py,0,1,0.1901218295097351,0.8098781704902649
kat1,2305_2_content_anrputina_OutlierDenStream-BigDama18_readGroundTruth.py_cleaned.py,0,1,0.3640989661216736,0.6359010338783264
kat1,2314_51_content_rrnarayan1_one-big-thing-backend_app.py_cleaned.py,0,1,0.2689414322376251,0.7310585379600525
kat1,2321_5_content_anguillanneuf_bigO_17_island_count.py_cleaned.py,0,1,0.12043881416320801,0.879561185836792
kat1,2331_76_content_yingtaoluo_Latent-Factor-Model-with-JIT-CUDA-on-movielens_predict.py_cleaned.py,0,0,0.9462003111839294,0.053799644112586975
kat1,2580_10_content_aptr288_Information_Retrieval_system_Data_Parsing_and_Processing.py_cleaned.py,0,0,0.9462003111839294,0.053799644112586975
kat1,2585_11_content_kirokuan_Idf-tf-DocCompare_PorterStemmer.py_cleaned.py,0,0,0.9594592452049255,0.04054073989391327
kat1,2590_1_content_aviralmathur_Word2Vec_Word2Vec_AverageVectors.py_cleaned.py,0,1,0.19993211328983307,0.8000679016113281
kat1,2599_2_content_swapnilg915_cosine_similarity_using_embeddings_spacy_embeddings.py_cleaned.py,0,1,0.11797802150249481,0.8820220232009888
kat1,2604_3_content_dlohith_text-similarity_utils.py_cleaned.py,0,0,0.9334307909011841,0.06656918674707413
kat1,2611_6_content_andrewcsmith_tf_infinite_ramble_similarity_matrix.py_cleaned.py,0,1,0.11047115176916122,0.8895288705825806
kat1,2617_7_content_gautamdasika_Document-Search-Engine_finalsearch.py_cleaned.py,0,0,0.9651191234588623,0.03488088771700859
kat1,2622_8_content_ysh329_Text-Similarity-Computation_main.py_cleaned.py,0,1,0.12549345195293427,0.8745065331459045
kat1,2862_11_content_harshraj11584_Paper-Implementation-Overview-Gradient-Descent-Optimization-Sebastian-Ruder_adam.py_cleaned.py,0,0,0.954308032989502,0.04569203406572342
kat1,2868_18_content_theorisons_loto_analyse.py_cleaned.py,0,0,0.9362850189208984,0.06371499598026276
kat1,2873_23_content_xaviergoby_ConvLSTM-Computer-Vision-for-Structural-Health-Monitoring-SHM-and-NonDestructive-Testing-NDT_settings.py_cleaned.py,0,1,0.15869519114494324,0.8413047790527344
kat1,2880_2_content_WenjieLuo2333_ModuleDesign_Alert_module.py_cleaned.py,0,1,0.14511536061763763,0.854884684085846
kat1,2885_46_content_hackabit19__destroyingRecursively__vibration.py_cleaned.py,0,1,0.1276526302099228,0.8723474144935608
kat1,2891_6_content_oml90_Combining-Structural-and-Bioactivity-descriptors_STEP_4.make_htsfp-from_flag_sparse.py_cleaned.py,0,0,0.5973730087280273,0.40262696146965027
kat1,2902_8_content_usmanali414_Destruction-Detection-in-Satellite-Imagery_segmentation.py_cleaned.py,0,1,0.19253936409950256,0.8074606657028198
kat1,2908_92_content_FranzScheerer_DES_The_signature_with_ECDSA_or_Schnorr.py_cleaned.py,0,0,0.9559813141822815,0.04401865229010582
kat1,2909_92_content_FranzScheerer_DES_x4.py_cleaned.py,0,0,0.9515040516853333,0.048496004194021225
kat1,3150_1_content_akhilesh1311_MazeSolver_hard_maze.py_cleaned.py,0,1,0.25534364581108093,0.7446563243865967
kat1,3159_34_content_polegarh_Eight-Puzzle_DFS.py_cleaned.py,0,0,0.9469902515411377,0.053009770810604095
kat1,3162_39_content_PankajJ08_DataStructure_n_queen_problem.py_cleaned.py,0,1,0.27708160877227783,0.7229183912277222
kat1,3169_59_content_rohinrajan_Closest-Path-using-BFS-DFS-and-optimal-cost_Graph-Search.py_cleaned.py,0,1,0.3593641519546509,0.6406359076499939
kat1,3174_6_content_zhenv5_breaking_cycles_in_noisy_hierarchies_synthetic_performance.py_cleaned.py,0,1,0.10970577597618103,0.8902942538261414
kat1,3179_79_content_bewing03_DFS-Baseball_scrape.py_cleaned.py,0,0,0.8221890926361084,0.17781086266040802
kat1,3185_85_content_adamkanouse_better-lineups-dfs_constants.py_cleaned.py,0,1,0.4774932563304901,0.5225067138671875
kat1,3191_93_content_wei4keepingstudy_Artificial_Intelligence_hw2_dfs_forwardchecking.py_cleaned.py,0,0,0.6731916666030884,0.3268083333969116
kat1,3439_12_content_michaelasper_Diffie-Hellman_diffie_hellman.py_cleaned.py,0,1,0.10521053522825241,0.894789457321167
kat1,3444_18_content_matinpf_ECDHE_RSA_Python_utils.py_cleaned.py,0,1,0.20946969091892242,0.7905303239822388
kat1,3446_20_content_phrantom_Diffie-Hellman_diffie-hellman.py_cleaned.py,0,0,0.9202179908752441,0.07978201657533646
kat1,3451_24_content_Brew8it_Python_DHAES_DiffieHellman.py_cleaned.py,0,1,0.45659148693084717,0.5434085130691528
kat1,3459_28_content_ckeshava_Enhanced-Diffie-Hellman-Protocol_wrapper.py_cleaned.py,0,0,0.6231475472450256,0.3768523931503296
kat1,3466_35_content_DiarmuidKelly_Key_Exchange_diffie_hellman.py_cleaned.py,0,1,0.12210386246442795,0.8778960704803467
kat1,3471_48_content_AdityaMalani_Diffie-Hellman-Key_Exchange_diffie.py_cleaned.py,0,0,0.9618217349052429,0.038178276270627975
kat1,3478_68_content_Nircek_DiffHell2_main.py_cleaned.py,0,1,0.16079244017601013,0.8392075896263123
kat1,3484_7_content_adwarner_Diffie-Hellman_Division_Algo.py_cleaned.py,0,0,0.9458011984825134,0.0541987270116806
kat1,3732_13_content_isabellavieira57_dijkstra-fractionalKnapsack-polynomialMultiplication_question2a.py_cleaned.py,0,1,0.1949802190065384,0.8050197958946228
kat1,3740_16_content_pizzolatto_python_dijkstra_dijkstra.py_cleaned.py,0,0,0.9469902515411377,0.053009770810604095
kat1,3747_23_content_cheewoei1997_dijkstras-algorithm_graphFunctions.py_cleaned.py,0,1,0.4791381061077118,0.5208619236946106
kat1,3752_32_content_Spanfile_Dijkstra_test.py_cleaned.py,0,1,0.08694165199995041,0.9130582809448242
kat1,3758_47_content_woodElec_Parallel-Dijkstra-Networkx_voronoi_module.py_cleaned.py,0,1,0.4046250879764557,0.5953749418258667
kat1,3768_78_content_FernandoDurier_apa-dijkstra___main__.py_cleaned.py,0,0,0.8803863525390625,0.1196136623620987
kat1,3773_88_content_jinshang-msft_Dijkstra-Algorithm-Implementation_Dijkstra.py_cleaned.py,0,0,0.954647421836853,0.04535257816314697
kat1,4017_11_content_tatsuyoshi-ikenoue_fizzbuzz_fizzbuzz.py_cleaned.py,0,0,0.8484706878662109,0.15152934193611145
kat1,4025_15_content_leni1_python-fizzbuzz_fizzbuzz.py_cleaned.py,0,1,0.16184942424297333,0.8381505608558655
kat1,4027_15_content_Nabeel-Asghar_List-Divsion_List-Division.py_cleaned.py,0,0,0.917302668094635,0.08269733935594559
kat1,4032_20_content_IbrahimAyed_Multifractal-analysis-of-natural-images_zoom.py_cleaned.py,0,0,0.9235923886299133,0.07640768587589264
kat1,4039_3_content_victornguyen75_x-factor_source.py_cleaned.py,0,0,0.9473810195922852,0.052618954330682755
kat1,4044_5_content_AdamJacoby_Hopf_ElementClass.py_cleaned.py,0,1,0.20817893743515015,0.7918210625648499
kat1,4050_5_content_AdamJacoby_Hopf_Example_Matrix_Algebra.py_cleaned.py,0,0,0.7065955400466919,0.2934044897556305
kat1,4055_5_content_DvorakSimon_divisibility_DivisionBySeven.py_cleaned.py,0,0,0.8438951373100281,0.1561049073934555
kat1,4059_6_content_sockster_metroCard_metroCard.py_cleaned.py,0,0,0.9202179908752441,0.07978201657533646
kat1,4064_8_content_drake-young_Euler12_Python_main.py_cleaned.py,0,0,0.5622966289520264,0.43770331144332886
kat1,4300_10_content_ko-hii_EASY-Elliptic-curve-cryptography_decryption.py_cleaned.py,0,1,0.09807932376861572,0.9019206762313843
kat1,4302_10_content_Suraj-Rajesh_elliptic_curve_cryptography_main.py_cleaned.py,0,1,0.2140335589647293,0.7859664559364319
kat1,4307_16_content_SemyonMakhaev_elliptic-curve_main.py_cleaned.py,0,1,0.10970577597618103,0.8902942538261414
kat1,4313_1_content_randombit_pairings.py_bls.py_cleaned.py,0,1,0.16667540371418,0.8333246111869812
kat1,4314_1_content_randombit_pairings.py_tripartite.py_cleaned.py,0,1,0.2330075204372406,0.766992449760437
kat1,4319_25_content_naveenpvg3_Comparative-Analysis-of-Elliptic-and-Hessian-curve-cryptography_comgra.py_cleaned.py,0,1,0.12378869205713272,0.8762113451957703
kat1,4326_2_content_johndoe31415_toyecc_dual_ec_drbg.py_cleaned.py,0,0,0.9246877431869507,0.0753123089671135
kat1,4331_2_content_johndoe31415_toyecc_StopWatch.py_cleaned.py,0,0,0.6531268954277039,0.34687307476997375
kat1,4338_6_content_gionanide_Cryptography_Decrypt_Hip_replacement.py_cleaned.py,0,0,0.8868131041526794,0.11318691074848175
kat1,4579_11_content_harishchellappa_Time-Series-Analysis-Bike-Sharing-Demand-Forecasting_forecasting_passes.py_cleaned.py,0,0,0.9319595694541931,0.06804042309522629
kat1,4586_3_content_cdr6934_eSMA_ExpSMA.py_cleaned.py,0,1,0.09670579433441162,0.9032942056655884
kat1,4592_9_content_Soumyabrata_predicting-pwv_grid_search.py_cleaned.py,0,1,0.1325145661830902,0.8674854040145874
kat1,4677_11_content_kousu_primes_cubesieve_explore.py_cleaned.py,0,0,0.937210738658905,0.0627892017364502
kat1,4683_1_content_MuricanCoderVersionTwo_Factorial-Calculation_Factorial.py_cleaned.py,0,0,0.9304582476615906,0.06954174488782883
kat1,4690_38_content_citigoad_Appengine_factorial_factorial.py_cleaned.py,0,0,0.8925625681877136,0.10743747651576996
kat1,4704_51_content_adityapatelgithub_Expressions-and-Functions_peekable.py_cleaned.py,0,1,0.4156695306301117,0.5843304395675659
kat1,4705_5_content_brown9804_Python_DiversosAlgortimos_CalculoParametrosBalonClimatico.py_cleaned.py,0,0,0.9539660811424255,0.04603390023112297
kat1,4712_84_content_rev1z_async_factorial_webapp_logic.py_cleaned.py,0,1,0.10970577597618103,0.8902942538261414
kat1,4718_97_content_mjurk456_mini-snakes_flowers.py_cleaned.py,0,1,0.18952108919620514,0.8104788661003113
kat1,4723_9_content_ankur-anand_Factorial-Algorithm_fact_12_unittest.py_cleaned.py,0,1,0.16344544291496277,0.8365545868873596
kat1,4959_13_content_danielSbastos_binary-fibonacci_transpose.py_cleaned.py,0,1,0.10743747651576996,0.8925625681877136
kat1,4965_19_content_frankiekienlam_Fibonacci_Pyramids_pyramid.py_cleaned.py,0,1,0.11240507662296295,0.8875949382781982
kat1,4972_42_content_tesladodger_Fibonacci_fibonacci.py_cleaned.py,0,0,0.9381240010261536,0.06187598407268524
kat1,4977_48_content_PhilGrogan_fibonacci_fibonacci.py_cleaned.py,0,0,0.6381590962409973,0.3618409335613251
kat1,4983_55_content_NM20XX_Python_Fibonacci_Sequence.py_cleaned.py,0,0,0.6630147099494934,0.336985319852829
kat1,4989_61_content_gpwood_fibonacciOfOrderN_fib.py_cleaned.py,0,0,0.8652240633964539,0.13477592170238495
kat1,4994_68_content_jacob-bonner_ICS3U-Assignment7-Python_fibonacci.py_cleaned.py,0,1,0.1629120409488678,0.8370879292488098
kat1,4999_8_content_rianlian7_FibonacciSequence-Python-Tk_Fibonacci_Sequence.py_cleaned.py,0,0,0.9536217451095581,0.046378206461668015
kat1,5243_11_content_liam-han_all-pairs-shortest-path_allPairsShortestPath.py_cleaned.py,0,0,0.9525741338729858,0.04742587357759476
kat1,5251_13_content_monicanto101_all-pairs-shortest-path_allPairsShortestPath.py_cleaned.py,0,0,0.894789457321167,0.10521053522825241
kat1,5256_17_content_kanavkhanna_Application-Software_Software_Application.py_cleaned.py,0,0,0.6199315786361694,0.38006842136383057
kat1,5262_3_content_harisrkhan7_FloydWarshallAlgorithmParallelisation_goodgraph.py_cleaned.py,0,1,0.1108555942773819,0.8891444206237793
kat1,5272_7_content_ghifarozarrr_floyd-warshall-algorithm_floyd.py_cleaned.py,0,0,0.9046505093574524,0.09534946084022522
kat1,5454_10_content_nazaninsbr_Intelligent-Systems-CA3_Q3_Clustering.py_cleaned.py,0,0,0.6433292627334595,0.35667070746421814
kat1,5460_18_content_Saychakr13_CLUSTERING_MODELS_hc.py_cleaned.py,0,1,0.2240554690361023,0.7759445905685425
kat1,5467_26_content_dmallya93_Intelligent-Web-Services-Discovery-using-Clustering-Method_jsonMaker.py_cleaned.py,0,0,0.9525741338729858,0.04742587357759476
kat1,5469_29_content_SomeshKashyap_Hierarchical-Clustering_HierarchicalClustering.py_cleaned.py,0,1,0.23616373538970947,0.7638362646102905
kat1,5473_32_content_Terry-Kusunoki-Martin_World-University-Rankings-Clustering_filehelper.py_cleaned.py,0,1,0.2613309323787689,0.7386690378189087
kat1,5481_4_content_ktrujillo52_Bitcoin-price-forecast_bitcoin_clustering.py_cleaned.py,0,1,0.1561049073934555,0.8438951373100281
kat1,5487_54_content_juancprzs_hierarchical-clustering-example_tutorial_python.py_cleaned.py,0,1,0.2881683111190796,0.7118317484855652
kat1,5495_69_content_MarynaTatsevich_Machine-Learning-Unsupervised-Learning-Techniques_hierarchical_clustering_algorithm.py_cleaned.py,0,1,0.22202469408512115,0.7779753804206848
kat1,5500_93_content_vishwakftw_extreme-classification_baseline.py_cleaned.py,0,1,0.1196136623620987,0.8803863525390625
kat1,5745_11_content_SharifAmit_HuffmanCoding_encoder.py_cleaned.py,0,0,0.9700134992599487,0.029986508190631866
kat1,5751_15_content_prashant-kikani_image-optimizer_utils.py_cleaned.py,0,1,0.12168575078248978,0.8783142566680908
kat1,5757_19_content_Venergon_huffman_huffman_binary.py_cleaned.py,0,1,0.10818894952535629,0.8918110132217407
kat1,5761_1_content_josgard94_JPEG_generador_huffman_code.py_cleaned.py,0,0,0.5387405753135681,0.4612594544887543
kat1,5765_22_content_Raxev_datastructures3_huffElement.py_cleaned.py,0,1,0.12678517401218414,0.873214840888977
kat1,5766_23_content_xuwangme_huffmanTree_Main.py_cleaned.py,0,1,0.17272931337356567,0.8272706270217896
kat1,5773_2_content_JoshuaEbenezer_huffman_encoding_huffman.py_cleaned.py,0,0,0.6017106175422668,0.39828941226005554
kat1,5778_3_content_mightydeveloper_Deep-Compression-PyTorch_pruning.py_cleaned.py,0,1,0.3255205750465393,0.6744794249534607
kat1,5784_47_content_saladcat_Huffman_Form1.py_cleaned.py,0,1,0.12678517401218414,0.873214840888977
kat1,5790_7_content_AastroLePetitRobot_Huffman-Coding_Huffman.py_cleaned.py,0,0,0.930962085723877,0.06903792917728424
kat1,6038_17_content_kimjaeh10_Hybrid-Sort_LinkedList.py_cleaned.py,0,1,0.1196136623620987,0.8803863525390625
kat1,6043_21_content_ahmedbally_Sorting-LL_LinkedList.py_cleaned.py,0,0,0.9559813141822815,0.04401865229010582
kat1,6048_23_content_thugsatbay_CS-Algorithms_Sorting_Comparison_Ass2-2Soln.py_cleaned.py,0,0,0.9603611826896667,0.03963884338736534
kat1,6057_25_content_ryansmick_SortedOrderedDict_PersistentDict.py_cleaned.py,0,1,0.10158944129943848,0.8984104990959167
kat1,6061_30_content_rogerdenisvieira_bidirectional-conditional-insertion-sort_main.py_cleaned.py,0,1,0.1650540828704834,0.8349459171295166
kat1,6068_44_content_Ian-OBrien-503_sort_analysis_selection_sort.py_cleaned.py,0,1,0.43362167477607727,0.5663783550262451
kat1,6081_58_content_yaroslava-tkachuk_quicksort_accelerated_quicksort_accelerated.py_cleaned.py,0,0,0.8104788661003113,0.18952108919620514
kat1,6313_13_content_Skulsta_cluster_unlabelled_dataset_elbow_analysis.py_cleaned.py,0,1,0.13386750221252441,0.8661325573921204
kat1,6318_25_content_SaadatRizvi_Movie-Recommendation-System_collaborative-filtering.py_cleaned.py,0,0,0.509276270866394,0.49072372913360596
kat1,6325_35_content_NavneetSomwal_Weather-Data-Clustering-using-k-Means_waether_data_Clustering_k-means_scikit-learn.py_cleaned.py,0,0,0.5229940414428711,0.4770059883594513
kat1,6330_3_content_jamer5_K-Means-Clustering_k-means-clustering-without-scikit-example-1.py_cleaned.py,0,1,0.0832919329404831,0.9167081117630005
kat1,6338_52_content_MAXERS19_Clustering_KMeansAI.py_cleaned.py,0,1,0.3966522812843323,0.6033477187156677
kat1,6344_56_content_lpyhdzx_clustering_data.py_cleaned.py,0,0,0.917302668094635,0.08269733935594559
kat1,6349_68_content_Starfunk_k-means-clustering_k-means-clustering.py_cleaned.py,0,0,0.7134315967559814,0.28656840324401855
kat1,6352_74_content_MarynaTatsevich_Machine-Learning-Unsupervised-Learning-Techniques_hierarchical_clustering_algorithm.py_cleaned.py,0,1,0.22202469408512115,0.7779753804206848
kat1,6606_10_content_ajcse1_Predicting_Picture_Orientation_NeuralNetwork_predict.py_cleaned.py,0,0,0.8509646654129028,0.1490352898836136
kat1,6610_13_content_qwerty1917_KNN_OCR_main_py2.py_cleaned.py,0,1,0.1431877166032791,0.8568122982978821
kat1,6615_16_content_nbui151_K-Nearest-Neighbors-Implementation_nearest_neighbors.py_cleaned.py,0,1,0.17441026866436005,0.8255897164344788
kat1,6623_24_content_xosherry_Machine-Learning-_knn.py_cleaned.py,0,1,0.09534946084022522,0.9046505093574524
kat1,6627_29_content_rahuljohnny_Bangla_OCR_Using_KNN_class_contour.py_cleaned.py,0,0,0.929440438747406,0.07055959850549698
kat1,6628_29_content_rahuljohnny_Bangla_OCR_Using_KNN_O6_word_segmenter.py_cleaned.py,0,0,0.961243748664856,0.03875619173049927
kat1,6633_32_content_prakashsellathurai_OPTICAL_CHARACTER_RECOGNITION_PossibleChar.py_cleaned.py,0,1,0.169956237077713,0.8300437331199646
kat1,6640_44_content_eastxe_cosine-knn_knn.py_cleaned.py,0,1,0.13753247261047363,0.8624675869941711
kat1,6645_6_content_cooperlab_KNN_Survival_DataManagement.py_cleaned.py,0,1,0.10230470448732376,0.8976953029632568
kat1,6650_8_content_jasminegrewal_Naive-Bayes-KNN-Logistic-Regression_3b_knn.py_cleaned.py,0,0,0.9536217451095581,0.046378206461668015
kat1,6895_10_content_aponce12_Lab6-B_Lab6.py_cleaned.py,0,0,0.9246877431869507,0.0753123089671135
kat1,6901_16_content_sharatchandraj_MaxBandwidthPath_DijkstrasNoHeap.py_cleaned.py,0,0,0.9437636137008667,0.05623634159564972
kat1,6908_20_content_kavyasree-bvs_Network-Optimization_heap.py_cleaned.py,0,0,0.954308032989502,0.04569203406572342
kat1,6914_2_content_carlosguadir_kruskal_Freeze.py_cleaned.py,0,1,0.1980641782283783,0.8019358515739441
kat1,6919_32_content_arian100y_Travelling-Salesman-Problem_createDBOrdered.py_cleaned.py,0,0,0.954308032989502,0.04569203406572342
kat1,6924_4_content_mincanhe_Network-routing-protocol_kruskal.py_cleaned.py,0,1,0.17497345805168152,0.8250265121459961
kat1,6930_6_content_petronius_minotaur_dimensions.py_cleaned.py,0,0,0.9252299070358276,0.07477004081010818
kat1,6933_7_content_Aly-Tomato_Prims-and-Kruskals_prims.py_cleaned.py,0,1,0.15817435085773468,0.8418256044387817
kat1,6939_8_content_fepz_AyCC_disjoint_set.py_cleaned.py,0,1,0.48401424288749695,0.5159857273101807
kat1,7184_10_content_mahimagupta_NLP-Research-Project-_test2.py_cleaned.py,0,0,0.9252299070358276,0.07477004081010818
kat1,7194_12_content_ianscottknight_Predicting-Myers-Briggs-Type-Indicator-with-Recurrent-Neural-Networks_rnn.py_cleaned.py,0,0,0.8438951373100281,0.1561049073934555
kat1,7199_12_content_romanorac_elastic_localized_search_main.py_cleaned.py,0,1,0.10158944129943848,0.8984104990959167
kat1,7206_16_content_davda54_pytorch-transformer-lemmatization_predict.py_cleaned.py,0,1,0.11240507662296295,0.8875949382781982
kat1,7212_1_content_akoksal_Turkish-Lemmatizer_trainLexicon.py_cleaned.py,0,0,0.9219217896461487,0.07807815819978714
kat1,7216_1_content_mikekestemont_pandora_unseen.py_cleaned.py,0,1,0.1535491794347763,0.8464508652687073
kat1,7218_22_content_ABHISHEKVALSAN_Malayalam-Newspaper-Article-Dataset_MalayalamScraping.py_cleaned.py,0,1,0.15921740233898163,0.8407825827598572
kat1,7223_24_content_lucaducceschi_Wordnet_Functions_wordnet_functions.py_cleaned.py,0,1,0.1212688684463501,0.8787311315536499
kat1,7230_26_content_Nofenigma_lt_lemma_prefixes_check_lt_prefixed_lemmas.py_cleaned.py,0,0,0.6901415586471558,0.30985844135284424
kat1,7482_11_content_NikitaGautam_FYP-Automatic-Word-Search-Puzzle-Solver_train.py_cleaned.py,0,1,0.09534946084022522,0.9046505093574524
kat1,7491_11_content_sichen-x_search-engine_words.py_cleaned.py,0,1,0.13939638435840607,0.8606036305427551
kat1,7497_15_content_jknight1725_linear_search_vs_random_search_myFunctions.py_cleaned.py,0,1,0.09203286468982697,0.907967209815979
kat1,7503_1_content_Chunning-Zhou_MILPBasedSearchAlgorithmDiff_main_feistel.py_cleaned.py,0,0,0.9130582809448242,0.08694165199995041
kat1,7510_27_content_ashwinvis98_Particle-Swarm-Optimization-for-Robotic-Search-Applications_sensor_check.py_cleaned.py,0,0,0.7718434929847717,0.22815649211406708
kat1,7516_36_content_akaif95_U.S-Currency-Patterns_us_currency_regex.py_cleaned.py,0,1,0.12984342873096466,0.8701565861701965
kat1,7519_4_content_AcrobatAHA_Linear-Search-_Linear_search.py_cleaned.py,0,0,0.8840392827987671,0.11596070975065231
kat1,7780_16_content_apriven_linked_lists_scratch.py_cleaned.py,0,1,0.11124120652675629,0.8887587189674377
kat1,7785_19_content_vickyabi_singly-linked-list_singly_linked_list.py_cleaned.py,0,0,0.8902942538261414,0.10970577597618103
kat1,7790_22_content_harpreetsi_DataStructureImpl_LinkedListTest.py_cleaned.py,0,1,0.12210386246442795,0.8778960704803467
kat1,7796_24_content_pacslab_ACM-trans-papers-spider_ACMPaperSpider.py_cleaned.py,0,1,0.11636176705360413,0.8836382031440735
kat1,7805_34_content_jackle98_Deque-Code-_Queue.py_cleaned.py,0,1,0.13477592170238495,0.8652240633964539
kat1,7812_40_content_Bonifase_ShoppingList_app_tests.py_cleaned.py,0,1,0.167763352394104,0.8322367072105408
kat1,7817_46_content_lili668668_tensorflow-note_trytfb.py_cleaned.py,0,1,0.14463144540786743,0.8553685545921326
kat1,7825_9_content_Sknapper4_CS3310A2_main.py_cleaned.py,0,1,0.11436852067708969,0.8856314420700073
kat1,8064_11_content_ayushkumarshah_Dynamic-Programming-MCM-and-LCS_matmul.py_cleaned.py,0,1,0.4381465017795563,0.5618534684181213
kat1,8066_13_content_trsavi_Largest-Common-Sequence_subSequence.py_cleaned.py,0,0,0.954308032989502,0.04569203406572342
kat1,8071_15_content_VakinduPhilliam_Pattern_Matching_Python_Difflib_Pattern_Matching_N_Diff.py_cleaned.py,0,0,0.7599387168884277,0.2400612235069275
kat1,8078_15_content_VakinduPhilliam_Pattern_Matching_Python_Fnmatch_Translate.py_cleaned.py,0,0,0.8198933005332947,0.18010665476322174
kat1,8084_1_content_jim-spyropoulos_Trajectory-Analysis-and-Classification-in-Python-Pandas-and-Scikit-Learn_down_left_point.py_cleaned.py,0,1,0.22746935486793518,0.7725306749343872
kat1,8090_1_content_susheelsagar_LCSS_temp.py_cleaned.py,0,0,0.9358173608779907,0.06418264657258987
kat1,8098_5_content_amirheidarikhoram_longest-common-subsequence_lcs.py_cleaned.py,0,0,0.9429286122322083,0.05707140266895294
kat1,8103_7_content_kanthagirish-rit_lcs-project_recursive.py_cleaned.py,0,1,0.12210386246442795,0.8778960704803467
kat1,8108_8_content_16chuang_CS161_Project_LCStest.py_cleaned.py,0,0,0.627266526222229,0.3727335035800934
kat1,8361_11_content_yuvalkif_NaiveBayes_NaiveBayes.py_cleaned.py,0,1,0.3645513355731964,0.635448694229126
kat1,8369_17_content_sdevkota007_KNN-And-NaiveBayes-Classifier_ConfusionMatrix.py_cleaned.py,0,0,0.6697448492050171,0.3302551805973053
kat1,8376_29_content_barshaison_Naive_Bayes_Classifier_Prog.py_cleaned.py,0,0,0.9241418242454529,0.07585817575454712
kat1,8381_39_content_arundhati-b_NaiveBayesClassifier_computation.py_cleaned.py,0,0,0.9511421918869019,0.04885777831077576
kat1,8387_50_content_cristend_spam_email_auto_run.py_cleaned.py,0,1,0.19744445383548737,0.802555501461029
kat1,8395_76_content_mashfiq10_Naive-Bayes-classification_prob_1.py_cleaned.py,0,0,0.5994851589202881,0.4005148708820343
kat1,8400_80_content_cgeopapa_NaiveBayesClassifier-ham-spam-mail_Bayes.py_cleaned.py,0,0,0.8050197958946228,0.1949802190065384
kat1,8406_94_content_UniqueRoHo_NaiveBayes_Continuous.py_cleaned.py,0,1,0.18952108919620514,0.8104788661003113
kat1,8649_11_content_OlgaCobaquil_One-Time-Pad_onetimepad.py_cleaned.py,0,1,0.2516477108001709,0.7483522891998291
kat1,8655_15_content_elkozmon_otp_test_otp.py_cleaned.py,0,1,0.13939638435840607,0.8606036305427551
kat1,8659_17_content_jb0xx_decrypt-onetimepad_onetimepad.py_cleaned.py,0,1,0.14128142595291138,0.8587185740470886
kat1,8661_18_content_jzpero_enigma_main.py_cleaned.py,0,0,0.524820864200592,0.47517913579940796
kat1,8669_23_content_git-remove_OTP-Decipher_decipher.py_cleaned.py,0,1,0.09877259284257889,0.9012274742126465
kat1,8675_2_content_riki95_Many-Time-Pad-Cracker_cracker.py_cleaned.py,0,1,0.15456733107566833,0.845432698726654
kat1,8683_3_content_lrnselfreliance_one_time_pad_otp_server.py_cleaned.py,0,1,0.18126320838928223,0.8187368512153625
kat1,8687_5_content_ProgrammingLanguageLeader_OneTimePad_cipher.py_cleaned.py,0,1,0.09268777817487717,0.907312273979187
kat1,8695_9_content_RooiAap_One-Time-Pad_decrypt.py_cleaned.py,0,1,0.2704802453517914,0.729519784450531
kat1,8936_2_content_Liu-WeiYi_Private_Preserving_Outlier_Behavior_Detection_Process_TianChi_Main.py_cleaned.py,0,1,0.12678517401218414,0.873214840888977
kat1,8944_4_content_mrimahajan_advanced_analysis_package_variable_treatment.py_cleaned.py,0,1,0.26020142436027527,0.7397985458374023
kat1,9044_2_content_imset_Perfect-Numbers_perfNum.py_cleaned.py,0,0,0.949669361114502,0.05033063143491745
kat1,9046_3_content_iykadev_pyalgo_3plus1.py_cleaned.py,0,1,0.12721827626228333,0.8727816939353943
kat1,9051_3_content_iykadev_pyalgo_anagram3.py_cleaned.py,0,0,0.9477691650390625,0.05223085358738899
kat1,9058_3_content_iykadev_pyalgo_blum_blum_shub.py_cleaned.py,0,0,0.961533784866333,0.0384661927819252
kat1,9063_3_content_iykadev_pyalgo_deepFirstSearch.py_cleaned.py,0,1,0.3153141438961029,0.6846858263015747
kat1,9072_3_content_iykadev_pyalgo_hanoi_tower_algorithm.py_cleaned.py,0,0,0.8740772008895874,0.1259227693080902
kat1,9076_3_content_iykadev_pyalgo_knuths_algo.py_cleaned.py,0,1,0.47335290908813477,0.5266470909118652
kat1,9082_3_content_iykadev_pyalgo_ray_casting_algo.py_cleaned.py,0,0,0.8692712783813477,0.13072869181632996
kat1,9088_3_content_iykadev_pyalgo_zhang_suen_thinning_algo.py_cleaned.py,0,0,0.9437636137008667,0.05623634159564972
kat1,9338_100_content_adelaidaCreosteanu_scikit-learn-diabetes-exploration_lasso.py_cleaned.py,0,1,0.08882028609514236,0.9111796617507935
kat1,9349_2_content_athul-dev_regression-models_multivariate-linear-regression.py_cleaned.py,0,0,0.815232515335083,0.18476751446723938
kat1,9356_48_content_pareekajay2_Polynomial-Regression_Position_Salaries.py_cleaned.py,0,1,0.2590751051902771,0.7409248948097229
kat1,9361_53_content_iamrj846_Predicting-insurance-prices-with-Linear-Regression_RandomForestRegressionModel.py_cleaned.py,0,1,0.3159469962120056,0.6840530037879944
kat1,9367_61_content_GauravRoy48_Polynomial-Regression_plr_GR.py_cleaned.py,0,1,0.2422056347131729,0.7577943801879883
kat1,9373_63_content_avitabayan_Machine-learning_svr.py_cleaned.py,0,1,0.3393895924091339,0.6606104373931885
kat1,9374_64_content_hardik-dadhich_Polynomial_regression_model_poly_reg.py_cleaned.py,0,1,0.3453260362148285,0.6546739935874939
kat1,9382_88_content_mrugankray_Polynomial-Linear-Regression-Written-In-Python_polynomial_regression.py_cleaned.py,0,1,0.1980641782283783,0.8019358515739441
kat1,9629_11_content_pprzygodzk_binary_search-prime_numbers_primes_p1.py_cleaned.py,0,0,0.9645892381668091,0.03541072458028793
kat1,9636_15_content_MubasharSardar_Multipurpose-Gui-App-python_Projectpart2revice.py_cleaned.py,0,0,0.9284088015556335,0.07159119844436646
kat1,9644_20_content_DanielKrolopp_Sieves_Eratosthenes.py_cleaned.py,0,0,0.9394705891609192,0.06052938848733902
kat1,9658_2_content_rdisipio_prime_numbers_primes.py_cleaned.py,0,0,0.9273632764816284,0.07263670116662979
kat1,9664_39_content_LonelyRanger_Prime-Numbers_EuclideanPrimeTest15May2018TestFromLowerPrimes.py_cleaned.py,0,0,0.7826625108718872,0.21733751893043518
kat1,9669_70_content_Panagiotis-Zachos_Primality-Checks-Python_Miller_Rabin_PrimalityCheck.py_cleaned.py,0,0,0.9597620368003845,0.04023794084787369
kat1,9927_12_content_diegooliveira95_PrimAndDijkstra_prim.py_cleaned.py,0,0,0.6555565595626831,0.3444434404373169
kat1,9931_1_content_bhedavivek_prims_algorithm_vertex.py_cleaned.py,0,0,0.7178037762641907,0.28219619393348694
kat1,9934_1_content_muzixing_graph_algorithm_prim.py_cleaned.py,0,0,0.5761246681213379,0.4238753318786621
kat1,9940_3_content_Locrian24_PrimsMaze_prim.py_cleaned.py,0,0,0.9329437017440796,0.06705628335475922
kat1,9946_5_content_abcsds_Prim_exampleL.py_cleaned.py,0,1,0.4799911379814148,0.5200088620185852
kat1,9957_7_content_Aly-Tomato_Prims-and-Kruskals_glb.py_cleaned.py,0,0,0.7718434929847717,0.22815649211406708
kat1,9960_7_content_fepz_AyCC_disjoint_set.py_cleaned.py,0,1,0.48401424288749695,0.5159857273101807
kat1,9965_9_content_gquintela_prim_main.py_cleaned.py,0,1,0.3553273677825928,0.6446726322174072
kat1,10223_23_content_ymohanty_data-analysis_analysis.py_cleaned.py,0,1,0.12294380366802216,0.8770562410354614
kat1,10228_30_content_ishwaryav_Principal-Component-Analysis-Implementation_pr2.py_cleaned.py,0,1,0.1208532303571701,0.8791467547416687
kat1,10234_41_content_bhavaniprasad73_Principal-Component-Analysis_PCA.py_cleaned.py,0,0,0.954308032989502,0.04569203406572342
kat1,10240_59_content_SMByC_PCA4CD_pca4cd.py_cleaned.py,0,1,0.23335674405097961,0.766643226146698
kat1,10246_6_content_LinHungShi_Principal-Component-Analysis-for-Images_pca_blocks.py_cleaned.py,0,0,0.8381505608558655,0.16184942424297333
kat1,10251_7_content_syamkakarla98_PCA-On-IRIS-Dataset-With-Classification-Using-KNNC_pca_iris_knnc.py_cleaned.py,0,1,0.3711366057395935,0.6288633942604065
kat1,10255_84_content_rayjc_ml-pca-foreground-removal_miscHelper.py_cleaned.py,0,0,0.8727816939353943,0.12721827626228333
kat1,10261_93_content_djzgroup_Visual-basedCharacterEmbedding_123.py_cleaned.py,0,0,0.7943849563598633,0.20561504364013672
kat1,10267_9_content_yangzi4_gPCA_gPCA_simulation.py_cleaned.py,0,1,0.41111084818840027,0.5888891220092773
kat1,10522_15_content_mahfuzali_AzureRSAPy_run.py_cleaned.py,0,0,0.8438951373100281,0.1561049073934555
kat1,10526_1_content_SamKnightGit_LeagueBot_context.py_cleaned.py,0,1,0.104843370616436,0.8951566815376282
kat1,10532_31_content_NagarajSMurthy_Data-Structures_LinkedList.py_cleaned.py,0,0,0.8311430811882019,0.16885696351528168
kat1,10537_37_content_TolgaGolet_CPU-Scheduling-Algorithms-Simulation_OperatingSystems_CPUSchedulingReverse.py_cleaned.py,0,0,0.6537903547286987,0.34620964527130127
kat1,10546_45_content_kriti149_Text-Summarizer_txt_summarization.py_cleaned.py,0,0,0.9376689791679382,0.06233103945851326
kat1,10552_53_content_haydentmichael_Assign4_TreeTraversal.py_cleaned.py,0,0,0.9518632292747498,0.048136770725250244
kat1,10559_5_content_supfisher_PredicrionInQueueNets_regression.py_cleaned.py,0,1,0.12463856488466263,0.875361442565918
kat1,10563_65_content_NidhiPati_PythonProgramsAcademicProjects_StackQueue.py_cleaned.py,0,1,0.1233656108379364,0.8766343593597412
kat1,10806_10_content_adrianvellamlt_Quick-Sort---Insertion-Sort_quicksort.py_cleaned.py,0,0,0.6623597741127014,0.3376401960849762
kat1,10811_14_content_atakanipekci_QuickSortLomutoAndHoare_quickSortsComp.py_cleaned.py,0,0,0.9676556587219238,0.032344330102205276
kat1,10816_19_content_jamesnearn_sortDigitalCameraFiles_sortDigitalCameraFiles.py_cleaned.py,0,0,0.7523766160011292,0.24762336909770966
kat1,10822_22_content_konczyk_comparisons_client.py_cleaned.py,0,1,0.1766716092824936,0.8233283758163452
kat1,10829_27_content_mozarik_quicksortPython_insertionSort.py_cleaned.py,0,0,0.8665847778320312,0.13341520726680756
kat1,10834_30_content_choogeboom_photo-sorter_photo_sorter.py_cleaned.py,0,1,0.14706452190876007,0.8529354333877563
kat1,10837_38_content_TadayoshiCarvajal_Sorting-in-Python_sortingAlgorithms.py_cleaned.py,0,1,0.13660839200019836,0.8633915781974792
kat1,10840_42_content_aira26_HomeWork3_quicksortclass.py_cleaned.py,0,1,0.24436300992965698,0.755636990070343
kat1,10844_6_content_austinteshuba_QuickSort_Sort.py_cleaned.py,0,0,0.961243748664856,0.03875619173049927
kat1,10847_75_content_yaroslava-tkachuk_quicksort_accelerated_quicksort_accelerated.py_cleaned.py,0,0,0.8104788661003113,0.18952108919620514
kat1,10851_8_content_lucasxteixeira_RandomQuickSort_benchmark.py_cleaned.py,0,0,0.9623913168907166,0.03760863468050957
kat1,11100_18_content_jmhummel_Continuation-passing-style_index.py_cleaned.py,0,1,0.1859472095966339,0.8140527606010437
kat1,11104_1_content_rcorcs_apref_tests.py_cleaned.py,0,0,0.9609517455101013,0.039048291742801666
kat1,11110_24_content_regnarg_prf-turing-machine_tm.py_cleaned.py,0,1,0.2954331338405609,0.7045668363571167
kat1,11115_29_content_ntzhong_box_api_modify_links_main.py_cleaned.py,0,1,0.0832919329404831,0.9167081117630005
kat1,11123_36_content_Zattri_tutorial-recursion_binary.py_cleaned.py,0,1,0.3015677034854889,0.6984323263168335
kat1,11135_6_content_Vruksha_Fun-with-Recursive-Functions_Fun_with_Recursive_Functions.py_cleaned.py,0,0,0.9441768527030945,0.05582313984632492
kat1,11382_12_content_kyardley_RSA_RSAEncrypt.py_cleaned.py,0,1,0.09947021305561066,0.9005298018455505
kat1,11387_28_content_Harzu_simple-rsa_utils.py_cleaned.py,0,0,0.9594592452049255,0.04054073989391327
kat1,11392_37_content_henritomas_ECE151-RSA-encryption_client.py_cleaned.py,0,0,0.9092645049095154,0.09073548763990402
kat1,11399_49_content_mrsondeptrai1999_RSA_Summer_2017_project_Decryption.py_cleaned.py,0,1,0.3770817816257477,0.6229182481765747
kat1,11404_5_content_yifeng-lee_RSA-In-CTF_exp1.py_cleaned.py,0,0,0.944587230682373,0.05541279539465904
kat1,11411_6_content_JayDogon_RSA_Encrypt3.py_cleaned.py,0,0,0.9671630263328552,0.03283695504069328
kat1,11415_84_content_LatrecheYasser_Secure-Python-Chat_RC4.py_cleaned.py,0,0,0.9399133324623108,0.06008664518594742
kat1,11424_93_content_EricElmoznino_rsa_emd_data_processing.py_cleaned.py,0,1,0.09739039838314056,0.9026095867156982
kat1,11429_97_content_DanialBeg_RSA-Decryption-CS111_decryption.py_cleaned.py,0,0,0.9403530955314636,0.05964694544672966
kat1,11686_12_content_wallaceicy06_room-draw_roomdraw.py_cleaned.py,0,1,0.1325145661830902,0.8674854040145874
kat1,11691_15_content_hgdsraj_python_vs_ruby_speed_analyze_script_cpp.py_cleaned.py,0,0,0.9059898257255554,0.09401018917560577
kat1,11705_25_content_robsonribeiroft_tempo-de-ordencao-com-selection-sort_main.py_cleaned.py,0,0,0.9473810195922852,0.052618954330682755
kat1,11709_27_content_CodeDrome_selection-sort-python_selectionsort.py_cleaned.py,0,1,0.1212688684463501,0.8787311315536499
kat1,11716_32_content_TadayoshiCarvajal_Sorting-in-Python_sortingAlgorithms.py_cleaned.py,0,1,0.13660839200019836,0.8633915781974792
kat1,11717_33_content_ilkayDevran_Analysis_of_Sorting_Algorithms_allInOne.py_cleaned.py,0,1,0.31658053398132324,0.6834195256233215
kat1,11724_45_content_Dimildizio_pyqt_traincars_sort_gui11.py_cleaned.py,0,1,0.17272931337356567,0.8272706270217896
kat1,11974_2_content_IhsanPratama_ccvs_main.py_cleaned.py,0,0,0.8539127111434937,0.14608724415302277
kat1,11978_3_content_GentaHI_SteganografiLSB-ImageToImage_steganography.py_cleaned.py,0,1,0.4808443486690521,0.5191556811332703
kat1,11979_5_content_SorinMA_steganografie_proiect.py_cleaned.py,0,1,0.32124701142311096,0.6787529587745667
kat1,12031_13_content_preetidurai_Spam-Ham-Classification-using-NB-and-LR_logisticRegressionMain.py_cleaned.py,0,0,0.9155072569847107,0.0844927579164505
kat1,12038_15_content_ganigavinaya_LogisticRegression_LRwithoutStopWords.py_cleaned.py,0,0,0.6710395812988281,0.32896044850349426
kat1,12045_16_content_NB-prog_INTERN-2019_plot.py_cleaned.py,0,1,0.08945459872484207,0.9105454087257385
kat1,12053_20_content_aditiopangestu_spam_data_converter_lingspam_filter.py_cleaned.py,0,1,0.12721827626228333,0.8727816939353943
kat1,12061_28_content_vinaykumarbu_sentiment-analysis-deeplearning_preprocess.py_cleaned.py,0,1,0.4041546583175659,0.5958454012870789
kat1,12066_3_content_tusizi_document-analysis_mllib_tfidf_with_stopword.py_cleaned.py,0,0,0.8098781704902649,0.1901218295097351
kat1,12074_7_content_natiqvahabov_stop_words_of_azerbaijani_extract.py_cleaned.py,0,0,0.5818971395492554,0.41810283064842224
kat1,12324_1_content_DanShai_kernalized-tsne_main.py_cleaned.py,0,0,0.5388315320014954,0.46116843819618225
kat1,12329_1_content_vuolleko_pyTSNE_vptree.py_cleaned.py,0,1,0.3490888178348541,0.6509112119674683
kat1,12383_10_content_pikulet_intellex_Dictionary.py_cleaned.py,0,1,0.13568954169750214,0.8643104434013367
kat1,12387_14_content_tusizi_document-analysis_mllib_tfidf_with_stopword.py_cleaned.py,0,0,0.8098781704902649,0.1901218295097351
kat1,12391_20_content_biswaup_soft_TF_IDF-and-Blocking_Blocking.py_cleaned.py,0,0,0.5232376456260681,0.4767623543739319
kat1,12399_38_content_hanhanwu_Hanhan-NaturalLanguageProcessing_Basic_tf_idf_term_search.py_cleaned.py,0,0,0.5787457823753357,0.4212541878223419
kat1,12406_45_content_raopg_Search-Engine_app.py_cleaned.py,0,1,0.32444941997528076,0.6755505800247192
kat1,12411_58_content_zhaoyichanghong_machine_learing_algo_python_agnes.py_cleaned.py,0,1,0.16667540371418,0.8333246111869812
kat1,12417_60_content_iamdiwas_TF-IDF-for-Simple-Text-Mining_tf_idf_basics.py_cleaned.py,0,1,0.11516223102807999,0.8848377466201782
kat1,12423_6_content_sherlvick_sentimental-analysis_SVM_svm_test_0.py_cleaned.py,0,0,0.8169911503791809,0.1830088496208191
kat1,12429_7_content_DeFacto_DeFactoNLP_subsample_training_data.py_cleaned.py,0,0,0.672331690788269,0.32766830921173096
kat1,12690_18_content_wuqianfan_Variance-Reduction-for-Merton-Process-Monte-Carlo_Sampling_1.py_cleaned.py,0,0,0.8976953029632568,0.10230470448732376
kat1,12695_28_content_akrolewski_NonlinearMassFaster_tabulate_fiducial_rnl.py_cleaned.py,0,0,0.7732163667678833,0.2267836183309555
kat1,12703_35_content_facundoq_rotational_variance_experiment_variance.py_cleaned.py,0,1,0.14080817997455597,0.8591918349266052
kat1,12708_3_content_facebookresearch_deep-variance-reduction_optimizers.py_cleaned.py,0,1,0.1212688684463501,0.8787311315536499
kat1,12715_52_content_jamesbutler01_Normalise-Luminance-Across-Images_main.py_cleaned.py,0,0,0.9449946880340576,0.055005282163619995
kat1,12720_66_content_ChavezE_Parallel_PFVA_image_tester.py_cleaned.py,0,1,0.23196201026439667,0.7680380344390869
kat1,12726_79_content_astrojneil_AllanVarCodeFinal_allanVar_plot.py_cleaned.py,0,1,0.3086068034172058,0.6913931369781494
kat1,12728_85_content_CodeRika_TweetsSentimentAnalyzer_graph.py_cleaned.py,0,0,0.5009765625,0.4990234673023224
kat1,12981_10_content_lulu150003_Web-Scraping-Project_LinkedInWebcrawler2019.py_cleaned.py,0,1,0.33111974596977234,0.66888028383255
kat1,12987_11_content_SwatiModi_e-commerce-web-scraper_scrape_product_details_using_asins.py_cleaned.py,0,1,0.30528295040130615,0.6947170495986938
kat1,12994_18_content_yassine-youcefi_web-scraping-nike-website_scrap.py_cleaned.py,0,0,0.7041600942611694,0.2958398759365082
kat1,12998_21_content_Tyrone-Zhao_crawlerUtils_tornadoExample.py_cleaned.py,0,1,0.09534946084022522,0.9046505093574524
kat1,13002_29_content_SantiMenendez19_scraper_meli_scraper_mercadolibre_cli.py_cleaned.py,0,1,0.11476478725671768,0.8852352499961853
kat1,13007_32_content_paolazola_Scraping-data-from-Web_StreamingData.py_cleaned.py,0,1,0.21866938471794128,0.7813306450843811
kat1,13014_38_content_UncleEngineer_webscraping_temperature.py_cleaned.py,0,0,0.9485372304916382,0.05146276578307152
kat1,13018_3_content_ahmedelfateh_scraping_CimaClub_scraper_HTTP.py_cleaned.py,0,0,0.8563323616981506,0.14366760849952698
kat1,13025_45_content_umtpfe_Projet-scrapy_gglev5.py_cleaned.py,0,0,0.531209409236908,0.4687906503677368
kat1,13030_46_content_AnuragSinghKushwah_anonymous-scraping_luminati_proxy.py_cleaned.py,0,1,0.36886027455329895,0.6311396956443787
kat1,13035_58_content_ianramzy_stock-news-analysis_app.py_cleaned.py,0,1,0.2786492109298706,0.7213507294654846
kat1,13040_64_content_andrewrgoss_yahoo-fantasy-fball-scraper_player_season_projections.py_cleaned.py,0,1,0.11318691074848175,0.8868131041526794
kat1,13047_74_content_jrathin_Web-Scraping_db.py_cleaned.py,0,0,0.956308901309967,0.043691057711839676
kat1,13051_76_content_sangeeta97_web-scraping_pactr1.py_cleaned.py,0,0,0.9196425676345825,0.08035746961832047
kat1,13058_80_content_andrediasesp_web-slinger_scraping.py_cleaned.py,0,1,0.10447731614112854,0.8955226540565491
kat1,13063_89_content_pratikdeshmukh2004_Web_scraping_flipcart.py_cleaned.py,0,0,0.8250265121459961,0.17497345805168152
kat1,13070_94_content_adithyavasisth_VTU-Result-Scraper-with-CAPTCHA-Bypass_sgpa.py_cleaned.py,0,0,0.5904250144958496,0.4095749855041504
kat1,13074_96_content_Chaitra-D99_Ecommerce-Product-price-monitoring-tool-using-Data-Analytics-Web-scraping_croma.py_cleaned.py,0,0,0.818156361579895,0.18184365332126617
kat1,154_v3_12_content_eyalr0_AES-Cryptoanalysis_RetracingBoomerang.py_cleaned.py,1,1,0.09009299427270889,0.9099069833755493
kat1,163_v3_17_content_bickyeric_steganography_app.py_cleaned.py,1,1,0.13072869181632996,0.8692712783813477
kat1,165_v3_18_content_deeptavker_Vortex_Spin_Down_post_proc_TVF.py_cleaned.py,1,1,0.08819004893302917,0.9118099808692932
kat1,169_v3_21_content_emilystamm_aes-ecb-attacks_aes_ecb_oracle.py_cleaned.py,1,1,0.07159119844436646,0.9284088015556335
kat1,172_v3_23_content_eW1z4rd_AES-File-Encryptor_FileEncryptor.py_cleaned.py,1,1,0.09268777817487717,0.907312273979187
kat1,181_v3_5_content_ongyongzheng_cass_main_unet.py_cleaned.py,1,1,0.2037075310945511,0.7962924242019653
kat1,185_v3_6_content_tahsinraisa1_Security-project-File-encryption-_main.py_cleaned.py,1,1,0.11838509887456894,0.8816148638725281
kat1,190_v3_8_content_gordon636798_DiffieHellman-AES_quickFind_a_q.py_cleaned.py,1,1,0.08509904146194458,0.9149009585380554
kat1,439_v3_10_content_subashgandyer_Anti-mirror-Apriori_CSVtoLIST_def.py_cleaned.py,1,1,0.14033624529838562,0.859663724899292
kat1,444_v3_12_content_rileyqi_Apriori-Algorithm-Python_apriori.py_cleaned.py,1,1,0.08210662752389908,0.9178933501243591
kat1,448_v3_14_content_Dawlatly_Recommender-system_kmeans.py_cleaned.py,1,1,0.08151975274085999,0.9184802770614624
kat1,455_v3_2_content_MrPatel95_Apriori-Algorithm_generateDatabse.py_cleaned.py,1,1,0.10521053522825241,0.894789457321167
kat1,462_v3_4_content_shivang98_Market-Basket-Optimization_apyori.py_cleaned.py,1,1,0.10743747651576996,0.8925625681877136
kat1,468_v3_6_content_HaoLyu_Association-rule-learning_FP_Tree.py_cleaned.py,1,1,0.1127953976392746,0.8872045874595642
kat1,477_v3_9_content_fritzwill_apriori-algorithm_apriori.py_cleaned.py,1,1,0.0832919329404831,0.9167081117630005
kat1,723_v3_12_content_bellisanogiu_arimaModel_process.py_cleaned.py,1,1,0.09268777817487717,0.907312273979187
kat1,728_v3_17_content_skvorekn_arima_model.py_cleaned.py,1,1,0.09334687888622284,0.9066531658172607
kat1,733_v3_1_content_sadnessFree_arima-lstm_c-lstm.py_cleaned.py,1,1,0.10158944129943848,0.8984104990959167
kat1,738_v3_1_content_sadnessFree_arima-lstm_lstm.py_cleaned.py,1,1,0.12549345195293427,0.8745065331459045
kat1,743_v3_23_content_kmetallic04_fringe_config.py_cleaned.py,1,1,0.13986563682556152,0.8601343035697937
kat1,750_v3_2_content_polyphilz_pricing-weather-derivatives_scrape_data.py_cleaned.py,1,1,0.1196136623620987,0.8803863525390625
kat1,756_v3_34_content_csabasidor_RUZ_ARIMA-_pg_ruz_conn_1.py_cleaned.py,1,1,0.08509904146194458,0.9149009585380554
kat1,761_v3_41_content_NivedChowdary_Rain-Fall-Prediction-Using-ARIMA_wp3.py_cleaned.py,1,1,0.08035746961832047,0.9196425676345825
kat1,767_v3_9_content_MauTorresE_ARIMA-Forecasting-AutoSelectParams_ARIMA_model.py_cleaned.py,1,1,0.10158944129943848,0.8984104990959167
kat1,1018_v3_1_content_dedeco_dijkstra-bellman-ford_teste_lobo_bford.py_cleaned.py,1,1,0.15662017464637756,0.8433797955513
kat1,1023_v3_1_content_dedeco_dijkstra-bellman-ford_vertice.py_cleaned.py,1,1,0.09947021305561066,0.9005298018455505
kat1,1025_v3_1_content_jwan659_forex-arbitrage_Main.py_cleaned.py,1,1,0.0960254967212677,0.9039745330810547
kat1,1028_v3_1_content_rosshochwert_arbitrage_arbitrage_py3.py_cleaned.py,1,1,0.0838903859257698,0.9161096215248108
kat1,1034_v3_2_content_radinhamidi_BellmanFord_BellmanFord_main.py_cleaned.py,1,1,0.12043881416320801,0.879561185836792
kat1,1045_v3_4_content_Khante_Distance-Vector-Algorithm_simulation_2.py_cleaned.py,1,1,0.1200256273150444,0.879974365234375
kat1,1051_v3_5_content_Wajahat-Khan_Bellman-Ford-Routing-Algorithm_DVR.py_cleaned.py,1,1,0.09877259284257889,0.9012274742126465
kat1,1058_v3_7_content_GauthamBT_Bellman-Ford-Algorithm_GraphMainProgram.py_cleaned.py,1,1,0.09073548763990402,0.9092645049095154
kat1,1298_v3_16_content_Hmnt39_Snake-Automation-Using-AI_constants.py_cleaned.py,1,1,0.12294380366802216,0.8770562410354614
kat1,1310_v3_32_content_mahtabfarrokh_classic-search_Astar.py_cleaned.py,1,1,0.10521053522825241,0.894789457321167
kat1,1316_v3_41_content_Daisy0828_Search_dgraph.py_cleaned.py,1,1,0.09203286468982697,0.907967209815979
kat1,1321_v3_4_content_alex-rantos_Project-1-Search-in-Pacman_projectParams.py_cleaned.py,1,1,0.0960254967212677,0.9039745330810547
kat1,1326_v3_59_content_orzinger_8-Puzzle-game_World_State.py_cleaned.py,1,1,0.10087861120700836,0.8991213440895081
kat1,1331_v3_75_content_maxilevi_airport-system_graph.py_cleaned.py,1,1,0.09807932376861572,0.9019206762313843
kat1,1337_v3_8_content_abpaudel_8-puzzle_board.py_cleaned.py,1,1,0.12463856488466263,0.875361442565918
kat1,1578_v3_10_content_ivanbgd_Self-Balancing-Binary-Search-Trees_Test_BST_Iterative.py_cleaned.py,1,1,0.12678517401218414,0.873214840888977
kat1,1580_v3_11_content_mrluin_EfficientAutoDeeplab_train_counter_network.py_cleaned.py,1,1,0.08882028609514236,0.9111796617507935
kat1,1586_v3_1_content_SICTC_BST_BinSearchTree.py_cleaned.py,1,1,0.1127953976392746,0.8872045874595642
kat1,1592_v3_28_content_pranav94_Self-balancing-BST_AVL.py_cleaned.py,1,1,0.1037486270070076,0.896251380443573
kat1,1600_v3_39_content_alejandrakudo_BinarySearch-Sorting_CISC121_Assignment_3_exampleSolution.py_cleaned.py,1,1,0.09073548763990402,0.9092645049095154
kat1,1606_v3_42_content_isneace_Binary-Search-Algorithm_Lab2.py_cleaned.py,1,1,0.11124120652675629,0.8887587189674377
kat1,1612_v3_54_content_pr1998_Student_Management_System_main.py_cleaned.py,1,1,0.15052762627601624,0.8494724035263062
kat1,1617_v3_67_content_damianrr_bisect-ordered-file_bisect_file_with_numbers.py_cleaned.py,1,1,0.09334687888622284,0.9066531658172607
kat1,1623_v3_8_content_alexvking_comp150_bsts_optimal_bst_knuth_n3.py_cleaned.py,1,1,0.10669060051441193,0.8933094143867493
kat1,1865_v3_18_content_jiangfeng1124_digital-dendrimer_genenerate.py_cleaned.py,1,1,0.18010665476322174,0.8198933005332947
kat1,1871_v3_25_content_surbhisinghal_Binary-Tree-leftchild-rightsib_tree.py_cleaned.py,1,1,0.10447731614112854,0.8955226540565491
kat1,1881_v3_3_content_WDI-SEA_python-binary-trees_twenty_questions.py_cleaned.py,1,1,0.10594827681779861,0.8940516710281372
kat1,1887_v3_4_content_fcunhaneto_py-binary-trees-draw_node.py_cleaned.py,1,1,0.09073548763990402,0.9092645049095154
kat1,1892_v3_5_content_domodomodomo_binary_search_tree_graph.py_cleaned.py,1,1,0.09947021305561066,0.9005298018455505
kat1,1899_v3_7_content_shuming1211_CMU_project_BinaryClassifier_decisionTree.py_cleaned.py,1,1,0.09739039838314056,0.9026095867156982
kat1,1905_v3_9_content_tusharnema_Implementing-Algorithms-in-python_mypythontree.py_cleaned.py,1,1,0.09401018917560577,0.9059898257255554
kat1,2148_v3_22_content_cneally_BubbleSortingAlgorithm_bubble_sort.py_cleaned.py,1,1,0.10594827681779861,0.8940516710281372
kat1,2153_v3_27_content_gcmurillo_sortingAlgorithmsComparation_shellSort.py_cleaned.py,1,1,0.11201596260070801,0.8879840970039368
kat1,2158_v3_31_content_Cadellinman_RB-EmailSorter_RedBubbleSorter.py_cleaned.py,1,1,0.22270014882087708,0.7772998809814453
kat1,2169_v3_54_content_gly11_Sort_sort_numbers.py_cleaned.py,1,1,0.11838509887456894,0.8816148638725281
kat1,2174_v3_5_content_kheguy_bubbleSort_bubbleSort.py_cleaned.py,1,1,0.1208532303571701,0.8791467547416687
kat1,2176_v3_67_content_TadayoshiCarvajal_Sorting-in-Python_sortingAlgorithms.py_cleaned.py,1,1,0.09138210862874985,0.9086179733276367
kat1,2181_v3_79_content_lorenzo3117_python-sorting-scripts_heapSort.py_cleaned.py,1,1,0.15203224122524261,0.8479677438735962
kat1,2186_v3_83_content_SonNinh_sorting-algorithm_sorting_deck.py_cleaned.py,1,1,0.14953137934207916,0.8504685759544373
kat1,2433_v3_12_content_eric-erki_Out-of-Core-DataFrames-for-Python-visualize-and-explore-big-tabular-data-at-a-billion-rows-per-seco_.releash.py_cleaned.py,1,1,0.08035746961832047,0.9196425676345825
kat1,2438_v3_17_content_y00273676_O2O_ERP_Server_app.py_cleaned.py,1,1,0.20946969091892242,0.7905303239822388
kat1,2444_v3_22_content_Swapnillokhande_Sales-Prediction-of-a-Supermarket-chain_Exploratory_Data_Analysis.py_cleaned.py,1,1,0.11879339814186096,0.8812065720558167
kat1,2459_v3_3_content_Sapphirine_Detecting-and-Predicting-the-Impact-of-Events_calc_train_anamoly_10ile.py_cleaned.py,1,1,0.12852513790130615,0.8714748620986938
kat1,2460_v3_51_content_rrnarayan1_one-big-thing-backend_app.py_cleaned.py,1,1,0.18772760033607483,0.8122723698616028
kat1,2467_v3_5_content_anguillanneuf_bigO_17_island_count.py_cleaned.py,1,1,0.0844927579164505,0.9155072569847107
kat1,2477_v3_76_content_yingtaoluo_Latent-Factor-Model-with-JIT-CUDA-on-movielens_predict.py_cleaned.py,1,1,0.3582407832145691,0.6417592167854309
kat1,2729_v3_10_content_aptr288_Information_Retrieval_system_Data_Parsing_and_Processing.py_cleaned.py,1,1,0.08945459872484207,0.9105454087257385
kat1,2739_v3_1_content_aviralmathur_Word2Vec_Word2Vec_AverageVectors.py_cleaned.py,1,1,0.0844927579164505,0.9155072569847107
kat1,2748_v3_2_content_swapnilg915_cosine_similarity_using_embeddings_spacy_embeddings.py_cleaned.py,1,1,0.09009299427270889,0.9099069833755493
kat1,2753_v3_3_content_dlohith_text-similarity_utils.py_cleaned.py,1,1,0.08570927381515503,0.914290726184845
kat1,2760_v3_6_content_andrewcsmith_tf_infinite_ramble_similarity_matrix.py_cleaned.py,1,1,0.0832919329404831,0.9167081117630005
kat1,2765_v3_7_content_gautamdasika_Document-Search-Engine_finalsearch.py_cleaned.py,1,1,0.26971012353897095,0.730289876461029
kat1,2770_v3_8_content_ysh329_Text-Similarity-Computation_main.py_cleaned.py,1,1,0.08509904146194458,0.9149009585380554
kat1,3008_v3_11_content_harshraj11584_Paper-Implementation-Overview-Gradient-Descent-Optimization-Sebastian-Ruder_adam.py_cleaned.py,1,1,0.1755380630493164,0.8244618773460388
kat1,3014_v3_18_content_theorisons_loto_analyse.py_cleaned.py,1,0,0.729134202003479,0.2708657681941986
kat1,3018_v3_23_content_xaviergoby_ConvLSTM-Computer-Vision-for-Structural-Health-Monitoring-SHM-and-NonDestructive-Testing-NDT_settings.py_cleaned.py,1,1,0.13660839200019836,0.8633915781974792
kat1,3025_v3_2_content_WenjieLuo2333_ModuleDesign_Alert_module.py_cleaned.py,1,1,0.0960254967212677,0.9039745330810547
kat1,3035_v3_6_content_oml90_Combining-Structural-and-Bioactivity-descriptors_STEP_4.make_htsfp-from_flag_sparse.py_cleaned.py,1,1,0.15304216742515564,0.8469578623771667
kat1,3046_v3_8_content_usmanali414_Destruction-Detection-in-Satellite-Imagery_segmentation.py_cleaned.py,1,1,0.14804719388484955,0.851952850818634
kat1,3052_v3_92_content_FranzScheerer_DES_The_signature_with_ECDSA_or_Schnorr.py_cleaned.py,1,1,0.16344544291496277,0.8365545868873596
kat1,3053_v3_92_content_FranzScheerer_DES_x4.py_cleaned.py,1,1,0.11047115176916122,0.8895288705825806
kat1,3300_v3_1_content_akhilesh1311_MazeSolver_hard_maze.py_cleaned.py,1,1,0.13386750221252441,0.8661325573921204
kat1,3309_v3_34_content_polegarh_Eight-Puzzle_DFS.py_cleaned.py,1,1,0.09138210862874985,0.9086179733276367
kat1,3312_v3_39_content_PankajJ08_DataStructure_n_queen_problem.py_cleaned.py,1,1,0.13568954169750214,0.8643104434013367
kat1,3319_v3_59_content_rohinrajan_Closest-Path-using-BFS-DFS-and-optimal-cost_Graph-Search.py_cleaned.py,1,1,0.09401018917560577,0.9059898257255554
kat1,3324_v3_6_content_zhenv5_breaking_cycles_in_noisy_hierarchies_synthetic_performance.py_cleaned.py,1,1,0.07864238321781158,0.9213575720787048
kat1,3329_v3_79_content_bewing03_DFS-Baseball_scrape.py_cleaned.py,1,1,0.1037486270070076,0.896251380443573
kat1,3338_v3_93_content_wei4keepingstudy_Artificial_Intelligence_hw2_dfs_forwardchecking.py_cleaned.py,1,1,0.21535073220729828,0.7846492528915405
kat1,3589_v3_12_content_michaelasper_Diffie-Hellman_diffie_hellman.py_cleaned.py,1,1,0.10158944129943848,0.8984104990959167
kat1,3594_v3_18_content_matinpf_ECDHE_RSA_Python_utils.py_cleaned.py,1,1,0.18184365332126617,0.818156361579895
kat1,3596_v3_20_content_phrantom_Diffie-Hellman_diffie-hellman.py_cleaned.py,1,1,0.20882359147071838,0.791176438331604
kat1,3601_v3_24_content_Brew8it_Python_DHAES_DiffieHellman.py_cleaned.py,1,1,0.12378869205713272,0.8762113451957703
kat1,3609_v3_28_content_ckeshava_Enhanced-Diffie-Hellman-Protocol_wrapper.py_cleaned.py,1,1,0.09877259284257889,0.9012274742126465
kat1,3616_v3_35_content_DiarmuidKelly_Key_Exchange_diffie_hellman.py_cleaned.py,1,1,0.0838903859257698,0.9161096215248108
kat1,3621_v3_48_content_AdityaMalani_Diffie-Hellman-Key_Exchange_diffie.py_cleaned.py,1,1,0.07978201657533646,0.9202179908752441
kat1,3628_v3_68_content_Nircek_DiffHell2_main.py_cleaned.py,1,1,0.14804719388484955,0.851952850818634
kat1,3634_v3_7_content_adwarner_Diffie-Hellman_Division_Algo.py_cleaned.py,1,1,0.19682620465755463,0.8031737804412842
kat1,3881_v3_13_content_isabellavieira57_dijkstra-fractionalKnapsack-polynomialMultiplication_question2a.py_cleaned.py,1,1,0.09947021305561066,0.9005298018455505
kat1,3889_v3_16_content_pizzolatto_python_dijkstra_dijkstra.py_cleaned.py,1,1,0.09877259284257889,0.9012274742126465
kat1,3895_v3_23_content_cheewoei1997_dijkstras-algorithm_graphFunctions.py_cleaned.py,1,1,0.12294380366802216,0.8770562410354614
kat1,3900_v3_32_content_Spanfile_Dijkstra_test.py_cleaned.py,1,1,0.08694165199995041,0.9130582809448242
kat1,3906_v3_47_content_woodElec_Parallel-Dijkstra-Networkx_voronoi_module.py_cleaned.py,1,1,0.11556088179349899,0.8844391107559204
kat1,3915_v3_78_content_FernandoDurier_apa-dijkstra___main__.py_cleaned.py,1,1,0.07751765847206116,0.9224823713302612
kat1,3919_v3_88_content_jinshang-msft_Dijkstra-Algorithm-Implementation_Dijkstra.py_cleaned.py,1,1,0.07316471636295319,0.9268352389335632
kat1,4165_v3_11_content_tatsuyoshi-ikenoue_fizzbuzz_fizzbuzz.py_cleaned.py,1,1,0.27708160877227783,0.7229183912277222
kat1,4172_v3_15_content_leni1_python-fizzbuzz_fizzbuzz.py_cleaned.py,1,1,0.4622909724712372,0.5377089977264404
kat1,4173_v3_15_content_Nabeel-Asghar_List-Divsion_List-Division.py_cleaned.py,1,1,0.08093671500682831,0.9190633296966553
kat1,4178_v3_20_content_IbrahimAyed_Multifractal-analysis-of-natural-images_zoom.py_cleaned.py,1,1,0.2372223287820816,0.7627776861190796
kat1,4185_v3_3_content_victornguyen75_x-factor_source.py_cleaned.py,1,1,0.14706452190876007,0.8529354333877563
kat1,4190_v3_5_content_AdamJacoby_Hopf_ElementClass.py_cleaned.py,1,1,0.169956237077713,0.8300437331199646
kat1,4200_v3_5_content_DvorakSimon_divisibility_DivisionBySeven.py_cleaned.py,1,1,0.09334687888622284,0.9066531658172607
kat1,4204_v3_6_content_sockster_metroCard_metroCard.py_cleaned.py,1,1,0.0838903859257698,0.9161096215248108
kat1,4209_v3_8_content_drake-young_Euler12_Python_main.py_cleaned.py,1,1,0.09268777817487717,0.907312273979187
kat1,4447_v3_10_content_ko-hii_EASY-Elliptic-curve-cryptography_decryption.py_cleaned.py,1,1,0.09268777817487717,0.907312273979187
kat1,4449_v3_10_content_Suraj-Rajesh_elliptic_curve_cryptography_main.py_cleaned.py,1,1,0.12721827626228333,0.8727816939353943
kat1,4454_v3_16_content_SemyonMakhaev_elliptic-curve_main.py_cleaned.py,1,1,0.08632348477840424,0.9136765599250793
kat1,4464_v3_25_content_naveenpvg3_Comparative-Analysis-of-Elliptic-and-Hessian-curve-cryptography_comgra.py_cleaned.py,1,1,0.11797802150249481,0.8820220232009888
kat1,4471_v3_2_content_johndoe31415_toyecc_dual_ec_drbg.py_cleaned.py,1,1,0.12168575078248978,0.8783142566680908
kat1,4482_v3_6_content_gionanide_Cryptography_Decrypt_Hip_replacement.py_cleaned.py,1,1,0.08210662752389908,0.9178933501243591
kat1,4629_v3_11_content_harishchellappa_Time-Series-Analysis-Bike-Sharing-Demand-Forecasting_forecasting_passes.py_cleaned.py,1,1,0.11556088179349899,0.8844391107559204
kat1,4635_v3_3_content_cdr6934_eSMA_ExpSMA.py_cleaned.py,1,1,0.09467770159244537,0.9053223133087158
kat1,4641_v3_9_content_Soumyabrata_predicting-pwv_grid_search.py_cleaned.py,1,1,0.09334687888622284,0.9066531658172607
kat1,4823_v3_11_content_kousu_primes_cubesieve_explore.py_cleaned.py,1,1,0.13341520726680756,0.8665847778320312
kat1,4829_v3_1_content_MuricanCoderVersionTwo_Factorial-Calculation_Factorial.py_cleaned.py,1,1,0.08509904146194458,0.9149009585380554
kat1,4836_v3_38_content_citigoad_Appengine_factorial_factorial.py_cleaned.py,1,1,0.18242551386356354,0.8175744414329529
kat1,4848_v3_51_content_adityapatelgithub_Expressions-and-Functions_peekable.py_cleaned.py,1,1,0.1830088496208191,0.8169911503791809
kat1,4849_v3_5_content_brown9804_Python_DiversosAlgortimos_CalculoParametrosBalonClimatico.py_cleaned.py,1,1,0.0792103260755539,0.9207897186279297
kat1,4855_v3_84_content_rev1z_async_factorial_webapp_logic.py_cleaned.py,1,1,0.08819004893302917,0.9118099808692932
kat1,4865_v3_9_content_ankur-anand_Factorial-Algorithm_fact_12_unittest.py_cleaned.py,1,1,0.09401018917560577,0.9059898257255554
kat1,5108_v3_13_content_danielSbastos_binary-fibonacci_transpose.py_cleaned.py,1,1,0.09073548763990402,0.9092645049095154
kat1,5114_v3_19_content_frankiekienlam_Fibonacci_Pyramids_pyramid.py_cleaned.py,1,1,0.09401018917560577,0.9059898257255554
kat1,5118_v3_42_content_tesladodger_Fibonacci_fibonacci.py_cleaned.py,1,1,0.0960254967212677,0.9039745330810547
kat1,5123_v3_48_content_PhilGrogan_fibonacci_fibonacci.py_cleaned.py,1,1,0.10594827681779861,0.8940516710281372
kat1,5129_v3_55_content_NM20XX_Python_Fibonacci_Sequence.py_cleaned.py,1,1,0.11757213622331619,0.8824278712272644
kat1,5135_v3_61_content_gpwood_fibonacciOfOrderN_fib.py_cleaned.py,1,1,0.0960254967212677,0.9039745330810547
kat1,5140_v3_68_content_jacob-bonner_ICS3U-Assignment7-Python_fibonacci.py_cleaned.py,1,1,0.07978201657533646,0.9202179908752441
kat1,5144_v3_8_content_rianlian7_FibonacciSequence-Python-Tk_Fibonacci_Sequence.py_cleaned.py,1,1,0.13432104885578156,0.8656789064407349
kat1,5353_v3_11_content_liam-han_all-pairs-shortest-path_allPairsShortestPath.py_cleaned.py,1,0,0.5987815260887146,0.4012185037136078
kat1,5361_v3_13_content_monicanto101_all-pairs-shortest-path_allPairsShortestPath.py_cleaned.py,1,1,0.19930800795555115,0.8006919622421265
kat1,5366_v3_17_content_kanavkhanna_Application-Software_Software_Application.py_cleaned.py,1,1,0.08151975274085999,0.9184802770614624
kat1,5372_v3_3_content_harisrkhan7_FloydWarshallAlgorithmParallelisation_goodgraph.py_cleaned.py,1,1,0.06903792917728424,0.930962085723877
kat1,5381_v3_7_content_ghifarozarrr_floyd-warshall-algorithm_floyd.py_cleaned.py,1,1,0.09203286468982697,0.907967209815979
kat1,5607_v3_18_content_Saychakr13_CLUSTERING_MODELS_hc.py_cleaned.py,1,1,0.12252321094274521,0.8774768114089966
kat1,5614_v3_26_content_dmallya93_Intelligent-Web-Services-Discovery-using-Clustering-Method_jsonMaker.py_cleaned.py,1,1,0.08819004893302917,0.9118099808692932
kat1,5616_v3_29_content_SomeshKashyap_Hierarchical-Clustering_HierarchicalClustering.py_cleaned.py,1,1,0.1661335527896881,0.8338664174079895
kat1,5620_v3_32_content_Terry-Kusunoki-Martin_World-University-Rankings-Clustering_filehelper.py_cleaned.py,1,1,0.09138210862874985,0.9086179733276367
kat1,5628_v3_4_content_ktrujillo52_Bitcoin-price-forecast_bitcoin_clustering.py_cleaned.py,1,1,0.10230470448732376,0.8976953029632568
kat1,5634_v3_54_content_juancprzs_hierarchical-clustering-example_tutorial_python.py_cleaned.py,1,1,0.08035746961832047,0.9196425676345825
kat1,5642_v3_69_content_MarynaTatsevich_Machine-Learning-Unsupervised-Learning-Techniques_hierarchical_clustering_algorithm.py_cleaned.py,1,1,0.07864238321781158,0.9213575720787048
kat1,5647_v3_93_content_vishwakftw_extreme-classification_baseline.py_cleaned.py,1,1,0.10818894952535629,0.8918110132217407
kat1,5892_v3_11_content_SharifAmit_HuffmanCoding_encoder.py_cleaned.py,1,1,0.07369627058506012,0.9263036847114563
kat1,5898_v3_15_content_prashant-kikani_image-optimizer_utils.py_cleaned.py,1,1,0.11636176705360413,0.8836382031440735
kat1,5904_v3_19_content_Venergon_huffman_huffman_binary.py_cleaned.py,1,1,0.10932482779026031,0.8906751871109009
kat1,5908_v3_1_content_josgard94_JPEG_generador_huffman_code.py_cleaned.py,1,1,0.08035746961832047,0.9196425676345825
kat1,5912_v3_22_content_Raxev_datastructures3_huffElement.py_cleaned.py,1,1,0.10521053522825241,0.894789457321167
kat1,5913_v3_23_content_xuwangme_huffmanTree_Main.py_cleaned.py,1,1,0.09534946084022522,0.9046505093574524
kat1,5920_v3_2_content_JoshuaEbenezer_huffman_encoding_huffman.py_cleaned.py,1,1,0.08509904146194458,0.9149009585380554
kat1,5930_v3_47_content_saladcat_Huffman_Form1.py_cleaned.py,1,1,0.11838509887456894,0.8816148638725281
kat1,5935_v3_7_content_AastroLePetitRobot_Huffman-Coding_Huffman.py_cleaned.py,1,1,0.09268777817487717,0.907312273979187
kat1,6177_v3_17_content_kimjaeh10_Hybrid-Sort_LinkedList.py_cleaned.py,1,1,0.10970577597618103,0.8902942538261414
kat1,6182_v3_21_content_ahmedbally_Sorting-LL_LinkedList.py_cleaned.py,1,1,0.11357959359884262,0.8864204287528992
kat1,6186_v3_23_content_thugsatbay_CS-Algorithms_Sorting_Comparison_Ass2-2Soln.py_cleaned.py,1,0,0.9504110217094421,0.04958902671933174
kat1,6195_v3_25_content_ryansmick_SortedOrderedDict_PersistentDict.py_cleaned.py,1,1,0.10447731614112854,0.8955226540565491
kat1,6199_v3_30_content_rogerdenisvieira_bidirectional-conditional-insertion-sort_main.py_cleaned.py,1,1,0.09807932376861572,0.9019206762313843
kat1,6205_v3_44_content_Ian-OBrien-503_sort_analysis_selection_sort.py_cleaned.py,1,1,0.09807932376861572,0.9019206762313843
kat1,6218_v3_58_content_yaroslava-tkachuk_quicksort_accelerated_quicksort_accelerated.py_cleaned.py,1,1,0.09739039838314056,0.9026095867156982
kat1,6462_v3_13_content_Skulsta_cluster_unlabelled_dataset_elbow_analysis.py_cleaned.py,1,1,0.08210662752389908,0.9178933501243591
kat1,6467_v3_25_content_SaadatRizvi_Movie-Recommendation-System_collaborative-filtering.py_cleaned.py,1,1,0.09877259284257889,0.9012274742126465
kat1,6474_v3_35_content_NavneetSomwal_Weather-Data-Clustering-using-k-Means_waether_data_Clustering_k-means_scikit-learn.py_cleaned.py,1,1,0.09203286468982697,0.907967209815979
kat1,6479_v3_3_content_jamer5_K-Means-Clustering_k-means-clustering-without-scikit-example-1.py_cleaned.py,1,1,0.07640768587589264,0.9235923886299133
kat1,6487_v3_52_content_MAXERS19_Clustering_KMeansAI.py_cleaned.py,1,1,0.1233656108379364,0.8766343593597412
kat1,6493_v3_56_content_lpyhdzx_clustering_data.py_cleaned.py,1,1,0.09401018917560577,0.9059898257255554
kat1,6498_v3_68_content_Starfunk_k-means-clustering_k-means-clustering.py_cleaned.py,1,1,0.07864238321781158,0.9213575720787048
kat1,6500_v3_74_content_MarynaTatsevich_Machine-Learning-Unsupervised-Learning-Techniques_hierarchical_clustering_algorithm.py_cleaned.py,1,1,0.15102781355381012,0.8489722013473511
kat1,6752_v3_10_content_ajcse1_Predicting_Picture_Orientation_NeuralNetwork_predict.py_cleaned.py,1,1,0.12940272688865662,0.8705973029136658
kat1,6758_v3_16_content_nbui151_K-Nearest-Neighbors-Implementation_nearest_neighbors.py_cleaned.py,1,1,0.08151975274085999,0.9184802770614624
kat1,6766_v3_24_content_xosherry_Machine-Learning-_knn.py_cleaned.py,1,1,0.09401018917560577,0.9059898257255554
kat1,6769_v3_29_content_rahuljohnny_Bangla_OCR_Using_KNN_class_contour.py_cleaned.py,1,1,0.10087861120700836,0.8991213440895081
kat1,6770_v3_29_content_rahuljohnny_Bangla_OCR_Using_KNN_O6_word_segmenter.py_cleaned.py,1,1,0.34488460421562195,0.6551154255867004
kat1,6775_v3_32_content_prakashsellathurai_OPTICAL_CHARACTER_RECOGNITION_PossibleChar.py_cleaned.py,1,1,0.09534946084022522,0.9046505093574524
kat1,6782_v3_44_content_eastxe_cosine-knn_knn.py_cleaned.py,1,1,0.09073548763990402,0.9092645049095154
kat1,6787_v3_6_content_cooperlab_KNN_Survival_DataManagement.py_cleaned.py,1,1,0.09534946084022522,0.9046505093574524
kat1,6792_v3_8_content_jasminegrewal_Naive-Bayes-KNN-Logistic-Regression_3b_knn.py_cleaned.py,1,1,0.07978201657533646,0.9202179908752441
kat1,7043_v3_10_content_aponce12_Lab6-B_Lab6.py_cleaned.py,1,0,0.86200350522995,0.13799647986888885
kat1,7058_v3_2_content_carlosguadir_kruskal_Freeze.py_cleaned.py,1,1,0.1352320909500122,0.8647679686546326
kat1,7062_v3_32_content_arian100y_Travelling-Salesman-Problem_createDBOrdered.py_cleaned.py,1,1,0.12252321094274521,0.8774768114089966
kat1,7072_v3_7_content_Aly-Tomato_Prims-and-Kruskals_prims.py_cleaned.py,1,1,0.09073548763990402,0.9092645049095154
kat1,7078_v3_8_content_fepz_AyCC_disjoint_set.py_cleaned.py,1,1,0.1200256273150444,0.879974365234375
kat1,7332_v3_10_content_mahimagupta_NLP-Research-Project-_test2.py_cleaned.py,1,1,0.12940272688865662,0.8705973029136658
kat1,7346_v3_12_content_romanorac_elastic_localized_search_main.py_cleaned.py,1,1,0.09704755991697311,0.9029524326324463
kat1,7353_v3_16_content_davda54_pytorch-transformer-lemmatization_predict.py_cleaned.py,1,1,0.09739039838314056,0.9026095867156982
kat1,7359_v3_1_content_akoksal_Turkish-Lemmatizer_trainLexicon.py_cleaned.py,1,1,0.08694165199995041,0.9130582809448242
kat1,7362_v3_1_content_mikekestemont_pandora_unseen.py_cleaned.py,1,1,0.08269733935594559,0.917302668094635
kat1,7364_v3_22_content_ABHISHEKVALSAN_Malayalam-Newspaper-Article-Dataset_MalayalamScraping.py_cleaned.py,1,1,0.09138210862874985,0.9086179733276367
kat1,7369_v3_24_content_lucaducceschi_Wordnet_Functions_wordnet_functions.py_cleaned.py,1,1,0.09467770159244537,0.9053223133087158
kat1,7376_v3_26_content_Nofenigma_lt_lemma_prefixes_check_lt_prefixed_lemmas.py_cleaned.py,1,1,0.08882028609514236,0.9111796617507935
kat1,7631_v3_11_content_NikitaGautam_FYP-Automatic-Word-Search-Puzzle-Solver_train.py_cleaned.py,1,1,0.09739039838314056,0.9026095867156982
kat1,7640_v3_11_content_sichen-x_search-engine_words.py_cleaned.py,1,1,0.09268777817487717,0.907312273979187
kat1,7646_v3_15_content_jknight1725_linear_search_vs_random_search_myFunctions.py_cleaned.py,1,1,0.08570927381515503,0.914290726184845
kat1,7652_v3_1_content_Chunning-Zhou_MILPBasedSearchAlgorithmDiff_main_feistel.py_cleaned.py,1,1,0.12463856488466263,0.875361442565918
kat1,7659_v3_27_content_ashwinvis98_Particle-Swarm-Optimization-for-Robotic-Search-Applications_sensor_check.py_cleaned.py,1,1,0.13892842829227448,0.8610715270042419
kat1,7665_v3_36_content_akaif95_U.S-Currency-Patterns_us_currency_regex.py_cleaned.py,1,1,0.08632348477840424,0.9136765599250793
kat1,7668_v3_4_content_AcrobatAHA_Linear-Search-_Linear_search.py_cleaned.py,1,1,0.08756384998559952,0.9124361872673035
kat1,7923_v3_16_content_apriven_linked_lists_scratch.py_cleaned.py,1,1,0.11357959359884262,0.8864204287528992
kat1,7928_v3_19_content_vickyabi_singly-linked-list_singly_linked_list.py_cleaned.py,1,1,0.10230470448732376,0.8976953029632568
kat1,7932_v3_22_content_harpreetsi_DataStructureImpl_LinkedListTest.py_cleaned.py,1,1,0.10230470448732376,0.8976953029632568
kat1,7938_v3_24_content_pacslab_ACM-trans-papers-spider_ACMPaperSpider.py_cleaned.py,1,1,0.09467770159244537,0.9053223133087158
kat1,7950_v3_40_content_Bonifase_ShoppingList_app_tests.py_cleaned.py,1,1,0.167763352394104,0.8322367072105408
kat1,7955_v3_46_content_lili668668_tensorflow-note_trytfb.py_cleaned.py,1,1,0.08756384998559952,0.9124361872673035
kat1,7963_v3_9_content_Sknapper4_CS3310A2_main.py_cleaned.py,1,1,0.1127953976392746,0.8872045874595642
kat1,8212_v3_11_content_ayushkumarshah_Dynamic-Programming-MCM-and-LCS_matmul.py_cleaned.py,1,1,0.09073548763990402,0.9092645049095154
kat1,8214_v3_13_content_trsavi_Largest-Common-Sequence_subSequence.py_cleaned.py,1,1,0.10669060051441193,0.8933094143867493
kat1,8219_v3_15_content_VakinduPhilliam_Pattern_Matching_Python_Difflib_Pattern_Matching_N_Diff.py_cleaned.py,1,1,0.17328819632530212,0.8267117738723755
kat1,8226_v3_15_content_VakinduPhilliam_Pattern_Matching_Python_Fnmatch_Translate.py_cleaned.py,1,1,0.09670579433441162,0.9032942056655884
kat1,8232_v3_1_content_jim-spyropoulos_Trajectory-Analysis-and-Classification-in-Python-Pandas-and-Scikit-Learn_down_left_point.py_cleaned.py,1,1,0.10158944129943848,0.8984104990959167
kat1,8238_v3_1_content_susheelsagar_LCSS_temp.py_cleaned.py,1,1,0.08819004893302917,0.9118099808692932
kat1,8246_v3_5_content_amirheidarikhoram_longest-common-subsequence_lcs.py_cleaned.py,1,1,0.1212688684463501,0.8787311315536499
kat1,8252_v3_7_content_kanthagirish-rit_lcs-project_recursive.py_cleaned.py,1,1,0.11716748028993607,0.8828325867652893
kat1,8257_v3_8_content_16chuang_CS161_Project_LCStest.py_cleaned.py,1,1,0.1901218295097351,0.8098781704902649
kat1,8506_v3_11_content_yuvalkif_NaiveBayes_NaiveBayes.py_cleaned.py,1,1,0.09739039838314056,0.9026095867156982
kat1,8514_v3_17_content_sdevkota007_KNN-And-NaiveBayes-Classifier_ConfusionMatrix.py_cleaned.py,1,1,0.12852513790130615,0.8714748620986938
kat1,8520_v3_29_content_barshaison_Naive_Bayes_Classifier_Prog.py_cleaned.py,1,1,0.18126320838928223,0.8187368512153625
kat1,8525_v3_39_content_arundhati-b_NaiveBayesClassifier_computation.py_cleaned.py,1,1,0.09203286468982697,0.907967209815979
kat1,8531_v3_50_content_cristend_spam_email_auto_run.py_cleaned.py,1,1,0.09739039838314056,0.9026095867156982
kat1,8537_v3_76_content_mashfiq10_Naive-Bayes-classification_prob_1.py_cleaned.py,1,1,0.08035746961832047,0.9196425676345825
kat1,8542_v3_80_content_cgeopapa_NaiveBayesClassifier-ham-spam-mail_Bayes.py_cleaned.py,1,1,0.08819004893302917,0.9118099808692932
kat1,8547_v3_94_content_UniqueRoHo_NaiveBayes_Continuous.py_cleaned.py,1,1,0.08694165199995041,0.9130582809448242
kat1,8793_v3_11_content_OlgaCobaquil_One-Time-Pad_onetimepad.py_cleaned.py,1,1,0.09334687888622284,0.9066531658172607
kat1,8799_v3_15_content_elkozmon_otp_test_otp.py_cleaned.py,1,1,0.10894504189491272,0.8910549879074097
kat1,8803_v3_17_content_jb0xx_decrypt-onetimepad_onetimepad.py_cleaned.py,1,1,0.07751765847206116,0.9224823713302612
kat1,8805_v3_18_content_jzpero_enigma_main.py_cleaned.py,1,1,0.1525365114212036,0.8474634885787964
kat1,8813_v3_23_content_git-remove_OTP-Decipher_decipher.py_cleaned.py,1,1,0.0838903859257698,0.9161096215248108
kat1,8818_v3_2_content_riki95_Many-Time-Pad-Cracker_cracker.py_cleaned.py,1,1,0.11716748028993607,0.8828325867652893
kat1,8824_v3_3_content_lrnselfreliance_one_time_pad_otp_server.py_cleaned.py,1,1,0.09268777817487717,0.907312273979187
kat1,8833_v3_9_content_RooiAap_One-Time-Pad_decrypt.py_cleaned.py,1,1,0.08882028609514236,0.9111796617507935
kat1,8992_v3_2_content_Liu-WeiYi_Private_Preserving_Outlier_Behavior_Detection_Process_TianChi_Main.py_cleaned.py,1,1,0.08151975274085999,0.9184802770614624
kat1,9000_v3_4_content_mrimahajan_advanced_analysis_package_variable_treatment.py_cleaned.py,1,1,0.10781264305114746,0.8921873569488525
kat1,9193_v3_2_content_imset_Perfect-Numbers_perfNum.py_cleaned.py,1,1,0.08882028609514236,0.9111796617507935
kat1,9195_v3_3_content_iykadev_pyalgo_3plus1.py_cleaned.py,1,1,0.0960254967212677,0.9039745330810547
kat1,9200_v3_3_content_iykadev_pyalgo_anagram3.py_cleaned.py,1,1,0.14175599813461304,0.858244001865387
kat1,9207_v3_3_content_iykadev_pyalgo_blum_blum_shub.py_cleaned.py,1,1,0.09268777817487717,0.907312273979187
kat1,9212_v3_3_content_iykadev_pyalgo_deepFirstSearch.py_cleaned.py,1,1,0.09334687888622284,0.9066531658172607
kat1,9221_v3_3_content_iykadev_pyalgo_hanoi_tower_algorithm.py_cleaned.py,1,1,0.1841798573732376,0.8158201575279236
kat1,9225_v3_3_content_iykadev_pyalgo_knuths_algo.py_cleaned.py,1,1,0.0960254967212677,0.9039745330810547
kat1,9231_v3_3_content_iykadev_pyalgo_ray_casting_algo.py_cleaned.py,1,1,0.11879339814186096,0.8812065720558167
kat1,9235_v3_3_content_iykadev_pyalgo_zhang_suen_thinning_algo.py_cleaned.py,1,1,0.08819004893302917,0.9118099808692932
kat1,9484_v3_100_content_adelaidaCreosteanu_scikit-learn-diabetes-exploration_lasso.py_cleaned.py,1,1,0.08210662752389908,0.9178933501243591
kat1,9495_v3_2_content_athul-dev_regression-models_multivariate-linear-regression.py_cleaned.py,1,1,0.08570927381515503,0.914290726184845
kat1,9501_v3_48_content_pareekajay2_Polynomial-Regression_Position_Salaries.py_cleaned.py,1,1,0.2030746340751648,0.7969253659248352
kat1,9506_v3_53_content_iamrj846_Predicting-insurance-prices-with-Linear-Regression_RandomForestRegressionModel.py_cleaned.py,1,1,0.12463856488466263,0.875361442565918
kat1,9513_v3_61_content_GauravRoy48_Polynomial-Regression_plr_GR.py_cleaned.py,1,1,0.08509904146194458,0.9149009585380554
kat1,9519_v3_64_content_hardik-dadhich_Polynomial_regression_model_poly_reg.py_cleaned.py,1,1,0.1325145661830902,0.8674854040145874
kat1,9776_v3_11_content_pprzygodzk_binary_search-prime_numbers_primes_p1.py_cleaned.py,1,1,0.11797802150249481,0.8820220232009888
kat1,9783_v3_15_content_MubasharSardar_Multipurpose-Gui-App-python_Projectpart2revice.py_cleaned.py,1,1,0.11201596260070801,0.8879840970039368
kat1,9790_v3_20_content_DanielKrolopp_Sieves_Eratosthenes.py_cleaned.py,1,1,0.22135069966316223,0.7786493301391602
kat1,9804_v3_2_content_rdisipio_prime_numbers_primes.py_cleaned.py,1,1,0.12852513790130615,0.8714748620986938
kat1,9810_v3_39_content_LonelyRanger_Prime-Numbers_EuclideanPrimeTest15May2018TestFromLowerPrimes.py_cleaned.py,1,1,0.08035746961832047,0.9196425676345825
kat1,9815_v3_70_content_Panagiotis-Zachos_Primality-Checks-Python_Miller_Rabin_PrimalityCheck.py_cleaned.py,1,1,0.18476751446723938,0.815232515335083
kat1,10077_v3_12_content_diegooliveira95_PrimAndDijkstra_prim.py_cleaned.py,1,1,0.08632348477840424,0.9136765599250793
kat1,10081_v3_1_content_bhedavivek_prims_algorithm_vertex.py_cleaned.py,1,1,0.10447731614112854,0.8955226540565491
kat1,10083_v3_1_content_muzixing_graph_algorithm_prim.py_cleaned.py,1,1,0.0838903859257698,0.9161096215248108
kat1,10089_v3_3_content_Locrian24_PrimsMaze_prim.py_cleaned.py,1,1,0.08819004893302917,0.9118099808692932
kat1,10095_v3_5_content_abcsds_Prim_exampleL.py_cleaned.py,1,1,0.12043881416320801,0.879561185836792
kat1,10106_v3_7_content_Aly-Tomato_Prims-and-Kruskals_glb.py_cleaned.py,1,1,0.29421496391296387,0.7057850360870361
kat1,10109_v3_7_content_fepz_AyCC_disjoint_set.py_cleaned.py,1,1,0.10338596254587173,0.8966140151023865
kat1,10114_v3_9_content_gquintela_prim_main.py_cleaned.py,1,1,0.1030244305729866,0.896975576877594
kat1,10372_v3_23_content_ymohanty_data-analysis_analysis.py_cleaned.py,1,1,0.11596070975065231,0.8840392827987671
kat1,10377_v3_30_content_ishwaryav_Principal-Component-Analysis-Implementation_pr2.py_cleaned.py,1,1,0.1139734610915184,0.8860265612602234
kat1,10383_v3_41_content_bhavaniprasad73_Principal-Component-Analysis_PCA.py_cleaned.py,1,1,0.08756384998559952,0.9124361872673035
kat1,10389_v3_59_content_SMByC_PCA4CD_pca4cd.py_cleaned.py,1,1,0.23651622235774994,0.7634837031364441
kat1,10395_v3_6_content_LinHungShi_Principal-Component-Analysis-for-Images_pca_blocks.py_cleaned.py,1,1,0.1259227693080902,0.8740772008895874
kat1,10400_v3_7_content_syamkakarla98_PCA-On-IRIS-Dataset-With-Classification-Using-KNNC_pca_iris_knnc.py_cleaned.py,1,1,0.08509904146194458,0.9149009585380554
kat1,10404_v3_84_content_rayjc_ml-pca-foreground-removal_miscHelper.py_cleaned.py,1,1,0.1063188761472702,0.8936811685562134
kat1,10410_v3_93_content_djzgroup_Visual-basedCharacterEmbedding_123.py_cleaned.py,1,1,0.0753123089671135,0.9246877431869507
kat1,10416_v3_9_content_yangzi4_gPCA_gPCA_simulation.py_cleaned.py,1,1,0.12808823585510254,0.8719117641448975
kat1,10666_v3_15_content_mahfuzali_AzureRSAPy_run.py_cleaned.py,1,1,0.08509904146194458,0.9149009585380554
kat1,10670_v3_1_content_SamKnightGit_LeagueBot_context.py_cleaned.py,1,1,0.09467770159244537,0.9053223133087158
kat1,10675_v3_31_content_NagarajSMurthy_Data-Structures_LinkedList.py_cleaned.py,1,1,0.12294380366802216,0.8770562410354614
kat1,10680_v3_37_content_TolgaGolet_CPU-Scheduling-Algorithms-Simulation_OperatingSystems_CPUSchedulingReverse.py_cleaned.py,1,1,0.07211220264434814,0.9278878569602966
kat1,10688_v3_45_content_kriti149_Text-Summarizer_txt_summarization.py_cleaned.py,1,1,0.10158944129943848,0.8984104990959167
kat1,10694_v3_53_content_haydentmichael_Assign4_TreeTraversal.py_cleaned.py,1,1,0.10669060051441193,0.8933094143867493
kat1,10700_v3_5_content_supfisher_PredicrionInQueueNets_regression.py_cleaned.py,1,1,0.09807932376861572,0.9019206762313843
kat1,10704_v3_65_content_NidhiPati_PythonProgramsAcademicProjects_StackQueue.py_cleaned.py,1,1,0.12721827626228333,0.8727816939353943
kat1,10950_v3_10_content_adrianvellamlt_Quick-Sort---Insertion-Sort_quicksort.py_cleaned.py,1,1,0.10230470448732376,0.8976953029632568
kat1,10955_v3_14_content_atakanipekci_QuickSortLomutoAndHoare_quickSortsComp.py_cleaned.py,1,1,0.09807932376861572,0.9019206762313843
kat1,10960_v3_19_content_jamesnearn_sortDigitalCameraFiles_sortDigitalCameraFiles.py_cleaned.py,1,1,0.07316471636295319,0.9268352389335632
kat1,10966_v3_22_content_konczyk_comparisons_client.py_cleaned.py,1,1,0.11357959359884262,0.8864204287528992
kat1,10973_v3_27_content_mozarik_quicksortPython_insertionSort.py_cleaned.py,1,1,0.09807932376861572,0.9019206762313843
kat1,10979_v3_38_content_TadayoshiCarvajal_Sorting-in-Python_sortingAlgorithms.py_cleaned.py,1,1,0.09739039838314056,0.9026095867156982
kat1,10982_v3_42_content_aira26_HomeWork3_quicksortclass.py_cleaned.py,1,1,0.11676400899887085,0.8832359910011292
kat1,10986_v3_6_content_austinteshuba_QuickSort_Sort.py_cleaned.py,1,1,0.11318691074848175,0.8868131041526794
kat1,10989_v3_75_content_yaroslava-tkachuk_quicksort_accelerated_quicksort_accelerated.py_cleaned.py,1,1,0.09947021305561066,0.9005298018455505
kat1,10993_v3_8_content_lucasxteixeira_RandomQuickSort_benchmark.py_cleaned.py,1,1,0.10521053522825241,0.894789457321167
kat1,11246_v3_18_content_jmhummel_Continuation-passing-style_index.py_cleaned.py,1,1,0.11124120652675629,0.8887587189674377
kat1,11250_v3_1_content_rcorcs_apref_tests.py_cleaned.py,1,0,0.9477691650390625,0.05223085358738899
kat1,11256_v3_24_content_regnarg_prf-turing-machine_tm.py_cleaned.py,1,1,0.07751765847206116,0.9224823713302612
kat1,11261_v3_29_content_ntzhong_box_api_modify_links_main.py_cleaned.py,1,1,0.06903792917728424,0.930962085723877
kat1,11269_v3_36_content_Zattri_tutorial-recursion_binary.py_cleaned.py,1,1,0.11047115176916122,0.8895288705825806
kat1,11280_v3_6_content_Vruksha_Fun-with-Recursive-Functions_Fun_with_Recursive_Functions.py_cleaned.py,1,1,0.08694165199995041,0.9130582809448242
kat1,11532_v3_12_content_kyardley_RSA_RSAEncrypt.py_cleaned.py,1,1,0.07369627058506012,0.9263036847114563
kat1,11537_v3_28_content_Harzu_simple-rsa_utils.py_cleaned.py,1,1,0.1127953976392746,0.8872045874595642
kat1,11542_v3_37_content_henritomas_ECE151-RSA-encryption_client.py_cleaned.py,1,1,0.09807932376861572,0.9019206762313843
kat1,11549_v3_49_content_mrsondeptrai1999_RSA_Summer_2017_project_Decryption.py_cleaned.py,1,1,0.08151975274085999,0.9184802770614624
kat1,11554_v3_5_content_yifeng-lee_RSA-In-CTF_exp1.py_cleaned.py,1,1,0.2613309323787689,0.7386690378189087
kat1,11561_v3_6_content_JayDogon_RSA_Encrypt3.py_cleaned.py,1,1,0.09534946084022522,0.9046505093574524
kat1,11565_v3_84_content_LatrecheYasser_Secure-Python-Chat_RC4.py_cleaned.py,1,1,0.11676400899887085,0.8832359910011292
kat1,11574_v3_93_content_EricElmoznino_rsa_emd_data_processing.py_cleaned.py,1,1,0.09138210862874985,0.9086179733276367
kat1,11579_v3_97_content_DanialBeg_RSA-Decryption-CS111_decryption.py_cleaned.py,1,1,0.08035746961832047,0.9196425676345825
kat1,11836_v3_15_content_hgdsraj_python_vs_ruby_speed_analyze_script_cpp.py_cleaned.py,1,1,0.09670579433441162,0.9032942056655884
kat1,11849_v3_25_content_robsonribeiroft_tempo-de-ordencao-com-selection-sort_main.py_cleaned.py,1,0,0.5617032051086426,0.43829676508903503
kat1,11853_v3_27_content_CodeDrome_selection-sort-python_selectionsort.py_cleaned.py,1,1,0.09401018917560577,0.9059898257255554
kat1,11859_v3_32_content_TadayoshiCarvajal_Sorting-in-Python_sortingAlgorithms.py_cleaned.py,1,1,0.0960254967212677,0.9039745330810547
kat1,11860_v3_33_content_ilkayDevran_Analysis_of_Sorting_Algorithms_allInOne.py_cleaned.py,1,1,0.07864238321781158,0.9213575720787048
kat1,12001_v3_2_content_IhsanPratama_ccvs_main.py_cleaned.py,1,1,0.11838509887456894,0.8816148638725281
kat1,12005_v3_3_content_GentaHI_SteganografiLSB-ImageToImage_steganography.py_cleaned.py,1,1,0.10706345736980438,0.8929365277290344
kat1,12006_v3_5_content_SorinMA_steganografie_proiect.py_cleaned.py,1,1,0.35197898745536804,0.6480209827423096
kat1,12180_v3_13_content_preetidurai_Spam-Ham-Classification-using-NB-and-LR_logisticRegressionMain.py_cleaned.py,1,1,0.09534946084022522,0.9046505093574524
kat1,12187_v3_15_content_ganigavinaya_LogisticRegression_LRwithoutStopWords.py_cleaned.py,1,1,0.0960254967212677,0.9039745330810547
kat1,12201_v3_20_content_aditiopangestu_spam_data_converter_lingspam_filter.py_cleaned.py,1,1,0.0838903859257698,0.9161096215248108
kat1,12209_v3_28_content_vinaykumarbu_sentiment-analysis-deeplearning_preprocess.py_cleaned.py,1,1,0.09467770159244537,0.9053223133087158
kat1,12220_v3_7_content_natiqvahabov_stop_words_of_azerbaijani_extract.py_cleaned.py,1,1,0.07864238321781158,0.9213575720787048
kat1,12355_v3_1_content_DanShai_kernalized-tsne_main.py_cleaned.py,1,1,0.09268777817487717,0.907312273979187
kat1,12360_v3_1_content_vuolleko_pyTSNE_vptree.py_cleaned.py,1,1,0.11797802150249481,0.8820220232009888
kat1,12532_v3_10_content_pikulet_intellex_Dictionary.py_cleaned.py,1,1,0.09268777817487717,0.907312273979187
kat1,12536_v3_14_content_tusizi_document-analysis_mllib_tfidf_with_stopword.py_cleaned.py,1,1,0.0832919329404831,0.9167081117630005
kat1,12540_v3_20_content_biswaup_soft_TF_IDF-and-Blocking_Blocking.py_cleaned.py,1,1,0.09334687888622284,0.9066531658172607
kat1,12548_v3_38_content_hanhanwu_Hanhan-NaturalLanguageProcessing_Basic_tf_idf_term_search.py_cleaned.py,1,1,0.0753123089671135,0.9246877431869507
kat1,12555_v3_45_content_raopg_Search-Engine_app.py_cleaned.py,1,1,0.1196136623620987,0.8803863525390625
kat1,12560_v3_58_content_zhaoyichanghong_machine_learing_algo_python_agnes.py_cleaned.py,1,1,0.1127953976392746,0.8872045874595642
kat1,12566_v3_60_content_iamdiwas_TF-IDF-for-Simple-Text-Mining_tf_idf_basics.py_cleaned.py,1,1,0.07696083933115005,0.9230391979217529
kat1,12572_v3_6_content_sherlvick_sentimental-analysis_SVM_svm_test_0.py_cleaned.py,1,1,0.09203286468982697,0.907967209815979
kat1,12575_v3_72_content_SreekarJammula_tf-idf-_asst2_part2_2.py_cleaned.py,1,1,0.20561504364013672,0.7943849563598633
kat1,12579_v3_7_content_DeFacto_DeFactoNLP_subsample_training_data.py_cleaned.py,1,1,0.09334687888622284,0.9066531658172607
kat1,12839_v3_18_content_wuqianfan_Variance-Reduction-for-Merton-Process-Monte-Carlo_Sampling_1.py_cleaned.py,1,1,0.18010665476322174,0.8198933005332947
kat1,12844_v3_28_content_akrolewski_NonlinearMassFaster_tabulate_fiducial_rnl.py_cleaned.py,1,1,0.12294380366802216,0.8770562410354614
kat1,12852_v3_35_content_facundoq_rotational_variance_experiment_variance.py_cleaned.py,1,1,0.08093671500682831,0.9190633296966553
kat1,12857_v3_3_content_facebookresearch_deep-variance-reduction_optimizers.py_cleaned.py,1,1,0.10521053522825241,0.894789457321167
kat1,12864_v3_52_content_jamesbutler01_Normalise-Luminance-Across-Images_main.py_cleaned.py,1,1,0.0838903859257698,0.9161096215248108
kat1,12869_v3_66_content_ChavezE_Parallel_PFVA_image_tester.py_cleaned.py,1,1,0.08509904146194458,0.9149009585380554
kat1,12875_v3_79_content_astrojneil_AllanVarCodeFinal_allanVar_plot.py_cleaned.py,1,1,0.11008787900209427,0.8899121284484863
kat1,12877_v3_85_content_CodeRika_TweetsSentimentAnalyzer_graph.py_cleaned.py,1,1,0.12294380366802216,0.8770562410354614
kat1,13278_v3_10_content_lulu150003_Web-Scraping-Project_LinkedInWebcrawler2019.py_cleaned.py,1,1,0.0792103260755539,0.9207897186279297
kat1,13284_v3_11_content_SwatiModi_e-commerce-web-scraper_scrape_product_details_using_asins.py_cleaned.py,1,1,0.08694165199995041,0.9130582809448242
kat1,13291_v3_18_content_yassine-youcefi_web-scraping-nike-website_scrap.py_cleaned.py,1,1,0.08570927381515503,0.914290726184845
kat1,13295_v3_21_content_Tyrone-Zhao_crawlerUtils_tornadoExample.py_cleaned.py,1,1,0.08819004893302917,0.9118099808692932
kat1,13299_v3_29_content_SantiMenendez19_scraper_meli_scraper_mercadolibre_cli.py_cleaned.py,1,1,0.09534946084022522,0.9046505093574524
kat1,13310_v3_38_content_UncleEngineer_webscraping_temperature.py_cleaned.py,1,1,0.09268777817487717,0.907312273979187
kat1,13314_v3_3_content_ahmedelfateh_scraping_CimaClub_scraper_HTTP.py_cleaned.py,1,1,0.0844927579164505,0.9155072569847107
kat1,13321_v3_45_content_umtpfe_Projet-scrapy_gglev5.py_cleaned.py,1,1,0.10594827681779861,0.8940516710281372
kat1,13326_v3_46_content_AnuragSinghKushwah_anonymous-scraping_luminati_proxy.py_cleaned.py,1,1,0.1555909812450409,0.8444089889526367
kat1,13331_v3_58_content_ianramzy_stock-news-analysis_app.py_cleaned.py,1,1,0.09947021305561066,0.9005298018455505
kat1,13335_v3_64_content_andrewrgoss_yahoo-fantasy-fball-scraper_player_season_projections.py_cleaned.py,1,1,0.09009299427270889,0.9099069833755493
kat1,13342_v3_74_content_jrathin_Web-Scraping_db.py_cleaned.py,1,1,0.08210662752389908,0.9178933501243591
kat1,13346_v3_76_content_sangeeta97_web-scraping_pactr1.py_cleaned.py,1,1,0.09467770159244537,0.9053223133087158
kat1,13353_v3_80_content_andrediasesp_web-slinger_scraping.py_cleaned.py,1,1,0.0753123089671135,0.9246877431869507
kat1,13358_v3_89_content_pratikdeshmukh2004_Web_scraping_flipcart.py_cleaned.py,1,1,0.10932482779026031,0.8906751871109009
kat1,13365_v3_94_content_adithyavasisth_VTU-Result-Scraper-with-CAPTCHA-Bypass_sgpa.py_cleaned.py,1,1,0.14706452190876007,0.8529354333877563
kat2,11_14_content_user0198_aes-256-CBC_aes256.py_cleaned.py,0,1,0.41288521885871887,0.5871148109436035
kat2,13_15_content_Dhruv-Panchal_AES_socket_GUI_decryptor.py_cleaned.py,0,0,0.9358173608779907,0.06418264657258987
kat2,18_17_content_pandaychen_AES_udpserver_aes_udpserver.py_cleaned.py,0,0,0.992061972618103,0.007937993854284286
kat2,22_19_content_Gorresio_easyAES256_easyAES256.py_cleaned.py,0,0,0.9768466353416443,0.023153411224484444
kat2,29_2_content_ChangRenAU_Logistic-Regression-With-Stochastic-Gradient-Aescent_LR_classify.py_cleaned.py,0,0,0.8940516710281372,0.10594827681779861
kat2,34_4_content_HamzaMhirsi_Chat-Server-Client-Python-AES-SHA_server.py_cleaned.py,0,0,0.8998277187347412,0.10017222166061401
kat2,3_11_content_rdafr_AES-Crypto-and-serial-communication_write.py_cleaned.py,0,0,0.9908744096755981,0.00912563782185316
kat2,44_7_content_denisyarats_pytorch_sac_ae_train.py_cleaned.py,0,1,0.18242551386356354,0.8175744414329529
kat2,49_9_content_john-salman_ECB_decryption_ECB.py_cleaned.py,0,0,0.9768466353416443,0.023153411224484444
kat2,4_11_content_reo11_aes-for-japanese-learner_predict_with_bert.py_cleaned.py,0,0,0.9884918928146362,0.011508150026202202
kat2,9_13_content_vatsal-rooprai_Image-Aesthetic-Evaluation_test_network.py_cleaned.py,0,0,0.9828232526779175,0.017176710069179535
kat2,292_11_content_SabikAbtahee_Apriori-Implementation_AprioriAlgorithm.py_cleaned.py,0,0,0.9912885427474976,0.008711383678019047
kat2,298_13_content_ebchang_Apriori_Customer_Dataset_Aprori.py_cleaned.py,0,0,0.9740425944328308,0.02595735713839531
kat2,303_14_content_wiktorjl_algorithm-apriori_apriori.py_cleaned.py,0,0,0.9207897186279297,0.0792103260755539
kat2,312_3_content_manishjathan_Money-laundering-Detection-System_DisconnectedGraphs.py_cleaned.py,0,0,0.9846936464309692,0.015306354500353336
kat2,318_5_content_aaronzira_apriori_miner.py_cleaned.py,0,0,0.9898303151130676,0.01016965787857771
kat2,324_7_content_DMDarkness_Data-mining_Example_pyarmga.py_cleaned.py,0,0,0.9911527037620544,0.008847354911267757
kat2,329_8_content_BhushanVM_Market-Basker-Analyzer_son_spark.py_cleaned.py,0,0,0.9918121099472046,0.008187909610569477
kat2,335_9_content_jeffwang0516_Frequent-Itemset-Mining_eclat.py_cleaned.py,0,0,0.9907320141792297,0.009268012829124928
kat2,576_14_content_gubo2012_hybrid-ARIMA-LSTM-model_hybrid_ARIMA_LSTM_model.py_cleaned.py,0,1,0.12168575078248978,0.8783142566680908
kat2,582_19_content_kinetic-cipher_auto_arima_auto_arima_test.py_cleaned.py,0,1,0.06608537584543228,0.9339146018028259
kat2,588_1_content_sadnessFree_arima-lstm_combine-svm.py_cleaned.py,0,0,0.6876299977302551,0.3123700022697449
kat2,593_1_content_sadnessFree_arima-lstm_muilt_lstm.py_cleaned.py,0,0,0.723700225353241,0.2762998342514038
kat2,598_28_content_yifan0330_stock-trader_stocktrader.py_cleaned.py,0,0,0.9202179908752441,0.07978201657533646
kat2,599_28_content_yifan0330_stock-trader_stocktrade_final.py_cleaned.py,0,0,0.9202179908752441,0.07978201657533646
kat2,605_2_content_yyqcs_time-series-model_encoder_decoder_full.py_cleaned.py,0,1,0.06371499598026276,0.9362850189208984
kat2,612_37_content_bouziane-meed_time-series-forcasting-using-ARIMA_app.py_cleaned.py,0,0,0.9869794845581055,0.013020489364862442
kat2,617_48_content_harishchellappa_Time-Series-Analysis-Bike-Sharing-Demand-Forecasting_forecasting_2.py_cleaned.py,0,0,0.9005298018455505,0.09947021305561066
kat2,869_1_content_dedeco_dijkstra-bellman-ford_grafo.py_cleaned.py,0,1,0.18242551386356354,0.8175744414329529
kat2,876_1_content_dedeco_dijkstra-bellman-ford_utils.py_cleaned.py,0,1,0.16344544291496277,0.8365545868873596
kat2,879_1_content_jwan659_forex-arbitrage_Edges.py_cleaned.py,0,1,0.1196136623620987,0.8803863525390625
kat2,885_2_content_cvwilliams_BellmanFord-Python_client.py_cleaned.py,0,0,0.9761291742324829,0.023870835080742836
kat2,892_3_content_pedrobemer_BellmanFord_bellman-ford.py_cleaned.py,0,0,0.8955226540565491,0.10447731614112854
kat2,898_4_content_Khante_Distance-Vector-Algorithm_simulation_1.py_cleaned.py,0,0,0.6971967220306396,0.30280324816703796
kat2,901_4_content_rcornacchia_bellman-ford_bfclient.py_cleaned.py,0,1,0.4638541042804718,0.5361459255218506
kat2,908_7_content_ardyerwanda_SDN-Bellman-Ford-Pyretic_routebellman.py_cleaned.py,0,0,0.9637799859046936,0.03622005879878998
kat2,915_7_content_jimmygzp_bellman-ford_testclient.py_cleaned.py,0,0,0.8204693794250488,0.1795305609703064
kat2,1157_1_content_speix_8-puzzle-solver_state.py_cleaned.py,0,0,0.9845753908157349,0.01542455144226551
kat2,1163_29_content_MEShufengRen_path_search_debug2.py_cleaned.py,0,0,0.9207897186279297,0.0792103260755539
kat2,1169_33_content_Nazar910_chameleon-problem_state.py_cleaned.py,0,0,0.973036527633667,0.026963500306010246
kat2,1175_44_content_suzheng123_BFS_N-aryTreeLevel.py_cleaned.py,0,0,0.9905874133110046,0.009412589482963085
kat2,1181_52_content_seanluo1_Arm-Link-AI_const.py_cleaned.py,0,0,0.9818752408027649,0.018124720081686974
kat2,1187_6_content_raghavgr_Go-Game_gridGo.py_cleaned.py,0,0,0.9886682629585266,0.011331754736602306
kat2,1192_7_content_mhkhojaste_sliding-puzzle-with-search-algorithms_Problem.py_cleaned.py,0,0,0.7634837031364441,0.23651622235774994
kat2,1196_8_content_aboood40091_BFSTM-to-BFWAV_conv.py_cleaned.py,0,0,0.9901401400566101,0.00985985528677702
kat2,1199_8_content_haozou-official_DFS-BFS-in-Maze_myqueue.py_cleaned.py,0,0,0.985042929649353,0.014957087114453316
kat2,1439_19_content_BhargavAllarapu_Binary-Search-tree_binarySearchTree.py_cleaned.py,0,1,0.08945459872484207,0.9105454087257385
kat2,1445_22_content_N8Brooks_lcs_hash_search_parallel_hash_search.py_cleaned.py,0,1,0.24798743426799774,0.7520125508308411
kat2,1450_2_content_nuchi_bst-matrix-vector_bst_vector.py_cleaned.py,0,0,0.8723474144935608,0.1276526302099228
kat2,1452_31_content_sheffieldjordan_binarySearchTree_BST.py_cleaned.py,0,1,0.053799644112586975,0.9462003111839294
kat2,1458_3_content_Mushahar_Binary-Search-Tree-Python-_node.py_cleaned.py,0,1,0.05964694544672966,0.9403530955314636
kat2,1463_47_content_mathwoods_binseqcomp_binseqcomp.py_cleaned.py,0,1,0.4842357337474823,0.5157642364501953
kat2,1469_61_content_EricHasegawa_binary-search_binary_search.py_cleaned.py,0,1,0.18359363079071045,0.8164063692092896
kat2,1476_7_content_j2kun_binary-search-graphs_dijkstra.py_cleaned.py,0,1,0.04603390023112297,0.9539660811424255
kat2,1719_17_content_CHINAJR_BinaryTree_biggestsubBSTtree.py_cleaned.py,0,1,0.1250653862953186,0.8749346137046814
kat2,1725_1_content_RyanMarcus_TreeConvolution_util.py_cleaned.py,0,1,0.05964694544672966,0.9403530955314636
kat2,1732_28_content_bangarangler_binary_search_trees_binary_search_trees.py_cleaned.py,0,1,0.06233103945851326,0.9376689791679382
kat2,1738_35_content_riccardobisori_Binary-Trees_ResultsInsert.py_cleaned.py,0,0,0.9893474578857422,0.01065251138061285
kat2,1744_45_content_gio-salvador_tree_exercise_python_tree.py_cleaned.py,0,1,0.053799644112586975,0.9462003111839294
kat2,1749_58_content_Deborah-byte_data-strictures-and-algorithms_binary-search-tree-algo.py_cleaned.py,0,1,0.1325145661830902,0.8674854040145874
kat2,1755_61_content_hlalit_Data-Structures-Python_BinaryTree.py_cleaned.py,0,1,0.2267836183309555,0.7732163667678833
kat2,1761_84_content_mhb8898_bst_bst.py_cleaned.py,0,1,0.34687307476997375,0.6531268954277039
kat2,2002_17_content_qwarlock_python-bubble-sort_bubble_sort.py_cleaned.py,0,0,0.9736446738243103,0.026355354115366936
kat2,2008_26_content_naviechan_sortingAlgorithmDemo_main.py_cleaned.py,0,1,0.10894504189491272,0.8910549879074097
kat2,2011_27_content_gcmurillo_sortingAlgorithmsComparation_quickSort.py_cleaned.py,0,0,0.9890130758285522,0.01098694372922182
kat2,2014_2_content_evinw_bubble_sort_bub.py_cleaned.py,0,1,0.1650540828704834,0.8349459171295166
kat2,2019_3_content_Frogboxe_BubbleSort_GapiExtend.py_cleaned.py,0,0,0.9890130758285522,0.01098694372922182
kat2,2027_49_content_Darren-Drapkin_RippleSort-with-chains_RippleSort-with-chains.py_cleaned.py,0,1,0.1830088496208191,0.8169911503791809
kat2,2032_57_content_Wwicked_Bubble-sort-visualization_main.py_cleaned.py,0,1,0.10669060051441193,0.8933094143867493
kat2,2038_68_content_pierobeat_Beginner-bubble-sort-py_bubble_sort.py_cleaned.py,0,1,0.08269733935594559,0.917302668094635
kat2,2044_79_content_lorenzo3117_python-sorting-scripts_sortingScript.py_cleaned.py,0,0,0.9840936064720154,0.01590639166533947
kat2,2050_9_content_noumanmalik960_bubbleSort_bubbleSort.py_cleaned.py,0,1,0.4881919026374817,0.5118080973625183
kat2,2288_16_content_hungapp_big_o_06-09.py_cleaned.py,0,0,0.9918121099472046,0.008187909610569477
kat2,2293_1_content_DaruniasJoy_OoT-Custom-Sequences_Check_for_Duplicates.py_cleaned.py,0,1,0.030675798654556274,0.9693241715431213
kat2,2301_26_content_Emersonxuelinux_One_Big_Archive_Listing_18-2.py_cleaned.py,0,1,0.1766716092824936,0.8233283758163452
kat2,2310_35_content_ankitsejwal_organize-folder_organize.py_cleaned.py,0,1,0.0378924235701561,0.9621075391769409
kat2,2317_56_content_lijionline_Big-Data---Hands-On_movie-similarities-1m.py_cleaned.py,0,0,0.837619960308075,0.16238002479076385
kat2,2326_5_content_anguillanneuf_bigO_89_license_plate.py_cleaned.py,0,1,0.06097518280148506,0.939024806022644
kat2,2334_85_content_leandrocamara_map-reduce-words-higher-occurrence_words-higher-occurrence.py_cleaned.py,0,0,0.858244001865387,0.14175599813461304
kat2,2582_10_content_mohamedScikitLearn_Information-retrieval--Text-mining-_Version_2.py_cleaned.py,0,0,0.5018310546875,0.4981689751148224
kat2,2587_1_content_abdullahwaqar_docsearx_pdf_reader.py_cleaned.py,0,0,0.9425067901611328,0.05749327689409256
kat2,2592_1_content_HarryBaker_LDAtopicSimilarity_modelTranslator.py_cleaned.py,0,0,0.963230550289154,0.03676946461200714
kat2,2593_1_content_HarryBaker_LDAtopicSimilarity_similaritySpike.py_cleaned.py,0,0,0.9904406070709229,0.00955939944833517
kat2,2601_2_content_ZatinMe_Python-Search-engine_buildindex.py_cleaned.py,0,1,0.09947021305561066,0.9005298018455505
kat2,2608_4_content_heaven00_cosine_similarities_vsm.py_cleaned.py,0,1,0.03704717382788658,0.9629528522491455
kat2,2618_7_content_syedshameersarwar_DocumentSimilarityChecker_pdfReader.py_cleaned.py,0,0,0.9908744096755981,0.00912563782185316
kat2,2624_9_content_canonicalmg_FAQ-Chat-Bot_main.py_cleaned.py,0,1,0.034100428223609924,0.9658995866775513
kat2,2865_14_content_bkdwei_kdDesktopAssistant_install_script.py_cleaned.py,0,1,0.10894504189491272,0.8910549879074097
kat2,2870_20_content_learn-co-students_applying-gradient-descent-lab-dc-ds-career-042219_linear_equations.py_cleaned.py,0,1,0.0384661927819252,0.961533784866333
kat2,2876_26_content_1970633640_Design-and-Analysis-of-Algorithm_ex7.py_cleaned.py,0,0,0.9924227595329285,0.007577240467071533
kat2,2882_35_content_fireclawthefox_DirectGuiDesigner_setup_p3d.py_cleaned.py,0,0,0.7885831594467163,0.2114168256521225
kat2,2887_52_content_jitunayak_Tensorflow-object-recognition-GUI-DesktopApp_face_crop.py_cleaned.py,0,0,0.6577582955360413,0.34224170446395874
kat2,2893_75_content_acoollevel_desktop-clock_clock.py_cleaned.py,0,0,0.9381240010261536,0.06187598407268524
kat2,2901_8_content_usmanali414_Destruction-Detection-in-Satellite-Imagery_augmentation.py_cleaned.py,0,0,0.8392075896263123,0.16079244017601013
kat2,2904_92_content_FranzScheerer_DES_e_.py_cleaned.py,0,0,0.9925393462181091,0.007460643537342548
kat2,3146_13_content_tiendung1510_LearningPython_ucs.py_cleaned.py,0,0,0.9912885427474976,0.008711383678019047
kat2,3152_1_content_akhilesh1311_MazeSolver_q3.py_cleaned.py,0,0,0.5893619060516357,0.41063809394836426
kat2,3164_44_content_sharyudeshmukh_Pacman_temp.py_cleaned.py,0,0,0.6437773108482361,0.3562226891517639
kat2,3166_48_content_ethanZHY_Crawler_BFS_DFS_Python3_Crawling_Doc.py_cleaned.py,0,1,0.4708886444568634,0.5291113257408142
kat2,3171_68_content_mvivancq_DfsSudokuSolver_bfs.py_cleaned.py,0,1,0.03875619173049927,0.961243748664856
kat2,3176_73_content_elados93_AI_Ex1_BFS.py_cleaned.py,0,1,0.3923368453979492,0.6076632142066956
kat2,3181_83_content_habibz2196_bfs-dan-dfs-_bfs_dan_dfs_kuda_skak.py_cleaned.py,0,0,0.9905874133110046,0.009412589482963085
kat2,3187_8_content_Omig12_dfs_delete.py_cleaned.py,0,0,0.9877586960792542,0.012241275981068611
kat2,3193_9_content_singgihnft_BFS-and-DFS_Breadth_First_Search.py_cleaned.py,0,1,0.30528295040130615,0.6947170495986938
kat2,3441_15_content_DrMMZ_Diffie-Hellman_DH.py_cleaned.py,0,0,0.9911527037620544,0.008847354911267757
kat2,3447_21_content_swawibe_pyDH_Client.py_cleaned.py,0,1,0.188323974609375,0.8116759657859802
kat2,3456_26_content_bahadircolak44_EllipticCurve_PointAddition.py_cleaned.py,0,0,0.9407896995544434,0.05921025201678276
kat2,3461_2_content_vineetkia_Fundamentals-Of-Cryptography__6_-Columnar_Transposition.py_cleaned.py,0,0,0.9879462122917175,0.0120537793263793
kat2,3468_43_content_wilson9001_DHKeyExchange_DH.py_cleaned.py,0,1,0.0960254967212677,0.9039745330810547
kat2,3475_60_content_dunglq2000_chatbox-encrypt_client.py_cleaned.py,0,0,0.9919379353523254,0.00806199200451374
kat2,3481_71_content_logyball_public_private_encryption_driver.py_cleaned.py,0,0,0.8683809638023376,0.13161905109882355
kat2,3729_10_content_tjazerzen_a_star_algorithm_helper_functions.py_cleaned.py,0,1,0.04023794084787369,0.9597620368003845
kat2,3735_14_content_jonathanchang97_ThatsJustTheWazeItIs_car.py_cleaned.py,0,1,0.35488009452819824,0.6451199054718018
kat2,3744_1_content_shkolovy_path-finder-algorithms_b_star.py_cleaned.py,0,1,0.03384403511881828,0.966156005859375
kat2,3749_26_content_faisalkhan91_Dijkstras-Algorithm_DijkstrasAlgo.py_cleaned.py,0,1,0.23792991042137146,0.7620701193809509
kat2,3754_39_content_hamidaucc_Link-state-protocol-in-python_Test.py_cleaned.py,0,1,0.47673192620277405,0.5232681035995483
kat2,3762_53_content_KaiFly_Xemina2_DijkstraSP_GraphDrawing.py_cleaned.py,0,1,0.053009770810604095,0.9469902515411377
kat2,3763_5_content_dedeco_dijkstra-bellman-ford_grafo.py_cleaned.py,0,1,0.18242551386356354,0.8175744414329529
kat2,3766_66_content_KarlaFlorentino_Dijkstra_dijkstra.py_cleaned.py,0,0,0.992061972618103,0.007937993854284286
kat2,3770_88_content_andreaestrada_mazecrawler_powerupPiles.py_cleaned.py,0,0,0.7439128756523132,0.2560870945453644
kat2,3775_8_content_rprahlad1_guavabot_solver.py_cleaned.py,0,1,0.049958523362874985,0.9500414729118347
kat2,4022_13_content_lev1nyo_Spotify-Best-before-task_parse_dates.py_cleaned.py,0,1,0.034358687698841095,0.9656413197517395
kat2,4028_17_content_bhushankorpe_Fizz_Buzz_Fibonacci_Fizz_Buzz_Fibonacci.py_cleaned.py,0,0,0.9867772459983826,0.013222822919487953
kat2,4033_22_content_Phillyclause89_ANIMAL_Quiz_ANIMAL.py_cleaned.py,0,0,0.6433292627334595,0.35667070746421814
kat2,4035_27_content_SethEggerRocks_WakingMoments_wakingWidgets.py_cleaned.py,0,1,0.48276442289352417,0.5172356367111206
kat2,4041_4_content_captainACE_python-ADVANCEMATH-lib_lineq.py_cleaned.py,0,0,0.9925393462181091,0.007460643537342548
kat2,4047_5_content_AdamJacoby_Hopf_Example_CyclicGroup.py_cleaned.py,0,0,0.9536217451095581,0.046378206461668015
kat2,4052_5_content_AdamJacoby_Hopf_Frobenius_Divisibility_Algorithm.py_cleaned.py,0,0,0.9925393462181091,0.007460643537342548
kat2,4061_7_content_deawpic_math01_compute2.py_cleaned.py,0,0,0.9821512699127197,0.01784873753786087
kat2,4066_8_content_leocarr_smallestmultiple_smallestmult.py_cleaned.py,0,0,0.9196425676345825,0.08035746961832047
kat2,4304_13_content_FN-HD_Elliptic_Curve_Cryptography_Main.py_cleaned.py,0,0,0.9912885427474976,0.008711383678019047
kat2,4312_19_content_tanishqjasoria_elliptic_curve_cryptography_mod.py_cleaned.py,0,1,0.34775859117507935,0.6522414088249207
kat2,4316_20_content_UAvinash7_Cryptography_DigitalSignature.py_cleaned.py,0,0,0.9515040516853333,0.048496004194021225
kat2,4322_27_content_ayaar25_elgamalecceg_pointoperatorecc.py_cleaned.py,0,0,0.766992449760437,0.2330075204372406
kat2,4328_2_content_johndoe31415_toyecc_ed25519test.py_cleaned.py,0,0,0.9184802770614624,0.08151975274085999
kat2,4334_4_content_bward_ecc_signatures.py_cleaned.py,0,1,0.12168575078248978,0.8783142566680908
kat2,4340_6_content_gionanide_Cryptography_encrypt_Image_sha256.py_cleaned.py,0,0,0.992061972618103,0.007937993854284286
kat2,4578_11_content_harishchellappa_Time-Series-Analysis-Bike-Sharing-Demand-Forecasting_forecasting_2.py_cleaned.py,0,0,0.9005298018455505,0.09947021305561066
kat2,4583_2_content_kristpapadopoulos_keras-exponential-smoothing_main.py_cleaned.py,0,1,0.03594832494854927,0.9640516638755798
kat2,4589_6_content_morekeysjr_TechHubZambia_Project.py_cleaned.py,0,1,0.04535257816314697,0.954647421836853
kat2,4594_9_content_Soumyabrata_predicting-pwv_read_matfile.py_cleaned.py,0,1,0.1127953976392746,0.8872045874595642
kat2,4680_19_content_bowiechen_FactorialDigitsSum_Counter.py_cleaned.py,0,1,0.07640768587589264,0.9235923886299133
kat2,4686_2_content_CthulhuDen_Factorials_slaves.py_cleaned.py,0,0,0.9621075391769409,0.0378924235701561
kat2,4692_3_content_Misael89_Programacion-Ejercicios_Promedio.py_cleaned.py,0,0,0.8929365277290344,0.10706345736980438
kat2,4696_4_content_moduloone_QualtricsFactorialVignettes_questiongen.py_cleaned.py,0,0,0.6813028454780579,0.31869715452194214
kat2,4701_51_content_adityapatelgithub_Expressions-and-Functions_evaluate.py_cleaned.py,0,1,0.41584742069244385,0.5841525197029114
kat2,4707_5_content_brown9804_Python_DiversosAlgortimos_JuegoGato_XO.py_cleaned.py,0,1,0.15002882480621338,0.8499711751937866
kat2,4715_91_content_MerliX_async-factorial_server.py_cleaned.py,0,1,0.04501553252339363,0.9549844264984131
kat2,4720_97_content_mjurk456_mini-snakes_pesel.py_cleaned.py,0,1,0.08694165199995041,0.9130582809448242
kat2,4955_10_content_jhreinholdt_fibonacci-sequence_fibonacci_sequence.py_cleaned.py,0,1,0.04240383207798004,0.9575962424278259
kat2,4962_14_content_Alexander35_fibonacci_sequence_fibonacci.py_cleaned.py,0,1,0.32466351985931396,0.675336480140686
kat2,4969_30_content_pwneip_fibonacci_fibonacci.py_cleaned.py,0,0,0.8333246111869812,0.16667540371418
kat2,4974_44_content_nathanthomashoang_fibonacci-sequence-recursive_fibonacci_recursive.py_cleaned.py,0,1,0.12549345195293427,0.8745065331459045
kat2,4979_4_content_razaHamdani_Fibonacci-ish-Sequence_fib.py_cleaned.py,0,1,0.08035746961832047,0.9196425676345825
kat2,4985_61_content_AaronRobson_sequences_decorators.py_cleaned.py,0,0,0.9828232526779175,0.017176710069179535
kat2,4991_62_content_arenart90_fsm-python_fsm.py_cleaned.py,0,0,0.9912885427474976,0.008711383678019047
kat2,4996_79_content_s1ssagar_fibonacci-finding-easy_fibonacci-finding-easy.py_cleaned.py,0,1,0.08882028609514236,0.9111796617507935
kat2,5001_99_content_MatheusMuriel_ProgramacaoDinamica_Memoria.py_cleaned.py,0,1,0.17050801217556,0.8294920325279236
kat2,5246_12_content_AtahanCelebi_Shortest-Route-with-Floyd-Warshall-Algorithm_map_distance.py_cleaned.py,0,1,0.1980641782283783,0.8019358515739441
kat2,5247_12_content_byu014_all-pairs-shortest-path_allPairsShortestPath.py_cleaned.py,0,0,0.9717789888381958,0.02822098508477211
kat2,5253_14_content_arnaudperalta_py_graphpath___main__.py_cleaned.py,0,1,0.10894504189491272,0.8910549879074097
kat2,5258_1_content_smbanaie_floyd-warshall-python_Main.py_cleaned.py,0,0,0.6233768463134766,0.37662312388420105
kat2,5266_5_content_jzell001_Bellman_Ford_Floyd_Warshall_._c9_invoke_zARza2.py_cleaned.py,0,0,0.9924227595329285,0.007577240467071533
kat2,5274_8_content_andersonlthome_floyd-warshall-algorithm_floyd_warshall.py_cleaned.py,0,0,0.9790357351303101,0.020964238792657852
kat2,5457_15_content_sharonWU0505_Hierarchical-Clustering-of-Facebook-Fan-Pages_Preprocess_tf.py_cleaned.py,0,0,0.7627776861190796,0.2372223287820816
kat2,5463_21_content_jakubsilhavy_mhhc_data_prep_LLS.py_cleaned.py,0,0,0.9828232526779175,0.017176710069179535
kat2,5470_2_content_zalayo_Hierarchical-Linkage-Regression_HLRlinkages.py_cleaned.py,0,0,0.9871788024902344,0.012821214273571968
kat2,5478_44_content_IQbrod_Hierarchical-clustering_parthieragglo.py_cleaned.py,0,0,0.961243748664856,0.03875619173049927
kat2,5483_50_content_mrugankray_Hierarchical_Clustering_hierarchichal_clustering.py_cleaned.py,0,1,0.22953520715236664,0.7704647779464722
kat2,5488_55_content_siddbhatia07_MACHINE-LEARNING_Simple_linear_regression.py_cleaned.py,0,0,0.6955448985099792,0.30445513129234314
kat2,5492_61_content_cthorrez_deepsetLinkage_baselines.py_cleaned.py,0,1,0.04569203406572342,0.954308032989502
kat2,5497_70_content_metr0jw_video-liveness-measurement_video_cut_bts.py_cleaned.py,0,1,0.09534946084022522,0.9046505093574524
kat2,5502_9_content_mgarasz_DTW-Cryptocurrencies_crypto_scrape_helper.py_cleaned.py,0,1,0.10521053522825241,0.894789457321167
kat2,5747_13_content_ctao5660_huffman-tree_huffmancompression.py_cleaned.py,0,0,0.9896718263626099,0.010328153148293495
kat2,5753_16_content_MiKoronjoo_Python-Huffman-coding_decoding.py_cleaned.py,0,1,0.04054073989391327,0.9594592452049255
kat2,5758_1_content_bhrigu123_huffman-coding_huffman.py_cleaned.py,0,1,0.04922211915254593,0.9507778882980347
kat2,5762_20_content_maganoegi_huffman_decompressor_decomp_PLATONOV_MPACKO.py_cleaned.py,0,0,0.8006919622421265,0.19930800795555115
kat2,5768_24_content_MariosPitsali_algorithms-practice_ducks.py_cleaned.py,0,1,0.1233656108379364,0.8766343593597412
kat2,5775_32_content_rihartma_huffmanCoding_files.py_cleaned.py,0,0,0.9857181310653687,0.01428193412721157
kat2,5781_3_content_xiekch_Adaptive-Huffman-Coding_test.py_cleaned.py,0,0,0.917302668094635,0.08269733935594559
kat2,5787_52_content_blaynewagner_Huffman-Encoder_huffman_tests.py_cleaned.py,0,0,0.8803863525390625,0.1196136623620987
kat2,6040_18_content_o-az_Insertion-vs-Merge_MergeSort.py_cleaned.py,0,0,0.966156005859375,0.03384403511881828
kat2,6052_24_content_lesdev_SortingMethods_merge.py_cleaned.py,0,0,0.9788748621940613,0.021125193685293198
kat2,6056_24_content_lesdev_SortingMethods_sequential.py_cleaned.py,0,0,0.9664104580879211,0.03358950465917587
kat2,6060_30_content_rogerdenisvieira_bidirectional-conditional-insertion-sort_data_generator.py_cleaned.py,0,1,0.03567855432629585,0.9643214344978333
kat2,6063_31_content_homeowmorphism_list-sorting-algorithms_quicksort.py_cleaned.py,0,1,0.05541279539465904,0.944587230682373
kat2,6071_46_content_arun-p12_sort-algorithms_insertion_sort.py_cleaned.py,0,0,0.9916841983795166,0.008315779268741608
kat2,6077_50_content_shre007_Implementation-and-comparison-of-sorting-algorithms_quick.py_cleaned.py,0,1,0.10158944129943848,0.8984104990959167
kat2,6309_10_content_patrickkingg_K-means_Clustering_kmeans.py_cleaned.py,0,0,0.907967209815979,0.09203286468982697
kat2,6315_20_content_Cassar88226_Clustering_of_Articles_corpus.py_cleaned.py,0,0,0.9118099808692932,0.08819004893302917
kat2,6320_28_content_IPDT_car_review_k-means_clustering_word_freq.py_cleaned.py,0,0,0.5642185211181641,0.43578144907951355
kat2,6327_36_content_OneWinged-Eagle_spotimy_getFeatures.py_cleaned.py,0,0,0.7299049496650696,0.27009499073028564
kat2,6334_43_content_caetius_Efficient-k-means-_Transform.py_cleaned.py,0,0,0.9780517220497131,0.021948255598545074
kat2,6341_54_content_sumanth-bmsce_Unsupervised_Extreme_Learning_Machine_EM_Algo.py_cleaned.py,0,0,0.9910145401954651,0.008985428139567375
kat2,6346_62_content_wang2226_Clustering_k-means_plot.py_cleaned.py,0,0,0.5945512652397156,0.40544870495796204
kat2,6354_7_content_MercuryM_Metric-Learning_Q2_Aa_2.py_cleaned.py,0,1,0.046378206461668015,0.9536217451095581
kat2,6609_13_content_fangzhengzhu_minst-knn_imgReader.py_cleaned.py,0,0,0.914290726184845,0.08570927381515503
kat2,6612_14_content_lisha1992_KNN-Clasify_handWritingClassify.py_cleaned.py,0,0,0.9905874133110046,0.009412589482963085
kat2,6616_19_content_AntoineMontaut_Predictive_Modeling_random_forest.py_cleaned.py,0,0,0.5724837779998779,0.4275161921977997
kat2,6619_21_content_abhishekmsharma_ai-knn-kmeans-crawler-python_job_search_environment.py_cleaned.py,0,0,0.9637799859046936,0.03622005879878998
kat2,6630_2_content_neonb88_knn_knn_machine_learning_hw1.py_cleaned.py,0,0,0.9462003111839294,0.053799644112586975
kat2,6637_39_content_mirajp_tweet_sentiments_baseline.py_cleaned.py,0,1,0.4433594048023224,0.5566405653953552
kat2,6642_48_content_prateek22sri_Image-orientation-detector_AdaBoost.py_cleaned.py,0,1,0.1208532303571701,0.8791467547416687
kat2,6647_7_content_Manerone_Evolutive-KNN_evolutive_knn.py_cleaned.py,0,1,0.03934250399470329,0.9606574773788452
kat2,6653_98_content_pooja1909_Bigdata-project_input.py_cleaned.py,0,0,0.9130582809448242,0.08694165199995041
kat2,6897_13_content_Ade-Adeleke_KruskalAlg_Kruskal_Algorithm__1_.py_cleaned.py,0,1,0.3094409108161926,0.6905590891838074
kat2,6904_19_content_AlbCalv_kruskal-algorithm_Kruskal.py_cleaned.py,0,0,0.9449946880340576,0.055005282163619995
kat2,6907_1_content_pinasu_Python-Kruskal_kruskal.py_cleaned.py,0,1,0.1766716092824936,0.8233283758163452
kat2,6910_21_content_AnnaPiatek_Graph_Ford-Fulkerson.py_cleaned.py,0,1,0.06512755155563354,0.9348725080490112
kat2,6916_2_content_carlosguadir_kruskal_Puertos.py_cleaned.py,0,0,0.9908744096755981,0.00912563782185316
kat2,6921_36_content_mskroar18_GraphWizard_edge.py_cleaned.py,0,0,0.9780517220497131,0.021948255598545074
kat2,6927_5_content_MadalinaMircea_GraphAlgorithms_StartApp.py_cleaned.py,0,0,0.9901401400566101,0.00985985528677702
kat2,6936_8_content_dianaelmasri_TravellingSalesManProblem_AStar_Kruskal_Recuit_test.py_cleaned.py,0,0,0.6109178066253662,0.3890821635723114
kat2,6942_9_content_emmanuj_mst-solver_mstsolve.py_cleaned.py,0,0,0.8770562410354614,0.12294380366802216
kat2,6944_9_content_emmanuj_mst-solver_treeset.py_cleaned.py,0,0,0.987375020980835,0.012624949216842651
kat2,7186_10_content_nishi1612_Email-Spam-Classification-using-SVM_processing_emails_to_find_occurance_of_words.py_cleaned.py,0,0,0.9924227595329285,0.007577240467071533
kat2,7191_12_content_ianscottknight_Predicting-Myers-Briggs-Type-Indicator-with-Recurrent-Neural-Networks_differentiate_words.py_cleaned.py,0,0,0.8933094143867493,0.10669060051441193
kat2,7196_12_content_ianscottknight_Predicting-Myers-Briggs-Type-Indicator-with-Recurrent-Neural-Networks_trump_predictor.py_cleaned.py,0,1,0.43989771604537964,0.5601022839546204
kat2,7201_14_content_kaizinho_lemmatizer_lemmatizer.py_cleaned.py,0,1,0.0541987270116806,0.9458011984825134
kat2,7208_17_content_gorarakelyan_JointUD_train.py_cleaned.py,0,1,0.12294380366802216,0.8770562410354614
kat2,7214_1_content_hipster-philology_pyrrha_manage.py_cleaned.py,0,0,0.5385585427284241,0.4614414572715759
kat2,7220_23_content_clydedacruz_worddoc-indexer-py_create_index.py_cleaned.py,0,0,0.8879840970039368,0.11201596260070801
kat2,7225_25_content_aajanki_finnish-pos-accuracy_download_models.py_cleaned.py,0,0,0.9394705891609192,0.06052938848733902
kat2,7478_10_content_bradib0y_searchalgorithms_io.py_cleaned.py,0,0,0.9911527037620544,0.008847354911267757
kat2,7484_11_content_sichen-x_search-engine_htable_oo.py_cleaned.py,0,1,0.2140335589647293,0.7859664559364319
kat2,7494_13_content_Pedinpsy_-inverted-index-search_main.py_cleaned.py,0,0,0.9907320141792297,0.009268012829124928
kat2,7499_15_content_jknight1725_linear_search_vs_random_search_worst_case.py_cleaned.py,0,1,0.08756384998559952,0.9124361872673035
kat2,7507_20_content_anowarh2514_Linear-Search-Algorithm-in-Python_linear_search.py_cleaned.py,0,1,0.4826425015926361,0.5173575282096863
kat2,7511_27_content_ashwinvis98_Particle-Swarm-Optimization-for-Robotic-Search-Applications_ultrasonic_test.py_cleaned.py,0,0,0.9888418912887573,0.011158030480146408
kat2,7513_33_content_chafiknaceri_Credit-Card-Debt_BisectionSearchPayement.py_cleaned.py,0,0,0.9912885427474976,0.008711383678019047
kat2,7520_4_content_BenCashman_Linear-Search_linear_search.py_cleaned.py,0,0,0.5107405185699463,0.4892594516277313
kat2,7521_5_content_adamweissert_PythonLinearSearch_LinearSearch.py_cleaned.py,0,0,0.7975568175315857,0.2024431824684143
kat2,7526_7_content_DMHarish_Linear_search_LinearSearch.py_cleaned.py,0,0,0.9717789888381958,0.02822098508477211
kat2,7782_17_content_yujiex9_LinkedList_LinkedList.py_cleaned.py,0,1,0.07107366621494293,0.9289263486862183
kat2,7787_1_content_shivam1196_LRU-Caching_Caching.py_cleaned.py,0,1,0.048496004194021225,0.9515040516853333
kat2,7792_23_content_jfb125_pythonLinkedLists_ex13.py_cleaned.py,0,0,0.9246877431869507,0.0753123089671135
kat2,7801_29_content_MeriBalasanyan_Circular_Linked_List_circular_linked_list.py_cleaned.py,0,1,0.314050555229187,0.685949444770813
kat2,7807_36_content_cyndyishida_QueueQuickSort_linked_queue.py_cleaned.py,0,0,0.907967209815979,0.09203286468982697
kat2,7813_41_content_Titash21_Python-Representation-of-LinkedList_linkledistDelete.py_cleaned.py,0,0,0.987375020980835,0.012624949216842651
kat2,7821_5_content_ligertsicat_Rental-Scraper_scraper.py_cleaned.py,0,0,0.8543993234634399,0.14560063183307648
kat2,8062_10_content_sumanthsunny35_RHM-assignment_LCS.py_cleaned.py,0,0,0.9808759689331055,0.01912403665482998
kat2,8068_15_content_VakinduPhilliam_Pattern_Matching_Python_Difflib_Pattern_Matching_Differ.py_cleaned.py,0,0,0.6071974039077759,0.39280256628990173
kat2,8073_15_content_VakinduPhilliam_Pattern_Matching_Python_Difflib_Pattern_Matching_SequenceMatcher.py_cleaned.py,0,0,0.6210813522338867,0.3789186179637909
kat2,8081_1_content_Gopal9028_Longest-Common-Subsequence-using-MPI_lcs_using_MPI.py_cleaned.py,0,0,0.9585376977920532,0.04146227240562439
kat2,8086_1_content_jim-spyropoulos_Trajectory-Analysis-and-Classification-in-Python-Pandas-and-Scikit-Learn_grid_points.py_cleaned.py,0,1,0.21800270676612854,0.7819972634315491
kat2,8093_2_content_athulvijayan6_python-rlcs_lcssMain.py_cleaned.py,0,0,0.894789457321167,0.10521053522825241
kat2,8099_6_content_greed2411_LCS_try.py_cleaned.py,0,0,0.9813107252120972,0.018689308315515518
kat2,8105_8_content_16chuang_CS161_Project_CLCSSlow.py_cleaned.py,0,0,0.9469902515411377,0.053009770810604095
kat2,8110_8_content_thingumajig_weighted_lcs_sequence.py_cleaned.py,0,0,0.6190107464790344,0.3809892237186432
kat2,8364_13_content_ShankyTiwari_Naive-Bayes-Classifier-using-python_naive_bayes_supermall.py_cleaned.py,0,1,0.37868887186050415,0.6213111877441406
kat2,8366_14_content_rajat1401_NaiveBayes_scratch_2016260_ques1a.py_cleaned.py,0,0,0.9924227595329285,0.007577240467071533
kat2,8371_1_content_pranav-dahiya_NaiveBayes_spam_filter.py_cleaned.py,0,1,0.05108273774385452,0.9489172697067261
kat2,8378_30_content_sina-ehsani_NaiveBayes_SNLI_prepro.py_cleaned.py,0,1,0.05541279539465904,0.944587230682373
kat2,8384_44_content_akbloodadarsh_Twitter-Sentimental-Analysis_MultinomialNaiveBayes.py_cleaned.py,0,1,0.06754669547080994,0.9324532747268677
kat2,8389_57_content_mercury0100_pynb_pynb.py_cleaned.py,0,0,0.5648787617683411,0.4351212680339813
kat2,8396_78_content_uptodiff_kdd-cup-99-Analysis-machine-learning-python_kdd_binary_classification_ANN.py_cleaned.py,0,0,0.9871788024902344,0.012821214273571968
kat2,8402_8_content_FelixHuangX_Naive-Bayes-for-Text-Classification_Naivebayes_train.py_cleaned.py,0,0,0.9653811454772949,0.034618839621543884
kat2,8407_95_content_ravularohit_sms-spam-detection_spam_detection.py_cleaned.py,0,0,0.9804313778877258,0.019568676128983498
kat2,8650_12_content_cuhsat_practical_practical_test.py_cleaned.py,0,0,0.8539127111434937,0.14608724415302277
kat2,8657_16_content_rachwong_One-time-pad-code-_Word_guesser_2_.py_cleaned.py,0,0,0.9911527037620544,0.008847354911267757
kat2,8663_1_content_anthonyzhub_One-Time-Pad_One-Time_Pad.py_cleaned.py,0,1,0.043042849749326706,0.9569571614265442
kat2,8665_20_content_dexhug_ciphers_one_time_pad.py_cleaned.py,0,1,0.22000709176063538,0.7799928784370422
kat2,8672_27_content_aferaudo_xor_keyobtainer_xor_keyobtainer.py_cleaned.py,0,1,0.043691057711839676,0.956308901309967
kat2,8678_31_content_tobymyers_codingthematrix_orthogonalization.py_cleaned.py,0,1,0.44101086258888245,0.5589891076087952
kat2,8684_4_content_andreacanepa_Many-Time-Pad_cracker.py_cleaned.py,0,1,0.06512755155563354,0.9348725080490112
kat2,8690_7_content_anderspkd_broken-one-time-pad_somecode.py_cleaned.py,0,0,0.9536217451095581,0.046378206461668015
kat2,8932_1_content_Pranshu258_Crowd_Behavior_Analysis_outlierDetector.py_cleaned.py,0,1,0.08093671500682831,0.9190633296966553
kat2,8941_2_content_Rohit967_Outlier-Analysis-With-Python_OutlierAnalysis.py_cleaned.py,0,0,0.8774768114089966,0.12252321094274521
kat2,8948_5_content_harshdarji22_crypto_outlier.py_cleaned.py,0,0,0.9867772459983826,0.013222822919487953
kat2,9047_3_content_iykadev_pyalgo_ackermann_func.py_cleaned.py,0,0,0.8836382031440735,0.11636176705360413
kat2,9053_3_content_iykadev_pyalgo_binaryHeap.py_cleaned.py,0,1,0.15817435085773468,0.8418256044387817
kat2,9059_3_content_iykadev_pyalgo_bresenhams_line_algo.py_cleaned.py,0,0,0.9385759830474854,0.06142403930425644
kat2,9060_3_content_iykadev_pyalgo_bubbleSort.py_cleaned.py,0,0,0.5978426933288574,0.4021572768688202
kat2,9068_3_content_iykadev_pyalgo_fast_fourier_transform.py_cleaned.py,0,0,0.8338664174079895,0.1661335527896881
kat2,9073_3_content_iykadev_pyalgo_hashingHashTable.py_cleaned.py,0,1,0.21337716281414032,0.7866228222846985
kat2,9078_3_content_iykadev_pyalgo_lucas_lehmer_test.py_cleaned.py,0,0,0.5109845399856567,0.48901546001434326
kat2,9083_3_content_iykadev_pyalgo_shunting_yard_algo.py_cleaned.py,0,0,0.985042929649353,0.014957087114453316
kat2,9089_4_content_Ityer_3x3_Squared_Magic_Square_Finder_Current.py_cleaned.py,0,0,0.9915544390678406,0.008445627987384796
kat2,9345_17_content_galacticglum_polynomial-regression_poly_regression.py_cleaned.py,0,1,0.10894504189491272,0.8910549879074097
kat2,9351_31_content_NorahJC_RegressionAnalyses_MultReg.py_cleaned.py,0,1,0.26549944281578064,0.7345005869865417
kat2,9357_49_content_pranurs_regression-model_main.py_cleaned.py,0,1,0.10970577597618103,0.8902942538261414
kat2,9363_5_content_alisarmusa_House-Price-Estimation_housePriceEstimation.py_cleaned.py,0,0,0.9875683188438416,0.01243165135383606
kat2,9368_61_content_piyush-taneja_Salary-Predictor_Random_Forest_Regression.py_cleaned.py,0,1,0.3473156988620758,0.6526842713356018
kat2,9376_6_content_metintorunoglu_Polynomial-Linear-Regression_4_Polynomial_Regression.py_cleaned.py,0,0,0.9711290597915649,0.028870906680822372
kat2,9385_99_content_utkarshpaliwal9_Predicting-apt-Linear-Regression-Degree_model2.py_cleaned.py,0,0,0.9099069833755493,0.09009299427270889
kat2,9632_13_content_dannbleeker_SearchForPrimeNumbers_runPrimeSearch.py_cleaned.py,0,0,0.875361442565918,0.12463856488466263
kat2,9633_13_content_dannbleeker_SearchForPrimeNumbers_timerForIsPrime.py_cleaned.py,0,0,0.9901401400566101,0.00985985528677702
kat2,9638_17_content_txrp0x9_py_prime_number_primeno.py_cleaned.py,0,0,0.9793540239334106,0.020645931363105774
kat2,9647_23_content_cjonsmith_prime_calc_prime_days.py_cleaned.py,0,1,0.06418264657258987,0.9358173608779907
kat2,9654_27_content_AdamClarksCode_Primes_primesBetter.py_cleaned.py,0,0,0.9353464841842651,0.06465348601341248
kat2,9666_5_content_ebrahim-j_pRIME-nUMBERS_Test_GPN.py_cleaned.py,0,1,0.20561504364013672,0.7943849563598633
kat2,9673_8_content_lesscake_prime-numbers-eratosthenes_naive.py_cleaned.py,0,1,0.1037486270070076,0.896251380443573
kat2,9928_17_content_eirikeve_maze_utils.py_cleaned.py,0,1,0.043691057711839676,0.956308901309967
kat2,9936_22_content_mikaelharseno_DurianBot_scikitml.py_cleaned.py,0,1,0.19930800795555115,0.8006919622421265
kat2,9938_27_content_mskroar18_GraphWizard_edge.py_cleaned.py,0,0,0.9780517220497131,0.021948255598545074
kat2,9942_4_content_JosephFWright_Prims_Algorithm_main.py_cleaned.py,0,1,0.16667540371418,0.8333246111869812
kat2,9951_5_content_sjmcmullan_Prims-Algorithm_PrimsAlgorithms.py_cleaned.py,0,0,0.8433797955513,0.15662017464637756
kat2,9953_6_content_steviedale_random_maze_generator_main.py_cleaned.py,0,0,0.9852713346481323,0.014728613197803497
kat2,9959_7_content_Aly-Tomato_Prims-and-Kruskals_main.py_cleaned.py,0,1,0.1525365114212036,0.8474634885787964
kat2,9962_7_content_MadalinaMircea_GraphAlgorithms_StartApp.py_cleaned.py,0,0,0.9901401400566101,0.00985985528677702
kat2,9967_9_content_krj9cr_Hybrid-Prim-Dijkstra-GUI_MinQueue.py_cleaned.py,0,0,0.976669192314148,0.023330768570303917
kat2,10224_23_content_ymohanty_data-analysis_classifiers.py_cleaned.py,0,1,0.38606879115104675,0.6139311790466309
kat2,10230_34_content_Darkkyelfo_Replicacao-Artigo---Minimum-Classification-Error-PCA_main.py_cleaned.py,0,0,0.9915544390678406,0.008445627987384796
kat2,10231_36_content_arpan-ghosh_python-data-algorithms_LinearRelationshipFit.py_cleaned.py,0,0,0.9207897186279297,0.0792103260755539
kat2,10236_4_content_mahimanzum_PCA-and-GMM-from-scratch-_PCA_With_GMM.py_cleaned.py,0,1,0.2206781655550003,0.7793218493461609
kat2,10242_60_content_fabaloc_PCA_PCAstepbystep.py_cleaned.py,0,1,0.3182732164859772,0.6817267537117004
kat2,10252_7_content_work-nchc_PCAMN_pcamn_batch.py_cleaned.py,0,0,0.8255897164344788,0.17441026866436005
kat2,10257_8_content_kekastepanovic_Face-Gender-and-Age-Recognition-Using-Principal-Component-Analysis_Face_Gender_and_Age_Recognition.py_cleaned.py,0,0,0.987375020980835,0.012624949216842651
kat2,10262_93_content_djzgroup_Visual-basedCharacterEmbedding_word2vec_network.py_cleaned.py,0,1,0.14128142595291138,0.8587185740470886
kat2,10518_10_content_hmjansen_overflow-algorithm_overflow_algorithm.py_cleaned.py,0,1,0.04115288704633713,0.9588471055030823
kat2,10523_1_content_gasior213214123_Python-Queue-Simulation_queue.py_cleaned.py,0,0,0.9884918928146362,0.011508150026202202
kat2,10529_29_content_0517_QueueSimulation_simple_queue.py_cleaned.py,0,1,0.15203224122524261,0.8479677438735962
kat2,10534_35_content_PeterUpfold_simple-temp-queue-pusher_simple-temp-queue-pusher.py_cleaned.py,0,1,0.20882359147071838,0.791176438331604
kat2,10539_38_content_jeshan_dlq-to-telegram_configure-aws-cli.template.py_cleaned.py,0,1,0.03258974477648735,0.9674102663993835
kat2,10547_47_content_jeshan_lambda-default-dlq_generate-config.py_cleaned.py,0,1,0.05623634159564972,0.9437636137008667
kat2,10554_54_content_VishalPadme_Queue__Simple_Driver_Code_Queue_by_VP.py_cleaned.py,0,0,0.9924227595329285,0.007577240467071533
kat2,10560_61_content_lgphone_delay-queue_timer.py_cleaned.py,0,1,0.0534033328294754,0.9465966820716858
kat2,10566_9_content_cczzaa101_Queueing_with_AC_evaluate.py_cleaned.py,0,1,0.05877656117081642,0.9412234425544739
kat2,10808_11_content_TanaySinghal_SortingAlgorithms_sorts.py_cleaned.py,0,0,0.929440438747406,0.07055959850549698
kat2,10813_15_content_EtiennePerot_mm-tools_update-kodi.py_cleaned.py,0,1,0.2825919985771179,0.7174080014228821
kat2,10819_1_content_becurrie_py-sorts_sorter-runner.py_cleaned.py,0,1,0.1325145661830902,0.8674854040145874
kat2,10824_24_content_vijayant123_music-sortt_sort.py_cleaned.py,0,0,0.9911527037620544,0.008847354911267757
kat2,10831_29_content_flintlouis_Sorting_algo_mergesort.py_cleaned.py,0,0,0.6590760946273804,0.34092390537261963
kat2,10838_3_content_iRGBit_indexhelper_all_indexer.py_cleaned.py,0,0,0.5323035717010498,0.4676964282989502
kat2,10845_6_content_psavery_quick_sort_quick_sort.py_cleaned.py,0,0,0.8484706878662109,0.15152934193611145
kat2,11093_12_content_tristanang_DPifier_y_combinator.py_cleaned.py,0,0,0.9178933501243591,0.08210662752389908
kat2,11098_16_content_mor3dr3ad_gcdRecur_gdcRecur.py_cleaned.py,0,0,0.9902915358543396,0.009708477184176445
kat2,11101_18_content_Shweetz_TicTacToeSolver_solver.py_cleaned.py,0,0,0.8723474144935608,0.1276526302099228
kat2,11107_23_content_HakimdarC_Fibonacci-Sequence_fibfirst.py_cleaned.py,0,0,0.9263036847114563,0.07369627058506012
kat2,11112_27_content_michaelbauerinc_TowersOfHanoi_node.py_cleaned.py,0,1,0.04603390023112297,0.9539660811424255
kat2,11118_33_content_prabhatpal77_Complete-core-python-_dictcomp.py_cleaned.py,0,0,0.9859364032745361,0.014063626527786255
kat2,11126_38_content_davidcarrollnyc_Recursive_Python_WebScraper_BeautifulSoup_into_MongoDB_webscraper.py_cleaned.py,0,1,0.11201596260070801,0.8879840970039368
kat2,11136_7_content_Sbrown4321_Assignment_2_Assignment2.py_cleaned.py,0,1,0.38375675678253174,0.6162432432174683
kat2,11383_15_content_ihavenonickname_RSA_rsa.py_cleaned.py,0,1,0.03514484688639641,0.9648551344871521
kat2,11389_2_content_Nathan-Binkley_My_RSA_M_RSA.py_cleaned.py,0,0,0.9926542043685913,0.007345826365053654
kat2,11395_42_content_nadavgover_Cryptography_decrypt.py_cleaned.py,0,1,0.2206781655550003,0.7793218493461609
kat2,11401_53_content_ekaktusz_rsa-example_rsa.py_cleaned.py,0,1,0.05921025201678276,0.9407896995544434
kat2,11406_62_content_taabishm2_Proactive-FDH-RSA-Signature_proactivizer.py_cleaned.py,0,1,0.2422056347131729,0.7577943801879883
kat2,11412_74_content_minahabibm_RSA-2048-Encryption-Decryption_Decrypt.py_cleaned.py,0,0,0.9926542043685913,0.007345826365053654
kat2,11417_84_content_LatrecheYasser_Secure-Python-Chat_server.py_cleaned.py,0,0,0.8816148638725281,0.11838509887456894
kat2,11425_95_content_anurag423_Python-Project_eKeyGen.py_cleaned.py,0,0,0.7527403235435486,0.24725967645645142
kat2,11431_97_content_rusrom_cryptography_rsa_text_decrypt.py_cleaned.py,0,0,0.5291417241096497,0.47085827589035034
kat2,11687_13_content_chandimajayawickrama_Simple-Sorting-Algorithms_bubble_sort.py_cleaned.py,0,1,0.17441026866436005,0.8255897164344788
kat2,11696_18_content_algorithmproject_Selection_sort_scripts.py_cleaned.py,0,0,0.9915544390678406,0.008445627987384796
kat2,11698_1_content_becurrie_py-sorts_sorter-runner.py_cleaned.py,0,1,0.1325145661830902,0.8674854040145874
kat2,11706_26_content_AbdelrhmanKhater_Comparison-between-linked-list-and-array-during-using-selection-sort_GUI.py_cleaned.py,0,0,0.6649755239486694,0.3350244164466858
kat2,11711_29_content_cmccoypdx_PythonSortCompare_Generator.py_cleaned.py,0,0,0.9907320141792297,0.009268012829124928
kat2,11719_35_content_sviznyuk_pokemon-selection_select_pokemon.py_cleaned.py,0,0,0.9529258608818054,0.04707418009638786
kat2,11720_39_content_lorenzo3117_python-sorting-scripts_sortingScript.py_cleaned.py,0,0,0.9840936064720154,0.01590639166533947
kat2,11727_6_content_bradruck_Selection_Sort-python_Assignment_7-P12.2.py_cleaned.py,0,0,0.9899863600730896,0.010013571009039879
kat2,11731_9_content_naviechan_sortingAlgorithmDemo_main.py_cleaned.py,0,1,0.10894504189491272,0.8910549879074097
kat2,11975_2_content_umam006_steganografi-tugas_app.py_cleaned.py,0,0,0.9911527037620544,0.008847354911267757
kat2,12027_10_content_zpeterg_bmig_5003_count_words_getFile_test.py_cleaned.py,0,0,0.7892336845397949,0.21076630055904388
kat2,12033_13_content_preetidurai_Spam-Ham-Classification-using-NB-and-LR_NBHelper.py_cleaned.py,0,0,0.9500414729118347,0.049958523362874985
kat2,12034_14_content_ganigavinaya_NaiveBayes_MLAssignment.py_cleaned.py,0,0,0.7450275421142578,0.2549724578857422
kat2,12042_16_content_NB-prog_INTERN-2019_analogy_eval.py_cleaned.py,0,1,0.05184547230601311,0.9481545686721802
kat2,12048_17_content_AnirbanMajumder_Topic-Modeling-using-LDA_Topic_Modeling_using_LDA.py_cleaned.py,0,0,0.8887587189674377,0.11124120652675629
kat2,12055_22_content_mikpim01_Python-NLTK_task_stopword_removal.py_cleaned.py,0,1,0.037326883524656296,0.9626730680465698
kat2,12062_28_content_vinaykumarbu_sentiment-analysis-deeplearning_tweet.py_cleaned.py,0,0,0.9891815781593323,0.010818447917699814
kat2,12070_5_content_JoseAntonioMora_StopWords_Stopwords.py_cleaned.py,0,0,0.6199315786361694,0.38006842136383057
kat2,12075_7_content_satyammittal_IRE-Stopping-Words_hindi.py_cleaned.py,0,0,0.9738444089889526,0.02615562081336975
kat2,12327_1_content_vuolleko_pyTSNE_data.py_cleaned.py,0,0,0.8484706878662109,0.15152934193611145
kat2,12385_11_content_Masao-Taketani_text_classification_with_alexa_webapi.py_cleaned.py,0,1,0.14128142595291138,0.8587185740470886
kat2,12393_24_content_SajjadAemmi_Text-Summarization_main.py_cleaned.py,0,1,0.21733751893043518,0.7826625108718872
kat2,12394_25_content_HunterXuan_QAMatch_search.py_cleaned.py,0,1,0.3191213607788086,0.6808785796165466
kat2,12402_40_content_Shikhar-S_Search-TF-IDF_graph_script.py_cleaned.py,0,0,0.9919379353523254,0.00806199200451374
kat2,12408_53_content_rghv404_Language_identification_make_predictions.py_cleaned.py,0,1,0.26971012353897095,0.730289876461029
kat2,12413_58_content_zhaoyichanghong_machine_learing_algo_python_fuzzy_c_means.py_cleaned.py,0,1,0.14175599813461304,0.858244001865387
kat2,12419_64_content_clover978_text_classfication_xgb.py_cleaned.py,0,1,0.15456733107566833,0.845432698726654
kat2,12425_72_content_SreekarJammula_tf-idf-_asst2_part2_1.py_cleaned.py,0,0,0.9881309270858765,0.011869121342897415
kat2,12683_13_content_gissimo_nsc_do_nsc.py_cleaned.py,0,0,0.8509646654129028,0.1490352898836136
kat2,12687_16_content_aplested_verify_PlotParam.py_cleaned.py,0,0,0.8464508652687073,0.1535491794347763
kat2,12692_23_content_aniket-gaikwad_Applied-Machine-learning-Project---Fall-2014_Boostrap.py_cleaned.py,0,0,0.9916841983795166,0.008315779268741608
kat2,12697_2_content_facebookresearch_reward-estimator-corl_configurations_continuous_sparse.py_cleaned.py,0,1,0.19253936409950256,0.8074606657028198
kat2,12702_35_content_facundoq_rotational_variance_experiment_accuracy_vs_rotation.py_cleaned.py,0,1,0.13206614553928375,0.8679338097572327
kat2,12705_35_content_XiaoCode-er_image-digital-express_cluster_pic.py_cleaned.py,0,0,0.7287483215332031,0.27125170826911926
kat2,12716_53_content_awaisakram64_Statistic_operat_operation.py_cleaned.py,0,0,0.9539660811424255,0.04603390023112297
kat2,12722_67_content_4ntoined_cosmicvariance_comovingvolume2.0.py_cleaned.py,0,0,0.9918121099472046,0.008187909610569477
kat2,12729_88_content_hfk97_VaR_VaR.py_cleaned.py,0,1,0.2798285186290741,0.7201715111732483
kat2,12983_11_content_namelessfintech_python-web-scraping_c10_advanced_link_crawler.py_cleaned.py,0,1,0.06052938848733902,0.9394705891609192
kat2,12989_14_content_Bakhtiyar-Garashov_IMDB_Movies_Ratings_Project.py_cleaned.py,0,0,0.7697732448577881,0.23022675514221191
kat2,12995_20_content_ArnoldKuo_scraper_scrape_anime.py_cleaned.py,0,1,0.2635993957519531,0.7364006042480469
kat2,12997_21_content_DaSunnySide_Stock-Analysis_jsonpractice.py_cleaned.py,0,0,0.9793540239334106,0.020645931363105774
kat2,13004_2_content_chuksleo_web-scraping-beautifulsoup-flask_test.py_cleaned.py,0,1,0.0960254967212677,0.9039745330810547
kat2,13009_34_content_subhendu01_Web-Scraping_imdb_multi_pagescapping.py_cleaned.py,0,0,0.9111796617507935,0.08882028609514236
kat2,13015_39_content_jschriemer_Tennis-Tweets_web.py_cleaned.py,0,1,0.11920291930437088,0.8807970285415649
kat2,13020_40_content_Grijesh-Chauhan_aadhaar_webrequests.py_cleaned.py,0,1,0.08151975274085999,0.9184802770614624
kat2,13027_45_content_umtpfe_Projet-scrapy_rotprox3.py_cleaned.py,0,0,0.5509093999862671,0.4490906000137329
kat2,13032_51_content_palashjboro_Web_Scraping_weather_info.py_cleaned.py,0,0,0.9241418242454529,0.07585817575454712
kat2,13037_60_content_Ksyula_Multithreading-Scraping-in-Python_main.py_cleaned.py,0,0,0.9621075391769409,0.0378924235701561
kat2,13043_66_content_furkanturkn_python-beautifulsoup-take-news-post-from-the-site_take_news.py_cleaned.py,0,0,0.9912885427474976,0.008711383678019047
kat2,13048_74_content_jrathin_Web-Scraping_injury.py_cleaned.py,0,0,0.9881309270858765,0.011869121342897415
kat2,13054_78_content_hsauers5_OptionsScraper_main.py_cleaned.py,0,0,0.5030517578125,0.4969483017921448
kat2,13059_82_content_rsmath_Personal-Bot_authenticate.py_cleaned.py,0,1,0.06560482829809189,0.9343951344490051
kat2,13066_8_content_ianmartensen_StockBot_discordStockbot.py_cleaned.py,0,1,0.09739039838314056,0.9026095867156982
kat2,13071_94_content_verma1997_Scraping-Scripts_paytm_offers.py_cleaned.py,0,0,0.9896718263626099,0.010328153148293495
kat2,13076_97_content_VangaPoornaChand_Web-Scraping-Collections__1__Flipkart_Web_Scraping.py_cleaned.py,0,0,0.6083614230155945,0.3916385769844055
kat2,150_v3_11_content_rdafr_AES-Crypto-and-serial-communication_write.py_cleaned.py,1,1,0.03704717382788658,0.9629528522491455
kat2,151_v3_11_content_reo11_aes-for-japanese-learner_predict_with_bert.py_cleaned.py,1,1,0.04922211915254593,0.9507778882980347
kat2,156_v3_13_content_vatsal-rooprai_Image-Aesthetic-Evaluation_test_network.py_cleaned.py,1,1,0.032344330102205276,0.9676556587219238
kat2,158_v3_14_content_user0198_aes-256-CBC_aes256.py_cleaned.py,1,1,0.034618839621543884,0.9653811454772949
kat2,160_v3_15_content_Dhruv-Panchal_AES_socket_GUI_decryptor.py_cleaned.py,1,1,0.05223085358738899,0.9477691650390625
kat2,164_v3_17_content_pandaychen_AES_udpserver_aes_udpserver.py_cleaned.py,1,1,0.030444350093603134,0.9695556163787842
kat2,167_v3_19_content_Gorresio_easyAES256_easyAES256.py_cleaned.py,1,1,0.04084571823477745,0.9591543078422546
kat2,174_v3_23_content_raditya2098_AES-Symmetric-key-algorithm_AES-an.py_cleaned.py,1,1,0.03138043358922005,0.9686195850372314
kat2,177_v3_4_content_HamzaMhirsi_Chat-Server-Client-Python-AES-SHA_server.py_cleaned.py,1,1,0.0333368219435215,0.966663122177124
kat2,187_v3_7_content_denisyarats_pytorch_sac_ae_train.py_cleaned.py,1,1,0.07107366621494293,0.9289263486862183
kat2,192_v3_9_content_john-salman_ECB_decryption_ECB.py_cleaned.py,1,1,0.03541072458028793,0.9645892381668091
kat2,441_v3_11_content_SabikAbtahee_Apriori-Implementation_AprioriAlgorithm.py_cleaned.py,1,1,0.03514484688639641,0.9648551344871521
kat2,449_v3_14_content_wiktorjl_algorithm-apriori_apriori.py_cleaned.py,1,1,0.03622005879878998,0.9637799859046936
kat2,458_v3_3_content_manishjathan_Money-laundering-Detection-System_DisconnectedGraphs.py_cleaned.py,1,1,0.03384403511881828,0.966156005859375
kat2,464_v3_5_content_aaronzira_apriori_miner.py_cleaned.py,1,1,0.03704717382788658,0.9629528522491455
kat2,470_v3_7_content_DMDarkness_Data-mining_Example_pyarmga.py_cleaned.py,1,1,0.038178276270627975,0.9618217349052429
kat2,474_v3_8_content_BhushanVM_Market-Basker-Analyzer_son_spark.py_cleaned.py,1,1,0.0384661927819252,0.961533784866333
kat2,725_v3_14_content_gubo2012_hybrid-ARIMA-LSTM-model_hybrid_ARIMA_LSTM_model.py_cleaned.py,1,1,0.05070536211133003,0.9492946267127991
kat2,731_v3_19_content_kinetic-cipher_auto_arima_auto_arima_test.py_cleaned.py,1,1,0.038178276270627975,0.9618217349052429
kat2,735_v3_1_content_sadnessFree_arima-lstm_combine-svm.py_cleaned.py,1,1,0.30611202120780945,0.6938879489898682
kat2,740_v3_1_content_sadnessFree_arima-lstm_muilt_lstm.py_cleaned.py,1,1,0.06954174488782883,0.9304582476615906
kat2,745_v3_28_content_yifan0330_stock-trader_stocktrader.py_cleaned.py,1,1,0.05460060387849808,0.9453993439674377
kat2,746_v3_28_content_yifan0330_stock-trader_stocktrade_final.py_cleaned.py,1,1,0.03567855432629585,0.9643214344978333
kat2,752_v3_2_content_yyqcs_time-series-model_encoder_decoder_full.py_cleaned.py,1,1,0.05623634159564972,0.9437636137008667
kat2,758_v3_37_content_bouziane-meed_time-series-forcasting-using-ARIMA_app.py_cleaned.py,1,0,0.9381240010261536,0.06187598407268524
kat2,763_v3_48_content_harishchellappa_Time-Series-Analysis-Bike-Sharing-Demand-Forecasting_forecasting_2.py_cleaned.py,1,1,0.04707418009638786,0.9529258608818054
kat2,1015_v3_1_content_dedeco_dijkstra-bellman-ford_grafo.py_cleaned.py,1,1,0.03541072458028793,0.9645892381668091
kat2,1022_v3_1_content_dedeco_dijkstra-bellman-ford_utils.py_cleaned.py,1,1,0.03993731737136841,0.9600626826286316
kat2,1030_v3_2_content_cvwilliams_BellmanFord-Python_client.py_cleaned.py,1,1,0.03185885772109032,0.9681411385536194
kat2,1037_v3_3_content_pedrobemer_BellmanFord_bellman-ford.py_cleaned.py,1,1,0.04023794084787369,0.9597620368003845
kat2,1044_v3_4_content_Khante_Distance-Vector-Algorithm_simulation_1.py_cleaned.py,1,1,0.07211220264434814,0.9278878569602966
kat2,1047_v3_4_content_rcornacchia_bellman-ford_bfclient.py_cleaned.py,1,1,0.03676946461200714,0.963230550289154
kat2,1054_v3_7_content_ardyerwanda_SDN-Bellman-Ford-Pyretic_routebellman.py_cleaned.py,1,1,0.03594832494854927,0.9640516638755798
kat2,1061_v3_7_content_jimmygzp_bellman-ford_testclient.py_cleaned.py,1,1,0.07004895806312561,0.929951012134552
kat2,1301_v3_1_content_speix_8-puzzle-solver_state.py_cleaned.py,1,1,0.043042849749326706,0.9569571614265442
kat2,1306_v3_29_content_MEShufengRen_path_search_debug2.py_cleaned.py,1,1,0.04115288704633713,0.9588471055030823
kat2,1312_v3_33_content_Nazar910_chameleon-problem_state.py_cleaned.py,1,1,0.07978201657533646,0.9202179908752441
kat2,1318_v3_44_content_suzheng123_BFS_N-aryTreeLevel.py_cleaned.py,1,1,0.03308597952127457,0.9669140577316284
kat2,1324_v3_52_content_seanluo1_Arm-Link-AI_const.py_cleaned.py,1,1,0.04569203406572342,0.954308032989502
kat2,1329_v3_6_content_raghavgr_Go-Game_gridGo.py_cleaned.py,1,1,0.05834583565592766,0.9416541457176208
kat2,1336_v3_8_content_aboood40091_BFSTM-to-BFWAV_conv.py_cleaned.py,1,1,0.12808823585510254,0.8719117641448975
kat2,1339_v3_8_content_haozou-official_DFS-BFS-in-Maze_myqueue.py_cleaned.py,1,1,0.03567855432629585,0.9643214344978333
kat2,1583_v3_19_content_BhargavAllarapu_Binary-Search-tree_binarySearchTree.py_cleaned.py,1,1,0.03676946461200714,0.963230550289154
kat2,1589_v3_22_content_N8Brooks_lcs_hash_search_parallel_hash_search.py_cleaned.py,1,1,0.0838903859257698,0.9161096215248108
kat2,1594_v3_2_content_nuchi_bst-matrix-vector_bst_vector.py_cleaned.py,1,1,0.057918086647987366,0.942081868648529
kat2,1596_v3_31_content_sheffieldjordan_binarySearchTree_BST.py_cleaned.py,1,1,0.05184547230601311,0.9481545686721802
kat2,1602_v3_3_content_Mushahar_Binary-Search-Tree-Python-_node.py_cleaned.py,1,1,0.05541279539465904,0.944587230682373
kat2,1608_v3_47_content_mathwoods_binseqcomp_binseqcomp.py_cleaned.py,1,1,0.03622005879878998,0.9637799859046936
kat2,1614_v3_61_content_EricHasegawa_binary-search_binary_search.py_cleaned.py,1,1,0.03384403511881828,0.966156005859375
kat2,1621_v3_7_content_j2kun_binary-search-graphs_dijkstra.py_cleaned.py,1,1,0.03541072458028793,0.9645892381668091
kat2,1862_v3_17_content_CHINAJR_BinaryTree_biggestsubBSTtree.py_cleaned.py,1,1,0.0378924235701561,0.9621075391769409
kat2,1873_v3_28_content_bangarangler_binary_search_trees_binary_search_trees.py_cleaned.py,1,1,0.05665242671966553,0.9433475732803345
kat2,1878_v3_35_content_riccardobisori_Binary-Trees_ResultsInsert.py_cleaned.py,1,1,0.0384661927819252,0.961533784866333
kat2,1884_v3_45_content_gio-salvador_tree_exercise_python_tree.py_cleaned.py,1,1,0.03358950465917587,0.9664104580879211
kat2,1889_v3_58_content_Deborah-byte_data-strictures-and-algorithms_binary-search-tree-algo.py_cleaned.py,1,1,0.043691057711839676,0.956308901309967
kat2,1895_v3_61_content_hlalit_Data-Structures-Python_BinaryTree.py_cleaned.py,1,1,0.034618839621543884,0.9653811454772949
kat2,1901_v3_84_content_mhb8898_bst_bst.py_cleaned.py,1,1,0.12378869205713272,0.8762113451957703
kat2,2146_v3_17_content_qwarlock_python-bubble-sort_bubble_sort.py_cleaned.py,1,1,0.03283695504069328,0.9671630263328552
kat2,2151_v3_26_content_naviechan_sortingAlgorithmDemo_main.py_cleaned.py,1,1,0.03649376705288887,0.9635062217712402
kat2,2152_v3_27_content_gcmurillo_sortingAlgorithmsComparation_quickSort.py_cleaned.py,1,1,0.03934250399470329,0.9606574773788452
kat2,2155_v3_2_content_evinw_bubble_sort_bub.py_cleaned.py,1,1,0.03760863468050957,0.9623913168907166
kat2,2160_v3_3_content_Frogboxe_BubbleSort_GapiExtend.py_cleaned.py,1,1,0.04054073989391327,0.9594592452049255
kat2,2166_v3_49_content_Darren-Drapkin_RippleSort-with-chains_RippleSort-with-chains.py_cleaned.py,1,1,0.04084571823477745,0.9591543078422546
kat2,2171_v3_57_content_Wwicked_Bubble-sort-visualization_main.py_cleaned.py,1,1,0.043042849749326706,0.9569571614265442
kat2,2177_v3_68_content_pierobeat_Beginner-bubble-sort-py_bubble_sort.py_cleaned.py,1,1,0.046378206461668015,0.9536217451095581
kat2,2183_v3_79_content_lorenzo3117_python-sorting-scripts_sortingScript.py_cleaned.py,1,1,0.03567855432629585,0.9643214344978333
kat2,2189_v3_9_content_noumanmalik960_bubbleSort_bubbleSort.py_cleaned.py,1,1,0.049958523362874985,0.9500414729118347
kat2,2435_v3_16_content_hungapp_big_o_06-09.py_cleaned.py,1,1,0.05834583565592766,0.9416541457176208
kat2,2440_v3_1_content_DaruniasJoy_OoT-Custom-Sequences_Check_for_Duplicates.py_cleaned.py,1,1,0.03258974477648735,0.9674102663993835
kat2,2448_v3_26_content_Emersonxuelinux_One_Big_Archive_Listing_18-2.py_cleaned.py,1,1,0.06512755155563354,0.9348725080490112
kat2,2456_v3_35_content_ankitsejwal_organize-folder_organize.py_cleaned.py,1,1,0.029986508190631866,0.9700134992599487
kat2,2463_v3_56_content_lijionline_Big-Data---Hands-On_movie-similarities-1m.py_cleaned.py,1,1,0.032344330102205276,0.9676556587219238
kat2,2472_v3_5_content_anguillanneuf_bigO_89_license_plate.py_cleaned.py,1,1,0.03622005879878998,0.9637799859046936
kat2,2480_v3_85_content_leandrocamara_map-reduce-words-higher-occurrence_words-higher-occurrence.py_cleaned.py,1,1,0.14414885640144348,0.8558511734008789
kat2,2731_v3_10_content_mohamedScikitLearn_Information-retrieval--Text-mining-_Version_2.py_cleaned.py,1,1,0.0427221953868866,0.957277774810791
kat2,2736_v3_1_content_abdullahwaqar_docsearx_pdf_reader.py_cleaned.py,1,1,0.0384661927819252,0.961533784866333
kat2,2741_v3_1_content_HarryBaker_LDAtopicSimilarity_modelTranslator.py_cleaned.py,1,1,0.04922211915254593,0.9507778882980347
kat2,2742_v3_1_content_HarryBaker_LDAtopicSimilarity_similaritySpike.py_cleaned.py,1,1,0.03934250399470329,0.9606574773788452
kat2,2750_v3_2_content_ZatinMe_Python-Search-engine_buildindex.py_cleaned.py,1,1,0.04084571823477745,0.9591543078422546
kat2,2757_v3_4_content_heaven00_cosine_similarities_vsm.py_cleaned.py,1,1,0.03567855432629585,0.9643214344978333
kat2,2766_v3_7_content_syedshameersarwar_DocumentSimilarityChecker_pdfReader.py_cleaned.py,1,1,0.03993731737136841,0.9600626826286316
kat2,2771_v3_9_content_canonicalmg_FAQ-Chat-Bot_main.py_cleaned.py,1,1,0.03258974477648735,0.9674102663993835
kat2,3011_v3_14_content_bkdwei_kdDesktopAssistant_install_script.py_cleaned.py,1,1,0.038178276270627975,0.9618217349052429
kat2,3016_v3_20_content_learn-co-students_applying-gradient-descent-lab-dc-ds-career-042219_linear_equations.py_cleaned.py,1,1,0.03488088771700859,0.9651191234588623
kat2,3021_v3_26_content_1970633640_Design-and-Analysis-of-Algorithm_ex7.py_cleaned.py,1,1,0.21272224187850952,0.7872777581214905
kat2,3027_v3_35_content_fireclawthefox_DirectGuiDesigner_setup_p3d.py_cleaned.py,1,1,0.06705628335475922,0.9329437017440796
kat2,3031_v3_52_content_jitunayak_Tensorflow-object-recognition-GUI-DesktopApp_face_crop.py_cleaned.py,1,1,0.031618766486644745,0.9683812260627747
kat2,3037_v3_75_content_acoollevel_desktop-clock_clock.py_cleaned.py,1,1,0.03308597952127457,0.9669140577316284
kat2,3045_v3_8_content_usmanali414_Destruction-Detection-in-Satellite-Imagery_augmentation.py_cleaned.py,1,1,0.03358950465917587,0.9664104580879211
kat2,3048_v3_92_content_FranzScheerer_DES_e_.py_cleaned.py,1,1,0.2995148301124573,0.7004852294921875
kat2,3296_v3_13_content_tiendung1510_LearningPython_ucs.py_cleaned.py,1,1,0.048136770725250244,0.9518632292747498
kat2,3302_v3_1_content_akhilesh1311_MazeSolver_q3.py_cleaned.py,1,1,0.03704717382788658,0.9629528522491455
kat2,3314_v3_44_content_sharyudeshmukh_Pacman_temp.py_cleaned.py,1,0,0.5128145813941956,0.48718541860580444
kat2,3316_v3_48_content_ethanZHY_Crawler_BFS_DFS_Python3_Crawling_Doc.py_cleaned.py,1,1,0.04569203406572342,0.954308032989502
kat2,3321_v3_68_content_mvivancq_DfsSudokuSolver_bfs.py_cleaned.py,1,1,0.03541072458028793,0.9645892381668091
kat2,3326_v3_73_content_elados93_AI_Ex1_BFS.py_cleaned.py,1,1,0.030675798654556274,0.9693241715431213
kat2,3331_v3_83_content_habibz2196_bfs-dan-dfs-_bfs_dan_dfs_kuda_skak.py_cleaned.py,1,1,0.03963884338736534,0.9603611826896667
kat2,3336_v3_8_content_Omig12_dfs_delete.py_cleaned.py,1,1,0.032344330102205276,0.9676556587219238
kat2,3340_v3_9_content_singgihnft_BFS-and-DFS_Breadth_First_Search.py_cleaned.py,1,1,0.04115288704633713,0.9588471055030823
kat2,3591_v3_15_content_DrMMZ_Diffie-Hellman_DH.py_cleaned.py,1,1,0.4527778923511505,0.5472221374511719
kat2,3597_v3_21_content_swawibe_pyDH_Client.py_cleaned.py,1,1,0.03283695504069328,0.9671630263328552
kat2,3606_v3_26_content_bahadircolak44_EllipticCurve_PointAddition.py_cleaned.py,1,1,0.03567855432629585,0.9643214344978333
kat2,3611_v3_2_content_vineetkia_Fundamentals-Of-Cryptography__6_-Columnar_Transposition.py_cleaned.py,1,1,0.169956237077713,0.8300437331199646
kat2,3618_v3_43_content_wilson9001_DHKeyExchange_DH.py_cleaned.py,1,1,0.030908960849046707,0.9690910577774048
kat2,3625_v3_60_content_dunglq2000_chatbox-encrypt_client.py_cleaned.py,1,1,0.05033063143491745,0.949669361114502
kat2,3631_v3_71_content_logyball_public_private_encryption_driver.py_cleaned.py,1,1,0.039048291742801666,0.9609517455101013
kat2,3878_v3_10_content_tjazerzen_a_star_algorithm_helper_functions.py_cleaned.py,1,1,0.03384403511881828,0.966156005859375
kat2,3884_v3_14_content_jonathanchang97_ThatsJustTheWazeItIs_car.py_cleaned.py,1,1,0.03993731737136841,0.9600626826286316
kat2,3892_v3_1_content_shkolovy_path-finder-algorithms_b_star.py_cleaned.py,1,1,0.03622005879878998,0.9637799859046936
kat2,3897_v3_26_content_faisalkhan91_Dijkstras-Algorithm_DijkstrasAlgo.py_cleaned.py,1,1,0.04146227240562439,0.9585376977920532
kat2,3902_v3_39_content_hamidaucc_Link-state-protocol-in-python_Test.py_cleaned.py,1,1,0.032344330102205276,0.9676556587219238
kat2,3910_v3_53_content_KaiFly_Xemina2_DijkstraSP_GraphDrawing.py_cleaned.py,1,1,0.03934250399470329,0.9606574773788452
kat2,3913_v3_66_content_KarlaFlorentino_Dijkstra_dijkstra.py_cleaned.py,1,1,0.03993731737136841,0.9600626826286316
kat2,3916_v3_88_content_andreaestrada_mazecrawler_powerupPiles.py_cleaned.py,1,1,0.043365802615880966,0.9566342234611511
kat2,4170_v3_13_content_lev1nyo_Spotify-Best-before-task_parse_dates.py_cleaned.py,1,1,0.03258974477648735,0.9674102663993835
kat2,4174_v3_17_content_bhushankorpe_Fizz_Buzz_Fibonacci_Fizz_Buzz_Fibonacci.py_cleaned.py,1,1,0.034358687698841095,0.9656413197517395
kat2,4179_v3_22_content_Phillyclause89_ANIMAL_Quiz_ANIMAL.py_cleaned.py,1,1,0.03934250399470329,0.9606574773788452
kat2,4181_v3_27_content_SethEggerRocks_WakingMoments_wakingWidgets.py_cleaned.py,1,1,0.04603390023112297,0.9539660811424255
kat2,4187_v3_4_content_captainACE_python-ADVANCEMATH-lib_lineq.py_cleaned.py,1,1,0.034358687698841095,0.9656413197517395
kat2,4193_v3_5_content_AdamJacoby_Hopf_Example_CyclicGroup.py_cleaned.py,1,1,0.03541072458028793,0.9645892381668091
kat2,4197_v3_5_content_AdamJacoby_Hopf_Frobenius_Divisibility_Algorithm.py_cleaned.py,1,1,0.04742587357759476,0.9525741338729858
kat2,4206_v3_7_content_deawpic_math01_compute2.py_cleaned.py,1,1,0.03567855432629585,0.9643214344978333
kat2,4211_v3_8_content_leocarr_smallestmultiple_smallestmult.py_cleaned.py,1,1,0.0384661927819252,0.961533784866333
kat2,4451_v3_13_content_FN-HD_Elliptic_Curve_Cryptography_Main.py_cleaned.py,1,0,0.5283965468406677,0.47160348296165466
kat2,4459_v3_19_content_tanishqjasoria_elliptic_curve_cryptography_mod.py_cleaned.py,1,1,0.0384661927819252,0.961533784866333
kat2,4461_v3_20_content_UAvinash7_Cryptography_DigitalSignature.py_cleaned.py,1,1,0.030444350093603134,0.9695556163787842
kat2,4467_v3_27_content_ayaar25_elgamalecceg_pointoperatorecc.py_cleaned.py,1,1,0.06371499598026276,0.9362850189208984
kat2,4473_v3_2_content_johndoe31415_toyecc_ed25519test.py_cleaned.py,1,1,0.030214589089155197,0.9697853922843933
kat2,4478_v3_4_content_bward_ecc_signatures.py_cleaned.py,1,1,0.03138043358922005,0.9686195850372314
kat2,4628_v3_11_content_harishchellappa_Time-Series-Analysis-Bike-Sharing-Demand-Forecasting_forecasting_2.py_cleaned.py,1,1,0.11357959359884262,0.8864204287528992
kat2,4632_v3_2_content_kristpapadopoulos_keras-exponential-smoothing_main.py_cleaned.py,1,1,0.03567855432629585,0.9643214344978333
kat2,4638_v3_6_content_morekeysjr_TechHubZambia_Project.py_cleaned.py,1,1,0.04054073989391327,0.9594592452049255
kat2,4643_v3_9_content_Soumyabrata_predicting-pwv_read_matfile.py_cleaned.py,1,1,0.04569203406572342,0.954308032989502
kat2,4826_v3_19_content_bowiechen_FactorialDigitsSum_Counter.py_cleaned.py,1,1,0.04023794084787369,0.9597620368003845
kat2,4832_v3_2_content_CthulhuDen_Factorials_slaves.py_cleaned.py,1,1,0.03760863468050957,0.9623913168907166
kat2,4838_v3_3_content_Misael89_Programacion-Ejercicios_Promedio.py_cleaned.py,1,1,0.03384403511881828,0.966156005859375
kat2,4841_v3_4_content_moduloone_QualtricsFactorialVignettes_questiongen.py_cleaned.py,1,1,0.05146276578307152,0.9485372304916382
kat2,4845_v3_51_content_adityapatelgithub_Expressions-and-Functions_evaluate.py_cleaned.py,1,1,0.29380956292152405,0.7061904072761536
kat2,4851_v3_5_content_brown9804_Python_DiversosAlgortimos_JuegoGato_XO.py_cleaned.py,1,1,0.034358687698841095,0.9656413197517395
kat2,4858_v3_91_content_MerliX_async-factorial_server.py_cleaned.py,1,1,0.03993731737136841,0.9600626826286316
kat2,4862_v3_97_content_mjurk456_mini-snakes_pesel.py_cleaned.py,1,1,0.04535257816314697,0.954647421836853
kat2,5104_v3_10_content_jhreinholdt_fibonacci-sequence_fibonacci_sequence.py_cleaned.py,1,1,0.03185885772109032,0.9681411385536194
kat2,5111_v3_14_content_Alexander35_fibonacci_sequence_fibonacci.py_cleaned.py,1,1,0.10521053522825241,0.894789457321167
kat2,5120_v3_44_content_nathanthomashoang_fibonacci-sequence-recursive_fibonacci_recursive.py_cleaned.py,1,1,0.027376487851142883,0.9726234674453735
kat2,5125_v3_4_content_razaHamdani_Fibonacci-ish-Sequence_fib.py_cleaned.py,1,1,0.03283695504069328,0.9671630263328552
kat2,5131_v3_61_content_AaronRobson_sequences_decorators.py_cleaned.py,1,0,0.8534248471260071,0.1465752124786377
kat2,5137_v3_62_content_arenart90_fsm-python_fsm.py_cleaned.py,1,1,0.3796083331108093,0.6203916072845459
kat2,5141_v3_79_content_s1ssagar_fibonacci-finding-easy_fibonacci-finding-easy.py_cleaned.py,1,1,0.032344330102205276,0.9676556587219238
kat2,5146_v3_99_content_MatheusMuriel_ProgramacaoDinamica_Memoria.py_cleaned.py,1,1,0.03541072458028793,0.9645892381668091
kat2,5356_v3_12_content_AtahanCelebi_Shortest-Route-with-Floyd-Warshall-Algorithm_map_distance.py_cleaned.py,1,1,0.03704717382788658,0.9629528522491455
kat2,5357_v3_12_content_byu014_all-pairs-shortest-path_allPairsShortestPath.py_cleaned.py,1,1,0.04885777831077576,0.9511421918869019
kat2,5363_v3_14_content_arnaudperalta_py_graphpath___main__.py_cleaned.py,1,1,0.03676946461200714,0.963230550289154
kat2,5368_v3_1_content_smbanaie_floyd-warshall-python_Main.py_cleaned.py,1,1,0.04958902671933174,0.9504110217094421
kat2,5375_v3_5_content_jzell001_Bellman_Ford_Floyd_Warshall_._c9_invoke_zARza2.py_cleaned.py,1,1,0.042087726294994354,0.957912266254425
kat2,5383_v3_8_content_andersonlthome_floyd-warshall-algorithm_floyd_warshall.py_cleaned.py,1,1,0.08210662752389908,0.9178933501243591
kat2,5604_v3_15_content_sharonWU0505_Hierarchical-Clustering-of-Facebook-Fan-Pages_Preprocess_tf.py_cleaned.py,1,1,0.03210070729255676,0.9678993225097656
kat2,5610_v3_21_content_jakubsilhavy_mhhc_data_prep_LLS.py_cleaned.py,1,1,0.05582313984632492,0.9441768527030945
kat2,5617_v3_2_content_zalayo_Hierarchical-Linkage-Regression_HLRlinkages.py_cleaned.py,1,1,0.16451644897460938,0.8354835510253906
kat2,5625_v3_44_content_IQbrod_Hierarchical-clustering_parthieragglo.py_cleaned.py,1,1,0.04054073989391327,0.9594592452049255
kat2,5630_v3_50_content_mrugankray_Hierarchical_Clustering_hierarchichal_clustering.py_cleaned.py,1,1,0.04054073989391327,0.9594592452049255
kat2,5635_v3_55_content_siddbhatia07_MACHINE-LEARNING_Simple_linear_regression.py_cleaned.py,1,1,0.04603390023112297,0.9539660811424255
kat2,5639_v3_61_content_cthorrez_deepsetLinkage_baselines.py_cleaned.py,1,1,0.034100428223609924,0.9658995866775513
kat2,5644_v3_70_content_metr0jw_video-liveness-measurement_video_cut_bts.py_cleaned.py,1,1,0.06233103945851326,0.9376689791679382
kat2,5649_v3_9_content_mgarasz_DTW-Cryptocurrencies_crypto_scrape_helper.py_cleaned.py,1,1,0.03760863468050957,0.9623913168907166
kat2,5894_v3_13_content_ctao5660_huffman-tree_huffmancompression.py_cleaned.py,1,1,0.03875619173049927,0.961243748664856
kat2,5900_v3_16_content_MiKoronjoo_Python-Huffman-coding_decoding.py_cleaned.py,1,1,0.03358950465917587,0.9664104580879211
kat2,5905_v3_1_content_bhrigu123_huffman-coding_huffman.py_cleaned.py,1,1,0.03934250399470329,0.9606574773788452
kat2,5909_v3_20_content_maganoegi_huffman_decompressor_decomp_PLATONOV_MPACKO.py_cleaned.py,1,1,0.049958523362874985,0.9500414729118347
kat2,5915_v3_24_content_MariosPitsali_algorithms-practice_ducks.py_cleaned.py,1,1,0.03594832494854927,0.9640516638755798
kat2,5922_v3_32_content_rihartma_huffmanCoding_files.py_cleaned.py,1,1,0.03488088771700859,0.9651191234588623
kat2,5927_v3_3_content_xiekch_Adaptive-Huffman-Coding_test.py_cleaned.py,1,1,0.03676946461200714,0.963230550289154
kat2,5932_v3_52_content_blaynewagner_Huffman-Encoder_huffman_tests.py_cleaned.py,1,1,0.052618954330682755,0.9473810195922852
kat2,6179_v3_18_content_o-az_Insertion-vs-Merge_MergeSort.py_cleaned.py,1,1,0.04023794084787369,0.9597620368003845
kat2,6190_v3_24_content_lesdev_SortingMethods_merge.py_cleaned.py,1,1,0.10743747651576996,0.8925625681877136
kat2,6194_v3_24_content_lesdev_SortingMethods_sequential.py_cleaned.py,1,1,0.08210662752389908,0.9178933501243591
kat2,6198_v3_30_content_rogerdenisvieira_bidirectional-conditional-insertion-sort_data_generator.py_cleaned.py,1,1,0.031143832951784134,0.9688562154769897
kat2,6201_v3_31_content_homeowmorphism_list-sorting-algorithms_quicksort.py_cleaned.py,1,1,0.03488088771700859,0.9651191234588623
kat2,6208_v3_46_content_arun-p12_sort-algorithms_insertion_sort.py_cleaned.py,1,1,0.053009770810604095,0.9469902515411377
kat2,6214_v3_50_content_shre007_Implementation-and-comparison-of-sorting-algorithms_quick.py_cleaned.py,1,1,0.043365802615880966,0.9566342234611511
kat2,6458_v3_10_content_patrickkingg_K-means_Clustering_kmeans.py_cleaned.py,1,1,0.03676946461200714,0.963230550289154
kat2,6464_v3_20_content_Cassar88226_Clustering_of_Articles_corpus.py_cleaned.py,1,1,0.03488088771700859,0.9651191234588623
kat2,6469_v3_28_content_IPDT_car_review_k-means_clustering_word_freq.py_cleaned.py,1,1,0.03384403511881828,0.966156005859375
kat2,6476_v3_36_content_OneWinged-Eagle_spotimy_getFeatures.py_cleaned.py,1,1,0.03258974477648735,0.9674102663993835
kat2,6483_v3_43_content_caetius_Efficient-k-means-_Transform.py_cleaned.py,1,1,0.03704717382788658,0.9629528522491455
kat2,6490_v3_54_content_sumanth-bmsce_Unsupervised_Extreme_Learning_Machine_EM_Algo.py_cleaned.py,1,1,0.032344330102205276,0.9676556587219238
kat2,6495_v3_62_content_wang2226_Clustering_k-means_plot.py_cleaned.py,1,1,0.03760863468050957,0.9623913168907166
kat2,6502_v3_7_content_MercuryM_Metric-Learning_Q2_Aa_2.py_cleaned.py,1,1,0.03308597952127457,0.9669140577316284
kat2,6754_v3_13_content_fangzhengzhu_minst-knn_imgReader.py_cleaned.py,1,1,0.043365802615880966,0.9566342234611511
kat2,6756_v3_14_content_lisha1992_KNN-Clasify_handWritingClassify.py_cleaned.py,1,1,0.03384403511881828,0.966156005859375
kat2,6759_v3_19_content_AntoineMontaut_Predictive_Modeling_random_forest.py_cleaned.py,1,1,0.0384661927819252,0.961533784866333
kat2,6762_v3_21_content_abhishekmsharma_ai-knn-kmeans-crawler-python_job_search_environment.py_cleaned.py,1,1,0.03594832494854927,0.9640516638755798
kat2,6772_v3_2_content_neonb88_knn_knn_machine_learning_hw1.py_cleaned.py,1,1,0.3385143280029297,0.6614856719970703
kat2,6779_v3_39_content_mirajp_tweet_sentiments_baseline.py_cleaned.py,1,1,0.04707418009638786,0.9529258608818054
kat2,6784_v3_48_content_prateek22sri_Image-orientation-detector_AdaBoost.py_cleaned.py,1,1,0.0384661927819252,0.961533784866333
kat2,6789_v3_7_content_Manerone_Evolutive-KNN_evolutive_knn.py_cleaned.py,1,1,0.0384661927819252,0.961533784866333
kat2,7044_v3_13_content_Ade-Adeleke_KruskalAlg_Kruskal_Algorithm__1_.py_cleaned.py,1,1,0.05223085358738899,0.9477691650390625
kat2,7050_v3_19_content_AlbCalv_kruskal-algorithm_Kruskal.py_cleaned.py,1,1,0.04177388176321983,0.9582261443138123
kat2,7052_v3_1_content_pinasu_Python-Kruskal_kruskal.py_cleaned.py,1,1,0.038178276270627975,0.9618217349052429
kat2,7054_v3_21_content_AnnaPiatek_Graph_Ford-Fulkerson.py_cleaned.py,1,1,0.0378924235701561,0.9621075391769409
kat2,7060_v3_2_content_carlosguadir_kruskal_Puertos.py_cleaned.py,1,1,0.06804042309522629,0.9319595694541931
kat2,7064_v3_36_content_mskroar18_GraphWizard_edge.py_cleaned.py,1,1,0.0443485826253891,0.9556514620780945
kat2,7067_v3_5_content_MadalinaMircea_GraphAlgorithms_StartApp.py_cleaned.py,1,1,0.04023794084787369,0.9597620368003845
kat2,7075_v3_8_content_dianaelmasri_TravellingSalesManProblem_AStar_Kruskal_Recuit_test.py_cleaned.py,1,1,0.0443485826253891,0.9556514620780945
kat2,7081_v3_9_content_emmanuj_mst-solver_mstsolve.py_cleaned.py,1,1,0.04023794084787369,0.9597620368003845
kat2,7083_v3_9_content_emmanuj_mst-solver_treeset.py_cleaned.py,1,1,0.0446808747947216,0.9553191661834717
kat2,7334_v3_10_content_nishi1612_Email-Spam-Classification-using-SVM_processing_emails_to_find_occurance_of_words.py_cleaned.py,1,1,0.0384661927819252,0.961533784866333
kat2,7339_v3_12_content_ianscottknight_Predicting-Myers-Briggs-Type-Indicator-with-Recurrent-Neural-Networks_differentiate_words.py_cleaned.py,1,1,0.039048291742801666,0.9609517455101013
kat2,7343_v3_12_content_ianscottknight_Predicting-Myers-Briggs-Type-Indicator-with-Recurrent-Neural-Networks_trump_predictor.py_cleaned.py,1,1,0.048136770725250244,0.9518632292747498
kat2,7348_v3_14_content_kaizinho_lemmatizer_lemmatizer.py_cleaned.py,1,1,0.04778006672859192,0.9522199034690857
kat2,7355_v3_17_content_gorarakelyan_JointUD_train.py_cleaned.py,1,1,0.039048291742801666,0.9609517455101013
kat2,7366_v3_23_content_clydedacruz_worddoc-indexer-py_create_index.py_cleaned.py,1,0,0.6909762620925903,0.3090237081050873
kat2,7371_v3_25_content_aajanki_finnish-pos-accuracy_download_models.py_cleaned.py,1,1,0.043691057711839676,0.956308901309967
kat2,7627_v3_10_content_bradib0y_searchalgorithms_io.py_cleaned.py,1,1,0.03622005879878998,0.9637799859046936
kat2,7633_v3_11_content_sichen-x_search-engine_htable_oo.py_cleaned.py,1,1,0.06903792917728424,0.930962085723877
kat2,7643_v3_13_content_Pedinpsy_-inverted-index-search_main.py_cleaned.py,1,1,0.0384661927819252,0.961533784866333
kat2,7648_v3_15_content_jknight1725_linear_search_vs_random_search_worst_case.py_cleaned.py,1,1,0.07477004081010818,0.9252299070358276
kat2,7656_v3_20_content_anowarh2514_Linear-Search-Algorithm-in-Python_linear_search.py_cleaned.py,1,1,0.1672186702489853,0.8327813148498535
kat2,7660_v3_27_content_ashwinvis98_Particle-Swarm-Optimization-for-Robotic-Search-Applications_ultrasonic_test.py_cleaned.py,1,1,0.0384661927819252,0.961533784866333
kat2,7662_v3_33_content_chafiknaceri_Credit-Card-Debt_BisectionSearchPayement.py_cleaned.py,1,1,0.04023794084787369,0.9597620368003845
kat2,7669_v3_4_content_BenCashman_Linear-Search_linear_search.py_cleaned.py,1,0,0.5668579339981079,0.4331420660018921
kat2,7670_v3_5_content_adamweissert_PythonLinearSearch_LinearSearch.py_cleaned.py,1,1,0.0333368219435215,0.966663122177124
kat2,7675_v3_7_content_DMHarish_Linear_search_LinearSearch.py_cleaned.py,1,1,0.038178276270627975,0.9618217349052429
kat2,7925_v3_17_content_yujiex9_LinkedList_LinkedList.py_cleaned.py,1,1,0.04177388176321983,0.9582261443138123
kat2,7930_v3_1_content_shivam1196_LRU-Caching_Caching.py_cleaned.py,1,1,0.04742587357759476,0.9525741338729858
kat2,7934_v3_23_content_jfb125_pythonLinkedLists_ex13.py_cleaned.py,1,1,0.037326883524656296,0.9626730680465698
kat2,7942_v3_29_content_MeriBalasanyan_Circular_Linked_List_circular_linked_list.py_cleaned.py,1,1,0.0378924235701561,0.9621075391769409
kat2,7946_v3_36_content_cyndyishida_QueueQuickSort_linked_queue.py_cleaned.py,1,1,0.0378924235701561,0.9621075391769409
kat2,7951_v3_41_content_Titash21_Python-Representation-of-LinkedList_linkledistDelete.py_cleaned.py,1,1,0.0384661927819252,0.961533784866333
kat2,7959_v3_5_content_ligertsicat_Rental-Scraper_scraper.py_cleaned.py,1,1,0.04240383207798004,0.9575962424278259
kat2,8210_v3_10_content_sumanthsunny35_RHM-assignment_LCS.py_cleaned.py,1,1,0.0534033328294754,0.9465966820716858
kat2,8216_v3_15_content_VakinduPhilliam_Pattern_Matching_Python_Difflib_Pattern_Matching_Differ.py_cleaned.py,1,1,0.030908960849046707,0.9690910577774048
kat2,8221_v3_15_content_VakinduPhilliam_Pattern_Matching_Python_Difflib_Pattern_Matching_SequenceMatcher.py_cleaned.py,1,1,0.03676946461200714,0.963230550289154
kat2,8229_v3_1_content_Gopal9028_Longest-Common-Subsequence-using-MPI_lcs_using_MPI.py_cleaned.py,1,1,0.0753123089671135,0.9246877431869507
kat2,8234_v3_1_content_jim-spyropoulos_Trajectory-Analysis-and-Classification-in-Python-Pandas-and-Scikit-Learn_grid_points.py_cleaned.py,1,1,0.0534033328294754,0.9465966820716858
kat2,8241_v3_2_content_athulvijayan6_python-rlcs_lcssMain.py_cleaned.py,1,1,0.06325051933526993,0.9367494583129883
kat2,8248_v3_6_content_greed2411_LCS_try.py_cleaned.py,1,1,0.043691057711839676,0.956308901309967
kat2,8254_v3_8_content_16chuang_CS161_Project_CLCSSlow.py_cleaned.py,1,1,0.03704717382788658,0.9629528522491455
kat2,8259_v3_8_content_thingumajig_weighted_lcs_sequence.py_cleaned.py,1,1,0.11596070975065231,0.8840392827987671
kat2,8509_v3_13_content_ShankyTiwari_Naive-Bayes-Classifier-using-python_naive_bayes_supermall.py_cleaned.py,1,1,0.034358687698841095,0.9656413197517395
kat2,8511_v3_14_content_rajat1401_NaiveBayes_scratch_2016260_ques1a.py_cleaned.py,1,1,0.03384403511881828,0.966156005859375
kat2,8515_v3_1_content_pranav-dahiya_NaiveBayes_spam_filter.py_cleaned.py,1,1,0.043365802615880966,0.9566342234611511
kat2,8522_v3_30_content_sina-ehsani_NaiveBayes_SNLI_prepro.py_cleaned.py,1,1,0.03934250399470329,0.9606574773788452
kat2,8528_v3_44_content_akbloodadarsh_Twitter-Sentimental-Analysis_MultinomialNaiveBayes.py_cleaned.py,1,1,0.03567855432629585,0.9643214344978333
kat2,8532_v3_57_content_mercury0100_pynb_pynb.py_cleaned.py,1,1,0.03875619173049927,0.961243748664856
kat2,8538_v3_78_content_uptodiff_kdd-cup-99-Analysis-machine-learning-python_kdd_binary_classification_ANN.py_cleaned.py,1,1,0.14175599813461304,0.858244001865387
kat2,8544_v3_8_content_FelixHuangX_Naive-Bayes-for-Text-Classification_Naivebayes_train.py_cleaned.py,1,1,0.03622005879878998,0.9637799859046936
kat2,8548_v3_95_content_ravularohit_sms-spam-detection_spam_detection.py_cleaned.py,1,0,0.7779753804206848,0.22202469408512115
kat2,8794_v3_12_content_cuhsat_practical_practical_test.py_cleaned.py,1,1,0.04240383207798004,0.9575962424278259
kat2,8801_v3_16_content_rachwong_One-time-pad-code-_Word_guesser_2_.py_cleaned.py,1,1,0.18772760033607483,0.8122723698616028
kat2,8807_v3_1_content_anthonyzhub_One-Time-Pad_One-Time_Pad.py_cleaned.py,1,1,0.03622005879878998,0.9637799859046936
kat2,8809_v3_20_content_dexhug_ciphers_one_time_pad.py_cleaned.py,1,1,0.04054073989391327,0.9594592452049255
kat2,8820_v3_31_content_tobymyers_codingthematrix_orthogonalization.py_cleaned.py,1,1,0.053799644112586975,0.9462003111839294
kat2,8825_v3_4_content_andreacanepa_Many-Time-Pad_cracker.py_cleaned.py,1,1,0.03567855432629585,0.9643214344978333
kat2,8829_v3_7_content_anderspkd_broken-one-time-pad_somecode.py_cleaned.py,1,1,0.03514484688639641,0.9648551344871521
kat2,8988_v3_1_content_Pranshu258_Crowd_Behavior_Analysis_outlierDetector.py_cleaned.py,1,1,0.04535257816314697,0.954647421836853
kat2,8997_v3_2_content_Rohit967_Outlier-Analysis-With-Python_OutlierAnalysis.py_cleaned.py,1,1,0.0378924235701561,0.9621075391769409
kat2,9003_v3_5_content_harshdarji22_crypto_outlier.py_cleaned.py,1,1,0.034618839621543884,0.9653811454772949
kat2,9196_v3_3_content_iykadev_pyalgo_ackermann_func.py_cleaned.py,1,1,0.2889702320098877,0.7110297679901123
kat2,9202_v3_3_content_iykadev_pyalgo_binaryHeap.py_cleaned.py,1,1,0.043691057711839676,0.956308901309967
kat2,9208_v3_3_content_iykadev_pyalgo_bresenhams_line_algo.py_cleaned.py,1,1,0.042087726294994354,0.957912266254425
kat2,9209_v3_3_content_iykadev_pyalgo_bubbleSort.py_cleaned.py,1,1,0.06008664518594742,0.9399133324623108
kat2,9217_v3_3_content_iykadev_pyalgo_fast_fourier_transform.py_cleaned.py,1,1,0.06903792917728424,0.930962085723877
kat2,9222_v3_3_content_iykadev_pyalgo_hashingHashTable.py_cleaned.py,1,1,0.0427221953868866,0.957277774810791
kat2,9227_v3_3_content_iykadev_pyalgo_lucas_lehmer_test.py_cleaned.py,1,1,0.0333368219435215,0.966663122177124
kat2,9232_v3_3_content_iykadev_pyalgo_shunting_yard_algo.py_cleaned.py,1,1,0.048136770725250244,0.9518632292747498
kat2,9236_v3_4_content_Ityer_3x3_Squared_Magic_Square_Finder_Current.py_cleaned.py,1,1,0.03993731737136841,0.9600626826286316
kat2,9491_v3_17_content_galacticglum_polynomial-regression_poly_regression.py_cleaned.py,1,1,0.043365802615880966,0.9566342234611511
kat2,9497_v3_31_content_NorahJC_RegressionAnalyses_MultReg.py_cleaned.py,1,1,0.04922211915254593,0.9507778882980347
kat2,9502_v3_49_content_pranurs_regression-model_main.py_cleaned.py,1,1,0.039048291742801666,0.9609517455101013
kat2,9508_v3_56_content_Desire100_Machine-Learning-Regression-Models-for-beginners_simple_linear_regression.py_cleaned.py,1,1,0.2393493503332138,0.7606506943702698
kat2,9509_v3_5_content_alisarmusa_House-Price-Estimation_housePriceEstimation.py_cleaned.py,1,1,0.034358687698841095,0.9656413197517395
kat2,9514_v3_61_content_piyush-taneja_Salary-Predictor_Random_Forest_Regression.py_cleaned.py,1,1,0.04778006672859192,0.9522199034690857
kat2,9521_v3_6_content_metintorunoglu_Polynomial-Linear-Regression_4_Polynomial_Regression.py_cleaned.py,1,1,0.08093671500682831,0.9190633296966553
kat2,9529_v3_99_content_utkarshpaliwal9_Predicting-apt-Linear-Regression-Degree_model2.py_cleaned.py,1,1,0.0838903859257698,0.9161096215248108
kat2,9779_v3_13_content_dannbleeker_SearchForPrimeNumbers_runPrimeSearch.py_cleaned.py,1,1,0.04146227240562439,0.9585376977920532
kat2,9780_v3_13_content_dannbleeker_SearchForPrimeNumbers_timerForIsPrime.py_cleaned.py,1,1,0.0427221953868866,0.957277774810791
kat2,9785_v3_17_content_txrp0x9_py_prime_number_primeno.py_cleaned.py,1,1,0.0384661927819252,0.961533784866333
kat2,9793_v3_23_content_cjonsmith_prime_calc_prime_days.py_cleaned.py,1,1,0.03760863468050957,0.9623913168907166
kat2,9800_v3_27_content_AdamClarksCode_Primes_primesBetter.py_cleaned.py,1,1,0.05070536211133003,0.9492946267127991
kat2,9812_v3_5_content_ebrahim-j_pRIME-nUMBERS_Test_GPN.py_cleaned.py,1,1,0.043042849749326706,0.9569571614265442
kat2,9819_v3_8_content_lesscake_prime-numbers-eratosthenes_naive.py_cleaned.py,1,1,0.03875619173049927,0.961243748664856
kat2,10078_v3_17_content_eirikeve_maze_utils.py_cleaned.py,1,1,0.03541072458028793,0.9645892381668091
kat2,10085_v3_22_content_mikaelharseno_DurianBot_scikitml.py_cleaned.py,1,1,0.03210070729255676,0.9678993225097656
kat2,10087_v3_27_content_mskroar18_GraphWizard_edge.py_cleaned.py,1,1,0.043365802615880966,0.9566342234611511
kat2,10091_v3_4_content_JosephFWright_Prims_Algorithm_main.py_cleaned.py,1,1,0.0333368219435215,0.966663122177124
kat2,10100_v3_5_content_sjmcmullan_Prims-Algorithm_PrimsAlgorithms.py_cleaned.py,1,1,0.0384661927819252,0.961533784866333
kat2,10102_v3_6_content_steviedale_random_maze_generator_main.py_cleaned.py,1,1,0.03622005879878998,0.9637799859046936
kat2,10108_v3_7_content_Aly-Tomato_Prims-and-Kruskals_main.py_cleaned.py,1,1,0.034358687698841095,0.9656413197517395
kat2,10111_v3_7_content_MadalinaMircea_GraphAlgorithms_StartApp.py_cleaned.py,1,1,0.04115288704633713,0.9588471055030823
kat2,10116_v3_9_content_krj9cr_Hybrid-Prim-Dijkstra-GUI_MinQueue.py_cleaned.py,1,1,0.03210070729255676,0.9678993225097656
kat2,10373_v3_23_content_ymohanty_data-analysis_classifiers.py_cleaned.py,1,1,0.03934250399470329,0.9606574773788452
kat2,10379_v3_34_content_Darkkyelfo_Replicacao-Artigo---Minimum-Classification-Error-PCA_main.py_cleaned.py,1,1,0.0443485826253891,0.9556514620780945
kat2,10380_v3_36_content_arpan-ghosh_python-data-algorithms_LinearRelationshipFit.py_cleaned.py,1,1,0.04023794084787369,0.9597620368003845
kat2,10385_v3_4_content_mahimanzum_PCA-and-GMM-from-scratch-_PCA_With_GMM.py_cleaned.py,1,1,0.03676946461200714,0.963230550289154
kat2,10391_v3_60_content_fabaloc_PCA_PCAstepbystep.py_cleaned.py,1,1,0.04177388176321983,0.9582261443138123
kat2,10401_v3_7_content_work-nchc_PCAMN_pcamn_batch.py_cleaned.py,1,1,0.030908960849046707,0.9690910577774048
kat2,10406_v3_8_content_kekastepanovic_Face-Gender-and-Age-Recognition-Using-Principal-Component-Analysis_Face_Gender_and_Age_Recognition.py_cleaned.py,1,1,0.03649376705288887,0.9635062217712402
kat2,10411_v3_93_content_djzgroup_Visual-basedCharacterEmbedding_word2vec_network.py_cleaned.py,1,1,0.0378924235701561,0.9621075391769409
kat2,10667_v3_1_content_gasior213214123_Python-Queue-Simulation_queue.py_cleaned.py,1,1,0.03875619173049927,0.961243748664856
kat2,10673_v3_29_content_0517_QueueSimulation_simple_queue.py_cleaned.py,1,1,0.04146227240562439,0.9585376977920532
kat2,10677_v3_35_content_PeterUpfold_simple-temp-queue-pusher_simple-temp-queue-pusher.py_cleaned.py,1,1,0.03358950465917587,0.9664104580879211
kat2,10681_v3_38_content_jeshan_dlq-to-telegram_configure-aws-cli.template.py_cleaned.py,1,1,0.030675798654556274,0.9693241715431213
kat2,10689_v3_47_content_jeshan_lambda-default-dlq_generate-config.py_cleaned.py,1,1,0.03283695504069328,0.9671630263328552
kat2,10696_v3_54_content_VishalPadme_Queue__Simple_Driver_Code_Queue_by_VP.py_cleaned.py,1,1,0.029986508190631866,0.9700134992599487
kat2,10701_v3_61_content_lgphone_delay-queue_timer.py_cleaned.py,1,1,0.04115288704633713,0.9588471055030823
kat2,10706_v3_9_content_cczzaa101_Queueing_with_AC_evaluate.py_cleaned.py,1,1,0.04535257816314697,0.954647421836853
kat2,10952_v3_11_content_TanaySinghal_SortingAlgorithms_sorts.py_cleaned.py,1,1,0.08882028609514236,0.9111796617507935
kat2,10957_v3_15_content_EtiennePerot_mm-tools_update-kodi.py_cleaned.py,1,1,0.05921025201678276,0.9407896995544434
kat2,10963_v3_1_content_becurrie_py-sorts_sorter-runner.py_cleaned.py,1,1,0.08945459872484207,0.9105454087257385
kat2,10968_v3_24_content_vijayant123_music-sortt_sort.py_cleaned.py,1,1,0.03488088771700859,0.9651191234588623
kat2,10974_v3_29_content_flintlouis_Sorting_algo_mergesort.py_cleaned.py,1,1,0.05070536211133003,0.9492946267127991
kat2,10980_v3_3_content_iRGBit_indexhelper_all_indexer.py_cleaned.py,1,1,0.03676946461200714,0.963230550289154
kat2,10987_v3_6_content_psavery_quick_sort_quick_sort.py_cleaned.py,1,1,0.06418264657258987,0.9358173608779907
kat2,11239_v3_12_content_tristanang_DPifier_y_combinator.py_cleaned.py,1,1,0.06325051933526993,0.9367494583129883
kat2,11244_v3_16_content_mor3dr3ad_gcdRecur_gdcRecur.py_cleaned.py,1,1,0.03649376705288887,0.9635062217712402
kat2,11247_v3_18_content_Shweetz_TicTacToeSolver_solver.py_cleaned.py,1,1,0.05146276578307152,0.9485372304916382
kat2,11253_v3_23_content_HakimdarC_Fibonacci-Sequence_fibfirst.py_cleaned.py,1,1,0.03210070729255676,0.9678993225097656
kat2,11258_v3_27_content_michaelbauerinc_TowersOfHanoi_node.py_cleaned.py,1,1,0.04672496020793915,0.9532750844955444
kat2,11264_v3_33_content_prabhatpal77_Complete-core-python-_dictcomp.py_cleaned.py,1,1,0.11757213622331619,0.8824278712272644
kat2,11272_v3_38_content_davidcarrollnyc_Recursive_Python_WebScraper_BeautifulSoup_into_MongoDB_webscraper.py_cleaned.py,1,1,0.029986508190631866,0.9700134992599487
kat2,11281_v3_7_content_Sbrown4321_Assignment_2_Assignment2.py_cleaned.py,1,1,0.08756384998559952,0.9124361872673035
kat2,11533_v3_15_content_ihavenonickname_RSA_rsa.py_cleaned.py,1,1,0.02909075655043125,0.9709092378616333
kat2,11539_v3_2_content_Nathan-Binkley_My_RSA_M_RSA.py_cleaned.py,1,1,0.03358950465917587,0.9664104580879211
kat2,11545_v3_42_content_nadavgover_Cryptography_decrypt.py_cleaned.py,1,1,0.039048291742801666,0.9609517455101013
kat2,11551_v3_53_content_ekaktusz_rsa-example_rsa.py_cleaned.py,1,1,0.03185885772109032,0.9681411385536194
kat2,11556_v3_62_content_taabishm2_Proactive-FDH-RSA-Signature_proactivizer.py_cleaned.py,1,1,0.03649376705288887,0.9635062217712402
kat2,11562_v3_74_content_minahabibm_RSA-2048-Encryption-Decryption_Decrypt.py_cleaned.py,1,1,0.030908960849046707,0.9690910577774048
kat2,11567_v3_84_content_LatrecheYasser_Secure-Python-Chat_server.py_cleaned.py,1,1,0.029760094359517097,0.9702399373054504
kat2,11575_v3_95_content_anurag423_Python-Project_eKeyGen.py_cleaned.py,1,1,0.04240383207798004,0.9575962424278259
kat2,11581_v3_97_content_rusrom_cryptography_rsa_text_decrypt.py_cleaned.py,1,1,0.03384403511881828,0.966156005859375
kat2,11832_v3_13_content_chandimajayawickrama_Simple-Sorting-Algorithms_bubble_sort.py_cleaned.py,1,1,0.038178276270627975,0.9618217349052429
kat2,11841_v3_18_content_algorithmproject_Selection_sort_scripts.py_cleaned.py,1,1,0.06008664518594742,0.9399133324623108
kat2,11843_v3_1_content_becurrie_py-sorts_sorter-runner.py_cleaned.py,1,1,0.1325145661830902,0.8674854040145874
kat2,11850_v3_26_content_AbdelrhmanKhater_Comparison-between-linked-list-and-array-during-using-selection-sort_GUI.py_cleaned.py,1,1,0.048496004194021225,0.9515040516853333
kat2,11862_v3_35_content_sviznyuk_pokemon-selection_select_pokemon.py_cleaned.py,1,1,0.04535257816314697,0.954647421836853
kat2,11863_v3_39_content_lorenzo3117_python-sorting-scripts_sortingScript.py_cleaned.py,1,1,0.03308597952127457,0.9669140577316284
kat2,11869_v3_6_content_bradruck_Selection_Sort-python_Assignment_7-P12.2.py_cleaned.py,1,1,0.04023794084787369,0.9597620368003845
kat2,11872_v3_9_content_naviechan_sortingAlgorithmDemo_main.py_cleaned.py,1,1,0.03760863468050957,0.9623913168907166
kat2,12002_v3_2_content_umam006_steganografi-tugas_app.py_cleaned.py,1,1,0.05921025201678276,0.9407896995544434
kat2,12176_v3_10_content_zpeterg_bmig_5003_count_words_getFile_test.py_cleaned.py,1,1,0.04569203406572342,0.954308032989502
kat2,12182_v3_13_content_preetidurai_Spam-Ham-Classification-using-NB-and-LR_NBHelper.py_cleaned.py,1,1,0.03283695504069328,0.9671630263328552
kat2,12183_v3_14_content_ganigavinaya_NaiveBayes_MLAssignment.py_cleaned.py,1,1,0.030908960849046707,0.9690910577774048
kat2,12191_v3_16_content_NB-prog_INTERN-2019_analogy_eval.py_cleaned.py,1,1,0.04115288704633713,0.9588471055030823
kat2,12196_v3_17_content_AnirbanMajumder_Topic-Modeling-using-LDA_Topic_Modeling_using_LDA.py_cleaned.py,1,1,0.06465348601341248,0.9353464841842651
kat2,12203_v3_22_content_mikpim01_Python-NLTK_task_stopword_removal.py_cleaned.py,1,1,0.03258974477648735,0.9674102663993835
kat2,12210_v3_28_content_vinaykumarbu_sentiment-analysis-deeplearning_tweet.py_cleaned.py,1,1,0.043691057711839676,0.956308901309967
kat2,12216_v3_5_content_JoseAntonioMora_StopWords_Stopwords.py_cleaned.py,1,1,0.029986508190631866,0.9700134992599487
kat2,12221_v3_7_content_satyammittal_IRE-Stopping-Words_hindi.py_cleaned.py,1,1,0.0378924235701561,0.9621075391769409
kat2,12358_v3_1_content_vuolleko_pyTSNE_data.py_cleaned.py,1,1,0.03567855432629585,0.9643214344978333
kat2,12534_v3_11_content_Masao-Taketani_text_classification_with_alexa_webapi.py_cleaned.py,1,1,0.048136770725250244,0.9518632292747498
kat2,12542_v3_24_content_SajjadAemmi_Text-Summarization_main.py_cleaned.py,1,1,0.03963884338736534,0.9603611826896667
kat2,12543_v3_25_content_HunterXuan_QAMatch_search.py_cleaned.py,1,1,0.034100428223609924,0.9658995866775513
kat2,12551_v3_40_content_Shikhar-S_Search-TF-IDF_graph_script.py_cleaned.py,1,1,0.39770445227622986,0.6022955179214478
kat2,12557_v3_53_content_rghv404_Language_identification_make_predictions.py_cleaned.py,1,1,0.03488088771700859,0.9651191234588623
kat2,12562_v3_58_content_zhaoyichanghong_machine_learing_algo_python_fuzzy_c_means.py_cleaned.py,1,1,0.05541279539465904,0.944587230682373
kat2,12568_v3_64_content_clover978_text_classfication_xgb.py_cleaned.py,1,1,0.0384661927819252,0.961533784866333
kat2,12574_v3_72_content_SreekarJammula_tf-idf-_asst2_part2_1.py_cleaned.py,1,1,0.030214589089155197,0.9697853922843933
kat2,12832_v3_13_content_gissimo_nsc_do_nsc.py_cleaned.py,1,1,0.039048291742801666,0.9609517455101013
kat2,12836_v3_16_content_aplested_verify_PlotParam.py_cleaned.py,1,1,0.043691057711839676,0.956308901309967
kat2,12841_v3_23_content_aniket-gaikwad_Applied-Machine-learning-Project---Fall-2014_Boostrap.py_cleaned.py,1,1,0.030444350093603134,0.9695556163787842
kat2,12846_v3_2_content_facebookresearch_reward-estimator-corl_configurations_continuous_sparse.py_cleaned.py,1,1,0.04958902671933174,0.9504110217094421
kat2,12851_v3_35_content_facundoq_rotational_variance_experiment_accuracy_vs_rotation.py_cleaned.py,1,1,0.03258974477648735,0.9674102663993835
kat2,12854_v3_35_content_XiaoCode-er_image-digital-express_cluster_pic.py_cleaned.py,1,1,0.03676946461200714,0.963230550289154
kat2,12865_v3_53_content_awaisakram64_Statistic_operat_operation.py_cleaned.py,1,1,0.03308597952127457,0.9669140577316284
kat2,12871_v3_67_content_4ntoined_cosmicvariance_comovingvolume2.0.py_cleaned.py,1,1,0.03993731737136841,0.9600626826286316
kat2,12878_v3_88_content_hfk97_VaR_VaR.py_cleaned.py,1,1,0.05964694544672966,0.9403530955314636
kat2,13280_v3_11_content_namelessfintech_python-web-scraping_c10_advanced_link_crawler.py_cleaned.py,1,1,0.049958523362874985,0.9500414729118347
kat2,13286_v3_14_content_Bakhtiyar-Garashov_IMDB_Movies_Ratings_Project.py_cleaned.py,1,1,0.03594832494854927,0.9640516638755798
kat2,13292_v3_20_content_ArnoldKuo_scraper_scrape_anime.py_cleaned.py,1,1,0.039048291742801666,0.9609517455101013
kat2,13294_v3_21_content_DaSunnySide_Stock-Analysis_jsonpractice.py_cleaned.py,1,1,0.07696083933115005,0.9230391979217529
kat2,13301_v3_2_content_chuksleo_web-scraping-beautifulsoup-flask_test.py_cleaned.py,1,1,0.16885696351528168,0.8311430811882019
kat2,13305_v3_34_content_subhendu01_Web-Scraping_imdb_multi_pagescapping.py_cleaned.py,1,1,0.1037486270070076,0.896251380443573
kat2,13311_v3_39_content_jschriemer_Tennis-Tweets_web.py_cleaned.py,1,1,0.03760863468050957,0.9623913168907166
kat2,13316_v3_40_content_Grijesh-Chauhan_aadhaar_webrequests.py_cleaned.py,1,1,0.06954174488782883,0.9304582476615906
kat2,13323_v3_45_content_umtpfe_Projet-scrapy_rotprox3.py_cleaned.py,1,1,0.032344330102205276,0.9676556587219238
kat2,13328_v3_51_content_palashjboro_Web_Scraping_weather_info.py_cleaned.py,1,1,0.05460060387849808,0.9453993439674377
kat2,13333_v3_60_content_Ksyula_Multithreading-Scraping-in-Python_main.py_cleaned.py,1,1,0.04023794084787369,0.9597620368003845
kat2,13337_v3_66_content_furkanturkn_python-beautifulsoup-take-news-post-from-the-site_take_news.py_cleaned.py,1,1,0.04115288704633713,0.9588471055030823
kat2,13343_v3_74_content_jrathin_Web-Scraping_injury.py_cleaned.py,1,1,0.04569203406572342,0.954308032989502
kat2,13349_v3_78_content_hsauers5_OptionsScraper_main.py_cleaned.py,1,1,0.03934250399470329,0.9606574773788452
kat2,13354_v3_82_content_rsmath_Personal-Bot_authenticate.py_cleaned.py,1,1,0.03594832494854927,0.9640516638755798
kat2,13361_v3_8_content_ianmartensen_StockBot_discordStockbot.py_cleaned.py,1,1,0.034618839621543884,0.9653811454772949
kat2,13366_v3_94_content_verma1997_Scraping-Scripts_paytm_offers.py_cleaned.py,1,0,0.9871788024902344,0.012821214273571968
kat2,"13369_v3_96_content_Chaitra-D99_Ecommerce-Product-price-monitoring-tool-using-Data-Analytics-Web-scraping_croma.py,_cleaned.py",1,1,0.0443485826253891,0.9556514620780945
kat2,13371_v3_97_content_VangaPoornaChand_Web-Scraping-Collections__1__Flipkart_Web_Scraping.py_cleaned.py,1,1,0.03283695504069328,0.9671630263328552
kat3,12_14_content_willow617_AE2-Nets_test_hand.py_cleaned.py,0,0,0.6238353252410889,0.37616467475891113
kat3,17_17_content_bickyeric_steganography_lsb.py_cleaned.py,0,0,0.7472472190856934,0.25275272130966187
kat3,21_19_content_darkerego_blitzkloud_server.py_cleaned.py,0,0,0.5184547305107117,0.48154523968696594
kat3,28_22_content_SivaRanjan17_AES-Multi-Client-Chat-System_server.py_cleaned.py,0,1,0.10669060051441193,0.8933094143867493
kat3,32_3_content_sarmedalwan_AES-Decryption_AES-Decryption.py_cleaned.py,0,1,0.10669060051441193,0.8933094143867493
kat3,39_5_content_ongyongzheng_cass_utils.py_cleaned.py,0,1,0.0753123089671135,0.9246877431869507
kat3,43_7_content_denisyarats_pytorch_sac_ae_decoder.py_cleaned.py,0,1,0.41513592004776,0.58486407995224
kat3,48_8_content_minjiang93_ECC_ecc.py_cleaned.py,0,0,0.9118099808692932,0.08819004893302917
kat3,291_11_content_rjtmahinay_fuzzy-association-rule-mining_Apriori.py_cleaned.py,0,1,0.23440666496753693,0.7655933499336243
kat3,297_13_content_bhavuk0909_Apriori_Bhavuk_apriori.py_cleaned.py,0,0,0.879974365234375,0.1200256273150444
kat3,302_14_content_Dawlatly_Recommender-system_manage.py_cleaned.py,0,0,0.8902942538261414,0.10970577597618103
kat3,311_3_content_Avinash793_FPGrowth-and-Apriori-algorithm-Association-Rule-Data-Mining_Apriori-algorithm-using-HashTree.py_cleaned.py,0,0,0.917302668094635,0.08269733935594559
kat3,317_4_content_shubhamjha97_association-rule-mining-apriori_timing_wrapper.py_cleaned.py,0,0,0.9241418242454529,0.07585817575454712
kat3,323_7_content_akshattrivedi_IT-Sales-With-Recommendation-System_manage.py_cleaned.py,0,0,0.9219217896461487,0.07807815819978714
kat3,328_7_content_DMDarkness_Data-mining_fp2ar.py_cleaned.py,0,0,0.9709092378616333,0.02909075655043125
kat3,334_9_content_jeffwang0516_Frequent-Itemset-Mining_apriori.py_cleaned.py,0,0,0.9118099808692932,0.08819004893302917
kat3,575_12_content_kevinyang372_San-Francisco-crime-data-analysis_datasource.py_cleaned.py,0,1,0.03934250399470329,0.9606574773788452
kat3,580_17_content_strategist922_sales_forecast_ana.py_cleaned.py,0,0,0.8193157911300659,0.18068422377109528
kat3,587_1_content_sadnessFree_arima-lstm_combine-linear.py_cleaned.py,0,0,0.7283620238304138,0.2716379463672638
kat3,592_1_content_sadnessFree_arima-lstm_lstm_keras.py_cleaned.py,0,0,0.5381375551223755,0.46186238527297974
kat3,597_23_content_michailx_arima_example_arima_predictor.py_cleaned.py,0,1,0.21866938471794128,0.7813306450843811
kat3,604_2_content_varun10221_ARIMA-model_s_and_p.py_cleaned.py,0,0,0.6320486664772034,0.367951363325119
kat3,611_36_content_happycupofjava_Machine-Learning--Stock-Market-Prediction-using-ARIMA-Model_final_under_work.py_cleaned.py,0,1,0.285770446062088,0.7142295241355896
kat3,616_47_content_Eric-Muthemba_investing_scrapper.py_cleaned.py,0,0,0.7431679368019104,0.2568320035934448
kat3,867_1_content_dedeco_dijkstra-bellman-ford_bellman_ford.py_cleaned.py,0,1,0.20689405500888824,0.793105959892273
kat3,873_1_content_dedeco_dijkstra-bellman-ford_teste_lobo_djt.py_cleaned.py,0,0,0.87364661693573,0.12635333836078644
kat3,878_1_content_jwan659_forex-arbitrage_BellmanFord.py_cleaned.py,0,1,0.24148939549922943,0.7585106492042542
kat3,884_1_content_shahzad-virani_Distance-vector_DVR.py_cleaned.py,0,1,0.34334173798561096,0.6566582322120667
kat3,890_3_content_abdulqadirs_distance-vector-routing-protocol_DVR.py_cleaned.py,0,0,0.9314625263214111,0.06853749603033066
kat3,900_4_content_mtnyrgn_Bellman-Ford-Algorithm-with-Python_bellman-ford.py_cleaned.py,0,0,0.6623597741127014,0.3376401960849762
kat3,907_6_content_mmcetindag_ShortestPathAlgorithms_dijkstra.py_cleaned.py,0,1,0.24113182723522186,0.7588682174682617
kat3,913_7_content_jerrguo_cybitrage_app.py_cleaned.py,0,1,0.24871662259101868,0.7512834072113037
kat3,1156_1_content_minar09_bfscore_python_evaluate_single_image.py_cleaned.py,0,1,0.4171527922153473,0.5828472375869751
kat3,1162_25_content_unifiprojects_TemporalGraphs_DFS-v1.py_cleaned.py,0,0,0.954308032989502,0.04569203406572342
kat3,1168_33_content_gquintela_bfs_graph.py_cleaned.py,0,1,0.4793590009212494,0.520641028881073
kat3,1174_43_content_odubno_ford-fulkerson-max-flow_test_max_flow.py_cleaned.py,0,1,0.4395970106124878,0.560403048992157
kat3,1179_4_content_SadraSamadi_n_queens_n_queens.py_cleaned.py,0,0,0.8221890926361084,0.17781086266040802
kat3,1185_5_content_GregLahaye_wikipedia-game_wikipedia.py_cleaned.py,0,0,0.9539660811424255,0.04603390023112297
kat3,1191_7_content_gchacaltana_BreadthFirstSearch_DepthFirstSearch_UninformedSearchAlgorithm.py_cleaned.py,0,0,0.8438951373100281,0.1561049073934555
kat3,1198_8_content_abpaudel_8-puzzle_iddfs.py_cleaned.py,0,0,0.8250265121459961,0.17497345805168152
kat3,1437_11_content_sergiy-chumachenko_Lists_sorting_and_binary_search_sort_BSCL.py_cleaned.py,0,0,0.7487199306488037,0.2512800693511963
kat3,1444_22_content_N8Brooks_lcs_hash_search_lcs_finder.py_cleaned.py,0,1,0.14223188161849976,0.8577680587768555
kat3,1449_29_content_udwivedi394_binarySearchTree_binarySearchTree.py_cleaned.py,0,0,0.7412996292114258,0.2587003707885742
kat3,1453_34_content_jhomswk_Binary_Search_Tree_avl_tree.py_cleaned.py,0,1,0.14128142595291138,0.8587185740470886
kat3,1457_3_content_6e726d_binaryninja-search___init__.py_cleaned.py,0,1,0.04707418009638786,0.9529258608818054
kat3,1462_44_content_thibault-lahire_ALAS_loss_function.py_cleaned.py,0,0,0.9032942056655884,0.09670579433441162
kat3,1468_57_content_Nirusha1_Binary-Search-Tree-_binaryTree.py_cleaned.py,0,0,0.9149009585380554,0.08509904146194458
kat3,1475_75_content_mcsteve-e_project-4_4.01.py_cleaned.py,0,0,0.6586371064186096,0.3413628935813904
kat3,1716_10_content_shehand_Game_Graphics_using_Binary_Search_Tree_calc.py_cleaned.py,0,0,0.6187804341316223,0.3812195658683777
kat3,1724_1_content_jdmcpeek_pretty-print-binary-tree_tree.py_cleaned.py,0,0,0.9167081117630005,0.0832919329404831
kat3,1731_27_content_gabysoares_PythonBinaryTree_ReconstructTree.py_cleaned.py,0,1,0.10266400873661041,0.897335946559906
kat3,1737_33_content_hexingwei_Binary-tree_tree.py_cleaned.py,0,0,0.8433797955513,0.15662017464637756
kat3,1742_42_content_nidhigup01_Least-Common-Ancestor-in-Binary-tree_self_least_common_ancestor.py_cleaned.py,0,1,0.08570927381515503,0.914290726184845
kat3,1748_54_content_AhmedRaafat14_Binary-Tree-traversal_BST.py_cleaned.py,0,0,0.6249804496765137,0.3750195801258087
kat3,1753_5_content_domodomodomo_binary_search_tree_test.py_cleaned.py,0,1,0.4239349365234375,0.5760650634765625
kat3,1760_81_content_AndreaG93_BST-Lazy-Deletion_binarySearchTreeLazyDeletionAVL.py_cleaned.py,0,0,0.8918110132217407,0.10818894952535629
kat3,2001_11_content_lanaelsanyoura_BubbleSort_object_graphics.py_cleaned.py,0,0,0.9086179733276367,0.09138210862874985
kat3,2006_23_content_mkhambat_Bubble-and-insertion-sort_sorting.py_cleaned.py,0,0,0.7994422912597656,0.200557678937912
kat3,2013_29_content_zcogley_Bubble-Sort_bubble_sort.py_cleaned.py,0,1,0.09534946084022522,0.9046505093574524
kat3,2018_33_content_Ryan-Fortner_bubble_sort_bubble_sort.py_cleaned.py,0,0,0.8976953029632568,0.10230470448732376
kat3,2026_48_content_anowarh2514_Bubble-Sort-Algorithm-in-Python_Bubble_Sort_Algorithm.py_cleaned.py,0,1,0.2643583416938782,0.735641598701477
kat3,2031_54_content_SteevenBrunner_Bubble-sort-python_bubble_sort.py_cleaned.py,0,1,0.2970619201660156,0.7029380202293396
kat3,2036_66_content_abouchan01_Merge-Bubble-Sort-con-_interfazGrafica.py_cleaned.py,0,0,0.9219217896461487,0.07807815819978714
kat3,2043_79_content_lorenzo3117_python-sorting-scripts_quickSort.py_cleaned.py,0,0,0.9462003111839294,0.053799644112586975
kat3,2048_85_content_Dimildizio_pyqt_traincars_sort_cars_coal.py_cleaned.py,0,0,0.6863700151443481,0.31362995505332947
kat3,2287_16_content_hungapp_big_o_01-29-HW.py_cleaned.py,0,0,0.957912266254425,0.042087726294994354
kat3,2292_19_content_Shooobz_BigData-ProjectOne_mongoSandbox.py_cleaned.py,0,1,0.438785195350647,0.561214804649353
kat3,2299_24_content_UZziell_bigO-estimate_gui.py_cleaned.py,0,0,0.7483522891998291,0.2516477108001709
kat3,2307_30_content_sdws1983_The-big-data-OF-The-Plant-Cell_parse-abstract.py_cleaned.py,0,0,0.7468782067298889,0.25312182307243347
kat3,2309_32_content_jtuckerk_oscar_prediction_imdb_data_create.py_cleaned.py,0,0,0.7479842901229858,0.25201570987701416
kat3,2316_54_content_wilrnh_oneoffs_file2mail.py_cleaned.py,0,0,0.7483522891998291,0.2516477108001709
kat3,2323_5_content_anguillanneuf_bigO_38_rabin_karp.py_cleaned.py,0,1,0.4746159613132477,0.5253840088844299
kat3,2333_80_content_hanas879_Payday-2-Big-Oil-Engine-Calculator_engineCalculator.py_cleaned.py,0,0,0.9319595694541931,0.06804042309522629
kat3,2586_11_content_kirokuan_Idf-tf-DocCompare_VectorSpace.py_cleaned.py,0,0,0.815232515335083,0.18476751446723938
kat3,2600_2_content_swapnilg915_cosine_similarity_using_embeddings_tfidf_similarity.py_cleaned.py,0,1,0.24077460169792175,0.7592254281044006
kat3,2607_4_content_heaven00_cosine_similarities_stream.py_cleaned.py,0,1,0.10781264305114746,0.8921873569488525
kat3,2615_7_content_chmullig_culpabuddies_hello.py_cleaned.py,0,0,0.7158214449882507,0.2841785252094269
kat3,2623_9_content_canonicalmg_FAQ-Chat-Bot_corpus.py_cleaned.py,0,0,0.5998368263244629,0.4001632034778595
kat3,2626_9_content_vbelz_Movie-recommender_recommender_tools.py_cleaned.py,0,1,0.1761041283607483,0.8238958716392517
kat3,2864_13_content_FlorentF9_DESOM_sharpness.py_cleaned.py,0,1,0.05665242671966553,0.9433475732803345
kat3,2869_18_content_theorisons_loto_fonction.py_cleaned.py,0,0,0.5172660946846008,0.48273390531539917
kat3,2874_24_content_GrayHat12_Desktop-GrayBot_lyrics.py_cleaned.py,0,0,0.894789457321167,0.10521053522825241
kat3,2881_35_content_fireclawthefox_DirectGuiDesigner_main.py_cleaned.py,0,0,0.7264255881309509,0.2735743820667267
kat3,2886_48_content_TeddyBoomer_grapheMPM_test_subgraphs.py_cleaned.py,0,1,0.09807932376861572,0.9019206762313843
kat3,2892_71_content_aivanova5_tariff_design_main.py_cleaned.py,0,0,0.5333974361419678,0.46660253405570984
kat3,2903_92_content_FranzScheerer_DES_eccv.py_cleaned.py,0,1,0.08945459872484207,0.9105454087257385
kat3,2905_92_content_FranzScheerer_DES_P3160.py_cleaned.py,0,0,0.9704646468162537,0.029535336419939995
kat3,2910_93_content_KordingLab_hilbert-constrained-gradient-descent_utils.py_cleaned.py,0,1,0.0844927579164505,0.9155072569847107
kat3,3151_1_content_akhilesh1311_MazeSolver_path_planning.py_cleaned.py,0,0,0.873214840888977,0.12678517401218414
kat3,3158_32_content_sefirakarina_bfs-dfs_bfsDfs.py_cleaned.py,0,0,0.9597620368003845,0.04023794084787369
kat3,3163_40_content_cofinley_sudoku_cell.py_cleaned.py,0,1,0.3328523337841034,0.6671476364135742
kat3,3170_68_content_mehmetozanguven_MazeSolver-AI-Programming_PriorityQueueImpl.py_cleaned.py,0,1,0.37777018547058105,0.6222297549247742
kat3,3175_6_content_zhenv5_breaking_cycles_in_noisy_hierarchies_true_skill.py_cleaned.py,0,1,0.06903792917728424,0.930962085723877
kat3,3180_7_content_GabrielBortolote_BFS-and-DFS-Tree_BFS.py_cleaned.py,0,0,0.8553685545921326,0.14463144540786743
kat3,3186_85_content_adamkanouse_better-lineups-dfs_lineup_nba_fanduel.py_cleaned.py,0,0,0.6645402908325195,0.3354596793651581
kat3,3189_92_content_kousthub93_Web-Crawler_hw1_bfs.py_cleaned.py,0,1,0.4919440448284149,0.5080559253692627
kat3,3192_98_content_Eddward27_Blocks-World_busqueda.py_cleaned.py,0,0,0.9385759830474854,0.06142403930425644
kat3,3440_13_content_alu0100821390_diffie-hellman_diffie-hellman.py_cleaned.py,0,0,0.7412996292114258,0.2587003707885742
kat3,3445_20_content_FMI-VT_Simplest-OT-Python-Implementation_OT.py_cleaned.py,0,0,0.9695556163787842,0.030444350093603134
kat3,3452_24_content_Brew8it_Python_DHAES_server.py_cleaned.py,0,0,0.8976953029632568,0.10230470448732376
kat3,3460_29_content_fwoodruff_ECDH_TypeConversion.py_cleaned.py,0,0,0.9600626826286316,0.03993731737136841
kat3,3467_37_content_anagnostouJohn_Simple_DF_Socket_clien.py_cleaned.py,0,0,0.8955226540565491,0.10447731614112854
kat3,3472_4_content_gionanide_Cryptography_manipulate_CRC_computations.py_cleaned.py,0,0,0.8783142566680908,0.12168575078248978
kat3,3479_6_content_picrin_DiffieHellmanChallenge_discreteLogEfficient.py_cleaned.py,0,0,0.9597620368003845,0.04023794084787369
kat3,3485_81_content_Saiteja-Reddy_Basic-SFTP_caesar_cipher.py_cleaned.py,0,1,0.4546537697315216,0.5453462600708008
kat3,3734_13_content_scedu25_EU-Rail_heap_priority_queue.py_cleaned.py,0,1,0.41324031352996826,0.586759626865387
kat3,3742_18_content_maxsonferovante_Dijkstra_dijsktra.py_cleaned.py,0,0,0.8539127111434937,0.14608724415302277
kat3,3748_23_content_gquintela_dijkstra_main.py_cleaned.py,0,0,0.5854566693305969,0.4145433008670807
kat3,3753_33_content_arbitraryrw_dijkstras_algorithm_main.py_cleaned.py,0,1,0.23792991042137146,0.7620701193809509
kat3,3760_50_content_krj9cr_Hybrid-Prim-Dijkstra-GUI_Helpers.py_cleaned.py,0,0,0.6258955001831055,0.37410447001457214
kat3,3769_85_content_TheSuri_Dijsktras_shortest_path.py_cleaned.py,0,1,0.2114168256521225,0.7885831594467163
kat3,3774_88_content_NoFishLikeIan_Dijkstra_currency_currency_api.py_cleaned.py,0,1,0.09947021305561066,0.9005298018455505
kat3,3777_99_content_mincanhe_Network-routing-protocol_Dijkstra.py_cleaned.py,0,1,0.10781264305114746,0.8921873569488525
kat3,4019_12_content_dxania_Fizzbuzz_fizzbuzz_tests.py_cleaned.py,0,1,0.1250653862953186,0.8749346137046814
kat3,4026_15_content_leni1_python-fizzbuzz_fizzbuzz_test.py_cleaned.py,0,1,0.13799647986888885,0.86200350522995
kat3,4034_27_content_SethEggerRocks_WakingMoments_WakingMoments.py_cleaned.py,0,0,0.8469578623771667,0.15304216742515564
kat3,4038_3_content_HundredVisionsGuy_DivisibilityExceptionHandlingTests_test_Divisibility.py_cleaned.py,0,1,0.20497773587703705,0.7950222492218018
kat3,4040_4_content_captainACE_python-ADVANCEMATH-lib_ap.py_cleaned.py,0,0,0.7766229510307312,0.22337706387043
kat3,4045_5_content_AdamJacoby_Hopf_ExampleGroup_Functions.py_cleaned.py,0,0,0.5151930451393127,0.48480692505836487
kat3,4051_5_content_AdamJacoby_Hopf_Example_Taft.py_cleaned.py,0,0,0.8402590155601501,0.15974101424217224
kat3,4056_6_content_marcelotokarnia_dojo-divisibility-rules_is_divisible.py_cleaned.py,0,1,0.15817435085773468,0.8418256044387817
kat3,4060_7_content_Broski-AC_FizzBuzz1_Fizzbuzz.py_cleaned.py,0,0,0.8459424376487732,0.1540575623512268
kat3,4065_8_content_KreandOStudio_FizzBuzz_fizzbuzz.py_cleaned.py,0,0,0.9399133324623108,0.06008664518594742
kat3,4303_11_content_Patrick-Doucet_Elliptic-Curve-Cryptography_EllipticCurve.py_cleaned.py,0,0,0.7490872144699097,0.25091278553009033
kat3,4308_17_content_achusat_Elliptic_Curve_Cryptography_ecc.py_cleaned.py,0,0,0.6462370157241821,0.35376298427581787
kat3,4315_20_content_UAvinash7_Cryptography_AsymmetricRSAAlgorithm.py_cleaned.py,0,0,0.8524448275566101,0.1475551873445511
kat3,4321_27_content_ayaar25_elgamalecceg_interface.py_cleaned.py,0,1,0.23581159114837646,0.7641884088516235
kat3,4327_2_content_johndoe31415_toyecc_ecctest.py_cleaned.py,0,0,0.8216173648834229,0.17838266491889954
kat3,4332_2_content_Yash0day_ElgamalEncryption-using-ECC_Hash.py_cleaned.py,0,0,0.9059898257255554,0.09401018917560577
kat3,4333_3_content_dare2095_EllipticCurveProject_ec_run.sage.py_cleaned.py,0,0,0.733738124370575,0.26626187562942505
kat3,4339_6_content_gionanide_Cryptography_ECC_DH_key_exchange.py_cleaned.py,0,1,0.36658975481987,0.6334102749824524
kat3,4341_6_content_gionanide_Cryptography_manipulate_CRC_computations.py_cleaned.py,0,0,0.8783142566680908,0.12168575078248978
kat3,4581_1_content_amazingspain_ExponentialSmoothing_finalWorldQuant.py_cleaned.py,0,0,0.929440438747406,0.07055959850549698
kat3,4587_3_content_RobbieXie_ExponentialSmoothing_Holt_Winters.py_cleaned.py,0,1,0.04603390023112297,0.9539660811424255
kat3,4593_9_content_Soumyabrata_predicting-pwv_pwv_forecasting.py_cleaned.py,0,0,0.6383845806121826,0.36161547899246216
kat3,4678_11_content_kousu_primes_wsieve_b.py_cleaned.py,0,0,0.907312273979187,0.09268777817487717
kat3,4684_23_content_AndreasChatz_factorial_constants.py_cleaned.py,0,1,0.13892842829227448,0.8610715270042419
kat3,4691_3_content_kressi_turing_turing.py_cleaned.py,0,0,0.6736212372779846,0.32637879252433777
kat3,4695_4_content_hyper750_factorialhr_constants.py_cleaned.py,0,0,0.854884684085846,0.14511536061763763
kat3,4700_51_content_adityapatelgithub_Expressions-and-Functions_evalpostfix.py_cleaned.py,0,0,0.8344069123268127,0.16559311747550964
kat3,4706_5_content_brown9804_Python_DiversosAlgortimos_CreandoMatrizApartirTXT.py_cleaned.py,0,0,0.685528576374054,0.31447145342826843
kat3,4713_8_content_amit0-git_simple-python-program_English-alphabets.py_cleaned.py,0,0,0.9453993439674377,0.05460060387849808
kat3,4719_97_content_mjurk456_mini-snakes_love_calculator.py_cleaned.py,0,0,0.8976953029632568,0.10230470448732376
kat3,4954_10_content_edwardj728_sequences_project_sequences.py_cleaned.py,0,1,0.49597176909446716,0.5040282011032104
kat3,4960_13_content_frederikpietzko_fun_with_python_gdc_euclidian_algorithm.py_cleaned.py,0,1,0.10894504189491272,0.8910549879074097
kat3,4967_21_content_danielleos_Fibonacci-Generator_main.py_cleaned.py,0,0,0.9184802770614624,0.08151975274085999
kat3,4973_44_content_Mazuh_Fibonacci_fib_benchmark.py_cleaned.py,0,0,0.6963714361190796,0.3036285638809204
kat3,4978_49_content_ajh1143_FibonacciScatterPlot_FibonacciScatter.py_cleaned.py,0,0,0.859663724899292,0.14033624529838562
kat3,4984_60_content_michaelstrefeler_pyFibonacci_fibonacci.py_cleaned.py,0,0,0.9213575720787048,0.07864238321781158
kat3,4990_61_content_gpwood_fibonacciOfOrderN_pad.py_cleaned.py,0,0,0.8327813148498535,0.1672186702489853
kat3,4995_69_content_soldat76_FibonacciGenerator_FibonacciGenerator.py_cleaned.py,0,0,0.8140527606010437,0.1859472095966339
kat3,5000_99_content_MatheusMuriel_ProgramacaoDinamica_fib_rec_memorization.py_cleaned.py,0,1,0.31111282110214233,0.6888871788978577
kat3,5245_11_content_liam-han_all-pairs-shortest-path_test.py_cleaned.py,0,0,0.9600626826286316,0.03993731737136841
kat3,5248_13_content_AtahanCelebi_En-K-sa-Yol_map_distance.py_cleaned.py,0,1,0.3925696611404419,0.6074303388595581
kat3,5252_14_content_arnaudperalta_py_graphpath_graph.py_cleaned.py,0,1,0.3722769320011139,0.6277230381965637
kat3,5257_1_content_nilsonneto_floydWarshall_main.py_cleaned.py,0,0,0.6006569266319275,0.3993430733680725
kat3,5265_5_content_Abdallah-Elshamy_floyd-warshall_APSP-Floyd_Warshall.py_cleaned.py,0,1,0.3856060206890106,0.6143940091133118
kat3,5273_7_content_tsingh94_Bellman-Ford-and-Floyd-Warshall-Algorithms_Shortestdistance_graph_algos.py_cleaned.py,0,0,0.5231158137321472,0.476884126663208
kat3,5455_10_content_Suji04_ML-Clustering_hccluster.py_cleaned.py,0,1,0.3328523337841034,0.6671476364135742
kat3,5461_20_content_a-hamza-r_Hierarchical-Clustering_hpc_classify.py_cleaned.py,0,0,0.6846858263015747,0.3153141438961029
kat3,5468_29_content_gentom_sentences-similarity-cluster_levenshtein.py_cleaned.py,0,1,0.3191213607788086,0.6808785796165466
kat3,5474_33_content_apoorvpatne10_Hierarchical-clustering_hc.py_cleaned.py,0,1,0.3429014980792999,0.6570984721183777
kat3,5482_4_content_wazzaarvind_Clustering-Algorithms_reducer.py_cleaned.py,0,0,0.9688562154769897,0.031143832951784134
kat3,5489_55_content_taksug229_Python-hierarchical-clustering_Working_Data_Hierarchical_Clustering.py_cleaned.py,0,1,0.3508661091327667,0.6491339206695557
kat3,5496_6_content_yasinakinn_hierarchical-clustering_linkage_methods.py_cleaned.py,0,1,0.22000709176063538,0.7799928784370422
kat3,5501_99_content_sadhana-lenkala_Clustering-Models-for-retail-store_Hierarchial_Clsutering.py_cleaned.py,0,1,0.33524203300476074,0.6647579669952393
kat3,5746_12_content_gabrielviggiano_MD_Huffman_huffman.py_cleaned.py,0,0,0.6838418841362,0.31615808606147766
kat3,5752_16_content_loalberto_Analysis-of-Compression-Algorithms-_HuffmanCoding.py_cleaned.py,0,0,0.8740772008895874,0.1259227693080902
kat3,5756_19_content_CQuocDat_huffman_de_huffman.py_cleaned.py,0,0,0.7745833992958069,0.2254166156053543
kat3,5767_24_content_maganoegi_huffman_compressor_comp_PLATONOV_MPACKO.py_cleaned.py,0,1,0.4262021780014038,0.5737978219985962
kat3,5770_26_content_liangsheng02_Huffman-Tree_huff-decompress.py_cleaned.py,0,1,0.19559407234191895,0.804405927658081
kat3,5774_31_content_alonek1_huffman_compression_algorithm_haffmen.py_cleaned.py,0,1,0.34997695684432983,0.6500230431556702
kat3,5779_3_content_xiekch_Adaptive-Huffman-Coding_bitStream.py_cleaned.py,0,0,0.7341195344924927,0.2658804953098297
kat3,5785_49_content_andreanndrade10_Huffman-Compressor_huffman.py_cleaned.py,0,0,0.954647421836853,0.04535257816314697
kat3,5791_7_content_sambiak_Codage-de-Huffman_v2.py_cleaned.py,0,0,0.632729709148407,0.3672703206539154
kat3,6035_12_content_timhebert1963_InsertionSortAdvancedAnalysis_Hackerrank_TC2_1_length_441_answer_46768.py_cleaned.py,0,1,0.06008664518594742,0.9399133324623108
kat3,6039_18_content_akrentsel_insertion-sort-graph_insertion_sort_graph.py_cleaned.py,0,1,0.0792103260755539,0.9207897186279297
kat3,6044_21_content_CanKorkut_Python-Sort-Algorithm_quick.py_cleaned.py,0,1,0.3858374059200287,0.6141626238822937
kat3,6051_24_content_lesdev_SortingMethods_Insertion.py_cleaned.py,0,0,0.939024806022644,0.06097518280148506
kat3,6058_26_content_manzala_Analysis-of-Algorithms_merge_sort.py_cleaned.py,0,1,0.31153160333633423,0.6884684562683105
kat3,6062_30_content_rogerdenisvieira_bidirectional-conditional-insertion-sort_unit_tests.py_cleaned.py,0,1,0.1650540828704834,0.8349459171295166
kat3,6069_45_content_ilkayDevran_Analysis_of_Sorting_Algorithms_pyplot.py_cleaned.py,0,0,0.6867902874946594,0.3132096529006958
kat3,6075_4_content_jomse_InsertionSort_tests.py_cleaned.py,0,1,0.19314737617969513,0.8068526387214661
kat3,6076_50_content_shre007_Implementation-and-comparison-of-sorting-algorithms_merge.py_cleaned.py,0,1,0.3195459246635437,0.6804540753364563
kat3,6082_9_content_ezequielbrrt_insertionSortPython_barra.py_cleaned.py,0,0,0.8791467547416687,0.1208532303571701
kat3,6314_14_content_gravelund-gis_MapSorter_KMeans_analysis.py_cleaned.py,0,1,0.1561049073934555,0.8438951373100281
kat3,6319_26_content_rithvikrao_MarqueeAnalysis_visualization.py_cleaned.py,0,1,0.11318691074848175,0.8868131041526794
kat3,6326_36_content_OneWinged-Eagle_spotimy_getArtists.py_cleaned.py,0,1,0.4176277220249176,0.5823723077774048
kat3,6332_42_content_aryanshar_TextMining_extract.py_cleaned.py,0,1,0.2677909731864929,0.7322090864181519
kat3,6340_53_content_ohrockness_k-means-clustering-in-python_k-means.py_cleaned.py,0,1,0.4577123522758484,0.5422876477241516
kat3,6345_5_content_teawifi_k-means_clustering_loader.py_cleaned.py,0,1,0.05665242671966553,0.9433475732803345
kat3,6351_6_content_samirgupta_PubmedClustering_dumpDiseaseDict.py_cleaned.py,0,1,0.1063188761472702,0.8936811685562134
kat3,6607_11_content_DaiDongyang_knn_experiments.py_cleaned.py,0,1,0.11838509887456894,0.8816148638725281
kat3,6611_14_content_jldbc_gutenberg_populate_db.py_cleaned.py,0,0,0.9252299070358276,0.07477004081010818
kat3,6618_1_content_MarcoForte_knn-matting_knn_matting.py_cleaned.py,0,1,0.27396270632743835,0.7260372638702393
kat3,6624_26_content_mosco_geodesic-knn_test_dijkstra.py_cleaned.py,0,1,0.10447731614112854,0.8955226540565491
kat3,6629_29_content_vtheno_kNN_one_line.py_cleaned.py,0,0,0.9425067901611328,0.05749327689409256
kat3,6634_33_content_wpaturaj_FuzzyKNN_Sample_read.py_cleaned.py,0,1,0.1795305609703064,0.8204693794250488
kat3,6635_35_content_phaniavi_project_5th_sem_KNN_reducer.py_cleaned.py,0,0,0.956308901309967,0.043691057711839676
kat3,6641_46_content_whoif_Cost-Sensitive-KNN_plotHelper.py_cleaned.py,0,1,0.1901218295097351,0.8098781704902649
kat3,6646_7_content_cp2-dc-info-lamp-2018_iris-knn_nao_somos_botanicos.py_cleaned.py,0,1,0.21733751893043518,0.7826625108718872
kat3,6652_96_content_catirado_MachineLearning_kmeans.py_cleaned.py,0,1,0.05223085358738899,0.9477691650390625
kat3,6896_11_content_sachinrajgowda_NetworkDesign_Kruskal_DisjointSet.py_cleaned.py,0,1,0.24148939549922943,0.7585106492042542
kat3,6902_16_content_sharatchandraj_MaxBandwidthPath_DijkstrasWithHeap.py_cleaned.py,0,0,0.9086179733276367,0.09138210862874985
kat3,6909_20_content_kavyasree-bvs_Network-Optimization_vertex.py_cleaned.py,0,1,0.1325145661830902,0.8674854040145874
kat3,6915_2_content_carlosguadir_kruskal_Nodo.py_cleaned.py,0,0,0.8210441470146179,0.17895591259002686
kat3,6920_35_content_jaxarthur_2dmazegenerator_gen2dmaze.py_cleaned.py,0,0,0.8705973029136658,0.12940272688865662
kat3,6926_5_content_gabriel-arauj_grafos_teste_desempenho.py_cleaned.py,0,0,0.5872331261634827,0.41276684403419495
kat3,6932_7_content_Aly-Tomato_Prims-and-Kruskals_kruskals.py_cleaned.py,0,1,0.34554681181907654,0.6544531583786011
kat3,6934_7_content_Aly-Tomato_Prims-and-Kruskals_test.py_cleaned.py,0,1,0.45739421248435974,0.5426057577133179
kat3,6941_9_content_emmanuj_mst-solver_edge.py_cleaned.py,0,0,0.907312273979187,0.09268777817487717
kat3,7185_10_content_nishi1612_Email-Spam-Classification-using-SVM_extracting_unique_words_from_all_emails.py_cleaned.py,0,0,0.5506073832511902,0.4493926465511322
kat3,7190_12_content_ianscottknight_Predicting-Myers-Briggs-Type-Indicator-with-Recurrent-Neural-Networks_baseline.py_cleaned.py,0,0,0.8701565861701965,0.12984342873096466
kat3,7195_12_content_ianscottknight_Predicting-Myers-Briggs-Type-Indicator-with-Recurrent-Neural-Networks_separate_clean_and_unclean.py_cleaned.py,0,1,0.34554681181907654,0.6544531583786011
kat3,7200_12_content_romanorac_elastic_localized_search_models_elastic.py_cleaned.py,0,0,0.696784257888794,0.30321577191352844
kat3,7207_17_content_gorarakelyan_JointUD_parse.py_cleaned.py,0,0,0.6791787147521973,0.3208213150501251
kat3,7213_1_content_hipster-philology_pyrrha_config.py_cleaned.py,0,1,0.19744445383548737,0.802555501461029
kat3,7219_22_content_ashushekar_lemmatization-stemming_lemmatization-stemming.py_cleaned.py,0,1,0.11047115176916122,0.8895288705825806
kat3,7224_25_content_aajanki_finnish-pos-accuracy_datasets.py_cleaned.py,0,1,0.11436852067708969,0.8856314420700073
kat3,7477_10_content_bradib0y_searchalgorithms_app.py_cleaned.py,0,0,0.9284088015556335,0.07159119844436646
kat3,7481_11_content_NikitaGautam_FYP-Automatic-Word-Search-Puzzle-Solver_FYPPuzzle.py_cleaned.py,0,0,0.8402590155601501,0.15974101424217224
kat3,7483_11_content_sichen-x_search-engine_htable.py_cleaned.py,0,1,0.2693256139755249,0.7306743860244751
kat3,7493_13_content_Pedinpsy_-inverted-index-search_hash.py_cleaned.py,0,0,0.8824278712272644,0.11757213622331619
kat3,7498_15_content_jknight1725_linear_search_vs_random_search_random_case.py_cleaned.py,0,1,0.14463144540786743,0.8553685545921326
kat3,7504_1_content_Chunning-Zhou_MILPBasedSearchAlgorithmDiff_model.py_cleaned.py,0,1,0.44903022050857544,0.5509698390960693
kat3,7512_2_content_hari526_LinearSearch_linearSearch.py_cleaned.py,0,1,0.3551037013530731,0.6448963284492493
kat3,7517_3_content_vellankikoti_linear_binary_linear_binary.py_cleaned.py,0,0,0.524718165397644,0.47528183460235596
kat3,7524_6_content_neal-o-r_array_search_binary_search.py_cleaned.py,0,0,0.5664982199668884,0.4335017502307892
kat3,7776_10_content_dedeco_crawler-linkedin-public-profiles_crawler.py_cleaned.py,0,1,0.2677909731864929,0.7322090864181519
kat3,7786_1_content_morganc3_LinkedInHarvester_harvest.py_cleaned.py,0,1,0.4866974651813507,0.5133025646209717
kat3,7791_22_content_harpreetsi_DataStructureImpl_StackImplUsingArrayTest.py_cleaned.py,0,1,0.2901756167411804,0.7098243832588196
kat3,7798_26_content_alex-code4okc_LinkedList_linkedlist.py_cleaned.py,0,0,0.5100083947181702,0.48999157547950745
kat3,7806_35_content_dharan-s_Data_Structure_Python_LLPalindrome.py_cleaned.py,0,1,0.18952108919620514,0.8104788661003113
kat3,7810_3_content_coreymyster_linked-lists_stack.py_cleaned.py,0,0,0.7613611221313477,0.23863890767097473
kat3,7815_43_content_muhamuttaqien_python-data-structure_heap.py_cleaned.py,0,1,0.3102762699127197,0.689723789691925
kat3,7818_4_content_agvaibhav_linked-list_insertion-doubly.py_cleaned.py,0,1,0.10338596254587173,0.8966140151023865
kat3,7824_7_content_udaram_Data-Structure_Doubly_linklist.py_cleaned.py,0,1,0.4489697813987732,0.551030158996582
kat3,8067_15_content_VakinduPhilliam_Pattern_Matching_Python_Difflib_Pattern_Matching_CL_Interface.py_cleaned.py,0,1,0.17441026866436005,0.8255897164344788
kat3,8072_15_content_VakinduPhilliam_Pattern_Matching_Python_Difflib_Pattern_Matching_Restore.py_cleaned.py,0,0,0.9118099808692932,0.08819004893302917
kat3,8080_15_content_VakinduPhilliam_Pattern_Matching_Python_Glob_Directory_Paths.py_cleaned.py,0,0,0.8169911503791809,0.1830088496208191
kat3,8085_1_content_jim-spyropoulos_Trajectory-Analysis-and-Classification-in-Python-Pandas-and-Scikit-Learn_fast_dtw_neigbors.py_cleaned.py,0,0,0.9099069833755493,0.09009299427270889
kat3,8091_1_content_susheelsagar_LCSS_test.py_cleaned.py,0,0,0.9674102663993835,0.03258974477648735
kat3,8097_4_content_sumedhvdatar_Longest_Common_Subsequence_lcs.py_cleaned.py,0,1,0.31742629408836365,0.6825737357139587
kat3,8104_8_content_16chuang_CS161_Project_1a.py_cleaned.py,0,0,0.8128673434257507,0.18713268637657166
kat3,8362_12_content_chiforbogdan_naive-bayes-reputation_naive_bayes.py_cleaned.py,0,1,0.10017222166061401,0.8998277187347412
kat3,8370_18_content_kandapagari_NaiveBayes_Naive_bayes.py_cleaned.py,0,1,0.19072401523590088,0.8092759251594543
kat3,8377_2_content_aspremon_NaiveFeatureSelection_DemoNFS.py_cleaned.py,0,1,0.31489264965057373,0.6851073503494263
kat3,8382_3_content_ml-for-nlp_authorship-attribution_attribution.py_cleaned.py,0,1,0.05033063143491745,0.949669361114502
kat3,8388_56_content_ANLY521_naive_bayes_template_zero_rule.py_cleaned.py,0,1,0.048136770725250244,0.9518632292747498
kat3,8394_72_content_AnirudhRathinam_naive-bayes_naiveBayes.py_cleaned.py,0,0,0.826151430606842,0.17384850978851318
kat3,8401_87_content_tej06_NaiveBayes-Classification_training.py_cleaned.py,0,1,0.03963884338736534,0.9603611826896667
kat3,8405_91_content_mahsarazavi_Text-Classification_naivebayes.py_cleaned.py,0,0,0.8365545868873596,0.16344544291496277
kat3,8647_10_content_rsmith-nl_onepad_onepad.py_cleaned.py,0,1,0.42500850558280945,0.5749915242195129
kat3,8654_14_content_b-hub_cracker_test.py_cleaned.py,0,0,0.8204693794250488,0.1795305609703064
kat3,8656_16_content_nicolasenciso_One-time-pad-crypto-algorithm_OneTimePad.py_cleaned.py,0,0,0.9585376977920532,0.04146227240562439
kat3,8662_19_content_DennyHsieh_many-time-pad-attack_decrypt.py_cleaned.py,0,1,0.08632348477840424,0.9136765599250793
kat3,8670_25_content_penji2_encode-OTP-client-server_coder.py_cleaned.py,0,0,0.9453993439674377,0.05460060387849808
kat3,8677_31_content_tobymyers_codingthematrix_bitutil.py_cleaned.py,0,0,0.8449215292930603,0.1550784707069397
kat3,8681_32_content_Arhacai_ciphers_secret_messages.py_cleaned.py,0,1,0.07211220264434814,0.9278878569602966
kat3,8688_6_content_ari-schoenfeld_OneTimePad_onetimepad.py_cleaned.py,0,1,0.4654786288738251,0.5345214009284973
kat3,8694_9_content_klogdog_One-Time-Pad_OTP.py_cleaned.py,0,0,0.9719924926757812,0.028007520362734795
kat3,8939_2_content_mayankagrawal93_Outlier-Analysis_cblof.py_cleaned.py,0,0,0.87364661693573,0.12635333836078644
kat3,8945_4_content_mrimahajan_advanced_analysis_package___init__.py_cleaned.py,0,1,0.4633835256099701,0.5366164445877075
kat3,9045_2_content_Warriorchief_Euler23_NonabundantSums_Euler23_Non-abundant_Sums.py_cleaned.py,0,0,0.7512834072113037,0.24871662259101868
kat3,9052_3_content_iykadev_pyalgo_babil_square_root.py_cleaned.py,0,1,0.05834583565592766,0.9416541457176208
kat3,9057_3_content_iykadev_pyalgo_binary_search2.py_cleaned.py,0,1,0.1352320909500122,0.8647679686546326
kat3,9065_3_content_iykadev_pyalgo_evolutionary_algo.py_cleaned.py,0,0,0.9702399373054504,0.029760094359517097
kat3,9071_3_content_iykadev_pyalgo_hamming_numbers.py_cleaned.py,0,1,0.4665417969226837,0.5334582328796387
kat3,9077_3_content_iykadev_pyalgo_lagged_fibonacci_gen.py_cleaned.py,0,0,0.9441768527030945,0.05582313984632492
kat3,9081_3_content_iykadev_pyalgo_prime_numbers.py_cleaned.py,0,0,0.6533480882644653,0.34665191173553467
kat3,9086_3_content_iykadev_pyalgo_VertexGraph.py_cleaned.py,0,1,0.4040370583534241,0.5959629416465759
kat3,9340_12_content_MarynaTatsevich_Machine-Learning-Regression-Techniques_Random_Forest_Regression.py_cleaned.py,0,1,0.30985844135284424,0.6901415586471558
kat3,9350_2_content_MBKraus_Predicting_real_estate_prices_using_scikit-learn_Converter.py_cleaned.py,0,0,0.672331690788269,0.32766830921173096
kat3,9355_45_content_swatimani16_Polynomial-Regression_code_final.py_cleaned.py,0,0,0.5960805416107178,0.4039194881916046
kat3,9362_56_content_Desire100_Machine-Learning-Regression-Models-for-beginners_polynomial_linear_regression.py_cleaned.py,0,1,0.435931533575058,0.5640684366226196
kat3,9366_60_content_winnie9197_The-Coding-School-projects_linear-regression.py_cleaned.py,0,1,0.04742587357759476,0.9525741338729858
kat3,9372_63_content_avitabayan_Machine-learning_simple_linear_regression.py_cleaned.py,0,1,0.3019792139530182,0.6980207562446594
kat3,9375_64_content_LudweNyobo88_Polynomial-Regression_polynomial-regression.py_cleaned.py,0,1,0.18892180919647217,0.8110781908035278
kat3,9384_8_content_gustavo-ren_PolynomialRegressionPython_polynomialRegression.py_cleaned.py,0,0,0.6774740219116211,0.3225260078907013
kat3,9631_12_content_Rafelito19_Crypo-Number-Theory-Projects_ferm.py_cleaned.py,0,0,0.9637799859046936,0.03622005879878998
kat3,9637_16_content_mukosh123_primegenetator_primeg.py_cleaned.py,0,0,0.5228722095489502,0.4771277904510498
kat3,9645_21_content_hagyu-aya_prime-number-bot_index.py_cleaned.py,0,0,0.8316905498504639,0.16830943524837494
kat3,9652_25_content_Scientific-Computing-at-Temple-Physics_prime-number-finder-MicrowaveOfEvil_primes.py_cleaned.py,0,0,0.7563575506210327,0.24364244937896729
kat3,9659_2_content_squeaky-godzilla_prime-factors_prime_factors.py_cleaned.py,0,1,0.2762998342514038,0.723700225353241
kat3,9662_35_content_ZachDischner_FizzBuzz_fizzbuzz.py_cleaned.py,0,0,0.7570766806602478,0.2429232895374298
kat3,9671_7_content_Yasinbabu_prime_main.py_cleaned.py,0,0,0.914290726184845,0.08570927381515503
kat3,9672_82_content_joaoluga_python-rsa-algorithm_main.py_cleaned.py,0,0,0.6153190732002258,0.38468095660209656
kat3,9924_11_content_Boros93_GraphProject_kruskal.py_cleaned.py,0,0,0.7442848086357117,0.2557152211666107
kat3,9935_22_content_mikaelharseno_DurianBot_allnodesolver.py_cleaned.py,0,0,0.6217706203460693,0.37822940945625305
kat3,9941_4_content_JosephFWright_Prims_Algorithm_Kruskals.py_cleaned.py,0,1,0.09401018917560577,0.9059898257255554
kat3,9950_5_content_Fmccline_Prims-Algorithm_prims_algorithm_demo.py_cleaned.py,0,1,0.15713685750961304,0.842863142490387
kat3,9956_6_content_usbogie_MSTcreator_Sollins.py_cleaned.py,0,0,0.8955226540565491,0.10447731614112854
kat3,9958_7_content_Aly-Tomato_Prims-and-Kruskals_kruskals.py_cleaned.py,0,1,0.34554681181907654,0.6544531583786011
kat3,9966_9_content_krj9cr_Hybrid-Prim-Dijkstra-GUI_main.py_cleaned.py,0,0,0.8216173648834229,0.17838266491889954
kat3,10220_16_content_KIKIRPA_Maldi2PCA_maldi2pca.py_cleaned.py,0,1,0.4208375811576843,0.5791624188423157
kat3,10229_31_content_bavdekar_pca_pca.py_cleaned.py,0,1,0.27904197573661804,0.7209580540657043
kat3,10235_49_content_christianThardy_Principal-Component-Analysis_pca.py_cleaned.py,0,0,0.8294920325279236,0.17050801217556
kat3,10241_5_content_cylance_lazy-stochastic-principal-component-analysis_plot_model_perf.py_cleaned.py,0,1,0.07864238321781158,0.9213575720787048
kat3,10247_6_content_LinHungShi_Principal-Component-Analysis-for-Images_pca_whole_image.py_cleaned.py,0,0,0.8601343035697937,0.13986563682556152
kat3,10250_7_content_syamkakarla98_PCA-On-IRIS-Dataset-With-Classification-Using-KNNC_iris_after_pca_knnc.py_cleaned.py,0,0,0.5234203934669495,0.4765796661376953
kat3,10256_89_content_dronabanerjee_PCA-and-EM_hw03.py_cleaned.py,0,0,0.6851073503494263,0.31489264965057373
kat3,10260_92_content_linasaha_Principal-Component-Analysis-to-generate-good-features-for-Handwritten-Digit-Recognition_PCA.py_cleaned.py,0,1,0.19253936409950256,0.8074606657028198
kat3,10517_100_content_ssquantum_PyDex_mythread.py_cleaned.py,0,1,0.21667379140853882,0.783326268196106
kat3,10521_13_content_IRLadderGoat_KKIK-venteliste-nr_venteliste.py_cleaned.py,0,0,0.5252470970153809,0.47475293278694153
kat3,10527_24_content_cagrias_django-rabbitmq-celery-docker-example_manage.py_cleaned.py,0,1,0.367951363325119,0.6320486664772034
kat3,10533_34_content_dvsa_cvs-tsk-dlq-handler_dlq_handler.py_cleaned.py,0,0,0.6787529587745667,0.32124701142311096
kat3,10538_38_content_dareofmeashwani_Pre-Processing-Queue-For-Deep-Learning-Model_DataQueue.py_cleaned.py,0,0,0.7498207092285156,0.25017932057380676
kat3,10540_39_content_guneskaan_queueBot_queue_bot.py_cleaned.py,0,0,0.818156361579895,0.18184365332126617
kat3,10544_41_content_sweeneyde_IndexedHeap_dijkstra.py_cleaned.py,0,1,0.13206614553928375,0.8679338097572327
kat3,10553_54_content_DNPA_txhqueue_txbasetest.py_cleaned.py,0,1,0.4085127115249634,0.5914872884750366
kat3,10558_5_content_edison12a_bmrs-json-api_test_bmrs.py_cleaned.py,0,1,0.10087861120700836,0.8991213440895081
kat3,10564_67_content_sulaiman-muhammad_Earliest-Deadline-First-Sheduler_link.py_cleaned.py,0,0,0.6352224349975586,0.3647775948047638
kat3,10807_10_content_adrianvellamlt_Quick-Sort---Insertion-Sort_utils.py_cleaned.py,0,0,0.9518632292747498,0.048136770725250244
kat3,10812_14_content_briholt100_rogersQ_rogersQ.py_cleaned.py,0,0,0.5856937170028687,0.41430631279945374
kat3,10818_1_content_0x27_shodan_key_checker_shodankeys.py_cleaned.py,0,0,0.6426568031311035,0.35734322667121887
kat3,10823_23_content_ajh1143_ClassicQuickSort_QuickSorter.py_cleaned.py,0,0,0.9304582476615906,0.06954174488782883
kat3,10828_26_content_hemidactylus_skanfixer_sfUtilities.py_cleaned.py,0,0,0.8848377466201782,0.11516223102807999
kat3,10835_30_content_XiaogeWang_Sort-Algorithms-Python-Version-_heap_sort.py_cleaned.py,0,0,0.907967209815979,0.09203286468982697
kat3,10843_5_content_chriskbwong_quickSort_quickSort.py_cleaned.py,0,0,0.9449946880340576,0.055005282163619995
kat3,10852_92_content_paulfauthmayer_versopy_verso.py_cleaned.py,0,0,0.5009765625,0.4990234673023224
kat3,11099_16_content_Shweetz_BranchingGameSolver_branchingGame.py_cleaned.py,0,0,0.9518632292747498,0.048136770725250244
kat3,11105_20_content_Shweetz_Connect4Solver_solver.py_cleaned.py,0,0,0.8056321740150452,0.19436782598495483
kat3,11111_25_content_OmarGhoneim_wb-wikosophy_wikosopher.py_cleaned.py,0,1,0.45730334520339966,0.5426966547966003
kat3,11116_2_content_DavidWallacedot_recursiveFunctions.py_recursive.py_cleaned.py,0,0,0.9403530955314636,0.05964694544672966
kat3,11125_38_content_davidcarrollnyc_Recursive_Python_WebScraper_BeautifulSoup_into_MongoDB_insertIntoMongo.py_cleaned.py,0,1,0.23335674405097961,0.766643226146698
kat3,11127_38_content_VakinduPhilliam_Pattern_Matching_Python_Glob_Directory_Paths.py_cleaned.py,0,0,0.8169911503791809,0.1830088496208191
kat3,11129_3_content_deniselucey_Python_Recursive_Definitions_factorial.py_cleaned.py,0,0,0.9066531658172607,0.09334687888622284
kat3,11133_4_content_gracerichardson0_Recursive-Functions_max.py_cleaned.py,0,0,0.9219217896461487,0.07807815819978714
kat3,11139_9_content_OJFord_python-tailrecursion_tailrecursion.py_cleaned.py,0,1,0.3081902265548706,0.6918097138404846
kat3,11388_29_content_arthurdamm_RSA-Factoring-Challenge_test.py_cleaned.py,0,0,0.8727816939353943,0.12721827626228333
kat3,11393_41_content_yujiaoliang_rsa_yu01.py_cleaned.py,0,0,0.9597620368003845,0.04023794084787369
kat3,11400_52_content_CorrineTan_Digital-Signature-Schemes-Evaluation_eddsa_25519.py_cleaned.py,0,0,0.7570766806602478,0.2429232895374298
kat3,11405_62_content_taabishm2_Proactive-FDH-RSA-Signature_fileOp.py_cleaned.py,0,1,0.2267836183309555,0.7732163667678833
kat3,11409_66_content_MihaiGaidau_RSA_main.py_cleaned.py,0,0,0.9161096215248108,0.0838903859257698
kat3,11416_84_content_LatrecheYasser_Secure-Python-Chat_RSA.py_cleaned.py,0,0,0.6208515167236328,0.3791484832763672
kat3,11423_93_content_entropy2333_RSA_exponential.py_cleaned.py,0,0,0.6442251205444336,0.3557748794555664
kat3,11430_97_content_rusrom_cryptography_rsa_sign_create.py_cleaned.py,0,1,0.38745853304862976,0.6125414371490479
kat3,11685_11_content_rburkholder_debconf-get-selections-sort_seed.sort.py_cleaned.py,0,0,0.9750121831893921,0.02498779445886612
kat3,11695_17_content_Ryan-Fortner_selection_sort_selection_sort.py_cleaned.py,0,1,0.11920291930437088,0.8807970285415649
kat3,11701_21_content_AntonisFK_selection_sort_python_selectionSort.py_cleaned.py,0,0,0.9213575720787048,0.07864238321781158
kat3,11703_23_content_AMARPATEEL_Selection-sort-in-python_selection_by_user_input.py_cleaned.py,0,0,0.929951012134552,0.07004895806312561
kat3,11710_28_content_kurtalex_selection_sort_alhorithm_selection_sort.py_cleaned.py,0,1,0.05834583565592766,0.9416541457176208
kat3,11718_34_content_rajdas2001_Sorting-of-lists-arrays_Bubble_Sort.py_cleaned.py,0,0,0.808672308921814,0.19132769107818604
kat3,11723_45_content_Dimildizio_pyqt_traincars_sort_cars_coal.py_cleaned.py,0,0,0.6863700151443481,0.31362995505332947
kat3,11726_5_content_Algomaster0628_SelectionSortAlgorithm_selection_sort.py_cleaned.py,0,1,0.07640768587589264,0.9235923886299133
kat3,11973_2_content_IhsanPratama_ccvs_functions.py_cleaned.py,0,1,0.29057809710502625,0.7094219326972961
kat3,11980_5_content_SorinMA_steganografie_steganoDecode.py_cleaned.py,0,0,0.7490872144699097,0.25091278553009033
kat3,11981_5_content_SorinMA_steganografie_steganoEncode.py_cleaned.py,0,0,0.7490872144699097,0.25091278553009033
kat3,12032_13_content_preetidurai_Spam-Ham-Classification-using-NB-and-LR_naiveBayes.py_cleaned.py,0,0,0.9105454087257385,0.08945459872484207
kat3,12041_16_content_knair97_Sentiment-Analysis-of-Amazon-Reviews_svm.py_cleaned.py,0,0,0.5303999185562134,0.4696000814437866
kat3,12046_16_content_NB-prog_INTERN-2019_similarity_eval.py_cleaned.py,0,1,0.14511536061763763,0.854884684085846
kat3,12047_16_content_NB-prog_INTERN-2019_train.py_cleaned.py,0,0,0.529567539691925,0.4704325199127197
kat3,12054_20_content_anasbadawy_Basic-NLP-Project_NLPProject.py_cleaned.py,0,0,0.9257686138153076,0.07423136383295059
kat3,12060_28_content_vinaykumarbu_sentiment-analysis-deeplearning_gui.py_cleaned.py,0,0,0.8524448275566101,0.1475551873445511
kat3,12068_5_content_alexeyev_nm_main.py_cleaned.py,0,1,0.4965820908546448,0.5034179091453552
kat3,12073_7_content_manuellah_bc-9-twitter-sentiment-app_twitter_sentiment.py_cleaned.py,0,0,0.6540113687515259,0.3459886312484741
kat3,12326_1_content_vuolleko_pyTSNE_bh_tsne.py_cleaned.py,0,0,0.7110297679901123,0.2889702320098877
kat3,12331_3_content_Lochanahasith_t-Distributed-Stochastic-Neighbor-Embedding-t-SNE-on-EC-dataset_tsne_with_ec.py_cleaned.py,0,0,0.9005298018455505,0.09947021305561066
kat3,12392_24_content_arjun1438_TF-IDF-and-Word2Vec-Using-PySpark_word_count_per_bookv1.py_cleaned.py,0,1,0.3178495764732361,0.6821503639221191
kat3,12398_33_content_mirkomantovani_web-search-engine-UIC_multithreaded_crawling.py_cleaned.py,0,1,0.37410447001457214,0.6258955001831055
kat3,12400_3_content_avinashbhat_keyword-extraction-using-tf-idf_main.py_cleaned.py,0,0,0.907312273979187,0.09268777817487717
kat3,12407_46_content_loulai_InformationRetrieval_information_retrieval.py_cleaned.py,0,1,0.10894504189491272,0.8910549879074097
kat3,12412_58_content_zhaoyichanghong_machine_learing_algo_python_bisecting_kmeans.py_cleaned.py,0,0,0.666279673576355,0.333720326423645
kat3,12418_60_content_muskantantia0_text-analytics_tf_idf.py_cleaned.py,0,0,0.963230550289154,0.03676946461200714
kat3,12422_6_content_sherlvick_sentimental-analysis_SVM_svm_pipe.py_cleaned.py,0,0,0.8661325573921204,0.13386750221252441
kat3,12430_7_content_luluforever_segword-and-TF-IDF_get_50_tf-idf.py_cleaned.py,0,0,0.9425067901611328,0.05749327689409256
kat3,12686_16_content_aplested_verify_file_tools.py_cleaned.py,0,1,0.06656918674707413,0.9334307909011841
kat3,12691_19_content_jamzrob_Simple-Kalman-Filter_Kalman_Filter.py_cleaned.py,0,0,0.9224823713302612,0.07751765847206116
kat3,12696_2_content_facebookresearch_reward-estimator-corl_configurations_continuous_gaussian.py_cleaned.py,0,1,0.15052762627601624,0.8494724035263062
kat3,12701_34_content_rutajoshi_polyfit_experiments_plot_functions.py_cleaned.py,0,1,0.07585817575454712,0.9241418242454529
kat3,12709_3_content_lostleaf_smear-detection_smear_det.py_cleaned.py,0,1,0.3869951069355011,0.6130049228668213
kat3,12712_40_content_Charles-Peeke_clinical_variances_sponsor_app.py_cleaned.py,0,1,0.05834583565592766,0.9416541457176208
kat3,12713_45_content_scott-trinkle_DIC_main.py_cleaned.py,0,0,0.5855752229690552,0.4144247770309448
kat3,12721_66_content_ChavezE_Parallel_PFVA_PCA.py_cleaned.py,0,0,0.7134315967559814,0.28656840324401855
kat3,12725_6_content_hongzimao_input_driven_rl_example_script.py_cleaned.py,0,1,0.48999157547950745,0.5100083947181702
kat3,12982_10_content_lulu150003_Web-Scraping-Project_ProfileCrawler2019.py_cleaned.py,0,0,0.9196425676345825,0.08035746961832047
kat3,12988_13_content_Ha-Mundo_Weather-Application_app.py_cleaned.py,0,1,0.053009770810604095,0.9469902515411377
kat3,12996_21_content_DaSunnySide_Stock-Analysis_csv_practice.py_cleaned.py,0,0,0.7581526637077332,0.24184733629226685
kat3,13003_29_content_vbelz_Lyrics_classifier_prepare_for_training.py_cleaned.py,0,1,0.05665242671966553,0.9433475732803345
kat3,13008_32_content_paolazola_Scraping-data-from-Web_textMining2.py_cleaned.py,0,1,0.27396270632743835,0.7260372638702393
kat3,13013_35_content_anoop123gupta_web_scraping_task4.py_cleaned.py,0,0,0.815232515335083,0.18476751446723938
kat3,13019_3_content_ahmedelfateh_scraping_CimaClub_scraper_urllib.py_cleaned.py,0,0,0.9039745330810547,0.0960254967212677
kat3,13026_45_content_umtpfe_Projet-scrapy_pagej.py_cleaned.py,0,1,0.4144247770309448,0.5855752229690552
kat3,13031_49_content_S-GH_WebtoonReply_Scraping-and-Sentiment_Analysis_2._Preprocess.py_cleaned.py,0,0,0.7962924242019653,0.2037075310945511
kat3,13036_59_content_Camille98_WebScraping_scrape.py_cleaned.py,0,0,0.9278878569602966,0.07211220264434814
kat3,13042_65_content_nyavramov_monitor_web_page_changes_monitor_unit_tests.py_cleaned.py,0,1,0.07585817575454712,0.9241418242454529
kat3,13046_71_content_sairoopb_WebScrape_CBase_code.py_cleaned.py,0,1,0.2114168256521225,0.7885831594467163
kat3,13052_76_content_sangeeta97_web-scraping_ru.py_cleaned.py,0,0,0.8955226540565491,0.10447731614112854
kat3,13053_76_content_staticparsley_HackerNews_WebScrape_scrape.py_cleaned.py,0,1,0.13296423852443695,0.8670357465744019
kat3,13057_7_content_sky-97_web-scraping-box-office-mojo_sc.py_cleaned.py,0,0,0.8074606657028198,0.19253936409950256
kat3,13065_8_content_casper-hansen_Web-Scraping-Reddit_scraper.py_cleaned.py,0,1,0.45177996158599854,0.5482200384140015
kat3,13069_94_content_adithyavasisth_VTU-Result-Scraper-with-CAPTCHA-Bypass_scraperrank.py_cleaned.py,0,0,0.949669361114502,0.05033063143491745
kat3,13075_96_content_sachinchaturvedi93_monster-scraper_monster-spider.py_cleaned.py,0,1,0.11201596260070801,0.8879840970039368
kat3,159_v3_14_content_willow617_AE2-Nets_test_hand.py_cleaned.py,1,1,0.16184942424297333,0.8381505608558655
kat3,166_v3_19_content_darkerego_blitzkloud_server.py_cleaned.py,1,1,0.09467770159244537,0.9053223133087158
kat3,171_v3_22_content_SivaRanjan17_AES-Multi-Client-Chat-System_server.py_cleaned.py,1,1,0.0443485826253891,0.9556514620780945
kat3,173_v3_23_content_ishannadeep_AES-and-Des-hybrid-encryption-algorithm-python-3_test.py_cleaned.py,1,1,0.03138043358922005,0.9686195850372314
kat3,182_v3_5_content_ongyongzheng_cass_utils.py_cleaned.py,1,1,0.04569203406572342,0.954308032989502
kat3,186_v3_7_content_denisyarats_pytorch_sac_ae_decoder.py_cleaned.py,1,1,0.24725967645645142,0.7527403235435486
kat3,191_v3_8_content_minjiang93_ECC_ecc.py_cleaned.py,1,0,0.8204693794250488,0.1795305609703064
kat3,440_v3_11_content_rjtmahinay_fuzzy-association-rule-mining_Apriori.py_cleaned.py,1,1,0.12721827626228333,0.8727816939353943
kat3,445_v3_13_content_bhavuk0909_Apriori_Bhavuk_apriori.py_cleaned.py,1,1,0.03185885772109032,0.9681411385536194
kat3,457_v3_3_content_Avinash793_FPGrowth-and-Apriori-algorithm-Association-Rule-Data-Mining_Apriori-algorithm-using-HashTree.py_cleaned.py,1,1,0.167763352394104,0.8322367072105408
kat3,463_v3_4_content_shubhamjha97_association-rule-mining-apriori_timing_wrapper.py_cleaned.py,1,1,0.046378206461668015,0.9536217451095581
kat3,469_v3_7_content_akshattrivedi_IT-Sales-With-Recommendation-System_manage.py_cleaned.py,1,1,0.23792991042137146,0.7620701193809509
kat3,473_v3_7_content_DMDarkness_Data-mining_fp2ar.py_cleaned.py,1,1,0.06008664518594742,0.9399133324623108
kat3,479_v3_9_content_jeffwang0516_Frequent-Itemset-Mining_apriori.py_cleaned.py,1,1,0.05964694544672966,0.9403530955314636
kat3,724_v3_12_content_kevinyang372_San-Francisco-crime-data-analysis_datasource.py_cleaned.py,1,1,0.03258974477648735,0.9674102663993835
kat3,729_v3_17_content_strategist922_sales_forecast_ana.py_cleaned.py,1,1,0.08269733935594559,0.917302668094635
kat3,734_v3_1_content_sadnessFree_arima-lstm_combine-linear.py_cleaned.py,1,1,0.0333368219435215,0.966663122177124
kat3,739_v3_1_content_sadnessFree_arima-lstm_lstm_keras.py_cleaned.py,1,1,0.17781086266040802,0.8221890926361084
kat3,744_v3_23_content_michailx_arima_example_arima_predictor.py_cleaned.py,1,1,0.027585284784436226,0.9724147915840149
kat3,751_v3_2_content_varun10221_ARIMA-model_s_and_p.py_cleaned.py,1,1,0.04569203406572342,0.954308032989502
kat3,757_v3_36_content_happycupofjava_Machine-Learning--Stock-Market-Prediction-using-ARIMA-Model_final_under_work.py_cleaned.py,1,1,0.043365802615880966,0.9566342234611511
kat3,762_v3_47_content_Eric-Muthemba_investing_scrapper.py_cleaned.py,1,1,0.4829777479171753,0.5170221924781799
kat3,1013_v3_1_content_dedeco_dijkstra-bellman-ford_bellman_ford.py_cleaned.py,1,1,0.0753123089671135,0.9246877431869507
kat3,1019_v3_1_content_dedeco_dijkstra-bellman-ford_teste_lobo_djt.py_cleaned.py,1,1,0.10230470448732376,0.8976953029632568
kat3,1024_v3_1_content_jwan659_forex-arbitrage_BellmanFord.py_cleaned.py,1,1,0.08570927381515503,0.914290726184845
kat3,1029_v3_1_content_shahzad-virani_Distance-vector_DVR.py_cleaned.py,1,1,0.0753123089671135,0.9246877431869507
kat3,1035_v3_3_content_abdulqadirs_distance-vector-routing-protocol_DVR.py_cleaned.py,1,1,0.09268777817487717,0.907312273979187
kat3,1046_v3_4_content_mtnyrgn_Bellman-Ford-Algorithm-with-Python_bellman-ford.py_cleaned.py,1,1,0.1540575623512268,0.8459424376487732
kat3,1053_v3_6_content_mmcetindag_ShortestPathAlgorithms_dijkstra.py_cleaned.py,1,1,0.11008787900209427,0.8899121284484863
kat3,1059_v3_7_content_jerrguo_cybitrage_app.py_cleaned.py,1,1,0.08632348477840424,0.9136765599250793
kat3,1300_v3_1_content_minar09_bfscore_python_evaluate_single_image.py_cleaned.py,1,1,0.05834583565592766,0.9416541457176208
kat3,1305_v3_25_content_unifiprojects_TemporalGraphs_DFS-v1.py_cleaned.py,1,1,0.04778006672859192,0.9522199034690857
kat3,1311_v3_33_content_gquintela_bfs_graph.py_cleaned.py,1,1,0.08269733935594559,0.917302668094635
kat3,1317_v3_43_content_odubno_ford-fulkerson-max-flow_test_max_flow.py_cleaned.py,1,1,0.06465348601341248,0.9353464841842651
kat3,1322_v3_4_content_SadraSamadi_n_queens_n_queens.py_cleaned.py,1,1,0.32637879252433777,0.6736212372779846
kat3,1332_v3_7_content_gchacaltana_BreadthFirstSearch_DepthFirstSearch_UninformedSearchAlgorithm.py_cleaned.py,1,1,0.07640768587589264,0.9235923886299133
kat3,1338_v3_8_content_abpaudel_8-puzzle_iddfs.py_cleaned.py,1,1,0.05749327689409256,0.9425067901611328
kat3,1581_v3_11_content_sergiy-chumachenko_Lists_sorting_and_binary_search_sort_BSCL.py_cleaned.py,1,1,0.12252321094274521,0.8774768114089966
kat3,1588_v3_22_content_N8Brooks_lcs_hash_search_lcs_finder.py_cleaned.py,1,1,0.04958902671933174,0.9504110217094421
kat3,1593_v3_29_content_udwivedi394_binarySearchTree_binarySearchTree.py_cleaned.py,1,1,0.14511536061763763,0.854884684085846
kat3,1597_v3_34_content_jhomswk_Binary_Search_Tree_avl_tree.py_cleaned.py,1,1,0.07263670116662979,0.9273632764816284
kat3,1601_v3_3_content_6e726d_binaryninja-search___init__.py_cleaned.py,1,1,0.06560482829809189,0.9343951344490051
kat3,1607_v3_44_content_thibault-lahire_ALAS_loss_function.py_cleaned.py,1,1,0.11476478725671768,0.8852352499961853
kat3,1613_v3_57_content_Nirusha1_Binary-Search-Tree-_binaryTree.py_cleaned.py,1,1,0.32766830921173096,0.672331690788269
kat3,1620_v3_75_content_mcsteve-e_project-4_4.01.py_cleaned.py,1,1,0.09534946084022522,0.9046505093574524
kat3,1859_v3_10_content_shehand_Game_Graphics_using_Binary_Search_Tree_calc.py_cleaned.py,1,1,0.08945459872484207,0.9105454087257385
kat3,1867_v3_1_content_jdmcpeek_pretty-print-binary-tree_tree.py_cleaned.py,1,1,0.16132023930549622,0.8386797308921814
kat3,1872_v3_27_content_gabysoares_PythonBinaryTree_ReconstructTree.py_cleaned.py,1,1,0.08694165199995041,0.9130582809448242
kat3,1877_v3_33_content_hexingwei_Binary-tree_tree.py_cleaned.py,1,1,0.2913839817047119,0.7086160182952881
kat3,1882_v3_42_content_nidhigup01_Least-Common-Ancestor-in-Binary-tree_self_least_common_ancestor.py_cleaned.py,1,1,0.04742587357759476,0.9525741338729858
kat3,1888_v3_54_content_AhmedRaafat14_Binary-Tree-traversal_BST.py_cleaned.py,1,1,0.09268777817487717,0.907312273979187
kat3,1893_v3_5_content_domodomodomo_binary_search_tree_test.py_cleaned.py,1,1,0.32380759716033936,0.6761924028396606
kat3,1900_v3_81_content_AndreaG93_BST-Lazy-Deletion_binarySearchTreeLazyDeletionAVL.py_cleaned.py,1,1,0.10521053522825241,0.894789457321167
kat3,2145_v3_11_content_lanaelsanyoura_BubbleSort_object_graphics.py_cleaned.py,1,1,0.31489264965057373,0.6851073503494263
kat3,2149_v3_23_content_mkhambat_Bubble-and-insertion-sort_sorting.py_cleaned.py,1,1,0.05582313984632492,0.9441768527030945
kat3,2154_v3_29_content_zcogley_Bubble-Sort_bubble_sort.py_cleaned.py,1,1,0.04569203406572342,0.954308032989502
kat3,2159_v3_33_content_Ryan-Fortner_bubble_sort_bubble_sort.py_cleaned.py,1,1,0.06233103945851326,0.9376689791679382
kat3,2165_v3_48_content_anowarh2514_Bubble-Sort-Algorithm-in-Python_Bubble_Sort_Algorithm.py_cleaned.py,1,1,0.11838509887456894,0.8816148638725281
kat3,2170_v3_54_content_SteevenBrunner_Bubble-sort-python_bubble_sort.py_cleaned.py,1,1,0.22953520715236664,0.7704647779464722
kat3,2175_v3_66_content_abouchan01_Merge-Bubble-Sort-con-_interfazGrafica.py_cleaned.py,1,1,0.4194101393222809,0.5805898904800415
kat3,2182_v3_79_content_lorenzo3117_python-sorting-scripts_quickSort.py_cleaned.py,1,1,0.08632348477840424,0.9136765599250793
kat3,2187_v3_85_content_Dimildizio_pyqt_traincars_sort_cars_coal.py_cleaned.py,1,1,0.15662017464637756,0.8433797955513
kat3,2434_v3_16_content_hungapp_big_o_01-29-HW.py_cleaned.py,1,1,0.06187598407268524,0.9381240010261536
kat3,2439_v3_19_content_Shooobz_BigData-ProjectOne_mongoSandbox.py_cleaned.py,1,1,0.06754669547080994,0.9324532747268677
kat3,2446_v3_24_content_UZziell_bigO-estimate_gui.py_cleaned.py,1,1,0.2818007469177246,0.7181993126869202
kat3,2453_v3_30_content_sdws1983_The-big-data-OF-The-Plant-Cell_parse-abstract.py_cleaned.py,1,1,0.07807815819978714,0.9219217896461487
kat3,2455_v3_32_content_jtuckerk_oscar_prediction_imdb_data_create.py_cleaned.py,1,1,0.14080817997455597,0.8591918349266052
kat3,2462_v3_54_content_wilrnh_oneoffs_file2mail.py_cleaned.py,1,1,0.03704717382788658,0.9629528522491455
kat3,2469_v3_5_content_anguillanneuf_bigO_38_rabin_karp.py_cleaned.py,1,1,0.10521053522825241,0.894789457321167
kat3,2479_v3_80_content_hanas879_Payday-2-Big-Oil-Engine-Calculator_engineCalculator.py_cleaned.py,1,1,0.07696083933115005,0.9230391979217529
kat3,2734_v3_11_content_kirokuan_Idf-tf-DocCompare_VectorSpace.py_cleaned.py,1,1,0.09534946084022522,0.9046505093574524
kat3,2735_v3_11_content_nilesh2797_Movie-recommendation_main-filter.py_cleaned.py,1,0,0.5632578134536743,0.4367421269416809
kat3,2749_v3_2_content_swapnilg915_cosine_similarity_using_embeddings_tfidf_similarity.py_cleaned.py,1,1,0.30321577191352844,0.696784257888794
kat3,2756_v3_4_content_heaven00_cosine_similarities_stream.py_cleaned.py,1,1,0.03283695504069328,0.9671630263328552
kat3,2764_v3_7_content_chmullig_culpabuddies_hello.py_cleaned.py,1,1,0.27009499073028564,0.7299049496650696
kat3,2773_v3_9_content_vbelz_Movie-recommender_recommender_tools.py_cleaned.py,1,1,0.15713685750961304,0.842863142490387
kat3,3010_v3_13_content_FlorentF9_DESOM_sharpness.py_cleaned.py,1,1,0.02931223064661026,0.970687747001648
kat3,3015_v3_18_content_theorisons_loto_fonction.py_cleaned.py,1,1,0.06903792917728424,0.930962085723877
kat3,3019_v3_24_content_GrayHat12_Desktop-GrayBot_lyrics.py_cleaned.py,1,1,0.04177388176321983,0.9582261443138123
kat3,3026_v3_35_content_fireclawthefox_DirectGuiDesigner_main.py_cleaned.py,1,1,0.15869519114494324,0.8413047790527344
kat3,3030_v3_48_content_TeddyBoomer_grapheMPM_test_subgraphs.py_cleaned.py,1,1,0.08694165199995041,0.9130582809448242
kat3,3036_v3_71_content_aivanova5_tariff_design_main.py_cleaned.py,1,1,0.16398024559020996,0.83601975440979
kat3,3047_v3_92_content_FranzScheerer_DES_eccv.py_cleaned.py,1,1,0.1259227693080902,0.8740772008895874
kat3,3049_v3_92_content_FranzScheerer_DES_P3160.py_cleaned.py,1,1,0.07369627058506012,0.9263036847114563
kat3,3301_v3_1_content_akhilesh1311_MazeSolver_path_planning.py_cleaned.py,1,1,0.15002882480621338,0.8499711751937866
kat3,3308_v3_32_content_sefirakarina_bfs-dfs_bfsDfs.py_cleaned.py,1,1,0.22746935486793518,0.7725306749343872
kat3,3313_v3_40_content_cofinley_sudoku_cell.py_cleaned.py,1,1,0.17441026866436005,0.8255897164344788
kat3,3320_v3_68_content_mehmetozanguven_MazeSolver-AI-Programming_PriorityQueueImpl.py_cleaned.py,1,1,0.08035746961832047,0.9196425676345825
kat3,3325_v3_6_content_zhenv5_breaking_cycles_in_noisy_hierarchies_true_skill.py_cleaned.py,1,1,0.05707140266895294,0.9429286122322083
kat3,3330_v3_7_content_GabrielBortolote_BFS-and-DFS-Tree_BFS.py_cleaned.py,1,1,0.049958523362874985,0.9500414729118347
kat3,3335_v3_85_content_adamkanouse_better-lineups-dfs_lineup_nba_fanduel.py_cleaned.py,1,1,0.11436852067708969,0.8856314420700073
kat3,3339_v3_98_content_Eddward27_Blocks-World_busqueda.py_cleaned.py,1,1,0.08756384998559952,0.9124361872673035
kat3,3590_v3_13_content_alu0100821390_diffie-hellman_diffie-hellman.py_cleaned.py,1,1,0.0333368219435215,0.966663122177124
kat3,3595_v3_20_content_FMI-VT_Simplest-OT-Python-Implementation_OT.py_cleaned.py,1,1,0.1535491794347763,0.8464508652687073
kat3,3602_v3_24_content_Brew8it_Python_DHAES_server.py_cleaned.py,1,1,0.3345894515514374,0.665410578250885
kat3,3610_v3_29_content_fwoodruff_ECDH_TypeConversion.py_cleaned.py,1,1,0.04885777831077576,0.9511421918869019
kat3,3617_v3_37_content_anagnostouJohn_Simple_DF_Socket_clien.py_cleaned.py,1,1,0.03704717382788658,0.9629528522491455
kat3,3622_v3_4_content_gionanide_Cryptography_manipulate_CRC_computations.py_cleaned.py,1,1,0.05108273774385452,0.9489172697067261
kat3,3629_v3_6_content_picrin_DiffieHellmanChallenge_discreteLogEfficient.py_cleaned.py,1,1,0.04115288704633713,0.9588471055030823
kat3,3635_v3_81_content_Saiteja-Reddy_Basic-SFTP_caesar_cipher.py_cleaned.py,1,1,0.09334687888622284,0.9066531658172607
kat3,3883_v3_13_content_scedu25_EU-Rail_heap_priority_queue.py_cleaned.py,1,1,0.35958898067474365,0.6404110193252563
kat3,3891_v3_18_content_maxsonferovante_Dijkstra_dijsktra.py_cleaned.py,1,1,0.14128142595291138,0.8587185740470886
kat3,3896_v3_23_content_gquintela_dijkstra_main.py_cleaned.py,1,1,0.3354596793651581,0.6645402908325195
kat3,3901_v3_33_content_arbitraryrw_dijkstras_algorithm_main.py_cleaned.py,1,1,0.04778006672859192,0.9522199034690857
kat3,3908_v3_50_content_krj9cr_Hybrid-Prim-Dijkstra-GUI_Helpers.py_cleaned.py,1,1,0.03649376705288887,0.9635062217712402
kat3,3920_v3_88_content_NoFishLikeIan_Dijkstra_currency_currency_api.py_cleaned.py,1,1,0.05707140266895294,0.9429286122322083
kat3,3922_v3_99_content_mincanhe_Network-routing-protocol_Dijkstra.py_cleaned.py,1,1,0.06142403930425644,0.9385759830474854
kat3,4167_v3_12_content_dxania_Fizzbuzz_fizzbuzz_tests.py_cleaned.py,1,1,0.07978201657533646,0.9202179908752441
kat3,4180_v3_27_content_SethEggerRocks_WakingMoments_WakingMoments.py_cleaned.py,1,1,0.04958902671933174,0.9504110217094421
kat3,4184_v3_3_content_HundredVisionsGuy_DivisibilityExceptionHandlingTests_test_Divisibility.py_cleaned.py,1,1,0.12896330654621124,0.87103670835495
kat3,4186_v3_4_content_captainACE_python-ADVANCEMATH-lib_ap.py_cleaned.py,1,1,0.043042849749326706,0.9569571614265442
kat3,4191_v3_5_content_AdamJacoby_Hopf_ExampleGroup_Functions.py_cleaned.py,1,1,0.03567855432629585,0.9643214344978333
kat3,4196_v3_5_content_AdamJacoby_Hopf_Example_Taft.py_cleaned.py,1,1,0.05146276578307152,0.9485372304916382
kat3,4201_v3_6_content_marcelotokarnia_dojo-divisibility-rules_is_divisible.py_cleaned.py,1,1,0.04778006672859192,0.9522199034690857
kat3,4205_v3_7_content_Broski-AC_FizzBuzz1_Fizzbuzz.py_cleaned.py,1,1,0.08819004893302917,0.9118099808692932
kat3,4210_v3_8_content_KreandOStudio_FizzBuzz_fizzbuzz.py_cleaned.py,1,1,0.12896330654621124,0.87103670835495
kat3,4450_v3_11_content_Patrick-Doucet_Elliptic-Curve-Cryptography_EllipticCurve.py_cleaned.py,1,1,0.07751765847206116,0.9224823713302612
kat3,4455_v3_17_content_achusat_Elliptic_Curve_Cryptography_ecc.py_cleaned.py,1,1,0.09534946084022522,0.9046505093574524
kat3,4460_v3_20_content_UAvinash7_Cryptography_AsymmetricRSAAlgorithm.py_cleaned.py,1,1,0.0384661927819252,0.961533784866333
kat3,4466_v3_27_content_ayaar25_elgamalecceg_interface.py_cleaned.py,1,1,0.05460060387849808,0.9453993439674377
kat3,4472_v3_2_content_johndoe31415_toyecc_ecctest.py_cleaned.py,1,1,0.06656918674707413,0.9334307909011841
kat3,4476_v3_2_content_Yash0day_ElgamalEncryption-using-ECC_Hash.py_cleaned.py,1,1,0.06142403930425644,0.9385759830474854
kat3,4477_v3_3_content_dare2095_EllipticCurveProject_ec_run.sage.py_cleaned.py,1,1,0.1212688684463501,0.8787311315536499
kat3,4483_v3_6_content_gionanide_Cryptography_ECC_DH_key_exchange.py_cleaned.py,1,1,0.042087726294994354,0.957912266254425
kat3,4484_v3_6_content_gionanide_Cryptography_manipulate_CRC_computations.py_cleaned.py,1,1,0.04401865229010582,0.9559813141822815
kat3,4631_v3_1_content_amazingspain_ExponentialSmoothing_finalWorldQuant.py_cleaned.py,1,1,0.0378924235701561,0.9621075391769409
kat3,4636_v3_3_content_RobbieXie_ExponentialSmoothing_Holt_Winters.py_cleaned.py,1,1,0.0333368219435215,0.966663122177124
kat3,4642_v3_9_content_Soumyabrata_predicting-pwv_pwv_forecasting.py_cleaned.py,1,1,0.32209935784339905,0.6779006123542786
kat3,4824_v3_11_content_kousu_primes_wsieve_b.py_cleaned.py,1,0,0.8238958716392517,0.1761041283607483
kat3,4830_v3_23_content_AndreasChatz_factorial_constants.py_cleaned.py,1,1,0.07004895806312561,0.929951012134552
kat3,4837_v3_3_content_kressi_turing_turing.py_cleaned.py,1,1,0.03210070729255676,0.9678993225097656
kat3,4844_v3_51_content_adityapatelgithub_Expressions-and-Functions_evalpostfix.py_cleaned.py,1,1,0.14953137934207916,0.8504685759544373
kat3,4850_v3_5_content_brown9804_Python_DiversosAlgortimos_CreandoMatrizApartirTXT.py_cleaned.py,1,1,0.0427221953868866,0.957277774810791
kat3,4856_v3_8_content_amit0-git_simple-python-program_English-alphabets.py_cleaned.py,1,1,0.34334173798561096,0.6566582322120667
kat3,4861_v3_97_content_mjurk456_mini-snakes_love_calculator.py_cleaned.py,1,1,0.06142403930425644,0.9385759830474854
kat3,5103_v3_10_content_edwardj728_sequences_project_sequences.py_cleaned.py,1,1,0.0541987270116806,0.9458011984825134
kat3,5109_v3_13_content_frederikpietzko_fun_with_python_gdc_euclidian_algorithm.py_cleaned.py,1,1,0.09670579433441162,0.9032942056655884
kat3,5115_v3_21_content_danielleos_Fibonacci-Generator_main.py_cleaned.py,1,1,0.05070536211133003,0.9492946267127991
kat3,5119_v3_44_content_Mazuh_Fibonacci_fib_benchmark.py_cleaned.py,1,1,0.04707418009638786,0.9529258608818054
kat3,5124_v3_49_content_ajh1143_FibonacciScatterPlot_FibonacciScatter.py_cleaned.py,1,1,0.05223085358738899,0.9477691650390625
kat3,5130_v3_60_content_michaelstrefeler_pyFibonacci_fibonacci.py_cleaned.py,1,1,0.06233103945851326,0.9376689791679382
kat3,5136_v3_61_content_gpwood_fibonacciOfOrderN_pad.py_cleaned.py,1,1,0.13072869181632996,0.8692712783813477
kat3,5145_v3_99_content_MatheusMuriel_ProgramacaoDinamica_fib_rec_memorization.py_cleaned.py,1,1,0.09203286468982697,0.907967209815979
kat3,5355_v3_11_content_liam-han_all-pairs-shortest-path_test.py_cleaned.py,1,1,0.06052938848733902,0.9394705891609192
kat3,5358_v3_13_content_AtahanCelebi_En-K-sa-Yol_map_distance.py_cleaned.py,1,1,0.04146227240562439,0.9585376977920532
kat3,5362_v3_14_content_arnaudperalta_py_graphpath_graph.py_cleaned.py,1,1,0.10447731614112854,0.8955226540565491
kat3,5367_v3_1_content_nilsonneto_floydWarshall_main.py_cleaned.py,1,1,0.06097518280148506,0.939024806022644
kat3,5382_v3_7_content_tsingh94_Bellman-Ford-and-Floyd-Warshall-Algorithms_Shortestdistance_graph_algos.py_cleaned.py,1,1,0.24981306493282318,0.7501869201660156
kat3,5602_v3_10_content_Suji04_ML-Clustering_hccluster.py_cleaned.py,1,1,0.03384403511881828,0.966156005859375
kat3,5608_v3_20_content_a-hamza-r_Hierarchical-Clustering_hpc_classify.py_cleaned.py,1,1,0.2825919985771179,0.7174080014228821
kat3,5615_v3_29_content_gentom_sentences-similarity-cluster_levenshtein.py_cleaned.py,1,1,0.08210662752389908,0.9178933501243591
kat3,5621_v3_33_content_apoorvpatne10_Hierarchical-clustering_hc.py_cleaned.py,1,1,0.1830088496208191,0.8169911503791809
kat3,5629_v3_4_content_wazzaarvind_Clustering-Algorithms_reducer.py_cleaned.py,1,1,0.42536652088165283,0.5746335387229919
kat3,5636_v3_55_content_taksug229_Python-hierarchical-clustering_Working_Data_Hierarchical_Clustering.py_cleaned.py,1,1,0.2146914154291153,0.7853085398674011
kat3,5643_v3_6_content_yasinakinn_hierarchical-clustering_linkage_methods.py_cleaned.py,1,1,0.028007520362734795,0.9719924926757812
kat3,5648_v3_99_content_sadhana-lenkala_Clustering-Models-for-retail-store_Hierarchial_Clsutering.py_cleaned.py,1,1,0.1490352898836136,0.8509646654129028
kat3,5893_v3_12_content_gabrielviggiano_MD_Huffman_huffman.py_cleaned.py,1,1,0.14175599813461304,0.858244001865387
kat3,5899_v3_16_content_loalberto_Analysis-of-Compression-Algorithms-_HuffmanCoding.py_cleaned.py,1,1,0.15456733107566833,0.845432698726654
kat3,5903_v3_19_content_CQuocDat_huffman_de_huffman.py_cleaned.py,1,1,0.1063188761472702,0.8936811685562134
kat3,5914_v3_24_content_maganoegi_huffman_compressor_comp_PLATONOV_MPACKO.py_cleaned.py,1,1,0.09009299427270889,0.9099069833755493
kat3,5917_v3_26_content_liangsheng02_Huffman-Tree_huff-decompress.py_cleaned.py,1,1,0.12210386246442795,0.8778960704803467
kat3,5921_v3_31_content_alonek1_huffman_compression_algorithm_haffmen.py_cleaned.py,1,1,0.04922211915254593,0.9507778882980347
kat3,5925_v3_3_content_xiekch_Adaptive-Huffman-Coding_bitStream.py_cleaned.py,1,1,0.3763938844203949,0.6236061453819275
kat3,5931_v3_49_content_andreanndrade10_Huffman-Compressor_huffman.py_cleaned.py,1,1,0.05964694544672966,0.9403530955314636
kat3,5936_v3_7_content_sambiak_Codage-de-Huffman_v2.py_cleaned.py,1,1,0.4581138491630554,0.5418861508369446
kat3,6178_v3_18_content_akrentsel_insertion-sort-graph_insertion_sort_graph.py_cleaned.py,1,1,0.06418264657258987,0.9358173608779907
kat3,6183_v3_21_content_CanKorkut_Python-Sort-Algorithm_quick.py_cleaned.py,1,1,0.11436852067708969,0.8856314420700073
kat3,6189_v3_24_content_lesdev_SortingMethods_Insertion.py_cleaned.py,1,1,0.29098084568977356,0.709019124507904
kat3,6196_v3_26_content_manzala_Analysis-of-Algorithms_merge_sort.py_cleaned.py,1,1,0.12421300262212753,0.8757869601249695
kat3,6200_v3_30_content_rogerdenisvieira_bidirectional-conditional-insertion-sort_unit_tests.py_cleaned.py,1,1,0.268557608127594,0.731442391872406
kat3,6206_v3_45_content_ilkayDevran_Analysis_of_Sorting_Algorithms_pyplot.py_cleaned.py,1,1,0.048136770725250244,0.9518632292747498
kat3,6212_v3_4_content_jomse_InsertionSort_tests.py_cleaned.py,1,1,0.14854055643081665,0.8514594435691833
kat3,6213_v3_50_content_shre007_Implementation-and-comparison-of-sorting-algorithms_merge.py_cleaned.py,1,1,0.06233103945851326,0.9376689791679382
kat3,6219_v3_9_content_ezequielbrrt_insertionSortPython_barra.py_cleaned.py,1,0,0.8418256044387817,0.15817435085773468
kat3,6463_v3_14_content_gravelund-gis_MapSorter_KMeans_analysis.py_cleaned.py,1,1,0.06418264657258987,0.9358173608779907
kat3,6468_v3_26_content_rithvikrao_MarqueeAnalysis_visualization.py_cleaned.py,1,1,0.03541072458028793,0.9645892381668091
kat3,6475_v3_36_content_OneWinged-Eagle_spotimy_getArtists.py_cleaned.py,1,1,0.05033063143491745,0.949669361114502
kat3,6481_v3_42_content_aryanshar_TextMining_extract.py_cleaned.py,1,1,0.04742587357759476,0.9525741338729858
kat3,6489_v3_53_content_ohrockness_k-means-clustering-in-python_k-means.py_cleaned.py,1,1,0.26246359944343567,0.7375364303588867
kat3,6494_v3_5_content_teawifi_k-means_clustering_loader.py_cleaned.py,1,1,0.039048291742801666,0.9609517455101013
kat3,6499_v3_6_content_samirgupta_PubmedClustering_dumpDiseaseDict.py_cleaned.py,1,1,0.04146227240562439,0.9585376977920532
kat3,6755_v3_14_content_jldbc_gutenberg_populate_db.py_cleaned.py,1,1,0.05223085358738899,0.9477691650390625
kat3,6761_v3_1_content_MarcoForte_knn-matting_knn_matting.py_cleaned.py,1,1,0.03622005879878998,0.9637799859046936
kat3,6767_v3_26_content_mosco_geodesic-knn_test_dijkstra.py_cleaned.py,1,1,0.0378924235701561,0.9621075391769409
kat3,6771_v3_29_content_vtheno_kNN_one_line.py_cleaned.py,1,1,0.04707418009638786,0.9529258608818054
kat3,6776_v3_33_content_wpaturaj_FuzzyKNN_Sample_read.py_cleaned.py,1,1,0.03704717382788658,0.9629528522491455
kat3,6777_v3_35_content_phaniavi_project_5th_sem_KNN_reducer.py_cleaned.py,1,0,0.7813306450843811,0.21866938471794128
kat3,6783_v3_46_content_whoif_Cost-Sensitive-KNN_plotHelper.py_cleaned.py,1,1,0.04023794084787369,0.9597620368003845
kat3,6788_v3_7_content_cp2-dc-info-lamp-2018_iris-knn_nao_somos_botanicos.py_cleaned.py,1,1,0.07640768587589264,0.9235923886299133
kat3,6794_v3_96_content_catirado_MachineLearning_kmeans.py_cleaned.py,1,1,0.03514484688639641,0.9648551344871521
kat3,7048_v3_16_content_sharatchandraj_MaxBandwidthPath_DijkstrasWithHeap.py_cleaned.py,1,1,0.3354596793651581,0.6645402908325195
kat3,7053_v3_20_content_kavyasree-bvs_Network-Optimization_vertex.py_cleaned.py,1,1,0.08035746961832047,0.9196425676345825
kat3,7059_v3_2_content_carlosguadir_kruskal_Nodo.py_cleaned.py,1,1,0.1555909812450409,0.8444089889526367
kat3,7063_v3_35_content_jaxarthur_2dmazegenerator_gen2dmaze.py_cleaned.py,1,1,0.048496004194021225,0.9515040516853333
kat3,7066_v3_5_content_gabriel-arauj_grafos_teste_desempenho.py_cleaned.py,1,1,0.0627892017364502,0.937210738658905
kat3,7071_v3_7_content_Aly-Tomato_Prims-and-Kruskals_kruskals.py_cleaned.py,1,1,0.07055959850549698,0.929440438747406
kat3,7073_v3_7_content_Aly-Tomato_Prims-and-Kruskals_test.py_cleaned.py,1,1,0.10194651782512665,0.8980534672737122
kat3,7080_v3_9_content_emmanuj_mst-solver_edge.py_cleaned.py,1,1,0.06903792917728424,0.930962085723877
kat3,7333_v3_10_content_nishi1612_Email-Spam-Classification-using-SVM_extracting_unique_words_from_all_emails.py_cleaned.py,1,1,0.04958902671933174,0.9504110217094421
kat3,7338_v3_12_content_ianscottknight_Predicting-Myers-Briggs-Type-Indicator-with-Recurrent-Neural-Networks_baseline.py_cleaned.py,1,1,0.08632348477840424,0.9136765599250793
kat3,7342_v3_12_content_ianscottknight_Predicting-Myers-Briggs-Type-Indicator-with-Recurrent-Neural-Networks_separate_clean_and_unclean.py_cleaned.py,1,1,0.13799647986888885,0.86200350522995
kat3,7347_v3_12_content_romanorac_elastic_localized_search_models_elastic.py_cleaned.py,1,1,0.340046763420105,0.6599532961845398
kat3,7354_v3_17_content_gorarakelyan_JointUD_parse.py_cleaned.py,1,1,0.11162799596786499,0.888372004032135
kat3,7360_v3_1_content_hipster-philology_pyrrha_config.py_cleaned.py,1,1,0.15713685750961304,0.842863142490387
kat3,7365_v3_22_content_ashushekar_lemmatization-stemming_lemmatization-stemming.py_cleaned.py,1,1,0.05541279539465904,0.944587230682373
kat3,7370_v3_25_content_aajanki_finnish-pos-accuracy_datasets.py_cleaned.py,1,1,0.10743747651576996,0.8925625681877136
kat3,7626_v3_10_content_bradib0y_searchalgorithms_app.py_cleaned.py,1,1,0.07864238321781158,0.9213575720787048
kat3,7630_v3_11_content_NikitaGautam_FYP-Automatic-Word-Search-Puzzle-Solver_FYPPuzzle.py_cleaned.py,1,1,0.460417777299881,0.5395822525024414
kat3,7632_v3_11_content_sichen-x_search-engine_htable.py_cleaned.py,1,1,0.18242551386356354,0.8175744414329529
kat3,7642_v3_13_content_Pedinpsy_-inverted-index-search_hash.py_cleaned.py,1,1,0.11240507662296295,0.8875949382781982
kat3,7647_v3_15_content_jknight1725_linear_search_vs_random_search_random_case.py_cleaned.py,1,1,0.06097518280148506,0.939024806022644
kat3,7653_v3_1_content_Chunning-Zhou_MILPBasedSearchAlgorithmDiff_model.py_cleaned.py,1,1,0.24148939549922943,0.7585106492042542
kat3,7661_v3_2_content_hari526_LinearSearch_linearSearch.py_cleaned.py,1,1,0.042087726294994354,0.957912266254425
kat3,7666_v3_3_content_vellankikoti_linear_binary_linear_binary.py_cleaned.py,1,1,0.06903792917728424,0.930962085723877
kat3,7673_v3_6_content_neal-o-r_array_search_binary_search.py_cleaned.py,1,1,0.06418264657258987,0.9358173608779907
kat3,7920_v3_10_content_dedeco_crawler-linkedin-public-profiles_crawler.py_cleaned.py,1,1,0.11757213622331619,0.8824278712272644
kat3,7929_v3_1_content_morganc3_LinkedInHarvester_harvest.py_cleaned.py,1,1,0.3593641519546509,0.6406359076499939
kat3,7933_v3_22_content_harpreetsi_DataStructureImpl_StackImplUsingArrayTest.py_cleaned.py,1,1,0.16451644897460938,0.8354835510253906
kat3,7939_v3_26_content_alex-code4okc_LinkedList_linkedlist.py_cleaned.py,1,1,0.11676400899887085,0.8832359910011292
kat3,7949_v3_3_content_coreymyster_linked-lists_stack.py_cleaned.py,1,1,0.1431877166032791,0.8568122982978821
kat3,7953_v3_43_content_muhamuttaqien_python-data-structure_heap.py_cleaned.py,1,1,0.13296423852443695,0.8670357465744019
kat3,7956_v3_4_content_agvaibhav_linked-list_insertion-doubly.py_cleaned.py,1,1,0.09401018917560577,0.9059898257255554
kat3,7962_v3_7_content_udaram_Data-Structure_Doubly_linklist.py_cleaned.py,1,1,0.11201596260070801,0.8879840970039368
kat3,8215_v3_15_content_VakinduPhilliam_Pattern_Matching_Python_Difflib_Pattern_Matching_CL_Interface.py_cleaned.py,1,1,0.0384661927819252,0.961533784866333
kat3,8220_v3_15_content_VakinduPhilliam_Pattern_Matching_Python_Difflib_Pattern_Matching_Restore.py_cleaned.py,1,1,0.0443485826253891,0.9556514620780945
kat3,8228_v3_15_content_VakinduPhilliam_Pattern_Matching_Python_Glob_Directory_Paths.py_cleaned.py,1,1,0.02909075655043125,0.9709092378616333
kat3,8233_v3_1_content_jim-spyropoulos_Trajectory-Analysis-and-Classification-in-Python-Pandas-and-Scikit-Learn_fast_dtw_neigbors.py_cleaned.py,1,1,0.09467770159244537,0.9053223133087158
kat3,8239_v3_1_content_susheelsagar_LCSS_test.py_cleaned.py,1,1,0.03993731737136841,0.9600626826286316
kat3,8245_v3_4_content_sumedhvdatar_Longest_Common_Subsequence_lcs.py_cleaned.py,1,1,0.10338596254587173,0.8966140151023865
kat3,8253_v3_8_content_16chuang_CS161_Project_1a.py_cleaned.py,1,0,0.801314651966095,0.19868534803390503
kat3,8507_v3_12_content_chiforbogdan_naive-bayes-reputation_naive_bayes.py_cleaned.py,1,1,0.0753123089671135,0.9246877431869507
kat3,8521_v3_2_content_aspremon_NaiveFeatureSelection_DemoNFS.py_cleaned.py,1,1,0.04084571823477745,0.9591543078422546
kat3,8526_v3_3_content_ml-for-nlp_authorship-attribution_attribution.py_cleaned.py,1,1,0.032344330102205276,0.9676556587219238
kat3,8543_v3_87_content_tej06_NaiveBayes-Classification_training.py_cleaned.py,1,1,0.0443485826253891,0.9556514620780945
kat3,8546_v3_91_content_mahsarazavi_Text-Classification_naivebayes.py_cleaned.py,1,1,0.053009770810604095,0.9469902515411377
kat3,8791_v3_10_content_rsmith-nl_onepad_onepad.py_cleaned.py,1,1,0.046378206461668015,0.9536217451095581
kat3,8798_v3_14_content_b-hub_cracker_test.py_cleaned.py,1,1,0.05541279539465904,0.944587230682373
kat3,8800_v3_16_content_nicolasenciso_One-time-pad-crypto-algorithm_OneTimePad.py_cleaned.py,1,1,0.0541987270116806,0.9458011984825134
kat3,8806_v3_19_content_DennyHsieh_many-time-pad-attack_decrypt.py_cleaned.py,1,1,0.05460060387849808,0.9453993439674377
kat3,8814_v3_25_content_penji2_encode-OTP-client-server_coder.py_cleaned.py,1,1,0.05582313984632492,0.9441768527030945
kat3,8822_v3_32_content_Arhacai_ciphers_secret_messages.py_cleaned.py,1,1,0.07316471636295319,0.9268352389335632
kat3,8827_v3_6_content_ari-schoenfeld_OneTimePad_onetimepad.py_cleaned.py,1,1,0.05223085358738899,0.9477691650390625
kat3,8832_v3_9_content_klogdog_One-Time-Pad_OTP.py_cleaned.py,1,1,0.030908960849046707,0.9690910577774048
kat3,8995_v3_2_content_mayankagrawal93_Outlier-Analysis_cblof.py_cleaned.py,1,1,0.053799644112586975,0.9462003111839294
kat3,9194_v3_2_content_Warriorchief_Euler23_NonabundantSums_Euler23_Non-abundant_Sums.py_cleaned.py,1,1,0.03258974477648735,0.9674102663993835
kat3,9201_v3_3_content_iykadev_pyalgo_babil_square_root.py_cleaned.py,1,1,0.043691057711839676,0.956308901309967
kat3,9206_v3_3_content_iykadev_pyalgo_binary_search2.py_cleaned.py,1,1,0.10338596254587173,0.8966140151023865
kat3,9214_v3_3_content_iykadev_pyalgo_evolutionary_algo.py_cleaned.py,1,1,0.1755380630493164,0.8244618773460388
kat3,9220_v3_3_content_iykadev_pyalgo_hamming_numbers.py_cleaned.py,1,1,0.05184547230601311,0.9481545686721802
kat3,9226_v3_3_content_iykadev_pyalgo_lagged_fibonacci_gen.py_cleaned.py,1,0,0.9416541457176208,0.05834583565592766
kat3,9230_v3_3_content_iykadev_pyalgo_prime_numbers.py_cleaned.py,1,1,0.04501553252339363,0.9549844264984131
kat3,9486_v3_12_content_MarynaTatsevich_Machine-Learning-Regression-Techniques_Random_Forest_Regression.py_cleaned.py,1,1,0.11516223102807999,0.8848377466201782
kat3,9496_v3_2_content_MBKraus_Predicting_real_estate_prices_using_scikit-learn_Converter.py_cleaned.py,1,1,0.09268777817487717,0.907312273979187
kat3,9500_v3_45_content_swatimani16_Polynomial-Regression_code_final.py_cleaned.py,1,1,0.028652669861912727,0.9713473320007324
kat3,9507_v3_56_content_Desire100_Machine-Learning-Regression-Models-for-beginners_polynomial_linear_regression.py_cleaned.py,1,1,0.23022675514221191,0.7697732448577881
kat3,9512_v3_60_content_winnie9197_The-Coding-School-projects_linear-regression.py_cleaned.py,1,1,0.043365802615880966,0.9566342234611511
kat3,9518_v3_63_content_avitabayan_Machine-learning_simple_linear_regression.py_cleaned.py,1,1,0.1431877166032791,0.8568122982978821
kat3,9520_v3_64_content_LudweNyobo88_Polynomial-Regression_polynomial-regression.py_cleaned.py,1,1,0.043365802615880966,0.9566342234611511
kat3,9528_v3_8_content_gustavo-ren_PolynomialRegressionPython_polynomialRegression.py_cleaned.py,1,1,0.08819004893302917,0.9118099808692932
kat3,9778_v3_12_content_Rafelito19_Crypo-Number-Theory-Projects_ferm.py_cleaned.py,1,1,0.0753123089671135,0.9246877431869507
kat3,9784_v3_16_content_mukosh123_primegenetator_primeg.py_cleaned.py,1,1,0.07004895806312561,0.929951012134552
kat3,9791_v3_21_content_hagyu-aya_prime-number-bot_index.py_cleaned.py,1,0,0.8740772008895874,0.1259227693080902
kat3,9798_v3_25_content_Scientific-Computing-at-Temple-Physics_prime-number-finder-MicrowaveOfEvil_primes.py_cleaned.py,1,1,0.0446808747947216,0.9553191661834717
kat3,9805_v3_2_content_squeaky-godzilla_prime-factors_prime_factors.py_cleaned.py,1,1,0.06418264657258987,0.9358173608779907
kat3,9808_v3_35_content_ZachDischner_FizzBuzz_fizzbuzz.py_cleaned.py,1,1,0.07423136383295059,0.9257686138153076
kat3,9817_v3_7_content_Yasinbabu_prime_main.py_cleaned.py,1,1,0.04240383207798004,0.9575962424278259
kat3,9818_v3_82_content_joaoluga_python-rsa-algorithm_main.py_cleaned.py,1,1,0.08756384998559952,0.9124361872673035
kat3,10074_v3_11_content_Boros93_GraphProject_kruskal.py_cleaned.py,1,1,0.16398024559020996,0.83601975440979
kat3,10084_v3_22_content_mikaelharseno_DurianBot_allnodesolver.py_cleaned.py,1,1,0.14175599813461304,0.858244001865387
kat3,10090_v3_4_content_JosephFWright_Prims_Algorithm_Kruskals.py_cleaned.py,1,1,0.0832919329404831,0.9167081117630005
kat3,10099_v3_5_content_Fmccline_Prims-Algorithm_prims_algorithm_demo.py_cleaned.py,1,1,0.043365802615880966,0.9566342234611511
kat3,10105_v3_6_content_usbogie_MSTcreator_Sollins.py_cleaned.py,1,0,0.6614856719970703,0.3385143280029297
kat3,10107_v3_7_content_Aly-Tomato_Prims-and-Kruskals_kruskals.py_cleaned.py,1,1,0.12168575078248978,0.8783142566680908
kat3,10115_v3_9_content_krj9cr_Hybrid-Prim-Dijkstra-GUI_main.py_cleaned.py,1,0,0.8587185740470886,0.14128142595291138
kat3,10369_v3_16_content_KIKIRPA_Maldi2PCA_maldi2pca.py_cleaned.py,1,1,0.08694165199995041,0.9130582809448242
kat3,10378_v3_31_content_bavdekar_pca_pca.py_cleaned.py,1,1,0.08882028609514236,0.9111796617507935
kat3,10384_v3_49_content_christianThardy_Principal-Component-Analysis_pca.py_cleaned.py,1,1,0.04958902671933174,0.9504110217094421
kat3,10390_v3_5_content_cylance_lazy-stochastic-principal-component-analysis_plot_model_perf.py_cleaned.py,1,1,0.05033063143491745,0.949669361114502
kat3,10396_v3_6_content_LinHungShi_Principal-Component-Analysis-for-Images_pca_whole_image.py_cleaned.py,1,1,0.07107366621494293,0.9289263486862183
kat3,10399_v3_7_content_syamkakarla98_PCA-On-IRIS-Dataset-With-Classification-Using-KNNC_iris_after_pca_knnc.py_cleaned.py,1,1,0.06954174488782883,0.9304582476615906
kat3,10405_v3_89_content_dronabanerjee_PCA-and-EM_hw03.py_cleaned.py,1,1,0.08945459872484207,0.9105454087257385
kat3,10409_v3_92_content_linasaha_Principal-Component-Analysis-to-generate-good-features-for-Handwritten-Digit-Recognition_PCA.py_cleaned.py,1,1,0.03210070729255676,0.9678993225097656
kat3,10662_v3_100_content_ssquantum_PyDex_mythread.py_cleaned.py,1,1,0.15304216742515564,0.8469578623771667
kat3,10665_v3_13_content_IRLadderGoat_KKIK-venteliste-nr_venteliste.py_cleaned.py,1,1,0.1761041283607483,0.8238958716392517
kat3,10671_v3_24_content_cagrias_django-rabbitmq-celery-docker-example_manage.py_cleaned.py,1,1,0.09401018917560577,0.9059898257255554
kat3,10676_v3_34_content_dvsa_cvs-tsk-dlq-handler_dlq_handler.py_cleaned.py,1,1,0.04742587357759476,0.9525741338729858
kat3,10682_v3_39_content_guneskaan_queueBot_queue_bot.py_cleaned.py,1,0,0.6309123635292053,0.3690876066684723
kat3,10686_v3_41_content_sweeneyde_IndexedHeap_dijkstra.py_cleaned.py,1,1,0.10338596254587173,0.8966140151023865
kat3,10695_v3_54_content_DNPA_txhqueue_txbasetest.py_cleaned.py,1,1,0.05146276578307152,0.9485372304916382
kat3,10705_v3_67_content_sulaiman-muhammad_Earliest-Deadline-First-Sheduler_link.py_cleaned.py,1,1,0.08269733935594559,0.917302668094635
kat3,10951_v3_10_content_adrianvellamlt_Quick-Sort---Insertion-Sort_utils.py_cleaned.py,1,1,0.1766716092824936,0.8233283758163452
kat3,10956_v3_14_content_briholt100_rogersQ_rogersQ.py_cleaned.py,1,1,0.0844927579164505,0.9155072569847107
kat3,10962_v3_1_content_0x27_shodan_key_checker_shodankeys.py_cleaned.py,1,1,0.05964694544672966,0.9403530955314636
kat3,10967_v3_23_content_ajh1143_ClassicQuickSort_QuickSorter.py_cleaned.py,1,1,0.2759094536304474,0.724090576171875
kat3,10972_v3_26_content_hemidactylus_skanfixer_sfUtilities.py_cleaned.py,1,1,0.07263670116662979,0.9273632764816284
kat3,10977_v3_30_content_XiaogeWang_Sort-Algorithms-Python-Version-_heap_sort.py_cleaned.py,1,1,0.18713268637657166,0.8128673434257507
kat3,10985_v3_5_content_chriskbwong_quickSort_quickSort.py_cleaned.py,1,1,0.09947021305561066,0.9005298018455505
kat3,10994_v3_92_content_paulfauthmayer_versopy_verso.py_cleaned.py,1,1,0.1919327974319458,0.8080672025680542
kat3,11245_v3_16_content_Shweetz_BranchingGameSolver_branchingGame.py_cleaned.py,1,1,0.05582313984632492,0.9441768527030945
kat3,11251_v3_20_content_Shweetz_Connect4Solver_solver.py_cleaned.py,1,1,0.2440025508403778,0.7559974193572998
kat3,11257_v3_25_content_OmarGhoneim_wb-wikosophy_wikosopher.py_cleaned.py,1,1,0.08882028609514236,0.9111796617507935
kat3,11262_v3_2_content_DavidWallacedot_recursiveFunctions.py_recursive.py_cleaned.py,1,1,0.12721827626228333,0.8727816939353943
kat3,11271_v3_38_content_davidcarrollnyc_Recursive_Python_WebScraper_BeautifulSoup_into_MongoDB_insertIntoMongo.py_cleaned.py,1,1,0.07477004081010818,0.9252299070358276
kat3,11274_v3_3_content_deniselucey_Python_Recursive_Definitions_factorial.py_cleaned.py,1,0,0.557002067565918,0.44299790263175964
kat3,11278_v3_4_content_gracerichardson0_Recursive-Functions_max.py_cleaned.py,1,1,0.05665242671966553,0.9433475732803345
kat3,11284_v3_9_content_OJFord_python-tailrecursion_tailrecursion.py_cleaned.py,1,1,0.10781264305114746,0.8921873569488525
kat3,11538_v3_29_content_arthurdamm_RSA-Factoring-Challenge_test.py_cleaned.py,1,1,0.20434190332889557,0.7956580519676208
kat3,11543_v3_41_content_yujiaoliang_rsa_yu01.py_cleaned.py,1,1,0.04569203406572342,0.954308032989502
kat3,11550_v3_52_content_CorrineTan_Digital-Signature-Schemes-Evaluation_eddsa_25519.py_cleaned.py,1,1,0.1901218295097351,0.8098781704902649
kat3,11555_v3_62_content_taabishm2_Proactive-FDH-RSA-Signature_fileOp.py_cleaned.py,1,1,0.04023794084787369,0.9597620368003845
kat3,11559_v3_66_content_MihaiGaidau_RSA_main.py_cleaned.py,1,1,0.0384661927819252,0.961533784866333
kat3,11566_v3_84_content_LatrecheYasser_Secure-Python-Chat_RSA.py_cleaned.py,1,1,0.13296423852443695,0.8670357465744019
kat3,11573_v3_93_content_entropy2333_RSA_exponential.py_cleaned.py,1,1,0.09203286468982697,0.907967209815979
kat3,11580_v3_97_content_rusrom_cryptography_rsa_sign_create.py_cleaned.py,1,1,0.26246359944343567,0.7375364303588867
kat3,11831_v3_11_content_rburkholder_debconf-get-selections-sort_seed.sort.py_cleaned.py,1,1,0.14706452190876007,0.8529354333877563
kat3,11840_v3_17_content_Ryan-Fortner_selection_sort_selection_sort.py_cleaned.py,1,1,0.1208532303571701,0.8791467547416687
kat3,11845_v3_21_content_AntonisFK_selection_sort_python_selectionSort.py_cleaned.py,1,1,0.053009770810604095,0.9469902515411377
kat3,11847_v3_23_content_AMARPATEEL_Selection-sort-in-python_selection_by_user_input.py_cleaned.py,1,1,0.0541987270116806,0.9458011984825134
kat3,11854_v3_28_content_kurtalex_selection_sort_alhorithm_selection_sort.py_cleaned.py,1,1,0.039048291742801666,0.9609517455101013
kat3,11861_v3_34_content_rajdas2001_Sorting-of-lists-arrays_Bubble_Sort.py_cleaned.py,1,1,0.09877259284257889,0.9012274742126465
kat3,11866_v3_45_content_Dimildizio_pyqt_traincars_sort_cars_coal.py_cleaned.py,1,1,0.08694165199995041,0.9130582809448242
kat3,11868_v3_5_content_Algomaster0628_SelectionSortAlgorithm_selection_sort.py_cleaned.py,1,1,0.0443485826253891,0.9556514620780945
kat3,12000_v3_2_content_IhsanPratama_ccvs_functions.py_cleaned.py,1,1,0.05877656117081642,0.9412234425544739
kat3,12007_v3_5_content_SorinMA_steganografie_steganoDecode.py_cleaned.py,1,1,0.12294380366802216,0.8770562410354614
kat3,12008_v3_5_content_SorinMA_steganografie_steganoEncode.py_cleaned.py,1,1,0.0844927579164505,0.9155072569847107
kat3,12181_v3_13_content_preetidurai_Spam-Ham-Classification-using-NB-and-LR_naiveBayes.py_cleaned.py,1,1,0.15765489637851715,0.8423450589179993
kat3,12190_v3_16_content_knair97_Sentiment-Analysis-of-Amazon-Reviews_svm.py_cleaned.py,1,1,0.03567855432629585,0.9643214344978333
kat3,12194_v3_16_content_NB-prog_INTERN-2019_similarity_eval.py_cleaned.py,1,1,0.04778006672859192,0.9522199034690857
kat3,12195_v3_16_content_NB-prog_INTERN-2019_train.py_cleaned.py,1,1,0.06608537584543228,0.9339146018028259
kat3,12202_v3_20_content_anasbadawy_Basic-NLP-Project_NLPProject.py_cleaned.py,1,1,0.08093671500682831,0.9190633296966553
kat3,12208_v3_28_content_vinaykumarbu_sentiment-analysis-deeplearning_gui.py_cleaned.py,1,1,0.06465348601341248,0.9353464841842651
kat3,12214_v3_5_content_alexeyev_nm_main.py_cleaned.py,1,1,0.09401018917560577,0.9059898257255554
kat3,12219_v3_7_content_manuellah_bc-9-twitter-sentiment-app_twitter_sentiment.py_cleaned.py,1,0,0.5036620497703552,0.4963379502296448
kat3,12357_v3_1_content_vuolleko_pyTSNE_bh_tsne.py_cleaned.py,1,1,0.09467770159244537,0.9053223133087158
kat3,12362_v3_3_content_Lochanahasith_t-Distributed-Stochastic-Neighbor-Embedding-t-SNE-on-EC-dataset_tsne_with_ec.py_cleaned.py,1,1,0.39361807703971863,0.606381893157959
kat3,12541_v3_24_content_arjun1438_TF-IDF-and-Word2Vec-Using-PySpark_word_count_per_bookv1.py_cleaned.py,1,1,0.07369627058506012,0.9263036847114563
kat3,12547_v3_33_content_mirkomantovani_web-search-engine-UIC_multithreaded_crawling.py_cleaned.py,1,1,0.15765489637851715,0.8423450589179993
kat3,12549_v3_3_content_avinashbhat_keyword-extraction-using-tf-idf_main.py_cleaned.py,1,1,0.05070536211133003,0.9492946267127991
kat3,12556_v3_46_content_loulai_InformationRetrieval_information_retrieval.py_cleaned.py,1,1,0.03488088771700859,0.9651191234588623
kat3,12561_v3_58_content_zhaoyichanghong_machine_learing_algo_python_bisecting_kmeans.py_cleaned.py,1,1,0.2782568037509918,0.7217432260513306
kat3,12567_v3_60_content_muskantantia0_text-analytics_tf_idf.py_cleaned.py,1,1,0.04778006672859192,0.9522199034690857
kat3,12571_v3_6_content_sherlvick_sentimental-analysis_SVM_svm_pipe.py_cleaned.py,1,1,0.0753123089671135,0.9246877431869507
kat3,12580_v3_7_content_luluforever_segword-and-TF-IDF_get_50_tf-idf.py_cleaned.py,1,1,0.05033063143491745,0.949669361114502
kat3,12835_v3_16_content_aplested_verify_file_tools.py_cleaned.py,1,1,0.03567855432629585,0.9643214344978333
kat3,12840_v3_19_content_jamzrob_Simple-Kalman-Filter_Kalman_Filter.py_cleaned.py,1,1,0.032344330102205276,0.9676556587219238
kat3,12845_v3_2_content_facebookresearch_reward-estimator-corl_configurations_continuous_gaussian.py_cleaned.py,1,1,0.07751765847206116,0.9224823713302612
kat3,12850_v3_34_content_rutajoshi_polyfit_experiments_plot_functions.py_cleaned.py,1,1,0.029986508190631866,0.9700134992599487
kat3,12858_v3_3_content_lostleaf_smear-detection_smear_det.py_cleaned.py,1,1,0.15974101424217224,0.8402590155601501
kat3,12861_v3_40_content_Charles-Peeke_clinical_variances_sponsor_app.py_cleaned.py,1,1,0.03185885772109032,0.9681411385536194
kat3,12862_v3_45_content_scott-trinkle_DIC_main.py_cleaned.py,1,1,0.04115288704633713,0.9588471055030823
kat3,12870_v3_66_content_ChavezE_Parallel_PFVA_PCA.py_cleaned.py,1,1,0.03185885772109032,0.9681411385536194
kat3,12874_v3_6_content_hongzimao_input_driven_rl_example_script.py_cleaned.py,1,1,0.04707418009638786,0.9529258608818054
kat3,13279_v3_10_content_lulu150003_Web-Scraping-Project_ProfileCrawler2019.py_cleaned.py,1,1,0.1841798573732376,0.8158201575279236
kat3,13285_v3_13_content_Ha-Mundo_Weather-Application_app.py_cleaned.py,1,1,0.043365802615880966,0.9566342234611511
kat3,13293_v3_21_content_DaSunnySide_Stock-Analysis_csv_practice.py_cleaned.py,1,1,0.06465348601341248,0.9353464841842651
kat3,13300_v3_29_content_vbelz_Lyrics_classifier_prepare_for_training.py_cleaned.py,1,1,0.034618839621543884,0.9653811454772949
kat3,13304_v3_32_content_paolazola_Scraping-data-from-Web_textMining2.py_cleaned.py,1,1,0.0838903859257698,0.9161096215248108
kat3,13309_v3_35_content_anoop123gupta_web_scraping_task4.py_cleaned.py,1,1,0.0378924235701561,0.9621075391769409
kat3,13315_v3_3_content_ahmedelfateh_scraping_CimaClub_scraper_urllib.py_cleaned.py,1,1,0.14706452190876007,0.8529354333877563
kat3,13322_v3_45_content_umtpfe_Projet-scrapy_pagej.py_cleaned.py,1,1,0.04885777831077576,0.9511421918869019
kat3,13327_v3_49_content_S-GH_WebtoonReply_Scraping-and-Sentiment_Analysis_2._Preprocess.py_cleaned.py,1,1,0.03541072458028793,0.9645892381668091
kat3,13332_v3_59_content_Camille98_WebScraping_scrape.py_cleaned.py,1,0,0.6192409992218018,0.38075894117355347
kat3,13336_v3_65_content_nyavramov_monitor_web_page_changes_monitor_unit_tests.py_cleaned.py,1,1,0.0844927579164505,0.9155072569847107
kat3,13339_v3_71_content_EltonK888_web_scraping_c09_scrape.py_cleaned.py,1,1,0.08945459872484207,0.9105454087257385
kat3,13341_v3_71_content_sairoopb_WebScrape_CBase_code.py_cleaned.py,1,1,0.06142403930425644,0.9385759830474854
kat3,13347_v3_76_content_sangeeta97_web-scraping_ru.py_cleaned.py,1,1,0.13799647986888885,0.86200350522995
kat3,13348_v3_76_content_staticparsley_HackerNews_WebScrape_scrape.py_cleaned.py,1,1,0.04146227240562439,0.9585376977920532
kat3,13352_v3_7_content_sky-97_web-scraping-box-office-mojo_sc.py_cleaned.py,1,1,0.4562129080295563,0.5437870621681213
kat3,13360_v3_8_content_casper-hansen_Web-Scraping-Reddit_scraper.py_cleaned.py,1,1,0.11879339814186096,0.8812065720558167
kat3,13364_v3_94_content_adithyavasisth_VTU-Result-Scraper-with-CAPTCHA-Bypass_scraperrank.py_cleaned.py,1,1,0.14854055643081665,0.8514594435691833
kat3,13370_v3_96_content_sachinchaturvedi93_monster-scraper_monster-spider.py_cleaned.py,1,1,0.05877656117081642,0.9412234425544739
kat4,14_15_content_V-Sense_Aesthetic-Image-Captioning-ICCVW-2019_clean_using_subjectivity.py_cleaned.py,0,0,0.973036527633667,0.026963500306010246
kat4,19_17_content_pevandenburie_micropython-aes-ccm_Utils.py_cleaned.py,0,1,0.20817893743515015,0.7918210625648499
kat4,23_1_content_aesara-devs_aesara_conftest.py_cleaned.py,0,1,0.16344544291496277,0.8365545868873596
kat4,2_10_content_raviolliii_AES-Encryption_driver.py_cleaned.py,0,0,0.7057850360870361,0.29421496391296387
kat4,35_4_content_offsecginger_PythonAESObfuscate_python_x86_template.py_cleaned.py,0,0,0.9683812260627747,0.031618766486644745
kat4,40_5_content_scalisesamuel_crypto_p1_Task_1.py_cleaned.py,0,0,0.9278878569602966,0.07211220264434814
kat4,45_7_content_git-remove_CBC-and-CTR-Decipher_decipher.py_cleaned.py,0,1,0.018689308315515518,0.9813107252120972
kat4,5_11_content_reo11_aes-for-japanese-learner_predict_with_svr.py_cleaned.py,0,1,0.1937568634748459,0.8062431216239929
kat4,287_10_content_Ethan2018_Apriori_APRI.py_cleaned.py,0,0,0.9907320141792297,0.009268012829124928
kat4,294_11_content_sidmishraw_cs-267-project_main.py_cleaned.py,0,0,0.6838418841362,0.31615808606147766
kat4,299_14_content_BalaMungala_GroceryRecommendations-Association_Market_Basket_Optimisation.py_cleaned.py,0,0,0.9697853922843933,0.030214589089155197
kat4,305_1_content_jiteshjha_Frequent-item-set-mining_dat2csv.py_cleaned.py,0,0,0.9219217896461487,0.07807815819978714
kat4,314_3_content_ravinderiiit_Market-Basket-Optimisation-by-apriori-Algorithm_apriori.py_cleaned.py,0,0,0.9671630263328552,0.03283695504069328
kat4,319_5_content_kushagradarkdk_AssociationRuleMining_Apriori_Comet.py_cleaned.py,0,0,0.8987665772438049,0.10123348236083984
kat4,325_7_content_DMDarkness_Data-mining_Example_pybpsohd.py_cleaned.py,0,0,0.9891815781593323,0.010818447917699814
kat4,330_8_content_omjego_AR-Mining-Hash-Tree_naive_apriori.py_cleaned.py,0,0,0.6671476364135742,0.3328523337841034
kat4,336_9_content_rach24_MS-Apriori_MS-Apriori.py_cleaned.py,0,0,0.9822876453399658,0.017712296918034554
kat4,577_14_content_harrydurbin_temperature-monitoring_temperature.py_cleaned.py,0,0,0.6731916666030884,0.3268083333969116
kat4,584_1_content_sadnessFree_arima-lstm_arima-order.py_cleaned.py,0,0,0.8407825827598572,0.15921740233898163
kat4,589_1_content_sadnessFree_arima-lstm_combine.py_cleaned.py,0,1,0.4036844074726105,0.5963156223297119
kat4,594_1_content_sadnessFree_arima-lstm_svr.py_cleaned.py,0,0,0.6744794249534607,0.3255205750465393
kat4,600_29_content_za101_Stock-Market-Prediction-using-a-Hybrid-Model_source.py_cleaned.py,0,0,0.9618217349052429,0.038178276270627975
kat4,606_2_content_yyqcs_time-series-model_encoder_decoder_fullv-1.py_cleaned.py,0,1,0.05541279539465904,0.944587230682373
kat4,613_3_content_rentseen_ARIMA-forecast_CAVMP.py_cleaned.py,0,0,0.985496461391449,0.014503580518066883
kat4,618_4_content_gbrlcustodio_forecasting_genetic_alg.py_cleaned.py,0,0,0.9465966820716858,0.0534033328294754
kat4,619_4_content_noteven2degrees_timeseries_statsmodels_arima_evaluation.py_cleaned.py,0,1,0.0534033328294754,0.9465966820716858
kat4,870_1_content_dedeco_dijkstra-bellman-ford_teste_cormen_bford.py_cleaned.py,0,0,0.9635062217712402,0.03649376705288887
kat4,874_1_content_dedeco_dijkstra-bellman-ford_teste_proprio_bford.py_cleaned.py,0,0,0.9606574773788452,0.03934250399470329
kat4,881_1_content_jwan659_forex-arbitrage_Vert.py_cleaned.py,0,1,0.14414885640144348,0.8558511734008789
kat4,887_2_content_ernestosanchezmatos_-BellmanFord_algoritmo_bellmanford.py_cleaned.py,0,0,0.9886682629585266,0.011331754736602306
kat4,893_3_content_sharifahmad2061_routing_algorithm_DVR.py_cleaned.py,0,1,0.09467770159244537,0.9053223133087158
kat4,903_4_content_rcornacchia_bellman-ford_testserver.py_cleaned.py,0,1,0.43614163994789124,0.5638583302497864
kat4,909_7_content_ardyerwanda_SDN-Bellman-Ford-Pyretic_routing2cost.py_cleaned.py,0,0,0.6984323263168335,0.3015677034854889
kat4,1151_11_content_davedennis_DFS-and-BFS-Search_dfbf.py_cleaned.py,0,0,0.9924227595329285,0.007577240467071533
kat4,1152_13_content_odiliohafidh_Pencarian-Rumahsakit-Terdekat-dengan-metode-dfs-dan-bfs-python-_cari_rumsakit.py_cleaned.py,0,0,0.9820137619972229,0.01798621006309986
kat4,1158_21_content_PyEldar_PyMazeSolver_maze_solve.py_cleaned.py,0,0,0.7446563243865967,0.25534364581108093
kat4,1165_31_content_AmitD26_The-searching-pacman_projectParams.py_cleaned.py,0,0,0.957912266254425,0.042087726294994354
kat4,1170_38_content_SamDaQueen_Algorithms-In-Python_Binary_Search_O_log2n_.py_cleaned.py,0,0,0.9492946267127991,0.05070536211133003
kat4,1176_4_content_alex-rantos_Project-1-Search-in-Pacman_ghostAgents.py_cleaned.py,0,0,0.9532750844955444,0.04672496020793915
kat4,1180_51_content_rrraharja_Kecerdasan-Buatan-AI_Project_DFS.py_cleaned.py,0,0,0.9778834581375122,0.022116590291261673
kat4,1188_6_content_sanjay-bhat_find_route_bfs_find_route.py_cleaned.py,0,0,0.9640516638755798,0.03594832494854927
kat4,1194_82_content_Xalvom_python-bfs-dfs_bfs.py_cleaned.py,0,0,0.9869794845581055,0.013020489364862442
kat4,1432_10_content_circulosmeos_haveibeenpwned-binary_pwned-pass-binary-fast.py_cleaned.py,0,0,0.696784257888794,0.30321577191352844
kat4,1440_19_content_riccardobisori_Binary-Trees_TestHeights.py_cleaned.py,0,0,0.9732407331466675,0.026759283617138863
kat4,1446_24_content_Patrik-Stas_kata-bst-tree_bst_ll.py_cleaned.py,0,1,0.10894504189491272,0.8910549879074097
kat4,1454_35_content_jamescarney3_pybst_tree.py_cleaned.py,0,1,0.06371499598026276,0.9362850189208984
kat4,1459_40_content_ajh1143_BinarySearchTreePractice_BST.py_cleaned.py,0,1,0.22884513437747955,0.7711548805236816
kat4,1464_4_content_vieirinhaabr_balanced_binary_search_tree_tree_tester.py_cleaned.py,0,0,0.8484706878662109,0.15152934193611145
kat4,1470_64_content_YifeiY_Depth-of-BTS_BTS_Depth.py_cleaned.py,0,1,0.02080448903143406,0.9791954755783081
kat4,1477_7_content_kristianespina_python-binary-search-tree_binary_search_tree.py_cleaned.py,0,1,0.16667540371418,0.8333246111869812
kat4,1480_8_content_LOOPPO_BSTree_RBTree_RBTree.py_cleaned.py,0,0,0.8976953029632568,0.10230470448732376
kat4,1720_18_content_10elements_BinaryTree_binaryTree.py_cleaned.py,0,0,0.8976953029632568,0.10230470448732376
kat4,1726_1_content_SiccoVerwer_binoct_regtrees.py_cleaned.py,0,1,0.23370634019374847,0.7662936449050903
kat4,1727_20_content_kristianespina_python-binary-search-tree_binary_search_tree.py_cleaned.py,0,1,0.16667540371418,0.8333246111869812
kat4,1734_31_content_igoreliasm_binary-tree_arvore.py_cleaned.py,0,0,0.826151430606842,0.17384850978851318
kat4,1739_38_content_NicholasKobald_Tree-Traversals_traversals.py_cleaned.py,0,1,0.34842339158058167,0.651576578617096
kat4,1745_45_content_vdanny_bst-python_binary_search_tree.py_cleaned.py,0,1,0.06187598407268524,0.9381240010261536
kat4,1750_58_content_tarasrumezhak_TicTacToe_board.py_cleaned.py,0,1,0.12984342873096466,0.8701565861701965
kat4,1756_62_content_agvaibhav_Binary-tree_delete-node.py_cleaned.py,0,0,0.9118099808692932,0.08819004893302917
kat4,1762_88_content_ilkayDevran_HEAP_and_BTS_Implementation_binarySearchTree.py_cleaned.py,0,1,0.1766716092824936,0.8233283758163452
kat4,2003_1_content_griffbr_BubbleNets_bubblenets_select_frame.py_cleaned.py,0,0,0.8006919622421265,0.19930800795555115
kat4,2009_26_content_naviechan_sortingAlgorithmDemo_selectionSort.py_cleaned.py,0,1,0.4209566116333008,0.5790433287620544
kat4,2015_30_content_thomasjedstrom_Bubble_Sort_Selection_Sort.py_cleaned.py,0,0,0.956308901309967,0.043691057711839676
kat4,2020_3_content_KirillGordievich_Bubble_Sort_Visualization_colors.py_cleaned.py,0,0,0.7950222492218018,0.20497773587703705
kat4,2028_4_content_giocarro_BubbleSort-and-Words-Sort_MergeSort2.py_cleaned.py,0,0,0.9924227595329285,0.007577240467071533
kat4,2033_59_content_nicolaschen1_SortingAlgorithms_sortingAlgorithms.py_cleaned.py,0,1,0.048496004194021225,0.9515040516853333
kat4,2039_6_content_ryanlid87_BubbleSort_bubblesort.py_cleaned.py,0,0,0.9764904975891113,0.023509450256824493
kat4,2045_7_content_allenabraham999_Bubble-sort_bubble_sort.py_cleaned.py,0,1,0.06705628335475922,0.9329437017440796
kat4,2289_16_content_hungapp_big_o_09-04.py_cleaned.py,0,0,0.9658995866775513,0.034100428223609924
kat4,2295_21_content_rahul494_Mental-Health-On-Twitter-Analysis_sorter.py_cleaned.py,0,1,0.034618839621543884,0.9653811454772949
kat4,2303_26_content_Emersonxuelinux_One_Big_Archive_TempGui.rsrc.py_cleaned.py,0,0,0.8294920325279236,0.17050801217556
kat4,2311_39_content_ercjns_WinOfTheDay_toolbox.py_cleaned.py,0,1,0.06954174488782883,0.9304582476615906
kat4,2319_5_content_anguillanneuf_bigO_106_sudoku.py_cleaned.py,0,1,0.12940272688865662,0.8705973029136658
kat4,2328_65_content_pratikbitmesra_BID_bin_cluster.py_cleaned.py,0,0,0.5898345112800598,0.4101654887199402
kat4,2330_6_content_gauravpatle_Data-Analysis-of-IMDB-Users_DataPreprocessing.py_cleaned.py,0,0,0.9722043871879578,0.02779562398791313
kat4,2577_10_content_analyticsbot_document-similarity_document_similarity_nlevenstein.py_cleaned.py,0,0,0.9780517220497131,0.021948255598545074
kat4,2583_10_content_sushant097_Chatbot-using-Python-NLTK-_ChatBot.py_cleaned.py,0,1,0.44420307874679565,0.5557968616485596
kat4,2588_1_content_abhilampard_Simple-Plagiarism-Checker_plag.py_cleaned.py,0,0,0.9697853922843933,0.030214589089155197
kat4,2594_1_content_HarryBaker_LDAtopicSimilarity_similaritySuite.py_cleaned.py,0,0,0.9585376977920532,0.04146227240562439
kat4,2602_3_content_danedabomb_InformationRetrieval_IRSystem.py_cleaned.py,0,1,0.1830088496208191,0.8169911503791809
kat4,2609_4_content_nikitaa30_Content-based-Recommender-System_recommender_system.py_cleaned.py,0,1,0.12421300262212753,0.8757869601249695
kat4,2620_8_content_shukali_tweet-similarity-ranking_tweetranking.py_cleaned.py,0,1,0.244723841547966,0.7552762031555176
kat4,2625_9_content_vbelz_Movie-recommender_prepare_database.py_cleaned.py,0,1,0.4447607100009918,0.5552393198013306
kat4,2866_14_content_Rainymood_Gradient-Descent-The-Ultimate-Optimizer_main.py_cleaned.py,0,0,0.6834195256233215,0.31658053398132324
kat4,2871_21_content_leonshen95_EC500-Modular-design-2.4_OutputAlert_module.py_cleaned.py,0,1,0.014842418022453785,0.9851576089859009
kat4,2878_28_content_tomsiwek_gprMax-Designer_operation.py_cleaned.py,0,1,0.39606815576553345,0.6039317846298218
kat4,2883_37_content_baptiste0928_userinfo-bot_main.py_cleaned.py,0,1,0.2458084672689438,0.7541915774345398
kat4,2888_52_content_jitunayak_Tensorflow-object-recognition-GUI-DesktopApp_split.py_cleaned.py,0,0,0.9893474578857422,0.01065251138061285
kat4,2889_5_content_SirAeroWN_two_des_meet_in_the_middle_mitm.py_cleaned.py,0,1,0.02145073190331459,0.9785493016242981
kat4,2899_86_content_Enkhai_simple-DES_misc.py_cleaned.py,0,1,0.08819004893302917,0.9118099808692932
kat4,2906_92_content_FranzScheerer_DES_perihel.py_cleaned.py,0,0,0.9879462122917175,0.0120537793263793
kat4,3144_11_content_liubing220524_DFSL-for-hyperspectral-image-classification_KNN.py_cleaned.py,0,0,0.8633915781974792,0.13660839200019836
kat4,3147_17_content_kwikadi_BFS-v-DFS_bfs.py_cleaned.py,0,1,0.34224170446395874,0.6577582955360413
kat4,3154_23_content_GaryXiongxiong_SubwayStationSearching_UseMapBFSFindSubway.py_cleaned.py,0,0,0.985496461391449,0.014503580518066883
kat4,3160_34_content_robinkthomas_DFS1_authentication.py_cleaned.py,0,0,0.9695556163787842,0.030444350093603134
kat4,3167_4_content_drinkbeer_DFS-Python_common.py_cleaned.py,0,1,0.3985235095024109,0.6014765501022339
kat4,3172_68_content_mvivancq_DfsSudokuSolver_dfs.py_cleaned.py,0,1,0.030214589089155197,0.9697853922843933
kat4,3177_73_content_hoopghetto_dfs-optimizer_settings.py_cleaned.py,0,1,0.230919748544693,0.7690802216529846
kat4,3183_84_content_khushhallchandra_EE677-VLSI-CAD_REQUIRED_READING_DAG_aat_dynprog_lec_9_ee677_2016_Mon_22ndAug2016.py_cleaned.py,0,0,0.9477691650390625,0.05223085358738899
kat4,3188_92_content_jackschultz_nba-optimize-micro_utils.py_cleaned.py,0,0,0.7487199306488037,0.2512800693511963
kat4,3437_10_content_mateus-n00b_Diffie-Hellman_alice.py_cleaned.py,0,0,0.9879462122917175,0.0120537793263793
kat4,3442_16_content_hoefler02_diffie-hellman_dh_client.py_cleaned.py,0,1,0.16026602685451508,0.8397339582443237
kat4,3448_22_content_sagarwani_Breaking-Diffie-Hellman_dl-brute.py_cleaned.py,0,0,0.7371581792831421,0.2628418505191803
kat4,3453_25_content_jimmy-ly00_DHE-prime-grabber_find_primes.py_cleaned.py,0,0,0.6183196306228638,0.3816803991794586
kat4,3457_26_content_ivanji_diffie-hellman-algorithm_diffie-hellman.py_cleaned.py,0,0,0.9824230670928955,0.017576882615685463
kat4,3463_31_content_shreyas3336_Diffie-Hellman-KeyExchange_Seeded_Random_Generator.py_cleaned.py,0,0,0.6619228720664978,0.3380771279335022
kat4,3469_46_content_ADsecu_diffie-hellman-KE_dh.py_cleaned.py,0,0,0.9489172697067261,0.05108273774385452
kat4,3476_64_content_armx40_insecure-df_insecure_df.py_cleaned.py,0,1,0.04535257816314697,0.954647421836853
kat4,3482_77_content_Zerox-1337_Simplified-OTR-Protocol_otr.py_cleaned.py,0,1,0.32637879252433777,0.6736212372779846
kat4,3730_11_content_langokalla_A-star-Pathfinder_map.py_cleaned.py,0,0,0.7638362646102905,0.23616373538970947
kat4,3738_15_content_ronma1_Dijkstra_graph_algo.py_cleaned.py,0,1,0.05749327689409256,0.9425067901611328
kat4,3745_1_content_shkolovy_path-finder-algorithms_grid_helper.py_cleaned.py,0,1,0.027169233188033104,0.9728307723999023
kat4,3750_30_content_williamsdsantos_dijkstras_algorithm_Topology.py_cleaned.py,0,1,0.2881683111190796,0.7118317484855652
kat4,3755_3_content_abantikabasak_ImprovisedDijkstraFlood_GraphInput.py_cleaned.py,0,0,0.9916841983795166,0.008315779268741608
kat4,3764_61_content_mcsweena_Dijkstras-Algorithm_bidirectional_dijkstra.py_cleaned.py,0,0,0.7037531137466431,0.29624688625335693
kat4,3771_88_content_andreaestrada_mazecrawler_server.py_cleaned.py,0,0,0.9877586960792542,0.012241275981068611
kat4,3776_95_content_anapandza_ComputerNetworks_Dijkstra.py_cleaned.py,0,0,0.9686195850372314,0.03138043358922005
kat4,4023_13_content_Odarlie_fizz_buzz_programming_logic_andelab_fizz_buzz_bootcamp_function.py_cleaned.py,0,0,0.8449215292930603,0.1550784707069397
kat4,4029_19_content_psvelezm_printSet_Pedro_Velez_pgm.py_cleaned.py,0,0,0.9896718263626099,0.010328153148293495
kat4,4036_2_content_johnrobyclayton_division-project_plot.py_cleaned.py,0,0,0.5760054588317871,0.4239945709705353
kat4,4042_4_content_flaviohenriqu_divisibility_flaskapp.py_cleaned.py,0,1,0.22000709176063538,0.7799928784370422
kat4,4048_5_content_AdamJacoby_Hopf_Example_DihedralGroup.py_cleaned.py,0,0,0.7341195344924927,0.2658804953098297
kat4,4053_5_content_AdamJacoby_Hopf_Frobenius_Tools.py_cleaned.py,0,0,0.9834704995155334,0.01652955822646618
kat4,4057_6_content_pushpanjalis_Basic-python-code_basic_code.py_cleaned.py,0,0,0.9879462122917175,0.0120537793263793
kat4,4062_7_content_jakobpederson_divisible_pair_sums_divisible_pair_sums.py_cleaned.py,0,1,0.09947021305561066,0.9005298018455505
kat4,4298_10_content_kllinzy_Elliptic-Curve-Cryptography_point.py_cleaned.py,0,0,0.7885831594467163,0.2114168256521225
kat4,4305_13_content_limqiying_crypto_final_project_DH-test.py_cleaned.py,0,0,0.9653811454772949,0.034618839621543884
kat4,4309_17_content_krshubham_ecc-elgamal_elgamal.py_cleaned.py,0,0,0.8365545868873596,0.16344544291496277
kat4,4317_20_content_UAvinash7_Cryptography_SymmmetricAESAlogrithm.py_cleaned.py,0,0,0.6584175229072571,0.3415825068950653
kat4,4324_2_content_cardwizard_EllipticCurves_ec_dhe.py_cleaned.py,0,1,0.0384661927819252,0.961533784866333
kat4,4329_2_content_johndoe31415_toyecc_elgamaltest.py_cleaned.py,0,1,0.08882028609514236,0.9111796617507935
kat4,4335_4_content_JakubVojvoda_elliptic-curve-brute-force_decipher.py_cleaned.py,0,0,0.8872045874595642,0.1127953976392746
kat4,4336_5_content_fernandolobato_ecc_verifiable_threshold_cryptosystem_key_gen.py_cleaned.py,0,1,0.45060113072395325,0.5493988394737244
kat4,4342_6_content_gionanide_Cryptography_superincreasing_knapsack.py_cleaned.py,0,1,0.47128409147262573,0.5287159085273743
kat4,4584_2_content_kristpapadopoulos_keras-exponential-smoothing_ses.py_cleaned.py,0,1,0.17272931337356567,0.8272706270217896
kat4,4590_8_content_6test5_expsmooth_expsmooth.py_cleaned.py,0,0,0.987375020980835,0.012624949216842651
kat4,4674_10_content_stensonowen_factorial_bot_atoi.py_cleaned.py,0,0,0.6943026781082153,0.30569732189178467
kat4,4681_1_content_gsharu_QA_FACT_test_QAInterviewAppl.py_cleaned.py,0,0,0.845432698726654,0.15456733107566833
kat4,4687_30_content_talbrecht_ensemble-scoring_run.py_cleaned.py,0,0,0.9808759689331055,0.01912403665482998
kat4,4693_42_content_jrooks0520_Python_Factorial_CS230_Project4.py_cleaned.py,0,1,0.2062537968158722,0.7937461733818054
kat4,4697_4_content_rohinigopalqxf2_Factorial-Calculator-Practice_03_Fill_values.py_cleaned.py,0,0,0.6160122752189636,0.3839877247810364
kat4,4702_51_content_adityapatelgithub_Expressions-and-Functions_linkedlist.py_cleaned.py,0,1,0.38954654335975647,0.6104534864425659
kat4,4708_5_content_brown9804_Python_DiversosAlgortimos_Maquina_Atwood.py_cleaned.py,0,0,0.9525741338729858,0.04742587357759476
kat4,4716_97_content_mjurk456_mini-snakes_aligning_text_file.py_cleaned.py,0,0,0.513759970664978,0.48624005913734436
kat4,4721_97_content_mjurk456_mini-snakes_pseudorandom_sentence_generator.py_cleaned.py,0,0,0.9881309270858765,0.011869121342897415
kat4,4956_11_content_XlogicX_Fibonacci_fib.py_cleaned.py,0,0,0.9915544390678406,0.008445627987384796
kat4,4963_14_content_Alexander35_fibonacci_sequence_fibonacci_tests.py_cleaned.py,0,1,0.2011847198009491,0.7988152503967285
kat4,4970_38_content_emilyhammer_fibonacci_app.py_cleaned.py,0,1,0.48657548427581787,0.5134245157241821
kat4,4975_46_content_skropf_fib-drawer_Mathematics.py_cleaned.py,0,1,0.11636176705360413,0.8836382031440735
kat4,4981_51_content_rw15e_CIS4930-Python-Project-3_graph.py_cleaned.py,0,1,0.16026602685451508,0.8397339582443237
kat4,4986_61_content_AaronRobson_sequences_fibonacci_numbers.py_cleaned.py,0,1,0.08882028609514236,0.9111796617507935
kat4,4992_62_content_MurphyPone_fibo-converter_main.py_cleaned.py,0,1,0.27904197573661804,0.7209580540657043
kat4,4997_8_content_lucasmullerm_turing-machine-fibonacci_main.py_cleaned.py,0,0,0.9190633296966553,0.08093671500682831
kat4,5002_99_content_MatheusMuriel_ProgramacaoDinamica_Plotador.py_cleaned.py,0,1,0.23970511555671692,0.7602949142456055
kat4,5249_13_content_AtahanCelebi_En-K-sa-Yol_polyline_denemesi.py_cleaned.py,0,0,0.86200350522995,0.13799647986888885
kat4,5254_14_content_MGhousSarwar_Algorithm-Analysis_Script.py_cleaned.py,0,0,0.9167081117630005,0.0832919329404831
kat4,5259_1_content_TamaWilson_floyd_python_floyd.py_cleaned.py,0,0,0.954647421836853,0.04535257816314697
kat4,5267_5_content_jzell001_Bellman_Ford_Floyd_Warshall_bellman_ford.py_cleaned.py,0,0,0.9810219407081604,0.01897803694009781
kat4,5276_8_content_chiragragarwal_Graphs_And_Networks_numpy_help.py_cleaned.py,0,0,0.971563994884491,0.02843603491783142
kat4,5458_18_content_ronak-07_Agglomerative-Hierarchical-Clustering_Agglomerative.py_cleaned.py,0,0,0.9883127808570862,0.011687257327139378
kat4,5462_21_content_jakubsilhavy_mhhc_config.py_cleaned.py,0,0,0.9815951585769653,0.018404891714453697
kat4,5465_25_content_MarcLindenbach_2d-grouping_k_cluster.py_cleaned.py,0,1,0.1535491794347763,0.8464508652687073
kat4,5471_2_content_zalayo_Hierarchical-Linkage-Regression_HLRtest.py_cleaned.py,0,0,0.7000752091407776,0.2999247610569
kat4,5479_47_content_sejall_Hierarchical-Clustering_hierrchical_clustering.py_cleaned.py,0,0,0.6627964973449707,0.3372035324573517
kat4,5484_51_content_ParthanOlikkal_Agglomerative-Hierarchical-Clustering_Agglomerative_hierarchical_clustering.py_cleaned.py,0,1,0.16451644897460938,0.8354835510253906
kat4,5493_61_content_cthorrez_deepsetLinkage_plot_results.py_cleaned.py,0,1,0.09739039838314056,0.9026095867156982
kat4,5498_70_content_metr0jw_video-liveness-measurement_video_cut_itzy.py_cleaned.py,0,1,0.14128142595291138,0.8587185740470886
kat4,5743_10_content_iJohnMaged_Huffman-Coding_fileIO.py_cleaned.py,0,0,0.7606506943702698,0.2393493503332138
kat4,5748_13_content_sehajchawla_Compression_arithmetic.py_cleaned.py,0,0,0.9736446738243103,0.026355354115366936
kat4,5754_17_content_fekadeabdejene_HuffmanEncoding_Huffman.py_cleaned.py,0,0,0.8984104990959167,0.10158944129943848
kat4,5759_1_content_farizrahman4u_huffmax_test_training_speed.py_cleaned.py,0,1,0.3415825068950653,0.6584175229072571
kat4,5763_21_content_loalberto_HuffmanCoding_HuffmanCoding.py_cleaned.py,0,1,0.018833130598068237,0.9811668992042542
kat4,5771_28_content_Mansy_HuffmanCode_Huffman.py_cleaned.py,0,1,0.24041776359081268,0.7595822811126709
kat4,5776_36_content_guoziqingbupt_Huffman-Coding_HuffmanDecode.py_cleaned.py,0,0,0.8221890926361084,0.17781086266040802
kat4,5780_3_content_xiekch_Adaptive-Huffman-Coding_node.py_cleaned.py,0,1,0.1212688684463501,0.8787311315536499
kat4,5782_41_content_moyeshkhanal_HuffmanCompression_test_ReadWrite.py_cleaned.py,0,0,0.9840936064720154,0.01590639166533947
kat4,5788_55_content_danmenjivar_huffman_huffman.py_cleaned.py,0,0,0.851952850818634,0.14804719388484955
kat4,5792_7_content_TongTongX_HuffmanCompressor_huffman.py_cleaned.py,0,1,0.04603390023112297,0.9539660811424255
kat4,6037_14_content_LOOPPO_INS_MERGE_sort_insertionSort.py_cleaned.py,0,0,0.7509182095527649,0.24908174574375153
kat4,6041_1_content_abx67_Algorithms_mergesort.py_cleaned.py,0,0,0.9324532747268677,0.06754669547080994
kat4,6046_23_content_ryanarnouk_BinaryInsertionSort_index.py_cleaned.py,0,1,0.02615562081336975,0.9738444089889526
kat4,6054_24_content_lesdev_SortingMethods_radix.py_cleaned.py,0,0,0.9813107252120972,0.018689308315515518
kat4,6059_28_content_alexanderogle_Enigma_Machine_em_functions.py_cleaned.py,0,0,0.5698526501655579,0.43014732003211975
kat4,6065_36_content_akh5113_Stooge-Merge-Insert-Sort_Homework2.py_cleaned.py,0,0,0.9879462122917175,0.0120537793263793
kat4,6074_46_content_arun-p12_sort-algorithms_shell_sort.py_cleaned.py,0,0,0.9458011984825134,0.0541987270116806
kat4,6078_53_content_faisalkhan91_Sort-Comparison_Sort_Comparison.py_cleaned.py,0,0,0.9690910577774048,0.030908960849046707
kat4,6310_11_content_AlexCardaillac_K-Means-Clustering_k-means.py_cleaned.py,0,1,0.04778006672859192,0.9522199034690857
kat4,6316_21_content_p-kim1_Image-Segmentation-with-K-means_kmeans.py_cleaned.py,0,1,0.36342093348503113,0.6365790963172913
kat4,6321_28_content_Jvictor97_YellowFever_randDate.py_cleaned.py,0,0,0.692225992679596,0.30777397751808167
kat4,6328_36_content_prakhardogra921_Clustering-using-Kmeans-Cmeans-and-GMM_gmm_sklearn.py_cleaned.py,0,1,0.0627892017364502,0.937210738658905
kat4,6333_42_content_aryanshar_TextMining_magboard.py_cleaned.py,0,1,0.21866938471794128,0.7813306450843811
kat4,6336_45_content_nialloc9_machine-learning-k-means_main.py_cleaned.py,0,1,0.022977370768785477,0.977022647857666
kat4,6342_54_content_sumanth-bmsce_Unsupervised_Extreme_Learning_Machine_Spectral_Clustering.py_cleaned.py,0,1,0.48334357142448425,0.5166564583778381
kat4,6347_65_content_ankushjain2001_k-means-clustering-algorithm_driver.py_cleaned.py,0,0,0.9485372304916382,0.05146276578307152
kat4,6355_80_content_julianlafaye_ML-Problem-Set-5-Problem-3_k-means.py_cleaned.py,0,1,0.3106943964958191,0.6893056035041809
kat4,6613_14_content_lisha1992_KNN-Clasify_KNN_datingExample.py_cleaned.py,0,0,0.9859364032745361,0.014063626527786255
kat4,6620_21_content_shunge_KNN-NBA-Draft-Prediction_knn-nba.py_cleaned.py,0,0,0.8327813148498535,0.1672186702489853
kat4,6625_27_content_ppplinday_Picture-Classification-PCA-KNN_KNN-PCA.py_cleaned.py,0,0,0.9339146018028259,0.06608537584543228
kat4,6631_30_content_Aishwarya1401_Diabetic-Retinopathy-Project-Deep-Learning-_KNN_RawImage.py_cleaned.py,0,0,0.9425067901611328,0.05749327689409256
kat4,6636_38_content_juandes_knnbot-messenger-bot_distance.py_cleaned.py,0,1,0.029986508190631866,0.9700134992599487
kat4,6638_40_content_WuStardust_KNN-for-iris_iris.py_cleaned.py,0,0,0.7057850360870361,0.29421496391296387
kat4,6643_4_content_Askjensen_scikittf-idfNLTK_str_func.py_cleaned.py,0,1,0.21272224187850952,0.7872777581214905
kat4,6648_8_content_abhishekmsharma_knn-python-artificial-intelligence_abhishek_sharma_knn_environment.py_cleaned.py,0,0,0.907312273979187,0.09268777817487717
kat4,6654_9_content_ludmal_knn_knn.py_cleaned.py,0,0,0.9591543078422546,0.04084571823477745
kat4,6898_14_content_Stoniel_SimpleGoogleMaps_graph.py_cleaned.py,0,1,0.21011725068092346,0.7898827195167542
kat4,6905_1_content_colettebedoya_primsAndKruskal_DisjointSet.py_cleaned.py,0,0,0.961243748664856,0.03875619173049927
kat4,6911_22_content_ABHIJIT-13_Kruskal-MST_kruskal.py_cleaned.py,0,0,0.9838472008705139,0.01615283451974392
kat4,6917_2_content_Rookieprogrammer521_Kruskal_Kruskal.py_cleaned.py,0,0,0.7070003151893616,0.2929997444152832
kat4,6922_4_content_mincanhe_Network-routing-protocol_DwithHeap.py_cleaned.py,0,0,0.8840392827987671,0.11596070975065231
kat4,6928_6_content_chiragragarwal_Graphs_And_Networks_numpy_help.py_cleaned.py,0,0,0.971563994884491,0.02843603491783142
kat4,6929_6_content_chiragragarwal_Graphs_And_Networks___init__.py_cleaned.py,0,0,0.685949444770813,0.314050555229187
kat4,6937_8_content_fepz_AyCC_aycc.py_cleaned.py,0,0,0.9732407331466675,0.026759283617138863
kat4,6940_9_content_Boros93_GraphProject_test_prim.py_cleaned.py,0,1,0.10594827681779861,0.8940516710281372
kat4,7181_10_content_Frix-x_FrenchLefffLemmatizer_CreateAdditionalLefffDataFile.py_cleaned.py,0,0,0.8333246111869812,0.16667540371418
kat4,7188_11_content_Hyperparticle_LemmaTag_lemmatag.py_cleaned.py,0,0,0.5368441343307495,0.46315592527389526
kat4,7192_12_content_ianscottknight_Predicting-Myers-Briggs-Type-Indicator-with-Recurrent-Neural-Networks_make_test_set.py_cleaned.py,0,1,0.2869678735733032,0.7130321860313416
kat4,7197_12_content_ianscottknight_Predicting-Myers-Briggs-Type-Indicator-with-Recurrent-Neural-Networks_word_cloud.py_cleaned.py,0,0,0.9412234425544739,0.05877656117081642
kat4,7202_14_content_Qutuf_Qutuf_manage.py_cleaned.py,0,1,0.43890541791915894,0.5610945224761963
kat4,7209_18_content_ppke-nlpg_emmorphpy_emmorphrest.py_cleaned.py,0,0,0.5115945935249329,0.48840540647506714
kat4,7215_1_content_mikekestemont_pandora_train.py_cleaned.py,0,0,0.6888871788978577,0.31111282110214233
kat4,7221_23_content_clydedacruz_worddoc-indexer-py_query_index.py_cleaned.py,0,0,0.6274948120117188,0.37250521779060364
kat4,7226_25_content_aajanki_finnish-pos-accuracy_print_errors.py_cleaned.py,0,1,0.45813655853271484,0.5418634414672852
kat4,7479_10_content_bradib0y_searchalgorithms_w.py_cleaned.py,0,0,0.9742394685745239,0.025760561227798462
kat4,7485_11_content_sichen-x_search-engine_index_search.py_cleaned.py,0,1,0.33328619599342346,0.6667138338088989
kat4,7487_11_content_sichen-x_search-engine_myhtable_search.py_cleaned.py,0,0,0.6976089477539062,0.3023911118507385
kat4,7495_14_content_akozlu_Uninformed-Search-_lights_out_gui.py_cleaned.py,0,1,0.10087861120700836,0.8991213440895081
kat4,7500_16_content_sanjay3001_Search-in-python_linear_search.py_cleaned.py,0,0,0.9859364032745361,0.014063626527786255
kat4,7508_23_content_ayushkumarshah_Complexity-of-Linear-and-Binary-Search_code.py_cleaned.py,0,0,0.985496461391449,0.014503580518066883
kat4,7514_33_content_chafiknaceri_Credit-Card-Debt_DebtLeft.py_cleaned.py,0,0,0.8727816939353943,0.12721827626228333
kat4,7522_5_content_aplayton6_LinearSearch_LinearSearch.py_cleaned.py,0,1,0.1901218295097351,0.8098781704902649
kat4,7778_13_content_ToonBlok_LinkedList_test_pylinkedlist.py_cleaned.py,0,0,0.6437773108482361,0.3562226891517639
kat4,7783_17_content_yujiex9_LinkedList_reorder_linkedlist.py_cleaned.py,0,0,0.5131805539131165,0.48681947588920593
kat4,7788_21_content_jmintel7_linked_list_linked_list.py_cleaned.py,0,1,0.1030244305729866,0.896975576877594
kat4,7793_23_content_TuckerStewart98_LinkedList_MyLinkedList.py_cleaned.py,0,0,0.7905303239822388,0.20946969091892242
kat4,7799_26_content_talhakerpicci_sahibinden-house-checker_house_database.py_cleaned.py,0,1,0.23863890767097473,0.7613611221313477
kat4,7802_2_content_judeisnotobscure_linked_list_linked_list.py_cleaned.py,0,0,0.7371581792831421,0.2628418505191803
kat4,7808_37_content_AAdewunmi_Following-Links-in-HTML-Using-BeautifulSoup_assign_12.6.py_cleaned.py,0,0,0.9213575720787048,0.07864238321781158
kat4,7814_42_content_TechnoMonoCo_Python-Doubly-Linked-List_LL.py_cleaned.py,0,0,0.9553191661834717,0.0446808747947216
kat4,7822_6_content_programmer290399_Youtube-transcript-extractor_links_finder.py_cleaned.py,0,1,0.3791484832763672,0.6208515167236328
kat4,8063_11_content_ayushkumarshah_Dynamic-Programming-MCM-and-LCS_lcs.py_cleaned.py,0,0,0.8692712783813477,0.13072869181632996
kat4,8069_15_content_VakinduPhilliam_Pattern_Matching_Python_Difflib_Pattern_Matching_Differ___.py_cleaned.py,0,0,0.9877586960792542,0.012241275981068611
kat4,8075_15_content_VakinduPhilliam_Pattern_Matching_Python_Difflib_Pattern_Matching_Unified_Diff.py_cleaned.py,0,0,0.6893056035041809,0.3106943964958191
kat4,8082_1_content_jim-spyropoulos_Trajectory-Analysis-and-Classification-in-Python-Pandas-and-Scikit-Learn_best_classifier.py_cleaned.py,0,0,0.9367494583129883,0.06325051933526993
kat4,8088_1_content_susheelsagar_LCSS_file.py_cleaned.py,0,0,0.9879462122917175,0.0120537793263793
kat4,8095_3_content_jzwei023_LongestCommonSubsequence_lcs.py_cleaned.py,0,0,0.7360212802886963,0.2639786899089813
kat4,8100_6_content_singh-sidharth_Longest-Common-Subsequence_LCS.py_cleaned.py,0,0,0.9811668992042542,0.018833130598068237
kat4,8106_8_content_16chuang_CS161_Project_judge.py_cleaned.py,0,1,0.16667540371418,0.8333246111869812
kat4,8359_100_content_paulofaria_dr-naive-bayes_server.py_cleaned.py,0,1,0.0844927579164505,0.9155072569847107
kat4,8365_14_content_Dmujt_Naive-Bayes-Sentiment-Analysis_mutual_information.py_cleaned.py,0,1,0.49255427718162537,0.507445752620697
kat4,8372_1_content_pranav-dahiya_NaiveBayes_vocabulary.py_cleaned.py,0,1,0.02145073190331459,0.9785493016242981
kat4,8379_31_content_dariswan_AudioRetrieval-Classification_ekstraksi.py_cleaned.py,0,1,0.05108273774385452,0.9489172697067261
kat4,8385_48_content_andrewdoanutz_NaiveBayesClassifier_NaiveBayesClassifier.py_cleaned.py,0,0,0.9804313778877258,0.019568676128983498
kat4,8391_66_content_Talon-Zhang_Naive-Bayes_reader.py_cleaned.py,0,0,0.5370413661003113,0.46295860409736633
kat4,8392_67_content_theSnehaThing_NaiveBayes_Naive-Bayes_Classifier.py_cleaned.py,0,1,0.1859472095966339,0.8140527606010437
kat4,8398_7_content_ettuniversum_NaiveBayesian_iris_classifier.py_cleaned.py,0,0,0.7610060572624207,0.23899394273757935
kat4,8403_90_content_cody-elhard_NaiveBayes_naive-bayes-numerical.py_cleaned.py,0,1,0.4600159823894501,0.5399840474128723
kat4,8408_97_content_panjibagaskara_NaiveBayes_naive.py_cleaned.py,0,0,0.9848109483718872,0.015189049765467644
kat4,8651_13_content_notpresident35_one-time-pad-machine_STILL_More_Testing.py_cleaned.py,0,1,0.027169233188033104,0.9728307723999023
kat4,8658_17_content_blackhawk42_OTP-python_otp.py_cleaned.py,0,1,0.482063353061676,0.517936646938324
kat4,8666_20_content_dexhug_ciphers_polyalphabetic_cipher.py_cleaned.py,0,0,0.917302668094635,0.08269733935594559
kat4,8671_26_content_AnilBattalahalli_cryptfather_cryptfather.py_cleaned.py,0,0,0.9536217451095581,0.046378206461668015
kat4,8673_29_content_blertagllareva_Pseudo-Random-Number-Generation-PRNG-_OneTimePad.py_cleaned.py,0,0,0.9852713346481323,0.014728613197803497
kat4,8679_31_content_tobymyers_codingthematrix_The_Function_problems.py_cleaned.py,0,0,0.7420480251312256,0.257951945066452
kat4,8685_4_content_sezisoro_PyTimePad_PyTimePad.py_cleaned.py,0,0,0.9688562154769897,0.031143832951784134
kat4,8691_7_content_oscarokker_OneTimePad_trivial_compression.py_cleaned.py,0,1,0.04177388176321983,0.9582261443138123
kat4,8934_2_content_Liu-WeiYi_Private_Preserving_Outlier_Behavior_Detection_community_main.py_cleaned.py,0,1,0.13432104885578156,0.8656789064407349
kat4,8942_4_content_mrimahajan_advanced_analysis_package_analyze.py_cleaned.py,0,1,0.19132769107818604,0.808672308921814
kat4,8946_5_content_harshdarji22_crypto_domains.py_cleaned.py,0,0,0.9837225079536438,0.016277460381388664
kat4,8949_6_content_chengdai_gestation_multiomics_pregnancy_multiomics.py_cleaned.py,0,1,0.29787829518318176,0.7021217346191406
kat4,9048_3_content_iykadev_pyalgo_amb.py_cleaned.py,0,0,0.9833430051803589,0.016657039523124695
kat4,9054_3_content_iykadev_pyalgo_binarySearch.py_cleaned.py,0,0,0.8543993234634399,0.14560063183307648
kat4,9061_3_content_iykadev_pyalgo_conways_game_of_life_algo.py_cleaned.py,0,0,0.9845753908157349,0.01542455144226551
kat4,9069_3_content_iykadev_pyalgo_fibo.py_cleaned.py,0,1,0.26626187562942505,0.733738124370575
kat4,9074_3_content_iykadev_pyalgo_hopcroftkarp.py_cleaned.py,0,0,0.6347697377204895,0.3652302920818329
kat4,9079_3_content_iykadev_pyalgo_lzw_compression.py_cleaned.py,0,0,0.9591543078422546,0.04084571823477745
kat4,9084_3_content_iykadev_pyalgo_stable_marriage.py_cleaned.py,0,0,0.8727816939353943,0.12721827626228333
kat4,9090_4_content_Ityer_3x3_Squared_Magic_Square_Finder_randomGuessing_OLD.py_cleaned.py,0,0,0.9898303151130676,0.01016965787857771
kat4,9341_12_content_MarynaTatsevich_Machine-Learning-Regression-Techniques_Simple_Linear_Regression.py_cleaned.py,0,1,0.2778647243976593,0.7221353054046631
kat4,9346_24_content_ingridut_PolynomialRegression_franke.py_cleaned.py,0,1,0.07423136383295059,0.9257686138153076
kat4,9353_38_content_AnkitChouhanDws_Polynomial-Regression_polynomial_regression.py_cleaned.py,0,0,0.7975568175315857,0.2024431824684143
kat4,9359_4_content_raghavgsk25_polynomial-regression-1_pl.py_cleaned.py,0,1,0.2841785252094269,0.7158214449882507
kat4,9364_60_content_morselofdonut_Visual-Classifiers_main.py_cleaned.py,0,0,0.8778960704803467,0.12210386246442795
kat4,9370_61_content_piyush-taneja_Salary-Predictor_Support_Vector_Regression.py_cleaned.py,0,0,0.8031737804412842,0.19682620465755463
kat4,9380_81_content_kiranathealea_regressionMachineLearning_Models.py_cleaned.py,0,1,0.019568676128983498,0.9804313778877258
kat4,9627_10_content_Jeremiah9000_prime_numbers_truncatable_prime_numbers_truncatable_faster.py_cleaned.py,0,1,0.07211220264434814,0.9278878569602966
kat4,9634_14_content_delabi_prime_number-sieve_generate_prime_numbers.py_cleaned.py,0,1,0.23161423206329346,0.7683857679367065
kat4,9642_1_content_Fellfalla_prime-predictor_prime_predictor.py_cleaned.py,0,1,0.09073548763990402,0.9092645049095154
kat4,9649_23_content_wliabc_Prime-numbers_prime.py_cleaned.py,0,0,0.9837225079536438,0.016277460381388664
kat4,9655_28_content_gizzidan_basic-python-practice_primes.py_cleaned.py,0,0,0.9268352389335632,0.07316471636295319
kat4,9656_29_content_mbarylsk_primes_primes.py_cleaned.py,0,1,0.32167303562164307,0.6783269047737122
kat4,9660_30_content_mtony75_isItPrime_main.py_cleaned.py,0,0,0.985496461391449,0.014503580518066883
kat4,9667_5_content_shinjikato_gp_for_prime_number_base.py_cleaned.py,0,0,0.6226887702941895,0.37731122970581055
kat4,9675_96_content_pisaniFosso_TMR_driver.py_cleaned.py,0,0,0.985042929649353,0.014957087114453316
kat4,9920_10_content_chiragragarwal_Graphs_And_Networks_numpy_help.py_cleaned.py,0,0,0.971563994884491,0.02843603491783142
kat4,9922_10_content_chiragragarwal_Graphs_And_Networks___init__.py_cleaned.py,0,0,0.685949444770813,0.314050555229187
kat4,9925_11_content_Boros93_GraphProject_test_prim.py_cleaned.py,0,1,0.10594827681779861,0.8940516710281372
kat4,9929_1_content_bhedavivek_prims_algorithm_graph.py_cleaned.py,0,0,0.971563994884491,0.02843603491783142
kat4,9932_1_content_colettebedoya_primsAndKruskal_DisjointSet.py_cleaned.py,0,0,0.961243748664856,0.03875619173049927
kat4,9937_22_content_mikaelharseno_DurianBot_solver.py_cleaned.py,0,0,0.8719117641448975,0.12808823585510254
kat4,9944_4_content_reza-asad_Prims-Minimum-Spanning-Tree_Prim_s_algorithm.py_cleaned.py,0,1,0.36048904061317444,0.6395109295845032
kat4,9952_6_content_steviedale_random_maze_generator_graphics.py_cleaned.py,0,1,0.028870906680822372,0.9711290597915649
kat4,9961_7_content_MadalinaMircea_GraphAlgorithms_Repository.py_cleaned.py,0,0,0.9105454087257385,0.08945459872484207
kat4,10218_15_content_agarwalr98_PrincipalComponentAnalysis_PCAReconstruct_with_NoisyImages.py_cleaned.py,0,1,0.38144996762275696,0.6185500621795654
kat4,10225_27_content_AndresHerrera_PCA_Vowels_pca_training.py_cleaned.py,0,0,0.9511421918869019,0.04885777831077576
kat4,10232_3_content_HelloJahid_PCA-Principal-Component-Analysis-_PCA_with_Iris_datsets.py_cleaned.py,0,0,0.8305941224098206,0.16940587759017944
kat4,10237_57_content_SorenHeinze_Principal-Component-Analysis-with-missing-data-handling_nipals_algorithm.py_cleaned.py,0,1,0.2560870945453644,0.7439128756523132
kat4,10243_60_content_fabaloc_PCA_RollingPCAonCDS.py_cleaned.py,0,0,0.9399133324623108,0.06008664518594742
kat4,10245_69_content_mertall_PCA_PCA.py_cleaned.py,0,1,0.037326883524656296,0.9626730680465698
kat4,10248_71_content_QingmouLi_SizerPy_SizeRaster.py_cleaned.py,0,0,0.9648551344871521,0.03514484688639641
kat4,10253_7_content_work-nchc_PCAMN_treetop.py_cleaned.py,0,1,0.36954253911972046,0.6304574012756348
kat4,10258_8_content_Mkarami3_Pattern_recognition_dynamic_PCA_ICA_DICA.py_cleaned.py,0,0,0.8803863525390625,0.1196136623620987
kat4,10263_94_content_rohithdot_ImageCompression-PCA_code.py_cleaned.py,0,0,0.9399133324623108,0.06008664518594742
kat4,10519_10_content_Raj-Kumar2208_linkedList-Stacks-Queues-Hashing_arrayStack.py_cleaned.py,0,1,0.03567855432629585,0.9643214344978333
kat4,10524_1_content_modulus100_python-datastructures-algorithms_flattering_nested_linked_lists.py_cleaned.py,0,1,0.05184547230601311,0.9481545686721802
kat4,10530_30_content_HumaneWolf_telegram-spotify-queue_telegram_spotify_queue.py_cleaned.py,0,1,0.06325051933526993,0.9367494583129883
kat4,10535_35_content_saboyle_asyncio-pg-nats-bridge_apg_bridge.py_cleaned.py,0,1,0.03963884338736534,0.9603611826896667
kat4,10541_39_content_msinghal34_M-M-1-Queue-Simulation-with-timeouts_M_M_1_with_timeouts.py_cleaned.py,0,1,0.09203286468982697,0.907967209815979
kat4,10548_47_content_llewellyn-kevin_club-matchmaking_usattRatings.py_cleaned.py,0,1,0.06754669547080994,0.9324532747268677
kat4,10555_56_content_joseph-njogu_Rabbitmq_worker.py_cleaned.py,0,0,0.6938879489898682,0.30611202120780945
kat4,10561_62_content_jkassis87_QueScreenDataExtractor_qsde.py_cleaned.py,0,0,0.9891815781593323,0.010818447917699814
kat4,10804_100_content_cem8301_DataCleaningForInformedPurchases_middlewares.py_cleaned.py,0,0,0.5153759717941284,0.4846239984035492
kat4,10809_12_content_nidhigup01_Quick-sort_quick_sort.py_cleaned.py,0,1,0.20882359147071838,0.791176438331604
kat4,10814_16_content_KjHop_quick-sort_SortingClass.py_cleaned.py,0,0,0.9640516638755798,0.03594832494854927
kat4,10820_20_content_bradruck_Quick_Sort-python_Assignment_7-P12.9.py_cleaned.py,0,0,0.9640516638755798,0.03594832494854927
kat4,10825_25_content_bisigc_python_quicksort_quicksort.py_cleaned.py,0,0,0.7981867790222168,0.2018132209777832
kat4,10832_2_content_ForeverPs_Visualization-of-sort-algorithms_SORT.py_cleaned.py,0,0,0.6208515167236328,0.3791484832763672
kat4,10839_3_content_iRGBit_indexhelper_indexer.py_cleaned.py,0,0,0.9820137619972229,0.01798621006309986
kat4,10848_7_content_lhuangufl_QuickSort_QuickSort.py_cleaned.py,0,1,0.3376401960849762,0.6623597741127014
kat4,11094_12_content_tristanang_DPifier_y_combinator_test.py_cleaned.py,0,0,0.7021217346191406,0.29787829518318176
kat4,11102_19_content_andryak_complib_test.py_cleaned.py,0,0,0.8464508652687073,0.1535491794347763
kat4,11106_22_content_domreichl_credit-card-math_credit_card_math.py_cleaned.py,0,1,0.18126320838928223,0.8187368512153625
kat4,11108_24_content_regnarg_prf-turing-machine_arith.py_cleaned.py,0,0,0.7704647779464722,0.22953520715236664
kat4,11113_29_content_gdkat_Recursive-DNS-Client-Server-Communication_client.py_cleaned.py,0,0,0.8169911503791809,0.1830088496208191
kat4,11119_33_content_prabhatpal77_Complete-core-python-_globalandlocalvar.py_cleaned.py,0,0,0.9838472008705139,0.01615283451974392
kat4,11128_39_content_dhruva-gaidhani_DNS_resolver_my_dns.py_cleaned.py,0,0,0.6397360563278198,0.3602639436721802
kat4,11137_9_content_ahmetfbayrak12_Python-Recursive-Functions-and-Dynamic-Programming_hw5-dynamic.py_cleaned.py,0,0,0.9783847332000732,0.02161533385515213
kat4,11384_16_content_exitmsconfig_python_knn.py_cleaned.py,0,1,0.03138043358922005,0.9686195850372314
kat4,11390_31_content_fjxds_Textbook-RSA-CCA2-OAEP_debug.py_cleaned.py,0,0,0.9640516638755798,0.03594832494854927
kat4,11396_43_content_strmrider_RSA_utilities.py_cleaned.py,0,1,0.03308597952127457,0.9669140577316284
kat4,11402_55_content_Ali-Ouahhabi_AesRsa_cipher_structure.py_cleaned.py,0,1,0.02822098508477211,0.9717789888381958
kat4,11407_63_content_p4r4xor_rsa-tool_basic_rsa_decode.py_cleaned.py,0,0,0.8322367072105408,0.167763352394104
kat4,11413_78_content_jurrejelle_RSACrack_generate_all_quantum.py_cleaned.py,0,1,0.07211220264434814,0.9278878569602966
kat4,11421_92_content_zaldis_RSA_tester.py_cleaned.py,0,1,0.29057809710502625,0.7094219326972961
kat4,11426_95_content_anurag423_Python-Project_primegen.py_cleaned.py,0,1,0.4723716080188751,0.5276283621788025
kat4,11682_10_content_lesdev_SortingMethods_Binary.py_cleaned.py,0,0,0.8836382031440735,0.11636176705360413
kat4,11688_13_content_chandimajayawickrama_Simple-Sorting-Algorithms_insertion_sort.py_cleaned.py,0,1,0.2075357437133789,0.7924642562866211
kat4,11697_19_content_mgersalan_Unsorted-Median-Spark-AWS_unsorted_median.py_cleaned.py,0,0,0.7041600942611694,0.2958398759365082
kat4,11699_1_content_ForeverPs_Visualization-of-sort-algorithms_SORT.py_cleaned.py,0,0,0.6208515167236328,0.3791484832763672
kat4,11704_24_content_nicolaschen1_SortingAlgorithms_sortingAlgorithms.py_cleaned.py,0,1,0.048496004194021225,0.9515040516853333
kat4,11707_26_content_AbdelrhmanKhater_Comparison-between-linked-list-and-array-during-using-selection-sort_Linkedlist.py_cleaned.py,0,0,0.9241418242454529,0.07585817575454712
kat4,11712_2_content_mhiratsuka_selectionSortPython_selectionSort.py_cleaned.py,0,0,0.9623913168907166,0.03760863468050957
kat4,11721_41_content_sarahandert_python-practice--sorting_sample5.py_cleaned.py,0,1,0.1139734610915184,0.8860265612602234
kat4,11728_6_content_HananBahy_linkedLlist-and-selection-sort_linkedlistuno.py_cleaned.py,0,0,0.9738444089889526,0.02615562081336975
kat4,11976_2_content_umam006_steganografi-tugas_LSBSteg.py_cleaned.py,0,1,0.31362995505332947,0.6863700151443481
kat4,12028_11_content_zfkl_sentiment-analysis_sentiment_twitter.py_cleaned.py,0,1,0.06512755155563354,0.9348725080490112
kat4,12035_14_content_ganigavinaya_NaiveBayes_NBwithoutStopWords.py_cleaned.py,0,0,0.9674102663993835,0.03258974477648735
kat4,12039_15_content_ganigavinaya_LogisticRegression_LRwithStopWords.py_cleaned.py,0,1,0.3580162823200226,0.641983687877655
kat4,12043_16_content_NB-prog_INTERN-2019_config.py_cleaned.py,0,1,0.441104918718338,0.5588950514793396
kat4,12050_18_content_Mital188_Logistic-Regression_logistic_regression.py_cleaned.py,0,0,0.5961980819702148,0.40380191802978516
kat4,12056_22_content_vrpandey_Training-and-Comparing-Models-to-Predict-Customer-Satisfaction-Index-_main.py_cleaned.py,0,1,0.23792991042137146,0.7620701193809509
kat4,12063_3_content_abhishek305_PyBot-A-ChatBot-For-Answering-Python-Queries-Using-NLP_bot.py_cleaned.py,0,0,0.8187368512153625,0.18126320838928223
kat4,12071_6_content_hsiaoyi0504_BioChem_stop_words_main.py_cleaned.py,0,1,0.3490888178348541,0.6509112119674683
kat4,12076_9_content_ttm62_customized_RAKE_RAKE.py_cleaned.py,0,1,0.09982065856456757,0.9001793265342712
kat4,12328_1_content_vuolleko_pyTSNE_test_tsne_mnist.py_cleaned.py,0,0,0.9219217896461487,0.07807815819978714
kat4,12388_17_content_davidbhan_IntelligentPatents_NLP_functions.py_cleaned.py,0,0,0.7483522891998291,0.2516477108001709
kat4,12390_1_content_nikitaa30_Content-based-Recommender-System_recommender_system.py_cleaned.py,0,1,0.12421300262212753,0.8757869601249695
kat4,12395_28_content_misbahulard_search-engine-tfidf_app.py_cleaned.py,0,1,0.09877259284257889,0.9012274742126465
kat4,12397_33_content_mirkomantovani_web-search-engine-UIC_crawling_utils.py_cleaned.py,0,1,0.01428193412721157,0.9857181310653687
kat4,12403_41_content_antoinewg_ocr-tfidf_reducer3.py_cleaned.py,0,1,0.16667540371418,0.8333246111869812
kat4,12409_55_content_AustinZuniga_Auto-tagging-of-Theses-and-Dissertations-of-Bicol-University-Searching-and-Matching-_main.py_cleaned.py,0,0,0.9559813141822815,0.04401865229010582
kat4,12415_58_content_zhaoyichanghong_machine_learing_algo_python_knn.py_cleaned.py,0,1,0.24148939549922943,0.7585106492042542
kat4,12420_65_content_my-master_HashingTfidfVectorizer_en_run.py_cleaned.py,0,1,0.21337716281414032,0.7866228222846985
kat4,12426_76_content_shivgarg_twitter-sentiment_test.py_cleaned.py,0,0,0.9845753908157349,0.01542455144226551
kat4,12431_94_content_ianscottknight_Predicting-Myers-Briggs-Type-Indicator-with-Recurrent-Neural-Networks_make_test_set.py_cleaned.py,0,1,0.2869678735733032,0.7130321860313416
kat4,12684_13_content_zerolxf_VRL-SGD_process_tiny_magenet.py_cleaned.py,0,0,0.754553496837616,0.2454465627670288
kat4,12688_17_content_jmullercuber_HackHarvard2k16_RedditScraper.py_cleaned.py,0,0,0.5377545356750488,0.46224546432495117
kat4,12693_23_content_aniket-gaikwad_Applied-Machine-learning-Project---Fall-2014_Bootstrap_backup.py_cleaned.py,0,0,0.986151397228241,0.013848611153662205
kat4,12698_2_content_facebookresearch_reward-estimator-corl_configurations_continuous_uniform.py_cleaned.py,0,1,0.18713268637657166,0.8128673434257507
kat4,12706_35_content_XiaoCode-er_image-digital-express_image_calculation.py_cleaned.py,0,1,0.09877259284257889,0.9012274742126465
kat4,12710_3_content_lostleaf_smear-detection_variance.py_cleaned.py,0,1,0.10669060051441193,0.8933094143867493
kat4,12718_62_content_arushigupta148_Hybrid-Architecture-for-Numeral-Handwritten-Recognition_Multi-Model.py_cleaned.py,0,0,0.9046505093574524,0.09534946084022522
kat4,12723_67_content_towerjoo_mnist_plus_gen.py_cleaned.py,0,1,0.1525365114212036,0.8474634885787964
kat4,12730_8_content_Develop-It-19_Random_Forest_RF_Classifier_Wine_Quality.py_cleaned.py,0,0,0.5139124393463135,0.4860875606536865
kat4,12985_11_content_namelessfintech_python-web-scraping_c9_advanced_link_crawler.py_cleaned.py,0,1,0.1212688684463501,0.8787311315536499
kat4,12991_16_content_helloiamivan_crypto-quant_cryptoscreener.py_cleaned.py,0,0,0.7924642562866211,0.2075357437133789
kat4,13000_24_content_A3M4_Monster-Crawler_get_years_degree.py_cleaned.py,0,1,0.08151975274085999,0.9184802770614624
kat4,13005_31_content_sherpadee_WebScrapingDemo_browsertest.py_cleaned.py,0,0,0.87364661693573,0.12635333836078644
kat4,13011_35_content_anoop123gupta_web_scraping_task1.py_cleaned.py,0,0,0.6277230381965637,0.3722769320011139
kat4,13016_39_content_kghimire192_Electoral_Map_Coloring_Project1.py_cleaned.py,0,1,0.2598256468772888,0.740174412727356
kat4,13021_40_content_roddock_web-crawling_main_scraping.py_cleaned.py,0,0,0.9686195850372314,0.03138043358922005
kat4,13028_45_content_umtpfe_Projet-scrapy_test2.py_cleaned.py,0,0,0.929951012134552,0.07004895806312561
kat4,13033_53_content_crazydev901_lds_scraper_hometeaching.py_cleaned.py,0,1,0.018546564504504204,0.9814534187316895
kat4,13038_63_content_will62185_web-scraper_oil-scraper.py_cleaned.py,0,0,0.9092645049095154,0.09073548763990402
kat4,13044_71_content_EltonK888_web_scraping_c01_scrape.py_cleaned.py,0,0,0.86200350522995,0.13799647986888885
kat4,13049_74_content_jrathin_Web-Scraping_P_Data.py_cleaned.py,0,0,0.9810219407081604,0.01897803694009781
kat4,13055_79_content_MadhavPruthi_Email-Scraping-from-publication_API.py_cleaned.py,0,0,0.8610715270042419,0.13892842829227448
kat4,13060_84_content_bhavnesh2211_Webscraping_imdb_Scraper.py_cleaned.py,0,1,0.4903271198272705,0.5096728801727295
kat4,13067_91_content_Prince9403_WebScraping_Scraping_rabota.py_cleaned.py,0,1,0.167763352394104,0.8322367072105408
kat4,13072_94_content_ytnguyenedalgo_scrape_retail_site_scrape_macys.py_cleaned.py,0,0,0.6540113687515259,0.3459886312484741
kat4,13077_98_content_pratz0499_web-scraping_flipkart.py_cleaned.py,0,0,0.9681411385536194,0.03185885772109032
kat4,149_v3_10_content_raviolliii_AES-Encryption_driver.py_cleaned.py,1,1,0.014728613197803497,0.9852713346481323
kat4,152_v3_11_content_reo11_aes-for-japanese-learner_predict_with_svr.py_cleaned.py,1,1,0.12294380366802216,0.8770562410354614
kat4,161_v3_15_content_V-Sense_Aesthetic-Image-Captioning-ICCVW-2019_clean_using_subjectivity.py_cleaned.py,1,1,0.014842418022453785,0.9851576089859009
kat4,175_v3_24_content_clxmente_Python-Password-Manager_main.py_cleaned.py,1,1,0.09203286468982697,0.907967209815979
kat4,178_v3_4_content_offsecginger_PythonAESObfuscate_python_x86_template.py_cleaned.py,1,1,0.027169233188033104,0.9728307723999023
kat4,183_v3_5_content_scalisesamuel_crypto_p1_Task_1.py_cleaned.py,1,1,0.12635333836078644,0.87364661693573
kat4,188_v3_7_content_git-remove_CBC-and-CTR-Decipher_decipher.py_cleaned.py,1,1,0.017576882615685463,0.9824230670928955
kat4,436_v3_10_content_Ethan2018_Apriori_APRI.py_cleaned.py,1,1,0.020023440942168236,0.9799765348434448
kat4,446_v3_14_content_BalaMungala_GroceryRecommendations-Association_Market_Basket_Optimisation.py_cleaned.py,1,0,0.5711089372634888,0.4288910925388336
kat4,451_v3_1_content_jiteshjha_Frequent-item-set-mining_dat2csv.py_cleaned.py,1,1,0.018833130598068237,0.9811668992042542
kat4,460_v3_3_content_ravinderiiit_Market-Basket-Optimisation-by-apriori-Algorithm_apriori.py_cleaned.py,1,1,0.01428193412721157,0.9857181310653687
kat4,465_v3_5_content_kushagradarkdk_AssociationRuleMining_Apriori_Comet.py_cleaned.py,1,1,0.05146276578307152,0.9485372304916382
kat4,471_v3_7_content_DMDarkness_Data-mining_Example_pybpsohd.py_cleaned.py,1,1,0.07978201657533646,0.9202179908752441
kat4,475_v3_8_content_omjego_AR-Mining-Hash-Tree_naive_apriori.py_cleaned.py,1,1,0.07107366621494293,0.9289263486862183
kat4,480_v3_9_content_rach24_MS-Apriori_MS-Apriori.py_cleaned.py,1,1,0.01678549125790596,0.9832144975662231
kat4,720_v3_ 1_content_sadnessFree_arima-lstm_arima-order.py_cleaned.py,1,1,0.01652955822646618,0.9834704995155334
kat4,726_v3_14_content_harrydurbin_temperature-monitoring_temperature.py_cleaned.py,1,1,0.19072401523590088,0.8092759251594543
kat4,736_v3_1_content_sadnessFree_arima-lstm_combine.py_cleaned.py,1,1,0.011158030480146408,0.9888418912887573
kat4,741_v3_1_content_sadnessFree_arima-lstm_svr.py_cleaned.py,1,1,0.014957087114453316,0.985042929649353
kat4,747_v3_29_content_za101_Stock-Market-Prediction-using-a-Hybrid-Model_source.py_cleaned.py,1,1,0.010818447917699814,0.9891815781593323
kat4,753_v3_2_content_yyqcs_time-series-model_encoder_decoder_fullv-1.py_cleaned.py,1,1,0.024423090741038322,0.9755768775939941
kat4,759_v3_3_content_rentseen_ARIMA-forecast_CAVMP.py_cleaned.py,1,1,0.49334755539894104,0.5066524147987366
kat4,764_v3_4_content_gbrlcustodio_forecasting_genetic_alg.py_cleaned.py,1,1,0.0534033328294754,0.9465966820716858
kat4,765_v3_4_content_noteven2degrees_timeseries_statsmodels_arima_evaluation.py_cleaned.py,1,1,0.020964238792657852,0.9790357351303101
kat4,1016_v3_1_content_dedeco_dijkstra-bellman-ford_teste_cormen_bford.py_cleaned.py,1,1,0.23581159114837646,0.7641884088516235
kat4,1020_v3_1_content_dedeco_dijkstra-bellman-ford_teste_proprio_bford.py_cleaned.py,1,1,0.021287351846694946,0.9787126779556274
kat4,1026_v3_1_content_jwan659_forex-arbitrage_Vert.py_cleaned.py,1,1,0.01428193412721157,0.9857181310653687
kat4,1032_v3_2_content_ernestosanchezmatos_-BellmanFord_algoritmo_bellmanford.py_cleaned.py,1,1,0.019568676128983498,0.9804313778877258
kat4,1038_v3_3_content_sharifahmad2061_routing_algorithm_DVR.py_cleaned.py,1,1,0.03622005879878998,0.9637799859046936
kat4,1049_v3_4_content_rcornacchia_bellman-ford_testserver.py_cleaned.py,1,1,0.01578456163406372,0.9842154383659363
kat4,1055_v3_7_content_ardyerwanda_SDN-Bellman-Ford-Pyretic_routing2cost.py_cleaned.py,1,1,0.16830943524837494,0.8316905498504639
kat4,1296_v3_11_content_davedennis_DFS-and-BFS-Search_dfbf.py_cleaned.py,1,1,0.018124720081686974,0.9818752408027649
kat4,1297_v3_13_content_odiliohafidh_Pencarian-Rumahsakit-Terdekat-dengan-metode-dfs-dan-bfs-python-_cari_rumsakit.py_cleaned.py,1,1,0.03358950465917587,0.9664104580879211
kat4,1302_v3_21_content_PyEldar_PyMazeSolver_maze_solve.py_cleaned.py,1,1,0.03283695504069328,0.9671630263328552
kat4,1308_v3_31_content_AmitD26_The-searching-pacman_projectParams.py_cleaned.py,1,1,0.2018132209777832,0.7981867790222168
kat4,1313_v3_38_content_SamDaQueen_Algorithms-In-Python_Binary_Search_O_log2n_.py_cleaned.py,1,1,0.1949802190065384,0.8050197958946228
kat4,1319_v3_4_content_alex-rantos_Project-1-Search-in-Pacman_ghostAgents.py_cleaned.py,1,1,0.06656918674707413,0.9334307909011841
kat4,1323_v3_51_content_rrraharja_Kecerdasan-Buatan-AI_Project_DFS.py_cleaned.py,1,1,0.03993731737136841,0.9600626826286316
kat4,1334_v3_82_content_Xalvom_python-bfs-dfs_bfs.py_cleaned.py,1,1,0.028870906680822372,0.9711290597915649
kat4,1577_v3_10_content_circulosmeos_haveibeenpwned-binary_pwned-pass-binary-fast.py_cleaned.py,1,1,0.03384403511881828,0.966156005859375
kat4,1584_v3_19_content_riccardobisori_Binary-Trees_TestHeights.py_cleaned.py,1,1,0.05184547230601311,0.9481545686721802
kat4,1590_v3_24_content_Patrik-Stas_kata-bst-tree_bst_ll.py_cleaned.py,1,1,0.020332353189587593,0.9796676635742188
kat4,1598_v3_35_content_jamescarney3_pybst_tree.py_cleaned.py,1,1,0.04401865229010582,0.9559813141822815
kat4,1604_v3_40_content_ajh1143_BinarySearchTreePractice_BST.py_cleaned.py,1,1,0.05070536211133003,0.9492946267127991
kat4,1609_v3_4_content_vieirinhaabr_balanced_binary_search_tree_tree_tester.py_cleaned.py,1,1,0.011331754736602306,0.9886682629585266
kat4,1615_v3_64_content_YifeiY_Depth-of-BTS_BTS_Depth.py_cleaned.py,1,1,0.01784873753786087,0.9821512699127197
kat4,1622_v3_7_content_kristianespina_python-binary-search-tree_binary_search_tree.py_cleaned.py,1,1,0.039048291742801666,0.9609517455101013
kat4,1863_v3_18_content_10elements_BinaryTree_binaryTree.py_cleaned.py,1,1,0.1901218295097351,0.8098781704902649
kat4,1868_v3_20_content_kristianespina_python-binary-search-tree_binary_search_tree.py_cleaned.py,1,1,0.026556573808193207,0.9734434485435486
kat4,1875_v3_31_content_igoreliasm_binary-tree_arvore.py_cleaned.py,1,1,0.021125193685293198,0.9788748621940613
kat4,1879_v3_38_content_NicholasKobald_Tree-Traversals_traversals.py_cleaned.py,1,1,0.1431877166032791,0.8568122982978821
kat4,1885_v3_45_content_vdanny_bst-python_binary_search_tree.py_cleaned.py,1,1,0.02080448903143406,0.9791954755783081
kat4,1890_v3_58_content_tarasrumezhak_TicTacToe_board.py_cleaned.py,1,1,0.16184942424297333,0.8381505608558655
kat4,1896_v3_62_content_agvaibhav_Binary-tree_delete-node.py_cleaned.py,1,1,0.018833130598068237,0.9811668992042542
kat4,1902_v3_88_content_ilkayDevran_HEAP_and_BTS_Implementation_binarySearchTree.py_cleaned.py,1,1,0.048136770725250244,0.9518632292747498
kat4,2147_v3_1_content_griffbr_BubbleNets_bubblenets_select_frame.py_cleaned.py,1,1,0.06142403930425644,0.9385759830474854
kat4,2156_v3_30_content_thomasjedstrom_Bubble_Sort_Selection_Sort.py_cleaned.py,1,1,0.015072628855705261,0.9849274158477783
kat4,2161_v3_3_content_KirillGordievich_Bubble_Sort_Visualization_colors.py_cleaned.py,1,0,0.700894832611084,0.2991051971912384
kat4,2167_v3_4_content_giocarro_BubbleSort-and-Words-Sort_MergeSort2.py_cleaned.py,1,1,0.017045317217707634,0.9829546809196472
kat4,2172_v3_59_content_nicolaschen1_SortingAlgorithms_sortingAlgorithms.py_cleaned.py,1,1,0.04672496020793915,0.9532750844955444
kat4,2178_v3_6_content_ryanlid87_BubbleSort_bubblesort.py_cleaned.py,1,1,0.02822098508477211,0.9717789888381958
kat4,2184_v3_7_content_allenabraham999_Bubble-sort_bubble_sort.py_cleaned.py,1,1,0.08694165199995041,0.9130582809448242
kat4,2436_v3_16_content_hungapp_big_o_09-04.py_cleaned.py,1,1,0.09947021305561066,0.9005298018455505
kat4,2442_v3_21_content_rahul494_Mental-Health-On-Twitter-Analysis_sorter.py_cleaned.py,1,1,0.01542455144226551,0.9845753908157349
kat4,2450_v3_26_content_Emersonxuelinux_One_Big_Archive_TempGui.rsrc.py_cleaned.py,1,1,0.011158030480146408,0.9888418912887573
kat4,2457_v3_39_content_ercjns_WinOfTheDay_toolbox.py_cleaned.py,1,1,0.01971912570297718,0.9802808165550232
kat4,2465_v3_5_content_anguillanneuf_bigO_106_sudoku.py_cleaned.py,1,1,0.028007520362734795,0.9719924926757812
kat4,2474_v3_65_content_pratikbitmesra_BID_bin_cluster.py_cleaned.py,1,1,0.04922211915254593,0.9507778882980347
kat4,2476_v3_6_content_gauravpatle_Data-Analysis-of-IMDB-Users_DataPreprocessing.py_cleaned.py,1,1,0.00985985528677702,0.9901401400566101
kat4,2727_v3_10_content_analyticsbot_document-similarity_document_similarity_nlevenstein.py_cleaned.py,1,1,0.11162799596786499,0.888372004032135
kat4,2732_v3_10_content_sushant097_Chatbot-using-Python-NLTK-_ChatBot.py_cleaned.py,1,1,0.01243165135383606,0.9875683188438416
kat4,2737_v3_1_content_abhilampard_Simple-Plagiarism-Checker_plag.py_cleaned.py,1,1,0.06656918674707413,0.9334307909011841
kat4,2743_v3_1_content_HarryBaker_LDAtopicSimilarity_similaritySuite.py_cleaned.py,1,1,0.12252321094274521,0.8774768114089966
kat4,2751_v3_3_content_danedabomb_InformationRetrieval_IRSystem.py_cleaned.py,1,1,0.043365802615880966,0.9566342234611511
kat4,2758_v3_4_content_nikitaa30_Content-based-Recommender-System_recommender_system.py_cleaned.py,1,1,0.011869121342897415,0.9881309270858765
kat4,2768_v3_8_content_shukali_tweet-similarity-ranking_tweetranking.py_cleaned.py,1,1,0.013020489364862442,0.9869794845581055
kat4,2772_v3_9_content_vbelz_Movie-recommender_prepare_database.py_cleaned.py,1,1,0.05541279539465904,0.944587230682373
kat4,3012_v3_14_content_Rainymood_Gradient-Descent-The-Ultimate-Optimizer_main.py_cleaned.py,1,0,0.635448694229126,0.3645513355731964
kat4,3017_v3_21_content_leonshen95_EC500-Modular-design-2.4_OutputAlert_module.py_cleaned.py,1,1,0.017576882615685463,0.9824230670928955
kat4,3023_v3_28_content_tomsiwek_gprMax-Designer_operation.py_cleaned.py,1,1,0.016657039523124695,0.9833430051803589
kat4,3028_v3_37_content_baptiste0928_userinfo-bot_main.py_cleaned.py,1,1,0.06512755155563354,0.9348725080490112
kat4,3032_v3_52_content_jitunayak_Tensorflow-object-recognition-GUI-DesktopApp_split.py_cleaned.py,1,1,0.014063626527786255,0.9859364032745361
kat4,3033_v3_5_content_SirAeroWN_two_des_meet_in_the_middle_mitm.py_cleaned.py,1,1,0.017712296918034554,0.9822876453399658
kat4,3043_v3_86_content_Enkhai_simple-DES_misc.py_cleaned.py,1,1,0.018833130598068237,0.9811668992042542
kat4,3050_v3_92_content_FranzScheerer_DES_perihel.py_cleaned.py,1,1,0.13892842829227448,0.8610715270042419
kat4,3294_v3_11_content_liubing220524_DFSL-for-hyperspectral-image-classification_KNN.py_cleaned.py,1,1,0.008985428139567375,0.9910145401954651
kat4,3297_v3_17_content_kwikadi_BFS-v-DFS_bfs.py_cleaned.py,1,1,0.018264278769493103,0.9817357659339905
kat4,3304_v3_23_content_GaryXiongxiong_SubwayStationSearching_UseMapBFSFindSubway.py_cleaned.py,1,1,0.02460992895066738,0.9753900170326233
kat4,3310_v3_34_content_robinkthomas_DFS1_authentication.py_cleaned.py,1,1,0.04778006672859192,0.9522199034690857
kat4,3317_v3_4_content_drinkbeer_DFS-Python_common.py_cleaned.py,1,1,0.04535257816314697,0.954647421836853
kat4,3322_v3_68_content_mvivancq_DfsSudokuSolver_dfs.py_cleaned.py,1,1,0.011508150026202202,0.9884918928146362
kat4,3327_v3_73_content_hoopghetto_dfs-optimizer_settings.py_cleaned.py,1,1,0.014503580518066883,0.985496461391449
kat4,3333_v3_84_content_khushhallchandra_EE677-VLSI-CAD_REQUIRED_READING_DAG_aat_dynprog_lec_9_ee677_2016_Mon_22ndAug2016.py_cleaned.py,1,1,0.057918086647987366,0.942081868648529
kat4,3587_v3_10_content_mateus-n00b_Diffie-Hellman_alice.py_cleaned.py,1,0,0.7853085398674011,0.2146914154291153
kat4,3592_v3_16_content_hoefler02_diffie-hellman_dh_client.py_cleaned.py,1,1,0.02615562081336975,0.9738444089889526
kat4,3598_v3_22_content_sagarwani_Breaking-Diffie-Hellman_dl-brute.py_cleaned.py,1,1,0.02161533385515213,0.9783847332000732
kat4,3603_v3_25_content_jimmy-ly00_DHE-prime-grabber_find_primes.py_cleaned.py,1,1,0.45780327916145325,0.5421967506408691
kat4,3607_v3_26_content_ivanji_diffie-hellman-algorithm_diffie-hellman.py_cleaned.py,1,1,0.06954174488782883,0.9304582476615906
kat4,3613_v3_31_content_shreyas3336_Diffie-Hellman-KeyExchange_Seeded_Random_Generator.py_cleaned.py,1,1,0.02595735713839531,0.9740425944328308
kat4,3619_v3_46_content_ADsecu_diffie-hellman-KE_dh.py_cleaned.py,1,1,0.015306354500353336,0.9846936464309692
kat4,3626_v3_64_content_armx40_insecure-df_insecure_df.py_cleaned.py,1,1,0.013222822919487953,0.9867772459983826
kat4,3632_v3_77_content_Zerox-1337_Simplified-OTR-Protocol_otr.py_cleaned.py,1,1,0.04401865229010582,0.9559813141822815
kat4,3879_v3_11_content_langokalla_A-star-Pathfinder_map.py_cleaned.py,1,1,0.01897803694009781,0.9810219407081604
kat4,3887_v3_15_content_ronma1_Dijkstra_graph_algo.py_cleaned.py,1,1,0.02843603491783142,0.971563994884491
kat4,3893_v3_1_content_shkolovy_path-finder-algorithms_grid_helper.py_cleaned.py,1,1,0.01098694372922182,0.9890130758285522
kat4,3898_v3_30_content_williamsdsantos_dijkstras_algorithm_Topology.py_cleaned.py,1,1,0.032344330102205276,0.9676556587219238
kat4,3903_v3_3_content_abantikabasak_ImprovisedDijkstraFlood_GraphInput.py_cleaned.py,1,1,0.016029145568609238,0.9839708209037781
kat4,3911_v3_61_content_mcsweena_Dijkstras-Algorithm_bidirectional_dijkstra.py_cleaned.py,1,1,0.2845759987831116,0.7154240012168884
kat4,3917_v3_88_content_andreaestrada_mazecrawler_server.py_cleaned.py,1,1,0.0333368219435215,0.966663122177124
kat4,3921_v3_95_content_anapandza_ComputerNetworks_Dijkstra.py_cleaned.py,1,1,0.012821214273571968,0.9871788024902344
kat4,4171_v3_13_content_Odarlie_fizz_buzz_programming_logic_andelab_fizz_buzz_bootcamp_function.py_cleaned.py,1,1,0.14175599813461304,0.858244001865387
kat4,4175_v3_19_content_psvelezm_printSet_Pedro_Velez_pgm.py_cleaned.py,1,1,0.024423090741038322,0.9755768775939941
kat4,4182_v3_2_content_johnrobyclayton_division-project_plot.py_cleaned.py,1,1,0.017045317217707634,0.9829546809196472
kat4,4188_v3_4_content_flaviohenriqu_divisibility_flaskapp.py_cleaned.py,1,1,0.028007520362734795,0.9719924926757812
kat4,4194_v3_5_content_AdamJacoby_Hopf_Example_DihedralGroup.py_cleaned.py,1,1,0.01098694372922182,0.9890130758285522
kat4,4198_v3_5_content_AdamJacoby_Hopf_Frobenius_Tools.py_cleaned.py,1,1,0.04084571823477745,0.9591543078422546
kat4,4202_v3_6_content_pushpanjalis_Basic-python-code_basic_code.py_cleaned.py,1,1,0.017442483454942703,0.982557475566864
kat4,4207_v3_7_content_jakobpederson_divisible_pair_sums_divisible_pair_sums.py_cleaned.py,1,1,0.029986508190631866,0.9700134992599487
kat4,4445_v3_10_content_kllinzy_Elliptic-Curve-Cryptography_point.py_cleaned.py,1,1,0.02909075655043125,0.9709092378616333
kat4,4452_v3_13_content_limqiying_crypto_final_project_DH-test.py_cleaned.py,1,1,0.01342825498431921,0.9865716695785522
kat4,4456_v3_17_content_krshubham_ecc-elgamal_elgamal.py_cleaned.py,1,1,0.023509450256824493,0.9764904975891113
kat4,4462_v3_20_content_UAvinash7_Cryptography_SymmmetricAESAlogrithm.py_cleaned.py,1,1,0.01243165135383606,0.9875683188438416
kat4,4469_v3_2_content_cardwizard_EllipticCurves_ec_dhe.py_cleaned.py,1,1,0.020023440942168236,0.9799765348434448
kat4,4474_v3_2_content_johndoe31415_toyecc_elgamaltest.py_cleaned.py,1,1,0.05033063143491745,0.949669361114502
kat4,4479_v3_4_content_JakubVojvoda_elliptic-curve-brute-force_decipher.py_cleaned.py,1,1,0.014172364957630634,0.9858275651931763
kat4,4480_v3_5_content_fernandolobato_ecc_verifiable_threshold_cryptosystem_key_gen.py_cleaned.py,1,1,0.02280263602733612,0.9771973490715027
kat4,4485_v3_6_content_gionanide_Cryptography_superincreasing_knapsack.py_cleaned.py,1,1,0.0443485826253891,0.9556514620780945
kat4,4633_v3_2_content_kristpapadopoulos_keras-exponential-smoothing_ses.py_cleaned.py,1,1,0.08093671500682831,0.9190633296966553
kat4,4639_v3_8_content_6test5_expsmooth_expsmooth.py_cleaned.py,1,1,0.010328153148293495,0.9896718263626099
kat4,4820_v3_10_content_stensonowen_factorial_bot_atoi.py_cleaned.py,1,1,0.011508150026202202,0.9884918928146362
kat4,4827_v3_1_content_gsharu_QA_FACT_test_QAInterviewAppl.py_cleaned.py,1,1,0.026355354115366936,0.9736446738243103
kat4,4833_v3_30_content_talbrecht_ensemble-scoring_run.py_cleaned.py,1,1,0.027376487851142883,0.9726234674453735
kat4,4839_v3_42_content_jrooks0520_Python_Factorial_CS230_Project4.py_cleaned.py,1,1,0.021287351846694946,0.9787126779556274
kat4,4842_v3_4_content_rohinigopalqxf2_Factorial-Calculator-Practice_03_Fill_values.py_cleaned.py,1,1,0.02460992895066738,0.9753900170326233
kat4,4846_v3_51_content_adityapatelgithub_Expressions-and-Functions_linkedlist.py_cleaned.py,1,1,0.03594832494854927,0.9640516638755798
kat4,4852_v3_5_content_brown9804_Python_DiversosAlgortimos_Maquina_Atwood.py_cleaned.py,1,1,0.4635656774044037,0.5364343523979187
kat4,4859_v3_97_content_mjurk456_mini-snakes_aligning_text_file.py_cleaned.py,1,1,0.042087726294994354,0.957912266254425
kat4,4863_v3_97_content_mjurk456_mini-snakes_pseudorandom_sentence_generator.py_cleaned.py,1,1,0.012624949216842651,0.987375020980835
kat4,5105_v3_11_content_XlogicX_Fibonacci_fib.py_cleaned.py,1,1,0.04569203406572342,0.954308032989502
kat4,5112_v3_14_content_Alexander35_fibonacci_sequence_fibonacci_tests.py_cleaned.py,1,1,0.07211220264434814,0.9278878569602966
kat4,5117_v3_38_content_emilyhammer_fibonacci_app.py_cleaned.py,1,1,0.021125193685293198,0.9788748621940613
kat4,5121_v3_46_content_skropf_fib-drawer_Mathematics.py_cleaned.py,1,1,0.019419347867369652,0.9805806875228882
kat4,5127_v3_51_content_rw15e_CIS4930-Python-Project-3_graph.py_cleaned.py,1,1,0.023330768570303917,0.976669192314148
kat4,5132_v3_61_content_AaronRobson_sequences_fibonacci_numbers.py_cleaned.py,1,1,0.02595735713839531,0.9740425944328308
kat4,5138_v3_62_content_MurphyPone_fibo-converter_main.py_cleaned.py,1,1,0.026759283617138863,0.9732407331466675
kat4,5142_v3_8_content_lucasmullerm_turing-machine-fibonacci_main.py_cleaned.py,1,1,0.013222822919487953,0.9867772459983826
kat4,5147_v3_99_content_MatheusMuriel_ProgramacaoDinamica_Plotador.py_cleaned.py,1,1,0.014728613197803497,0.9852713346481323
kat4,5359_v3_13_content_AtahanCelebi_En-K-sa-Yol_polyline_denemesi.py_cleaned.py,1,1,0.13161905109882355,0.8683809638023376
kat4,5364_v3_14_content_MGhousSarwar_Algorithm-Analysis_Script.py_cleaned.py,1,1,0.010013571009039879,0.9899863600730896
kat4,5369_v3_1_content_TamaWilson_floyd_python_floyd.py_cleaned.py,1,1,0.03594832494854927,0.9640516638755798
kat4,5376_v3_5_content_jzell001_Bellman_Ford_Floyd_Warshall_bellman_ford.py_cleaned.py,1,1,0.0446808747947216,0.9553191661834717
kat4,5605_v3_18_content_ronak-07_Agglomerative-Hierarchical-Clustering_Agglomerative.py_cleaned.py,1,1,0.01065251138061285,0.9893474578857422
kat4,5609_v3_21_content_jakubsilhavy_mhhc_config.py_cleaned.py,1,1,0.3974705934524536,0.6025294065475464
kat4,5612_v3_25_content_MarcLindenbach_2d-grouping_k_cluster.py_cleaned.py,1,1,0.0120537793263793,0.9879462122917175
kat4,5618_v3_2_content_zalayo_Hierarchical-Linkage-Regression_HLRtest.py_cleaned.py,1,1,0.016029145568609238,0.9839708209037781
kat4,5626_v3_47_content_sejall_Hierarchical-Clustering_hierrchical_clustering.py_cleaned.py,1,1,0.01971912570297718,0.9802808165550232
kat4,5631_v3_51_content_ParthanOlikkal_Agglomerative-Hierarchical-Clustering_Agglomerative_hierarchical_clustering.py_cleaned.py,1,1,0.01342825498431921,0.9865716695785522
kat4,5640_v3_61_content_cthorrez_deepsetLinkage_plot_results.py_cleaned.py,1,1,0.009708477184176445,0.9902915358543396
kat4,5645_v3_70_content_metr0jw_video-liveness-measurement_video_cut_itzy.py_cleaned.py,1,1,0.07316471636295319,0.9268352389335632
kat4,5890_v3_10_content_iJohnMaged_Huffman-Coding_fileIO.py_cleaned.py,1,1,0.014063626527786255,0.9859364032745361
kat4,5895_v3_13_content_sehajchawla_Compression_arithmetic.py_cleaned.py,1,1,0.11676400899887085,0.8832359910011292
kat4,5901_v3_17_content_fekadeabdejene_HuffmanEncoding_Huffman.py_cleaned.py,1,1,0.0534033328294754,0.9465966820716858
kat4,5906_v3_1_content_farizrahman4u_huffmax_test_training_speed.py_cleaned.py,1,1,0.011687257327139378,0.9883127808570862
kat4,5910_v3_21_content_loalberto_HuffmanCoding_HuffmanCoding.py_cleaned.py,1,1,0.016657039523124695,0.9833430051803589
kat4,5918_v3_28_content_Mansy_HuffmanCode_Huffman.py_cleaned.py,1,1,0.03488088771700859,0.9651191234588623
kat4,5923_v3_36_content_guoziqingbupt_Huffman-Coding_HuffmanDecode.py_cleaned.py,1,1,0.011687257327139378,0.9883127808570862
kat4,5926_v3_3_content_xiekch_Adaptive-Huffman-Coding_node.py_cleaned.py,1,1,0.03138043358922005,0.9686195850372314
kat4,5928_v3_41_content_moyeshkhanal_HuffmanCompression_test_ReadWrite.py_cleaned.py,1,0,0.5561585426330566,0.44384148716926575
kat4,5933_v3_55_content_danmenjivar_huffman_huffman.py_cleaned.py,1,1,0.010328153148293495,0.9896718263626099
kat4,5937_v3_7_content_TongTongX_HuffmanCompressor_huffman.py_cleaned.py,1,1,0.015189049765467644,0.9848109483718872
kat4,6176_v3_14_content_LOOPPO_INS_MERGE_sort_insertionSort.py_cleaned.py,1,1,0.08093671500682831,0.9190633296966553
kat4,6180_v3_1_content_abx67_Algorithms_mergesort.py_cleaned.py,1,1,0.030444350093603134,0.9695556163787842
kat4,6185_v3_23_content_ryanarnouk_BinaryInsertionSort_index.py_cleaned.py,1,1,0.023509450256824493,0.9764904975891113
kat4,6192_v3_24_content_lesdev_SortingMethods_radix.py_cleaned.py,1,1,0.08756384998559952,0.9124361872673035
kat4,6197_v3_28_content_alexanderogle_Enigma_Machine_em_functions.py_cleaned.py,1,1,0.010013571009039879,0.9899863600730896
kat4,6203_v3_36_content_akh5113_Stooge-Merge-Insert-Sort_Homework2.py_cleaned.py,1,1,0.3937346637248993,0.6062653660774231
kat4,6211_v3_46_content_arun-p12_sort-algorithms_shell_sort.py_cleaned.py,1,1,0.09534946084022522,0.9046505093574524
kat4,6215_v3_53_content_faisalkhan91_Sort-Comparison_Sort_Comparison.py_cleaned.py,1,1,0.026355354115366936,0.9736446738243103
kat4,6459_v3_11_content_AlexCardaillac_K-Means-Clustering_k-means.py_cleaned.py,1,1,0.0204885546118021,0.9795114994049072
kat4,6465_v3_21_content_p-kim1_Image-Segmentation-with-K-means_kmeans.py_cleaned.py,1,1,0.013636834919452667,0.9863631129264832
kat4,6470_v3_28_content_Jvictor97_YellowFever_randDate.py_cleaned.py,1,1,0.011687257327139378,0.9883127808570862
kat4,6477_v3_36_content_prakhardogra921_Clustering-using-Kmeans-Cmeans-and-GMM_gmm_sklearn.py_cleaned.py,1,1,0.12421300262212753,0.8757869601249695
kat4,6482_v3_42_content_aryanshar_TextMining_magboard.py_cleaned.py,1,1,0.027585284784436226,0.9724147915840149
kat4,6485_v3_45_content_nialloc9_machine-learning-k-means_main.py_cleaned.py,1,1,0.01428193412721157,0.9857181310653687
kat4,6491_v3_54_content_sumanth-bmsce_Unsupervised_Extreme_Learning_Machine_Spectral_Clustering.py_cleaned.py,1,1,0.011869121342897415,0.9881309270858765
kat4,6496_v3_65_content_ankushjain2001_k-means-clustering-algorithm_driver.py_cleaned.py,1,1,0.012821214273571968,0.9871788024902344
kat4,6503_v3_80_content_julianlafaye_ML-Problem-Set-5-Problem-3_k-means.py_cleaned.py,1,1,0.011869121342897415,0.9881309270858765
kat4,6757_v3_14_content_lisha1992_KNN-Clasify_KNN_datingExample.py_cleaned.py,1,1,0.011508150026202202,0.9884918928146362
kat4,6763_v3_21_content_shunge_KNN-NBA-Draft-Prediction_knn-nba.py_cleaned.py,1,1,0.019870713353157043,0.9801293015480042
kat4,6768_v3_27_content_ppplinday_Picture-Classification-PCA-KNN_KNN-PCA.py_cleaned.py,1,1,0.025760561227798462,0.9742394685745239
kat4,6773_v3_30_content_Aishwarya1401_Diabetic-Retinopathy-Project-Deep-Learning-_KNN_RawImage.py_cleaned.py,1,1,0.027169233188033104,0.9728307723999023
kat4,6778_v3_38_content_juandes_knnbot-messenger-bot_distance.py_cleaned.py,1,1,0.0204885546118021,0.9795114994049072
kat4,6780_v3_40_content_WuStardust_KNN-for-iris_iris.py_cleaned.py,1,1,0.011331754736602306,0.9886682629585266
kat4,6785_v3_4_content_Askjensen_scikittf-idfNLTK_str_func.py_cleaned.py,1,1,0.01243165135383606,0.9875683188438416
kat4,6790_v3_8_content_abhishekmsharma_knn-python-artificial-intelligence_abhishek_sharma_knn_environment.py_cleaned.py,1,1,0.03384403511881828,0.966156005859375
kat4,6795_v3_9_content_ludmal_knn_knn.py_cleaned.py,1,1,0.01098694372922182,0.9890130758285522
kat4,7045_v3_14_content_Stoniel_SimpleGoogleMaps_graph.py_cleaned.py,1,1,0.014957087114453316,0.985042929649353
kat4,7051_v3_1_content_colettebedoya_primsAndKruskal_DisjointSet.py_cleaned.py,1,1,0.19436782598495483,0.8056321740150452
kat4,7055_v3_22_content_ABHIJIT-13_Kruskal-MST_kruskal.py_cleaned.py,1,1,0.021287351846694946,0.9787126779556274
kat4,7061_v3_2_content_Rookieprogrammer521_Kruskal_Kruskal.py_cleaned.py,1,1,0.04401865229010582,0.9559813141822815
kat4,7068_v3_6_content_chiragragarwal_Graphs_And_Networks_numpy_help.py_cleaned.py,1,1,0.02080448903143406,0.9791954755783081
kat4,7069_v3_6_content_chiragragarwal_Graphs_And_Networks___init__.py_cleaned.py,1,1,0.03963884338736534,0.9603611826896667
kat4,7076_v3_8_content_fepz_AyCC_aycc.py_cleaned.py,1,1,0.00912563782185316,0.9908744096755981
kat4,7079_v3_9_content_Boros93_GraphProject_test_prim.py_cleaned.py,1,1,0.01590639166533947,0.9840936064720154
kat4,7329_v3_10_content_Frix-x_FrenchLefffLemmatizer_CreateAdditionalLefffDataFile.py_cleaned.py,1,1,0.02280263602733612,0.9771973490715027
kat4,7336_v3_11_content_Hyperparticle_LemmaTag_lemmatag.py_cleaned.py,1,1,0.2557152211666107,0.7442848086357117
kat4,7340_v3_12_content_ianscottknight_Predicting-Myers-Briggs-Type-Indicator-with-Recurrent-Neural-Networks_make_test_set.py_cleaned.py,1,1,0.013848611153662205,0.986151397228241
kat4,7344_v3_12_content_ianscottknight_Predicting-Myers-Briggs-Type-Indicator-with-Recurrent-Neural-Networks_word_cloud.py_cleaned.py,1,1,0.043042849749326706,0.9569571614265442
kat4,7349_v3_14_content_Qutuf_Qutuf_manage.py_cleaned.py,1,1,0.188323974609375,0.8116759657859802
kat4,7356_v3_18_content_ppke-nlpg_emmorphpy_emmorphrest.py_cleaned.py,1,1,0.16559311747550964,0.8344069123268127
kat4,7361_v3_1_content_mikekestemont_pandora_train.py_cleaned.py,1,1,0.027585284784436226,0.9724147915840149
kat4,7367_v3_23_content_clydedacruz_worddoc-indexer-py_query_index.py_cleaned.py,1,1,0.03934250399470329,0.9606574773788452
kat4,7372_v3_25_content_aajanki_finnish-pos-accuracy_print_errors.py_cleaned.py,1,1,0.01542455144226551,0.9845753908157349
kat4,7628_v3_10_content_bradib0y_searchalgorithms_w.py_cleaned.py,1,1,0.011331754736602306,0.9886682629585266
kat4,7634_v3_11_content_sichen-x_search-engine_index_search.py_cleaned.py,1,1,0.04177388176321983,0.9582261443138123
kat4,7636_v3_11_content_sichen-x_search-engine_myhtable_search.py_cleaned.py,1,1,0.1030244305729866,0.896975576877594
kat4,7644_v3_14_content_akozlu_Uninformed-Search-_lights_out_gui.py_cleaned.py,1,1,0.09947021305561066,0.9005298018455505
kat4,7649_v3_16_content_sanjay3001_Search-in-python_linear_search.py_cleaned.py,1,1,0.013020489364862442,0.9869794845581055
kat4,7657_v3_23_content_ayushkumarshah_Complexity-of-Linear-and-Binary-Search_code.py_cleaned.py,1,1,0.015543648041784763,0.9844563603401184
kat4,7663_v3_33_content_chafiknaceri_Credit-Card-Debt_DebtLeft.py_cleaned.py,1,1,0.018546564504504204,0.9814534187316895
kat4,7671_v3_5_content_aplayton6_LinearSearch_LinearSearch.py_cleaned.py,1,1,0.01590639166533947,0.9840936064720154
kat4,7921_v3_13_content_ToonBlok_LinkedList_test_pylinkedlist.py_cleaned.py,1,1,0.22337706387043,0.7766229510307312
kat4,7926_v3_17_content_yujiex9_LinkedList_reorder_linkedlist.py_cleaned.py,1,1,0.025565212592482567,0.9744347929954529
kat4,7935_v3_23_content_TuckerStewart98_LinkedList_MyLinkedList.py_cleaned.py,1,1,0.04023794084787369,0.9597620368003845
kat4,7940_v3_26_content_talhakerpicci_sahibinden-house-checker_house_database.py_cleaned.py,1,1,0.025565212592482567,0.9744347929954529
kat4,7943_v3_2_content_judeisnotobscure_linked_list_linked_list.py_cleaned.py,1,1,0.026759283617138863,0.9732407331466675
kat4,7947_v3_37_content_AAdewunmi_Following-Links-in-HTML-Using-BeautifulSoup_assign_12.6.py_cleaned.py,1,1,0.01578456163406372,0.9842154383659363
kat4,7952_v3_42_content_TechnoMonoCo_Python-Doubly-Linked-List_LL.py_cleaned.py,1,1,0.028870906680822372,0.9711290597915649
kat4,7960_v3_6_content_programmer290399_Youtube-transcript-extractor_links_finder.py_cleaned.py,1,1,0.14414885640144348,0.8558511734008789
kat4,8211_v3_11_content_ayushkumarshah_Dynamic-Programming-MCM-and-LCS_lcs.py_cleaned.py,1,1,0.1041124165058136,0.8958876132965088
kat4,8217_v3_15_content_VakinduPhilliam_Pattern_Matching_Python_Difflib_Pattern_Matching_Differ___.py_cleaned.py,1,0,0.9681411385536194,0.03185885772109032
kat4,8223_v3_15_content_VakinduPhilliam_Pattern_Matching_Python_Difflib_Pattern_Matching_Unified_Diff.py_cleaned.py,1,1,0.015543648041784763,0.9844563603401184
kat4,8230_v3_1_content_jim-spyropoulos_Trajectory-Analysis-and-Classification-in-Python-Pandas-and-Scikit-Learn_best_classifier.py_cleaned.py,1,1,0.03308597952127457,0.9669140577316284
kat4,8236_v3_1_content_susheelsagar_LCSS_file.py_cleaned.py,1,0,0.9433475732803345,0.05665242671966553
kat4,8243_v3_3_content_jzwei023_LongestCommonSubsequence_lcs.py_cleaned.py,1,1,0.05223085358738899,0.9477691650390625
kat4,8247_v3_6_content_greed2411_LCS_main.py_cleaned.py,1,1,0.017309095710515976,0.9826908707618713
kat4,8249_v3_6_content_singh-sidharth_Longest-Common-Subsequence_LCS.py_cleaned.py,1,1,0.02909075655043125,0.9709092378616333
kat4,8255_v3_8_content_16chuang_CS161_Project_judge.py_cleaned.py,1,1,0.015663649886846542,0.9843363761901855
kat4,8504_v3_100_content_paulofaria_dr-naive-bayes_server.py_cleaned.py,1,1,0.03138043358922005,0.9686195850372314
kat4,8510_v3_14_content_Dmujt_Naive-Bayes-Sentiment-Analysis_mutual_information.py_cleaned.py,1,1,0.0427221953868866,0.957277774810791
kat4,8516_v3_1_content_pranav-dahiya_NaiveBayes_vocabulary.py_cleaned.py,1,1,0.028007520362734795,0.9719924926757812
kat4,8523_v3_31_content_dariswan_AudioRetrieval-Classification_ekstraksi.py_cleaned.py,1,1,0.014957087114453316,0.985042929649353
kat4,8529_v3_48_content_andrewdoanutz_NaiveBayesClassifier_NaiveBayesClassifier.py_cleaned.py,1,1,0.15869519114494324,0.8413047790527344
kat4,8534_v3_66_content_Talon-Zhang_Naive-Bayes_reader.py_cleaned.py,1,1,0.01897803694009781,0.9810219407081604
kat4,8535_v3_67_content_theSnehaThing_NaiveBayes_Naive-Bayes_Classifier.py_cleaned.py,1,1,0.013020489364862442,0.9869794845581055
kat4,8540_v3_7_content_ettuniversum_NaiveBayesian_iris_classifier.py_cleaned.py,1,1,0.01065251138061285,0.9893474578857422
kat4,8545_v3_90_content_cody-elhard_NaiveBayes_naive-bayes-numerical.py_cleaned.py,1,1,0.01652955822646618,0.9834704995155334
kat4,8549_v3_97_content_panjibagaskara_NaiveBayes_naive.py_cleaned.py,1,1,0.2393493503332138,0.7606506943702698
kat4,8795_v3_13_content_notpresident35_one-time-pad-machine_STILL_More_Testing.py_cleaned.py,1,1,0.017576882615685463,0.9824230670928955
kat4,8802_v3_17_content_blackhawk42_OTP-python_otp.py_cleaned.py,1,1,0.049958523362874985,0.9500414729118347
kat4,8810_v3_20_content_dexhug_ciphers_polyalphabetic_cipher.py_cleaned.py,1,1,0.015663649886846542,0.9843363761901855
kat4,8815_v3_26_content_AnilBattalahalli_cryptfather_cryptfather.py_cleaned.py,1,1,0.026963500306010246,0.973036527633667
kat4,8816_v3_29_content_blertagllareva_Pseudo-Random-Number-Generation-PRNG-_OneTimePad.py_cleaned.py,1,1,0.025371313095092773,0.974628746509552
kat4,8821_v3_31_content_tobymyers_codingthematrix_The_Function_problems.py_cleaned.py,1,1,0.27202457189559937,0.7279754281044006
kat4,8830_v3_7_content_oscarokker_OneTimePad_trivial_compression.py_cleaned.py,1,1,0.02145073190331459,0.9785493016242981
kat4,8990_v3_2_content_Liu-WeiYi_Private_Preserving_Outlier_Behavior_Detection_community_main.py_cleaned.py,1,1,0.018689308315515518,0.9813107252120972
kat4,8998_v3_4_content_mrimahajan_advanced_analysis_package_analyze.py_cleaned.py,1,1,0.021287351846694946,0.9787126779556274
kat4,9001_v3_5_content_harshdarji22_crypto_domains.py_cleaned.py,1,1,0.017045317217707634,0.9829546809196472
kat4,9004_v3_6_content_chengdai_gestation_multiomics_pregnancy_multiomics.py_cleaned.py,1,1,0.03358950465917587,0.9664104580879211
kat4,9197_v3_3_content_iykadev_pyalgo_amb.py_cleaned.py,1,1,0.05223085358738899,0.9477691650390625
kat4,9203_v3_3_content_iykadev_pyalgo_binarySearch.py_cleaned.py,1,1,0.08694165199995041,0.9130582809448242
kat4,9210_v3_3_content_iykadev_pyalgo_conways_game_of_life_algo.py_cleaned.py,1,1,0.026963500306010246,0.973036527633667
kat4,9218_v3_3_content_iykadev_pyalgo_fibo.py_cleaned.py,1,1,0.016657039523124695,0.9833430051803589
kat4,9223_v3_3_content_iykadev_pyalgo_hopcroftkarp.py_cleaned.py,1,1,0.16184942424297333,0.8381505608558655
kat4,9228_v3_3_content_iykadev_pyalgo_lzw_compression.py_cleaned.py,1,1,0.05707140266895294,0.9429286122322083
kat4,9233_v3_3_content_iykadev_pyalgo_stable_marriage.py_cleaned.py,1,1,0.09203286468982697,0.907967209815979
kat4,9237_v3_4_content_Ityer_3x3_Squared_Magic_Square_Finder_randomGuessing_OLD.py_cleaned.py,1,1,0.02517884224653244,0.974821150302887
kat4,9487_v3_12_content_MarynaTatsevich_Machine-Learning-Regression-Techniques_Simple_Linear_Regression.py_cleaned.py,1,1,0.024798160418868065,0.9752018451690674
kat4,9492_v3_24_content_ingridut_PolynomialRegression_franke.py_cleaned.py,1,1,0.019419347867369652,0.9805806875228882
kat4,9504_v3_4_content_raghavgsk25_polynomial-regression-1_pl.py_cleaned.py,1,1,0.021287351846694946,0.9787126779556274
kat4,9510_v3_60_content_morselofdonut_Visual-Classifiers_main.py_cleaned.py,1,1,0.018689308315515518,0.9813107252120972
kat4,9516_v3_61_content_piyush-taneja_Salary-Predictor_Support_Vector_Regression.py_cleaned.py,1,1,0.024798160418868065,0.9752018451690674
kat4,9525_v3_81_content_kiranathealea_regressionMachineLearning_Models.py_cleaned.py,1,1,0.013848611153662205,0.986151397228241
kat4,9781_v3_14_content_delabi_prime_number-sieve_generate_prime_numbers.py_cleaned.py,1,1,0.03963884338736534,0.9603611826896667
kat4,9795_v3_23_content_wliabc_Prime-numbers_prime.py_cleaned.py,1,1,0.04672496020793915,0.9532750844955444
kat4,9801_v3_28_content_gizzidan_basic-python-practice_primes.py_cleaned.py,1,1,0.0204885546118021,0.9795114994049072
kat4,9802_v3_29_content_mbarylsk_primes_primes.py_cleaned.py,1,1,0.05834583565592766,0.9416541457176208
kat4,9806_v3_30_content_mtony75_isItPrime_main.py_cleaned.py,1,1,0.023689471185207367,0.9763104915618896
kat4,9813_v3_5_content_shinjikato_gp_for_prime_number_base.py_cleaned.py,1,0,0.5690745115280151,0.43092548847198486
kat4,9821_v3_96_content_pisaniFosso_TMR_driver.py_cleaned.py,1,1,0.04401865229010582,0.9559813141822815
kat4,10070_v3_10_content_chiragragarwal_Graphs_And_Networks_numpy_help.py_cleaned.py,1,1,0.023689471185207367,0.9763104915618896
kat4,10072_v3_10_content_chiragragarwal_Graphs_And_Networks___init__.py_cleaned.py,1,1,0.4605618417263031,0.5394381880760193
kat4,10075_v3_11_content_Boros93_GraphProject_test_prim.py_cleaned.py,1,1,0.01342825498431921,0.9865716695785522
kat4,10079_v3_1_content_bhedavivek_prims_algorithm_graph.py_cleaned.py,1,1,0.014063626527786255,0.9859364032745361
kat4,10086_v3_22_content_mikaelharseno_DurianBot_solver.py_cleaned.py,1,1,0.0120537793263793,0.9879462122917175
kat4,10093_v3_4_content_reza-asad_Prims-Minimum-Spanning-Tree_Prim_s_algorithm.py_cleaned.py,1,1,0.014392335899174213,0.9856076240539551
kat4,10101_v3_6_content_steviedale_random_maze_generator_graphics.py_cleaned.py,1,1,0.01798621006309986,0.9820137619972229
kat4,10110_v3_7_content_MadalinaMircea_GraphAlgorithms_Repository.py_cleaned.py,1,1,0.015543648041784763,0.9844563603401184
kat4,10367_v3_15_content_agarwalr98_PrincipalComponentAnalysis_PCAReconstruct_with_NoisyImages.py_cleaned.py,1,1,0.028652669861912727,0.9713473320007324
kat4,10374_v3_27_content_AndresHerrera_PCA_Vowels_pca_training.py_cleaned.py,1,1,0.03649376705288887,0.9635062217712402
kat4,10381_v3_3_content_HelloJahid_PCA-Principal-Component-Analysis-_PCA_with_Iris_datsets.py_cleaned.py,1,1,0.02262919954955578,0.9773707389831543
kat4,10386_v3_57_content_SorenHeinze_Principal-Component-Analysis-with-missing-data-handling_nipals_algorithm.py_cleaned.py,1,1,0.048136770725250244,0.9518632292747498
kat4,10392_v3_60_content_fabaloc_PCA_RollingPCAonCDS.py_cleaned.py,1,1,0.01098694372922182,0.9890130758285522
kat4,10394_v3_69_content_mertall_PCA_PCA.py_cleaned.py,1,1,0.00912563782185316,0.9908744096755981
kat4,10397_v3_71_content_QingmouLi_SizerPy_SizeRaster.py_cleaned.py,1,1,0.01590639166533947,0.9840936064720154
kat4,10402_v3_7_content_work-nchc_PCAMN_treetop.py_cleaned.py,1,1,0.04501553252339363,0.9549844264984131
kat4,10407_v3_8_content_Mkarami3_Pattern_recognition_dynamic_PCA_ICA_DICA.py_cleaned.py,1,1,0.04084571823477745,0.9591543078422546
kat4,10412_v3_94_content_rohithdot_ImageCompression-PCA_code.py_cleaned.py,1,1,0.01243165135383606,0.9875683188438416
kat4,10663_v3_10_content_Raj-Kumar2208_linkedList-Stacks-Queues-Hashing_arrayStack.py_cleaned.py,1,1,0.026759283617138863,0.9732407331466675
kat4,10668_v3_1_content_modulus100_python-datastructures-algorithms_flattering_nested_linked_lists.py_cleaned.py,1,1,0.014728613197803497,0.9852713346481323
kat4,10678_v3_35_content_saboyle_asyncio-pg-nats-bridge_apg_bridge.py_cleaned.py,1,1,0.019271135330200195,0.980728805065155
kat4,10683_v3_39_content_msinghal34_M-M-1-Queue-Simulation-with-timeouts_M_M_1_with_timeouts.py_cleaned.py,1,1,0.022457055747509003,0.9775429368019104
kat4,10690_v3_47_content_llewellyn-kevin_club-matchmaking_usattRatings.py_cleaned.py,1,1,0.01798621006309986,0.9820137619972229
kat4,10697_v3_56_content_joseph-njogu_Rabbitmq_worker.py_cleaned.py,1,1,0.01615283451974392,0.9838472008705139
kat4,10702_v3_62_content_jkassis87_QueScreenDataExtractor_qsde.py_cleaned.py,1,1,0.02498779445886612,0.9750121831893921
kat4,10953_v3_12_content_nidhigup01_Quick-sort_quick_sort.py_cleaned.py,1,1,0.013020489364862442,0.9869794845581055
kat4,10958_v3_16_content_KjHop_quick-sort_SortingClass.py_cleaned.py,1,1,0.08756384998559952,0.9124361872673035
kat4,10964_v3_20_content_bradruck_Quick_Sort-python_Assignment_7-P12.9.py_cleaned.py,1,1,0.02178117260336876,0.9782188534736633
kat4,10969_v3_25_content_bisigc_python_quicksort_quicksort.py_cleaned.py,1,1,0.1672186702489853,0.8327813148498535
kat4,10975_v3_2_content_ForeverPs_Visualization-of-sort-algorithms_SORT.py_cleaned.py,1,1,0.0427221953868866,0.957277774810791
kat4,10981_v3_3_content_iRGBit_indexhelper_indexer.py_cleaned.py,1,1,0.011687257327139378,0.9883127808570862
kat4,10990_v3_7_content_lhuangufl_QuickSort_QuickSort.py_cleaned.py,1,1,0.04672496020793915,0.9532750844955444
kat4,11240_v3_12_content_tristanang_DPifier_y_combinator_test.py_cleaned.py,1,1,0.13296423852443695,0.8670357465744019
kat4,11248_v3_19_content_andryak_complib_test.py_cleaned.py,1,0,0.7213507294654846,0.2786492109298706
kat4,11252_v3_22_content_domreichl_credit-card-math_credit_card_math.py_cleaned.py,1,1,0.03567855432629585,0.9643214344978333
kat4,11254_v3_24_content_regnarg_prf-turing-machine_arith.py_cleaned.py,1,1,0.07423136383295059,0.9257686138153076
kat4,11259_v3_29_content_gdkat_Recursive-DNS-Client-Server-Communication_client.py_cleaned.py,1,1,0.09670579433441162,0.9032942056655884
kat4,11265_v3_33_content_prabhatpal77_Complete-core-python-_globalandlocalvar.py_cleaned.py,1,0,0.6988435387611389,0.30115649104118347
kat4,11273_v3_39_content_dhruva-gaidhani_DNS_resolver_my_dns.py_cleaned.py,1,1,0.07159119844436646,0.9284088015556335
kat4,11282_v3_9_content_ahmetfbayrak12_Python-Recursive-Functions-and-Dynamic-Programming_hw5-dynamic.py_cleaned.py,1,1,0.026963500306010246,0.973036527633667
kat4,11534_v3_16_content_exitmsconfig_python_knn.py_cleaned.py,1,1,0.01798621006309986,0.9820137619972229
kat4,11540_v3_31_content_fjxds_Textbook-RSA-CCA2-OAEP_debug.py_cleaned.py,1,1,0.010489091277122498,0.9895108342170715
kat4,11546_v3_43_content_strmrider_RSA_utilities.py_cleaned.py,1,1,0.019419347867369652,0.9805806875228882
kat4,11552_v3_55_content_Ali-Ouahhabi_AesRsa_cipher_structure.py_cleaned.py,1,1,0.02080448903143406,0.9791954755783081
kat4,11557_v3_63_content_p4r4xor_rsa-tool_basic_rsa_decode.py_cleaned.py,1,1,0.05223085358738899,0.9477691650390625
kat4,11563_v3_78_content_jurrejelle_RSACrack_generate_all_quantum.py_cleaned.py,1,1,0.011158030480146408,0.9888418912887573
kat4,11571_v3_92_content_zaldis_RSA_tester.py_cleaned.py,1,1,0.014842418022453785,0.9851576089859009
kat4,11576_v3_95_content_anurag423_Python-Project_primegen.py_cleaned.py,1,1,0.023509450256824493,0.9764904975891113
kat4,11828_v3_10_content_lesdev_SortingMethods_Binary.py_cleaned.py,1,1,0.019568676128983498,0.9804313778877258
kat4,11833_v3_13_content_chandimajayawickrama_Simple-Sorting-Algorithms_insertion_sort.py_cleaned.py,1,1,0.03567855432629585,0.9643214344978333
kat4,11842_v3_19_content_mgersalan_Unsorted-Median-Spark-AWS_unsorted_median.py_cleaned.py,1,1,0.0541987270116806,0.9458011984825134
kat4,11848_v3_24_content_nicolaschen1_SortingAlgorithms_sortingAlgorithms.py_cleaned.py,1,1,0.028007520362734795,0.9719924926757812
kat4,11851_v3_26_content_AbdelrhmanKhater_Comparison-between-linked-list-and-array-during-using-selection-sort_Linkedlist.py_cleaned.py,1,1,0.06418264657258987,0.9358173608779907
kat4,11855_v3_2_content_mhiratsuka_selectionSortPython_selectionSort.py_cleaned.py,1,0,0.6546739935874939,0.3453260362148285
kat4,11864_v3_41_content_sarahandert_python-practice--sorting_sample5.py_cleaned.py,1,1,0.017045317217707634,0.9829546809196472
kat4,12003_v3_2_content_umam006_steganografi-tugas_LSBSteg.py_cleaned.py,1,1,0.07807815819978714,0.9219217896461487
kat4,12177_v3_11_content_zfkl_sentiment-analysis_sentiment_twitter.py_cleaned.py,1,1,0.023689471185207367,0.9763104915618896
kat4,12184_v3_14_content_ganigavinaya_NaiveBayes_NBwithoutStopWords.py_cleaned.py,1,1,0.07004895806312561,0.929951012134552
kat4,12188_v3_15_content_ganigavinaya_LogisticRegression_LRwithStopWords.py_cleaned.py,1,1,0.028652669861912727,0.9713473320007324
kat4,12192_v3_16_content_NB-prog_INTERN-2019_config.py_cleaned.py,1,1,0.024053553119301796,0.9759464263916016
kat4,12198_v3_18_content_Mital188_Logistic-Regression_logistic_regression.py_cleaned.py,1,1,0.011869121342897415,0.9881309270858765
kat4,12204_v3_22_content_vrpandey_Training-and-Comparing-Models-to-Predict-Customer-Satisfaction-Index-_main.py_cleaned.py,1,1,0.019271135330200195,0.980728805065155
kat4,12211_v3_3_content_abhishek305_PyBot-A-ChatBot-For-Answering-Python-Queries-Using-NLP_bot.py_cleaned.py,1,1,0.02161533385515213,0.9783847332000732
kat4,12217_v3_6_content_hsiaoyi0504_BioChem_stop_words_main.py_cleaned.py,1,1,0.21733751893043518,0.7826625108718872
kat4,12222_v3_9_content_ttm62_customized_RAKE_RAKE.py_cleaned.py,1,1,0.3328523337841034,0.6671476364135742
kat4,12359_v3_1_content_vuolleko_pyTSNE_test_tsne_mnist.py_cleaned.py,1,1,0.06903792917728424,0.930962085723877
kat4,12537_v3_17_content_davidbhan_IntelligentPatents_NLP_functions.py_cleaned.py,1,1,0.018404891714453697,0.9815951585769653
kat4,12539_v3_1_content_nikitaa30_Content-based-Recommender-System_recommender_system.py_cleaned.py,1,1,0.00955939944833517,0.9904406070709229
kat4,12544_v3_28_content_misbahulard_search-engine-tfidf_app.py_cleaned.py,1,1,0.021125193685293198,0.9788748621940613
kat4,12546_v3_33_content_mirkomantovani_web-search-engine-UIC_crawling_utils.py_cleaned.py,1,1,0.010818447917699814,0.9891815781593323
kat4,12552_v3_41_content_antoinewg_ocr-tfidf_reducer3.py_cleaned.py,1,1,0.06052938848733902,0.9394705891609192
kat4,12558_v3_55_content_AustinZuniga_Auto-tagging-of-Theses-and-Dissertations-of-Bicol-University-Searching-and-Matching-_main.py_cleaned.py,1,1,0.02178117260336876,0.9782188534736633
kat4,12564_v3_58_content_zhaoyichanghong_machine_learing_algo_python_knn.py_cleaned.py,1,1,0.05623634159564972,0.9437636137008667
kat4,12569_v3_65_content_my-master_HashingTfidfVectorizer_en_run.py_cleaned.py,1,0,0.6059156656265259,0.3940843641757965
kat4,12576_v3_76_content_shivgarg_twitter-sentiment_test.py_cleaned.py,1,1,0.019419347867369652,0.9805806875228882
kat4,12581_v3_94_content_ianscottknight_Predicting-Myers-Briggs-Type-Indicator-with-Recurrent-Neural-Networks_make_test_set.py_cleaned.py,1,1,0.024237636476755142,0.9757624268531799
kat4,12833_v3_13_content_zerolxf_VRL-SGD_process_tiny_magenet.py_cleaned.py,1,1,0.0333368219435215,0.966663122177124
kat4,12837_v3_17_content_jmullercuber_HackHarvard2k16_RedditScraper.py_cleaned.py,1,1,0.031618766486644745,0.9683812260627747
kat4,12842_v3_23_content_aniket-gaikwad_Applied-Machine-learning-Project---Fall-2014_Bootstrap_backup.py_cleaned.py,1,1,0.01897803694009781,0.9810219407081604
kat4,12847_v3_2_content_facebookresearch_reward-estimator-corl_configurations_continuous_uniform.py_cleaned.py,1,1,0.020177319645881653,0.9798226952552795
kat4,12855_v3_35_content_XiaoCode-er_image-digital-express_image_calculation.py_cleaned.py,1,1,0.016029145568609238,0.9839708209037781
kat4,12859_v3_3_content_lostleaf_smear-detection_variance.py_cleaned.py,1,1,0.01971912570297718,0.9802808165550232
kat4,12867_v3_62_content_arushigupta148_Hybrid-Architecture-for-Numeral-Handwritten-Recognition_Multi-Model.py_cleaned.py,1,1,0.01065251138061285,0.9893474578857422
kat4,12872_v3_67_content_towerjoo_mnist_plus_gen.py_cleaned.py,1,1,0.010818447917699814,0.9891815781593323
kat4,12879_v3_8_content_Develop-It-19_Random_Forest_RF_Classifier_Wine_Quality.py_cleaned.py,1,1,0.009268012829124928,0.9907320141792297
kat4,13282_v3_11_content_namelessfintech_python-web-scraping_c9_advanced_link_crawler.py_cleaned.py,1,1,0.1030244305729866,0.896975576877594
kat4,13288_v3_16_content_helloiamivan_crypto-quant_cryptoscreener.py_cleaned.py,1,1,0.010489091277122498,0.9895108342170715
kat4,13297_v3_24_content_A3M4_Monster-Crawler_get_years_degree.py_cleaned.py,1,1,0.009708477184176445,0.9902915358543396
kat4,13302_v3_31_content_sherpadee_WebScrapingDemo_browsertest.py_cleaned.py,1,1,0.017176710069179535,0.9828232526779175
kat4,13307_v3_35_content_anoop123gupta_web_scraping_task1.py_cleaned.py,1,1,0.01065251138061285,0.9893474578857422
kat4,13312_v3_39_content_kghimire192_Electoral_Map_Coloring_Project1.py_cleaned.py,1,1,0.025565212592482567,0.9744347929954529
kat4,13317_v3_40_content_roddock_web-crawling_main_scraping.py_cleaned.py,1,1,0.02779562398791313,0.9722043871879578
kat4,13324_v3_45_content_umtpfe_Projet-scrapy_test2.py_cleaned.py,1,1,0.025565212592482567,0.9744347929954529
kat4,13329_v3_53_content_crazydev901_lds_scraper_hometeaching.py_cleaned.py,1,1,0.01590639166533947,0.9840936064720154
kat4,13338_v3_71_content_EltonK888_web_scraping_c01_scrape.py_cleaned.py,1,1,0.016277460381388664,0.9837225079536438
kat4,13344_v3_74_content_jrathin_Web-Scraping_P_Data.py_cleaned.py,1,1,0.04240383207798004,0.9575962424278259
kat4,13350_v3_79_content_MadhavPruthi_Email-Scraping-from-publication_API.py_cleaned.py,1,1,0.06608537584543228,0.9339146018028259
kat4,13355_v3_84_content_bhavnesh2211_Webscraping_imdb_Scraper.py_cleaned.py,1,1,0.022977370768785477,0.977022647857666
kat4,13362_v3_91_content_Prince9403_WebScraping_Scraping_rabota.py_cleaned.py,1,1,0.016914913430809975,0.9830850958824158
kat4,13367_v3_94_content_ytnguyenedalgo_scrape_retail_site_scrape_macys.py_cleaned.py,1,1,0.06512755155563354,0.9348725080490112
kat4,13372_v3_98_content_pratz0499_web-scraping_flipkart.py_cleaned.py,1,0,0.5423785448074341,0.4576214551925659
kat5,10_13_content_vatsal-rooprai_Image-Aesthetic-Evaluation_train_network.py_cleaned.py,0,0,0.9871788024902344,0.012821214273571968
kat5,15_16_content_mariosasodotcom_mirror-enc_mirror-enc.py_cleaned.py,0,0,0.9635062217712402,0.03649376705288887
kat5,1_10_content_Chinmay-395_AES-algorithm-using-GUI_CNSmini1.py_cleaned.py,0,0,0.9645892381668091,0.03541072458028793
kat5,25_20_content_Numanor_pyssocks5_local.py_cleaned.py,0,1,0.4241734743118286,0.5758265852928162
kat5,30_2_content_laendle1999_NasceUmAEstrela_reberto.py_cleaned.py,0,0,0.9926542043685913,0.007345826365053654
kat5,36_5_content_LuttaKing_AES-style-Encryptor-Decryptor_encryptorGUI.py_cleaned.py,0,0,0.9918121099472046,0.008187909610569477
kat5,41_6_content_gabrielmbmb_aes_crypt.py_cleaned.py,0,0,0.8062431216239929,0.1937568634748459
kat5,46_8_content_gordon636798_DiffieHellman-AES_DiffieHellman_AES.py_cleaned.py,0,0,0.9785493016242981,0.02145073190331459
kat5,6_12_content_eyalr0_AES-Cryptoanalysis_plotRB.py_cleaned.py,0,0,0.9852713346481323,0.014728613197803497
kat5,289_10_content_subashgandyer_Anti-mirror-Apriori_antimirror.py_cleaned.py,0,0,0.9930961728096008,0.006903838366270065
kat5,295_11_content_sidmishraw_cs-267-project_pdf_processing_demo.py_cleaned.py,0,0,0.9881309270858765,0.011869121342897415
kat5,300_14_content_Dawlatly_Recommender-system_apriori.py_cleaned.py,0,0,0.9927672147750854,0.007232763338834047
kat5,308_2_content_kaushiksk_multi-time-interval-apriori_config.py_cleaned.py,0,0,0.9796676635742188,0.020332353189587593
kat5,315_4_content_JunaidAShaikh_Apriori_and_Association_Rule_Generation_Algorithm_Project1_Apriori_PartA.py_cleaned.py,0,0,0.9895108342170715,0.010489091277122498
kat5,320_6_content_coorty_apriori-agorithm-python_test_apriori_command_line.py_cleaned.py,0,0,0.9869794845581055,0.013020489364862442
kat5,326_7_content_DMDarkness_Data-mining_Example_pyclt_fp2ar.py_cleaned.py,0,0,0.9915544390678406,0.008445627987384796
kat5,331_8_content_Shreyaskulkarni98_MarketAnalysis_Basic_Main.py_cleaned.py,0,0,0.9658995866775513,0.034100428223609924
kat5,573_10_content_marcindahlen_ARIMAplus_arimaplus_neurony.py_cleaned.py,0,0,0.6399610638618469,0.3600389063358307
kat5,578_15_content_Skyblueballykid_SPX-Arima-model_SPX.py_cleaned.py,0,0,0.9626730680465698,0.037326883524656296
kat5,585_1_content_sadnessFree_arima-lstm_arima.py_cleaned.py,0,0,0.6603914499282837,0.3396085798740387
kat5,590_1_content_sadnessFree_arima-lstm_data_review.py_cleaned.py,0,1,0.0753123089671135,0.9246877431869507
kat5,595_20_content_suchitnasre_Air-Passengers-model-using-ARIMA_Airpassenger_ARIMA.py_cleaned.py,0,1,0.30115649104118347,0.6988435387611389
kat5,602_2_content_polyphilz_pricing-weather-derivatives_clean_data.py_cleaned.py,0,1,0.013020489364862442,0.9869794845581055
kat5,609_30_content_sanjanprakash_Cluster-Analysis-over-Financial-Characteristics_topickle.py_cleaned.py,0,0,0.9485372304916382,0.05146276578307152
kat5,614_3_content_rentseen_ARIMA-forecast_test.py_cleaned.py,0,0,0.9937100410461426,0.006289901677519083
kat5,620_9_content_anishur_ARIMA-MODEL_arima.py_cleaned.py,0,0,0.9814534187316895,0.018546564504504204
kat5,868_1_content_dedeco_dijkstra-bellman-ford_dijkstra.py_cleaned.py,0,0,0.9334307909011841,0.06656918674707413
kat5,871_1_content_dedeco_dijkstra-bellman-ford_teste_cormen_djt.py_cleaned.py,0,0,0.966156005859375,0.03384403511881828
kat5,882_1_content_rosshochwert_arbitrage_arbitrage.py_cleaned.py,0,0,0.6020615696907043,0.39793840050697327
kat5,888_2_content_ernestosanchezmatos_-BellmanFord_algoritmo_floywarshall.py_cleaned.py,0,0,0.992061972618103,0.007937993854284286
kat5,894_3_content_tgoodwin_bellman-ford_bfclient.py_cleaned.py,0,0,0.8991213440895081,0.10087861120700836
kat5,904_5_content_vpandeti_Routing-Protocol_RoutingProtocol.py_cleaned.py,0,1,0.12294380366802216,0.8770562410354614
kat5,911_7_content_GauthamBT_Bellman-Ford-Algorithm_DirectedGraphClass.py_cleaned.py,0,0,0.780662477016449,0.21933749318122864
kat5,1153_16_content_Deus1223_Pac-Man_ghostAgents.py_cleaned.py,0,0,0.9912885427474976,0.008711383678019047
kat5,1155_1_content_dimizisis_blocksworld_node.py_cleaned.py,0,0,0.9890130758285522,0.01098694372922182
kat5,1159_21_content_sagar-13_PuzzleSolver_puzzle_tools.py_cleaned.py,0,0,0.9734434485435486,0.026556573808193207
kat5,1166_31_content_benarg_A_star-BFS-Dijkstra-algorithms_AI_assignment3_part2.py_cleaned.py,0,0,0.9761291742324829,0.023870835080742836
kat5,1172_3_content_rizkyary_BFS_BASE_BFS_BASE.py_cleaned.py,0,0,0.9912885427474976,0.008711383678019047
kat5,1177_4_content_alex-rantos_Project-1-Search-in-Pacman_keyboardAgents.py_cleaned.py,0,0,0.9910145401954651,0.008985428139567375
kat5,1189_70_content_DimaAntoniuk_Lab4_bfs_bfs.py_cleaned.py,0,0,0.9848109483718872,0.015189049765467644
kat5,1195_86_content_ThiagoGrabe_Min_Cut-Graphs_BFS.py_cleaned.py,0,0,0.9799765348434448,0.020023440942168236
kat5,1433_10_content_gochieng_BinarySearch_test.py_cleaned.py,0,0,0.5048826336860657,0.4951173663139343
kat5,1441_1_content_chonhenry_binary-search-tree_binary_search_tree.py_cleaned.py,0,0,0.6506892442703247,0.3493107259273529
kat5,1447_27_content_Mypathissional_Data_Structures_AVL.py_cleaned.py,0,0,0.930962085723877,0.06903792917728424
kat5,1451_31_content_aghimire15_Project2_DataStructure_ICP5_2_.py_cleaned.py,0,0,0.9348725080490112,0.06512755155563354
kat5,1455_35_content_jfwhite_CourseSelection_interact_with_user.py_cleaned.py,0,1,0.1949802190065384,0.8050197958946228
kat5,1460_40_content_jcarstenson_parallel_final_performanceTest.py_cleaned.py,0,0,0.9869794845581055,0.013020489364862442
kat5,1465_52_content_kantonist_printBST_printBST.py_cleaned.py,0,0,0.985042929649353,0.014957087114453316
kat5,1471_66_content_adamweissert_PythonBinarySearch_BinarySearch.py_cleaned.py,0,0,0.9643214344978333,0.03567855432629585
kat5,1478_7_content_yashkant_pnas-binary-nets_train.py_cleaned.py,0,0,0.9664104580879211,0.03358950465917587
kat5,1717_12_content_jcarstenson_parallel_final_performanceTest.py_cleaned.py,0,0,0.9869794845581055,0.013020489364862442
kat5,1721_18_content_HDShaw_Runaway-Reservation-System-BST-_AVL_tree.py_cleaned.py,0,0,0.8714748620986938,0.12852513790130615
kat5,1729_23_content_tomasmcoronado_prob-alpha_PhyloTree.py_cleaned.py,0,0,0.7130321860313416,0.2869678735733032
kat5,1733_2_content_Mypathissional_Data_Structures_AVL.py_cleaned.py,0,0,0.930962085723877,0.06903792917728424
kat5,1735_31_content_jwjohns_binary-tree_python_binary_tree_search.py_cleaned.py,0,0,0.9252299070358276,0.07477004081010818
kat5,1740_3_content_Svistoplyaz_Uniformly_Generating_Binary_Trees_main.py_cleaned.py,0,1,0.024053553119301796,0.9759464263916016
kat5,1746_4_content_fcunhaneto_py-binary-trees-draw_handletrees.py_cleaned.py,0,1,0.14080817997455597,0.8591918349266052
kat5,1751_5_content_domodomodomo_binary_search_tree_binary_search_tree.py_cleaned.py,0,1,0.08269733935594559,0.917302668094635
kat5,1757_71_content_DylanHarrisonGithub_AVLTree_AVLTree.py_cleaned.py,0,0,0.980728805065155,0.019271135330200195
kat5,1758_7_content_aira26_HomeWork3_bubblesortclass.py_cleaned.py,0,0,0.8984104990959167,0.10158944129943848
kat5,1763_8_content_karangargg_trees-notes_trees1.py_cleaned.py,0,0,0.9921841025352478,0.007815889082849026
kat5,2004_20_content_Govind9_BubbleSortAnalysis_Sorting.py_cleaned.py,0,0,0.9925393462181091,0.007460643537342548
kat5,2010_27_content_gcmurillo_sortingAlgorithmsComparation_configuraciones.py_cleaned.py,0,0,0.9911527037620544,0.008847354911267757
kat5,2016_31_content_atorulia_Some-kind-of-sort-algorithm_InsertionSort.py_cleaned.py,0,0,0.9184802770614624,0.08151975274085999
kat5,2021_3_content_KirillGordievich_Bubble_Sort_Visualization_mainloop.py_cleaned.py,0,0,0.793105959892273,0.20689405500888824
kat5,2029_53_content_RefaelBeker7_Sorting-Algorithms-Python_ExampleSort_sixDifference.py_cleaned.py,0,0,0.9891815781593323,0.010818447917699814
kat5,2034_59_content_Yousab_parallel-bubble-sort-mpi_bubble_parallel.py_cleaned.py,0,0,0.5910152792930603,0.4089847207069397
kat5,2041_74_content_OstapKuch_Lab_01_alg_sort.py_cleaned.py,0,0,0.9539660811424255,0.04603390023112297
kat5,2046_81_content_jvdwyer_Sorting_Sorts.py_cleaned.py,0,1,0.19620943069458008,0.8037906289100647
kat5,2049_94_content_skatsd_Sorting-Algorithm-Visualiser_SORT_VISUALISER.py_cleaned.py,0,0,0.6905590891838074,0.3094409108161926
kat5,2290_17_content_Selentiym_bigHWonOrderedSets_hw3.py_cleaned.py,0,0,0.987375020980835,0.012624949216842651
kat5,2296_22_content_EmperorCodeman_SortingAlgorithms_EntryPoint.py_cleaned.py,0,0,0.9904406070709229,0.00955939944833517
kat5,2304_26_content_Emersonxuelinux_One_Big_Archive_VirtualPet.py_cleaned.py,0,0,0.9833430051803589,0.016657039523124695
kat5,2313_4_content_mast-group_OpenVocabCodeNLM_create_subtoken_data.py_cleaned.py,0,1,0.01652955822646618,0.9834704995155334
kat5,2320_5_content_anguillanneuf_bigO_128_text_to_lines.py_cleaned.py,0,0,0.9268352389335632,0.07316471636295319
kat5,2329_66_content_SanyaKathuria10_StackOverflow-Keyword-Extraction-System_spark.py_cleaned.py,0,0,0.9926542043685913,0.007345826365053654
kat5,2578_10_content_analyticsbot_document-similarity_document_similarity_WMD.py_cleaned.py,0,0,0.9908744096755981,0.00912563782185316
kat5,2581_10_content_aptr288_Information_Retrieval_system_Indexer_main.py_cleaned.py,0,0,0.9910145401954651,0.008985428139567375
kat5,2584_11_content_kirokuan_Idf-tf-DocCompare_hwTest.py_cleaned.py,0,0,0.9845753908157349,0.01542455144226551
kat5,2589_1_content_aviralmathur_Word2Vec_SKU_Desc.py_cleaned.py,0,0,0.8638516664505005,0.13614831864833832
kat5,2596_1_content_suyash248_plagiarism_detection_app.py_cleaned.py,0,1,0.0627892017364502,0.937210738658905
kat5,2603_3_content_dlohith_text-similarity_run.py_cleaned.py,0,0,0.9865716695785522,0.01342825498431921
kat5,2610_5_content_ranriy_Query-Search-using-TF-IDF-vectors-and-cosine-similarity_P1_1001163569.py_cleaned.py,0,0,0.9919379353523254,0.00806199200451374
kat5,2621_8_content_uzzielc_Document_Similarity_using_TF-IDF_with_Cosine_Dist_article.py_cleaned.py,0,1,0.30074557662010193,0.6992543935775757
kat5,2861_11_content_hakimnasaoui_Analyse-sentiments-commentaires-fb_T_l_chargement_les_commentaires_de_Facebook.py_cleaned.py,0,0,0.9908744096755981,0.00912563782185316
kat5,2867_16_content_0v3rW4tch_Cryptography-course-design_DES_destruct.py_cleaned.py,0,0,0.9753900170326233,0.02460992895066738
kat5,2872_22_content_nuzhamusyafira_des-rsa_Server.py_cleaned.py,0,0,0.9925393462181091,0.007460643537342548
kat5,2879_29_content_Q-Qing_DistributedLockDesign_leader_server.py_cleaned.py,0,0,0.9778834581375122,0.022116590291261673
kat5,2884_43_content_shayanalibhatti_Designing-a-PDF-Audiobook-using-Python_PDF_reading_software.py_cleaned.py,0,1,0.1196136623620987,0.8803863525390625
kat5,2890_67_content_DrIanGregory_MachineLearning-LogisticRegressionWithGradientDescentOrNewton_mulitpleLinearRegression.py_cleaned.py,0,0,0.6222297549247742,0.37777018547058105
kat5,2894_76_content_sylvain-reynaud_projet-voltaire-solver_projetvoltairesolver.py_cleaned.py,0,0,0.9835969805717468,0.01640303246676922
kat5,2900_86_content_Enkhai_simple-DES_permutations.py_cleaned.py,0,1,0.05707140266895294,0.9429286122322083
kat5,2907_92_content_FranzScheerer_DES_safeprime.py_cleaned.py,0,0,0.9934101700782776,0.006589771248400211
kat5,3148_17_content_kwikadi_BFS-v-DFS_dfs.py_cleaned.py,0,0,0.7592254281044006,0.24077460169792175
kat5,3149_18_content_vikasgola_graph-search-algorithms_graph.py_cleaned.py,0,1,0.07055959850549698,0.929440438747406
kat5,3157_29_content_sarapple_AI-Search-Algorithms-Pure_driver.py_cleaned.py,0,0,0.804405927658081,0.19559407234191895
kat5,3161_36_content_aholyoke_bfs_vs_dfs_bfs.py_cleaned.py,0,1,0.4508429169654846,0.5491570830345154
kat5,3168_58_content_tanjimingrinnell_TreeAndGraph_LinkedList.py_cleaned.py,0,1,0.06187598407268524,0.9381240010261536
kat5,3173_6_content_ticotheps_Graphs_notes_day_3.py_cleaned.py,0,0,0.7476159334182739,0.2523840367794037
kat5,3178_77_content_mehtaravina_ScaleableComputingDFS_Client.py_cleaned.py,0,0,0.8848377466201782,0.11516223102807999
kat5,3184_84_content_WizHacks_ChordDFS_topo.py_cleaned.py,0,0,0.8840392827987671,0.11596070975065231
kat5,3190_93_content_malaybhattacharyya_DFSLab_quicksort.py_cleaned.py,0,1,0.018689308315515518,0.9813107252120972
kat5,3438_11_content_jvpessoa10_Diffie-Hellman_App.py_cleaned.py,0,0,0.7193835973739624,0.2806163728237152
kat5,3443_18_content_matinpf_ECDHE_RSA_Python_main.py_cleaned.py,0,0,0.9904406070709229,0.00955939944833517
kat5,3450_24_content_Brew8it_Python_DHAES_AES.py_cleaned.py,0,0,0.8116759657859802,0.188323974609375
kat5,3458_27_content_AlpCentaur_Diffie-Hellman-Implementation_Attack.py_cleaned.py,0,0,0.7943849563598633,0.20561504364013672
kat5,3465_33_content_nikhil-paramane_-Diffie-Hellman-key-Exchange-Algorithm_dh.py_cleaned.py,0,1,0.024237636476755142,0.9757624268531799
kat5,3470_46_content_MrJmk_protocoles_crypto_Diffie-Hellman.py_cleaned.py,0,0,0.9289263486862183,0.07107366621494293
kat5,3477_66_content_chhaiyashrey_Security-Implementation-of-MODBUS-Communication-between-Server-and-Client_secure_modbus_server.py_cleaned.py,0,1,0.027169233188033104,0.9728307723999023
kat5,3483_78_content_CalebABG_PyLSecureP2P_p2putils.py_cleaned.py,0,1,0.039048291742801666,0.9609517455101013
kat5,3731_12_content_NWuensche_DijkstraInPython_calculate_shortest_way.py_cleaned.py,0,0,0.8250265121459961,0.17497345805168152
kat5,3739_16_content_Murali91_Algorithms---Python_Dijkstra.py_cleaned.py,0,1,0.19314737617969513,0.8068526387214661
kat5,3741_17_content_GGonzalezRojas_Tarea_1_MDR_Dijkstra_dijkstra_v1.py_cleaned.py,0,1,0.4019225537776947,0.5980774760246277
kat5,3746_20_content_higirodj_Dijkstra_dijkstra.py_cleaned.py,0,0,0.9230391979217529,0.07696083933115005
kat5,3751_32_content_ceyzaguirre4_AStar_A.py_cleaned.py,0,1,0.03704717382788658,0.9629528522491455
kat5,3756_3_content_root676_QNEAT3___init__.py_cleaned.py,0,0,0.7905303239822388,0.20946969091892242
kat5,3767_6_content_sujayt123_intelligent-segmentation_dijkstra.py_cleaned.py,0,1,0.01615283451974392,0.9838472008705139
kat5,3772_88_content_andreaestrada_mazecrawler_singlePowerup.py_cleaned.py,0,0,0.6963714361190796,0.3036285638809204
kat5,3778_9_content_diegooliveira95_PrimAndDijkstra_dijkstra.py_cleaned.py,0,0,0.9840936064720154,0.01590639166533947
kat5,4018_12_content_dxania_Fizzbuzz_fizzbuzz.py_cleaned.py,0,1,0.2024431824684143,0.7975568175315857
kat5,4024_13_content_Odarlie_fizz_buzz_programming_logic_andelab_test_fizz_buzz.py_cleaned.py,0,0,0.9473810195922852,0.052618954330682755
kat5,4030_1_content_alexirpan_divisibility-regex_app.py_cleaned.py,0,1,0.05541279539465904,0.944587230682373
kat5,4037_3_content_arshdeepmalik_Fibonacci_series_divisibility_Fibonacci_series_.py_cleaned.py,0,0,0.9643214344978333,0.03567855432629585
kat5,4043_5_content_AdamJacoby_Hopf_Algebra_Tools.py_cleaned.py,0,0,0.9039745330810547,0.0960254967212677
kat5,4046_5_content_AdamJacoby_Hopf_Example_Bpq.py_cleaned.py,0,0,0.9219217896461487,0.07807815819978714
kat5,4049_5_content_AdamJacoby_Hopf_Example_GeneralizedDihedralGroup.py_cleaned.py,0,0,0.7189891934394836,0.28101083636283875
kat5,4054_5_content_AdamJacoby_Hopf_HopfConstructions.py_cleaned.py,0,0,0.9019206762313843,0.09807932376861572
kat5,4058_6_content_seonkyuKim_DFA_DFA.py_cleaned.py,0,1,0.15152934193611145,0.8484706878662109
kat5,4063_7_content_jakobpederson_divisible_pair_sums_test_divisible_pair_sums.py_cleaned.py,0,1,0.12808823585510254,0.8719117641448975
kat5,4299_10_content_kllinzy_Elliptic-Curve-Cryptography_public_key.py_cleaned.py,0,0,0.9473810195922852,0.052618954330682755
kat5,4306_13_content_limqiying_crypto_final_project_EG-test.py_cleaned.py,0,0,0.9728307723999023,0.027169233188033104
kat5,4311_18_content_FN-HD_Elliptic_Curve_Cryptography_Fp_main.py_cleaned.py,0,0,0.9884918928146362,0.011508150026202202
kat5,4318_21_content_KingYapster_ECC-Elliptic-Curve-Cryptography-in-Python_ECC.py_cleaned.py,0,0,0.9549844264984131,0.04501553252339363
kat5,4325_2_content_cardwizard_EllipticCurves_math_helpers.py_cleaned.py,0,1,0.019870713353157043,0.9801293015480042
kat5,4330_2_content_johndoe31415_toyecc_PrefixMatcher.py_cleaned.py,0,1,0.3618409335613251,0.6381590962409973
kat5,4337_6_content_gionanide_Cryptography_Crack_zip_files.py_cleaned.py,0,0,0.9891815781593323,0.010818447917699814
kat5,4343_6_content_gionanide_Cryptography_VernamCipher.py_cleaned.py,0,0,0.9928786158561707,0.00712142838165164
kat5,4580_11_content_harishchellappa_Time-Series-Analysis-Bike-Sharing-Demand-Forecasting_forecasting_revenue.py_cleaned.py,0,0,0.9928786158561707,0.00712142838165164
kat5,4585_2_content_Shanmukha-Y_SIngle-Exponential-Smoothing-_predict.py_cleaned.py,0,0,0.9924227595329285,0.007577240467071533
kat5,4591_9_content_Soumyabrata_predicting-pwv_benchmarking.py_cleaned.py,0,0,0.7859664559364319,0.2140335589647293
kat5,4675_10_content_stensonowen_factorial_bot_fact_bot.py_cleaned.py,0,0,0.8068526387214661,0.19314737617969513
kat5,4682_1_content_mattjj_pyhsmm-factorial_util.py_cleaned.py,0,1,0.1037486270070076,0.896251380443573
kat5,4685_23_content_AndreasChatz_factorial_prime_swing.py_cleaned.py,0,1,0.02595735713839531,0.9740425944328308
kat5,4689_36_content_EricHeGitHub_python-factorial-base-rubik-rectangle-word-game-overlapping-photographs-related-algorithms_factorial_base.py_cleaned.py,0,0,0.9863631129264832,0.013636834919452667
kat5,4694_43_content_Warriorchief_Euler34_DigitFactorials_Euler34_Digit_Factorials.py_cleaned.py,0,0,0.7606506943702698,0.2393493503332138
kat5,4699_4_content_rohinigopalqxf2_Factorial-Calculator-Practice_05_Non_Integer_Validation.py_cleaned.py,0,0,0.9594592452049255,0.04054073989391327
kat5,4703_51_content_adityapatelgithub_Expressions-and-Functions_newsplit.py_cleaned.py,0,0,0.8933094143867493,0.10669060051441193
kat5,4711_7_content_yicheng-w_70Factorial_app.py_cleaned.py,0,1,0.02779562398791313,0.9722043871879578
kat5,4717_97_content_mjurk456_mini-snakes_fizz_buzz.py_cleaned.py,0,0,0.9919379353523254,0.00806199200451374
kat5,4722_97_content_mjurk456_mini-snakes_web_scrapper.py_cleaned.py,0,0,0.9898303151130676,0.01016965787857771
kat5,4957_13_content_danielSbastos_binary-fibonacci_columns.py_cleaned.py,0,1,0.04054073989391327,0.9594592452049255
kat5,4964_14_content_Alexander35_fibonacci_sequence_http_server_tests.py_cleaned.py,0,0,0.5815407633781433,0.4184592664241791
kat5,4971_40_content_j-nicholson_FibonacciPy_fibonacci.py_cleaned.py,0,1,0.1233656108379364,0.8766343593597412
kat5,4976_46_content_skropf_fib-drawer_test-animation.py_cleaned.py,0,1,0.25017932057380676,0.7498207092285156
kat5,4982_51_content_UnPolinomio_fibonacci-number_numbers.py_cleaned.py,0,1,0.02517884224653244,0.974821150302887
kat5,4988_61_content_AaronRobson_sequences_triangle_numbers.py_cleaned.py,0,1,0.03760863468050957,0.9623913168907166
kat5,4993_67_content_GilbyScarChest_Fibonacci_API_app.py_cleaned.py,0,0,0.6231475472450256,0.3768523931503296
kat5,4998_8_content_lucasmullerm_turing-machine-fibonacci_tm.py_cleaned.py,0,0,0.9289263486862183,0.07107366621494293
kat5,5003_9_content_ghemsley_fibonacci_fib.py_cleaned.py,0,0,0.9697853922843933,0.030214589089155197
kat5,5250_13_content_AtahanCelebi_En-K-sa-Yol_warshall.py_cleaned.py,0,1,0.03622005879878998,0.9637799859046936
kat5,5255_16_content_QueraltSM_HospitalShortestPath_main.py_cleaned.py,0,1,0.03676946461200714,0.963230550289154
kat5,5260_2_content_Ap1402_floydWarshall_floyd.py_cleaned.py,0,0,0.9925393462181091,0.007460643537342548
kat5,5271_6_content_chawl002_PythonProject141_2_assignment2.py_cleaned.py,0,0,0.9912885427474976,0.008711383678019047
kat5,5277_8_content_chiragragarwal_Graphs_And_Networks_PlotGraph.py_cleaned.py,0,1,0.48852741718292236,0.5114725828170776
kat5,5459_18_content_ronak-07_Agglomerative-Hierarchical-Clustering_Preprocess.py_cleaned.py,0,0,0.949669361114502,0.05033063143491745
kat5,5466_26_content_dmallya93_Intelligent-Web-Services-Discovery-using-Clustering-Method_description_similarities.py_cleaned.py,0,0,0.9939024448394775,0.006097561679780483
kat5,5472_32_content_BhaveshMotwani_Hierarchical_Document_Clustering_hac.py_cleaned.py,0,0,0.9941800832748413,0.005819959565997124
kat5,5480_4_content_kevalmorabia97_Agglomerative-Hierarchical-Clustering-Comparison_HierarchicalAgglomerativeClustering.py_cleaned.py,0,0,0.8327813148498535,0.1672186702489853
kat5,5486_52_content_worldofnick_Wikipedia-Mining_wiki_prepare.py_cleaned.py,0,0,0.9594592452049255,0.04054073989391327
kat5,5494_68_content_ajitashree_Data_Mining_Algorithms_eclat.py_cleaned.py,0,0,0.9912885427474976,0.008711383678019047
kat5,5499_86_content_sudarshan-koirala_Clustering-Algorithms-Comparision_hierarchical_clustering.py_cleaned.py,0,0,0.6740504503250122,0.3259495198726654
kat5,5744_10_content_selden-lin_python_huffman_tree_decompressor_nodes.py_cleaned.py,0,1,0.04569203406572342,0.954308032989502
kat5,5749_14_content_lucascamposj_huffman-coding_huffman_decode.py_cleaned.py,0,1,0.35734322667121887,0.6426568031311035
kat5,5755_18_content_NegarMirgati_CodingAndErrorDetection_All.py_cleaned.py,0,0,0.9881309270858765,0.011869121342897415
kat5,5760_1_content_josgard94_JPEG_Algoritmo_jpeg.py_cleaned.py,0,0,0.9645892381668091,0.03541072458028793
kat5,5764_21_content_Nareshbabu19_Python-Image-compression_test2.py_cleaned.py,0,0,0.8193157911300659,0.18068422377109528
kat5,5772_2_content_jaurelio1_Huffman_Opencv_main.py_cleaned.py,0,0,0.9683812260627747,0.031618766486644745
kat5,5777_39_content_falay_HuffmanCoding_decoder.py_cleaned.py,0,0,0.5081779956817627,0.4918220341205597
kat5,5783_45_content_craig-m-k_huffman-coding_heapify.py_cleaned.py,0,1,0.340046763420105,0.6599532961845398
kat5,5786_4_content_amzhang1_simple-JPEG-compression_zigzag.py_cleaned.py,0,0,0.9683812260627747,0.031618766486644745
kat5,5789_5_content_gupta-shantanu_huffman_compress.py_cleaned.py,0,0,0.9799765348434448,0.020023440942168236
kat5,6034_12_content_timhebert1963_InsertionSortAdvancedAnalysis_Hackerrank_InsertionSortAdvancedAnalysis_MergeSort_Hackerrank_github.py_cleaned.py,0,0,0.5131805539131165,0.48681947588920593
kat5,6042_1_content_abx67_Algorithms_quicksort.py_cleaned.py,0,0,0.9804313778877258,0.019568676128983498
kat5,6047_23_content_thugsatbay_CS-Algorithms_Sorting_Comparison_Ass2-1SolnCustomInput.py_cleaned.py,0,0,0.974628746509552,0.025371313095092773
kat5,6055_24_content_lesdev_SortingMethods_selection.py_cleaned.py,0,0,0.9869794845581055,0.013020489364862442
kat5,6064_33_content_Howellp80_Algorithms---Merge-Sort-vs-Insertion-Sort_hw1.py_cleaned.py,0,0,0.9637799859046936,0.03622005879878998
kat5,6066_40_content_kurosh-wss_Insersion-Sort_insertionSort.py_cleaned.py,0,0,0.9869794845581055,0.013020489364862442
kat5,6073_46_content_arun-p12_sort-algorithms_radix_sort.py_cleaned.py,0,0,0.980728805065155,0.019271135330200195
kat5,6080_56_content_newsteps8_Efficiency_of_SortingAlgorithms_merge_sort.py_cleaned.py,0,0,0.9334307909011841,0.06656918674707413
kat5,6311_12_content_aabulhaj_SpectralClustering_spectral_clustering.py_cleaned.py,0,1,0.12808823585510254,0.8719117641448975
kat5,6317_22_content_sabarahman_k-means-Clustering-On-Banking-Data-Set_clustering.py_cleaned.py,0,0,0.8976953029632568,0.10230470448732376
kat5,6322_28_content_NurzatRakhman_k_means_k-means.py_cleaned.py,0,1,0.06187598407268524,0.9381240010261536
kat5,6329_38_content_taesungp_pytorch-kmeans-init_demo.py_cleaned.py,0,1,0.06187598407268524,0.9381240010261536
kat5,6337_49_content_akshay326_k-means-clustering-api_sample_python_script.py_cleaned.py,0,1,0.05749327689409256,0.9425067901611328
kat5,6343_54_content_wenlin-koh_K-Means-Clustering---python_kmeans.py_cleaned.py,0,0,0.9924227595329285,0.007577240467071533
kat5,6348_66_content_Mary268_K-Means-Clustering_k_means_clustering.py_cleaned.py,0,0,0.9671630263328552,0.03283695504069328
kat5,6358_96_content_jtwaugh_gap-statistic_gap.py_cleaned.py,0,0,0.7390459179878235,0.2609540820121765
kat5,6608_11_content_Koushikmc_Knn-Classifier_Knn.py_cleaned.py,0,1,0.11797802150249481,0.8820220232009888
kat5,6614_16_content_frknozr_knn_knn.py_cleaned.py,0,1,0.06560482829809189,0.9343951344490051
kat5,6621_23_content_changchanglccc_kNN_test.py_cleaned.py,0,0,0.9927672147750854,0.007232763338834047
kat5,6622_23_content_JeffersonLPLima_knn_pca_knn_wine.py_cleaned.py,0,0,0.9798226952552795,0.020177319645881653
kat5,6626_28_content_surgoku_sentiment_analysis_knn_submission.py_cleaned.py,0,0,0.5252470970153809,0.47475293278694153
kat5,6632_30_content_manojrameshrao_machine-learning-iris_iris_web3.py_cleaned.py,0,1,0.06560482829809189,0.9343951344490051
kat5,6639_41_content_SargisYonan_uav_ml_main.py_cleaned.py,0,1,0.04569203406572342,0.954308032989502
kat5,6644_4_content_nikhilrampal15_real_estate_advisor_knn_kmeans_kmeans.py_cleaned.py,0,0,0.9005298018455505,0.09947021305561066
kat5,6649_8_content_jasminegrewal_Naive-Bayes-KNN-Logistic-Regression_2b_gnb.py_cleaned.py,0,0,0.9867772459983826,0.013222822919487953
kat5,6655_9_content_muchlisinadi_ALPR-Indonesia_GenData.py_cleaned.py,0,0,0.8774768114089966,0.12252321094274521
kat5,6899_15_content_ben-mackenzie_mst-kruskal_kruskal.py_cleaned.py,0,0,0.9857181310653687,0.01428193412721157
kat5,6906_1_content_colettebedoya_primsAndKruskal_mst.py_cleaned.py,0,0,0.9886682629585266,0.011331754736602306
kat5,6913_2_content_Aluriak_kruskal-clustering_kruskal_viz.py_cleaned.py,0,0,0.6171665787696838,0.38283342123031616
kat5,6918_32_content_arian100y_Travelling-Salesman-Problem_createCaminos.py_cleaned.py,0,0,0.9908744096755981,0.00912563782185316
kat5,6923_4_content_mincanhe_Network-routing-protocol_heap.py_cleaned.py,0,1,0.034358687698841095,0.9656413197517395
kat5,6931_7_content_AlmazMirlan_Kruskal-Algorithm-Python-Turtle_AlmazbekMCom-17Kruskals.py_cleaned.py,0,0,0.9744347929954529,0.025565212592482567
kat5,6938_8_content_fepz_AyCC_binomial_heap.py_cleaned.py,0,1,0.11757213622331619,0.8824278712272644
kat5,7182_10_content_Frix-x_FrenchLefffLemmatizer_FrenchLefffLemmatizer.py_cleaned.py,0,1,0.1475551873445511,0.8524448275566101
kat5,7189_11_content_ssghule_Naive-Bayes-and-Bag-of-Words-for-Text-Classification-Problem_geolocate.py_cleaned.py,0,1,0.034618839621543884,0.9653811454772949
kat5,7193_12_content_ianscottknight_Predicting-Myers-Briggs-Type-Indicator-with-Recurrent-Neural-Networks_make_training_set.py_cleaned.py,0,0,0.9399133324623108,0.06008664518594742
kat5,7198_12_content_romanorac_elastic_localized_search_controller_elastic.py_cleaned.py,0,0,0.8610715270042419,0.13892842829227448
kat5,7204_15_content_magicinthesky_Semantic-Matching-Application-of-FAQs_task1.py_cleaned.py,0,1,0.06705628335475922,0.9329437017440796
kat5,7211_1_content_akoksal_Turkish-Lemmatizer_lemmatizer.py_cleaned.py,0,0,0.9740425944328308,0.02595735713839531
kat5,7217_22_content_ABHISHEKVALSAN_Malayalam-Newspaper-Article-Dataset_constants.py_cleaned.py,0,0,0.7197777628898621,0.2802222669124603
kat5,7222_23_content_uthea_lemmatizer_test_lemma.py_cleaned.py,0,0,0.9863631129264832,0.013636834919452667
kat5,7228_25_content_OlaRonning_ah16_corenlp_client.py_cleaned.py,0,0,0.9553191661834717,0.0446808747947216
kat5,7480_10_content_taneesh28_Linear-search_linear_search.py_cleaned.py,0,0,0.9929881691932678,0.007011795416474342
kat5,7488_11_content_sichen-x_search-engine_search.py_cleaned.py,0,0,0.9896718263626099,0.010328153148293495
kat5,7490_11_content_sichen-x_search-engine_test_htableoo.py_cleaned.py,0,0,0.9433475732803345,0.05665242671966553
kat5,7496_15_content_jknight1725_linear_search_vs_random_search_binary_game.py_cleaned.py,0,0,0.973036527633667,0.026963500306010246
kat5,7502_1_content_Chunning-Zhou_MILPBasedSearchAlgorithmDiff_function.py_cleaned.py,0,1,0.41253015398979187,0.5874698758125305
kat5,7509_27_content_ashwinvis98_Particle-Swarm-Optimization-for-Robotic-Search-Applications_aruco_detect.py_cleaned.py,0,0,0.9927672147750854,0.007232763338834047
kat5,7515_33_content_chafiknaceri_Credit-Card-Debt_LinearPayement.py_cleaned.py,0,0,0.987375020980835,0.012624949216842651
kat5,7523_6_content_bclark2_Ordered-Linear-Search_orderedLinearSearch.py_cleaned.py,0,1,0.052618954330682755,0.9473810195922852
kat5,7676_v41_content_Chunning-Zhou_MILPBasedSearchAlgorithmDiff_function.py_cleaned.py,0,1,0.011869121342897415,0.9881309270858765
kat5,7779_15_content_udwivedi394_LinkedList_convertBT2LL.py_cleaned.py,0,0,0.986151397228241,0.013848611153662205
kat5,7784_18_content_swaroop396_linkedLists_LinkedList.py_cleaned.py,0,0,0.9640516638755798,0.03594832494854927
kat5,7789_21_content_yashag66_Python-Code-Samples_hashingString.py_cleaned.py,0,1,0.43374159932136536,0.5662583708763123
kat5,7795_24_content_lavi09_Linked-Lists_findingnnodelinkedlist.py_cleaned.py,0,0,0.9884918928146362,0.011508150026202202
kat5,7800_27_content_KyleSeaman201_Ordered-Linked-List_Ordered_Linked_List.py_cleaned.py,0,1,0.034618839621543884,0.9653811454772949
kat5,7804_30_content_a1928375_click_count_click_count.py_cleaned.py,0,1,0.07316471636295319,0.9268352389335632
kat5,7809_38_content_valuntiny_leetcode_linked_list_ii_addTwoNumbers_re.py_cleaned.py,0,0,0.9824230670928955,0.017576882615685463
kat5,7816_44_content_rjsheth_LinkedList-Problems_Reverse_linked_list.py_cleaned.py,0,0,0.9884918928146362,0.011508150026202202
kat5,7823_7_content_mharsha315_Python---Hangman_Hangman.py_cleaned.py,0,0,0.9928786158561707,0.00712142838165164
kat5,8065_11_content_Meghali-Nandi_DNA-PATTERN-MATCHER_dna_matching.py_cleaned.py,0,0,0.7872777581214905,0.21272224187850952
kat5,8070_15_content_VakinduPhilliam_Pattern_Matching_Python_Difflib_Pattern_Matching_Get_Close_Matches.py_cleaned.py,0,0,0.942081868648529,0.057918086647987366
kat5,8077_15_content_VakinduPhilliam_Pattern_Matching_Python_Fnmatch_fnmatch.py_cleaned.py,0,0,0.9896718263626099,0.010328153148293495
kat5,8083_1_content_jim-spyropoulos_Trajectory-Analysis-and-Classification-in-Python-Pandas-and-Scikit-Learn_classifytraj.py_cleaned.py,0,1,0.3609394133090973,0.6390605568885803
kat5,8089_1_content_susheelsagar_LCSS_final_loader.py_cleaned.py,0,0,0.9929881691932678,0.007011795416474342
kat5,8096_3_content_pombredanne_string-alignment_LCS.py_cleaned.py,0,0,0.9591543078422546,0.04084571823477745
kat5,8102_7_content_kanthagirish-rit_lcs-project_memoization.py_cleaned.py,0,1,0.01578456163406372,0.9842154383659363
kat5,8107_8_content_16chuang_CS161_Project_LCS.py_cleaned.py,0,1,0.2267836183309555,0.7732163667678833
kat5,8109_8_content_thingumajig_weighted_lcs_elmo_pattern.py_cleaned.py,0,0,0.6171665787696838,0.38283342123031616
kat5,8360_10_content_SamAllegretto_NaiveBayes_bayes__3_.py_cleaned.py,0,0,0.9403530955314636,0.05964694544672966
kat5,8367_16_content_ydhnwb_sentiment_analysis_movie_app.py_cleaned.py,0,1,0.36658975481987,0.6334102749824524
kat5,8373_21_content_pavel-shepelev_NaiveBayes_News_Classifier.py_cleaned.py,0,0,0.9930961728096008,0.006903838366270065
kat5,8380_37_content_saurabhzingade_Naive-Bayes-Basic_naive.py_cleaned.py,0,0,0.8816148638725281,0.11838509887456894
kat5,8386_48_content_asaadam_TextMining_Preprocessing.py_cleaned.py,0,0,0.7260372638702393,0.27396270632743835
kat5,8393_6_content_dennishnf_indoor-location-using-naive-bayes_2_division_data.py_cleaned.py,0,0,0.9884918928146362,0.011508150026202202
kat5,8397_79_content_snehasg95_NaiveBayes_iris_classification.py_cleaned.py,0,0,0.9924227595329285,0.007577240467071533
kat5,8399_7_content_pherde_naive_bayes_spam_classifier.py_cleaned.py,0,1,0.01652955822646618,0.9834704995155334
kat5,8404_91_content_mahsarazavi_Text-Classification_MLP_Model.py_cleaned.py,0,0,0.6435533165931702,0.35644665360450745
kat5,8646_10_content_MBataille_encrypt-xor_encr.py_cleaned.py,0,0,0.956308901309967,0.043691057711839676
kat5,8652_13_content_TubyNeto_one-time-pad_main.py_cleaned.py,0,0,0.9930961728096008,0.006903838366270065
kat5,8660_17_content_jb0xx_decrypt-onetimepad_texthelper.py_cleaned.py,0,1,0.11162799596786499,0.888372004032135
kat5,8668_22_content_asmitaneupane_Python-project_testfile.py_cleaned.py,0,1,0.3459886312484741,0.6540113687515259
kat5,8674_2_content_lonequark_oneTimePad_oneTimePad.py_cleaned.py,0,0,0.9890130758285522,0.01098694372922182
kat5,8680_31_content_tobymyers_codingthematrix_triangular.py_cleaned.py,0,1,0.09170696884393692,0.9082930684089661
kat5,8686_5_content_llp0702_one-time-pad-implementation-python_main.py_cleaned.py,0,0,0.957277774810791,0.0427221953868866
kat5,8693_8_content_dargust_OTPChat_otpmod.py_cleaned.py,0,1,0.21933749318122864,0.780662477016449
kat5,8935_2_content_Liu-WeiYi_Private_Preserving_Outlier_Behavior_Detection_Incremental_Time_analysis.py_cleaned.py,0,1,0.05223085358738899,0.9477691650390625
kat5,8937_2_content_Liu-WeiYi_Private_Preserving_Outlier_Behavior_Detection_statistic.py_cleaned.py,0,0,0.954647421836853,0.04535257816314697
kat5,8943_4_content_mrimahajan_advanced_analysis_package_variable_reduction.py_cleaned.py,0,1,0.29098084568977356,0.709019124507904
kat5,9043_1_content_lucaspauker_factor-perfect-numbers_Factors_Perfect_Number.py_cleaned.py,0,0,0.9594592452049255,0.04054073989391327
kat5,9050_3_content_iykadev_pyalgo_anagram2.py_cleaned.py,0,0,0.9799765348434448,0.020023440942168236
kat5,9056_3_content_iykadev_pyalgo_binaryTree2.py_cleaned.py,0,0,0.966156005859375,0.03384403511881828
kat5,9062_3_content_iykadev_pyalgo_deal_cards_for_freecell_algo.py_cleaned.py,0,0,0.633863627910614,0.3661363422870636
kat5,9067_3_content_iykadev_pyalgo_e_number.py_cleaned.py,0,0,0.9821512699127197,0.01784873753786087
kat5,9070_3_content_iykadev_pyalgo_golden_ratio.py_cleaned.py,0,0,0.9046505093574524,0.09534946084022522
kat5,9075_3_content_iykadev_pyalgo_insertionSort.py_cleaned.py,0,0,0.9693241715431213,0.030675798654556274
kat5,9080_3_content_iykadev_pyalgo_perfect_numbers.py_cleaned.py,0,0,0.963230550289154,0.03676946461200714
kat5,9085_3_content_iykadev_pyalgo_treeNode.py_cleaned.py,0,1,0.08632348477840424,0.9136765599250793
kat5,9091_5_content_nmcglohon_sequence-squares_calculate_sequence.py_cleaned.py,0,0,0.9688562154769897,0.031143832951784134
kat5,9348_28_content_brandonvilla21_polynomial-regression_polinomial.py_cleaned.py,0,0,0.9416541457176208,0.05834583565592766
kat5,9354_41_content_rinky97_polynomial-regression_my.py_cleaned.py,0,0,0.9915544390678406,0.008445627987384796
kat5,9360_53_content_iamrj846_Predicting-insurance-prices-with-Linear-Regression_MultipleLinearRegressionModel.py_cleaned.py,0,0,0.963230550289154,0.03676946461200714
kat5,9365_60_content_winnie9197_The-Coding-School-projects_Fake_News_DF_dataset.py_cleaned.py,0,1,0.019870713353157043,0.9801293015480042
kat5,9371_63_content_avitabayan_Machine-learning_regression_template.py_cleaned.py,0,1,0.2062537968158722,0.7937461733818054
kat5,9381_83_content_Akshaykanth_COPrediction_createModel.py_cleaned.py,0,0,0.9167081117630005,0.0832919329404831
kat5,9628_11_content_pprzygodzk_binary_search-prime_numbers_binarysearch.py_cleaned.py,0,1,0.02145073190331459,0.9785493016242981
kat5,9635_15_content_EdwinKato_prime_number_generator_prime_number_generator.py_cleaned.py,0,1,0.07107366621494293,0.9289263486862183
kat5,9643_1_content_mtony75_isprime_isprime.py_cleaned.py,0,0,0.957277774810791,0.0427221953868866
kat5,9650_24_content_jakubfolta_PrimeNumber_Prime.py_cleaned.py,0,0,0.9895108342170715,0.010489091277122498
kat5,9651_25_content_diXime_PrimaryNumbers_utx.py_cleaned.py,0,0,0.9787126779556274,0.021287351846694946
kat5,9657_29_content_SilentCatA_is_prime_number_is_prime_number.py_cleaned.py,0,1,0.07477004081010818,0.9252299070358276
kat5,9661_30_content_olamofe_primeQuery_primeQuery.py_cleaned.py,0,0,0.9859364032745361,0.014063626527786255
kat5,9663_37_content_coertquinton_number_sequences_start.py_cleaned.py,0,0,0.8494724035263062,0.15052762627601624
kat5,9668_6_content_kennedyCzar_n-th_monsien_number_monsien_number.py_cleaned.py,0,0,0.9934101700782776,0.006589771248400211
kat5,9923_11_content_Boros93_GraphProject_disjoint_set.py_cleaned.py,0,1,0.030214589089155197,0.9697853922843933
kat5,9926_12_content_diegooliveira95_PrimAndDijkstra_dijkstra.py_cleaned.py,0,0,0.9840936064720154,0.01590639166533947
kat5,9933_1_content_muzixing_graph_algorithm_kruskal.py_cleaned.py,0,1,0.23757591843605042,0.7624240517616272
kat5,9939_28_content_bford26_AStar-PathFinder_PrimsMaze.py_cleaned.py,0,1,0.30115649104118347,0.6988435387611389
kat5,9945_5_content_abcsds_Prim_example.py_cleaned.py,0,0,0.9905874133110046,0.009412589482963085
kat5,9955_6_content_usbogie_MSTcreator_Prims.py_cleaned.py,0,0,0.986151397228241,0.013848611153662205
kat5,9964_8_content_brendanleeper_graph-algorithms_disjoint_sets.py_cleaned.py,0,0,0.7427950501441956,0.25720494985580444
kat5,10219_16_content_GodspeedChloe_PrincipalComponentsAnalysis101_pca_two_vectors.py_cleaned.py,0,0,0.956308901309967,0.043691057711839676
kat5,10227_2_content_shadykdc_Probabilistic_Inference_courseworks_123.py_cleaned.py,0,0,0.9582261443138123,0.04177388176321983
kat5,10233_40_content_furkanh_Principal-Component-Analysis_pca.py_cleaned.py,0,1,0.06656918674707413,0.9334307909011841
kat5,10238_58_content_Schuck9_PCA_PCA.py_cleaned.py,0,0,0.5052488446235657,0.4947511851787567
kat5,10244_68_content_huynguyenqc_DIP-PCA_json_logger.py_cleaned.py,0,1,0.0204885546118021,0.9795114994049072
kat5,10249_73_content_hamk-uas_two-step-pca_two_step_pca.py_cleaned.py,0,0,0.5218366980552673,0.47816330194473267
kat5,10254_82_content_bryonkucharski_PCA_Baseball_Statistics_pca.py_cleaned.py,0,0,0.966156005859375,0.03384403511881828
kat5,10259_8_content_Mkarami3_Pattern_recognition_dynamic_PCA_ICA_DPCA.py_cleaned.py,0,0,0.9511421918869019,0.04885777831077576
kat5,10264_95_content_JoeJimFlood_FreedomIndexPCA_FreedomIndexPCA.py_cleaned.py,0,0,0.9883127808570862,0.011687257327139378
kat5,10520_12_content_shinevalora_asyncio_tornado_queues_requests_demo_test.py_cleaned.py,0,0,0.826151430606842,0.17384850978851318
kat5,10525_1_content_modulus100_python-datastructures-algorithms_linked_list_reverse.py_cleaned.py,0,1,0.09138210862874985,0.9086179733276367
kat5,10531_31_content_danieltshibangu_QueuePay_diranySolution.py_cleaned.py,0,0,0.9507778882980347,0.04922211915254593
kat5,10536_36_content_dchrostowski_autoproxy_dry_run.py_cleaned.py,0,1,0.06560482829809189,0.9343951344490051
kat5,10542_3_content_colinmcnicholl_queueing_theory_homework3_map6264a.py_cleaned.py,0,1,0.019568676128983498,0.9804313778877258
kat5,10551_52_content_NYU-Molecular-Pathology_queue-stats_qstats.py_cleaned.py,0,1,0.03488088771700859,0.9651191234588623
kat5,10556_57_content_sangyh_discrete-event-simulation_read_output.py_cleaned.py,0,0,0.9834704995155334,0.01652955822646618
kat5,10562_64_content_coronary_makerHubTool_testSheets.py_cleaned.py,0,0,0.5574237108230591,0.44257625937461853
kat5,10805_100_content_cem8301_DataCleaningForInformedPurchases_pipelines.py_cleaned.py,0,0,0.8198933005332947,0.18010665476322174
kat5,10810_13_content_gkp7_quick-sort_quick_sort.py_cleaned.py,0,0,0.9764904975891113,0.023509450256824493
kat5,10815_18_content_TorugoH_quickSort_quick.py_cleaned.py,0,0,0.9940890073776245,0.005911068990826607
kat5,10821_21_content_bmawji3_tvshow-sorting_tvshow_sort.py_cleaned.py,0,1,0.3589146137237549,0.6410853862762451
kat5,10827_26_content_hemidactylus_skanfixer_SelRectangle.py_cleaned.py,0,0,0.9804313778877258,0.019568676128983498
kat5,10833_2_content_siddhesh10_Quicksort-and-Randomized-Quick-Sort_randomized_quicksort.py_cleaned.py,0,0,0.7439128756523132,0.2560870945453644
kat5,10841_4_content_varuntahin2210_ConversationalBot-Restaurant_nlu_model.py_cleaned.py,0,1,0.023509450256824493,0.9764904975891113
kat5,10842_52_content_RefaelBeker7_Sorting-Algorithms-Python_ExampleSort_sixDifference.py_cleaned.py,0,0,0.9891815781593323,0.010818447917699814
kat5,10846_73_content_OstapKuch_Lab_01_alg_sort.py_cleaned.py,0,0,0.9539660811424255,0.04603390023112297
kat5,10850_82_content_ceydapolat_Sorting-Algorithms-Analysis_MergeSort.py_cleaned.py,0,0,0.985496461391449,0.014503580518066883
kat5,11097_15_content_gregapodobnik_wowza_deleteautorecordings_wowza_deleterecordings.py_cleaned.py,0,0,0.9802808165550232,0.01971912570297718
kat5,11103_1_content_ilmanzo666_quadtree-image-decomposition_pyImgQuadTree.py_cleaned.py,0,0,0.9343951344490051,0.06560482829809189
kat5,11109_24_content_regnarg_prf-turing-machine_prf.py_cleaned.py,0,0,0.9353464841842651,0.06465348601341248
kat5,11114_29_content_gdkat_Recursive-DNS-Client-Server-Communication_rs.py_cleaned.py,0,0,0.6744794249534607,0.3255205750465393
kat5,11122_35_content_rajucsm09_Fibonacci-Sequence-using-Memoizaton_fibonacci.py_cleaned.py,0,0,0.9830850958824158,0.016914913430809975
kat5,11131_43_content_agusmakmun_changewords_tests.py_cleaned.py,0,1,0.35331663489341736,0.646683394908905
kat5,11138_9_content_ahmetfbayrak12_Python-Recursive-Functions-and-Dynamic-Programming_hw5-plot.py_cleaned.py,0,1,0.05707140266895294,0.9429286122322083
kat5,11386_1_content_zsra_RSA_keygen_prime.py_cleaned.py,0,0,0.9799765348434448,0.020023440942168236
kat5,11391_34_content_ptfn_rsa_main.py_cleaned.py,0,0,0.9511421918869019,0.04885777831077576
kat5,11397_46_content_ThallysSo_criptografia-rsa_criptografia.py_cleaned.py,0,0,0.6804540753364563,0.3195459246635437
kat5,11403_55_content_Jozhus_RSA-And-Linear-Cipher_RSA.py_cleaned.py,0,1,0.3713645935058594,0.6286354064941406
kat5,11408_64_content_xmenji_RSA_rsa.py_cleaned.py,0,0,0.9934101700782776,0.006589771248400211
kat5,11414_83_content_mrh929_qrcode_signature_ScanInvedio.py_cleaned.py,0,1,0.3420219123363495,0.6579780578613281
kat5,11420_8_content_hertelukas_rsa_primeCheck.py_cleaned.py,0,0,0.9898303151130676,0.01016965787857771
kat5,11422_92_content_ZJGSU-C-moon_RSA-Blind-Signature-Based-Bank-System_rsa_blind_sign.py_cleaned.py,0,0,0.9241418242454529,0.07585817575454712
kat5,11428_95_content_KyawHtetWin_RSA-Encryption-Decryption_rsa_encryption.py_cleaned.py,0,1,0.42727723717689514,0.5727227926254272
kat5,11683_10_content_lesdev_SortingMethods_selection.py_cleaned.py,0,0,0.9869794845581055,0.013020489364862442
kat5,11684_11_content_jdpenuliar_selectionsortdjango_manage.py_cleaned.py,0,1,0.4534584879875183,0.5465415120124817
kat5,11689_13_content_Tom-Le_Dota2Grids_generate-grid.py_cleaned.py,0,0,0.8134608268737793,0.18653921782970428
kat5,11700_20_content_jhemesonmotta_PythonSelectionSort_selectionSort.py_cleaned.py,0,0,0.9904406070709229,0.00955939944833517
kat5,11702_22_content_thctds_Sorts1_insertionSort.py_cleaned.py,0,0,0.9693241715431213,0.030675798654556274
kat5,11708_26_content_AbdelrhmanKhater_Comparison-between-linked-list-and-array-during-using-selection-sort_main.py_cleaned.py,0,0,0.961533784866333,0.0384661927819252
kat5,11715_32_content_AAMergulhao_Sort_Algorithms_index.py_cleaned.py,0,0,0.9928786158561707,0.00712142838165164
kat5,11722_44_content_arun-p12_sort-algorithms_heap_sort.py_cleaned.py,0,0,0.985496461391449,0.014503580518066883
kat5,11730_9_content_naviechan_sortingAlgorithmDemo_bubbleSort.py_cleaned.py,0,0,0.9603611826896667,0.03963884338736534
kat5,11977_3_content_cendhikaimantoro_Tubes-1-Kripto-Steganografi_manage.py_cleaned.py,0,0,0.6509112119674683,0.3490888178348541
kat5,12030_13_content_prachij94_Category-name-analysis-without-stopwords_stopwordsmcat.py_cleaned.py,0,0,0.9901401400566101,0.00985985528677702
kat5,12037_14_content_prachij94_Category-altname-analysis-without-stopwords_altnameStopwords.py_cleaned.py,0,0,0.9898303151130676,0.01016965787857771
kat5,12044_16_content_NB-prog_INTERN-2019_DataHandler.py_cleaned.py,0,1,0.017442483454942703,0.982557475566864
kat5,12051_19_content_Vijendra2410_Sentiment-Analysis_RestaurantReview.py_cleaned.py,0,0,0.9924227595329285,0.007577240467071533
kat5,12057_27_content_gaurav-raii_Topic-analysis-NLP-to-access-the-level-of-damage-during-a-car-crash._Text_Topic_analysis_and_classification.py_cleaned.py,0,0,0.9005298018455505,0.09947021305561066
kat5,12064_3_content_crvineeth97_kannada-stop-words_stopwords_find.py_cleaned.py,0,0,0.8647679686546326,0.1352320909500122
kat5,12065_3_content_tusizi_document-analysis_jieba_cut_document_to_vocabulary_with_nominal.py_cleaned.py,0,0,0.6992543935775757,0.30074557662010193
kat5,12067_4_content_ssghule_Naive-Bayes-and-Bag-of-Words-for-Text-Classification-Problem_geolocate.py_cleaned.py,0,1,0.034618839621543884,0.9653811454772949
kat5,12072_6_content_Utkagr_NLPrel_all_nltk.py_cleaned.py,0,1,0.3094409108161926,0.6905590891838074
kat5,12322_1_content_DanShai_kernalized-tsne_kernels.py_cleaned.py,0,0,0.9895108342170715,0.010489091277122498
kat5,12330_2_content_jdk20_tsne_main.py_cleaned.py,0,0,0.9799765348434448,0.020023440942168236
kat5,12386_14_content_tusizi_document-analysis_jieba_cut_document_to_vocabulary_with_nominal.py_cleaned.py,0,0,0.6992543935775757,0.30074557662010193
kat5,12389_17_content_lo1gr_tf-idf_hadoop-Spark_reducer3_A.py_cleaned.py,0,0,0.9875683188438416,0.01243165135383606
kat5,12396_2_content_ampresent_keyxtractor_server.py_cleaned.py,0,0,0.7174080014228821,0.2825919985771179
kat5,12404_43_content_aabs_edx-ai-week11-project_Tests.py_cleaned.py,0,0,0.9268352389335632,0.07316471636295319
kat5,12410_55_content_wangfan950309_TF-IDF_tf_idf.py_cleaned.py,0,0,0.7813306450843811,0.21866938471794128
kat5,12416_58_content_zhaoyichanghong_machine_learing_algo_python_pla.py_cleaned.py,0,0,0.6651931405067444,0.334806889295578
kat5,12421_66_content_Fremont28_movie_recommender-_movies_tfidf.py_cleaned.py,0,0,0.9224823713302612,0.07751765847206116
kat5,12428_7_content_DeFacto_DeFactoNLP_sentence_retrieval.py_cleaned.py,0,1,0.1525365114212036,0.8474634885787964
kat5,12682_11_content_movingpictures83_Variance_VariancePlugin.py_cleaned.py,0,0,0.9832144975662231,0.01678549125790596
kat5,12685_13_content_zerolxf_VRL-SGD_textCNN.py_cleaned.py,0,0,0.585041880607605,0.414958119392395
kat5,12689_17_content_jmullercuber_HackHarvard2k16_RedditTest.py_cleaned.py,0,0,0.9722043871879578,0.02779562398791313
kat5,12694_23_content_libingzeng_ImageMSE_imagemse.py_cleaned.py,0,0,0.8864204287528992,0.11357959359884262
kat5,12700_32_content_clee1994_MasterThesis_table_helper.py_cleaned.py,0,0,0.9594592452049255,0.04054073989391327
kat5,12707_3_content_facebookresearch_deep-variance-reduction_cifar_wrapper.py_cleaned.py,0,1,0.06954174488782883,0.9304582476615906
kat5,12711_40_content_Charles-Peeke_clinical_variances_local_db.py_cleaned.py,0,1,0.017576882615685463,0.9824230670928955
kat5,12717_5_content_mingzhang-yin_ARM-gradient_preprocess.py_cleaned.py,0,1,0.023330768570303917,0.976669192314148
kat5,12719_65_content_swaruptripathy_two_way_anova_two_way_anova.py_cleaned.py,0,0,0.929951012134552,0.07004895806312561
kat5,12724_6_content_hongzimao_input_driven_rl_example_average_reward.py_cleaned.py,0,1,0.09670579433441162,0.9032942056655884
kat5,12731_9_content_dumebi_Predicting-Boston-Housing-Prices_work.py_cleaned.py,0,0,0.9788748621940613,0.021125193685293198
kat5,12986_11_content_namelessfintech_python-web-scraping_id_iteration_crawler.py_cleaned.py,0,1,0.06853749603033066,0.9314625263214111
kat5,12992_16_content_helloiamivan_crypto-quant_main.py_cleaned.py,0,0,0.9811668992042542,0.018833130598068237
kat5,13001_24_content_A3M4_Monster-Crawler_middlewares.py_cleaned.py,0,0,0.8816148638725281,0.11838509887456894
kat5,13006_32_content_DarylBui_webscraping_YelpAPI.py_cleaned.py,0,1,0.3661363422870636,0.633863627910614
kat5,13012_35_content_anoop123gupta_web_scraping_task10.py_cleaned.py,0,0,0.519978404045105,0.4800216257572174
kat5,13017_3_content_ahmedelfateh_scraping_CimaClub_scraper_crawlers.py_cleaned.py,0,1,0.04958902671933174,0.9504110217094421
kat5,13024_45_content_umtpfe_Projet-scrapy_gglev4.py_cleaned.py,0,0,0.9928786158561707,0.00712142838165164
kat5,13029_45_content_umtpfe_Projet-scrapy_testcontinue.py_cleaned.py,0,0,0.9907320141792297,0.009268012829124928
kat5,13034_53_content_VipinindKumar_Web-scraping-price_newegg.py_cleaned.py,0,0,0.9907320141792297,0.009268012829124928
kat5,13039_64_content_andrewrgoss_yahoo-fantasy-fball-scraper_historical_draft_results.py_cleaned.py,0,1,0.1127953976392746,0.8872045874595642
kat5,13045_71_content_Ishanthedev_web-crawling-and-web-scraping_middlewares.py_cleaned.py,0,1,0.4662075936794281,0.5337923765182495
kat5,13050_76_content_sangeeta97_web-scraping_ctri_all_fields.py_cleaned.py,0,0,0.9930961728096008,0.006903838366270065
kat5,13056_79_content_MadhavPruthi_Email-Scraping-from-publication_metainfoscrapper.py_cleaned.py,0,0,0.939024806022644,0.06097518280148506
kat5,13062_87_content_avsprashant_webScraping_Scrapper.py_cleaned.py,0,0,0.9902915358543396,0.009708477184176445
kat5,13068_94_content_adithyavasisth_VTU-Result-Scraper-with-CAPTCHA-Bypass_scraper.py_cleaned.py,0,0,0.9895108342170715,0.010489091277122498
kat5,13073_95_content_SebastianRV26_WebScraping-WordCloud_primerM_todoParalelo.py_cleaned.py,0,0,0.9867772459983826,0.013222822919487953
kat5,13079_9_content_chaseycodes_StockX-Scraper_3-image_downloader.py_cleaned.py,0,1,0.41929125785827637,0.5807087421417236
kat5,148_v3_10_content_Chinmay-395_AES-algorithm-using-GUI_CNSmini1.py_cleaned.py,1,1,0.011869121342897415,0.9881309270858765
kat5,153_v3_12_content_eyalr0_AES-Cryptoanalysis_plotRB.py_cleaned.py,1,1,0.01016965787857771,0.9898303151130676
kat5,157_v3_13_content_vatsal-rooprai_Image-Aesthetic-Evaluation_train_network.py_cleaned.py,1,1,0.028007520362734795,0.9719924926757812
kat5,162_v3_16_content_mariosasodotcom_mirror-enc_mirror-enc.py_cleaned.py,1,1,0.3446640074253082,0.6553360223770142
kat5,168_v3_20_content_Numanor_pyssocks5_local.py_cleaned.py,1,1,0.028652669861912727,0.9713473320007324
kat5,176_v3_2_content_laendle1999_NasceUmAEstrela_reberto.py_cleaned.py,1,1,0.029986508190631866,0.9700134992599487
kat5,179_v3_5_content_LuttaKing_AES-style-Encryptor-Decryptor_encryptorGUI.py_cleaned.py,1,1,0.01243165135383606,0.9875683188438416
kat5,184_v3_6_content_gabrielmbmb_aes_crypt.py_cleaned.py,1,1,0.46065282821655273,0.5393471717834473
kat5,189_v3_8_content_gordon636798_DiffieHellman-AES_DiffieHellman_AES.py_cleaned.py,1,1,0.01678549125790596,0.9832144975662231
kat5,438_v3_10_content_subashgandyer_Anti-mirror-Apriori_antimirror.py_cleaned.py,1,0,0.9358173608779907,0.06418264657258987
kat5,443_v3_11_content_sidmishraw_cs-267-project_pdf_processing_demo.py_cleaned.py,1,1,0.02262919954955578,0.9773707389831543
kat5,447_v3_14_content_Dawlatly_Recommender-system_apriori.py_cleaned.py,1,1,0.043691057711839676,0.956308901309967
kat5,454_v3_2_content_kaushiksk_multi-time-interval-apriori_config.py_cleaned.py,1,1,0.015189049765467644,0.9848109483718872
kat5,461_v3_4_content_JunaidAShaikh_Apriori_and_Association_Rule_Generation_Algorithm_Project1_Apriori_PartA.py_cleaned.py,1,1,0.019568676128983498,0.9804313778877258
kat5,466_v3_6_content_coorty_apriori-agorithm-python_test_apriori_command_line.py_cleaned.py,1,1,0.03138043358922005,0.9686195850372314
kat5,472_v3_7_content_DMDarkness_Data-mining_Example_pyclt_fp2ar.py_cleaned.py,1,1,0.0120537793263793,0.9879462122917175
kat5,476_v3_8_content_Shreyaskulkarni98_MarketAnalysis_Basic_Main.py_cleaned.py,1,1,0.012241275981068611,0.9877586960792542
kat5,722_v3_10_content_marcindahlen_ARIMAplus_arimaplus_neurony.py_cleaned.py,1,1,0.02460992895066738,0.9753900170326233
kat5,727_v3_15_content_Skyblueballykid_SPX-Arima-model_SPX.py_cleaned.py,1,1,0.02779562398791313,0.9722043871879578
kat5,732_v3_1_content_sadnessFree_arima-lstm_arima.py_cleaned.py,1,1,0.014842418022453785,0.9851576089859009
kat5,737_v3_1_content_sadnessFree_arima-lstm_data_review.py_cleaned.py,1,1,0.011687257327139378,0.9883127808570862
kat5,742_v3_20_content_suchitnasre_Air-Passengers-model-using-ARIMA_Airpassenger_ARIMA.py_cleaned.py,1,1,0.13296423852443695,0.8670357465744019
kat5,749_v3_2_content_polyphilz_pricing-weather-derivatives_clean_data.py_cleaned.py,1,1,0.01098694372922182,0.9890130758285522
kat5,755_v3_30_content_sanjanprakash_Cluster-Analysis-over-Financial-Characteristics_topickle.py_cleaned.py,1,1,0.03138043358922005,0.9686195850372314
kat5,760_v3_3_content_rentseen_ARIMA-forecast_test.py_cleaned.py,1,1,0.031618766486644745,0.9683812260627747
kat5,766_v3_9_content_anishur_ARIMA-MODEL_arima.py_cleaned.py,1,1,0.014842418022453785,0.9851576089859009
kat5,1014_v3_1_content_dedeco_dijkstra-bellman-ford_dijkstra.py_cleaned.py,1,1,0.015189049765467644,0.9848109483718872
kat5,1017_v3_1_content_dedeco_dijkstra-bellman-ford_teste_cormen_djt.py_cleaned.py,1,1,0.010818447917699814,0.9891815781593323
kat5,1027_v3_1_content_rosshochwert_arbitrage_arbitrage.py_cleaned.py,1,1,0.0120537793263793,0.9879462122917175
kat5,1033_v3_2_content_ernestosanchezmatos_-BellmanFord_algoritmo_floywarshall.py_cleaned.py,1,1,0.010818447917699814,0.9891815781593323
kat5,1039_v3_3_content_tgoodwin_bellman-ford_bfclient.py_cleaned.py,1,1,0.015189049765467644,0.9848109483718872
kat5,1050_v3_5_content_vpandeti_Routing-Protocol_RoutingProtocol.py_cleaned.py,1,1,0.01065251138061285,0.9893474578857422
kat5,1057_v3_7_content_GauthamBT_Bellman-Ford-Algorithm_DirectedGraphClass.py_cleaned.py,1,1,0.011331754736602306,0.9886682629585266
kat5,1299_v3_1_content_dimizisis_blocksworld_node.py_cleaned.py,1,1,0.01342825498431921,0.9865716695785522
kat5,1303_v3_21_content_sagar-13_PuzzleSolver_puzzle_tools.py_cleaned.py,1,1,0.017045317217707634,0.9829546809196472
kat5,1309_v3_31_content_benarg_A_star-BFS-Dijkstra-algorithms_AI_assignment3_part2.py_cleaned.py,1,1,0.016277460381388664,0.9837225079536438
kat5,1315_v3_3_content_rizkyary_BFS_BASE_BFS_BASE.py_cleaned.py,1,1,0.015189049765467644,0.9848109483718872
kat5,1320_v3_4_content_alex-rantos_Project-1-Search-in-Pacman_keyboardAgents.py_cleaned.py,1,0,0.9700134992599487,0.029986508190631866
kat5,1330_v3_70_content_DimaAntoniuk_Lab4_bfs_bfs.py_cleaned.py,1,1,0.01342825498431921,0.9865716695785522
kat5,1335_v3_86_content_ThiagoGrabe_Min_Cut-Graphs_BFS.py_cleaned.py,1,1,0.026963500306010246,0.973036527633667
kat5,1585_v3_1_content_chonhenry_binary-search-tree_binary_search_tree.py_cleaned.py,1,1,0.02145073190331459,0.9785493016242981
kat5,1591_v3_27_content_Mypathissional_Data_Structures_AVL.py_cleaned.py,1,1,0.030444350093603134,0.9695556163787842
kat5,1595_v3_31_content_aghimire15_Project2_DataStructure_ICP5_2_.py_cleaned.py,1,1,0.030908960849046707,0.9690910577774048
kat5,1599_v3_35_content_jfwhite_CourseSelection_interact_with_user.py_cleaned.py,1,1,0.010818447917699814,0.9891815781593323
kat5,1603_v3_3_content_TeencodeAfrica_binary-search-lab_testBinarySearch.py_cleaned.py,1,1,0.023153411224484444,0.9768466353416443
kat5,1605_v3_40_content_jcarstenson_parallel_final_performanceTest.py_cleaned.py,1,1,0.06008664518594742,0.9399133324623108
kat5,1610_v3_52_content_kantonist_printBST_printBST.py_cleaned.py,1,1,0.013222822919487953,0.9867772459983826
kat5,1616_v3_66_content_adamweissert_PythonBinarySearch_BinarySearch.py_cleaned.py,1,1,0.011869121342897415,0.9881309270858765
kat5,1860_v3_12_content_jcarstenson_parallel_final_performanceTest.py_cleaned.py,1,1,0.39024344086647034,0.6097565293312073
kat5,1864_v3_18_content_HDShaw_Runaway-Reservation-System-BST-_AVL_tree.py_cleaned.py,1,1,0.13939638435840607,0.8606036305427551
kat5,1870_v3_23_content_tomasmcoronado_prob-alpha_PhyloTree.py_cleaned.py,1,1,0.053799644112586975,0.9462003111839294
kat5,1874_v3_2_content_Mypathissional_Data_Structures_AVL.py_cleaned.py,1,1,0.027585284784436226,0.9724147915840149
kat5,1876_v3_31_content_jwjohns_binary-tree_python_binary_tree_search.py_cleaned.py,1,1,0.031143832951784134,0.9688562154769897
kat5,1880_v3_3_content_Svistoplyaz_Uniformly_Generating_Binary_Trees_main.py_cleaned.py,1,1,0.014503580518066883,0.985496461391449
kat5,1886_v3_4_content_fcunhaneto_py-binary-trees-draw_handletrees.py_cleaned.py,1,1,0.030214589089155197,0.9697853922843933
kat5,1891_v3_5_content_domodomodomo_binary_search_tree_binary_search_tree.py_cleaned.py,1,1,0.022116590291261673,0.9778834581375122
kat5,1897_v3_71_content_DylanHarrisonGithub_AVLTree_AVLTree.py_cleaned.py,1,1,0.017442483454942703,0.982557475566864
kat5,1898_v3_7_content_aira26_HomeWork3_bubblesortclass.py_cleaned.py,1,1,0.01640303246676922,0.9835969805717468
kat5,1903_v3_8_content_karangargg_trees-notes_trees1.py_cleaned.py,1,1,0.01428193412721157,0.9857181310653687
kat5,2157_v3_31_content_atorulia_Some-kind-of-sort-algorithm_InsertionSort.py_cleaned.py,1,1,0.012821214273571968,0.9871788024902344
kat5,2162_v3_3_content_KirillGordievich_Bubble_Sort_Visualization_mainloop.py_cleaned.py,1,1,0.02228618785738945,0.9777138829231262
kat5,2168_v3_53_content_RefaelBeker7_Sorting-Algorithms-Python_ExampleSort_sixDifference.py_cleaned.py,1,1,0.011869121342897415,0.9881309270858765
kat5,2173_v3_59_content_Yousab_parallel-bubble-sort-mpi_bubble_parallel.py_cleaned.py,1,1,0.0427221953868866,0.957277774810791
kat5,2180_v3_74_content_OstapKuch_Lab_01_alg_sort.py_cleaned.py,1,1,0.012624949216842651,0.987375020980835
kat5,2185_v3_81_content_jvdwyer_Sorting_Sorts.py_cleaned.py,1,1,0.015663649886846542,0.9843363761901855
kat5,2188_v3_94_content_skatsd_Sorting-Algorithm-Visualiser_SORT_VISUALISER.py_cleaned.py,1,1,0.01678549125790596,0.9832144975662231
kat5,2437_v3_17_content_Selentiym_bigHWonOrderedSets_hw3.py_cleaned.py,1,1,0.034618839621543884,0.9653811454772949
kat5,2443_v3_22_content_EmperorCodeman_SortingAlgorithms_EntryPoint.py_cleaned.py,1,1,0.018546564504504204,0.9814534187316895
kat5,2451_v3_26_content_Emersonxuelinux_One_Big_Archive_VirtualPet.py_cleaned.py,1,1,0.043042849749326706,0.9569571614265442
kat5,2466_v3_5_content_anguillanneuf_bigO_128_text_to_lines.py_cleaned.py,1,1,0.017045317217707634,0.9829546809196472
kat5,2475_v3_66_content_SanyaKathuria10_StackOverflow-Keyword-Extraction-System_spark.py_cleaned.py,1,1,0.014503580518066883,0.985496461391449
kat5,2730_v3_10_content_aptr288_Information_Retrieval_system_Indexer_main.py_cleaned.py,1,0,0.8354835510253906,0.16451644897460938
kat5,2733_v3_11_content_kirokuan_Idf-tf-DocCompare_hwTest.py_cleaned.py,1,1,0.016914913430809975,0.9830850958824158
kat5,2738_v3_1_content_aviralmathur_Word2Vec_SKU_Desc.py_cleaned.py,1,1,0.011508150026202202,0.9884918928146362
kat5,2745_v3_1_content_suyash248_plagiarism_detection_app.py_cleaned.py,1,1,0.012241275981068611,0.9877586960792542
kat5,2752_v3_3_content_dlohith_text-similarity_run.py_cleaned.py,1,1,0.03676946461200714,0.963230550289154
kat5,2759_v3_5_content_ranriy_Query-Search-using-TF-IDF-vectors-and-cosine-similarity_P1_1001163569.py_cleaned.py,1,1,0.014957087114453316,0.985042929649353
kat5,2769_v3_8_content_uzzielc_Document_Similarity_using_TF-IDF_with_Cosine_Dist_article.py_cleaned.py,1,1,0.01098694372922182,0.9890130758285522
kat5,3007_v3_11_content_hakimnasaoui_Analyse-sentiments-commentaires-fb_T_l_chargement_les_commentaires_de_Facebook.py_cleaned.py,1,1,0.01678549125790596,0.9832144975662231
kat5,3013_v3_16_content_0v3rW4tch_Cryptography-course-design_DES_destruct.py_cleaned.py,1,1,0.014728613197803497,0.9852713346481323
kat5,3024_v3_29_content_Q-Qing_DistributedLockDesign_leader_server.py_cleaned.py,1,1,0.013848611153662205,0.986151397228241
kat5,3029_v3_43_content_shayanalibhatti_Designing-a-PDF-Audiobook-using-Python_PDF_reading_software.py_cleaned.py,1,1,0.012624949216842651,0.987375020980835
kat5,3034_v3_67_content_DrIanGregory_MachineLearning-LogisticRegressionWithGradientDescentOrNewton_mulitpleLinearRegression.py_cleaned.py,1,1,0.06097518280148506,0.939024806022644
kat5,3038_v3_76_content_sylvain-reynaud_projet-voltaire-solver_projetvoltairesolver.py_cleaned.py,1,1,0.011869121342897415,0.9881309270858765
kat5,3044_v3_86_content_Enkhai_simple-DES_permutations.py_cleaned.py,1,1,0.012821214273571968,0.9871788024902344
kat5,3051_v3_92_content_FranzScheerer_DES_safeprime.py_cleaned.py,1,1,0.020964238792657852,0.9790357351303101
kat5,3298_v3_17_content_kwikadi_BFS-v-DFS_dfs.py_cleaned.py,1,1,0.01243165135383606,0.9875683188438416
kat5,3299_v3_18_content_vikasgola_graph-search-algorithms_graph.py_cleaned.py,1,1,0.015189049765467644,0.9848109483718872
kat5,3307_v3_29_content_sarapple_AI-Search-Algorithms-Pure_driver.py_cleaned.py,1,1,0.023509450256824493,0.9764904975891113
kat5,3311_v3_36_content_aholyoke_bfs_vs_dfs_bfs.py_cleaned.py,1,1,0.030444350093603134,0.9695556163787842
kat5,3318_v3_58_content_tanjimingrinnell_TreeAndGraph_LinkedList.py_cleaned.py,1,1,0.013636834919452667,0.9863631129264832
kat5,3323_v3_6_content_ticotheps_Graphs_notes_day_3.py_cleaned.py,1,1,0.015189049765467644,0.9848109483718872
kat5,3328_v3_77_content_mehtaravina_ScaleableComputingDFS_Client.py_cleaned.py,1,1,0.04240383207798004,0.9575962424278259
kat5,3334_v3_84_content_WizHacks_ChordDFS_topo.py_cleaned.py,1,1,0.02080448903143406,0.9791954755783081
kat5,3337_v3_93_content_malaybhattacharyya_DFSLab_quicksort.py_cleaned.py,1,1,0.01542455144226551,0.9845753908157349
kat5,3588_v3_11_content_jvpessoa10_Diffie-Hellman_App.py_cleaned.py,1,1,0.17441026866436005,0.8255897164344788
kat5,3593_v3_18_content_matinpf_ECDHE_RSA_Python_main.py_cleaned.py,1,1,0.01578456163406372,0.9842154383659363
kat5,3600_v3_24_content_Brew8it_Python_DHAES_AES.py_cleaned.py,1,1,0.02178117260336876,0.9782188534736633
kat5,3608_v3_27_content_AlpCentaur_Diffie-Hellman-Implementation_Attack.py_cleaned.py,1,1,0.015189049765467644,0.9848109483718872
kat5,3615_v3_33_content_nikhil-paramane_-Diffie-Hellman-key-Exchange-Algorithm_dh.py_cleaned.py,1,1,0.014728613197803497,0.9852713346481323
kat5,3620_v3_46_content_MrJmk_protocoles_crypto_Diffie-Hellman.py_cleaned.py,1,1,0.01428193412721157,0.9857181310653687
kat5,3627_v3_66_content_chhaiyashrey_Security-Implementation-of-MODBUS-Communication-between-Server-and-Client_secure_modbus_server.py_cleaned.py,1,1,0.022457055747509003,0.9775429368019104
kat5,3633_v3_78_content_CalebABG_PyLSecureP2P_p2putils.py_cleaned.py,1,1,0.01640303246676922,0.9835969805717468
kat5,3880_v3_12_content_NWuensche_DijkstraInPython_calculate_shortest_way.py_cleaned.py,1,1,0.01590639166533947,0.9840936064720154
kat5,3888_v3_16_content_Murali91_Algorithms---Python_Dijkstra.py_cleaned.py,1,1,0.014063626527786255,0.9859364032745361
kat5,3890_v3_17_content_GGonzalezRojas_Tarea_1_MDR_Dijkstra_dijkstra_v1.py_cleaned.py,1,1,0.018833130598068237,0.9811668992042542
kat5,3894_v3_20_content_higirodj_Dijkstra_dijkstra.py_cleaned.py,1,1,0.049958523362874985,0.9500414729118347
kat5,3899_v3_32_content_ceyzaguirre4_AStar_A.py_cleaned.py,1,1,0.05665242671966553,0.9433475732803345
kat5,3904_v3_3_content_root676_QNEAT3___init__.py_cleaned.py,1,1,0.055005282163619995,0.9449946880340576
kat5,3914_v3_6_content_sujayt123_intelligent-segmentation_dijkstra.py_cleaned.py,1,1,0.01897803694009781,0.9810219407081604
kat5,3918_v3_88_content_andreaestrada_mazecrawler_singlePowerup.py_cleaned.py,1,1,0.02262919954955578,0.9773707389831543
kat5,3923_v3_9_content_diegooliveira95_PrimAndDijkstra_dijkstra.py_cleaned.py,1,1,0.012821214273571968,0.9871788024902344
kat5,4166_v3_12_content_dxania_Fizzbuzz_fizzbuzz.py_cleaned.py,1,1,0.012821214273571968,0.9871788024902344
kat5,4176_v3_1_content_alexirpan_divisibility-regex_app.py_cleaned.py,1,1,0.030675798654556274,0.9693241715431213
kat5,4183_v3_3_content_arshdeepmalik_Fibonacci_series_divisibility_Fibonacci_series_.py_cleaned.py,1,1,0.016657039523124695,0.9833430051803589
kat5,4189_v3_5_content_AdamJacoby_Hopf_Algebra_Tools.py_cleaned.py,1,0,0.6306849718093872,0.36931508779525757
kat5,4192_v3_5_content_AdamJacoby_Hopf_Example_Bpq.py_cleaned.py,1,1,0.02145073190331459,0.9785493016242981
kat5,4195_v3_5_content_AdamJacoby_Hopf_Example_GeneralizedDihedralGroup.py_cleaned.py,1,1,0.013020489364862442,0.9869794845581055
kat5,4199_v3_5_content_AdamJacoby_Hopf_HopfConstructions.py_cleaned.py,1,1,0.04885777831077576,0.9511421918869019
kat5,4203_v3_6_content_seonkyuKim_DFA_DFA.py_cleaned.py,1,1,0.012821214273571968,0.9871788024902344
kat5,4208_v3_7_content_jakobpederson_divisible_pair_sums_test_divisible_pair_sums.py_cleaned.py,1,1,0.24328267574310303,0.756717324256897
kat5,4446_v3_10_content_kllinzy_Elliptic-Curve-Cryptography_public_key.py_cleaned.py,1,1,0.015189049765467644,0.9848109483718872
kat5,4453_v3_13_content_limqiying_crypto_final_project_EG-test.py_cleaned.py,1,1,0.028652669861912727,0.9713473320007324
kat5,4458_v3_18_content_FN-HD_Elliptic_Curve_Cryptography_Fp_main.py_cleaned.py,1,1,0.01897803694009781,0.9810219407081604
kat5,4463_v3_21_content_KingYapster_ECC-Elliptic-Curve-Cryptography-in-Python_ECC.py_cleaned.py,1,1,0.019419347867369652,0.9805806875228882
kat5,4470_v3_2_content_cardwizard_EllipticCurves_math_helpers.py_cleaned.py,1,1,0.017045317217707634,0.9829546809196472
kat5,4475_v3_2_content_johndoe31415_toyecc_PrefixMatcher.py_cleaned.py,1,1,0.013848611153662205,0.986151397228241
kat5,4481_v3_6_content_gionanide_Cryptography_Crack_zip_files.py_cleaned.py,1,1,0.01428193412721157,0.9857181310653687
kat5,4486_v3_6_content_gionanide_Cryptography_VernamCipher.py_cleaned.py,1,1,0.012821214273571968,0.9871788024902344
kat5,4630_v3_11_content_harishchellappa_Time-Series-Analysis-Bike-Sharing-Demand-Forecasting_forecasting_revenue.py_cleaned.py,1,1,0.03649376705288887,0.9635062217712402
kat5,4634_v3_2_content_Shanmukha-Y_SIngle-Exponential-Smoothing-_predict.py_cleaned.py,1,1,0.01016965787857771,0.9898303151130676
kat5,4640_v3_9_content_Soumyabrata_predicting-pwv_benchmarking.py_cleaned.py,1,1,0.01428193412721157,0.9857181310653687
kat5,4821_v3_10_content_stensonowen_factorial_bot_fact_bot.py_cleaned.py,1,1,0.01912403665482998,0.9808759689331055
kat5,4828_v3_1_content_mattjj_pyhsmm-factorial_util.py_cleaned.py,1,1,0.02843603491783142,0.971563994884491
kat5,4831_v3_23_content_AndreasChatz_factorial_prime_swing.py_cleaned.py,1,1,0.013020489364862442,0.9869794845581055
kat5,4835_v3_36_content_EricHeGitHub_python-factorial-base-rubik-rectangle-word-game-overlapping-photographs-related-algorithms_factorial_base.py_cleaned.py,1,1,0.020023440942168236,0.9799765348434448
kat5,4840_v3_43_content_Warriorchief_Euler34_DigitFactorials_Euler34_Digit_Factorials.py_cleaned.py,1,1,0.013222822919487953,0.9867772459983826
kat5,4847_v3_51_content_adityapatelgithub_Expressions-and-Functions_newsplit.py_cleaned.py,1,1,0.030675798654556274,0.9693241715431213
kat5,4860_v3_97_content_mjurk456_mini-snakes_fizz_buzz.py_cleaned.py,1,1,0.012821214273571968,0.9871788024902344
kat5,4864_v3_97_content_mjurk456_mini-snakes_web_scrapper.py_cleaned.py,1,1,0.011869121342897415,0.9881309270858765
kat5,5106_v3_13_content_danielSbastos_binary-fibonacci_columns.py_cleaned.py,1,1,0.011869121342897415,0.9881309270858765
kat5,5113_v3_14_content_Alexander35_fibonacci_sequence_http_server_tests.py_cleaned.py,1,1,0.026963500306010246,0.973036527633667
kat5,5122_v3_46_content_skropf_fib-drawer_test-animation.py_cleaned.py,1,1,0.40380191802978516,0.5961980819702148
kat5,5128_v3_51_content_UnPolinomio_fibonacci-number_numbers.py_cleaned.py,1,1,0.012624949216842651,0.987375020980835
kat5,5134_v3_61_content_AaronRobson_sequences_triangle_numbers.py_cleaned.py,1,1,0.021125193685293198,0.9788748621940613
kat5,5139_v3_67_content_GilbyScarChest_Fibonacci_API_app.py_cleaned.py,1,1,0.019271135330200195,0.980728805065155
kat5,5143_v3_8_content_lucasmullerm_turing-machine-fibonacci_tm.py_cleaned.py,1,1,0.016914913430809975,0.9830850958824158
kat5,5148_v3_9_content_ghemsley_fibonacci_fib.py_cleaned.py,1,1,0.01098694372922182,0.9890130758285522
kat5,5360_v3_13_content_AtahanCelebi_En-K-sa-Yol_warshall.py_cleaned.py,1,1,0.014063626527786255,0.9859364032745361
kat5,5365_v3_16_content_QueraltSM_HospitalShortestPath_main.py_cleaned.py,1,1,0.013020489364862442,0.9869794845581055
kat5,5370_v3_2_content_Ap1402_floydWarshall_floyd.py_cleaned.py,1,1,0.013222822919487953,0.9867772459983826
kat5,5380_v3_6_content_chawl002_PythonProject141_2_assignment2.py_cleaned.py,1,1,0.04672496020793915,0.9532750844955444
kat5,5385_v3_8_content_chiragragarwal_Graphs_And_Networks_PlotGraph.py_cleaned.py,1,1,0.019568676128983498,0.9804313778877258
kat5,5606_v3_18_content_ronak-07_Agglomerative-Hierarchical-Clustering_Preprocess.py_cleaned.py,1,1,0.010818447917699814,0.9891815781593323
kat5,5613_v3_26_content_dmallya93_Intelligent-Web-Services-Discovery-using-Clustering-Method_description_similarities.py_cleaned.py,1,1,0.013848611153662205,0.986151397228241
kat5,5619_v3_32_content_BhaveshMotwani_Hierarchical_Document_Clustering_hac.py_cleaned.py,1,1,0.01542455144226551,0.9845753908157349
kat5,5627_v3_4_content_kevalmorabia97_Agglomerative-Hierarchical-Clustering-Comparison_HierarchicalAgglomerativeClustering.py_cleaned.py,1,1,0.01652955822646618,0.9834704995155334
kat5,5633_v3_52_content_worldofnick_Wikipedia-Mining_wiki_prepare.py_cleaned.py,1,1,0.010489091277122498,0.9895108342170715
kat5,5641_v3_68_content_ajitashree_Data_Mining_Algorithms_eclat.py_cleaned.py,1,1,0.3598138988018036,0.640186071395874
kat5,5646_v3_86_content_sudarshan-koirala_Clustering-Algorithms-Comparision_hierarchical_clustering.py_cleaned.py,1,1,0.018124720081686974,0.9818752408027649
kat5,5891_v3_10_content_selden-lin_python_huffman_tree_decompressor_nodes.py_cleaned.py,1,1,0.013636834919452667,0.9863631129264832
kat5,5896_v3_14_content_lucascamposj_huffman-coding_huffman_decode.py_cleaned.py,1,1,0.01243165135383606,0.9875683188438416
kat5,5902_v3_18_content_NegarMirgati_CodingAndErrorDetection_All.py_cleaned.py,1,1,0.01342825498431921,0.9865716695785522
kat5,5907_v3_1_content_josgard94_JPEG_Algoritmo_jpeg.py_cleaned.py,1,0,0.696784257888794,0.30321577191352844
kat5,5911_v3_21_content_Nareshbabu19_Python-Image-compression_test2.py_cleaned.py,1,1,0.01342825498431921,0.9865716695785522
kat5,5919_v3_2_content_jaurelio1_Huffman_Opencv_main.py_cleaned.py,1,1,0.011331754736602306,0.9886682629585266
kat5,5924_v3_39_content_falay_HuffmanCoding_decoder.py_cleaned.py,1,1,0.027585284784436226,0.9724147915840149
kat5,5929_v3_45_content_craig-m-k_huffman-coding_heapify.py_cleaned.py,1,1,0.05146276578307152,0.9485372304916382
kat5,5934_v3_5_content_gupta-shantanu_huffman_compress.py_cleaned.py,1,1,0.014957087114453316,0.985042929649353
kat5,6174_v3_12_content_timhebert1963_InsertionSortAdvancedAnalysis_Hackerrank_InsertionSortAdvancedAnalysis_MergeSort_Hackerrank_github.py_cleaned.py,1,1,0.012821214273571968,0.9871788024902344
kat5,6181_v3_1_content_abx67_Algorithms_quicksort.py_cleaned.py,1,1,0.01590639166533947,0.9840936064720154
kat5,6193_v3_24_content_lesdev_SortingMethods_selection.py_cleaned.py,1,1,0.022116590291261673,0.9778834581375122
kat5,6202_v3_33_content_Howellp80_Algorithms---Merge-Sort-vs-Insertion-Sort_hw1.py_cleaned.py,1,1,0.014063626527786255,0.9859364032745361
kat5,6210_v3_46_content_arun-p12_sort-algorithms_radix_sort.py_cleaned.py,1,1,0.02460992895066738,0.9753900170326233
kat5,6217_v3_56_content_newsteps8_Efficiency_of_SortingAlgorithms_merge_sort.py_cleaned.py,1,1,0.013636834919452667,0.9863631129264832
kat5,6460_v3_12_content_aabulhaj_SpectralClustering_spectral_clustering.py_cleaned.py,1,1,0.017712296918034554,0.9822876453399658
kat5,6466_v3_22_content_sabarahman_k-means-Clustering-On-Banking-Data-Set_clustering.py_cleaned.py,1,1,0.012241275981068611,0.9877586960792542
kat5,6471_v3_28_content_NurzatRakhman_k_means_k-means.py_cleaned.py,1,1,0.012241275981068611,0.9877586960792542
kat5,6478_v3_38_content_taesungp_pytorch-kmeans-init_demo.py_cleaned.py,1,1,0.022977370768785477,0.977022647857666
kat5,6486_v3_49_content_akshay326_k-means-clustering-api_sample_python_script.py_cleaned.py,1,1,0.014063626527786255,0.9859364032745361
kat5,6492_v3_54_content_wenlin-koh_K-Means-Clustering---python_kmeans.py_cleaned.py,1,1,0.011331754736602306,0.9886682629585266
kat5,6497_v3_66_content_Mary268_K-Means-Clustering_k_means_clustering.py_cleaned.py,1,1,0.02615562081336975,0.9738444089889526
kat5,6506_v3_96_content_jtwaugh_gap-statistic_gap.py_cleaned.py,1,1,0.012624949216842651,0.987375020980835
kat5,6753_v3_11_content_Koushikmc_Knn-Classifier_Knn.py_cleaned.py,1,1,0.0120537793263793,0.9879462122917175
kat5,6764_v3_23_content_changchanglccc_kNN_test.py_cleaned.py,1,1,0.011508150026202202,0.9884918928146362
kat5,6765_v3_23_content_JeffersonLPLima_knn_pca_knn_wine.py_cleaned.py,1,1,0.021125193685293198,0.9788748621940613
kat5,6774_v3_30_content_manojrameshrao_machine-learning-iris_iris_web3.py_cleaned.py,1,1,0.01652955822646618,0.9834704995155334
kat5,6781_v3_41_content_SargisYonan_uav_ml_main.py_cleaned.py,1,1,0.01678549125790596,0.9832144975662231
kat5,6786_v3_4_content_nikhilrampal15_real_estate_advisor_knn_kmeans_kmeans.py_cleaned.py,1,1,0.013020489364862442,0.9869794845581055
kat5,6791_v3_8_content_jasminegrewal_Naive-Bayes-KNN-Logistic-Regression_2b_gnb.py_cleaned.py,1,1,0.01243165135383606,0.9875683188438416
kat5,7046_v3_15_content_ben-mackenzie_mst-kruskal_kruskal.py_cleaned.py,1,1,0.01428193412721157,0.9857181310653687
kat5,7057_v3_2_content_Aluriak_kruskal-clustering_kruskal_viz.py_cleaned.py,1,1,0.013848611153662205,0.986151397228241
kat5,7070_v3_7_content_AlmazMirlan_Kruskal-Algorithm-Python-Turtle_AlmazbekMCom-17Kruskals.py_cleaned.py,1,1,0.011687257327139378,0.9883127808570862
kat5,7077_v3_8_content_fepz_AyCC_binomial_heap.py_cleaned.py,1,1,0.025565212592482567,0.9744347929954529
kat5,7330_v3_10_content_Frix-x_FrenchLefffLemmatizer_FrenchLefffLemmatizer.py_cleaned.py,1,1,0.016029145568609238,0.9839708209037781
kat5,7337_v3_11_content_ssghule_Naive-Bayes-and-Bag-of-Words-for-Text-Classification-Problem_geolocate.py_cleaned.py,1,1,0.01428193412721157,0.9857181310653687
kat5,7341_v3_12_content_ianscottknight_Predicting-Myers-Briggs-Type-Indicator-with-Recurrent-Neural-Networks_make_training_set.py_cleaned.py,1,1,0.03384403511881828,0.966156005859375
kat5,7345_v3_12_content_romanorac_elastic_localized_search_controller_elastic.py_cleaned.py,1,1,0.15974101424217224,0.8402590155601501
kat5,7351_v3_15_content_magicinthesky_Semantic-Matching-Application-of-FAQs_task1.py_cleaned.py,1,1,0.012241275981068611,0.9877586960792542
kat5,7358_v3_1_content_akoksal_Turkish-Lemmatizer_lemmatizer.py_cleaned.py,1,1,0.012821214273571968,0.9871788024902344
kat5,7363_v3_22_content_ABHISHEKVALSAN_Malayalam-Newspaper-Article-Dataset_constants.py_cleaned.py,1,1,0.01243165135383606,0.9875683188438416
kat5,7368_v3_23_content_uthea_lemmatizer_test_lemma.py_cleaned.py,1,1,0.03676946461200714,0.963230550289154
kat5,7374_v3_25_content_OlaRonning_ah16_corenlp_client.py_cleaned.py,1,1,0.024423090741038322,0.9755768775939941
kat5,7629_v3_10_content_taneesh28_Linear-search_linear_search.py_cleaned.py,1,1,0.011158030480146408,0.9888418912887573
kat5,7637_v3_11_content_sichen-x_search-engine_search.py_cleaned.py,1,1,0.014063626527786255,0.9859364032745361
kat5,7639_v3_11_content_sichen-x_search-engine_test_htableoo.py_cleaned.py,1,1,0.013636834919452667,0.9863631129264832
kat5,7645_v3_15_content_jknight1725_linear_search_vs_random_search_binary_game.py_cleaned.py,1,1,0.01243165135383606,0.9875683188438416
kat5,7651_v3_1_content_Chunning-Zhou_MILPBasedSearchAlgorithmDiff_function.py_cleaned.py,1,1,0.024798160418868065,0.9752018451690674
kat5,7658_v3_27_content_ashwinvis98_Particle-Swarm-Optimization-for-Robotic-Search-Applications_aruco_detect.py_cleaned.py,1,1,0.011508150026202202,0.9884918928146362
kat5,7664_v3_33_content_chafiknaceri_Credit-Card-Debt_LinearPayement.py_cleaned.py,1,1,0.013848611153662205,0.986151397228241
kat5,7672_v3_6_content_bclark2_Ordered-Linear-Search_orderedLinearSearch.py_cleaned.py,1,1,0.017712296918034554,0.9822876453399658
kat5,7922_v3_15_content_udwivedi394_LinkedList_convertBT2LL.py_cleaned.py,1,1,0.01678549125790596,0.9832144975662231
kat5,7927_v3_18_content_swaroop396_linkedLists_LinkedList.py_cleaned.py,1,1,0.07263670116662979,0.9273632764816284
kat5,7931_v3_21_content_yashag66_Python-Code-Samples_hashingString.py_cleaned.py,1,1,0.03676946461200714,0.963230550289154
kat5,7937_v3_24_content_lavi09_Linked-Lists_findingnnodelinkedlist.py_cleaned.py,1,1,0.013848611153662205,0.986151397228241
kat5,7941_v3_27_content_KyleSeaman201_Ordered-Linked-List_Ordered_Linked_List.py_cleaned.py,1,1,0.02178117260336876,0.9782188534736633
kat5,7945_v3_30_content_a1928375_click_count_click_count.py_cleaned.py,1,1,0.053799644112586975,0.9462003111839294
kat5,7948_v3_38_content_valuntiny_leetcode_linked_list_ii_addTwoNumbers_re.py_cleaned.py,1,1,0.018546564504504204,0.9814534187316895
kat5,7954_v3_44_content_rjsheth_LinkedList-Problems_Reverse_linked_list.py_cleaned.py,1,1,0.02615562081336975,0.9738444089889526
kat5,7961_v3_7_content_mharsha315_Python---Hangman_Hangman.py_cleaned.py,1,1,0.027169233188033104,0.9728307723999023
kat5,8213_v3_11_content_Meghali-Nandi_DNA-PATTERN-MATCHER_dna_matching.py_cleaned.py,1,1,0.012624949216842651,0.987375020980835
kat5,8218_v3_15_content_VakinduPhilliam_Pattern_Matching_Python_Difflib_Pattern_Matching_Get_Close_Matches.py_cleaned.py,1,1,0.014957087114453316,0.985042929649353
kat5,8225_v3_15_content_VakinduPhilliam_Pattern_Matching_Python_Fnmatch_fnmatch.py_cleaned.py,1,0,0.8791467547416687,0.1208532303571701
kat5,8231_v3_1_content_jim-spyropoulos_Trajectory-Analysis-and-Classification-in-Python-Pandas-and-Scikit-Learn_classifytraj.py_cleaned.py,1,1,0.01342825498431921,0.9865716695785522
kat5,8237_v3_1_content_susheelsagar_LCSS_final_loader.py_cleaned.py,1,1,0.013020489364862442,0.9869794845581055
kat5,8244_v3_3_content_pombredanne_string-alignment_LCS.py_cleaned.py,1,1,0.013848611153662205,0.986151397228241
kat5,8251_v3_7_content_kanthagirish-rit_lcs-project_memoization.py_cleaned.py,1,1,0.013222822919487953,0.9867772459983826
kat5,8256_v3_8_content_16chuang_CS161_Project_LCS.py_cleaned.py,1,1,0.014728613197803497,0.9852713346481323
kat5,8258_v3_8_content_thingumajig_weighted_lcs_elmo_pattern.py_cleaned.py,1,1,0.029760094359517097,0.9702399373054504
kat5,8505_v3_10_content_SamAllegretto_NaiveBayes_bayes__3_.py_cleaned.py,1,1,0.3757064640522003,0.6242935061454773
kat5,8512_v3_16_content_ydhnwb_sentiment_analysis_movie_app.py_cleaned.py,1,1,0.07864238321781158,0.9213575720787048
kat5,8517_v3_21_content_pavel-shepelev_NaiveBayes_News_Classifier.py_cleaned.py,1,1,0.014392335899174213,0.9856076240539551
kat5,8524_v3_37_content_saurabhzingade_Naive-Bayes-Basic_naive.py_cleaned.py,1,1,0.027169233188033104,0.9728307723999023
kat5,8530_v3_48_content_asaadam_TextMining_Preprocessing.py_cleaned.py,1,0,0.6167050004005432,0.3832949697971344
kat5,8536_v3_6_content_dennishnf_indoor-location-using-naive-bayes_2_division_data.py_cleaned.py,1,1,0.01065251138061285,0.9893474578857422
kat5,8539_v3_79_content_snehasg95_NaiveBayes_iris_classification.py_cleaned.py,1,1,0.012241275981068611,0.9877586960792542
kat5,8541_v3_7_content_pherde_naive_bayes_spam_classifier.py_cleaned.py,1,1,0.018689308315515518,0.9813107252120972
kat5,8790_v3_10_content_MBataille_encrypt-xor_encr.py_cleaned.py,1,1,0.014392335899174213,0.9856076240539551
kat5,8796_v3_13_content_TubyNeto_one-time-pad_main.py_cleaned.py,1,1,0.012241275981068611,0.9877586960792542
kat5,8804_v3_17_content_jb0xx_decrypt-onetimepad_texthelper.py_cleaned.py,1,1,0.012241275981068611,0.9877586960792542
kat5,8812_v3_22_content_asmitaneupane_Python-project_testfile.py_cleaned.py,1,1,0.03358950465917587,0.9664104580879211
kat5,8817_v3_2_content_lonequark_oneTimePad_oneTimePad.py_cleaned.py,1,1,0.011508150026202202,0.9884918928146362
kat5,8826_v3_5_content_llp0702_one-time-pad-implementation-python_main.py_cleaned.py,1,1,0.01615283451974392,0.9838472008705139
kat5,8831_v3_8_content_dargust_OTPChat_otpmod.py_cleaned.py,1,1,0.016657039523124695,0.9833430051803589
kat5,8991_v3_2_content_Liu-WeiYi_Private_Preserving_Outlier_Behavior_Detection_Incremental_Time_analysis.py_cleaned.py,1,1,0.010489091277122498,0.9895108342170715
kat5,8993_v3_2_content_Liu-WeiYi_Private_Preserving_Outlier_Behavior_Detection_statistic.py_cleaned.py,1,1,0.013222822919487953,0.9867772459983826
kat5,8999_v3_4_content_mrimahajan_advanced_analysis_package_variable_reduction.py_cleaned.py,1,1,0.025565212592482567,0.9744347929954529
kat5,9192_v3_1_content_lucaspauker_factor-perfect-numbers_Factors_Perfect_Number.py_cleaned.py,1,1,0.0120537793263793,0.9879462122917175
kat5,9199_v3_3_content_iykadev_pyalgo_anagram2.py_cleaned.py,1,1,0.14706452190876007,0.8529354333877563
kat5,9205_v3_3_content_iykadev_pyalgo_binaryTree2.py_cleaned.py,1,1,0.018264278769493103,0.9817357659339905
kat5,9211_v3_3_content_iykadev_pyalgo_deal_cards_for_freecell_algo.py_cleaned.py,1,1,0.013222822919487953,0.9867772459983826
kat5,9216_v3_3_content_iykadev_pyalgo_e_number.py_cleaned.py,1,1,0.012624949216842651,0.987375020980835
kat5,9219_v3_3_content_iykadev_pyalgo_golden_ratio.py_cleaned.py,1,1,0.012624949216842651,0.987375020980835
kat5,9224_v3_3_content_iykadev_pyalgo_insertionSort.py_cleaned.py,1,1,0.016914913430809975,0.9830850958824158
kat5,9229_v3_3_content_iykadev_pyalgo_perfect_numbers.py_cleaned.py,1,1,0.013020489364862442,0.9869794845581055
kat5,9238_v3_5_content_nmcglohon_sequence-squares_calculate_sequence.py_cleaned.py,1,1,0.04672496020793915,0.9532750844955444
kat5,9494_v3_28_content_brandonvilla21_polynomial-regression_polinomial.py_cleaned.py,1,1,0.011869121342897415,0.9881309270858765
kat5,9499_v3_41_content_rinky97_polynomial-regression_my.py_cleaned.py,1,1,0.019419347867369652,0.9805806875228882
kat5,9505_v3_53_content_iamrj846_Predicting-insurance-prices-with-Linear-Regression_MultipleLinearRegressionModel.py_cleaned.py,1,1,0.03185885772109032,0.9681411385536194
kat5,9511_v3_60_content_winnie9197_The-Coding-School-projects_Fake_News_DF_dataset.py_cleaned.py,1,1,0.01098694372922182,0.9890130758285522
kat5,9517_v3_63_content_avitabayan_Machine-learning_regression_template.py_cleaned.py,1,1,0.01578456163406372,0.9842154383659363
kat5,9526_v3_83_content_Akshaykanth_COPrediction_createModel.py_cleaned.py,1,1,0.011869121342897415,0.9881309270858765
kat5,9775_v3_11_content_pprzygodzk_binary_search-prime_numbers_binarysearch.py_cleaned.py,1,1,0.012624949216842651,0.987375020980835
kat5,9782_v3_15_content_EdwinKato_prime_number_generator_prime_number_generator.py_cleaned.py,1,1,0.01578456163406372,0.9842154383659363
kat5,9789_v3_1_content_mtony75_isprime_isprime.py_cleaned.py,1,1,0.011687257327139378,0.9883127808570862
kat5,9796_v3_24_content_jakubfolta_PrimeNumber_Prime.py_cleaned.py,1,1,0.13660839200019836,0.8633915781974792
kat5,9797_v3_25_content_diXime_PrimaryNumbers_utx.py_cleaned.py,1,1,0.3993430733680725,0.6006569266319275
kat5,9803_v3_29_content_SilentCatA_is_prime_number_is_prime_number.py_cleaned.py,1,1,0.017576882615685463,0.9824230670928955
kat5,9807_v3_30_content_olamofe_primeQuery_primeQuery.py_cleaned.py,1,1,0.02228618785738945,0.9777138829231262
kat5,9809_v3_37_content_coertquinton_number_sequences_start.py_cleaned.py,1,1,0.011687257327139378,0.9883127808570862
kat5,9814_v3_6_content_kennedyCzar_n-th_monsien_number_monsien_number.py_cleaned.py,1,1,0.01590639166533947,0.9840936064720154
kat5,10073_v3_11_content_Boros93_GraphProject_disjoint_set.py_cleaned.py,1,1,0.017712296918034554,0.9822876453399658
kat5,10076_v3_12_content_diegooliveira95_PrimAndDijkstra_dijkstra.py_cleaned.py,1,1,0.014172364957630634,0.9858275651931763
kat5,10082_v3_1_content_muzixing_graph_algorithm_kruskal.py_cleaned.py,1,1,0.016029145568609238,0.9839708209037781
kat5,10088_v3_28_content_bford26_AStar-PathFinder_PrimsMaze.py_cleaned.py,1,1,0.04115288704633713,0.9588471055030823
kat5,10094_v3_5_content_abcsds_Prim_example.py_cleaned.py,1,1,0.014503580518066883,0.985496461391449
kat5,10104_v3_6_content_usbogie_MSTcreator_Prims.py_cleaned.py,1,1,0.017176710069179535,0.9828232526779175
kat5,10113_v3_8_content_brendanleeper_graph-algorithms_disjoint_sets.py_cleaned.py,1,1,0.023509450256824493,0.9764904975891113
kat5,10368_v3_16_content_GodspeedChloe_PrincipalComponentsAnalysis101_pca_two_vectors.py_cleaned.py,1,1,0.0120537793263793,0.9879462122917175
kat5,10376_v3_2_content_shadykdc_Probabilistic_Inference_courseworks_123.py_cleaned.py,1,1,0.013222822919487953,0.9867772459983826
kat5,10382_v3_40_content_furkanh_Principal-Component-Analysis_pca.py_cleaned.py,1,1,0.012821214273571968,0.9871788024902344
kat5,10387_v3_58_content_Schuck9_PCA_PCA.py_cleaned.py,1,1,0.012624949216842651,0.987375020980835
kat5,10393_v3_68_content_huynguyenqc_DIP-PCA_json_logger.py_cleaned.py,1,1,0.013020489364862442,0.9869794845581055
kat5,10398_v3_73_content_hamk-uas_two-step-pca_two_step_pca.py_cleaned.py,1,1,0.05964694544672966,0.9403530955314636
kat5,10403_v3_82_content_bryonkucharski_PCA_Baseball_Statistics_pca.py_cleaned.py,1,1,0.011687257327139378,0.9883127808570862
kat5,10408_v3_8_content_Mkarami3_Pattern_recognition_dynamic_PCA_ICA_DPCA.py_cleaned.py,1,1,0.020964238792657852,0.9790357351303101
kat5,10413_v3_95_content_JoeJimFlood_FreedomIndexPCA_FreedomIndexPCA.py_cleaned.py,1,1,0.014063626527786255,0.9859364032745361
kat5,10664_v3_12_content_shinevalora_asyncio_tornado_queues_requests_demo_test.py_cleaned.py,1,1,0.019419347867369652,0.9805806875228882
kat5,10669_v3_1_content_modulus100_python-datastructures-algorithms_linked_list_reverse.py_cleaned.py,1,1,0.027169233188033104,0.9728307723999023
kat5,10674_v3_31_content_danieltshibangu_QueuePay_diranySolution.py_cleaned.py,1,1,0.011158030480146408,0.9888418912887573
kat5,10679_v3_36_content_dchrostowski_autoproxy_dry_run.py_cleaned.py,1,1,0.012241275981068611,0.9877586960792542
kat5,10684_v3_3_content_colinmcnicholl_queueing_theory_homework3_map6264a.py_cleaned.py,1,1,0.014957087114453316,0.985042929649353
kat5,10693_v3_52_content_NYU-Molecular-Pathology_queue-stats_qstats.py_cleaned.py,1,1,0.017442483454942703,0.982557475566864
kat5,10698_v3_57_content_sangyh_discrete-event-simulation_read_output.py_cleaned.py,1,1,0.011869121342897415,0.9881309270858765
kat5,10703_v3_64_content_coronary_makerHubTool_testSheets.py_cleaned.py,1,1,0.01798621006309986,0.9820137619972229
kat5,10949_v3_100_content_cem8301_DataCleaningForInformedPurchases_pipelines.py_cleaned.py,1,1,0.052618954330682755,0.9473810195922852
kat5,10954_v3_13_content_gkp7_quick-sort_quick_sort.py_cleaned.py,1,1,0.01428193412721157,0.9857181310653687
kat5,10959_v3_18_content_TorugoH_quickSort_quick.py_cleaned.py,1,1,0.018689308315515518,0.9813107252120972
kat5,10965_v3_21_content_bmawji3_tvshow-sorting_tvshow_sort.py_cleaned.py,1,1,0.013020489364862442,0.9869794845581055
kat5,10971_v3_26_content_hemidactylus_skanfixer_SelRectangle.py_cleaned.py,1,1,0.014728613197803497,0.9852713346481323
kat5,10976_v3_2_content_siddhesh10_Quicksort-and-Randomized-Quick-Sort_randomized_quicksort.py_cleaned.py,1,1,0.020964238792657852,0.9790357351303101
kat5,10983_v3_4_content_varuntahin2210_ConversationalBot-Restaurant_nlu_model.py_cleaned.py,1,1,0.02262919954955578,0.9773707389831543
kat5,10984_v3_52_content_RefaelBeker7_Sorting-Algorithms-Python_ExampleSort_sixDifference.py_cleaned.py,1,1,0.012241275981068611,0.9877586960792542
kat5,10988_v3_73_content_OstapKuch_Lab_01_alg_sort.py_cleaned.py,1,1,0.018124720081686974,0.9818752408027649
kat5,10992_v3_82_content_ceydapolat_Sorting-Algorithms-Analysis_MergeSort.py_cleaned.py,1,1,0.03567855432629585,0.9643214344978333
kat5,11243_v3_15_content_gregapodobnik_wowza_deleteautorecordings_wowza_deleterecordings.py_cleaned.py,1,1,0.011869121342897415,0.9881309270858765
kat5,11249_v3_1_content_ilmanzo666_quadtree-image-decomposition_pyImgQuadTree.py_cleaned.py,1,1,0.021287351846694946,0.9787126779556274
kat5,11255_v3_24_content_regnarg_prf-turing-machine_prf.py_cleaned.py,1,1,0.05146276578307152,0.9485372304916382
kat5,11260_v3_29_content_gdkat_Recursive-DNS-Client-Server-Communication_rs.py_cleaned.py,1,1,0.014063626527786255,0.9859364032745361
kat5,11268_v3_35_content_rajucsm09_Fibonacci-Sequence-using-Memoizaton_fibonacci.py_cleaned.py,1,1,0.019271135330200195,0.980728805065155
kat5,11276_v3_43_content_agusmakmun_changewords_tests.py_cleaned.py,1,1,0.13753247261047363,0.8624675869941711
kat5,11283_v3_9_content_ahmetfbayrak12_Python-Recursive-Functions-and-Dynamic-Programming_hw5-plot.py_cleaned.py,1,1,0.017045317217707634,0.9829546809196472
kat5,11536_v3_1_content_zsra_RSA_keygen_prime.py_cleaned.py,1,1,0.01640303246676922,0.9835969805717468
kat5,11541_v3_34_content_ptfn_rsa_main.py_cleaned.py,1,1,0.012821214273571968,0.9871788024902344
kat5,11547_v3_46_content_ThallysSo_criptografia-rsa_criptografia.py_cleaned.py,1,1,0.019271135330200195,0.980728805065155
kat5,11553_v3_55_content_Jozhus_RSA-And-Linear-Cipher_RSA.py_cleaned.py,1,1,0.015072628855705261,0.9849274158477783
kat5,11558_v3_64_content_xmenji_RSA_rsa.py_cleaned.py,1,1,0.017576882615685463,0.9824230670928955
kat5,11564_v3_83_content_mrh929_qrcode_signature_ScanInvedio.py_cleaned.py,1,1,0.0120537793263793,0.9879462122917175
kat5,11570_v3_8_content_hertelukas_rsa_primeCheck.py_cleaned.py,1,1,0.012821214273571968,0.9871788024902344
kat5,11572_v3_92_content_ZJGSU-C-moon_RSA-Blind-Signature-Based-Bank-System_rsa_blind_sign.py_cleaned.py,1,1,0.01428193412721157,0.9857181310653687
kat5,11578_v3_95_content_KyawHtetWin_RSA-Encryption-Decryption_rsa_encryption.py_cleaned.py,1,1,0.010489091277122498,0.9895108342170715
kat5,11829_v3_10_content_lesdev_SortingMethods_selection.py_cleaned.py,1,1,0.017576882615685463,0.9824230670928955
kat5,11830_v3_11_content_jdpenuliar_selectionsortdjango_manage.py_cleaned.py,1,1,0.017045317217707634,0.9829546809196472
kat5,11834_v3_13_content_Tom-Le_Dota2Grids_generate-grid.py_cleaned.py,1,0,0.8783142566680908,0.12168575078248978
kat5,11844_v3_20_content_jhemesonmotta_PythonSelectionSort_selectionSort.py_cleaned.py,1,1,0.016029145568609238,0.9839708209037781
kat5,11846_v3_22_content_thctds_Sorts1_insertionSort.py_cleaned.py,1,1,0.015663649886846542,0.9843363761901855
kat5,11852_v3_26_content_AbdelrhmanKhater_Comparison-between-linked-list-and-array-during-using-selection-sort_main.py_cleaned.py,1,1,0.014957087114453316,0.985042929649353
kat5,11858_v3_32_content_AAMergulhao_Sort_Algorithms_index.py_cleaned.py,1,1,0.027169233188033104,0.9728307723999023
kat5,11865_v3_44_content_arun-p12_sort-algorithms_heap_sort.py_cleaned.py,1,1,0.015663649886846542,0.9843363761901855
kat5,11871_v3_9_content_naviechan_sortingAlgorithmDemo_bubbleSort.py_cleaned.py,1,1,0.013020489364862442,0.9869794845581055
kat5,12004_v3_3_content_cendhikaimantoro_Tubes-1-Kripto-Steganografi_manage.py_cleaned.py,1,0,0.6104534864425659,0.38954654335975647
kat5,12179_v3_13_content_prachij94_Category-name-analysis-without-stopwords_stopwordsmcat.py_cleaned.py,1,1,0.022116590291261673,0.9778834581375122
kat5,12186_v3_14_content_prachij94_Category-altname-analysis-without-stopwords_altnameStopwords.py_cleaned.py,1,1,0.016914913430809975,0.9830850958824158
kat5,12193_v3_16_content_NB-prog_INTERN-2019_DataHandler.py_cleaned.py,1,1,0.014728613197803497,0.9852713346481323
kat5,12199_v3_19_content_Vijendra2410_Sentiment-Analysis_RestaurantReview.py_cleaned.py,1,1,0.022116590291261673,0.9778834581375122
kat5,12205_v3_27_content_gaurav-raii_Topic-analysis-NLP-to-access-the-level-of-damage-during-a-car-crash._Text_Topic_analysis_and_classification.py_cleaned.py,1,1,0.02498779445886612,0.9750121831893921
kat5,12212_v3_3_content_crvineeth97_kannada-stop-words_stopwords_find.py_cleaned.py,1,1,0.015306354500353336,0.9846936464309692
kat5,12213_v3_3_content_tusizi_document-analysis_jieba_cut_document_to_vocabulary_with_nominal.py_cleaned.py,1,1,0.014063626527786255,0.9859364032745361
kat5,12218_v3_6_content_Utkagr_NLPrel_all_nltk.py_cleaned.py,1,1,0.011508150026202202,0.9884918928146362
kat5,12353_v3_1_content_DanShai_kernalized-tsne_kernels.py_cleaned.py,1,1,0.014063626527786255,0.9859364032745361
kat5,12361_v3_2_content_jdk20_tsne_main.py_cleaned.py,1,1,0.08035746961832047,0.9196425676345825
kat5,12535_v3_14_content_tusizi_document-analysis_jieba_cut_document_to_vocabulary_with_nominal.py_cleaned.py,1,1,0.015543648041784763,0.9844563603401184
kat5,12538_v3_17_content_lo1gr_tf-idf_hadoop-Spark_reducer3_A.py_cleaned.py,1,1,0.09268777817487717,0.907312273979187
kat5,12545_v3_2_content_ampresent_keyxtractor_server.py_cleaned.py,1,1,0.013020489364862442,0.9869794845581055
kat5,12553_v3_43_content_aabs_edx-ai-week11-project_Tests.py_cleaned.py,1,0,0.5545307993888855,0.4454692304134369
kat5,12559_v3_55_content_wangfan950309_TF-IDF_tf_idf.py_cleaned.py,1,1,0.01243165135383606,0.9875683188438416
kat5,12565_v3_58_content_zhaoyichanghong_machine_learing_algo_python_pla.py_cleaned.py,1,1,0.030444350093603134,0.9695556163787842
kat5,12570_v3_66_content_Fremont28_movie_recommender-_movies_tfidf.py_cleaned.py,1,1,0.014172364957630634,0.9858275651931763
kat5,12578_v3_7_content_DeFacto_DeFactoNLP_sentence_retrieval.py_cleaned.py,1,1,0.011869121342897415,0.9881309270858765
kat5,12831_v3_11_content_movingpictures83_Variance_VariancePlugin.py_cleaned.py,1,1,0.013636834919452667,0.9863631129264832
kat5,12834_v3_13_content_zerolxf_VRL-SGD_textCNN.py_cleaned.py,1,1,0.06371499598026276,0.9362850189208984
kat5,12838_v3_17_content_jmullercuber_HackHarvard2k16_RedditTest.py_cleaned.py,1,1,0.01784873753786087,0.9821512699127197
kat5,12843_v3_23_content_libingzeng_ImageMSE_imagemse.py_cleaned.py,1,1,0.015306354500353336,0.9846936464309692
kat5,12849_v3_32_content_clee1994_MasterThesis_table_helper.py_cleaned.py,1,1,0.017576882615685463,0.9824230670928955
kat5,12856_v3_3_content_facebookresearch_deep-variance-reduction_cifar_wrapper.py_cleaned.py,1,1,0.015663649886846542,0.9843363761901855
kat5,12860_v3_40_content_Charles-Peeke_clinical_variances_local_db.py_cleaned.py,1,1,0.012624949216842651,0.987375020980835
kat5,12866_v3_5_content_mingzhang-yin_ARM-gradient_preprocess.py_cleaned.py,1,1,0.01678549125790596,0.9832144975662231
kat5,12868_v3_65_content_swaruptripathy_two_way_anova_two_way_anova.py_cleaned.py,1,1,0.016277460381388664,0.9837225079536438
kat5,12873_v3_6_content_hongzimao_input_driven_rl_example_average_reward.py_cleaned.py,1,1,0.015072628855705261,0.9849274158477783
kat5,12880_v3_9_content_dumebi_Predicting-Boston-Housing-Prices_work.py_cleaned.py,1,1,0.01098694372922182,0.9890130758285522
kat5,13283_v3_11_content_namelessfintech_python-web-scraping_id_iteration_crawler.py_cleaned.py,1,1,0.02595735713839531,0.9740425944328308
kat5,13289_v3_16_content_helloiamivan_crypto-quant_main.py_cleaned.py,1,1,0.015543648041784763,0.9844563603401184
kat5,13298_v3_24_content_A3M4_Monster-Crawler_middlewares.py_cleaned.py,1,1,0.04778006672859192,0.9522199034690857
kat5,13303_v3_32_content_DarylBui_webscraping_YelpAPI.py_cleaned.py,1,1,0.013020489364862442,0.9869794845581055
kat5,13308_v3_35_content_anoop123gupta_web_scraping_task10.py_cleaned.py,1,1,0.014063626527786255,0.9859364032745361
kat5,13313_v3_3_content_ahmedelfateh_scraping_CimaClub_scraper_crawlers.py_cleaned.py,1,1,0.011687257327139378,0.9883127808570862
kat5,13320_v3_45_content_umtpfe_Projet-scrapy_gglev4.py_cleaned.py,1,1,0.023870835080742836,0.9761291742324829
kat5,13325_v3_45_content_umtpfe_Projet-scrapy_testcontinue.py_cleaned.py,1,1,0.01542455144226551,0.9845753908157349
kat5,13330_v3_53_content_VipinindKumar_Web-scraping-price_newegg.py_cleaned.py,1,1,0.026759283617138863,0.9732407331466675
kat5,13334_v3_64_content_andrewrgoss_yahoo-fantasy-fball-scraper_historical_draft_results.py_cleaned.py,1,1,0.019419347867369652,0.9805806875228882
kat5,13340_v3_71_content_Ishanthedev_web-crawling-and-web-scraping_middlewares.py_cleaned.py,1,1,0.014503580518066883,0.985496461391449
kat5,13345_v3_76_content_sangeeta97_web-scraping_ctri_all_fields.py_cleaned.py,1,1,0.0120537793263793,0.9879462122917175
kat5,13351_v3_79_content_MadhavPruthi_Email-Scraping-from-publication_metainfoscrapper.py_cleaned.py,1,1,0.06608537584543228,0.9339146018028259
kat5,13357_v3_87_content_avsprashant_webScraping_Scrapper.py_cleaned.py,1,1,0.2693256139755249,0.7306743860244751
kat5,13363_v3_94_content_adithyavasisth_VTU-Result-Scraper-with-CAPTCHA-Bypass_scraper.py_cleaned.py,1,1,0.01798621006309986,0.9820137619972229
kat5,13368_v3_95_content_SebastianRV26_WebScraping-WordCloud_primerM_todoParalelo.py_cleaned.py,1,1,0.06187598407268524,0.9381240010261536
kat5,13374_v3_9_content_chaseycodes_StockX-Scraper_3-image_downloader.py_cleaned.py,1,1,0.011508150026202202,0.9884918928146362
