set,file,true,pred,prob_Human-written,prob_V1,prob_V2,prob_V3,prob_V4,prob_V5
test,10_19_content_vickyabi_singly-linked-list_singly_linked_list.py_cleaned.png,0,2,0.16328974068164825,0.160982146859169,0.1833743005990982,0.17182199656963348,0.1578379124403,0.1626940220594406
test,10_25_content_SaadatRizvi_Movie-Recommendation-System_collaborative-filtering.py_cleaned.png,0,2,0.13625076413154602,0.17919804155826569,0.22639378905296326,0.17820174992084503,0.12114199250936508,0.15881365537643433
test,11_11_content_sichen-x_search-engine_myhtable_search.py_cleaned.png,0,5,0.15698742866516113,0.13255661725997925,0.17994557321071625,0.1343873143196106,0.18220849335193634,0.21391460299491882
test,11_1_content_colettebedoya_primsAndKruskal_DisjointSet.py_cleaned.png,0,2,0.18842937052249908,0.14608705043792725,0.19493266940116882,0.14196012914180756,0.1474694013595581,0.18112142384052277
test,11_21_content_leonshen95_EC500-Modular-design-2.4_OutputAlert_module.py_cleaned.png,0,5,0.14272671937942505,0.1728009581565857,0.176534041762352,0.16651654243469238,0.13600271940231323,0.20541910827159882
test,11_24_content_cagrias_django-rabbitmq-celery-docker-example_manage.py_cleaned.png,0,5,0.18056192994117737,0.18043960630893707,0.15344974398612976,0.11651702225208282,0.17222696542739868,0.19680476188659668
test,11_6_content_hungph-dev-ict_simple-exponential-smoothing_main.py_cleaned.png,0,1,0.16564668715000153,0.2484409511089325,0.2035069763660431,0.14225679636001587,0.09578132629394531,0.1443672478199005
test,12_14_content_MGhousSarwar_Algorithm-Analysis_Script.py_cleaned.png,0,0,0.254802942276001,0.1782117784023285,0.12904420495033264,0.16519547998905182,0.13974237442016602,0.13300327956676483
test,12_16_content_SemyonMakhaev_elliptic-curve_main.py_cleaned.png,0,2,0.1417137235403061,0.16606062650680542,0.19191503524780273,0.16846787929534912,0.1605851799249649,0.17125754058361053
test,12_16_content_helloiamivan_crypto-quant_main.py_cleaned.png,0,1,0.17572632431983948,0.24651047587394714,0.16944904625415802,0.14773407578468323,0.14124716818332672,0.11933286488056183
test,12_16_content_johnllanos_selection_sort.py_selection_sort.py_cleaned.png,0,2,0.1412053257226944,0.17587223649024963,0.23266540467739105,0.11133553087711334,0.13545973598957062,0.20346181094646454
test,13_12_content_ianscottknight_Predicting-Myers-Briggs-Type-Indicator-with-Recurrent-Neural-Networks_make_training_set.py_cleaned.png,0,1,0.12688644230365753,0.2230069935321808,0.20292243361473083,0.1707226186990738,0.13583627343177795,0.1406252533197403
test,13_15_content_Dhruv-Panchal_AES_socket_GUI_decryptor.py_cleaned.png,0,2,0.11704085767269135,0.18818721175193787,0.23384368419647217,0.19274209439754486,0.10934819281101227,0.15883797407150269
test,13_19_content_frankiekienlam_Fibonacci_Pyramids_test_pset.py_cleaned.png,0,1,0.1217631995677948,0.20460183918476105,0.20093819499015808,0.20077712833881378,0.1361849308013916,0.13573475182056427
test,13_1_content_MarcoForte_knn-matting_knn_matting.py_cleaned.png,0,1,0.13632957637310028,0.21445660293102264,0.19911429286003113,0.1807790994644165,0.11943502724170685,0.14988546073436737
test,13_1_content_sadnessFree_arima-lstm_arima-order.py_cleaned.png,0,2,0.1348828822374344,0.1792837232351303,0.18481923639774323,0.15647855401039124,0.16803421080112457,0.17650139331817627
test,13_23_content_xaviergoby_ConvLSTM-Computer-Vision-for-Structural-Health-Monitoring-SHM-and-NonDestructive-Testing-NDT_settings.py_cleaned.png,0,2,0.1569923460483551,0.2040204554796219,0.23668284714221954,0.13247798383235931,0.14938245713710785,0.12044385075569153
test,13_28_content_Jvictor97_YellowFever_randDate.py_cleaned.png,0,2,0.14455044269561768,0.15432313084602356,0.19768328964710236,0.1743059754371643,0.1540812999010086,0.17505595088005066
test,13_29_content_zcogley_Bubble-Sort_bubble_sort.py_cleaned.png,0,5,0.15880239009857178,0.1768730729818344,0.18204258382320404,0.13949544727802277,0.15741033852100372,0.1853761225938797
test,13_3_content_iykadev_pyalgo_binarySearch.py_cleaned.png,0,0,0.20834212005138397,0.18039198219776154,0.1823127269744873,0.12049152702093124,0.15059204399585724,0.15786956250667572
test,14_17_content_kanavkhanna_Application-Software_Software_Application.py_cleaned.png,0,1,0.164592906832695,0.2142132818698883,0.17820735275745392,0.18553753197193146,0.1574639230966568,0.09998499602079391
test,14_1_content_colettebedoya_primsAndKruskal_DisjointSet.py_cleaned.png,0,2,0.16927586495876312,0.15225987136363983,0.19428062438964844,0.13530291616916656,0.1637953668832779,0.18508531153202057
test,15_29_content_AouinaOns_K-Means-Clustering_K-means.py_cleaned.png,0,2,0.12351498007774353,0.17124749720096588,0.22051510214805603,0.1859489232301712,0.13709969818592072,0.16167385876178741
test,15_4_content_mrimahajan_advanced_analysis_package___init__.py_cleaned.png,0,0,0.27849575877189636,0.16686761379241943,0.1341615617275238,0.10606611520051956,0.14015980064868927,0.17424915730953217
test,16_15_content_VakinduPhilliam_Pattern_Matching_Python_Fnmatch_fnmatch.py_cleaned.png,0,2,0.16843411326408386,0.15136335790157318,0.190473273396492,0.14905709028244019,0.15621481835842133,0.18445739150047302
test,16_1_content_sadnessFree_arima-lstm_combine-linear.py_cleaned.png,0,1,0.19657444953918457,0.2715831398963928,0.20339620113372803,0.07687229663133621,0.12078684568405151,0.13078704476356506
test,16_1_content_smbanaie_floyd-warshall-python_Main.py_cleaned.png,0,2,0.14907485246658325,0.17508652806282043,0.1901528537273407,0.15208058059215546,0.14814169704914093,0.18546347320079803
test,16_29_content_SomeshKashyap_Hierarchical-Clustering_HierarchicalClustering.py_cleaned.png,0,3,0.13806477189064026,0.16808751225471497,0.19112174212932587,0.19250352680683136,0.14237841963768005,0.16784408688545227
test,16_29_content_sanchikagn_geyser-eruptions-k-means_clusters_plotted.py_cleaned.png,0,2,0.1480923891067505,0.15968705713748932,0.22080522775650024,0.17621862888336182,0.13857904076576233,0.15661771595478058
test,16_2_content_facebookresearch_reward-estimator-corl_configurations_continuous_sparse.py_cleaned.png,0,5,0.12879493832588196,0.19704651832580566,0.17459020018577576,0.16677457094192505,0.13342449069023132,0.19936931133270264
test,16_46_content_ThallysSo_criptografia-rsa_criptografia.py_cleaned.png,0,3,0.14944161474704742,0.17758817970752716,0.1988704800605774,0.21081964671611786,0.14137515425682068,0.12190499156713486
test,17_1_content_sadnessFree_arima-lstm_combine-svm.py_cleaned.png,0,4,0.20050795376300812,0.17601165175437927,0.14113332331180573,0.14509882032871246,0.20679153501987457,0.1304566115140915
test,17_22_content_ABHIJIT-13_Kruskal-MST_kruskal.py_cleaned.png,0,5,0.16817821562290192,0.14193299412727356,0.1614062637090683,0.13405565917491913,0.1768036037683487,0.21762318909168243
test,17_23_content_jfb125_pythonLinkedLists_ex13.py_cleaned.png,0,2,0.13550613820552826,0.17287565767765045,0.18158848583698273,0.16168801486492157,0.17445003986358643,0.17389163374900818
test,17_25_content_jimmy-ly00_DHE-prime-grabber_find_primes.py_cleaned.png,0,1,0.15720883011817932,0.22783100605010986,0.18457746505737305,0.11917450278997421,0.12490221858024597,0.18630602955818176
test,17_34_content_dvsa_cvs-tsk-dlq-handler_dlq_handler.py_cleaned.png,0,3,0.14156295359134674,0.17256230115890503,0.1987285166978836,0.20913398265838623,0.1303909868001938,0.14762137830257416
test,17_41_content_rinky97_polynomial-regression_my.py_cleaned.png,0,1,0.14050985872745514,0.19315315783023834,0.18129603564739227,0.15548770129680634,0.16333132982254028,0.16622194647789001
test,18_13_content_Pedinpsy_-inverted-index-search_main.py_cleaned.png,0,1,0.12550652027130127,0.21018698811531067,0.19982020556926727,0.1846427321434021,0.14408621191978455,0.13575734198093414
test,18_1_content_randombit_pairings.py_bls.py_cleaned.png,0,5,0.14769603312015533,0.13781550526618958,0.17790120840072632,0.1541265994310379,0.17174914479255676,0.2107115238904953
test,18_2_content_zalayo_Hierarchical-Linkage-Regression_HLRtest.py_cleaned.png,0,2,0.14533603191375732,0.16520941257476807,0.18975594639778137,0.16149769723415375,0.15964478254318237,0.17855608463287354
test,18_3_content_iykadev_pyalgo_bresenhams_line_algo.py_cleaned.png,0,3,0.1442040652036667,0.14394688606262207,0.15227825939655304,0.20920966565608978,0.16293752193450928,0.18742354214191437
test,19_1_content_josgard94_JPEG_generador_huffman_code.py_cleaned.png,0,1,0.18543075025081635,0.21172091364860535,0.15026581287384033,0.131952702999115,0.13113056123256683,0.18949931859970093
test,19_1_content_marcsantiago_one_time_pad_encryption_cmd_otp_utility.py_cleaned.png,0,2,0.1292799413204193,0.18815018236637115,0.2030317187309265,0.20212554931640625,0.12997549772262573,0.147437185049057
test,19_1_content_randombit_pairings.py_tripartite.py_cleaned.png,0,2,0.17669138312339783,0.1681268811225891,0.21344022452831268,0.12910595536231995,0.13804620504379272,0.1745893806219101
test,19_23_content_cheewoei1997_dijkstras-algorithm_graphFunctions.py_cleaned.png,0,1,0.18669742345809937,0.20766127109527588,0.1898006945848465,0.158755823969841,0.13685916364192963,0.12022566050291061
test,19_24_content_Am4teur_LinkedList_LL0.py_cleaned.png,0,0,0.2532399892807007,0.0956413596868515,0.16419033706188202,0.13474608957767487,0.22338195145130157,0.12880027294158936
test,19_24_content_lesdev_SortingMethods_Insertion.py_cleaned.png,0,2,0.11239684373140335,0.21026399731636047,0.2753871977329254,0.1709369719028473,0.10646488517522812,0.12455009669065475
test,19_2_content_cvwilliams_BellmanFord-Python_client.py_cleaned.png,0,1,0.14887629449367523,0.19511613249778748,0.17037749290466309,0.17947827279567719,0.16293008625507355,0.14322170615196228
test,19_31_content_igoreliasm_binary-tree_arvore.py_cleaned.png,0,2,0.19187197089195251,0.15755268931388855,0.2164110243320465,0.14716856181621552,0.12439461797475815,0.16260117292404175
test,19_42_content_tesladodger_Fibonacci_fibonacci.py_cleaned.png,0,0,0.2050994336605072,0.18563473224639893,0.19203442335128784,0.13033124804496765,0.16093161702156067,0.1259685456752777
test,1_100_content_cem8301_DataCleaningForInformedPurchases_middlewares.py_cleaned.png,0,3,0.13623864948749542,0.11390164494514465,0.15372629463672638,0.27082982659339905,0.12056809663772583,0.20473554730415344
test,1_10_content_Bala96_Recursive-Func_nestedeaser.py_cleaned.png,0,4,0.16769039630889893,0.159515380859375,0.18018275499343872,0.11424633115530014,0.1997542381286621,0.17861096560955048
test,1_10_content_iJohnMaged_Huffman-Coding_fileIO.py_cleaned.png,0,1,0.15817682445049286,0.21979090571403503,0.1681567132472992,0.14286299049854279,0.16070090234279633,0.1503116488456726
test,1_10_content_tjazerzen_a_star_algorithm_helper_functions.py_cleaned.png,0,2,0.16496646404266357,0.16382314264774323,0.21054480969905853,0.14964747428894043,0.16716395318508148,0.14385418593883514
test,20_16_content_NB-prog_INTERN-2019_similarity_eval.py_cleaned.png,0,5,0.11730346083641052,0.20212067663669586,0.19304202497005463,0.1433114856481552,0.12295947223901749,0.22126290202140808
test,20_27_content_mskroar18_GraphWizard_edge.py_cleaned.png,0,0,0.2227272391319275,0.1609060913324356,0.1369888335466385,0.12737180292606354,0.1988411247730255,0.15316486358642578
test,20_27_content_ppplinday_Picture-Classification-PCA-KNN_KNN-PCA.py_cleaned.png,0,1,0.1690451055765152,0.23296548426151276,0.1991257667541504,0.10643629729747772,0.15305514633655548,0.13937224447727203
test,20_2_content_WenjieLuo2333_ModuleDesign_Alert_module.py_cleaned.png,0,0,0.1948930323123932,0.17365409433841705,0.16064593195915222,0.1754027158021927,0.13772104680538177,0.15768319368362427
test,20_31_content_jwjohns_binary-tree_python_binary_tree_search.py_cleaned.png,0,0,0.1927092969417572,0.1586712896823883,0.17858383059501648,0.13542482256889343,0.15841509401798248,0.17619571089744568
test,20_44_content_Mazuh_Fibonacci_fib_benchmark.py_cleaned.png,0,1,0.1546311229467392,0.20803074538707733,0.20514240860939026,0.1699625700712204,0.12021008878946304,0.14202307164669037
test,20_49_content_pranurs_regression-model_main.py_cleaned.png,0,5,0.152740940451622,0.16493389010429382,0.15900874137878418,0.15221665799617767,0.17806579172611237,0.1930340826511383
test,20_53_content_ekaktusz_rsa-example_rsa.py_cleaned.png,0,5,0.14436057209968567,0.14013385772705078,0.1547294557094574,0.14687934517860413,0.18856549263000488,0.22533126175403595
test,21_1_content_sadnessFree_arima-lstm_lstm_keras.py_cleaned.png,0,2,0.1608181893825531,0.17552496492862701,0.18911617994308472,0.16766999661922455,0.12684164941310883,0.1800289750099182
test,21_41_content_antoinewg_ocr-tfidf_reducer3.py_cleaned.png,0,1,0.18673542141914368,0.19338953495025635,0.17498701810836792,0.1278180330991745,0.1798821985721588,0.1371878683567047
test,22_19_content_Gorresio_easyAES256_easyAES256.py_cleaned.png,0,2,0.11796927452087402,0.1939881294965744,0.21911630034446716,0.14243587851524353,0.12625780701637268,0.2002326101064682
test,22_23_content_AMARPATEEL_Selection-sort-in-python_selection_by_user_input.py_cleaned.png,0,5,0.17854920029640198,0.11334077268838882,0.1433096081018448,0.11129716783761978,0.20543237030506134,0.2480708211660385
test,22_24_content_lesdev_SortingMethods_radix.py_cleaned.png,0,2,0.12134464830160141,0.20996586978435516,0.22059327363967896,0.18890103697776794,0.12150969356298447,0.13768555223941803
test,22_29_content_rahuljohnny_Bangla_OCR_Using_KNN_class_contour.py_cleaned.png,0,5,0.161070317029953,0.15731270611286163,0.17548830807209015,0.15568415820598602,0.1748054325580597,0.17563903331756592
test,22_35_content_fireclawthefox_DirectGuiDesigner_setup_p3d.py_cleaned.png,0,2,0.1657934933900833,0.16158507764339447,0.18231576681137085,0.16503359377384186,0.15650203824043274,0.16877001523971558
test,22_36_content_hasanunl_Hierarchical-Clustering-in-Python-Training_hc_training.py_cleaned.png,0,2,0.14506365358829498,0.17439916729927063,0.1956283003091812,0.1884468048810959,0.13971765339374542,0.15674439072608948
test,22_3_content_iykadev_pyalgo_deepFirstSearch.py_cleaned.png,0,4,0.17432086169719696,0.16787482798099518,0.18598812818527222,0.14169034361839294,0.1882033348083496,0.1419224739074707
test,22_55_content_Jozhus_RSA-And-Linear-Cipher_RSA.py_cleaned.png,0,3,0.14588473737239838,0.18490920960903168,0.17135553061962128,0.19675414264202118,0.13886238634586334,0.16223405301570892
test,23_1_content_jim-spyropoulos_Trajectory-Analysis-and-Classification-in-Python-Pandas-and-Scikit-Learn_down_left_point.py_cleaned.png,0,2,0.15295656025409698,0.1741160899400711,0.19401815533638,0.16305749118328094,0.152442067861557,0.16340962052345276
test,23_22_content_Raxev_datastructures3_huffElement.py_cleaned.png,0,5,0.15029147267341614,0.15833516418933868,0.18612053990364075,0.15306110680103302,0.15814581513404846,0.1940457969903946
test,23_26_content_alex-code4okc_LinkedList_linkedlist.py_cleaned.png,0,2,0.14829550683498383,0.18223422765731812,0.18792536854743958,0.16665291786193848,0.14829270541667938,0.16659921407699585
test,23_2_content_swapnilg915_cosine_similarity_using_embeddings_spacy_embeddings.py_cleaned.png,0,1,0.12122588604688644,0.20556025207042694,0.20444774627685547,0.14709559082984924,0.13849501311779022,0.18317556381225586
test,23_59_content_SMByC_PCA4CD_pca4cd.py_cleaned.png,0,2,0.18022243678569794,0.15547257661819458,0.18265283107757568,0.18067480623722076,0.14704535901546478,0.15393202006816864
test,23_5_content_Abdallah-Elshamy_floyd-warshall_APSP-Floyd_Warshall.py_cleaned.png,0,1,0.15515442192554474,0.18385793268680573,0.17508558928966522,0.16489188373088837,0.1497792899608612,0.17123085260391235
test,24_16_content_sanjay3001_Search-in-python_linear_search.py_cleaned.png,0,2,0.1268458515405655,0.18920785188674927,0.2206365317106247,0.16207154095172882,0.13242897391319275,0.16880927979946136
test,24_1_content_batuhantopalogluu_AES-encryption-and-decryption-algorithm-Python_AES.py_cleaned.png,0,4,0.2536475658416748,0.1714249849319458,0.04427763447165489,0.0666072815656662,0.3384312689304352,0.12561123073101044
test,24_23_content_xuwangme_huffmanTree_Main.py_cleaned.png,0,0,0.22040608525276184,0.17535671591758728,0.1570386439561844,0.10082823783159256,0.20759423077106476,0.13877615332603455
test,24_35_content_jfwhite_CourseSelection_interact_with_user.py_cleaned.png,0,3,0.16774821281433105,0.1380593329668045,0.15257276594638824,0.19906555116176605,0.18995656073093414,0.15259765088558197
test,25_26_content_hemidactylus_skanfixer_sfUtilities.py_cleaned.png,0,5,0.1749834567308426,0.16003218293190002,0.17327848076820374,0.14904460310935974,0.13975997269153595,0.20290133357048035
test,25_58_content_tanjimingrinnell_TreeAndGraph_LinkedList.py_cleaned.png,0,5,0.12583237886428833,0.16397681832313538,0.17504435777664185,0.17980852723121643,0.13939709961414337,0.21594081819057465
test,26_1_content_Chunning-Zhou_MILPBasedSearchAlgorithmDiff_function.py_cleaned.png,0,0,0.39636844396591187,0.18804989755153656,0.0769612267613411,0.08746480941772461,0.16846419870853424,0.08269139379262924
test,26_26_content_AbdelrhmanKhater_Comparison-between-linked-list-and-array-during-using-selection-sort_Linkedlist.py_cleaned.png,0,1,0.11208002269268036,0.19818150997161865,0.17454494535923004,0.18732033669948578,0.13975682854652405,0.1881163865327835
test,26_30_content_Aishwarya1401_Diabetic-Retinopathy-Project-Deep-Learning-_KNN_RawImage.py_cleaned.png,0,3,0.16172343492507935,0.15589678287506104,0.14654262363910675,0.19031071662902832,0.1693984568119049,0.17612794041633606
test,26_39_content_hamidaucc_Link-state-protocol-in-python_Test.py_cleaned.png,0,2,0.13850000500679016,0.17328676581382751,0.20514626801013947,0.1821679323911667,0.13783052563667297,0.16306844353675842
test,26_60_content_fabaloc_PCA_RollingPCAonCDS.py_cleaned.png,0,1,0.22195486724376678,0.25608932971954346,0.17408856749534607,0.12345283478498459,0.10324165970087051,0.12117272615432739
test,27_24_content_MariosPitsali_algorithms-practice_rollback.py_cleaned.png,0,2,0.14439083635807037,0.17567849159240723,0.20523741841316223,0.180686816573143,0.12723736464977264,0.16676907241344452
test,27_26_content_AbdelrhmanKhater_Comparison-between-linked-list-and-array-during-using-selection-sort_main.py_cleaned.png,0,1,0.157057985663414,0.20923638343811035,0.16096846759319305,0.14857351779937744,0.1770414113998413,0.14712227880954742
test,27_28_content_yifan0330_stock-trader_stocktrader.py_cleaned.png,0,0,0.5144259929656982,0.14368528127670288,0.06822659075260162,0.05914245545864105,0.11391075700521469,0.10060892254114151
test,27_33_content_prabhatpal77_Complete-core-python-_assignmentope.py_cleaned.png,0,4,0.16333934664726257,0.1372353583574295,0.14864134788513184,0.13127796351909637,0.2290833443403244,0.19042259454727173
test,27_36_content_mskroar18_GraphWizard_edge.py_cleaned.png,0,4,0.15664984285831451,0.10297298431396484,0.15308769047260284,0.12019935995340347,0.25184065103530884,0.2152494341135025
test,27_3_content_abantikabasak_ImprovisedDijkstraFlood_GraphInput.py_cleaned.png,0,1,0.1683748960494995,0.18971408903598785,0.18151596188545227,0.1706244796514511,0.14021633565425873,0.14955423772335052
test,27_3_content_sharifahmad2061_routing_algorithm_DVR.py_cleaned.png,0,1,0.23976276814937592,0.399780809879303,0.09314082562923431,0.08647644519805908,0.1172444298863411,0.06359471380710602
test,27_40_content_alttch_pyaltt_test.py_cleaned.png,0,2,0.14377030730247498,0.14809177815914154,0.20689687132835388,0.1686086654663086,0.15645688772201538,0.17617547512054443
test,27_6_content_1siddhi7_Floyd-Warshall_fw.py_cleaned.png,0,2,0.12830393016338348,0.1881628930568695,0.20888450741767883,0.1746256798505783,0.14283215999603271,0.15719076991081238
test,28_20_content_anasbadawy_Basic-NLP-Project_NLPProject.py_cleaned.png,0,5,0.1855670064687729,0.15626342594623566,0.1958926022052765,0.11633956432342529,0.14216341078281403,0.20377396047115326
test,28_2_content_Lok-lok_TestLinkedList_LinkedList.py_cleaned.png,0,2,0.0772283747792244,0.220148503780365,0.2563701868057251,0.1939055472612381,0.09356387704610825,0.15878349542617798
test,28_31_content_shreyas3336_Diffie-Hellman-KeyExchange_Seed_Generator.py_cleaned.png,0,5,0.1549428105354309,0.16774000227451324,0.16958700120449066,0.15264998376369476,0.17438562214374542,0.1806945949792862
test,28_3_content_dlohith_text-similarity_utils.py_cleaned.png,0,5,0.1690037101507187,0.1240922138094902,0.1440286934375763,0.14761659502983093,0.18006156384944916,0.2351972609758377
test,28_3_content_iykadev_pyalgo_fibo.py_cleaned.png,0,5,0.1621849685907364,0.16349951922893524,0.17865440249443054,0.13599444925785065,0.1768566071987152,0.18281012773513794
test,28_41_content_sweeneyde_IndexedHeap_dijkstra.py_cleaned.png,0,5,0.14521300792694092,0.13092465698719025,0.2029934674501419,0.12745676934719086,0.17327404022216797,0.22013813257217407
test,29_1_content_Chunning-Zhou_MILPBasedSearchAlgorithmDiff_parameter.py_cleaned.png,0,4,0.19271805882453918,0.1642969399690628,0.1373741179704666,0.1427377313375473,0.19570887088775635,0.16716434061527252
test,29_4_content_wazzaarvind_Clustering-Algorithms_reducer.py_cleaned.png,0,2,0.1664365530014038,0.16676798462867737,0.18757286667823792,0.1563432365655899,0.13709180057048798,0.18578755855560303
test,29_50_content_cristend_spam_email_auto_run.py_cleaned.png,0,1,0.16126234829425812,0.1884281039237976,0.15308591723442078,0.16268959641456604,0.17733636498451233,0.1571977436542511
test,29_51_content_UnPolinomio_fibonacci-number_numbers.py_cleaned.png,0,2,0.16095291078090668,0.16299550235271454,0.19961519539356232,0.16847360134124756,0.16781465709209442,0.14014819264411926
test,2_10_content_stensonowen_factorial_bot_fact_bot.py_cleaned.png,0,2,0.1226462572813034,0.16416035592556,0.2466542273759842,0.17782030999660492,0.13134276866912842,0.15737612545490265
test,2_11_content_harishchellappa_Time-Series-Analysis-Bike-Sharing-Demand-Forecasting_forecasting_passes.py_cleaned.png,0,2,0.14173655211925507,0.17951057851314545,0.30456140637397766,0.1481505185365677,0.09143737703561783,0.1346035897731781
test,2_11_content_pprzygodzk_binary_search-prime_numbers_binarysearch.py_cleaned.png,0,3,0.13104385137557983,0.17855986952781677,0.19316336512565613,0.19526296854019165,0.13300475478172302,0.1689651608467102
test,30_18_content_ppke-nlpg_emmorphpy_test.py_cleaned.png,0,0,0.19953535497188568,0.1884649693965912,0.14825843274593353,0.14508433640003204,0.1794644147157669,0.1391925811767578
test,30_1_content_guoliu_London-scikit_LondonScikit.py_cleaned.png,0,2,0.15159444510936737,0.17424000799655914,0.17830568552017212,0.17041327059268951,0.16416135430335999,0.1612851619720459
test,30_30_content_rogerdenisvieira_bidirectional-conditional-insertion-sort_unit_tests.py_cleaned.png,0,5,0.14638520777225494,0.18144366145133972,0.17217062413692474,0.14423927664756775,0.12142618745565414,0.2343350499868393
test,30_3_content_iykadev_pyalgo_hamming_numbers.py_cleaned.png,0,2,0.1638793647289276,0.16987696290016174,0.1810935139656067,0.1623755544424057,0.1566469967365265,0.16612760722637177
test,30_50_content_mrugankray_Hierarchical_Clustering_hierarchichal_clustering.py_cleaned.png,0,3,0.1335200071334839,0.18805916607379913,0.17918714880943298,0.20236936211585999,0.14585503935813904,0.151009202003479
test,31_2_content_laendle1999_NasceUmAEstrela_TipoNo.py_cleaned.png,0,2,0.13995268940925598,0.15542462468147278,0.19547857344150543,0.19495047628879547,0.1441492885351181,0.1700444221496582
test,31_40_content_Charles-Peeke_clinical_variances_sponsor_app.py_cleaned.png,0,1,0.14988526701927185,0.19378696382045746,0.17075735330581665,0.17827369272708893,0.15664227306842804,0.15065447986125946
test,31_47_content_jeshan_lambda-default-dlq_generate-config.py_cleaned.png,0,3,0.15202012658119202,0.17503966391086578,0.1889410763978958,0.21538735926151276,0.13153904676437378,0.13707271218299866
test,31_49_content_lllunaticer_pathFindGUI_Draw.py_cleaned.png,0,2,0.14354108273983002,0.18971456587314606,0.22629165649414062,0.15359066426753998,0.14959056675434113,0.13727150857448578
test,31_4_content_heaven00_cosine_similarities_stream.py_cleaned.png,0,1,0.18009532988071442,0.21035045385360718,0.14802098274230957,0.13915975391864777,0.1783626824617386,0.1440107226371765
test,31_5_content_AdamJacoby_Hopf_Example_CyclicGroup.py_cleaned.png,0,5,0.17541493475437164,0.16282615065574646,0.1611088216304779,0.14669804275035858,0.1707092672586441,0.1832428127527237
test,32_33_content_Howellp80_Algorithms---Merge-Sort-vs-Insertion-Sort_hw1.py_cleaned.png,0,4,0.14243417978286743,0.169432133436203,0.169513538479805,0.15559989213943481,0.18626919388771057,0.176751047372818
test,32_36_content_cyndyishida_QueueQuickSort_linked_queue.py_cleaned.png,0,2,0.15888330340385437,0.17042486369609833,0.17673026025295258,0.17421641945838928,0.16036464273929596,0.1593804508447647
test,32_4_content_Khante_Distance-Vector-Algorithm_simulation_1.py_cleaned.png,0,3,0.16706886887550354,0.1595613807439804,0.14986802637577057,0.21115243434906006,0.1722252070903778,0.1401241570711136
test,32_5_content_AdamJacoby_Hopf_Example_DihedralGroup.py_cleaned.png,0,2,0.1494232416152954,0.21450373530387878,0.21975958347320557,0.12563064694404602,0.12708432972431183,0.16359847784042358
test,32_5_content_Fmccline_Prims-Algorithm_prims_algorithm_demo.py_cleaned.png,0,1,0.16751879453659058,0.193390354514122,0.17090371251106262,0.1617988497018814,0.1594310700893402,0.1469571888446808
test,32_5_content_adityadas8888_Naive-Bayes_naive_bayes.py_cleaned.png,0,0,0.2571678161621094,0.1994801014661789,0.14579367637634277,0.16620267927646637,0.0986308678984642,0.13272489607334137
test,32_61_content_piyush-taneja_Salary-Predictor_Regression_Template.py_cleaned.png,0,4,0.16834454238414764,0.14441785216331482,0.1966475248336792,0.13459046185016632,0.2015008181333542,0.15449877083301544
test,32_78_content_jurrejelle_RSACrack_generate_all_quantum.py_cleaned.png,0,2,0.1308123767375946,0.16669544577598572,0.23330344259738922,0.22312591969966888,0.12240400910377502,0.12365888059139252
test,33_2_content_shreya21rathi_Longest-Common-Subsequence_lcs.py_cleaned.png,0,2,0.17251479625701904,0.1797303855419159,0.19842517375946045,0.1614505499601364,0.17216520011425018,0.11571391671895981
test,33_4_content_nikitaa30_Content-based-Recommender-System_recommender_system.py_cleaned.png,0,2,0.15629783272743225,0.1828317791223526,0.19221234321594238,0.14580543339252472,0.15201899409294128,0.17083358764648438
test,33_61_content_piyush-taneja_Salary-Predictor_Support_Vector_Regression.py_cleaned.png,0,2,0.1386951357126236,0.16893860697746277,0.19394373893737793,0.18783701956272125,0.13238778710365295,0.17819765210151672
test,33_66_content_Talon-Zhang_Naive-Bayes_reader.py_cleaned.png,0,1,0.14465218782424927,0.19962729513645172,0.18649673461914062,0.1516592651605606,0.1559319943189621,0.1616324931383133
test,33_73_content_elados93_AI_Ex1_BFS.py_cleaned.png,0,0,0.22139455378055573,0.13699671626091003,0.17237520217895508,0.09335723519325256,0.21689587831497192,0.15898044407367706
test,34_53_content_KaiFly_Xemina2_DijkstraSP_GraphDrawing.py_cleaned.png,0,2,0.1237071305513382,0.19415155053138733,0.2092375010251999,0.17566266655921936,0.13817276060581207,0.15906837582588196
test,34_63_content_avitabayan_Machine-learning_regression_template.py_cleaned.png,0,4,0.1873294860124588,0.16154424846172333,0.17991073429584503,0.15087822079658508,0.19792316854000092,0.12241415679454803
test,35_30_content_olamofe_primeQuery_primeQuery.py_cleaned.png,0,1,0.13947416841983795,0.2071012258529663,0.17614370584487915,0.17281368374824524,0.1333891749382019,0.17107799649238586
test,35_3_content_pombredanne_string-alignment_LCS.py_cleaned.png,0,1,0.1942196637392044,0.23987255990505219,0.15626469254493713,0.13653022050857544,0.15416553616523743,0.1189473420381546
test,35_48_content_AdityaMalani_Diffie-Hellman-Key_Exchange_diffie.py_cleaned.png,0,1,0.18290235102176666,0.18898670375347137,0.1727549135684967,0.145597904920578,0.16202637553215027,0.1477317214012146
test,35_63_content_avitabayan_Machine-learning_simple_linear_regression.py_cleaned.png,0,2,0.15779612958431244,0.1782168298959732,0.18706746399402618,0.15445882081985474,0.169486403465271,0.15297438204288483
test,36_32_content_Arhacai_ciphers_secret_messages.py_cleaned.png,0,2,0.10744061321020126,0.1830211728811264,0.24078156054019928,0.20135921239852905,0.11334964632987976,0.15404781699180603
test,36_33_content_ilkayDevran_Analysis_of_Sorting_Algorithms_allInOne.py_cleaned.png,0,1,0.14384564757347107,0.20548711717128754,0.1975289285182953,0.1693134605884552,0.1297077238559723,0.15411709249019623
test,36_3_content_mightydeveloper_Deep-Compression-PyTorch_pruning.py_cleaned.png,0,1,0.1428273469209671,0.19312769174575806,0.18427596986293793,0.17803239822387695,0.15049175918102264,0.15124475955963135
test,36_5_content_domodomodomo_binary_search_tree_binary_search_tree.py_cleaned.png,0,2,0.12765930593013763,0.1974981427192688,0.23650553822517395,0.12677985429763794,0.16309891641139984,0.1484583020210266
test,36_61_content_mcsweena_Dijkstras-Algorithm_bidirectional_dijkstra.py_cleaned.png,0,2,0.13862447440624237,0.20399755239486694,0.23219409584999084,0.1831219345331192,0.10559588670730591,0.13646604120731354
test,37_2_content_Yash0day_ElgamalEncryption-using-ECC_Hash.py_cleaned.png,0,4,0.1717229038476944,0.1469707041978836,0.1619640737771988,0.16639450192451477,0.18363921344280243,0.16930870711803436
test,37_2_content_yyqcs_time-series-model_utils.py_cleaned.png,0,4,0.17957879602909088,0.15109427273273468,0.1510046273469925,0.12178842723369598,0.21828992664813995,0.17824390530586243
test,37_40_content_Bonifase_ShoppingList_app_tests.py_cleaned.png,0,3,0.11266254633665085,0.1524716019630432,0.2248670905828476,0.22611203789710999,0.09994382411241531,0.18394291400909424
test,37_76_content_mashfiq10_Naive-Bayes-classification_prob_1.py_cleaned.png,0,1,0.14689043164253235,0.24014316499233246,0.16391244530677795,0.16486197710037231,0.11863067746162415,0.1655612587928772
test,37_7_content_GabrielBortolote_BFS-and-DFS-Tree_BFS.py_cleaned.png,0,4,0.16943751275539398,0.1685706079006195,0.15093787014484406,0.15705962479114532,0.18080894649028778,0.17318545281887054
test,37_85_content_kenil-shah_Description-Based-Person-Identification_config.py_cleaned.png,0,5,0.11644495278596878,0.16354355216026306,0.21344226598739624,0.14420738816261292,0.14682115614414215,0.21554075181484222
test,38_22_content_ABHISHEKVALSAN_Malayalam-Newspaper-Article-Dataset_MalayalamScraping.py_cleaned.png,0,1,0.13809505105018616,0.19656753540039062,0.1661807745695114,0.1778872162103653,0.1531500667333603,0.16811928153038025
test,38_4_content_Askjensen_scikittf-idfNLTK_str_func.py_cleaned.png,0,5,0.15418381989002228,0.13207438588142395,0.17559589445590973,0.15554428100585938,0.1318369060754776,0.2507646381855011
test,38_6_content_greed2411_LCS_try.py_cleaned.png,0,3,0.13783316314220428,0.1448158174753189,0.20583459734916687,0.2240360826253891,0.13552120327949524,0.1519591063261032
test,39_39_content_lorenzo3117_python-sorting-scripts_sortingScript.py_cleaned.png,0,2,0.11279986798763275,0.20243917405605316,0.25287118554115295,0.14522121846675873,0.13769403100013733,0.14897456765174866
test,39_5_content_Schemberizer_Binary-Tree-Compression_tree.py_cleaned.png,0,0,0.1868409365415573,0.13224424421787262,0.17795905470848083,0.16828520596027374,0.17235936224460602,0.16231125593185425
test,39_64_content_YifeiY_Depth-of-BTS_BTS_Depth.py_cleaned.png,0,2,0.13751746714115143,0.17347797751426697,0.21309903264045715,0.19700686633586884,0.132271870970726,0.14662674069404602
test,39_7_content_Aly-Tomato_Prims-and-Kruskals_prims.py_cleaned.png,0,5,0.1639126092195511,0.13887378573417664,0.1769566684961319,0.14449386298656464,0.14704009890556335,0.22872300446033478
test,3_12_content_aabulhaj_SpectralClustering_spectral_clustering.py_cleaned.png,0,1,0.14377543330192566,0.20826442539691925,0.20004986226558685,0.1667444258928299,0.13888314366340637,0.1422826498746872
test,3_2_content_Liu-WeiYi_Private_Preserving_Outlier_Behavior_Detection_Abnormal_Scenario_Generation.py_cleaned.png,0,2,0.1692097783088684,0.1908782720565796,0.19316327571868896,0.15209664404392242,0.1454407423734665,0.14921128749847412
test,3_2_content_imset_Perfect-Numbers_perfNum.py_cleaned.png,0,1,0.16768546402454376,0.17458683252334595,0.17303182184696198,0.1682295799255371,0.1575229912996292,0.15894336998462677
test,40_5_content_scalisesamuel_crypto_p1_Task_1.py_cleaned.png,0,2,0.16445156931877136,0.18335339426994324,0.20168522000312805,0.14206337928771973,0.16611826419830322,0.1423281878232956
test,40_66_content_adamweissert_PythonBinarySearch_BinarySearch.py_cleaned.png,0,1,0.1749870926141739,0.18517763912677765,0.17243275046348572,0.16961908340454102,0.1418939232826233,0.15588952600955963
test,40_7_content_kanthagirish-rit_lcs-project_hlcs.py_cleaned.png,0,3,0.12916094064712524,0.19365811347961426,0.17305494844913483,0.20404860377311707,0.10986006259918213,0.19021737575531006
test,41_41_content_EdmundMartin_Indigestion_ingestion_engine.py_cleaned.png,0,1,0.1521596610546112,0.17567729949951172,0.170005202293396,0.16869249939918518,0.15813703835010529,0.17532826960086823
test,41_59_content_mahmoudhossam_task-queue_db.py_cleaned.png,0,4,0.16400720179080963,0.16545377671718597,0.15922467410564423,0.1581413894891739,0.18737153708934784,0.16580142080783844
test,41_62_content_agvaibhav_Binary-tree_delete-node.py_cleaned.png,0,5,0.14764580130577087,0.14921005070209503,0.15439073741436005,0.1832972764968872,0.16196733713150024,0.2034888118505478
test,41_6_content_gabrielmbmb_aes_crypt.py_cleaned.png,0,1,0.16099236905574799,0.18085981905460358,0.16650044918060303,0.16292685270309448,0.1643095463514328,0.16441091895103455
test,41_6_content_mmcetindag_ShortestPathAlgorithms_dijkstra.py_cleaned.png,0,3,0.17097072303295135,0.1735917031764984,0.17577846348285675,0.1808556467294693,0.1568479686975479,0.14195552468299866
test,41_7_content_Aly-Tomato_Prims-and-Kruskals_main.py_cleaned.png,0,5,0.15125513076782227,0.14838038384914398,0.19178889691829681,0.14845746755599976,0.1656847447156906,0.19443343579769135
test,41_8_content_usmanali414_Destruction-Detection-in-Satellite-Imagery_augmentation.py_cleaned.png,0,5,0.13137923181056976,0.21660564839839935,0.16287286579608917,0.10984522849321365,0.13401302695274353,0.2452840656042099
test,42_3_content_rentseen_ARIMA-forecast_CAVMP.py_cleaned.png,0,1,0.20049546658992767,0.22232545912265778,0.18883784115314484,0.13643509149551392,0.14548873901367188,0.10641738772392273
test,42_43_content_agusmakmun_changewords_tests.py_cleaned.png,0,5,0.13499869406223297,0.15357773005962372,0.19354601204395294,0.14745669066905975,0.12148726731538773,0.2489336133003235
test,42_5_content_edison12a_bmrs-json-api_test_bmrs.py_cleaned.png,0,4,0.16528265178203583,0.13703149557113647,0.12780319154262543,0.09627661854028702,0.2509235739707947,0.22268244624137878
test,42_6_content_gionanide_Cryptography_Crack_zip_files.py_cleaned.png,0,2,0.11398467421531677,0.14169789850711823,0.24779196083545685,0.15174992382526398,0.10374709963798523,0.24102845788002014
test,42_7_content_syedshameersarwar_DocumentSimilarityChecker_pdfReader.py_cleaned.png,0,2,0.13966920971870422,0.15582099556922913,0.20439475774765015,0.15363293886184692,0.15837259590625763,0.18810950219631195
test,42_8_content_Mkarami3_Pattern_recognition_dynamic_PCA_ICA_DPCA.py_cleaned.png,0,1,0.1584472954273224,0.2451300173997879,0.17780046164989471,0.13911594450473785,0.16394692659378052,0.11555942893028259
test,42_91_content_MerliX_async-factorial_server.py_cleaned.png,0,3,0.15071935951709747,0.17425893247127533,0.17030464112758636,0.19338393211364746,0.1689465045928955,0.14238664507865906
test,43_3_content_iykadev_pyalgo_stable_marriage.py_cleaned.png,0,0,0.2724960744380951,0.21756398677825928,0.19981668889522552,0.04911324381828308,0.0986357033252716,0.162374347448349
test,43_4_content_AcrobatAHA_Linear-Search-_Linear_search.py_cleaned.png,0,2,0.14716745913028717,0.17466534674167633,0.20171555876731873,0.14697083830833435,0.14329327642917633,0.18618741631507874
test,43_81_content_kiranathealea_regressionMachineLearning_Models.py_cleaned.png,0,5,0.19316227734088898,0.10148652642965317,0.17081092298030853,0.13345834612846375,0.17760713398456573,0.22347477078437805
test,43_93_content_EricElmoznino_rsa_emd_data_processing.py_cleaned.png,0,2,0.15951460599899292,0.1899794489145279,0.23582357168197632,0.1193510964512825,0.13626830279827118,0.1590629369020462
test,44_75_content_mcsteve-e_project-4_4.01.py_cleaned.png,0,1,0.13487368822097778,0.18933504819869995,0.18146483600139618,0.17539945244789124,0.16739459335803986,0.1515323519706726
test,44_76_content_shivgarg_twitter-sentiment_test.py_cleaned.png,0,2,0.1285312920808792,0.18219448626041412,0.216353639960289,0.18984805047512054,0.11316028237342834,0.1699122190475464
test,44_79_content_lorenzo3117_python-sorting-scripts_sortingScript.py_cleaned.png,0,2,0.09206026047468185,0.1904834657907486,0.2488843947649002,0.19808247685432434,0.12546303868293762,0.145026296377182
test,44_8_content_FelixHuangX_Naive-Bayes-for-Text-Classification_Naivebayes_train.py_cleaned.png,0,1,0.15773674845695496,0.20155632495880127,0.16056446731090546,0.13805526494979858,0.17159907519817352,0.1704881638288498
test,45_7_content_GauthamBT_Bellman-Ford-Algorithm_DirectedGraphClass.py_cleaned.png,0,5,0.1514536738395691,0.15368613600730896,0.19439105689525604,0.13101810216903687,0.16368083655834198,0.20577020943164825
test,45_7_content_j2kun_binary-search-graphs_dijkstra.py_cleaned.png,0,5,0.19713206589221954,0.15534675121307373,0.1199437826871872,0.14456972479820251,0.16480587422847748,0.21820186078548431
test,46_25_content_aajanki_finnish-pos-accuracy_print_errors.py_cleaned.png,0,2,0.12711401283740997,0.17519405484199524,0.2519178092479706,0.1673973947763443,0.15096017718315125,0.12741658091545105
test,46_7_content_wallacelab_paper-maize-rhizosphere-2017_1b_PlotHeritabilities.py_cleaned.png,0,2,0.1299247145652771,0.19062963128089905,0.19812552630901337,0.15265043079853058,0.1699281632900238,0.15874148905277252
test,46_88_content_NoFishLikeIan_Dijkstra_currency_currency_api.py_cleaned.png,0,2,0.11682470887899399,0.2206246703863144,0.2282475382089615,0.18708714842796326,0.1291683167219162,0.11804760992527008
test,47_78_content_CalebABG_PyLSecureP2P_p2putils.py_cleaned.png,0,1,0.1271986961364746,0.31309524178504944,0.22068707644939423,0.13130776584148407,0.08716776221990585,0.1205434501171112
test,47_7_content_Sbrown4321_Assignment_2_Assignment2.py_cleaned.png,0,2,0.1682710200548172,0.2033633440732956,0.2118699550628662,0.11932946741580963,0.096634641289711,0.20053158700466156
test,47_7_content_jakobpederson_divisible_pair_sums_test_divisible_pair_sums.py_cleaned.png,0,0,0.32173454761505127,0.1218130812048912,0.23291100561618805,0.1125384196639061,0.06343287974596024,0.14757007360458374
test,47_91_content_mahsarazavi_Text-Classification_naivebayes.py_cleaned.png,0,1,0.1336073875427246,0.30006006360054016,0.16829967498779297,0.10646039992570877,0.14063365757465363,0.15093883872032166
test,48_7_content_AastroLePetitRobot_Huffman-Coding_Huffman.py_cleaned.png,0,2,0.15117400884628296,0.1659940928220749,0.19329333305358887,0.17509149014949799,0.16627725958824158,0.14816981554031372
test,48_97_content_DanialBeg_RSA-Decryption-CS111_decryption.py_cleaned.png,0,5,0.17515458166599274,0.1414499282836914,0.1802288144826889,0.16019350290298462,0.10274099558591843,0.24023224413394928
test,49_25_content_OlaRonning_ah16_corenlp_gen_dep_lemma.py_cleaned.png,0,0,0.1926102638244629,0.19208349287509918,0.174042746424675,0.17411570250988007,0.13376514613628387,0.1333826631307602
test,49_7_content_bclark2_Unordered-Linear-Search_linearSearch.py_cleaned.png,0,2,0.14720164239406586,0.18059447407722473,0.19296473264694214,0.15038490295410156,0.15319041907787323,0.17566372454166412
test,49_81_content_Saiteja-Reddy_Basic-SFTP_caesar_cipher.py_cleaned.png,0,3,0.1590447872877121,0.1833059936761856,0.1733139157295227,0.19254015386104584,0.15521536767482758,0.13657982647418976
test,49_92_content_FranzScheerer_DES_x4.py_cleaned.png,0,0,0.32781127095222473,0.21873407065868378,0.10574719309806824,0.09832782298326492,0.14914457499980927,0.1002350002527237
test,49_95_content_ravularohit_sms-spam-detection_spam_detection.py_cleaned.png,0,1,0.11051610857248306,0.2628072500228882,0.18338537216186523,0.167306050658226,0.12922872602939606,0.14675644040107727
test,49_99_content_utkarshpaliwal9_Predicting-apt-Linear-Regression-Degree_model2.py_cleaned.png,0,2,0.10358942300081253,0.18892240524291992,0.25423040986061096,0.19844086468219757,0.09596415609121323,0.15885278582572937
test,4_10_content_mahimagupta_NLP-Research-Project-_test2.py_cleaned.png,0,1,0.17596901953220367,0.33892035484313965,0.11020289361476898,0.08146464824676514,0.11414109915494919,0.17930200695991516
test,4_11_content_Meghali-Nandi_DNA-PATTERN-MATCHER_dna_matching.py_cleaned.png,0,5,0.13641373813152313,0.1538172960281372,0.177077054977417,0.16295786201953888,0.15729449689388275,0.21243947744369507
test,4_12_content_kevinyang372_San-Francisco-crime-data-analysis_datasource.py_cleaned.png,0,0,0.2475157082080841,0.12076712399721146,0.11638011038303375,0.08004225790500641,0.21089504659175873,0.22439970076084137
test,4_13_content_alu0100821390_diffie-hellman_diffie-hellman.py_cleaned.png,0,1,0.17119333148002625,0.22090885043144226,0.19501057267189026,0.13199155032634735,0.13063517212867737,0.15026047825813293
test,4_13_content_fangzhengzhu_minst-knn_imgReader.py_cleaned.png,0,3,0.12875185906887054,0.14972497522830963,0.14718341827392578,0.22473742067813873,0.17160141468048096,0.1780010163784027
test,4_13_content_isabellavieira57_dijkstra-fractionalKnapsack-polynomialMultiplication_question2a.py_cleaned.png,0,2,0.14938461780548096,0.20931486785411835,0.2211466133594513,0.1330469846725464,0.13737280666828156,0.14973407983779907
test,50_26_content_Nofenigma_lt_lemma_prefixes_check_lt_prefixed_lemmas.py_cleaned.png,0,2,0.1717674434185028,0.17373132705688477,0.18978579342365265,0.1595507562160492,0.15750524401664734,0.14765945076942444
test,50_7_content_DMHarish_Linear_search_LinearSearch.py_cleaned.png,0,2,0.14711913466453552,0.1709848791360855,0.23696576058864594,0.1488104611635208,0.1422034054994583,0.1539163440465927
test,50_7_content_TongTongX_HuffmanCompressor_huffman.py_cleaned.png,0,2,0.13421733677387238,0.14201198518276215,0.20570582151412964,0.17306865751743317,0.15487413108348846,0.19012199342250824
test,50_8_content_leocarr_smallestmultiple_smallestmult.py_cleaned.png,0,1,0.16240395605564117,0.19679145514965057,0.18833768367767334,0.1469012349843979,0.1496429145336151,0.1559227705001831
test,50_93_content_KordingLab_hilbert-constrained-gradient-descent_utils.py_cleaned.png,0,2,0.121907077729702,0.20161782205104828,0.22354082763195038,0.18281996250152588,0.12820136547088623,0.14191299676895142
test,50_9_content_krj9cr_Hybrid-Prim-Dijkstra-GUI_Node.py_cleaned.png,0,4,0.1554945707321167,0.16159427165985107,0.15812285244464874,0.14543956518173218,0.1936526596546173,0.1856960952281952
test,50_9_content_muchlisinadi_ALPR-Indonesia_GenData.py_cleaned.png,0,0,0.5523790717124939,0.0723215639591217,0.08531656861305237,0.07085724174976349,0.08023292571306229,0.13889259099960327
test,51_49_content_S-GH_WebtoonReply_Scraping-and-Sentiment_Analysis_2._Preprocess.py_cleaned.png,0,2,0.16243767738342285,0.1557341367006302,0.251644492149353,0.15164457261562347,0.1363590955734253,0.14217999577522278
test,5_17_content_Selentiym_bigHWonOrderedSets_hw3.py_cleaned.png,0,2,0.12796935439109802,0.19937220215797424,0.2312168926000595,0.12409212440252304,0.1329289674758911,0.1844203770160675
test,5_17_content_kwikadi_BFS-v-DFS_dfs.py_cleaned.png,0,2,0.1778205782175064,0.1604931801557541,0.18859709799289703,0.15545041859149933,0.16434034705162048,0.15329840779304504
test,5_1_content_zsra_RSA_keygen_prime.py_cleaned.png,0,3,0.14803221821784973,0.18275918066501617,0.17150112986564636,0.18478792905807495,0.15402860939502716,0.15889093279838562
test,6_15_content_VakinduPhilliam_Pattern_Matching_Python_Difflib_Pattern_Matching_CL_Interface.py_cleaned.png,0,2,0.12715637683868408,0.18053238093852997,0.2163204401731491,0.1979968547821045,0.12342458218336105,0.15456938743591309
test,6_16_content_aplested_verify_PlotParam.py_cleaned.png,0,1,0.13813622295856476,0.2160356193780899,0.17507193982601166,0.13966378569602966,0.15890657901763916,0.17218585312366486
test,6_16_content_drdeford_KruskalFlows_networkflows2.py_cleaned.png,0,0,0.2785418927669525,0.22024813294410706,0.10212920606136322,0.13392405211925507,0.174270361661911,0.09088636934757233
test,7_13_content_frederikpietzko_fun_with_python_gdc_euclidian_algorithm.py_cleaned.png,0,5,0.15571272373199463,0.12926411628723145,0.1751805543899536,0.12277376651763916,0.20021119713783264,0.21685771644115448
test,7_14_content_lucascamposj_huffman-coding_huffman_decode.py_cleaned.png,0,1,0.19085925817489624,0.2323625534772873,0.1453501135110855,0.1632976233959198,0.14942213892936707,0.11870827525854111
test,8_14_content_atakanipekci_QuickSortLomutoAndHoare_quickSortsComp.py_cleaned.png,0,3,0.12258849292993546,0.18039719760417938,0.19649608433246613,0.2036803811788559,0.1414080411195755,0.15542981028556824
test,8_16_content_mor3dr3ad_gcdRecur_gdcRecur.py_cleaned.png,0,5,0.10906355828046799,0.10771867632865906,0.1290072351694107,0.09885915368795395,0.2114078551530838,0.3439434766769409
test,8_17_content_skvorekn_arima_model.py_cleaned.png,0,0,0.33361995220184326,0.1579234004020691,0.052710920572280884,0.10988380759954453,0.26536092162132263,0.0805010050535202
test,8_1_content_nikitaa30_Content-based-Recommender-System_recommender_system.py_cleaned.png,0,1,0.12686395645141602,0.24291229248046875,0.18205466866493225,0.15016232430934906,0.1504797786474228,0.14752694964408875
test,8_21_content_p-kim1_Image-Segmentation-with-K-means_kmeans.py_cleaned.png,0,1,0.20273225009441376,0.275870680809021,0.20007464289665222,0.09220216423273087,0.12459682673215866,0.10452348738908768
test,9_11_content_kirokuan_Idf-tf-DocCompare_PorterStemmer.py_cleaned.png,0,0,0.4470341205596924,0.26736345887184143,0.04319235682487488,0.04767594113945961,0.12096837162971497,0.07376565784215927
test,9_16_content_sharatchandraj_MaxBandwidthPath_HeapSortForKruskals.py_cleaned.png,0,4,0.2062019258737564,0.10171367228031158,0.15292061865329742,0.13769540190696716,0.21109028160572052,0.19037802517414093
test,9_1_content_mattjj_pyhsmm-factorial_util.py_cleaned.png,0,5,0.16618186235427856,0.13783881068229675,0.1828087866306305,0.14773871004581451,0.18090848624706268,0.1845233291387558
test,9_21_content_rahul494_Mental-Health-On-Twitter-Analysis_relevant_tweet_filter.py_cleaned.png,0,2,0.14290422201156616,0.20436114072799683,0.20798298716545105,0.15669503808021545,0.1274293065071106,0.16062720119953156
test,9_3_content_cdr6934_eSMA_ExpSMA.py_cleaned.png,0,2,0.10625019669532776,0.20487073063850403,0.20740418136119843,0.2040783017873764,0.12257152050733566,0.15482506155967712
test,100_v1_7_content_DMHarish_Linear_search_LinearSearch.py_cleaned.png,1,2,0.14735865592956543,0.17094923555850983,0.17766287922859192,0.17390769720077515,0.15725211799144745,0.17286936938762665
test,100_v1_8_content_leocarr_smallestmultiple_smallestmult.py_cleaned.png,1,4,0.15014594793319702,0.14657320082187653,0.187886044383049,0.13941791653633118,0.19100607931613922,0.18497079610824585
test,100_v1_93_content_KordingLab_hilbert-constrained-gradient-descent_utils.py_cleaned.png,1,3,0.18072551488876343,0.15723145008087158,0.12112392485141754,0.18995894491672516,0.17786277830600739,0.1730974018573761
test,100_v1_9_content_krj9cr_Hybrid-Prim-Dijkstra-GUI_Node.py_cleaned.png,1,5,0.14112146198749542,0.15192875266075134,0.19383089244365692,0.15591739118099213,0.14801031351089478,0.20919108390808105
test,100_v1_9_content_ttm62_customized_RAKE_RAKE.py_cleaned.png,1,0,0.32882505655288696,0.12438249588012695,0.10017953813076019,0.1795644313097,0.1278827041387558,0.13916577398777008
test,110_v1_16_content_helloiamivan_crypto-quant_main.py_cleaned.png,1,2,0.15839122235774994,0.17199775576591492,0.21505418419837952,0.1899694800376892,0.14978495240211487,0.11480243504047394
test,149_v1_49_content_S-GH_WebtoonReply_Scraping-and-Sentiment_Analysis_2._Preprocess.py_cleaned.png,1,2,0.12039322406053543,0.22291631996631622,0.2395925372838974,0.1383908987045288,0.13214266300201416,0.146564319729805
test,17_v1_1_content_vuolleko_pyTSNE_data.py_cleaned.png,1,5,0.174333855509758,0.16952888667583466,0.1645602136850357,0.13689811527729034,0.17414379119873047,0.1805352121591568
test,18_v1_11_content_harishchellappa_Time-Series-Analysis-Bike-Sharing-Demand-Forecasting_forecasting_2.py_cleaned.png,1,1,0.23444335162639618,0.2346697449684143,0.17846600711345673,0.11125941574573517,0.1331348568201065,0.10802660882472992
test,18_v1_1_content_vuolleko_pyTSNE_test_tsne_mnist.py_cleaned.png,1,4,0.16891266405582428,0.1590709090232849,0.1688765287399292,0.15192055702209473,0.17593301832675934,0.17528632283210754
test,198_v1_9_content_chaseycodes_StockX-Scraper_3-image_downloader.py_cleaned.png,1,2,0.14732134342193604,0.17822305858135223,0.180631622672081,0.17136737704277039,0.15543398261070251,0.16702255606651306
test,19_v1_11_content_harishchellappa_Time-Series-Analysis-Bike-Sharing-Demand-Forecasting_forecasting_passes.py_cleaned.png,1,1,0.1587524712085724,0.20045973360538483,0.1809718757867813,0.1739199459552765,0.1570904403924942,0.12880557775497437
test,21_v1_1_content_amazingspain_ExponentialSmoothing_finalWorldQuant.py_cleaned.png,1,2,0.1401650607585907,0.17352834343910217,0.19610266387462616,0.18658547103405,0.14170905947685242,0.16190944612026215
test,22_v1_2_content_Liu-WeiYi_Private_Preserving_Outlier_Behavior_Detection_Abnormal_Scenario_Generation.py_cleaned.png,1,1,0.1699017733335495,0.2310037910938263,0.17682325839996338,0.14573606848716736,0.16031239926815033,0.11622273921966553
test,26_v1_3_content_cdr6934_eSMA_ExpSMA.py_cleaned.png,1,3,0.1536792516708374,0.16813313961029053,0.18344292044639587,0.18479113280773163,0.1629793792963028,0.14697420597076416
test,28_v1_6_content_hungph-dev-ict_simple-exponential-smoothing_main.py_cleaned.png,1,1,0.1618313193321228,0.2780889570713043,0.16402427852153778,0.1266889125108719,0.09489364176988602,0.174472838640213
test,30_v1_2_content_Rohit967_Outlier-Analysis-With-Python_OutlierAnalysis.py_cleaned.png,1,1,0.17105787992477417,0.19401708245277405,0.1720729023218155,0.17619557678699493,0.16349634528160095,0.12316019833087921
test,34_v1_4_content_mrimahajan_advanced_analysis_package___init__.py_cleaned.png,1,1,0.14963890612125397,0.17736397683620453,0.16269734501838684,0.17045681178569794,0.1701192706823349,0.16972364485263824
test,49_v1_14_content_MGhousSarwar_Algorithm-Analysis_Script.py_cleaned.png,1,2,0.13872112333774567,0.19287796318531036,0.19588609039783478,0.1658036708831787,0.15230363607406616,0.15440750122070312
test,50_v1_10_content_circulosmeos_haveibeenpwned-binary_pwned-pass-binary-fast.py_cleaned.png,1,1,0.1371687650680542,0.22097386419773102,0.17920564115047455,0.16455374658107758,0.15876950323581696,0.1393284797668457
test,51_v1_100_content_cem8301_DataCleaningForInformedPurchases_middlewares.py_cleaned.png,1,3,0.10690762847661972,0.17736278474330902,0.2045411616563797,0.21387620270252228,0.13055726885795593,0.16675490140914917
test,51_v1_10_content_Bala96_Recursive-Func_nestedeaser.py_cleaned.png,1,5,0.16056467592716217,0.16706225275993347,0.18061743676662445,0.12778881192207336,0.13755162060260773,0.22641518712043762
test,51_v1_10_content_analyticsbot_document-similarity_document_similarity_nlevenstein.py_cleaned.png,1,1,0.15027539432048798,0.19160398840904236,0.1912320852279663,0.17099997401237488,0.14780931174755096,0.14807923138141632
test,51_v1_10_content_iJohnMaged_Huffman-Coding_fileIO.py_cleaned.png,1,3,0.1734326034784317,0.1723247766494751,0.1600761115550995,0.1887911558151245,0.1681545078754425,0.1372208297252655
test,51_v1_10_content_tjazerzen_a_star_algorithm_helper_functions.py_cleaned.png,1,2,0.1930040568113327,0.13300466537475586,0.21065133810043335,0.14109641313552856,0.14152507483959198,0.18071849644184113
test,52_v1_ 1_content_sadnessFree_arima-lstm_arima-order.py_cleaned.png,1,2,0.15871034562587738,0.13424091041088104,0.19546543061733246,0.17899680137634277,0.15363076329231262,0.17895570397377014
test,52_v1_10_content_stensonowen_factorial_bot_fact_bot.py_cleaned.png,1,1,0.1450539082288742,0.22880010306835175,0.21114543080329895,0.15461017191410065,0.08994068205356598,0.17044976353645325
test,52_v1_11_content_pprzygodzk_binary_search-prime_numbers_binarysearch.py_cleaned.png,1,2,0.17237631976604462,0.15842515230178833,0.19865946471691132,0.16754096746444702,0.16681911051273346,0.13617902994155884
test,52_v1_13_content_odiliohafidh_Pencarian-Rumahsakit-Terdekat-dengan-metode-dfs-dan-bfs-python-_cari_rumsakit.py_cleaned.png,1,0,0.23308202624320984,0.12722744047641754,0.14817525446414948,0.15298175811767578,0.15623539686203003,0.18229816854000092
test,53_v1_11_content_Meghali-Nandi_DNA-PATTERN-MATCHER_dna_matching.py_cleaned.png,1,1,0.1404196321964264,0.21733660995960236,0.1877562701702118,0.16789378225803375,0.14729547500610352,0.1392982006072998
test,53_v1_12_content_aabulhaj_SpectralClustering_spectral_clustering.py_cleaned.png,1,5,0.1494143158197403,0.16822469234466553,0.16426777839660645,0.13641369342803955,0.1701813042163849,0.2114982008934021
test,53_v1_14_content_udwivedi394_binaryTree_ksumPath.py_cleaned.png,1,2,0.1572234034538269,0.16484703123569489,0.19288569688796997,0.14356651902198792,0.1644502729177475,0.17702703177928925
test,53_v1_16_content_Deus1223_Pac-Man_ghostAgents.py_cleaned.png,1,1,0.16931623220443726,0.19609300792217255,0.1676027625799179,0.1405913531780243,0.18179215490818024,0.14460448920726776
test,53_v1_1_content_smbanaie_floyd-warshall-python_Main.py_cleaned.png,1,2,0.13642458617687225,0.16932986676692963,0.1910243034362793,0.17706811428070068,0.15779156982898712,0.16836166381835938
test,53_v1_2_content_imset_Perfect-Numbers_perfNum.py_cleaned.png,1,2,0.14166896045207977,0.19776126742362976,0.2002943605184555,0.13713465631008148,0.14076367020606995,0.18237705528736115
test,54_v1_10_content_mahimagupta_NLP-Research-Project-_test2.py_cleaned.png,1,1,0.16966012120246887,0.20463332533836365,0.1559823453426361,0.16076073050498962,0.13608156144618988,0.17288197576999664
test,54_v1_11_content_rburkholder_debconf-get-selections-sort_seed.sort.py_cleaned.png,1,2,0.18186697363853455,0.1885703206062317,0.21455900371074677,0.13683362305164337,0.15641993284225464,0.12175019830465317
test,54_v1_11_content_reo11_aes-for-japanese-learner_predict_with_bert.py_cleaned.png,1,2,0.17467714846134186,0.17974406480789185,0.18028268218040466,0.15318036079406738,0.14300793409347534,0.16910777986049652
test,54_v1_13_content_alu0100821390_diffie-hellman_diffie-hellman.py_cleaned.png,1,1,0.14543505012989044,0.22223301231861115,0.20336435735225677,0.15150810778141022,0.10275175422430038,0.17470768094062805
test,54_v1_13_content_fangzhengzhu_minst-knn_imgReader.py_cleaned.png,1,3,0.1658073514699936,0.14475680887699127,0.17512471973896027,0.21317221224308014,0.11952216178178787,0.18161679804325104
test,54_v1_13_content_isabellavieira57_dijkstra-fractionalKnapsack-polynomialMultiplication_question2a.py_cleaned.png,1,1,0.17513424158096313,0.18092381954193115,0.17783378064632416,0.14864513278007507,0.16286364197731018,0.15459942817687988
test,54_v1_17_content_Selentiym_bigHWonOrderedSets_hw3.py_cleaned.png,1,2,0.16950935125350952,0.1722019761800766,0.18414093554019928,0.14591363072395325,0.15784284472465515,0.17039120197296143
test,55_v1_12_content_Subhamacademia_Efficient-way-to-Check-the-Divisibility-of-a-Number-by-Three_ex0.py_cleaned.png,1,0,0.18068267405033112,0.1595596969127655,0.17476786673069,0.1670537143945694,0.16691720485687256,0.15101881325244904
test,55_v1_15_content_VakinduPhilliam_Pattern_Matching_Python_Difflib_Pattern_Matching_CL_Interface.py_cleaned.png,1,2,0.15084145963191986,0.17475152015686035,0.19442185759544373,0.1475682407617569,0.13818411529064178,0.19423285126686096
test,55_v1_17_content_davidbhan_IntelligentPatents_NLP_functions.py_cleaned.png,1,1,0.16497567296028137,0.2040131539106369,0.1650000661611557,0.13208606839179993,0.18208639323711395,0.15183863043785095
test,55_v1_17_content_kwikadi_BFS-v-DFS_dfs.py_cleaned.png,1,0,0.2096313089132309,0.14037801325321198,0.17345565557479858,0.153898686170578,0.16008710861206055,0.1625491976737976
test,55_v1_1_content_zsra_RSA_keygen_prime.py_cleaned.png,1,1,0.16336002945899963,0.1793084740638733,0.17407068610191345,0.17401166260242462,0.15641449391841888,0.15283465385437012
test,56_v1_12_content_kevinyang372_San-Francisco-crime-data-analysis_datasource.py_cleaned.png,1,1,0.184457466006279,0.20169736444950104,0.11680753529071808,0.10198846459388733,0.20061658322811127,0.1944325864315033
test,56_v1_15_content_Areege_Binary-and-Trinary-Search-Trees_SourceCode.py_cleaned.png,1,3,0.14225877821445465,0.17043550312519073,0.17669661343097687,0.19821904599666595,0.1429687738418579,0.16942131519317627
test,56_v1_16_content_aplested_verify_PlotParam.py_cleaned.png,1,5,0.13129933178424835,0.19000476598739624,0.1742723435163498,0.15443317592144012,0.15249532461166382,0.1974949687719345
test,56_v1_16_content_drdeford_KruskalFlows_networkflows2.py_cleaned.png,1,0,0.2862321734428406,0.2861582934856415,0.11753811687231064,0.07549086213111877,0.12602266669273376,0.10855790227651596
test,56_v1_23_content_ymohanty_data-analysis_analysis.py_cleaned.png,1,1,0.17724502086639404,0.19392706453800201,0.19294600188732147,0.15424300730228424,0.1433602273464203,0.13827872276306152
test,57_v1_13_content_frederikpietzko_fun_with_python_gdc_euclidian_algorithm.py_cleaned.png,1,2,0.17058788239955902,0.1735638976097107,0.1857750117778778,0.16116873919963837,0.13080519437789917,0.17809927463531494
test,57_v1_14_content_lucascamposj_huffman-coding_huffman_decode.py_cleaned.png,1,2,0.14892636239528656,0.18055422604084015,0.1809908002614975,0.16318292915821075,0.14567139744758606,0.1806742399930954
test,57_v1_1_content_akhilesh1311_MazeSolver_hard_maze.py_cleaned.png,1,2,0.14167657494544983,0.19455158710479736,0.19613945484161377,0.18582488596439362,0.1308223009109497,0.1509852260351181
test,57_v1_1_content_nikitaa30_Content-based-Recommender-System_recommender_system.py_cleaned.png,1,2,0.13386914134025574,0.1783483475446701,0.20866115391254425,0.16295316815376282,0.14677488803863525,0.16939328610897064
test,58_v1_14_content_Robo-Sapien_Maze-Perilous-Real-Time-Implemention-of-Dijkstra-Algorithm_pixel_values.py_cleaned.png,1,1,0.1541931927204132,0.19475281238555908,0.15058276057243347,0.14357365667819977,0.18462319672107697,0.1722743809223175
test,58_v1_14_content_atakanipekci_QuickSortLomutoAndHoare_quickSortsComp.py_cleaned.png,1,2,0.11178221553564072,0.15518590807914734,0.19854404032230377,0.1857198178768158,0.18604537844657898,0.162722647190094
test,58_v1_16_content_mor3dr3ad_gcdRecur_gdcRecur.py_cleaned.png,1,2,0.10772309452295303,0.17411930859088898,0.20945586264133453,0.15582095086574554,0.1516839861869812,0.20119675993919373
test,58_v1_21_content_p-kim1_Image-Segmentation-with-K-means_kmeans.py_cleaned.png,1,1,0.1330520063638687,0.25329017639160156,0.1807151585817337,0.1443679928779602,0.10220056027173996,0.18637412786483765
test,58_v1_21_content_rahul494_Mental-Health-On-Twitter-Analysis_relevant_tweet_filter.py_cleaned.png,1,2,0.14582209289073944,0.19344229996204376,0.22395268082618713,0.157643124461174,0.14058148860931396,0.1385582685470581
test,59_v1_11_content_kirokuan_Idf-tf-DocCompare_PorterStemmer.py_cleaned.png,1,1,0.20173436403274536,0.23540045320987701,0.14251968264579773,0.10397825390100479,0.15692473948001862,0.1594424992799759
test,59_v1_16_content_sharatchandraj_MaxBandwidthPath_HeapSortForKruskals.py_cleaned.png,1,5,0.14270980656147003,0.17070238292217255,0.15980078279972076,0.17036490142345428,0.16656550765037537,0.189856618642807
test,59_v1_19_content_vickyabi_singly-linked-list_singly_linked_list.py_cleaned.png,1,2,0.13448169827461243,0.15560272336006165,0.26852017641067505,0.16689759492874146,0.11293451488018036,0.16156326234340668
test,59_v1_1_content_jdmcpeek_pretty-print-binary-tree_tree.py_cleaned.png,1,1,0.15891772508621216,0.23618347942829132,0.18290987610816956,0.14273735880851746,0.11030193418264389,0.16894958913326263
test,59_v1_1_content_mattjj_pyhsmm-factorial_util.py_cleaned.png,1,4,0.16754847764968872,0.1638832539319992,0.17452356219291687,0.1486867070198059,0.17866985499858856,0.1666882038116455
test,60_v1_17_content_skvorekn_arima_model.py_cleaned.png,1,0,0.23502711951732635,0.22872288525104523,0.09965254366397858,0.09607288986444473,0.23175108432769775,0.10877341032028198
test,60_v1_19_content_AlbCalv_kruskal-algorithm_Kruskal.py_cleaned.png,1,2,0.1570051908493042,0.19338054955005646,0.21090830862522125,0.18239064514636993,0.13577747344970703,0.12053786963224411
test,60_v1_1_content_dedeco_dijkstra-bellman-ford_vertice.py_cleaned.png,1,5,0.15213142335414886,0.170501708984375,0.1730344593524933,0.18383046984672546,0.12766408920288086,0.1928378790616989
test,60_v1_24_content_SajjadAemmi_Text-Summarization_main.py_cleaned.png,1,2,0.11384136974811554,0.19151368737220764,0.2818393111228943,0.14407934248447418,0.12320917099714279,0.14551706612110138
test,60_v1_25_content_SaadatRizvi_Movie-Recommendation-System_collaborative-filtering.py_cleaned.png,1,2,0.13084791600704193,0.19195830821990967,0.2030610591173172,0.1646428257226944,0.14698511362075806,0.16250474750995636
test,60_v1_5_content_Abdallah-Elshamy_floyd-warshall_APSP-Floyd_Warshall.py_cleaned.png,1,2,0.1368083357810974,0.19779010117053986,0.20000816881656647,0.15615522861480713,0.16327178478240967,0.14596644043922424
test,61_v1_11_content_sichen-x_search-engine_myhtable_search.py_cleaned.png,1,3,0.18021520972251892,0.13274887204170227,0.16918526589870453,0.18576622009277344,0.16193075478076935,0.1701536476612091
test,61_v1_1_content_colettebedoya_primsAndKruskal_DisjointSet.py_cleaned.png,1,1,0.15339572727680206,0.1992003321647644,0.18524698913097382,0.14661425352096558,0.15123888850212097,0.16430377960205078
test,61_v1_24_content_cagrias_django-rabbitmq-celery-docker-example_manage.py_cleaned.png,1,2,0.13136360049247742,0.15763050317764282,0.24497178196907043,0.13848787546157837,0.14217984676361084,0.18536634743213654
test,62_v1_16_content_SemyonMakhaev_elliptic-curve_main.py_cleaned.png,1,2,0.1006346270442009,0.18525758385658264,0.23366707563400269,0.22647954523563385,0.12178591638803482,0.13217519223690033
test,62_v1_16_content_johnllanos_selection_sort.py_selection_sort.py_cleaned.png,1,5,0.13147054612636566,0.19231711328029633,0.16551236808300018,0.10461807996034622,0.19999133050441742,0.2060905545949936
test,62_v1_1_content_MarcoForte_knn-matting_knn_matting.py_cleaned.png,1,1,0.1562708169221878,0.24301326274871826,0.18903201818466187,0.12847602367401123,0.1393282562494278,0.14387963712215424
test,62_v1_25_content_unifiprojects_TemporalGraphs_DFS-v1.py_cleaned.png,1,2,0.16339604556560516,0.17172512412071228,0.18670101463794708,0.12241881340742111,0.18018783628940582,0.17557118833065033
test,63_v1_12_content_ianscottknight_Predicting-Myers-Briggs-Type-Indicator-with-Recurrent-Neural-Networks_make_training_set.py_cleaned.png,1,5,0.14428091049194336,0.17540915310382843,0.19199635088443756,0.14593300223350525,0.14434488117694855,0.19803576171398163
test,63_v1_15_content_Dhruv-Panchal_AES_socket_GUI_decryptor.py_cleaned.png,1,1,0.12839734554290771,0.21416276693344116,0.18599720299243927,0.16809909045696259,0.1412360668182373,0.16210760176181793
test,63_v1_19_content_frankiekienlam_Fibonacci_Pyramids_test_pset.py_cleaned.png,1,2,0.14416101574897766,0.21015974879264832,0.24805068969726562,0.16572770476341248,0.12446542084217072,0.10743539035320282
test,63_v1_1_content_aviralmathur_Word2Vec_SKU_Desc.py_cleaned.png,1,2,0.1417059600353241,0.1821848750114441,0.19003577530384064,0.14447860419750214,0.18587923049926758,0.15571551024913788
test,63_v1_23_content_xaviergoby_ConvLSTM-Computer-Vision-for-Structural-Health-Monitoring-SHM-and-NonDestructive-Testing-NDT_settings.py_cleaned.png,1,2,0.11240866035223007,0.17203305661678314,0.2512316107749939,0.15961691737174988,0.14282429218292236,0.16188551485538483
test,63_v1_28_content_Jvictor97_YellowFever_randDate.py_cleaned.png,1,5,0.1438092291355133,0.1669483333826065,0.16894108057022095,0.10422282665967941,0.18159069120883942,0.23448780179023743
test,63_v1_29_content_zcogley_Bubble-Sort_bubble_sort.py_cleaned.png,1,5,0.15052209794521332,0.14567522704601288,0.1521081179380417,0.173254132270813,0.18594425916671753,0.1924961507320404
test,63_v1_3_content_iykadev_pyalgo_binarySearch.py_cleaned.png,1,2,0.18014532327651978,0.16039995849132538,0.2146749645471573,0.13775499165058136,0.172620490193367,0.1344042718410492
test,64_v1_1_content_colettebedoya_primsAndKruskal_DisjointSet.py_cleaned.png,1,2,0.15992264449596405,0.15369053184986115,0.2243204265832901,0.1401500552892685,0.1548994481563568,0.1670169085264206
test,64_v1_1_content_rcorcs_apref_tests.py_cleaned.png,1,3,0.14863598346710205,0.16614443063735962,0.1726142168045044,0.17545607686042786,0.1619146764278412,0.17523467540740967
test,64_v1_24_content_Patrik-Stas_kata-bst-tree_bst_ll.py_cleaned.png,1,2,0.10643735527992249,0.22186671197414398,0.23773513734340668,0.19884170591831207,0.10420820862054825,0.13091084361076355
test,64_v1_6_content_1siddhi7_Floyd-Warshall_fw.py_cleaned.png,1,2,0.18828532099723816,0.14368805289268494,0.2275758534669876,0.13423840701580048,0.1371285319328308,0.1690838485956192
test,65_v1_14_content_Dawlatly_Recommender-system_kmeans.py_cleaned.png,1,3,0.13008823990821838,0.163543239235878,0.21812833845615387,0.2334154099225998,0.11080172657966614,0.14402300119400024
test,65_v1_15_content_VakinduPhilliam_Pattern_Matching_Python_Fnmatch_fnmatch.py_cleaned.png,1,0,0.19798113405704498,0.15927183628082275,0.1573067605495453,0.1401117444038391,0.18642261624336243,0.15890583395957947
test,65_v1_19_content_mgersalan_Unsorted-Median-Spark-AWS_unsorted_median.py_cleaned.png,1,2,0.15346302092075348,0.17034313082695007,0.20812462270259857,0.16675707697868347,0.13769473135471344,0.1636173576116562
test,65_v1_1_content_0x27_shodan_key_checker_shodankeys.py_cleaned.png,1,1,0.15349534153938293,0.21161602437496185,0.1951415091753006,0.1384521871805191,0.11240176856517792,0.18889328837394714
test,65_v1_29_content_AouinaOns_K-Means-Clustering_K-means.py_cleaned.png,1,2,0.14614780247211456,0.15925724804401398,0.20887808501720428,0.17582134902477264,0.1537664532661438,0.15612910687923431
test,65_v1_29_content_SomeshKashyap_Hierarchical-Clustering_HierarchicalClustering.py_cleaned.png,1,3,0.16016624867916107,0.17683947086334229,0.17381975054740906,0.19819365441799164,0.14576514065265656,0.14521580934524536
test,66_v1_1_content_sadnessFree_arima-lstm_combine-linear.py_cleaned.png,1,3,0.13463808596134186,0.17518383264541626,0.16581372916698456,0.20136642456054688,0.17093278467655182,0.15206517279148102
test,66_v1_23_content_jfb125_pythonLinkedLists_ex13.py_cleaned.png,1,1,0.15913712978363037,0.20845650136470795,0.17759625613689423,0.1370953470468521,0.16683034598827362,0.1508844643831253
test,66_v1_29_content_sanchikagn_geyser-eruptions-k-means_clusters_plotted.py_cleaned.png,1,1,0.13559453189373016,0.1889769285917282,0.18545600771903992,0.1707421839237213,0.139901801943779,0.1793285459280014
test,66_v1_2_content_facebookresearch_reward-estimator-corl_configurations_continuous_sparse.py_cleaned.png,1,0,0.19725759327411652,0.14630863070487976,0.1579258143901825,0.19204877316951752,0.13795974850654602,0.16849945485591888
test,66_v1_34_content_dvsa_cvs-tsk-dlq-handler_dlq_handler.py_cleaned.png,1,2,0.1468600630760193,0.1834859848022461,0.1837557703256607,0.17546606063842773,0.16199791431427002,0.14843423664569855
test,66_v1_41_content_rinky97_polynomial-regression_my.py_cleaned.png,1,5,0.16018003225326538,0.16412505507469177,0.1713687628507614,0.12038186937570572,0.17013704776763916,0.21380728483200073
test,66_v1_46_content_ThallysSo_criptografia-rsa_criptografia.py_cleaned.png,1,1,0.11049582809209824,0.24855516850948334,0.2201519012451172,0.1602325141429901,0.12337059527635574,0.137193962931633
test,67_v1_1_content_marcsantiago_one_time_pad_encryption_cmd_otp_utility.py_cleaned.png,1,1,0.1409544050693512,0.2077639251947403,0.20466122031211853,0.1336866170167923,0.14808127284049988,0.1648525446653366
test,67_v1_1_content_sadnessFree_arima-lstm_combine-svm.py_cleaned.png,1,1,0.16329875588417053,0.19218912720680237,0.14225196838378906,0.15188618004322052,0.16161121428012848,0.18876272439956665
test,67_v1_22_content_ABHIJIT-13_Kruskal-MST_kruskal.py_cleaned.png,1,0,0.20920757949352264,0.11788459122180939,0.19188661873340607,0.1317480206489563,0.19271118938922882,0.1565619707107544
test,67_v1_24_content_lesdev_SortingMethods_Insertion.py_cleaned.png,1,2,0.15422914922237396,0.18334895372390747,0.20277439057826996,0.17597201466560364,0.14793895184993744,0.13573646545410156
test,67_v1_25_content_jimmy-ly00_DHE-prime-grabber_find_primes.py_cleaned.png,1,1,0.1060192808508873,0.21903926134109497,0.21330472826957703,0.19813229143619537,0.12490932643413544,0.13859516382217407
test,67_v1_2_content_zalayo_Hierarchical-Linkage-Regression_HLRtest.py_cleaned.png,1,2,0.16063231229782104,0.1573026478290558,0.18810434639453888,0.1571238934993744,0.1733485609292984,0.1634882092475891
test,67_v1_32_content_mahtabfarrokh_classic-search_Astar.py_cleaned.png,1,4,0.16121894121170044,0.18003486096858978,0.15831737220287323,0.13775064051151276,0.1849733591079712,0.1777048110961914
test,68_v1_13_content_Pedinpsy_-inverted-index-search_main.py_cleaned.png,1,2,0.16958843171596527,0.1884731501340866,0.199249267578125,0.16083088517189026,0.14819419384002686,0.133664071559906
test,68_v1_17_content_pandaychen_AES_udpserver_aes_udpserver.py_cleaned.png,1,1,0.1399354338645935,0.1867111176252365,0.18120984733104706,0.171901673078537,0.15346381068229675,0.1667780578136444
test,68_v1_1_content_josgard94_JPEG_generador_huffman_code.py_cleaned.png,1,1,0.16682292520999908,0.22482675313949585,0.1539146453142166,0.1629762053489685,0.15243610739707947,0.13902340829372406
test,68_v1_1_content_randombit_pairings.py_bls.py_cleaned.png,1,2,0.15296265482902527,0.1350194811820984,0.22344404458999634,0.1647169142961502,0.14182783663272858,0.18202906847000122
test,68_v1_20_content_higirodj_Dijkstra_dijkstra.py_cleaned.png,1,2,0.12767629325389862,0.160989910364151,0.21227571368217468,0.1841907650232315,0.16559778153896332,0.14926956593990326
test,68_v1_24_content_Am4teur_LinkedList_LL0.py_cleaned.png,1,2,0.14683020114898682,0.15705560147762299,0.23075777292251587,0.12591953575611115,0.1313803493976593,0.2080565094947815
test,68_v1_27_content_ppplinday_Picture-Classification-PCA-KNN_KNN-PCA.py_cleaned.png,1,1,0.1652236133813858,0.18497024476528168,0.17649094760417938,0.1632928103208542,0.16100503504276276,0.14901728928089142
test,68_v1_2_content_cvwilliams_BellmanFord-Python_client.py_cleaned.png,1,1,0.13808049261569977,0.20015664398670197,0.19798985123634338,0.19040927290916443,0.14479213953018188,0.128571555018425
test,68_v1_33_content_gquintela_bfs_graph.py_cleaned.png,1,5,0.12032005935907364,0.08886925876140594,0.13113178312778473,0.10174258053302765,0.20774602890014648,0.35019034147262573
test,68_v1_3_content_iykadev_pyalgo_bresenhams_line_algo.py_cleaned.png,1,3,0.17381636798381805,0.172602578997612,0.163408100605011,0.18163186311721802,0.16018877923488617,0.14835231006145477
test,68_v1_49_content_mrsondeptrai1999_RSA_Summer_2017_project_Decryption.py_cleaned.png,1,1,0.10807844996452332,0.238991841673851,0.20826368033885956,0.1907629519701004,0.12229876965284348,0.1316043734550476
test,69_v1_1_content_randombit_pairings.py_tripartite.py_cleaned.png,1,5,0.17367058992385864,0.1643945872783661,0.1455254703760147,0.14004909992218018,0.18031542003154755,0.19604486227035522
test,69_v1_21_content_AntonisFK_selection_sort_python_selectionSort.py_cleaned.png,1,4,0.20458176732063293,0.1627558469772339,0.17846275866031647,0.12704253196716309,0.20968355238437653,0.1174735352396965
test,69_v1_23_content_cheewoei1997_dijkstras-algorithm_graphFunctions.py_cleaned.png,1,2,0.14516808092594147,0.1553095579147339,0.22887252271175385,0.12341521680355072,0.13713334500789642,0.21010129153728485
test,69_v1_28_content_surgoku_sentiment_analysis_knn_submission.py_cleaned.png,1,1,0.1574190855026245,0.3666219711303711,0.13964304327964783,0.14433066546916962,0.09527230262756348,0.09671295434236526
test,69_v1_31_content_igoreliasm_binary-tree_arvore.py_cleaned.png,1,3,0.1537781059741974,0.17281964421272278,0.15025298297405243,0.22347231209278107,0.13020311295986176,0.16947388648986816
test,69_v1_42_content_tesladodger_Fibonacci_fibonacci.py_cleaned.png,1,5,0.18409962952136993,0.1363445520401001,0.11812116950750351,0.12704363465309143,0.1748102903366089,0.25958067178726196
test,69_v1_49_content_pranurs_regression-model_main.py_cleaned.png,1,0,0.24063847959041595,0.1392854005098343,0.19657780230045319,0.13500665128231049,0.17468571662902832,0.11380600929260254
test,70_v1_16_content_NB-prog_INTERN-2019_similarity_eval.py_cleaned.png,1,5,0.12342312186956406,0.19964469969272614,0.17668254673480988,0.1531773805618286,0.12439478188753128,0.22267752885818481
test,70_v1_26_content_bahadircolak44_EllipticCurve_PointAddition.py_cleaned.png,1,0,0.18250416219234467,0.17005088925361633,0.15990370512008667,0.14860369265079498,0.17933499813079834,0.1596025675535202
test,70_v1_27_content_mskroar18_GraphWizard_edge.py_cleaned.png,1,5,0.15300998091697693,0.15713053941726685,0.18198765814304352,0.14350616931915283,0.17989999055862427,0.1844657063484192
test,70_v1_29_content_rahuljohnny_Bangla_OCR_Using_KNN_class_contour.py_cleaned.png,1,2,0.16250921785831451,0.15374720096588135,0.20157955586910248,0.1799183040857315,0.16791842877864838,0.13432738184928894
test,70_v1_2_content_WenjieLuo2333_ModuleDesign_Alert_module.py_cleaned.png,1,1,0.15816327929496765,0.1861119568347931,0.17625820636749268,0.18470720946788788,0.151175394654274,0.1435839831829071
test,70_v1_31_content_jwjohns_binary-tree_python_binary_tree_search.py_cleaned.png,1,1,0.14472387731075287,0.20427337288856506,0.18454569578170776,0.14196598529815674,0.18337738513946533,0.14111366868019104
test,70_v1_41_content_antoinewg_ocr-tfidf_reducer3.py_cleaned.png,1,1,0.14179542660713196,0.18662023544311523,0.18313336372375488,0.13686224818229675,0.17249028384685516,0.179098442196846
test,70_v1_44_content_Mazuh_Fibonacci_fib_benchmark.py_cleaned.png,1,2,0.16507302224636078,0.17181344330310822,0.18160322308540344,0.17263232171535492,0.15620145201683044,0.1526765376329422
test,70_v1_4_content_MphoKunene_Machine_learning-Polynomial-regression_poly.py_cleaned.png,1,3,0.12161347270011902,0.18910008668899536,0.18153440952301025,0.1895577758550644,0.14252005517482758,0.1756742298603058
test,70_v1_53_content_ekaktusz_rsa-example_rsa.py_cleaned.png,1,5,0.15702493488788605,0.12933366000652313,0.146235391497612,0.1698920577764511,0.1788717359304428,0.2186422049999237
test,71_v1_1_content_sadnessFree_arima-lstm_lstm_keras.py_cleaned.png,1,2,0.17360682785511017,0.19390185177326202,0.21724356710910797,0.16171251237392426,0.13757720589637756,0.11595799773931503
test,71_v1_23_content_AMARPATEEL_Selection-sort-in-python_selection_by_user_input.py_cleaned.png,1,5,0.1692480891942978,0.14096222817897797,0.18124908208847046,0.14704635739326477,0.12580522894859314,0.23568907380104065
test,71_v1_26_content_alex-code4okc_LinkedList_linkedlist.py_cleaned.png,1,3,0.1339554637670517,0.17805582284927368,0.203227236866951,0.2396739423274994,0.10799040645360947,0.13709715008735657
test,71_v1_26_content_ivanji_diffie-hellman-algorithm_diffie-hellman.py_cleaned.png,1,1,0.18434041738510132,0.2448112666606903,0.1343638300895691,0.13525138795375824,0.18251749873161316,0.1187155470252037
test,71_v1_36_content_hasanunl_Hierarchical-Clustering-in-Python-Training_hc_training.py_cleaned.png,1,2,0.14713911712169647,0.16733558475971222,0.18746858835220337,0.17641839385032654,0.15743647515773773,0.16420188546180725
test,71_v1_55_content_Ali-Ouahhabi_AesRsa_cipher_structure.py_cleaned.png,1,2,0.14653199911117554,0.16365142166614532,0.1930912882089615,0.178563192486763,0.14321750402450562,0.17494456470012665
test,72_v1_19_content_Gorresio_easyAES256_easyAES256.py_cleaned.png,1,2,0.1371806561946869,0.18598288297653198,0.19293832778930664,0.1756596565246582,0.14867807924747467,0.15956047177314758
test,72_v1_1_content_jim-spyropoulos_Trajectory-Analysis-and-Classification-in-Python-Pandas-and-Scikit-Learn_down_left_point.py_cleaned.png,1,2,0.17661786079406738,0.16661465167999268,0.1825084388256073,0.1260838508605957,0.17499682307243347,0.17317841947078705
test,72_v1_22_content_Raxev_datastructures3_huffElement.py_cleaned.png,1,3,0.14942583441734314,0.14497125148773193,0.1990382820367813,0.22863343358039856,0.12907704710960388,0.14885421097278595
test,72_v1_29_content_vtheno_kNN_one_line.py_cleaned.png,1,2,0.1724802553653717,0.18061110377311707,0.19836799800395966,0.1454014629125595,0.16156864166259766,0.1415705382823944
test,72_v1_33_content_hexingwei_Binary-tree_tree.py_cleaned.png,1,0,0.24950163066387177,0.206985741853714,0.08581613004207611,0.0916164442896843,0.1543014496564865,0.2117786407470703
test,72_v1_35_content_fireclawthefox_DirectGuiDesigner_setup_p3d.py_cleaned.png,1,2,0.15040257573127747,0.15650664269924164,0.2238309234380722,0.12612254917621613,0.15235626697540283,0.19078105688095093
test,72_v1_3_content_iykadev_pyalgo_deepFirstSearch.py_cleaned.png,1,0,0.23040875792503357,0.13678568601608276,0.1907418817281723,0.13823065161705017,0.2041686773300171,0.09966438263654709
test,72_v1_55_content_Jozhus_RSA-And-Linear-Cipher_RSA.py_cleaned.png,1,2,0.1470796912908554,0.15776187181472778,0.1945047676563263,0.1804649829864502,0.16851097345352173,0.15167765319347382
test,73_v1_23_content_xuwangme_huffmanTree_Main.py_cleaned.png,1,0,0.2254740297794342,0.16097256541252136,0.15444287657737732,0.11410596966743469,0.19503344595432281,0.14997118711471558
test,73_v1_2_content_swapnilg915_cosine_similarity_using_embeddings_spacy_embeddings.py_cleaned.png,1,3,0.1467091590166092,0.15989883244037628,0.1565258800983429,0.19085370004177094,0.15955884754657745,0.18645358085632324
test,73_v1_35_content_jfwhite_CourseSelection_interact_with_user.py_cleaned.png,1,1,0.18247972428798676,0.2271905094385147,0.1912495344877243,0.175121009349823,0.10528994351625443,0.118669293820858
test,73_v1_3_content_riteshkasat_Community-Detection-Algorithm_detect_community.py_cleaned.png,1,2,0.15989337861537933,0.15871886909008026,0.19074617326259613,0.18297716975212097,0.1403452306985855,0.1673191636800766
test,73_v1_59_content_SMByC_PCA4CD_pca4cd.py_cleaned.png,1,2,0.16302397847175598,0.17177948355674744,0.18164239823818207,0.16686318814754486,0.1453489065170288,0.17134207487106323
test,74_v1_16_content_sanjay3001_Search-in-python_linear_search.py_cleaned.png,1,1,0.15769478678703308,0.18272942304611206,0.17673544585704803,0.162496879696846,0.15427668392658234,0.16606676578521729
test,74_v1_18_content_Mital188_Logistic-Regression_logistic_regression.py_cleaned.png,1,0,0.28095749020576477,0.1958129107952118,0.12302640825510025,0.10129596292972565,0.17578107118606567,0.12312623858451843
test,74_v1_30_content_Aishwarya1401_Diabetic-Retinopathy-Project-Deep-Learning-_KNN_RawImage.py_cleaned.png,1,4,0.14601333439350128,0.17903874814510345,0.17899931967258453,0.151968851685524,0.17923977971076965,0.1647399514913559
test,74_v1_38_content_NicholasKobald_Tree-Traversals_traversals.py_cleaned.png,1,3,0.12862661480903625,0.15698295831680298,0.18781986832618713,0.206605926156044,0.15360857546329498,0.16635608673095703
test,75_v1_26_content_AbdelrhmanKhater_Comparison-between-linked-list-and-array-during-using-selection-sort_Linkedlist.py_cleaned.png,1,2,0.1497468799352646,0.18544182181358337,0.20192299783229828,0.16721279919147491,0.14109410345554352,0.15458142757415771
test,75_v1_26_content_hemidactylus_skanfixer_sfUtilities.py_cleaned.png,1,3,0.1424354910850525,0.15372000634670258,0.1597973257303238,0.2255496382713318,0.1780548393726349,0.1404426246881485
test,75_v1_44_content_suzheng123_BFS_N-aryTreeLevel.py_cleaned.png,1,5,0.1531250923871994,0.1337817907333374,0.17546886205673218,0.13508419692516327,0.18963395059108734,0.21290601789951324
test,75_v1_58_content_tanjimingrinnell_TreeAndGraph_LinkedList.py_cleaned.png,1,2,0.17813673615455627,0.175612211227417,0.1903928816318512,0.12443313747644424,0.17009781301021576,0.16132722795009613
test,76_v1_24_content_MariosPitsali_algorithms-practice_rollback.py_cleaned.png,1,2,0.17394143342971802,0.16985663771629333,0.1981041580438614,0.16252116858959198,0.18123814463615417,0.11433844268321991
test,76_v1_26_content_AbdelrhmanKhater_Comparison-between-linked-list-and-array-during-using-selection-sort_main.py_cleaned.png,1,1,0.17073394358158112,0.24301917850971222,0.1056944727897644,0.20222172141075134,0.1400970071554184,0.13823369145393372
test,76_v1_2_content_Lok-lok_TestLinkedList_LinkedList.py_cleaned.png,1,2,0.15352009236812592,0.1538785845041275,0.21444649994373322,0.19569389522075653,0.09355272352695465,0.18890821933746338
test,76_v1_33_content_prabhatpal77_Complete-core-python-_assignmentope.py_cleaned.png,1,5,0.16556288301944733,0.12928199768066406,0.18322914838790894,0.13545899093151093,0.16734836995601654,0.21911858022212982
test,76_v1_39_content_hamidaucc_Link-state-protocol-in-python_Test.py_cleaned.png,1,2,0.16495054960250854,0.179758682847023,0.1835542768239975,0.16174373030662537,0.1605880707502365,0.1494046449661255
test,76_v1_3_content_Sapphirine_Detecting-and-Predicting-the-Impact-of-Events_calc_train_anamoly_10ile-Copy5.py_cleaned.png,1,5,0.1419532597064972,0.15923649072647095,0.1505129337310791,0.13936424255371094,0.1797971874475479,0.22913584113121033
test,76_v1_3_content_sharifahmad2061_routing_algorithm_DVR.py_cleaned.png,1,0,0.28360509872436523,0.250735342502594,0.11057110130786896,0.07774005830287933,0.11537109315395355,0.16197732090950012
test,76_v1_40_content_alttch_pyaltt_test.py_cleaned.png,1,5,0.1421850174665451,0.1478213667869568,0.21262526512145996,0.13003958761692047,0.14168162643909454,0.22564715147018433
test,76_v1_4_content_reza-asad_Prims-Minimum-Spanning-Tree_Prim_s_algorithm.py_cleaned.png,1,1,0.16239811480045319,0.23121829330921173,0.18351978063583374,0.11101443320512772,0.1505551040172577,0.16129428148269653
test,76_v1_55_content_AustinZuniga_Auto-tagging-of-Theses-and-Dissertations-of-Bicol-University-Searching-and-Matching-_main.py_cleaned.png,1,0,0.22460512816905975,0.179399773478508,0.12224641442298889,0.09643770009279251,0.19691254198551178,0.18039847910404205
test,76_v1_60_content_fabaloc_PCA_RollingPCAonCDS.py_cleaned.png,1,3,0.15621629357337952,0.17620553076267242,0.17241217195987701,0.20825698971748352,0.13693006336688995,0.14997902512550354
test,77_v1_28_content_yifan0330_stock-trader_stocktrader.py_cleaned.png,1,1,0.14950162172317505,0.18924711644649506,0.1713239699602127,0.1696779429912567,0.16127587854862213,0.15897345542907715
test,77_v1_36_content_mskroar18_GraphWizard_edge.py_cleaned.png,1,5,0.157769575715065,0.1470700353384018,0.17702659964561462,0.15401501953601837,0.1545303463935852,0.20958831906318665
test,77_v1_3_content_Sapphirine_Detecting-and-Predicting-the-Impact-of-Events_calc_train_anamoly_10ile.py_cleaned.png,1,3,0.13752569258213043,0.17555853724479675,0.18006229400634766,0.1976301521062851,0.1525944322347641,0.1566288322210312
test,77_v1_3_content_abantikabasak_ImprovisedDijkstraFlood_GraphInput.py_cleaned.png,1,2,0.1429530680179596,0.15842048823833466,0.18511949479579926,0.17180363833904266,0.1665131151676178,0.17519012093544006
test,77_v1_41_content_sweeneyde_IndexedHeap_dijkstra.py_cleaned.png,1,3,0.17998827993869781,0.1487598717212677,0.1640760451555252,0.19893012940883636,0.13699449598789215,0.17125126719474792
test,77_v1_50_content_cristend_spam_email_auto_run.py_cleaned.png,1,2,0.17526477575302124,0.1776990443468094,0.20768064260482788,0.15520617365837097,0.15388897061347961,0.1302603930234909
test,77_v1_51_content_rw15e_CIS4930-Python-Project-3_graph.py_cleaned.png,1,1,0.12669333815574646,0.21224358677864075,0.17153559625148773,0.20439201593399048,0.13429850339889526,0.15083692967891693
test,78_v1_20_content_anasbadawy_Basic-NLP-Project_NLPProject.py_cleaned.png,1,2,0.18084032833576202,0.1745700091123581,0.1832425594329834,0.13408367335796356,0.1655188649892807,0.1617445945739746
test,78_v1_30_content_rogerdenisvieira_bidirectional-conditional-insertion-sort_unit_tests.py_cleaned.png,1,2,0.09875274449586868,0.16126735508441925,0.25384023785591125,0.17588025331497192,0.12184181809425354,0.18841762840747833
test,78_v1_31_content_shreyas3336_Diffie-Hellman-KeyExchange_Seed_Generator.py_cleaned.png,1,1,0.1715986728668213,0.18128883838653564,0.17020085453987122,0.16414599120616913,0.13499394059181213,0.17777171730995178
test,78_v1_3_content_dlohith_text-similarity_utils.py_cleaned.png,1,2,0.14488832652568817,0.15787173807621002,0.19562552869319916,0.16674886643886566,0.16813945770263672,0.16672608256340027
test,78_v1_3_content_iykadev_pyalgo_fibo.py_cleaned.png,1,5,0.12797150015830994,0.16931204497814178,0.13525553047657013,0.17383036017417908,0.1901787370443344,0.20345190167427063
test,78_v1_4_content_wazzaarvind_Clustering-Algorithms_reducer.py_cleaned.png,1,2,0.14460620284080505,0.1629982590675354,0.20447169244289398,0.15851524472236633,0.15588758885860443,0.1735209822654724
test,78_v1_51_content_UnPolinomio_fibonacci-number_numbers.py_cleaned.png,1,2,0.13054992258548737,0.1325244903564453,0.24334561824798584,0.177076518535614,0.13793669641017914,0.17856675386428833
test,79_v1_1_content_Chunning-Zhou_MILPBasedSearchAlgorithmDiff_parameter.py_cleaned.png,1,4,0.1681632250547409,0.15076200664043427,0.16213557124137878,0.1594219207763672,0.1839199811220169,0.17559725046157837
test,79_v1_36_content_cyndyishida_QueueQuickSort_linked_queue.py_cleaned.png,1,4,0.1767899990081787,0.1784074902534485,0.157171830534935,0.1669594645500183,0.18204821646213531,0.13862310349941254
test,79_v1_50_content_mrugankray_Hierarchical_Clustering_hierarchichal_clustering.py_cleaned.png,1,5,0.10817182809114456,0.1746903359889984,0.1993233561515808,0.13868656754493713,0.15703468024730682,0.22209325432777405
test,79_v1_5_content_adityadas8888_Naive-Bayes_naive_bayes.py_cleaned.png,1,0,0.31374427676200867,0.2789817154407501,0.11010610312223434,0.1025744378566742,0.10348090529441833,0.09111258387565613
test,80_v1_18_content_ppke-nlpg_emmorphpy_test.py_cleaned.png,1,5,0.20389330387115479,0.13595999777317047,0.17400692403316498,0.12280232459306717,0.1449558138847351,0.2183816283941269
test,80_v1_1_content_guoliu_London-scikit_LondonScikit.py_cleaned.png,1,2,0.12791821360588074,0.1736021190881729,0.2123495638370514,0.194768488407135,0.13680286705493927,0.15455877780914307
test,80_v1_33_content_Howellp80_Algorithms---Merge-Sort-vs-Insertion-Sort_hw1.py_cleaned.png,1,1,0.17846879363059998,0.21358881890773773,0.1677514910697937,0.1183030903339386,0.13006938993930817,0.19181841611862183
test,80_v1_40_content_Charles-Peeke_clinical_variances_sponsor_app.py_cleaned.png,1,1,0.14595694839954376,0.1874578297138214,0.18092487752437592,0.17186369001865387,0.154635488986969,0.15916110575199127
test,80_v1_47_content_jeshan_lambda-default-dlq_generate-config.py_cleaned.png,1,2,0.13419240713119507,0.17347565293312073,0.1986299455165863,0.19581051170825958,0.13594478368759155,0.16194666922092438
test,80_v1_66_content_Talon-Zhang_Naive-Bayes_reader.py_cleaned.png,1,2,0.15600264072418213,0.16351743042469025,0.17908553779125214,0.16977733373641968,0.16411827504634857,0.16749879717826843
test,81_v1_27_content_gaurav-raii_Topic-analysis-NLP-to-access-the-level-of-damage-during-a-car-crash._Text_Topic_analysis_and_classification.py_cleaned.png,1,4,0.14443199336528778,0.17981985211372375,0.17183929681777954,0.1602802872657776,0.18736064434051514,0.1562679558992386
test,81_v1_2_content_rdisipio_prime_numbers_primes.py_cleaned.png,1,2,0.14266403019428253,0.15275873243808746,0.2071239948272705,0.18254812061786652,0.14460863173007965,0.17029650509357452
test,81_v1_49_content_lllunaticer_pathFindGUI_Draw.py_cleaned.png,1,4,0.14312714338302612,0.1842757910490036,0.1925690919160843,0.13835835456848145,0.20723839104175568,0.13443122804164886
test,81_v1_4_content_heaven00_cosine_similarities_stream.py_cleaned.png,1,1,0.16962014138698578,0.18189801275730133,0.17279982566833496,0.1497722864151001,0.16675236821174622,0.15915736556053162
test,81_v1_52_content_seanluo1_Arm-Link-AI_const.py_cleaned.png,1,2,0.13425672054290771,0.17120051383972168,0.1989000290632248,0.16550885140895844,0.15349334478378296,0.17664049565792084
test,81_v1_5_content_AdamJacoby_Hopf_Example_CyclicGroup.py_cleaned.png,1,5,0.1493750661611557,0.16948345303535461,0.16500146687030792,0.16139274835586548,0.16782434284687042,0.18692290782928467
test,82_v1_2_content_shreya21rathi_Longest-Common-Subsequence_lcs.py_cleaned.png,1,1,0.18257984519004822,0.1987425833940506,0.15461651980876923,0.17957036197185516,0.14563582837581635,0.1388549506664276
test,82_v1_4_content_Khante_Distance-Vector-Algorithm_simulation_1.py_cleaned.png,1,2,0.11699952185153961,0.22093650698661804,0.23910462856292725,0.16986125707626343,0.11842574179172516,0.13467232882976532
test,82_v1_54_content_sumanth-bmsce_Unsupervised_Extreme_Learning_Machine_EM_Algo.py_cleaned.png,1,4,0.18905508518218994,0.18573229014873505,0.16578879952430725,0.13331088423728943,0.19151276350021362,0.13460025191307068
test,82_v1_5_content_AdamJacoby_Hopf_Example_DihedralGroup.py_cleaned.png,1,5,0.17314313352108002,0.144890695810318,0.1678970456123352,0.15806005895137787,0.17737363278865814,0.17863543331623077
test,82_v1_61_content_piyush-taneja_Salary-Predictor_Regression_Template.py_cleaned.png,1,2,0.15857549011707306,0.1734837144613266,0.19801901280879974,0.14492247998714447,0.16553756594657898,0.15946178138256073
test,82_v1_78_content_jurrejelle_RSACrack_generate_all_quantum.py_cleaned.png,1,2,0.1190027967095375,0.1812697947025299,0.22297409176826477,0.19086572527885437,0.16273590922355652,0.12315178662538528
test,83_v1_28_content_vinaykumarbu_sentiment-analysis-deeplearning_data_helpers.py_cleaned.png,1,1,0.15700620412826538,0.27188581228256226,0.2477947324514389,0.12150207906961441,0.09767939895391464,0.10413182526826859
test,83_v1_32_content_Arhacai_ciphers_secret_messages.py_cleaned.png,1,2,0.12977734208106995,0.16682586073875427,0.24937070906162262,0.17418023943901062,0.12018989771604538,0.15965591371059418
test,83_v1_4_content_nikitaa30_Content-based-Recommender-System_recommender_system.py_cleaned.png,1,1,0.13079380989074707,0.2105015218257904,0.21041415631771088,0.1812438815832138,0.12498509138822556,0.14206154644489288
test,83_v1_61_content_piyush-taneja_Salary-Predictor_Support_Vector_Regression.py_cleaned.png,1,2,0.13266626000404358,0.18202488124370575,0.19505643844604492,0.15893562138080597,0.13973112404346466,0.1915857344865799
test,83_v1_73_content_elados93_AI_Ex1_BFS.py_cleaned.png,1,2,0.15350216627120972,0.17792588472366333,0.20978491008281708,0.18204684555530548,0.1361140012741089,0.14062617719173431
test,84_v1_30_content_olamofe_primeQuery_primeQuery.py_cleaned.png,1,2,0.18462303280830383,0.17397870123386383,0.1903214156627655,0.16046813130378723,0.15007057785987854,0.14053818583488464
test,84_v1_33_content_ilkayDevran_Analysis_of_Sorting_Algorithms_allInOne.py_cleaned.png,1,3,0.1429811716079712,0.16583243012428284,0.19007617235183716,0.19918891787528992,0.14286696910858154,0.15905427932739258
test,84_v1_3_content_mightydeveloper_Deep-Compression-PyTorch_pruning.py_cleaned.png,1,1,0.1755565106868744,0.23083670437335968,0.19220374524593353,0.12226002663373947,0.1309901624917984,0.14815278351306915
test,84_v1_3_content_pombredanne_string-alignment_LCS.py_cleaned.png,1,3,0.19788047671318054,0.17496778070926666,0.1525818407535553,0.2017781287431717,0.13550639152526855,0.13728538155555725
test,84_v1_40_content_Bonifase_ShoppingList_app_tests.py_cleaned.png,1,2,0.1415940821170807,0.18466812372207642,0.21835404634475708,0.16826167702674866,0.1178770661354065,0.16924498975276947
test,84_v1_45_content_ilkayDevran_Analysis_of_Sorting_Algorithms_pyplot.py_cleaned.png,1,3,0.12268274277448654,0.16023141145706177,0.21712249517440796,0.24982160329818726,0.09239643067121506,0.15774525701999664
test,84_v1_53_content_KaiFly_Xemina2_DijkstraSP_GraphDrawing.py_cleaned.png,1,1,0.12065711617469788,0.20693951845169067,0.172387957572937,0.19418497383594513,0.14708863198757172,0.1587418019771576
test,84_v1_5_content_domodomodomo_binary_search_tree_binary_search_tree.py_cleaned.png,1,3,0.1700909584760666,0.14540337026119232,0.15327522158622742,0.19894349575042725,0.1675444096326828,0.16474245488643646
test,84_v1_63_content_avitabayan_Machine-learning_regression_template.py_cleaned.png,1,3,0.12418782711029053,0.17994147539138794,0.1854054480791092,0.1952061802148819,0.13913728296756744,0.17612174153327942
test,84_v1_76_content_mashfiq10_Naive-Bayes-classification_prob_1.py_cleaned.png,1,1,0.10803583264350891,0.21620537340641022,0.20787760615348816,0.180149644613266,0.12694112956523895,0.16079039871692657
test,85_v1_48_content_AdityaMalani_Diffie-Hellman-Key_Exchange_diffie.py_cleaned.png,1,2,0.1545160412788391,0.17733055353164673,0.2282872349023819,0.1652422398328781,0.10605891793966293,0.1685650795698166
test,85_v1_63_content_avitabayan_Machine-learning_simple_linear_regression.py_cleaned.png,1,2,0.1717304289340973,0.15444618463516235,0.18004865944385529,0.16107028722763062,0.15569224953651428,0.17701227962970734
test,86_v1_4_content_Askjensen_scikittf-idfNLTK_str_func.py_cleaned.png,1,5,0.15546461939811707,0.16725307703018188,0.16387759149074554,0.14368925988674164,0.14892050623893738,0.2207949012517929
test,86_v1_5_content_AdamJacoby_Hopf_Frobenius_Divisibility_Algorithm.py_cleaned.png,1,1,0.18466870486736298,0.1935923993587494,0.15052616596221924,0.15451611578464508,0.16593380272388458,0.15076281130313873
test,86_v1_61_content_mcsweena_Dijkstras-Algorithm_bidirectional_dijkstra.py_cleaned.png,1,3,0.14175349473953247,0.15254059433937073,0.18740564584732056,0.20916242897510529,0.17009112238883972,0.13904675841331482
test,87_v1_2_content_Yash0day_ElgamalEncryption-using-ECC_Hash.py_cleaned.png,1,5,0.1409374624490738,0.14703641831874847,0.17187254130840302,0.13461291790008545,0.17311593890190125,0.23242461681365967
test,87_v1_2_content_yyqcs_time-series-model_utils.py_cleaned.png,1,5,0.1191631332039833,0.14448392391204834,0.2180922031402588,0.11359116435050964,0.1855812966823578,0.21908822655677795
test,87_v1_39_content_lorenzo3117_python-sorting-scripts_sortingScript.py_cleaned.png,1,2,0.1299971640110016,0.17769783735275269,0.20571434497833252,0.20042788982391357,0.1336738020181656,0.15248894691467285
test,87_v1_5_content_Schemberizer_Binary-Tree-Compression_tree.py_cleaned.png,1,5,0.19091035425662994,0.154266819357872,0.13233286142349243,0.16964402794837952,0.15740104019641876,0.19544486701488495
test,87_v1_65_content_swaruptripathy_two_way_anova_two_way_anova.py_cleaned.png,1,1,0.1407327800989151,0.19597859680652618,0.19202201068401337,0.14193613827228546,0.1427984982728958,0.18653196096420288
test,87_v1_7_content_GabrielBortolote_BFS-and-DFS-Tree_BFS.py_cleaned.png,1,3,0.15050575137138367,0.15908598899841309,0.17931656539440155,0.1929244101047516,0.14017975330352783,0.17798753082752228
test,87_v1_85_content_kenil-shah_Description-Based-Person-Identification_config.py_cleaned.png,1,1,0.1631835401058197,0.20440568029880524,0.16358140110969543,0.1521836221218109,0.14782412350177765,0.16882158815860748
test,88_v1_5_content_AdamJacoby_Hopf_HopfConstructions.py_cleaned.png,1,2,0.1467580497264862,0.151481032371521,0.1992248147726059,0.1659400463104248,0.14322106540203094,0.19337502121925354
test,88_v1_5_content_vpandeti_Routing-Protocol_RoutingProtocol.py_cleaned.png,1,2,0.1187981367111206,0.21212631464004517,0.21385978162288666,0.19727693498134613,0.12722516059875488,0.13071362674236298
test,88_v1_6_content_greed2411_LCS_try.py_cleaned.png,1,2,0.15931524336338043,0.18238003551959991,0.19434532523155212,0.1392386257648468,0.14291499555110931,0.1818057745695114
test,88_v1_6_content_sanjay-bhat_find_route_bfs_find_route.py_cleaned.png,1,5,0.14359323680400848,0.19062337279319763,0.18471062183380127,0.15463240444660187,0.12693792581558228,0.1995023936033249
test,89_v1_59_content_mahmoudhossam_task-queue_db.py_cleaned.png,1,4,0.17491455376148224,0.1586839109659195,0.18448317050933838,0.1695065200328827,0.1852370649576187,0.12717477977275848
test,89_v1_62_content_agvaibhav_Binary-tree_delete-node.py_cleaned.png,1,1,0.137917622923851,0.19937969744205475,0.19374339282512665,0.17572911083698273,0.13129964470863342,0.16193047165870667
test,89_v1_64_content_YifeiY_Depth-of-BTS_BTS_Depth.py_cleaned.png,1,2,0.12835624814033508,0.1794028878211975,0.2064383178949356,0.2003438025712967,0.1307559609413147,0.1547027826309204
test,89_v1_7_content_Aly-Tomato_Prims-and-Kruskals_prims.py_cleaned.png,1,3,0.1309264898300171,0.18134050071239471,0.177636981010437,0.1861145943403244,0.1598721295595169,0.1641092449426651
test,90_v1_5_content_edison12a_bmrs-json-api_test_bmrs.py_cleaned.png,1,5,0.19551675021648407,0.09776606410741806,0.1496274322271347,0.14071188867092133,0.19232310354709625,0.22405484318733215
test,90_v1_5_content_scalisesamuel_crypto_p1_Task_1.py_cleaned.png,1,5,0.15153048932552338,0.17016716301441193,0.17485803365707397,0.15785598754882812,0.16919861733913422,0.17638981342315674
test,90_v1_66_content_adamweissert_PythonBinarySearch_BinarySearch.py_cleaned.png,1,2,0.1416420042514801,0.16423828899860382,0.1894124150276184,0.1735493540763855,0.17150211334228516,0.15965576469898224
test,90_v1_67_content_SuchitPSawant_Clustering_hc.py_cleaned.png,1,5,0.17804884910583496,0.16136381030082703,0.14964482188224792,0.1446962058544159,0.15262934565544128,0.2136169970035553
test,91_v1_43_content_agusmakmun_changewords_tests.py_cleaned.png,1,0,0.19907715916633606,0.1487218290567398,0.14493446052074432,0.15702278912067413,0.16278383135795593,0.18745997548103333
test,91_v1_6_content_gabrielmbmb_aes_crypt.py_cleaned.png,1,2,0.14089389145374298,0.18283793330192566,0.188096284866333,0.1754918396472931,0.15846340358257294,0.1542166769504547
test,91_v1_6_content_mmcetindag_ShortestPathAlgorithms_dijkstra.py_cleaned.png,1,1,0.1361730843782425,0.21616874635219574,0.15405291318893433,0.148140549659729,0.18108366429805756,0.1643809974193573
test,91_v1_7_content_Aly-Tomato_Prims-and-Kruskals_main.py_cleaned.png,1,3,0.12458668649196625,0.16604182124137878,0.17719022929668427,0.2006775438785553,0.17036764323711395,0.16113607585430145
test,91_v1_8_content_FelixHuangX_Naive-Bayes-for-Text-Classification_Naivebayes_train.py_cleaned.png,1,2,0.1496511995792389,0.17875351011753082,0.18622779846191406,0.15920484066009521,0.16661685705184937,0.15954579412937164
test,91_v1_8_content_usmanali414_Destruction-Detection-in-Satellite-Imagery_augmentation.py_cleaned.png,1,3,0.12400402128696442,0.17169395089149475,0.18374842405319214,0.2139020562171936,0.13297829031944275,0.17367328703403473
test,92_v1_3_content_iykadev_pyalgo_stable_marriage.py_cleaned.png,1,0,0.29124507308006287,0.1583450436592102,0.15882383286952972,0.07726050913333893,0.07953547686338425,0.23479010164737701
test,92_v1_3_content_rentseen_ARIMA-forecast_CAVMP.py_cleaned.png,1,0,0.24627210199832916,0.17927715182304382,0.18409037590026855,0.08397644758224487,0.15392771363258362,0.15245625376701355
test,92_v1_6_content_gionanide_Cryptography_Crack_zip_files.py_cleaned.png,1,2,0.13630804419517517,0.1790296882390976,0.18199774622917175,0.18057747185230255,0.14534898102283478,0.17673809826374054
test,92_v1_79_content_lorenzo3117_python-sorting-scripts_sortingScript.py_cleaned.png,1,2,0.15092624723911285,0.19614292681217194,0.19881883263587952,0.1559394747018814,0.13353803753852844,0.16463449597358704
test,92_v1_7_content_syedshameersarwar_DocumentSimilarityChecker_pdfReader.py_cleaned.png,1,2,0.15698033571243286,0.17832934856414795,0.2123098373413086,0.1102457270026207,0.15321241319179535,0.18892233073711395
test,93_v1_4_content_AcrobatAHA_Linear-Search-_Linear_search.py_cleaned.png,1,2,0.15349771082401276,0.17646752297878265,0.19913509488105774,0.15780411660671234,0.16830776631832123,0.14478778839111328
test,93_v1_65_content_pratikbitmesra_BID_bin_cluster.py_cleaned.png,1,2,0.1611771434545517,0.14879445731639862,0.20506630837917328,0.15689167380332947,0.15021617710590363,0.17785431444644928
test,93_v1_7_content_ardyerwanda_SDN-Bellman-Ford-Pyretic_routing2cost.py_cleaned.png,1,0,0.19698983430862427,0.18427862226963043,0.1802998036146164,0.1225065290927887,0.1597464680671692,0.15617872774600983
test,93_v1_81_content_kiranathealea_regressionMachineLearning_Models.py_cleaned.png,1,2,0.16334690153598785,0.136322483420372,0.24020139873027802,0.1371847689151764,0.16526906192302704,0.15767544507980347
test,93_v1_93_content_EricElmoznino_rsa_emd_data_processing.py_cleaned.png,1,1,0.1749611645936966,0.17828036844730377,0.16592878103256226,0.15198096632957458,0.16783127188682556,0.1610174924135208
test,94_v1_6_content_gionanide_Cryptography_ECC_DH_key_exchange.py_cleaned.png,1,3,0.20188814401626587,0.14538857340812683,0.13173459470272064,0.20216584205627441,0.16303063929080963,0.1557922661304474
test,94_v1_75_content_mcsteve-e_project-4_4.01.py_cleaned.png,1,1,0.12270421534776688,0.2070849984884262,0.19781531393527985,0.1715741753578186,0.14551332592964172,0.15530797839164734
test,94_v1_76_content_shivgarg_twitter-sentiment_test.py_cleaned.png,1,5,0.15036816895008087,0.17147544026374817,0.168562114238739,0.1491151601076126,0.1706920862197876,0.18978695571422577
test,94_v1_8_content_Omig12_dfs_delete.py_cleaned.png,1,0,0.20582595467567444,0.157928004860878,0.19650988280773163,0.13975103199481964,0.17406006157398224,0.12592504918575287
test,94_v1_91_content_mahsarazavi_Text-Classification_naivebayes.py_cleaned.png,1,0,0.22570832073688507,0.21358169615268707,0.1355208456516266,0.12953580915927887,0.14539092779159546,0.15026235580444336
test,95_v1_25_content_aajanki_finnish-pos-accuracy_print_errors.py_cleaned.png,1,5,0.18348467350006104,0.15053391456604004,0.14772838354110718,0.1604575216770172,0.14655418694019318,0.2112412005662918
test,95_v1_7_content_AastroLePetitRobot_Huffman-Coding_Huffman.py_cleaned.png,1,1,0.12288004159927368,0.21587444841861725,0.1830921620130539,0.17803116142749786,0.12600810825824738,0.17411409318447113
test,95_v1_7_content_GauthamBT_Bellman-Ford-Algorithm_DirectedGraphClass.py_cleaned.png,1,2,0.13923563063144684,0.17782999575138092,0.23251068592071533,0.16270610690116882,0.1312461644411087,0.15647147595882416
test,95_v1_7_content_j2kun_binary-search-graphs_dijkstra.py_cleaned.png,1,2,0.11569274961948395,0.19108788669109344,0.2011587917804718,0.1930725872516632,0.1359480917453766,0.1630399078130722
test,95_v1_7_content_wallacelab_paper-maize-rhizosphere-2017_1b_PlotHeritabilities.py_cleaned.png,1,2,0.09791463613510132,0.19722655415534973,0.19959916174411774,0.17341148853302002,0.15284082293510437,0.1790073961019516
test,96_v1_48_content_harishchellappa_Time-Series-Analysis-Bike-Sharing-Demand-Forecasting_forecasting_2.py_cleaned.png,1,1,0.17461170256137848,0.24266602098941803,0.14273205399513245,0.12233934551477432,0.1619991511106491,0.1556517630815506
test,96_v1_6_content_Utkagr_NLPrel_all_nltk.py_cleaned.png,1,2,0.17075221240520477,0.19457277655601501,0.21976321935653687,0.14404119551181793,0.15290263295173645,0.11796803772449493
test,96_v1_7_content_Sbrown4321_Assignment_2_Assignment2.py_cleaned.png,1,2,0.11090508103370667,0.17882710695266724,0.25874319672584534,0.22997960448265076,0.08887971192598343,0.1326652467250824
test,96_v1_95_content_ravularohit_sms-spam-detection_spam_detection.py_cleaned.png,1,5,0.14755786955356598,0.1798044741153717,0.18646496534347534,0.1313912570476532,0.15541145205497742,0.19937001168727875
test,96_v1_9_content_fritzwill_apriori-algorithm_apriori.py_cleaned.png,1,5,0.14380383491516113,0.18088173866271973,0.15235590934753418,0.16081100702285767,0.14688043296337128,0.2152670919895172
test,97_v1_78_content_CalebABG_PyLSecureP2P_p2putils.py_cleaned.png,1,1,0.13529972732067108,0.20198960602283478,0.1926674097776413,0.15485145151615143,0.15117035806179047,0.16402150690555573
test,97_v1_7_content_TongTongX_HuffmanCompressor_huffman.py_cleaned.png,1,5,0.11533290147781372,0.14056047797203064,0.13366840779781342,0.14888381958007812,0.21903875470161438,0.2425156682729721
test,97_v1_7_content_jakobpederson_divisible_pair_sums_test_divisible_pair_sums.py_cleaned.png,1,0,0.2663416564464569,0.16952288150787354,0.19529536366462708,0.12007790058851242,0.11151503026485443,0.13724713027477264
test,98_v1_25_content_OlaRonning_ah16_corenlp_gen_dep_lemma.py_cleaned.png,1,2,0.12364131212234497,0.18286049365997314,0.20423917472362518,0.2005464732646942,0.14387424290180206,0.14483822882175446
test,98_v1_8_content_abpaudel_8-puzzle_iddfs.py_cleaned.png,1,1,0.17517517507076263,0.1836555153131485,0.1695207804441452,0.1720801740884781,0.14660398662090302,0.15296442806720734
test,98_v1_8_content_alexvking_comp150_bsts_optimal_bst_knuth_n3.py_cleaned.png,1,2,0.12578481435775757,0.17481756210327148,0.19085922837257385,0.18966756761074066,0.15868231654167175,0.16018858551979065
test,98_v1_97_content_DanialBeg_RSA-Decryption-CS111_decryption.py_cleaned.png,1,2,0.19421415030956268,0.1890697479248047,0.3308144807815552,0.12126226723194122,0.07845067977905273,0.08618868142366409
test,98_v1_9_content_muchlisinadi_ALPR-Indonesia_GenData.py_cleaned.png,1,0,0.5573465824127197,0.1155625432729721,0.11878226697444916,0.06822679191827774,0.1070251390337944,0.03305666521191597
test,99_v1_26_content_Nofenigma_lt_lemma_prefixes_check_lt_prefixed_lemmas.py_cleaned.png,1,2,0.15301549434661865,0.19988153874874115,0.22682256996631622,0.1850752830505371,0.11559245735406876,0.11961272358894348
test,99_v1_7_content_bclark2_Unordered-Linear-Search_linearSearch.py_cleaned.png,1,4,0.15262620151042938,0.15115918219089508,0.16674329340457916,0.13108886778354645,0.2059566080570221,0.19242584705352783
test,99_v1_81_content_Saiteja-Reddy_Basic-SFTP_caesar_cipher.py_cleaned.png,1,2,0.12377709895372391,0.20310857892036438,0.23336367309093475,0.1841459572315216,0.1279650628566742,0.12763971090316772
test,99_v1_92_content_FranzScheerer_DES_x4.py_cleaned.png,1,1,0.23602339625358582,0.27252987027168274,0.09976677596569061,0.10589486360549927,0.16957515478134155,0.116209976375103
test,99_v1_99_content_utkarshpaliwal9_Predicting-apt-Linear-Regression-Degree_model2.py_cleaned.png,1,2,0.16412344574928284,0.16945242881774902,0.17507266998291016,0.1620531529188156,0.17225320637226105,0.1570451259613037
test,100_v2_10_content_Bala96_Recursive-Func_nestedeaser.py_cleaned.png,2,2,0.13289164006710052,0.1619354486465454,0.22006356716156006,0.15906161069869995,0.1361316740512848,0.18991602957248688
test,100_v2_10_content_circulosmeos_haveibeenpwned-binary_pwned-pass-binary-fast.py_cleaned.png,2,3,0.1402951031923294,0.17685207724571228,0.16358758509159088,0.20964257419109344,0.14444951713085175,0.16517314314842224
test,100_v2_10_content_stensonowen_factorial_bot_fact_bot.py_cleaned.png,2,2,0.1435253769159317,0.18466788530349731,0.2090456485748291,0.14739517867565155,0.12706667184829712,0.188299298286438
test,100_v2_10_content_tjazerzen_a_star_algorithm_helper_functions.py_cleaned.png,2,2,0.1284542679786682,0.2071029543876648,0.20741115510463715,0.13700149953365326,0.1630166471004486,0.15701353549957275
test,101_v2_ 1_content_sadnessFree_arima-lstm_arima-order.py_cleaned.png,2,2,0.15700997412204742,0.16426600515842438,0.18553195893764496,0.1584174931049347,0.16348721086978912,0.17128737270832062
test,101_v2_10_content_analyticsbot_document-similarity_document_similarity_nlevenstein.py_cleaned.png,2,1,0.16041292250156403,0.1883392632007599,0.15977884829044342,0.1650191694498062,0.1788221001625061,0.14762774109840393
test,101_v2_11_content_pprzygodzk_binary_search-prime_numbers_binarysearch.py_cleaned.png,2,3,0.1573323905467987,0.13094376027584076,0.19087526202201843,0.21064861118793488,0.1463703066110611,0.1638297438621521
test,101_v2_6_content_1siddhi7_Floyd-Warshall_fw.py_cleaned.png,2,1,0.12704603374004364,0.19667556881904602,0.17981979250907898,0.1873272806406021,0.15243051946163177,0.1567007303237915
test,102_v2_11_content_rburkholder_debconf-get-selections-sort_seed.sort.py_cleaned.png,2,2,0.1354626715183258,0.18556194007396698,0.19468316435813904,0.18950702250003815,0.10515395551919937,0.18963129818439484
test,102_v2_12_content_aabulhaj_SpectralClustering_spectral_clustering.py_cleaned.png,2,2,0.17383283376693726,0.18117837607860565,0.18880023062229156,0.1508689969778061,0.15473602712154388,0.15058353543281555
test,102_v2_13_content_fangzhengzhu_minst-knn_imgReader.py_cleaned.png,2,5,0.1230708509683609,0.17453670501708984,0.15247826278209686,0.11886917054653168,0.18865257501602173,0.2423924058675766
test,102_v2_13_content_odiliohafidh_Pencarian-Rumahsakit-Terdekat-dengan-metode-dfs-dan-bfs-python-_cari_rumsakit.py_cleaned.png,2,1,0.1574038863182068,0.1917436271905899,0.17474403977394104,0.17009548842906952,0.15809209644794464,0.14792084693908691
test,102_v2_2_content_imset_Perfect-Numbers_perfNum.py_cleaned.png,2,2,0.16683726012706757,0.13360339403152466,0.24346573650836945,0.12855859100818634,0.14714087545871735,0.18039412796497345
test,103_v2_10_content_mahimagupta_NLP-Research-Project-_test2.py_cleaned.png,2,0,0.22988857328891754,0.21525853872299194,0.16971467435359955,0.15911778807640076,0.09406153112649918,0.13195888698101044
test,103_v2_11_content_Meghali-Nandi_DNA-PATTERN-MATCHER_dna_matching.py_cleaned.png,2,2,0.1286567747592926,0.19672295451164246,0.20827144384384155,0.1926169991493225,0.12432175129652023,0.14941009879112244
test,103_v2_11_content_reo11_aes-for-japanese-learner_predict_with_bert.py_cleaned.png,2,3,0.179448664188385,0.1572289764881134,0.19111241400241852,0.19475087523460388,0.13821901381015778,0.1392400711774826
test,103_v2_13_content_isabellavieira57_dijkstra-fractionalKnapsack-polynomialMultiplication_question2a.py_cleaned.png,2,1,0.15595868229866028,0.18854981660842896,0.17339405417442322,0.16030871868133545,0.15317367017269135,0.16861501336097717
test,103_v2_16_content_Deus1223_Pac-Man_ghostAgents.py_cleaned.png,2,2,0.17090973258018494,0.12796567380428314,0.19584546983242035,0.1747174859046936,0.18400219082832336,0.14655949175357819
test,103_v2_17_content_Selentiym_bigHWonOrderedSets_hw3.py_cleaned.png,2,1,0.1418241411447525,0.19544950127601624,0.18294592201709747,0.1494903862476349,0.14065128564834595,0.18963876366615295
test,104_v2_13_content_alu0100821390_diffie-hellman_diffie-hellman.py_cleaned.png,2,1,0.1260892152786255,0.29112163186073303,0.19923128187656403,0.0987899973988533,0.1284516304731369,0.15631628036499023
test,104_v2_14_content_atakanipekci_QuickSortLomutoAndHoare_quickSortsComp.py_cleaned.png,2,2,0.16416198015213013,0.16390711069107056,0.17829002439975739,0.1778470128774643,0.1602911502122879,0.15550275146961212
test,104_v2_14_content_lucascamposj_huffman-coding_huffman_decode.py_cleaned.png,2,2,0.15917262434959412,0.19450156390666962,0.22396619617938995,0.15424978733062744,0.13324646651744843,0.13486340641975403
test,105_v2_12_content_Subhamacademia_Efficient-way-to-Check-the-Divisibility-of-a-Number-by-Three_ex0.py_cleaned.png,2,1,0.15269415080547333,0.18793143332004547,0.1769462525844574,0.15198473632335663,0.15634869039058685,0.1740947812795639
test,105_v2_12_content_kevinyang372_San-Francisco-crime-data-analysis_datasource.py_cleaned.png,2,5,0.183109313249588,0.17699792981147766,0.1465628445148468,0.10520981252193451,0.18120379745960236,0.20691625773906708
test,105_v2_15_content_VakinduPhilliam_Pattern_Matching_Python_Difflib_Pattern_Matching_CL_Interface.py_cleaned.png,2,2,0.12007547914981842,0.1916980892419815,0.22188147902488708,0.17364981770515442,0.12432794272899628,0.16836722195148468
test,105_v2_16_content_aplested_verify_PlotParam.py_cleaned.png,2,1,0.1478736847639084,0.1892775595188141,0.1646522432565689,0.15787309408187866,0.16872136294841766,0.17160199582576752
test,105_v2_16_content_drdeford_KruskalFlows_networkflows2.py_cleaned.png,2,1,0.2757779359817505,0.3104272782802582,0.08921448141336441,0.06422057002782822,0.18733616173267365,0.07302366197109222
test,105_v2_17_content_davidbhan_IntelligentPatents_NLP_functions.py_cleaned.png,2,1,0.17496679723262787,0.1830015927553177,0.17809782922267914,0.13471479713916779,0.1684412658214569,0.1607777327299118
test,105_v2_17_content_kwikadi_BFS-v-DFS_dfs.py_cleaned.png,2,4,0.17404572665691376,0.169303297996521,0.17398476600646973,0.13617555797100067,0.19318288564682007,0.1533077359199524
test,105_v2_1_content_jdmcpeek_pretty-print-binary-tree_tree.py_cleaned.png,2,2,0.19735272228717804,0.1537649929523468,0.30247795581817627,0.11738661676645279,0.09581243246793747,0.13320527970790863
test,105_v2_1_content_zsra_RSA_keygen_prime.py_cleaned.png,2,2,0.15217894315719604,0.16593129932880402,0.18708635866641998,0.1730998158454895,0.14098508656024933,0.1807185411453247
test,106_v2_13_content_frederikpietzko_fun_with_python_gdc_euclidian_algorithm.py_cleaned.png,2,2,0.16163182258605957,0.14817656576633453,0.206990584731102,0.14600415527820587,0.15381723642349243,0.18337967991828918
test,106_v2_15_content_Areege_Binary-and-Trinary-Search-Trees_SourceCode.py_cleaned.png,2,4,0.17764194309711456,0.16418784856796265,0.12787111103534698,0.1674937605857849,0.20752103626728058,0.1552843451499939
test,106_v2_19_content_vickyabi_singly-linked-list_singly_linked_list.py_cleaned.png,2,2,0.14262759685516357,0.16949093341827393,0.21085834503173828,0.173569455742836,0.14008058607578278,0.16337312757968903
test,106_v2_23_content_ymohanty_data-analysis_analysis.py_cleaned.png,2,0,0.23378828167915344,0.16185472905635834,0.16330918669700623,0.14014624059200287,0.16495740413665771,0.1359441727399826
test,107_v2_14_content_Robo-Sapien_Maze-Perilous-Real-Time-Implemention-of-Dijkstra-Algorithm_pixel_values.py_cleaned.png,2,2,0.17099039256572723,0.16418318450450897,0.19379112124443054,0.15501348674297333,0.14232084155082703,0.1737009435892105
test,107_v2_16_content_mor3dr3ad_gcdRecur_gdcRecur.py_cleaned.png,2,5,0.13492247462272644,0.15102991461753845,0.14410321414470673,0.1325041502714157,0.21205492317676544,0.22538529336452484
test,107_v2_1_content_akhilesh1311_MazeSolver_hard_maze.py_cleaned.png,2,0,0.20023949444293976,0.16184937953948975,0.1457364857196808,0.1696241945028305,0.16737404465675354,0.15517649054527283
test,107_v2_1_content_mattjj_pyhsmm-factorial_util.py_cleaned.png,2,2,0.18313322961330414,0.1728639453649521,0.2005559653043747,0.14162927865982056,0.136905699968338,0.16491179168224335
test,107_v2_1_content_nikitaa30_Content-based-Recommender-System_recommender_system.py_cleaned.png,2,1,0.1544431895017624,0.18001466989517212,0.17366823554039001,0.1685509830713272,0.15241031348705292,0.17091257870197296
test,107_v2_21_content_p-kim1_Image-Segmentation-with-K-means_kmeans.py_cleaned.png,2,2,0.15273234248161316,0.17745092511177063,0.20360125601291656,0.16770228743553162,0.13916538655757904,0.15934772789478302
test,107_v2_21_content_rahul494_Mental-Health-On-Twitter-Analysis_relevant_tweet_filter.py_cleaned.png,2,0,0.25187888741493225,0.13172440230846405,0.15288643538951874,0.2128075510263443,0.10760758072137833,0.14309507608413696
test,108_v2_16_content_sharatchandraj_MaxBandwidthPath_HeapSortForKruskals.py_cleaned.png,2,5,0.17466618120670319,0.1367524266242981,0.1407383382320404,0.155613511800766,0.16967828571796417,0.22255124151706696
test,108_v2_1_content_dedeco_dijkstra-bellman-ford_vertice.py_cleaned.png,2,2,0.10799567401409149,0.2012937068939209,0.2299669086933136,0.17041204869747162,0.12723267078399658,0.163099005818367
test,108_v2_24_content_cagrias_django-rabbitmq-celery-docker-example_manage.py_cleaned.png,2,4,0.2389131784439087,0.10126602649688721,0.1291894018650055,0.08583110570907593,0.2634317874908447,0.18136852979660034
test,109_v2_11_content_kirokuan_Idf-tf-DocCompare_PorterStemmer.py_cleaned.png,2,2,0.14933818578720093,0.18903139233589172,0.20891164243221283,0.16711068153381348,0.14038756489753723,0.1452205330133438
test,109_v2_17_content_skvorekn_arima_model.py_cleaned.png,2,0,0.25723329186439514,0.24958911538124084,0.07903774827718735,0.0578506700694561,0.21078556776046753,0.14550358057022095
test,109_v2_19_content_AlbCalv_kruskal-algorithm_Kruskal.py_cleaned.png,2,1,0.08896361291408539,0.26386862993240356,0.24455437064170837,0.17988981306552887,0.09927869588136673,0.12344489991664886
test,109_v2_25_content_SaadatRizvi_Movie-Recommendation-System_collaborative-filtering.py_cleaned.png,2,2,0.145498588681221,0.17885440587997437,0.2149818241596222,0.17972034215927124,0.16042844951152802,0.12051629275083542
test,110_v2_11_content_sichen-x_search-engine_myhtable_search.py_cleaned.png,2,1,0.15965111553668976,0.18728648126125336,0.17764410376548767,0.15724965929985046,0.14593210816383362,0.17223650217056274
test,110_v2_16_content_johnllanos_selection_sort.py_selection_sort.py_cleaned.png,2,5,0.13207785785198212,0.12564721703529358,0.1460714489221573,0.13557568192481995,0.2101682871580124,0.2504594326019287
test,110_v2_1_content_colettebedoya_primsAndKruskal_DisjointSet.py_cleaned.png,2,1,0.15704967081546783,0.20717588067054749,0.20638345181941986,0.1409676969051361,0.12418517470359802,0.16423813998699188
test,110_v2_23_content_xaviergoby_ConvLSTM-Computer-Vision-for-Structural-Health-Monitoring-SHM-and-NonDestructive-Testing-NDT_settings.py_cleaned.png,2,2,0.13120441138744354,0.16555528342723846,0.2439689040184021,0.20048563182353973,0.1061859205365181,0.15259991586208344
test,110_v2_24_content_SajjadAemmi_Text-Summarization_main.py_cleaned.png,2,5,0.14366401731967926,0.15545906126499176,0.1838996559381485,0.1479305475950241,0.16034112870693207,0.20870552957057953
test,110_v2_25_content_unifiprojects_TemporalGraphs_DFS-v1.py_cleaned.png,2,5,0.1394747495651245,0.15517772734165192,0.16469620168209076,0.17210116982460022,0.15953288972377777,0.20901727676391602
test,110_v2_29_content_zcogley_Bubble-Sort_bubble_sort.py_cleaned.png,2,2,0.11735906451940536,0.184592142701149,0.21621470153331757,0.16378770768642426,0.13662125170230865,0.18142512440681458
test,111_v2_15_content_Dhruv-Panchal_AES_socket_GUI_decryptor.py_cleaned.png,2,1,0.12301041930913925,0.21470269560813904,0.17057320475578308,0.16563133895397186,0.16236338019371033,0.16371895372867584
test,111_v2_1_content_0x27_shodan_key_checker_shodankeys.py_cleaned.png,2,5,0.16023795306682587,0.12909045815467834,0.17609156668186188,0.16484679281711578,0.16964277625083923,0.20009049773216248
test,111_v2_1_content_MarcoForte_knn-matting_knn_matting.py_cleaned.png,2,2,0.17763829231262207,0.17299586534500122,0.19132238626480103,0.15950757265090942,0.14802370965480804,0.1505122184753418
test,112_v2_12_content_ianscottknight_Predicting-Myers-Briggs-Type-Indicator-with-Recurrent-Neural-Networks_make_training_set.py_cleaned.png,2,2,0.13537605106830597,0.1885882318019867,0.20501358807086945,0.14484438300132751,0.16358792781829834,0.16258986294269562
test,112_v2_16_content_SemyonMakhaev_elliptic-curve_main.py_cleaned.png,2,1,0.1476205438375473,0.20043103396892548,0.1954796314239502,0.18262620270252228,0.11235585063695908,0.16148678958415985
test,112_v2_19_content_frankiekienlam_Fibonacci_Pyramids_test_pset.py_cleaned.png,2,3,0.15554572641849518,0.1678066998720169,0.17121274769306183,0.18650083243846893,0.16965247690677643,0.1492815464735031
test,112_v2_23_content_jfb125_pythonLinkedLists_ex13.py_cleaned.png,2,2,0.15804342925548553,0.17577065527439117,0.18966546654701233,0.1457556188106537,0.1660398244857788,0.1647249162197113
test,112_v2_28_content_Jvictor97_YellowFever_randDate.py_cleaned.png,2,4,0.1814662367105484,0.14718836545944214,0.17238165438175201,0.17042914032936096,0.18532775342464447,0.14320684969425201
test,112_v2_3_content_iykadev_pyalgo_binarySearch.py_cleaned.png,2,2,0.16381564736366272,0.1561184823513031,0.2135252207517624,0.14371807873249054,0.17873866856098175,0.14408397674560547
test,113_v2_1_content_rcorcs_apref_tests.py_cleaned.png,2,2,0.14797727763652802,0.16634391248226166,0.1855711042881012,0.17259098589420319,0.15969322621822357,0.16782353818416595
test,113_v2_24_content_lesdev_SortingMethods_Insertion.py_cleaned.png,2,5,0.1495780199766159,0.18223176896572113,0.19563470780849457,0.12276697158813477,0.1394793540239334,0.2103092223405838
test,114_v2_19_content_mgersalan_Unsorted-Median-Spark-AWS_unsorted_median.py_cleaned.png,2,2,0.17533734440803528,0.18244197964668274,0.18256241083145142,0.1321542114019394,0.15412598848342896,0.17337819933891296
test,114_v2_1_content_aviralmathur_Word2Vec_SKU_Desc.py_cleaned.png,2,1,0.15102797746658325,0.267212450504303,0.2146466225385666,0.09071789681911469,0.1491042971611023,0.127290740609169
test,114_v2_1_content_colettebedoya_primsAndKruskal_DisjointSet.py_cleaned.png,2,5,0.15315058827400208,0.12646076083183289,0.16158106923103333,0.14959116280078888,0.19571930170059204,0.2134970873594284
test,114_v2_1_content_marcsantiago_one_time_pad_encryption_cmd_otp_utility.py_cleaned.png,2,2,0.11407186090946198,0.193923220038414,0.21027585864067078,0.15819232165813446,0.1309768557548523,0.1925598680973053
test,114_v2_24_content_Am4teur_LinkedList_LL0.py_cleaned.png,2,2,0.21380160748958588,0.139380544424057,0.2181578129529953,0.1172284260392189,0.1837821900844574,0.12764932215213776
test,114_v2_24_content_Patrik-Stas_kata-bst-tree_bst_ll.py_cleaned.png,2,1,0.17866183817386627,0.20142421126365662,0.15300129354000092,0.13496069610118866,0.14376454055309296,0.1881873905658722
test,114_v2_29_content_AouinaOns_K-Means-Clustering_K-means.py_cleaned.png,2,2,0.1549038589000702,0.18986719846725464,0.19315434992313385,0.17836913466453552,0.14647406339645386,0.13723134994506836
test,114_v2_29_content_SomeshKashyap_Hierarchical-Clustering_HierarchicalClustering.py_cleaned.png,2,3,0.131576269865036,0.19934731721878052,0.19718345999717712,0.24190041422843933,0.09980081021785736,0.13019175827503204
test,114_v2_31_content_igoreliasm_binary-tree_arvore.py_cleaned.png,2,5,0.17240463197231293,0.14358314871788025,0.1602780669927597,0.1797611564397812,0.16284169256687164,0.1811313033103943
test,114_v2_34_content_dvsa_cvs-tsk-dlq-handler_dlq_handler.py_cleaned.png,2,3,0.14950650930404663,0.16086821258068085,0.1673208624124527,0.2071426957845688,0.1634470522403717,0.1517147272825241
test,115_v2_14_content_Dawlatly_Recommender-system_kmeans.py_cleaned.png,2,3,0.1366695612668991,0.1437433660030365,0.19516541063785553,0.24273693561553955,0.12315773963928223,0.15852691233158112
test,115_v2_15_content_VakinduPhilliam_Pattern_Matching_Python_Fnmatch_fnmatch.py_cleaned.png,2,0,0.29125452041625977,0.12406893819570541,0.15718050301074982,0.09667286276817322,0.14609618484973907,0.1847270280122757
test,115_v2_29_content_sanchikagn_geyser-eruptions-k-means_clusters_plotted.py_cleaned.png,2,2,0.14075402915477753,0.18656936287879944,0.19202108681201935,0.15945084393024445,0.15957526862621307,0.16162942349910736
test,115_v2_2_content_facebookresearch_reward-estimator-corl_configurations_continuous_sparse.py_cleaned.png,2,2,0.1351144164800644,0.17454244196414948,0.21189695596694946,0.18556314706802368,0.15631048381328583,0.13657258450984955
test,115_v2_31_content_jwjohns_binary-tree_python_binary_tree_search.py_cleaned.png,2,2,0.1346079260110855,0.17377084493637085,0.20126929879188538,0.1941251903772354,0.1379537135362625,0.15827296674251556
test,115_v2_32_content_mahtabfarrokh_classic-search_Astar.py_cleaned.png,2,2,0.13576819002628326,0.16189678013324738,0.23624283075332642,0.1809195876121521,0.10683687776327133,0.17833572626113892
test,116_v2_17_content_pandaychen_AES_udpserver_aes_udpserver.py_cleaned.png,2,1,0.12994851171970367,0.20812895894050598,0.19413310289382935,0.1751665472984314,0.13000063598155975,0.16262228786945343
test,116_v2_1_content_josgard94_JPEG_generador_huffman_code.py_cleaned.png,2,2,0.1962546408176422,0.12629863619804382,0.20516127347946167,0.13423018157482147,0.17989863455295563,0.15815667808055878
test,116_v2_1_content_sadnessFree_arima-lstm_combine-svm.py_cleaned.png,2,2,0.16903145611286163,0.18259939551353455,0.2250596284866333,0.14953668415546417,0.15290942788124084,0.12086347490549088
test,116_v2_2_content_cvwilliams_BellmanFord-Python_client.py_cleaned.png,2,1,0.17604126036167145,0.1923680156469345,0.1730324923992157,0.15690460801124573,0.14598743617534637,0.15566623210906982
test,116_v2_2_content_zalayo_Hierarchical-Linkage-Regression_HLRtest.py_cleaned.png,2,2,0.1517341434955597,0.17899911105632782,0.20836015045642853,0.15807004272937775,0.16178365051746368,0.14105288684368134
test,116_v2_33_content_gquintela_bfs_graph.py_cleaned.png,2,5,0.16154755651950836,0.16635777056217194,0.17902204394340515,0.1396714746952057,0.16788986325263977,0.18551121652126312
test,116_v2_41_content_rinky97_polynomial-regression_my.py_cleaned.png,2,2,0.11376997083425522,0.18804621696472168,0.24852406978607178,0.1785700023174286,0.10331078618764877,0.167778879404068
test,116_v2_46_content_ThallysSo_criptografia-rsa_criptografia.py_cleaned.png,2,2,0.15343233942985535,0.17679421603679657,0.2010374665260315,0.19395489990711212,0.11929675936698914,0.15548434853553772
test,117_v2_13_content_Pedinpsy_-inverted-index-search_main.py_cleaned.png,2,3,0.14297521114349365,0.17858056724071503,0.17162831127643585,0.1861690878868103,0.15704727172851562,0.16359955072402954
test,117_v2_20_content_higirodj_Dijkstra_dijkstra.py_cleaned.png,2,2,0.10002342611551285,0.19377471506595612,0.2408704161643982,0.16474372148513794,0.10877695679664612,0.19181078672409058
test,117_v2_21_content_AntonisFK_selection_sort_python_selectionSort.py_cleaned.png,2,4,0.1819637417793274,0.13254892826080322,0.1789335310459137,0.15094415843486786,0.18428225815296173,0.17132742702960968
test,117_v2_25_content_jimmy-ly00_DHE-prime-grabber_find_primes.py_cleaned.png,2,2,0.16542816162109375,0.16737569868564606,0.17396506667137146,0.149966299533844,0.17029991745948792,0.17296482622623444
test,117_v2_2_content_WenjieLuo2333_ModuleDesign_Alert_module.py_cleaned.png,2,2,0.14564573764801025,0.1478312462568283,0.20838847756385803,0.14069607853889465,0.17448218166828156,0.18295633792877197
test,117_v2_33_content_hexingwei_Binary-tree_tree.py_cleaned.png,2,1,0.1947270929813385,0.26939326524734497,0.1499602496623993,0.11277946084737778,0.132839635014534,0.14030033349990845
test,117_v2_3_content_iykadev_pyalgo_bresenhams_line_algo.py_cleaned.png,2,1,0.1578039526939392,0.1804201304912567,0.1730213463306427,0.1754758656024933,0.1456083357334137,0.1676703691482544
test,118_v2_1_content_randombit_pairings.py_bls.py_cleaned.png,2,2,0.14008784294128418,0.15465578436851501,0.21438384056091309,0.13049836456775665,0.17474032938480377,0.1856338232755661
test,118_v2_23_content_cheewoei1997_dijkstras-algorithm_graphFunctions.py_cleaned.png,2,2,0.16538237035274506,0.15316183865070343,0.29731041193008423,0.0931905210018158,0.13187268376350403,0.15908215939998627
test,118_v2_27_content_ppplinday_Picture-Classification-PCA-KNN_KNN-PCA.py_cleaned.png,2,2,0.15009374916553497,0.16615019738674164,0.20595026016235352,0.20163637399673462,0.13021232187747955,0.1459571272134781
test,118_v2_42_content_tesladodger_Fibonacci_fibonacci.py_cleaned.png,2,1,0.1479848027229309,0.1984032541513443,0.1898731291294098,0.18386900424957275,0.14737091958522797,0.13249889016151428
test,118_v2_49_content_mrsondeptrai1999_RSA_Summer_2017_project_Decryption.py_cleaned.png,2,2,0.15640459954738617,0.18004745244979858,0.18654543161392212,0.15267392992973328,0.16953493654727936,0.15479359030723572
test,119_v2_16_content_NB-prog_INTERN-2019_similarity_eval.py_cleaned.png,2,2,0.12846903502941132,0.1717720478773117,0.21406157314777374,0.1805584877729416,0.14707764983177185,0.1580612063407898
test,119_v2_23_content_AMARPATEEL_Selection-sort-in-python_selection_by_user_input.py_cleaned.png,2,0,0.23560768365859985,0.15374329686164856,0.1343676596879959,0.12975801527500153,0.16216976940631866,0.18435357511043549
test,119_v2_28_content_surgoku_sentiment_analysis_knn_submission.py_cleaned.png,2,1,0.19984318315982819,0.22892943024635315,0.15467795729637146,0.14158789813518524,0.141230508685112,0.13373103737831116
test,119_v2_35_content_fireclawthefox_DirectGuiDesigner_setup_p3d.py_cleaned.png,2,1,0.14789117872714996,0.18046806752681732,0.17385680973529816,0.17831304669380188,0.1595562994480133,0.15991464257240295
test,119_v2_38_content_NicholasKobald_Tree-Traversals_traversals.py_cleaned.png,2,1,0.1387810856103897,0.22117260098457336,0.1892382651567459,0.11186053603887558,0.17626352608203888,0.16268393397331238
test,119_v2_44_content_Mazuh_Fibonacci_fib_benchmark.py_cleaned.png,2,2,0.1528744250535965,0.16955049335956573,0.20736254751682281,0.15715135633945465,0.15789464116096497,0.1551665961742401
test,119_v2_49_content_pranurs_regression-model_main.py_cleaned.png,2,0,0.21781811118125916,0.18206579983234406,0.15214882791042328,0.1224571093916893,0.16691221296787262,0.158597931265831
test,120_v2_19_content_Gorresio_easyAES256_easyAES256.py_cleaned.png,2,1,0.10667234659194946,0.23296307027339935,0.22462525963783264,0.18952234089374542,0.1042003184556961,0.14201661944389343
test,120_v2_1_content_sadnessFree_arima-lstm_lstm_keras.py_cleaned.png,2,1,0.1643063724040985,0.20383255183696747,0.17864060401916504,0.12104284018278122,0.1441485583782196,0.18802906572818756
test,120_v2_22_content_Raxev_datastructures3_huffElement.py_cleaned.png,2,2,0.14760372042655945,0.18784299492835999,0.20562046766281128,0.15688060224056244,0.14000879228115082,0.16204340755939484
test,120_v2_26_content_bahadircolak44_EllipticCurve_PointAddition.py_cleaned.png,2,1,0.1727183312177658,0.18376819789409637,0.1818668395280838,0.16418321430683136,0.17227040231227875,0.12519298493862152
test,120_v2_27_content_mskroar18_GraphWizard_edge.py_cleaned.png,2,4,0.16107769310474396,0.1527945101261139,0.18216454982757568,0.15563111007213593,0.18391068279743195,0.16442149877548218
test,120_v2_29_content_rahuljohnny_Bangla_OCR_Using_KNN_class_contour.py_cleaned.png,2,3,0.1446419507265091,0.166164830327034,0.18183518946170807,0.1835307627916336,0.15485534071922302,0.1689719408750534
test,120_v2_36_content_hasanunl_Hierarchical-Clustering-in-Python-Training_hc_training.py_cleaned.png,2,2,0.12324955314397812,0.15447162091732025,0.281787246465683,0.20088009536266327,0.10326436907052994,0.13634715974330902
test,120_v2_41_content_antoinewg_ocr-tfidf_reducer3.py_cleaned.png,2,2,0.1460677534341812,0.13770891726016998,0.18667276203632355,0.1742987036705017,0.1772547960281372,0.17799703776836395
test,120_v2_4_content_MphoKunene_Machine_learning-Polynomial-regression_poly.py_cleaned.png,2,2,0.11952479183673859,0.19428128004074097,0.23851823806762695,0.17599204182624817,0.12543386220932007,0.14624978601932526
test,120_v2_53_content_ekaktusz_rsa-example_rsa.py_cleaned.png,2,5,0.17910265922546387,0.16626887023448944,0.13387814164161682,0.1754516214132309,0.15962472558021545,0.1856740117073059
test,121_v2_23_content_xuwangme_huffmanTree_Main.py_cleaned.png,2,0,0.23316243290901184,0.1364811509847641,0.12458044290542603,0.12524166703224182,0.1877795308828354,0.1927548348903656
test,121_v2_26_content_hemidactylus_skanfixer_sfUtilities.py_cleaned.png,2,1,0.15679548680782318,0.21975617110729218,0.1728583723306656,0.12803655862808228,0.13302645087242126,0.1895269751548767
test,121_v2_26_content_ivanji_diffie-hellman-algorithm_diffie-hellman.py_cleaned.png,2,2,0.14356845617294312,0.17277492582798004,0.18878664076328278,0.16263991594314575,0.1577225625514984,0.1745075285434723
test,121_v2_30_content_rogerdenisvieira_bidirectional-conditional-insertion-sort_unit_tests.py_cleaned.png,2,3,0.1728934347629547,0.15989956259727478,0.14322710037231445,0.19511599838733673,0.15449245274066925,0.17437142133712769
test,121_v2_3_content_iykadev_pyalgo_deepFirstSearch.py_cleaned.png,2,2,0.17517463862895966,0.14907795190811157,0.19083091616630554,0.17763838171958923,0.18286435306072235,0.12441370636224747
test,121_v2_55_content_Ali-Ouahhabi_AesRsa_cipher_structure.py_cleaned.png,2,2,0.142059326171875,0.18202458322048187,0.18491105735301971,0.17548589408397675,0.1355617195367813,0.17995738983154297
test,122_v2_1_content_jim-spyropoulos_Trajectory-Analysis-and-Classification-in-Python-Pandas-and-Scikit-Learn_down_left_point.py_cleaned.png,2,5,0.17906655371189117,0.1349937617778778,0.17477191984653473,0.15859681367874146,0.16834980249404907,0.18422116339206696
test,122_v2_29_content_vtheno_kNN_one_line.py_cleaned.png,2,2,0.1727699190378189,0.1638612002134323,0.1908109188079834,0.15244245529174805,0.15785670280456543,0.1622588038444519
test,122_v2_2_content_Lok-lok_TestLinkedList_LinkedList.py_cleaned.png,2,4,0.1574060320854187,0.2281360775232315,0.11857225745916367,0.09859796613454819,0.24640603363513947,0.15088151395320892
test,122_v2_3_content_riteshkasat_Community-Detection-Algorithm_detect_community.py_cleaned.png,2,2,0.16137875616550446,0.15988007187843323,0.17922274768352509,0.17174500226974487,0.1557450294494629,0.17202839255332947
test,122_v2_55_content_Jozhus_RSA-And-Linear-Cipher_RSA.py_cleaned.png,2,2,0.13159547746181488,0.193870410323143,0.2117254137992859,0.16035234928131104,0.15849629044532776,0.14396008849143982
test,123_v2_16_content_sanjay3001_Search-in-python_linear_search.py_cleaned.png,2,0,0.24653378129005432,0.16990475356578827,0.1898254156112671,0.11853333562612534,0.16180409491062164,0.11339865624904633
test,123_v2_18_content_Mital188_Logistic-Regression_logistic_regression.py_cleaned.png,2,1,0.19317515194416046,0.2315986305475235,0.1683596819639206,0.12123509496450424,0.1481318175792694,0.1374996453523636
test,123_v2_26_content_AbdelrhmanKhater_Comparison-between-linked-list-and-array-during-using-selection-sort_Linkedlist.py_cleaned.png,2,1,0.13651062548160553,0.199920192360878,0.19389992952346802,0.18878330290317535,0.14116621017456055,0.13971972465515137
test,123_v2_33_content_Howellp80_Algorithms---Merge-Sort-vs-Insertion-Sort_hw1.py_cleaned.png,2,5,0.129302978515625,0.23902572691440582,0.1527283787727356,0.09615422040224075,0.11252031475305557,0.2702683210372925
test,123_v2_3_content_sharifahmad2061_routing_algorithm_DVR.py_cleaned.png,2,1,0.17881301045417786,0.21703685820102692,0.16293317079544067,0.13471068441867828,0.1898660510778427,0.11664020270109177
test,123_v2_44_content_suzheng123_BFS_N-aryTreeLevel.py_cleaned.png,2,2,0.140891894698143,0.1520920842885971,0.19316960871219635,0.1574106216430664,0.1809106469154358,0.17552512884140015
test,123_v2_59_content_SMByC_PCA4CD_pca4cd.py_cleaned.png,2,1,0.13515308499336243,0.19908131659030914,0.1676441729068756,0.1830061823129654,0.1455317586660385,0.1695834845304489
test,124_v2_24_content_MariosPitsali_algorithms-practice_rollback.py_cleaned.png,2,2,0.14447399973869324,0.16207122802734375,0.2043725550174713,0.18399031460285187,0.15831997990608215,0.14677193760871887
test,124_v2_26_content_AbdelrhmanKhater_Comparison-between-linked-list-and-array-during-using-selection-sort_main.py_cleaned.png,2,1,0.16816778481006622,0.25381147861480713,0.16207747161388397,0.11874081939458847,0.13845720887184143,0.15874527394771576
test,124_v2_2_content_swapnilg915_cosine_similarity_using_embeddings_spacy_embeddings.py_cleaned.png,2,2,0.15273377299308777,0.18596254289150238,0.21024595201015472,0.17315910756587982,0.12539257109165192,0.15250597894191742
test,124_v2_30_content_Aishwarya1401_Diabetic-Retinopathy-Project-Deep-Learning-_KNN_RawImage.py_cleaned.png,2,2,0.1206107959151268,0.1783459335565567,0.242997944355011,0.18384842574596405,0.11157737672328949,0.162619486451149
test,124_v2_40_content_alttch_pyaltt_test.py_cleaned.png,2,5,0.1276974081993103,0.1989208608865738,0.18154039978981018,0.10303976386785507,0.13157716393470764,0.25722435116767883
test,125_v2_36_content_mskroar18_GraphWizard_edge.py_cleaned.png,2,5,0.18655166029930115,0.15012022852897644,0.15012186765670776,0.15618497133255005,0.1689370721578598,0.188084214925766
test,125_v2_39_content_hamidaucc_Link-state-protocol-in-python_Test.py_cleaned.png,2,2,0.17031235992908478,0.17712651193141937,0.1973111927509308,0.1460626721382141,0.16028985381126404,0.1488974392414093
test,125_v2_3_content_Sapphirine_Detecting-and-Predicting-the-Impact-of-Events_calc_train_anamoly_10ile-Copy5.py_cleaned.png,2,1,0.16702699661254883,0.1867893487215042,0.1698276698589325,0.17754913866519928,0.15006710588932037,0.14873971045017242
test,125_v2_41_content_sweeneyde_IndexedHeap_dijkstra.py_cleaned.png,2,1,0.16391097009181976,0.18668308854103088,0.18313221633434296,0.16393828392028809,0.1517004817724228,0.1506349742412567
test,125_v2_50_content_cristend_spam_email_auto_run.py_cleaned.png,2,1,0.17653198540210724,0.18611039221286774,0.17927441000938416,0.15907686948776245,0.15107834339141846,0.14792802929878235
test,125_v2_58_content_tanjimingrinnell_TreeAndGraph_LinkedList.py_cleaned.png,2,2,0.14265145361423492,0.140272855758667,0.18848676979541779,0.1857801377773285,0.15887263417243958,0.1839362382888794
test,126_v2_28_content_yifan0330_stock-trader_stocktrader.py_cleaned.png,2,2,0.1306983083486557,0.18407441675662994,0.2084980309009552,0.17476558685302734,0.13197743892669678,0.1699862778186798
test,126_v2_33_content_prabhatpal77_Complete-core-python-_assignmentope.py_cleaned.png,2,4,0.19569264352321625,0.1517721712589264,0.1578199565410614,0.1315695345401764,0.19748833775520325,0.16565731167793274
test,126_v2_36_content_cyndyishida_QueueQuickSort_linked_queue.py_cleaned.png,2,1,0.13617917895317078,0.19844886660575867,0.1949222981929779,0.17397388815879822,0.1362561136484146,0.16021966934204102
test,126_v2_3_content_Sapphirine_Detecting-and-Predicting-the-Impact-of-Events_calc_train_anamoly_10ile.py_cleaned.png,2,1,0.14836658537387848,0.19407902657985687,0.17165470123291016,0.19046613574028015,0.1546209156513214,0.14081262052059174
test,126_v2_3_content_abantikabasak_ImprovisedDijkstraFlood_GraphInput.py_cleaned.png,2,5,0.13693952560424805,0.16192008554935455,0.1720757931470871,0.16760718822479248,0.17628510296344757,0.18517234921455383
test,126_v2_4_content_reza-asad_Prims-Minimum-Spanning-Tree_Prim_s_algorithm.py_cleaned.png,2,2,0.14536331593990326,0.20903900265693665,0.23912645876407623,0.1409083753824234,0.11382374912500381,0.15173909068107605
test,126_v2_55_content_AustinZuniga_Auto-tagging-of-Theses-and-Dissertations-of-Bicol-University-Searching-and-Matching-_main.py_cleaned.png,2,4,0.1979585438966751,0.1293642669916153,0.15837939083576202,0.10419251769781113,0.22276049852371216,0.18734468519687653
test,126_v2_60_content_fabaloc_PCA_RollingPCAonCDS.py_cleaned.png,2,1,0.1963340789079666,0.23646491765975952,0.1588914841413498,0.13305452466011047,0.13951127231121063,0.1357436329126358
test,127_v2_20_content_anasbadawy_Basic-NLP-Project_NLPProject.py_cleaned.png,2,2,0.1463843584060669,0.17967446148395538,0.2436029464006424,0.15073347091674805,0.14026130735874176,0.13934344053268433
test,127_v2_3_content_iykadev_pyalgo_fibo.py_cleaned.png,2,5,0.1728251576423645,0.14300750195980072,0.15758384764194489,0.14950650930404663,0.17388683557510376,0.2031901627779007
test,127_v2_45_content_ilkayDevran_Analysis_of_Sorting_Algorithms_pyplot.py_cleaned.png,2,2,0.11073249578475952,0.17174194753170013,0.2451581209897995,0.1820136457681656,0.11882442981004715,0.17152932286262512
test,127_v2_47_content_jeshan_lambda-default-dlq_generate-config.py_cleaned.png,2,2,0.11529025435447693,0.17860065400600433,0.22927479445934296,0.18269719183444977,0.1523047685623169,0.1418323665857315
test,127_v2_4_content_wazzaarvind_Clustering-Algorithms_reducer.py_cleaned.png,2,1,0.22329650819301605,0.24075651168823242,0.17555537819862366,0.0788586288690567,0.2078505903482437,0.07368231564760208
test,127_v2_51_content_rw15e_CIS4930-Python-Project-3_graph.py_cleaned.png,2,2,0.13831163942813873,0.1763666719198227,0.19620047509670258,0.1741604059934616,0.15814785659313202,0.1568128913640976
test,128_v2_1_content_Chunning-Zhou_MILPBasedSearchAlgorithmDiff_parameter.py_cleaned.png,2,5,0.15710125863552094,0.11248044669628143,0.1600201576948166,0.10305020213127136,0.20579887926578522,0.26154908537864685
test,128_v2_31_content_shreyas3336_Diffie-Hellman-KeyExchange_Seed_Generator.py_cleaned.png,2,2,0.14823724329471588,0.17853708565235138,0.18118029832839966,0.1757981926202774,0.15695935487747192,0.15928782522678375
test,128_v2_50_content_mrugankray_Hierarchical_Clustering_hierarchichal_clustering.py_cleaned.png,2,2,0.14353884756565094,0.17440737783908844,0.18293945491313934,0.16882243752479553,0.17098240554332733,0.159309521317482
test,128_v2_51_content_UnPolinomio_fibonacci-number_numbers.py_cleaned.png,2,4,0.16875451803207397,0.15505097806453705,0.15678974986076355,0.1539900004863739,0.2100183218717575,0.1553964763879776
test,128_v2_5_content_adityadas8888_Naive-Bayes_naive_bayes.py_cleaned.png,2,0,0.2248452603816986,0.21350699663162231,0.14634843170642853,0.07386689633131027,0.12756986916065216,0.2138625830411911
test,129_v2_18_content_ppke-nlpg_emmorphpy_test.py_cleaned.png,2,0,0.20995084941387177,0.14656798541545868,0.16123662889003754,0.1264037787914276,0.19795911014080048,0.15788158774375916
test,129_v2_1_content_guoliu_London-scikit_LondonScikit.py_cleaned.png,2,1,0.15415972471237183,0.1833442896604538,0.17965441942214966,0.16186422109603882,0.15469175577163696,0.1662856638431549
test,129_v2_3_content_dlohith_text-similarity_utils.py_cleaned.png,2,4,0.16210819780826569,0.17237147688865662,0.15806803107261658,0.09959117323160172,0.22155213356018066,0.18630896508693695
test,129_v2_4_content_Khante_Distance-Vector-Algorithm_simulation_1.py_cleaned.png,2,5,0.13881395757198334,0.16503773629665375,0.18660220503807068,0.18131670355796814,0.12654243409633636,0.20168693363666534
test,129_v2_52_content_seanluo1_Arm-Link-AI_const.py_cleaned.png,2,2,0.12281260639429092,0.14179258048534393,0.24525724351406097,0.13763251900672913,0.15770213305950165,0.19480286538600922
test,129_v2_66_content_Talon-Zhang_Naive-Bayes_reader.py_cleaned.png,2,0,0.196454256772995,0.1950770616531372,0.16966485977172852,0.1555488407611847,0.162223219871521,0.1210317313671112
test,130_v2_27_content_gaurav-raii_Topic-analysis-NLP-to-access-the-level-of-damage-during-a-car-crash._Text_Topic_analysis_and_classification.py_cleaned.png,2,0,0.19850340485572815,0.16349737346172333,0.15287818014621735,0.1581018567085266,0.19537131488323212,0.13164786994457245
test,130_v2_32_content_Arhacai_ciphers_secret_messages.py_cleaned.png,2,5,0.13548576831817627,0.1657053828239441,0.18743640184402466,0.1834515631198883,0.13571852445602417,0.19220231473445892
test,130_v2_40_content_Charles-Peeke_clinical_variances_sponsor_app.py_cleaned.png,2,5,0.15469913184642792,0.18956094980239868,0.17095954716205597,0.13185659050941467,0.12620162963867188,0.2267221361398697
test,130_v2_49_content_lllunaticer_pathFindGUI_Draw.py_cleaned.png,2,4,0.17135117948055267,0.17123045027256012,0.1655299961566925,0.16652049124240875,0.1906261146068573,0.13474178314208984
test,130_v2_5_content_AdamJacoby_Hopf_Example_CyclicGroup.py_cleaned.png,2,5,0.1883411556482315,0.14775718748569489,0.16390489041805267,0.11783185601234436,0.18790601193904877,0.19425879418849945
test,131_v2_2_content_shreya21rathi_Longest-Common-Subsequence_lcs.py_cleaned.png,2,1,0.11720477789640427,0.24632816016674042,0.21234320104122162,0.1460847556591034,0.13198807835578918,0.14605101943016052
test,131_v2_40_content_Bonifase_ShoppingList_app_tests.py_cleaned.png,2,3,0.12835994362831116,0.15325883030891418,0.22094117105007172,0.23430530726909637,0.12291496247053146,0.14021974802017212
test,131_v2_5_content_AdamJacoby_Hopf_Example_DihedralGroup.py_cleaned.png,2,2,0.1688225269317627,0.16437582671642303,0.17725661396980286,0.16944965720176697,0.15989848971366882,0.16019697487354279
test,131_v2_5_content_domodomodomo_binary_search_tree_binary_search_tree.py_cleaned.png,2,3,0.1659747064113617,0.1724303662776947,0.15165002644062042,0.20445466041564941,0.14339938759803772,0.16209083795547485
test,132_v2_28_content_vinaykumarbu_sentiment-analysis-deeplearning_data_helpers.py_cleaned.png,2,1,0.1832427978515625,0.21604715287685394,0.16083474457263947,0.16256044805049896,0.1350141316652298,0.14230072498321533
test,132_v2_4_content_heaven00_cosine_similarities_stream.py_cleaned.png,2,1,0.16080406308174133,0.18245874345302582,0.1517861932516098,0.15303698182106018,0.1750362515449524,0.17687773704528809
test,132_v2_54_content_sumanth-bmsce_Unsupervised_Extreme_Learning_Machine_EM_Algo.py_cleaned.png,2,2,0.16642972826957703,0.16511712968349457,0.1814996600151062,0.17488503456115723,0.1593969315290451,0.1526714712381363
test,132_v2_5_content_Fmccline_Prims-Algorithm_prims_algorithm_demo.py_cleaned.png,2,4,0.16108782589435577,0.1915312260389328,0.17373190820217133,0.1404624730348587,0.1920083463191986,0.14117829501628876
test,132_v2_61_content_piyush-taneja_Salary-Predictor_Regression_Template.py_cleaned.png,2,2,0.17302526533603668,0.17342258989810944,0.22659707069396973,0.11307882517576218,0.13062921166419983,0.18324704468250275
test,132_v2_78_content_jurrejelle_RSACrack_generate_all_quantum.py_cleaned.png,2,1,0.1436835527420044,0.18968510627746582,0.17217066884040833,0.18520376086235046,0.15909960865974426,0.15015724301338196
test,133_v2_30_content_olamofe_primeQuery_primeQuery.py_cleaned.png,2,2,0.1507568657398224,0.16076193749904633,0.1837262064218521,0.17224180698394775,0.174429252743721,0.158083975315094
test,133_v2_33_content_ilkayDevran_Analysis_of_Sorting_Algorithms_allInOne.py_cleaned.png,2,1,0.1728169322013855,0.20893147587776184,0.19437876343727112,0.13875015079975128,0.1436031013727188,0.14151957631111145
test,133_v2_3_content_mightydeveloper_Deep-Compression-PyTorch_pruning.py_cleaned.png,2,2,0.16669856011867523,0.1922513097524643,0.22307491302490234,0.16270780563354492,0.1137218251824379,0.1415455937385559
test,133_v2_3_content_pombredanne_string-alignment_LCS.py_cleaned.png,2,1,0.1580614149570465,0.26010623574256897,0.168888658285141,0.13046319782733917,0.12145726382732391,0.16102328896522522
test,133_v2_53_content_KaiFly_Xemina2_DijkstraSP_GraphDrawing.py_cleaned.png,2,2,0.16104815900325775,0.15466152131557465,0.22857794165611267,0.1637181043624878,0.14730654656887054,0.14468780159950256
test,133_v2_5_content_Schemberizer_Binary-Tree-Compression_tree.py_cleaned.png,2,2,0.1224416196346283,0.21189351379871368,0.2186744213104248,0.19393916428089142,0.14758063852787018,0.1054706946015358
test,133_v2_61_content_piyush-taneja_Salary-Predictor_Support_Vector_Regression.py_cleaned.png,2,2,0.12082663923501968,0.17833292484283447,0.19767870008945465,0.19266197085380554,0.14904150366783142,0.16145825386047363
test,133_v2_73_content_elados93_AI_Ex1_BFS.py_cleaned.png,2,2,0.18048733472824097,0.13512036204338074,0.2346867024898529,0.1582539975643158,0.12729741632938385,0.16415411233901978
test,133_v2_76_content_mashfiq10_Naive-Bayes-classification_prob_1.py_cleaned.png,2,1,0.14083318412303925,0.1887088119983673,0.1886613965034485,0.16597174108028412,0.15242476761341095,0.16340012848377228
test,133_v2_85_content_kenil-shah_Description-Based-Person-Identification_config.py_cleaned.png,2,2,0.146372452378273,0.18055371940135956,0.20142057538032532,0.1691633015871048,0.13173241913318634,0.1707574874162674
test,134_v2_2_content_Yash0day_ElgamalEncryption-using-ECC_Hash.py_cleaned.png,2,5,0.1806287169456482,0.1677783578634262,0.15892259776592255,0.14078152179718018,0.15831723809242249,0.19357158243656158
test,134_v2_4_content_nikitaa30_Content-based-Recommender-System_recommender_system.py_cleaned.png,2,1,0.1419350653886795,0.19131118059158325,0.17564216256141663,0.15520353615283966,0.17221879959106445,0.16368922591209412
test,134_v2_5_content_AdamJacoby_Hopf_Frobenius_Divisibility_Algorithm.py_cleaned.png,2,0,0.1996677964925766,0.19422386586666107,0.13708336651325226,0.1628705859184265,0.16413506865501404,0.14201930165290833
test,134_v2_63_content_avitabayan_Machine-learning_regression_template.py_cleaned.png,2,1,0.1595599204301834,0.20977790653705597,0.17250339686870575,0.11995042860507965,0.17538978159427643,0.16281859576702118
test,134_v2_6_content_coorty_apriori-agorithm-python_test_apriori_command_line.py_cleaned.png,2,2,0.12606608867645264,0.2038586288690567,0.20829413831233978,0.16769134998321533,0.13473865389823914,0.15935121476650238
test,135_v2_2_content_yyqcs_time-series-model_utils.py_cleaned.png,2,0,0.19051001965999603,0.1323983371257782,0.1862858533859253,0.12969590723514557,0.18174634873867035,0.17936353385448456
test,135_v2_48_content_AdityaMalani_Diffie-Hellman-Key_Exchange_diffie.py_cleaned.png,2,1,0.11440953612327576,0.23549973964691162,0.22538501024246216,0.17935284972190857,0.10470262914896011,0.14065025746822357
test,135_v2_4_content_Askjensen_scikittf-idfNLTK_str_func.py_cleaned.png,2,2,0.14897537231445312,0.17042991518974304,0.19427348673343658,0.18123853206634521,0.14069218933582306,0.16439048945903778
test,135_v2_5_content_vpandeti_Routing-Protocol_RoutingProtocol.py_cleaned.png,2,2,0.15245163440704346,0.16748450696468353,0.20494863390922546,0.1658879816532135,0.15669257938861847,0.15253472328186035
test,135_v2_61_content_mcsweena_Dijkstras-Algorithm_bidirectional_dijkstra.py_cleaned.png,2,3,0.20115797221660614,0.14958511292934418,0.16007110476493835,0.22947730123996735,0.1293308436870575,0.1303776651620865
test,135_v2_62_content_agvaibhav_Binary-tree_delete-node.py_cleaned.png,2,0,0.22161325812339783,0.13507337868213654,0.1259804517030716,0.16457121074199677,0.18530556559562683,0.16745612025260925
test,135_v2_63_content_avitabayan_Machine-learning_simple_linear_regression.py_cleaned.png,2,2,0.1529053896665573,0.1843714863061905,0.23359999060630798,0.14936639368534088,0.13670611381530762,0.1430506706237793
test,135_v2_64_content_YifeiY_Depth-of-BTS_BTS_Depth.py_cleaned.png,2,0,0.19613392651081085,0.15263068675994873,0.15824301540851593,0.18986907601356506,0.14784318208694458,0.15528012812137604
test,136_v2_39_content_lorenzo3117_python-sorting-scripts_sortingScript.py_cleaned.png,2,5,0.1592874526977539,0.16680052876472473,0.1885468065738678,0.14457769691944122,0.15064214169979095,0.190145343542099
test,136_v2_5_content_AdamJacoby_Hopf_HopfConstructions.py_cleaned.png,2,5,0.16707831621170044,0.13494795560836792,0.18613193929195404,0.11538086086511612,0.19410064816474915,0.2023603320121765
test,136_v2_66_content_adamweissert_PythonBinarySearch_BinarySearch.py_cleaned.png,2,5,0.152051642537117,0.16943201422691345,0.17399033904075623,0.16598811745643616,0.1560136377811432,0.18252423405647278
test,137_v2_59_content_mahmoudhossam_task-queue_db.py_cleaned.png,2,4,0.1767730712890625,0.1745736300945282,0.16241444647312164,0.12626896798610687,0.19815899431705475,0.16181090474128723
test,137_v2_65_content_swaruptripathy_two_way_anova_two_way_anova.py_cleaned.png,2,2,0.15705938637256622,0.1784810572862625,0.1903735250234604,0.161180317401886,0.1367693990468979,0.1761363446712494
test,137_v2_6_content_greed2411_LCS_try.py_cleaned.png,2,5,0.15577897429466248,0.16034401953220367,0.1902056485414505,0.16949136555194855,0.1290457397699356,0.19513428211212158
test,137_v2_7_content_Aly-Tomato_Prims-and-Kruskals_prims.py_cleaned.png,2,5,0.15688487887382507,0.1420251876115799,0.1641639918088913,0.14131712913513184,0.1560041308403015,0.23960468173027039
test,137_v2_7_content_GabrielBortolote_BFS-and-DFS-Tree_BFS.py_cleaned.png,2,1,0.14987064898014069,0.19641080498695374,0.18151286244392395,0.15795357525348663,0.1652534455060959,0.14899863302707672
test,137_v2_8_content_usmanali414_Destruction-Detection-in-Satellite-Imagery_augmentation.py_cleaned.png,2,2,0.16823627054691315,0.16199955344200134,0.20935510098934174,0.1658594310283661,0.12782607972621918,0.16672350466251373
test,138_v2_5_content_edison12a_bmrs-json-api_test_bmrs.py_cleaned.png,2,4,0.1659027636051178,0.08784395456314087,0.08797901123762131,0.07516682147979736,0.3542892038822174,0.22881826758384705
test,138_v2_5_content_scalisesamuel_crypto_p1_Task_1.py_cleaned.png,2,1,0.1528927981853485,0.21974465250968933,0.18613681197166443,0.13851730525493622,0.13615095615386963,0.16655755043029785
test,138_v2_6_content_mmcetindag_ShortestPathAlgorithms_dijkstra.py_cleaned.png,2,2,0.13108450174331665,0.22074347734451294,0.2229793667793274,0.17706264555454254,0.12353994697332382,0.12458999454975128
test,139_v2_67_content_SuchitPSawant_Clustering_hc.py_cleaned.png,2,2,0.12067970633506775,0.19124025106430054,0.1975330263376236,0.16803593933582306,0.1656002402305603,0.15691088140010834
test,139_v2_6_content_gionanide_Cryptography_Crack_zip_files.py_cleaned.png,2,5,0.14115186035633087,0.16301174461841583,0.1332952231168747,0.1403176337480545,0.13750319182872772,0.28472036123275757
test,139_v2_79_content_lorenzo3117_python-sorting-scripts_sortingScript.py_cleaned.png,2,2,0.14318761229515076,0.16748890280723572,0.22901172935962677,0.20546388626098633,0.1214616596698761,0.1333862990140915
test,139_v2_91_content_MerliX_async-factorial_server.py_cleaned.png,2,1,0.13609498739242554,0.20851287245750427,0.20330066978931427,0.16791869699954987,0.12520858645439148,0.1589641124010086
test,140_v2_3_content_rentseen_ARIMA-forecast_CAVMP.py_cleaned.png,2,1,0.23579785227775574,0.23767919838428497,0.1333783119916916,0.13309946656227112,0.12047077715396881,0.13957445323467255
test,140_v2_75_content_mcsteve-e_project-4_4.01.py_cleaned.png,2,2,0.09928182512521744,0.15348802506923676,0.24311310052871704,0.22059129178524017,0.11795631796121597,0.16556939482688904
test,140_v2_7_content_ardyerwanda_SDN-Bellman-Ford-Pyretic_routing2cost.py_cleaned.png,2,2,0.1472499519586563,0.16717055439949036,0.21283289790153503,0.14976975321769714,0.16784024238586426,0.15513649582862854
test,140_v2_8_content_FelixHuangX_Naive-Bayes-for-Text-Classification_Naivebayes_train.py_cleaned.png,2,4,0.15504030883312225,0.16511282324790955,0.17287084460258484,0.15928910672664642,0.17796114087104797,0.16972573101520538
test,141_v2_43_content_agusmakmun_changewords_tests.py_cleaned.png,2,2,0.1503419727087021,0.15273445844650269,0.21823759377002716,0.14854098856449127,0.16315887868404388,0.1669861227273941
test,141_v2_65_content_pratikbitmesra_BID_bin_cluster.py_cleaned.png,2,2,0.11251284927129745,0.16799265146255493,0.30694717168807983,0.18477804958820343,0.08636961877346039,0.14139966666698456
test,141_v2_6_content_gionanide_Cryptography_ECC_DH_key_exchange.py_cleaned.png,2,0,0.19062186777591705,0.18535371124744415,0.15671105682849884,0.18276706337928772,0.14403891563415527,0.14050740003585815
test,141_v2_7_content_Aly-Tomato_Prims-and-Kruskals_main.py_cleaned.png,2,4,0.1769605576992035,0.15260092914104462,0.1634548455476761,0.14826533198356628,0.2068387269973755,0.15187963843345642
test,141_v2_7_content_j2kun_binary-search-graphs_dijkstra.py_cleaned.png,2,2,0.11896849423646927,0.18996965885162354,0.19614769518375397,0.18128101527690887,0.14493438601493835,0.16869878768920898
test,142_v2_3_content_iykadev_pyalgo_stable_marriage.py_cleaned.png,2,4,0.19379974901676178,0.1446385532617569,0.09082376956939697,0.1613621711730957,0.24301540851593018,0.16636034846305847
test,142_v2_4_content_AcrobatAHA_Linear-Search-_Linear_search.py_cleaned.png,2,5,0.14165537059307098,0.17386966943740845,0.17622977495193481,0.15695032477378845,0.16111761331558228,0.1901772916316986
test,142_v2_7_content_GauthamBT_Bellman-Ford-Algorithm_DirectedGraphClass.py_cleaned.png,2,1,0.15766319632530212,0.1829959601163864,0.16411130130290985,0.17868922650814056,0.15872234106063843,0.15781795978546143
test,142_v2_7_content_syedshameersarwar_DocumentSimilarityChecker_pdfReader.py_cleaned.png,2,4,0.17523157596588135,0.17730937898159027,0.17610721290111542,0.14753763377666473,0.1844480037689209,0.13936616480350494
test,142_v2_91_content_mahsarazavi_Text-Classification_naivebayes.py_cleaned.png,2,1,0.17269636690616608,0.20132023096084595,0.14062784612178802,0.13398393988609314,0.15319976210594177,0.19817189872264862
test,143_v2_48_content_harishchellappa_Time-Series-Analysis-Bike-Sharing-Demand-Forecasting_forecasting_2.py_cleaned.png,2,2,0.2507206201553345,0.19333969056606293,0.2605917453765869,0.09236729145050049,0.10531537234783173,0.09766524285078049
test,143_v2_81_content_kiranathealea_regressionMachineLearning_Models.py_cleaned.png,2,2,0.15709944069385529,0.15052781999111176,0.17969508469104767,0.16211473941802979,0.1726040542125702,0.1779588907957077
test,143_v2_8_content_abpaudel_8-puzzle_iddfs.py_cleaned.png,2,1,0.14628131687641144,0.203867107629776,0.18045859038829803,0.1696871668100357,0.12779028713703156,0.1719154566526413
test,143_v2_93_content_EricElmoznino_rsa_emd_data_processing.py_cleaned.png,2,5,0.1461241990327835,0.17039959132671356,0.1749953329563141,0.15720191597938538,0.16731399297714233,0.18396495282649994
test,144_v2_25_content_aajanki_finnish-pos-accuracy_print_errors.py_cleaned.png,2,2,0.13785557448863983,0.17768661677837372,0.19851598143577576,0.18797087669372559,0.15133164823055267,0.14663928747177124
test,144_v2_76_content_shivgarg_twitter-sentiment_test.py_cleaned.png,2,0,0.2207150161266327,0.10738657414913177,0.17419131100177765,0.13829123973846436,0.20241789519786835,0.15699800848960876
test,144_v2_8_content_Omig12_dfs_delete.py_cleaned.png,2,5,0.1617807149887085,0.1904616504907608,0.1541733592748642,0.10706710070371628,0.1826191395521164,0.20389796793460846
test,144_v2_8_content_alexvking_comp150_bsts_optimal_bst_knuth_n3.py_cleaned.png,2,2,0.159133180975914,0.2032814472913742,0.23987631499767303,0.10199973732233047,0.1296314001083374,0.16607794165611267
test,144_v2_95_content_ravularohit_sms-spam-detection_spam_detection.py_cleaned.png,2,2,0.1257588118314743,0.1915103793144226,0.204966738820076,0.16939550638198853,0.1349577009677887,0.1734108328819275
test,145_v2_6_content_Utkagr_NLPrel_all_nltk.py_cleaned.png,2,1,0.14618907868862152,0.19262540340423584,0.18300782144069672,0.1771860122680664,0.15069100260734558,0.15030066668987274
test,145_v2_7_content_AastroLePetitRobot_Huffman-Coding_Huffman.py_cleaned.png,2,2,0.15525703132152557,0.21381540596485138,0.22212082147598267,0.16140572726726532,0.12838716804981232,0.11901377141475677
test,145_v2_7_content_jakobpederson_divisible_pair_sums_test_divisible_pair_sums.py_cleaned.png,2,0,0.20616023242473602,0.19397926330566406,0.13756950199604034,0.14713969826698303,0.13851743936538696,0.17663384974002838
test,145_v2_7_content_wallacelab_paper-maize-rhizosphere-2017_1b_PlotHeritabilities.py_cleaned.png,2,2,0.12053688615560532,0.18505056202411652,0.20802782475948334,0.18938443064689636,0.13914135098457336,0.1578589379787445
test,145_v2_88_content_NoFishLikeIan_Dijkstra_currency_currency_api.py_cleaned.png,2,2,0.1748219132423401,0.15353450179100037,0.18667522072792053,0.16773156821727753,0.17297492921352386,0.1442619264125824
test,145_v2_92_content_FranzScheerer_DES_x4.py_cleaned.png,2,1,0.22669367492198944,0.2593357264995575,0.17370696365833282,0.10815084725618362,0.11635611951351166,0.11575661599636078
test,145_v2_9_content_fritzwill_apriori-algorithm_apriori.py_cleaned.png,2,2,0.16892434656620026,0.14765983819961548,0.1895226389169693,0.13861960172653198,0.16704274713993073,0.1882307529449463
test,146_v2_7_content_Sbrown4321_Assignment_2_Assignment2.py_cleaned.png,2,2,0.10398317873477936,0.22775447368621826,0.24781444668769836,0.16261909902095795,0.09394197911024094,0.1638869196176529
test,146_v2_93_content_KordingLab_hilbert-constrained-gradient-descent_utils.py_cleaned.png,2,2,0.17793190479278564,0.17915911972522736,0.2446550726890564,0.17211489379405975,0.07875461876392365,0.14738430082798004
test,146_v2_9_content_muchlisinadi_ALPR-Indonesia_GenData.py_cleaned.png,2,2,0.1443455070257187,0.16814230382442474,0.19791512191295624,0.18574994802474976,0.13937805593013763,0.16446904838085175
test,147_v2_25_content_OlaRonning_ah16_corenlp_gen_dep_lemma.py_cleaned.png,2,2,0.15640054643154144,0.1736735701560974,0.19346891343593597,0.16899898648262024,0.14030683040618896,0.16715110838413239
test,147_v2_78_content_CalebABG_PyLSecureP2P_p2putils.py_cleaned.png,2,4,0.1638595312833786,0.20730449259281158,0.11137779802083969,0.1556294560432434,0.2194562405347824,0.14237245917320251
test,147_v2_7_content_TongTongX_HuffmanCompressor_huffman.py_cleaned.png,2,2,0.14507798850536346,0.15175960958003998,0.28344210982322693,0.1582297533750534,0.1140964925289154,0.14739398658275604
test,148_v2_26_content_Nofenigma_lt_lemma_prefixes_check_lt_prefixed_lemmas.py_cleaned.png,2,1,0.13898277282714844,0.19937804341316223,0.15941154956817627,0.19474613666534424,0.15409217774868011,0.15338928997516632
test,148_v2_7_content_bclark2_Unordered-Linear-Search_linearSearch.py_cleaned.png,2,3,0.16763073205947876,0.1754997968673706,0.17923450469970703,0.1808217465877533,0.15030857920646667,0.14650461077690125
test,148_v2_8_content_leocarr_smallestmultiple_smallestmult.py_cleaned.png,2,2,0.15767712891101837,0.16623318195343018,0.20171630382537842,0.16594721376895905,0.14133182168006897,0.1670943647623062
test,148_v2_97_content_DanialBeg_RSA-Decryption-CS111_decryption.py_cleaned.png,2,2,0.21060730516910553,0.1604447215795517,0.27524980902671814,0.1005733534693718,0.08769100904464722,0.1654338538646698
test,149_v2_7_content_DMHarish_Linear_search_LinearSearch.py_cleaned.png,2,2,0.16051684319972992,0.16396130621433258,0.186726912856102,0.16222728788852692,0.1672661453485489,0.1593014895915985
test,149_v2_81_content_Saiteja-Reddy_Basic-SFTP_caesar_cipher.py_cleaned.png,2,2,0.14721770584583282,0.19445571303367615,0.20025423169136047,0.19847923517227173,0.1341632902622223,0.12542977929115295
test,149_v2_99_content_utkarshpaliwal9_Predicting-apt-Linear-Regression-Degree_model2.py_cleaned.png,2,5,0.16984957456588745,0.15244925022125244,0.18425481021404266,0.14373698830604553,0.15125896036624908,0.19845044612884521
test,149_v2_9_content_ttm62_customized_RAKE_RAKE.py_cleaned.png,2,0,0.27829891443252563,0.1765448898077011,0.15004092454910278,0.13237625360488892,0.12997175753116608,0.13276731967926025
test,150_v2_9_content_krj9cr_Hybrid-Prim-Dijkstra-GUI_Node.py_cleaned.png,2,4,0.16945238411426544,0.144430011510849,0.15552668273448944,0.12807366251945496,0.23123174905776978,0.1712854951620102
test,210_v2_16_content_helloiamivan_crypto-quant_main.py_cleaned.png,2,0,0.20204558968544006,0.18580400943756104,0.18875619769096375,0.08270872384309769,0.18990762531757355,0.15077784657478333
test,249_v2_49_content_S-GH_WebtoonReply_Scraping-and-Sentiment_Analysis_2._Preprocess.py_cleaned.png,2,1,0.15377604961395264,0.20340876281261444,0.18269972503185272,0.17066971957683563,0.13519035279750824,0.1542554795742035
test,27_v2_1_content_vuolleko_pyTSNE_test_tsne_mnist.py_cleaned.png,2,1,0.16246554255485535,0.18479391932487488,0.16972331702709198,0.17646481096744537,0.1594940721988678,0.1470583826303482
test,297_v2_9_content_chaseycodes_StockX-Scraper_3-image_downloader.py_cleaned.png,2,5,0.13541282713413239,0.17230044305324554,0.2054024487733841,0.09937148541212082,0.1320401132106781,0.25547268986701965
test,29_v2_2_content_jdk20_tsne_main.py_cleaned.png,2,0,0.2407035231590271,0.2272505760192871,0.14008891582489014,0.07715653628110886,0.17931178212165833,0.13548864424228668
test,35_v2_11_content_harishchellappa_Time-Series-Analysis-Bike-Sharing-Demand-Forecasting_forecasting_2.py_cleaned.png,2,0,0.2533580958843231,0.21907633543014526,0.12894031405448914,0.11393661797046661,0.16761431097984314,0.1170743927359581
test,36_v2_11_content_harishchellappa_Time-Series-Analysis-Bike-Sharing-Demand-Forecasting_forecasting_passes.py_cleaned.png,2,1,0.12474147230386734,0.2949070930480957,0.17292377352714539,0.12860722839832306,0.11790293455123901,0.16091758012771606
test,37_v2_1_content_amazingspain_ExponentialSmoothing_finalWorldQuant.py_cleaned.png,2,2,0.14783208072185516,0.15670733153820038,0.20504790544509888,0.1731863021850586,0.1467597633600235,0.1704666018486023
test,41_v2_2_content_Liu-WeiYi_Private_Preserving_Outlier_Behavior_Detection_Abnormal_Scenario_Generation.py_cleaned.png,2,1,0.15979208052158356,0.1881263554096222,0.176094651222229,0.18643684685230255,0.15100646018981934,0.13854366540908813
test,42_v2_3_content_cdr6934_eSMA_ExpSMA.py_cleaned.png,2,1,0.14356310665607452,0.23169314861297607,0.18098388612270355,0.1005084291100502,0.16496719419956207,0.178284153342247
test,44_v2_6_content_hungph-dev-ict_simple-exponential-smoothing_main.py_cleaned.png,2,2,0.13115273416042328,0.205060675740242,0.22593525052070618,0.13680694997310638,0.1474459022283554,0.15359848737716675
test,49_v2_2_content_Rohit967_Outlier-Analysis-With-Python_OutlierAnalysis.py_cleaned.png,2,1,0.14185155928134918,0.2191726118326187,0.19588272273540497,0.14318156242370605,0.15159639716148376,0.1483151912689209
test,86_v2_14_content_MGhousSarwar_Algorithm-Analysis_Script.py_cleaned.png,2,2,0.11581302434206009,0.1642090529203415,0.2187574803829193,0.20074588060379028,0.14163021743297577,0.15884435176849365
test,90_v2_1_content_smbanaie_floyd-warshall-python_Main.py_cleaned.png,2,2,0.13562878966331482,0.1892939805984497,0.19052758812904358,0.1883154958486557,0.1501055508852005,0.1461285650730133
test,97_v2_100_content_cem8301_DataCleaningForInformedPurchases_middlewares.py_cleaned.png,2,2,0.1375744342803955,0.16239403188228607,0.20094917714595795,0.1882585734128952,0.12178868055343628,0.1890350878238678
test,97_v2_5_content_Abdallah-Elshamy_floyd-warshall_APSP-Floyd_Warshall.py_cleaned.png,2,1,0.15456624329090118,0.18499240279197693,0.1748250275850296,0.15627163648605347,0.16111983358860016,0.1682247817516327
test,98_v2_10_content_iJohnMaged_Huffman-Coding_fileIO.py_cleaned.png,2,2,0.1596430391073227,0.1634441763162613,0.19545423984527588,0.18050257861614227,0.1397918313741684,0.16116410493850708
test,99_v2_14_content_udwivedi394_binaryTree_ksumPath.py_cleaned.png,2,0,0.18569086492061615,0.17905816435813904,0.16469158232212067,0.16790343821048737,0.14936360716819763,0.15329235792160034
test,122_v3_14_content_MGhousSarwar_Algorithm-Analysis_Script.py_cleaned.png,3,1,0.14351750910282135,0.18769924342632294,0.1588437706232071,0.18636202812194824,0.1675633192062378,0.15601414442062378
test,126_v3_1_content_smbanaie_floyd-warshall-python_Main.py_cleaned.png,3,2,0.13209974765777588,0.19651702046394348,0.1984987109899521,0.17204169929027557,0.14553634822368622,0.1553063690662384
test,136_v3_6_content_1siddhi7_Floyd-Warshall_fw.py_cleaned.png,3,4,0.15298262238502502,0.16831709444522858,0.15373960137367249,0.16592390835285187,0.18701030313968658,0.17202648520469666
test,146_v3_10_content_circulosmeos_haveibeenpwned-binary_pwned-pass-binary-fast.py_cleaned.png,3,4,0.17641665041446686,0.17228658497333527,0.14570939540863037,0.15332084894180298,0.20508968830108643,0.1471768170595169
test,146_v3_14_content_udwivedi394_binaryTree_ksumPath.py_cleaned.png,3,2,0.14374609291553497,0.18003526329994202,0.19991451501846313,0.16550378501415253,0.13240571320056915,0.17839457094669342
test,147_v3_13_content_odiliohafidh_Pencarian-Rumahsakit-Terdekat-dengan-metode-dfs-dan-bfs-python-_cari_rumsakit.py_cleaned.png,3,2,0.15286095440387726,0.17814983427524567,0.18130114674568176,0.16673041880130768,0.1560290902853012,0.16492855548858643
test,148_v3_10_content_iJohnMaged_Huffman-Coding_fileIO.py_cleaned.png,3,0,0.19641686975955963,0.15106996893882751,0.1715487390756607,0.13229571282863617,0.1628972738981247,0.18577148020267487
test,148_v3_10_content_stensonowen_factorial_bot_fact_bot.py_cleaned.png,3,5,0.12744392454624176,0.1825111210346222,0.1741417646408081,0.14681386947631836,0.14548173546791077,0.22360767424106598
test,149_v3_ 1_content_sadnessFree_arima-lstm_arima-order.py_cleaned.png,3,4,0.1603519320487976,0.18332795798778534,0.15808047354221344,0.13364696502685547,0.20003904402256012,0.1645536571741104
test,149_v3_11_content_pprzygodzk_binary_search-prime_numbers_binarysearch.py_cleaned.png,3,2,0.15747001767158508,0.17959272861480713,0.1894402801990509,0.17776291072368622,0.15350426733493805,0.14222978055477142
test,149_v3_13_content_fangzhengzhu_minst-knn_imgReader.py_cleaned.png,3,5,0.17976805567741394,0.1476859748363495,0.1871720254421234,0.1538185030221939,0.13712653517723083,0.1944289654493332
test,150_v3_10_content_Bala96_Recursive-Func_nestedeaser.py_cleaned.png,3,4,0.16405148804187775,0.1520003229379654,0.14933666586875916,0.1672089695930481,0.18766799569129944,0.17973460257053375
test,150_v3_10_content_tjazerzen_a_star_algorithm_helper_functions.py_cleaned.png,3,2,0.15951144695281982,0.12901943922042847,0.21115878224372864,0.1376182585954666,0.17309711873531342,0.18959490954875946
test,150_v3_11_content_rburkholder_debconf-get-selections-sort_seed.sort.py_cleaned.png,3,2,0.14151936769485474,0.19962523877620697,0.21181133389472961,0.1763107180595398,0.12600505352020264,0.14472834765911102
test,151_v3_10_content_analyticsbot_document-similarity_document_similarity_nlevenstein.py_cleaned.png,3,1,0.1836826354265213,0.21348309516906738,0.17938001453876495,0.12221226096153259,0.16637057065963745,0.13487151265144348
test,151_v3_11_content_reo11_aes-for-japanese-learner_predict_with_bert.py_cleaned.png,3,1,0.13960294425487518,0.18788358569145203,0.17636992037296295,0.18627555668354034,0.15101729333400726,0.15885066986083984
test,151_v3_15_content_Areege_Binary-and-Trinary-Search-Trees_SourceCode.py_cleaned.png,3,1,0.17460520565509796,0.18381677567958832,0.17563773691654205,0.17133623361587524,0.11906889826059341,0.175535187125206
test,152_v3_10_content_mahimagupta_NLP-Research-Project-_test2.py_cleaned.png,3,4,0.18850688636302948,0.17020538449287415,0.1722969114780426,0.10936909914016724,0.2081402838230133,0.15148137509822845
test,152_v3_11_content_Meghali-Nandi_DNA-PATTERN-MATCHER_dna_matching.py_cleaned.png,3,2,0.08455498516559601,0.1870749443769455,0.21810844540596008,0.1920144110918045,0.15213729441165924,0.16610997915267944
test,152_v3_12_content_aabulhaj_SpectralClustering_spectral_clustering.py_cleaned.png,3,3,0.15096071362495422,0.15002910792827606,0.18718111515045166,0.18954089283943176,0.16602203249931335,0.15626610815525055
test,152_v3_14_content_atakanipekci_QuickSortLomutoAndHoare_quickSortsComp.py_cleaned.png,3,5,0.13422635197639465,0.1646266132593155,0.1837100386619568,0.14562661945819855,0.16691450774669647,0.20489592850208282
test,152_v3_17_content_Selentiym_bigHWonOrderedSets_hw3.py_cleaned.png,3,4,0.15817759931087494,0.18776550889015198,0.18530187010765076,0.14175565540790558,0.18782681226730347,0.13917258381843567
test,152_v3_1_content_jdmcpeek_pretty-print-binary-tree_tree.py_cleaned.png,3,2,0.16863690316677094,0.1838386058807373,0.1896069347858429,0.15111930668354034,0.16588135063648224,0.14091698825359344
test,152_v3_2_content_imset_Perfect-Numbers_perfNum.py_cleaned.png,3,5,0.14893129467964172,0.16123662889003754,0.16676795482635498,0.1682613343000412,0.17734186351299286,0.17746098339557648
test,153_v3_12_content_Subhamacademia_Efficient-way-to-Check-the-Divisibility-of-a-Number-by-Three_ex0.py_cleaned.png,3,5,0.15954788029193878,0.15828223526477814,0.16607491672039032,0.13849154114723206,0.17152439057826996,0.20607903599739075
test,153_v3_12_content_kevinyang372_San-Francisco-crime-data-analysis_datasource.py_cleaned.png,3,0,0.19743211567401886,0.1636957824230194,0.14874333143234253,0.14236845076084137,0.18500888347625732,0.16275140643119812
test,153_v3_13_content_isabellavieira57_dijkstra-fractionalKnapsack-polynomialMultiplication_question2a.py_cleaned.png,3,5,0.1451965719461441,0.15766075253486633,0.15373043715953827,0.1520891636610031,0.1473885178565979,0.2439345270395279
test,153_v3_16_content_drdeford_KruskalFlows_networkflows2.py_cleaned.png,3,2,0.15894131362438202,0.2088339477777481,0.20911145210266113,0.10150852054357529,0.17699696123600006,0.144607812166214
test,153_v3_19_content_vickyabi_singly-linked-list_singly_linked_list.py_cleaned.png,3,1,0.12604905664920807,0.20647674798965454,0.19629472494125366,0.17985495924949646,0.13911117613315582,0.15221329033374786
test,154_v3_13_content_alu0100821390_diffie-hellman_diffie-hellman.py_cleaned.png,3,1,0.15351110696792603,0.19402499496936798,0.18653720617294312,0.16572977602481842,0.16172000765800476,0.13847683370113373
test,154_v3_14_content_lucascamposj_huffman-coding_huffman_decode.py_cleaned.png,3,2,0.1466440111398697,0.19520775973796844,0.21025703847408295,0.17519913613796234,0.12204854935407639,0.15064354240894318
test,154_v3_15_content_VakinduPhilliam_Pattern_Matching_Python_Difflib_Pattern_Matching_CL_Interface.py_cleaned.png,3,2,0.151236891746521,0.16081519424915314,0.19219930469989777,0.171115443110466,0.1573803871870041,0.16725271940231323
test,154_v3_29_content_zcogley_Bubble-Sort_bubble_sort.py_cleaned.png,3,5,0.14140763878822327,0.21965105831623077,0.1680174171924591,0.09783664345741272,0.1134776622056961,0.2596096098423004
test,155_v3_16_content_aplested_verify_PlotParam.py_cleaned.png,3,2,0.1448441445827484,0.19916389882564545,0.20237550139427185,0.1377972513437271,0.14585918188095093,0.16995999217033386
test,155_v3_17_content_davidbhan_IntelligentPatents_NLP_functions.py_cleaned.png,3,2,0.13072426617145538,0.17863605916500092,0.19895505905151367,0.182702898979187,0.15270555019378662,0.15627622604370117
test,155_v3_17_content_kwikadi_BFS-v-DFS_dfs.py_cleaned.png,3,0,0.17699240148067474,0.16831663250923157,0.17425566911697388,0.16948263347148895,0.17057335376739502,0.14037926495075226
test,155_v3_1_content_mattjj_pyhsmm-factorial_util.py_cleaned.png,3,2,0.15833966434001923,0.17576298117637634,0.2035309225320816,0.1336803436279297,0.15372173488140106,0.17496444284915924
test,155_v3_1_content_zsra_RSA_keygen_prime.py_cleaned.png,3,2,0.1496371477842331,0.17450399696826935,0.18204261362552643,0.1704108715057373,0.16789230704307556,0.15551304817199707
test,155_v3_23_content_ymohanty_data-analysis_analysis.py_cleaned.png,3,1,0.17095623910427094,0.18270370364189148,0.17087693512439728,0.17925266921520233,0.14923065900802612,0.14697977900505066
test,155_v3_24_content_cagrias_django-rabbitmq-celery-docker-example_manage.py_cleaned.png,3,5,0.12560269236564636,0.15535232424736023,0.18229086697101593,0.15898488461971283,0.13179735839366913,0.24597196280956268
test,155_v3_25_content_unifiprojects_TemporalGraphs_DFS-v1.py_cleaned.png,3,2,0.12884537875652313,0.14817999303340912,0.22081540524959564,0.15861567854881287,0.14654728770256042,0.19699615240097046
test,156_v3_13_content_frederikpietzko_fun_with_python_gdc_euclidian_algorithm.py_cleaned.png,3,2,0.16651225090026855,0.1813587099313736,0.2186211496591568,0.165958434343338,0.135893315076828,0.13165615499019623
test,156_v3_19_content_AlbCalv_kruskal-algorithm_Kruskal.py_cleaned.png,3,2,0.15472093224525452,0.18808650970458984,0.21579903364181519,0.16257256269454956,0.11812736093997955,0.16069363057613373
test,156_v3_1_content_MarcoForte_knn-matting_knn_matting.py_cleaned.png,3,3,0.16983921825885773,0.16876602172851562,0.18462607264518738,0.20358853042125702,0.14136838912963867,0.13181172311306
test,156_v3_21_content_rahul494_Mental-Health-On-Twitter-Analysis_relevant_tweet_filter.py_cleaned.png,3,2,0.16580341756343842,0.17917540669441223,0.26314401626586914,0.1422002762556076,0.10209597647190094,0.14758095145225525
test,157_v3_14_content_Robo-Sapien_Maze-Perilous-Real-Time-Implemention-of-Dijkstra-Algorithm_pixel_values.py_cleaned.png,3,2,0.12894535064697266,0.1814095377922058,0.23353606462478638,0.17924949526786804,0.10663401335477829,0.17022553086280823
test,157_v3_16_content_johnllanos_selection_sort.py_selection_sort.py_cleaned.png,3,5,0.16369494795799255,0.12924861907958984,0.18753883242607117,0.1347332000732422,0.18602332472801208,0.19876112043857574
test,157_v3_16_content_mor3dr3ad_gcdRecur_gdcRecur.py_cleaned.png,3,0,0.20510873198509216,0.14512549340724945,0.16762705147266388,0.11947573721408844,0.190888449549675,0.17177456617355347
test,157_v3_17_content_skvorekn_arima_model.py_cleaned.png,3,1,0.16305077075958252,0.22806227207183838,0.22578305006027222,0.20306940376758575,0.08057073503732681,0.0994638055562973
test,157_v3_1_content_akhilesh1311_MazeSolver_hard_maze.py_cleaned.png,3,1,0.14670076966285706,0.2156444787979126,0.16269536316394806,0.16470520198345184,0.1572473794221878,0.15300685167312622
test,157_v3_1_content_colettebedoya_primsAndKruskal_DisjointSet.py_cleaned.png,3,2,0.14013196527957916,0.206325501203537,0.21315938234329224,0.15783070027828217,0.14043501019477844,0.1421174705028534
test,157_v3_1_content_dedeco_dijkstra-bellman-ford_vertice.py_cleaned.png,3,2,0.12720228731632233,0.16263091564178467,0.20638686418533325,0.1670079529285431,0.14992673695087433,0.18684524297714233
test,157_v3_1_content_nikitaa30_Content-based-Recommender-System_recommender_system.py_cleaned.png,3,3,0.13857229053974152,0.18379536271095276,0.16943193972110748,0.1876899003982544,0.1506623774766922,0.16984812915325165
test,157_v3_21_content_p-kim1_Image-Segmentation-with-K-means_kmeans.py_cleaned.png,3,5,0.1508537083864212,0.18337558209896088,0.15652945637702942,0.15838834643363953,0.1420845240354538,0.20876839756965637
test,157_v3_24_content_lesdev_SortingMethods_Insertion.py_cleaned.png,3,2,0.1703258603811264,0.160674586892128,0.1959735006093979,0.17154425382614136,0.1378048062324524,0.16367700695991516
test,158_v3_23_content_xaviergoby_ConvLSTM-Computer-Vision-for-Structural-Health-Monitoring-SHM-and-NonDestructive-Testing-NDT_settings.py_cleaned.png,3,4,0.1693120300769806,0.17153199017047882,0.18094280362129211,0.14564187824726105,0.18334992229938507,0.14922136068344116
test,159_v3_16_content_SemyonMakhaev_elliptic-curve_main.py_cleaned.png,3,3,0.16083332896232605,0.15591099858283997,0.18507450819015503,0.20005349814891815,0.1504671573638916,0.14766047894954681
test,159_v3_1_content_0x27_shodan_key_checker_shodankeys.py_cleaned.png,3,5,0.15536460280418396,0.19393838942050934,0.160686194896698,0.13638532161712646,0.14534340798854828,0.20828209817409515
test,159_v3_23_content_jfb125_pythonLinkedLists_ex13.py_cleaned.png,3,0,0.18673712015151978,0.1674605756998062,0.17410221695899963,0.14532513916492462,0.17315497994422913,0.15321998298168182
test,159_v3_24_content_Patrik-Stas_kata-bst-tree_bst_ll.py_cleaned.png,3,1,0.14741936326026917,0.19948752224445343,0.15587042272090912,0.15879981219768524,0.15514108538627625,0.1832818239927292
test,159_v3_25_content_SaadatRizvi_Movie-Recommendation-System_collaborative-filtering.py_cleaned.png,3,1,0.1732168048620224,0.18511909246444702,0.18480601906776428,0.13634884357452393,0.15810200572013855,0.16240717470645905
test,160_v3_11_content_sichen-x_search-engine_myhtable_search.py_cleaned.png,3,4,0.1752702295780182,0.14783816039562225,0.14338776469230652,0.16238106787204742,0.18811163306236267,0.18301109969615936
test,160_v3_15_content_Dhruv-Panchal_AES_socket_GUI_decryptor.py_cleaned.png,3,2,0.1412220150232315,0.2009258270263672,0.2143855094909668,0.15189629793167114,0.12007205188274384,0.17149823904037476
test,160_v3_24_content_SajjadAemmi_Text-Summarization_main.py_cleaned.png,3,2,0.11222811043262482,0.18860496580600739,0.2745906710624695,0.1482822448015213,0.09958240389823914,0.1767115592956543
test,160_v3_31_content_igoreliasm_binary-tree_arvore.py_cleaned.png,3,2,0.08306881785392761,0.17450976371765137,0.26887357234954834,0.2207775115966797,0.1157619059085846,0.1370084583759308
test,160_v3_32_content_mahtabfarrokh_classic-search_Astar.py_cleaned.png,3,4,0.17541885375976562,0.14017938077449799,0.1731780618429184,0.15019404888153076,0.19692644476890564,0.16410332918167114
test,160_v3_34_content_dvsa_cvs-tsk-dlq-handler_dlq_handler.py_cleaned.png,3,2,0.15131744742393494,0.18471458554267883,0.19814753532409668,0.15244130790233612,0.15930728614330292,0.15407173335552216
test,161_v3_12_content_ianscottknight_Predicting-Myers-Briggs-Type-Indicator-with-Recurrent-Neural-Networks_make_training_set.py_cleaned.png,3,0,0.19269616901874542,0.1869637817144394,0.16933214664459229,0.13173940777778625,0.1511249542236328,0.16814354062080383
test,161_v3_19_content_mgersalan_Unsorted-Median-Spark-AWS_unsorted_median.py_cleaned.png,3,5,0.16239267587661743,0.1686839461326599,0.14827437698841095,0.17862902581691742,0.15352562069892883,0.18849427998065948
test,161_v3_24_content_Am4teur_LinkedList_LL0.py_cleaned.png,3,2,0.18103927373886108,0.15278498828411102,0.18571095168590546,0.14600174129009247,0.15555331110954285,0.17890971899032593
test,161_v3_31_content_jwjohns_binary-tree_python_binary_tree_search.py_cleaned.png,3,2,0.18924777209758759,0.14777612686157227,0.20045146346092224,0.19377411901950836,0.12875396013259888,0.13999660313129425
test,161_v3_33_content_gquintela_bfs_graph.py_cleaned.png,3,0,0.19495199620723724,0.15296640992164612,0.18857920169830322,0.1059742271900177,0.18451184034347534,0.17301641404628754
test,162_v3_14_content_Dawlatly_Recommender-system_kmeans.py_cleaned.png,3,2,0.14163286983966827,0.16347737610340118,0.23396573960781097,0.20129023492336273,0.1414230614900589,0.11821061372756958
test,162_v3_1_content_aviralmathur_Word2Vec_SKU_Desc.py_cleaned.png,3,1,0.16179968416690826,0.18891018629074097,0.18466423451900482,0.18194803595542908,0.1413811594247818,0.14129678905010223
test,162_v3_28_content_Jvictor97_YellowFever_randDate.py_cleaned.png,3,2,0.14014439284801483,0.17718330025672913,0.19486454129219055,0.14035484194755554,0.1667354255914688,0.18071754276752472
test,162_v3_33_content_hexingwei_Binary-tree_tree.py_cleaned.png,3,0,0.28145840764045715,0.23451676964759827,0.10318438708782196,0.11869906634092331,0.14775562286376953,0.11438571661710739
test,162_v3_3_content_iykadev_pyalgo_binarySearch.py_cleaned.png,3,1,0.15614965558052063,0.18489977717399597,0.16883791983127594,0.15558907389640808,0.167062908411026,0.1674606204032898
test,163_v3_1_content_marcsantiago_one_time_pad_encryption_cmd_otp_utility.py_cleaned.png,3,2,0.1249886006116867,0.17537741363048553,0.24157515168190002,0.19530732929706573,0.10507870465517044,0.15767285227775574
test,163_v3_1_content_rcorcs_apref_tests.py_cleaned.png,3,1,0.16739942133426666,0.22007378935813904,0.1917450875043869,0.08762951195240021,0.13908521831035614,0.19406700134277344
test,163_v3_1_content_sadnessFree_arima-lstm_combine-linear.py_cleaned.png,3,2,0.1357031762599945,0.16702333092689514,0.2878801226615906,0.18861424922943115,0.11854288727045059,0.10223618894815445
test,163_v3_27_content_ppplinday_Picture-Classification-PCA-KNN_KNN-PCA.py_cleaned.png,3,2,0.11435572803020477,0.19924764335155487,0.206246480345726,0.2049514800310135,0.11418576538562775,0.16101288795471191
test,163_v3_29_content_SomeshKashyap_Hierarchical-Clustering_HierarchicalClustering.py_cleaned.png,3,5,0.13822461664676666,0.19756904244422913,0.18294109404087067,0.1317850798368454,0.13246798515319824,0.2170121669769287
test,164_v3_15_content_VakinduPhilliam_Pattern_Matching_Python_Fnmatch_fnmatch.py_cleaned.png,3,0,0.24942809343338013,0.09044309705495834,0.11877194792032242,0.12479587644338608,0.20564410090446472,0.21091681718826294
test,164_v3_17_content_pandaychen_AES_udpserver_aes_udpserver.py_cleaned.png,3,2,0.11461958289146423,0.1900407075881958,0.21810957789421082,0.189064621925354,0.13061875104904175,0.15754681825637817
test,164_v3_1_content_sadnessFree_arima-lstm_combine-svm.py_cleaned.png,3,1,0.151777446269989,0.31404656171798706,0.19487479329109192,0.12304671108722687,0.11123154312372208,0.10502295196056366
test,164_v3_21_content_AntonisFK_selection_sort_python_selectionSort.py_cleaned.png,3,4,0.1688297837972641,0.16863499581813812,0.14249871671199799,0.13505424559116364,0.21825991570949554,0.1667223572731018
test,164_v3_26_content_alex-code4okc_LinkedList_linkedlist.py_cleaned.png,3,2,0.12163081020116806,0.19035659730434418,0.2153550386428833,0.1956416666507721,0.12937559187412262,0.14764030277729034
test,164_v3_29_content_AouinaOns_K-Means-Clustering_K-means.py_cleaned.png,3,2,0.1472988873720169,0.17347224056720734,0.19433929026126862,0.186702162027359,0.14179614186286926,0.15639132261276245
test,164_v3_29_content_rahuljohnny_Bangla_OCR_Using_KNN_class_contour.py_cleaned.png,3,4,0.15447589755058289,0.16278189420700073,0.169866144657135,0.16890814900398254,0.17597061395645142,0.1679973155260086
test,164_v3_2_content_cvwilliams_BellmanFord-Python_client.py_cleaned.png,3,2,0.1649344116449356,0.16611528396606445,0.1984243392944336,0.15702186524868011,0.15599341690540314,0.1575106978416443
test,164_v3_38_content_NicholasKobald_Tree-Traversals_traversals.py_cleaned.png,3,1,0.13228587806224823,0.3180471956729889,0.20440693199634552,0.09953039884567261,0.09374447911977768,0.15198516845703125
test,165_v3_29_content_sanchikagn_geyser-eruptions-k-means_clusters_plotted.py_cleaned.png,3,2,0.14157995581626892,0.1751808524131775,0.19275341928005219,0.1786046028137207,0.15312230587005615,0.15875886380672455
test,165_v3_2_content_WenjieLuo2333_ModuleDesign_Alert_module.py_cleaned.png,3,2,0.15163254737854004,0.18441858887672424,0.18921011686325073,0.16781090199947357,0.1528289020061493,0.15409885346889496
test,165_v3_2_content_facebookresearch_reward-estimator-corl_configurations_continuous_sparse.py_cleaned.png,3,2,0.15205642580986023,0.16038677096366882,0.21752820909023285,0.21338050067424774,0.12424642592668533,0.13240167498588562
test,165_v3_2_content_zalayo_Hierarchical-Linkage-Regression_HLRtest.py_cleaned.png,3,2,0.19947601854801178,0.12920109927654266,0.20105309784412384,0.166395366191864,0.14677339792251587,0.15710105001926422
test,165_v3_41_content_rinky97_polynomial-regression_my.py_cleaned.png,3,1,0.13189281523227692,0.19517230987548828,0.19401396811008453,0.14873458445072174,0.15283538401126862,0.1773509979248047
test,165_v3_42_content_tesladodger_Fibonacci_fibonacci.py_cleaned.png,3,2,0.1293001025915146,0.1963329017162323,0.26381146907806396,0.1772228330373764,0.11202268302440643,0.12131010740995407
test,166_v3_1_content_josgard94_JPEG_generador_huffman_code.py_cleaned.png,3,1,0.14188988506793976,0.2323765903711319,0.2145836502313614,0.12997114658355713,0.12445911765098572,0.15671969950199127
test,166_v3_20_content_higirodj_Dijkstra_dijkstra.py_cleaned.png,3,5,0.13036251068115234,0.22256746888160706,0.18806762993335724,0.13552339375019073,0.09764792025089264,0.22583109140396118
test,166_v3_23_content_AMARPATEEL_Selection-sort-in-python_selection_by_user_input.py_cleaned.png,3,0,0.2075931280851364,0.12490791827440262,0.16416814923286438,0.15986056625843048,0.1705065816640854,0.1729636788368225
test,166_v3_29_content_vtheno_kNN_one_line.py_cleaned.png,3,5,0.13642846047878265,0.17723311483860016,0.17949852347373962,0.13445067405700684,0.16416992247104645,0.20821933448314667
test,166_v3_44_content_Mazuh_Fibonacci_fib_benchmark.py_cleaned.png,3,3,0.15322163701057434,0.17676229774951935,0.15790410339832306,0.18251849710941315,0.16429494321346283,0.1652984619140625
test,166_v3_46_content_ThallysSo_criptografia-rsa_criptografia.py_cleaned.png,3,2,0.17776475846767426,0.17000992596149445,0.2150539606809616,0.14572744071483612,0.1553315371274948,0.13611236214637756
test,167_v3_13_content_Pedinpsy_-inverted-index-search_main.py_cleaned.png,3,2,0.15680111944675446,0.18960578739643097,0.2244666963815689,0.19985318183898926,0.12086530029773712,0.10840781033039093
test,167_v3_19_content_Gorresio_easyAES256_easyAES256.py_cleaned.png,3,2,0.13716547191143036,0.1541924625635147,0.23782362043857574,0.23270021378993988,0.10495039075613022,0.13316775858402252
test,167_v3_23_content_cheewoei1997_dijkstras-algorithm_graphFunctions.py_cleaned.png,3,2,0.13719399273395538,0.16419582068920135,0.2075212001800537,0.19319908320903778,0.14152763783931732,0.15636225044727325
test,167_v3_25_content_jimmy-ly00_DHE-prime-grabber_find_primes.py_cleaned.png,3,2,0.11886675655841827,0.17253482341766357,0.23397454619407654,0.23046784102916718,0.10473153740167618,0.13942448794841766
test,167_v3_35_content_fireclawthefox_DirectGuiDesigner_setup_p3d.py_cleaned.png,3,2,0.15025977790355682,0.15798687934875488,0.1836024522781372,0.17584432661533356,0.15052565932273865,0.1817808598279953
test,167_v3_3_content_iykadev_pyalgo_bresenhams_line_algo.py_cleaned.png,3,1,0.13215085864067078,0.21671487390995026,0.1872316151857376,0.167867973446846,0.12675249576568604,0.16928215324878693
test,168_v3_16_content_NB-prog_INTERN-2019_similarity_eval.py_cleaned.png,3,1,0.17611108720302582,0.18897521495819092,0.16646671295166016,0.14300252497196198,0.17671115696430206,0.14873333275318146
test,168_v3_1_content_sadnessFree_arima-lstm_lstm_keras.py_cleaned.png,3,2,0.1547410488128662,0.16100351512432098,0.17895202338695526,0.17057600617408752,0.15946081280708313,0.1752665638923645
test,168_v3_30_content_Aishwarya1401_Diabetic-Retinopathy-Project-Deep-Learning-_KNN_RawImage.py_cleaned.png,3,2,0.1499110609292984,0.1829356551170349,0.18310973048210144,0.1557266116142273,0.15951600670814514,0.16880099475383759
test,168_v3_30_content_rogerdenisvieira_bidirectional-conditional-insertion-sort_unit_tests.py_cleaned.png,3,3,0.16312485933303833,0.17291942238807678,0.18411320447921753,0.19762460887432098,0.12784022092819214,0.15437765419483185
test,168_v3_44_content_suzheng123_BFS_N-aryTreeLevel.py_cleaned.png,3,0,0.22995717823505402,0.17326493561267853,0.2016998529434204,0.11442703753709793,0.16290993988513947,0.11774107068777084
test,168_v3_49_content_mrsondeptrai1999_RSA_Summer_2017_project_Decryption.py_cleaned.png,3,4,0.15975065529346466,0.14708223938941956,0.14851583540439606,0.1293468177318573,0.20962555706501007,0.20567892491817474
test,168_v3_49_content_pranurs_regression-model_main.py_cleaned.png,3,1,0.14142219722270966,0.19851456582546234,0.19145894050598145,0.16814815998077393,0.15117047727108002,0.14928562939167023
test,169_v3_26_content_hemidactylus_skanfixer_sfUtilities.py_cleaned.png,3,5,0.1444006711244583,0.1782703697681427,0.17465096712112427,0.15913809835910797,0.14459802210330963,0.19894184172153473
test,169_v3_27_content_mskroar18_GraphWizard_edge.py_cleaned.png,3,5,0.16795451939105988,0.12416006624698639,0.200898677110672,0.1595878154039383,0.14399462938308716,0.20340436697006226
test,169_v3_2_content_Lok-lok_TestLinkedList_LinkedList.py_cleaned.png,3,1,0.1514122486114502,0.23665133118629456,0.19296464323997498,0.16400745511054993,0.13927045464515686,0.11569398641586304
test,169_v3_36_content_hasanunl_Hierarchical-Clustering-in-Python-Training_hc_training.py_cleaned.png,3,2,0.16241878271102905,0.20366403460502625,0.20641417801380157,0.15675154328346252,0.13114652037620544,0.13960494101047516
test,169_v3_40_content_alttch_pyaltt_test.py_cleaned.png,3,2,0.09626574069261551,0.17907455563545227,0.24661649763584137,0.19125552475452423,0.11431030184030533,0.17247739434242249
test,169_v3_4_content_MphoKunene_Machine_learning-Polynomial-regression_poly.py_cleaned.png,3,2,0.13967375457286835,0.20471039414405823,0.225002259016037,0.16395412385463715,0.11395102739334106,0.1527084857225418
test,170_v3_22_content_Raxev_datastructures3_huffElement.py_cleaned.png,3,2,0.10492903739213943,0.16835026443004608,0.23738788068294525,0.15099261701107025,0.12579472362995148,0.2125454843044281
test,170_v3_26_content_AbdelrhmanKhater_Comparison-between-linked-list-and-array-during-using-selection-sort_Linkedlist.py_cleaned.png,3,2,0.14145128428936005,0.21753843128681183,0.2748013436794281,0.11829821765422821,0.10651672631502151,0.1413939744234085
test,170_v3_26_content_bahadircolak44_EllipticCurve_PointAddition.py_cleaned.png,3,1,0.1790219247341156,0.26272135972976685,0.1287941038608551,0.1423528492450714,0.13988573849201202,0.1472240537405014
test,170_v3_33_content_Howellp80_Algorithms---Merge-Sort-vs-Insertion-Sort_hw1.py_cleaned.png,3,2,0.1579154133796692,0.15129104256629944,0.20103880763053894,0.1610768735408783,0.14828962087631226,0.18038822710514069
test,170_v3_36_content_mskroar18_GraphWizard_edge.py_cleaned.png,3,4,0.17179185152053833,0.151814803481102,0.15815789997577667,0.15219824016094208,0.18829776346683502,0.1777394711971283
test,170_v3_41_content_antoinewg_ocr-tfidf_reducer3.py_cleaned.png,3,2,0.14538851380348206,0.17736296355724335,0.19525115191936493,0.15995502471923828,0.16075406968593597,0.1612882763147354
test,170_v3_41_content_sweeneyde_IndexedHeap_dijkstra.py_cleaned.png,3,2,0.1474153697490692,0.17315423488616943,0.20047031342983246,0.14931628108024597,0.1451709270477295,0.18447290360927582
test,170_v3_53_content_ekaktusz_rsa-example_rsa.py_cleaned.png,3,5,0.1408650130033493,0.1677267998456955,0.1822090744972229,0.17818577587604523,0.14772512018680573,0.18328826129436493
test,171_v3_1_content_jim-spyropoulos_Trajectory-Analysis-and-Classification-in-Python-Pandas-and-Scikit-Learn_down_left_point.py_cleaned.png,3,2,0.14218951761722565,0.19245290756225586,0.20605024695396423,0.15899646282196045,0.1442653387784958,0.15604552626609802
test,171_v3_23_content_xuwangme_huffmanTree_Main.py_cleaned.png,3,0,0.2199609875679016,0.14415304362773895,0.16896504163742065,0.1430741846561432,0.16908419132232666,0.15476258099079132
test,171_v3_26_content_AbdelrhmanKhater_Comparison-between-linked-list-and-array-during-using-selection-sort_main.py_cleaned.png,3,3,0.1270669400691986,0.18841814994812012,0.17142146825790405,0.19650141894817352,0.17218421399593353,0.14440776407718658
test,171_v3_26_content_ivanji_diffie-hellman-algorithm_diffie-hellman.py_cleaned.png,3,2,0.15624888241291046,0.1699558049440384,0.21496865153312683,0.1468033641576767,0.16021162271499634,0.15181167423725128
test,171_v3_36_content_cyndyishida_QueueQuickSort_linked_queue.py_cleaned.png,3,1,0.10138945281505585,0.301521360874176,0.1303269863128662,0.0678010880947113,0.1444585919380188,0.2545025050640106
test,171_v3_3_content_iykadev_pyalgo_deepFirstSearch.py_cleaned.png,3,4,0.17753782868385315,0.1382247656583786,0.178193598985672,0.15454602241516113,0.20074975490570068,0.15074793994426727
test,171_v3_3_content_riteshkasat_Community-Detection-Algorithm_detect_community.py_cleaned.png,3,3,0.14271056652069092,0.18281543254852295,0.18501605093479156,0.18542149662971497,0.14584267139434814,0.15819381177425385
test,171_v3_55_content_Ali-Ouahhabi_AesRsa_cipher_structure.py_cleaned.png,3,2,0.11763759702444077,0.17072461545467377,0.21084147691726685,0.19045905768871307,0.12846030294895172,0.18187689781188965
test,172_v3_18_content_Mital188_Logistic-Regression_logistic_regression.py_cleaned.png,3,2,0.13435934484004974,0.18516871333122253,0.19080998003482819,0.1507817804813385,0.163316011428833,0.175564244389534
test,172_v3_2_content_swapnilg915_cosine_similarity_using_embeddings_spacy_embeddings.py_cleaned.png,3,3,0.14491458237171173,0.17133881151676178,0.1701785922050476,0.18017059564590454,0.1713436245918274,0.16205382347106934
test,172_v3_3_content_sharifahmad2061_routing_algorithm_DVR.py_cleaned.png,3,4,0.2106160819530487,0.18286824226379395,0.11488714069128036,0.13632254302501678,0.2106747180223465,0.1446312516927719
test,172_v3_55_content_Jozhus_RSA-And-Linear-Cipher_RSA.py_cleaned.png,3,3,0.15790818631649017,0.16765527427196503,0.18371380865573883,0.18420915305614471,0.14053910970687866,0.1659744381904602
test,172_v3_59_content_SMByC_PCA4CD_pca4cd.py_cleaned.png,3,0,0.17295017838478088,0.17147016525268555,0.16235122084617615,0.17040961980819702,0.15604206919670105,0.16677674651145935
test,173_v3_16_content_sanjay3001_Search-in-python_linear_search.py_cleaned.png,3,1,0.15178288519382477,0.19567030668258667,0.19556473195552826,0.15898673236370087,0.1458311527967453,0.15216423571109772
test,173_v3_3_content_Sapphirine_Detecting-and-Predicting-the-Impact-of-Events_calc_train_anamoly_10ile-Copy5.py_cleaned.png,3,3,0.16155914962291718,0.16166271269321442,0.17491036653518677,0.20172972977161407,0.15374790132045746,0.1463901251554489
test,173_v3_47_content_jeshan_lambda-default-dlq_generate-config.py_cleaned.png,3,1,0.13924303650856018,0.19508610665798187,0.1856328845024109,0.1406075358390808,0.16955453157424927,0.16987591981887817
test,173_v3_50_content_cristend_spam_email_auto_run.py_cleaned.png,3,2,0.17431966960430145,0.18189646303653717,0.19321110844612122,0.15515853464603424,0.1496245414018631,0.1457897573709488
test,174_v3_24_content_MariosPitsali_algorithms-practice_rollback.py_cleaned.png,3,2,0.12062236666679382,0.175500750541687,0.20654533803462982,0.15026924014091492,0.16485907137393951,0.18220318853855133
test,174_v3_28_content_yifan0330_stock-trader_stocktrader.py_cleaned.png,3,5,0.15292876958847046,0.20983396470546722,0.18437932431697845,0.0946461483836174,0.1170668974518776,0.2411448061466217
test,174_v3_39_content_hamidaucc_Link-state-protocol-in-python_Test.py_cleaned.png,3,1,0.14527881145477295,0.17666824162006378,0.1729971468448639,0.1742466688156128,0.15456046164035797,0.1762487143278122
test,174_v3_3_content_Sapphirine_Detecting-and-Predicting-the-Impact-of-Events_calc_train_anamoly_10ile.py_cleaned.png,3,3,0.1402541697025299,0.16332435607910156,0.19244100153446198,0.22002406418323517,0.13741065561771393,0.14654581248760223
test,174_v3_45_content_ilkayDevran_Analysis_of_Sorting_Algorithms_pyplot.py_cleaned.png,3,3,0.13561442494392395,0.14669989049434662,0.19869260489940643,0.23896080255508423,0.124852754175663,0.15517954528331757
test,174_v3_51_content_rw15e_CIS4930-Python-Project-3_graph.py_cleaned.png,3,2,0.1321054995059967,0.11992961913347244,0.2099890410900116,0.18933115899562836,0.13982346653938293,0.20882117748260498
test,174_v3_52_content_seanluo1_Arm-Link-AI_const.py_cleaned.png,3,5,0.14392906427383423,0.16289304196834564,0.16218766570091248,0.14800474047660828,0.14912070333957672,0.23386485874652863
test,175_v3_3_content_abantikabasak_ImprovisedDijkstraFlood_GraphInput.py_cleaned.png,3,1,0.17580170929431915,0.24918746948242188,0.16912786662578583,0.1246819868683815,0.13567279279232025,0.14552821218967438
test,175_v3_40_content_Bonifase_ShoppingList_app_tests.py_cleaned.png,3,2,0.1552543342113495,0.1862410455942154,0.1937679946422577,0.148394376039505,0.1527995616197586,0.16354267299175262
test,175_v3_4_content_reza-asad_Prims-Minimum-Spanning-Tree_Prim_s_algorithm.py_cleaned.png,3,3,0.16745886206626892,0.1731349676847458,0.17366810142993927,0.1798061728477478,0.1553555428981781,0.15057632327079773
test,175_v3_51_content_UnPolinomio_fibonacci-number_numbers.py_cleaned.png,3,4,0.1741398274898529,0.14533169567584991,0.17488844692707062,0.13804282248020172,0.21118798851966858,0.15640923380851746
test,175_v3_58_content_tanjimingrinnell_TreeAndGraph_LinkedList.py_cleaned.png,3,2,0.14867211878299713,0.18032456934452057,0.19418157637119293,0.1778506636619568,0.14002804458141327,0.15894295275211334
test,175_v3_5_content_adityadas8888_Naive-Bayes_naive_bayes.py_cleaned.png,3,1,0.1969432830810547,0.21722625195980072,0.14244797825813293,0.14791622757911682,0.14751210808753967,0.14795418083667755
test,176_v3_20_content_anasbadawy_Basic-NLP-Project_NLPProject.py_cleaned.png,3,2,0.17719639837741852,0.1620532125234604,0.22558434307575226,0.20161640644073486,0.126319020986557,0.10723065584897995
test,176_v3_33_content_prabhatpal77_Complete-core-python-_assignmentope.py_cleaned.png,3,0,0.22229279577732086,0.14032551646232605,0.1767812967300415,0.14930927753448486,0.19117270410060883,0.1201184093952179
test,176_v3_4_content_wazzaarvind_Clustering-Algorithms_reducer.py_cleaned.png,3,4,0.17274987697601318,0.17344985902309418,0.18450535833835602,0.12662489712238312,0.18839393556118011,0.154276043176651
test,176_v3_55_content_AustinZuniga_Auto-tagging-of-Theses-and-Dissertations-of-Bicol-University-Searching-and-Matching-_main.py_cleaned.png,3,2,0.14484407007694244,0.14568118751049042,0.18437160551548004,0.17427891492843628,0.17391976714134216,0.17690441012382507
test,176_v3_5_content_domodomodomo_binary_search_tree_binary_search_tree.py_cleaned.png,3,2,0.17208655178546906,0.1875690072774887,0.2158108353614807,0.14170318841934204,0.1447509080171585,0.13807949423789978
test,176_v3_66_content_Talon-Zhang_Naive-Bayes_reader.py_cleaned.png,3,2,0.14366191625595093,0.14791442453861237,0.21912728250026703,0.20276372134685516,0.14266301691532135,0.14386968314647675
test,177_v3_18_content_ppke-nlpg_emmorphpy_test.py_cleaned.png,3,0,0.18561357259750366,0.1711302250623703,0.17028875648975372,0.15455608069896698,0.17505210638046265,0.14335916936397552
test,177_v3_32_content_Arhacai_ciphers_secret_messages.py_cleaned.png,3,2,0.13676953315734863,0.17566253244876862,0.21369214355945587,0.19957983493804932,0.10915468633174896,0.16514135897159576
test,177_v3_3_content_dlohith_text-similarity_utils.py_cleaned.png,3,1,0.1695210486650467,0.21627022325992584,0.21062032878398895,0.1239398717880249,0.14807526767253876,0.13157327473163605
test,177_v3_3_content_iykadev_pyalgo_fibo.py_cleaned.png,3,4,0.1688299924135208,0.16449329257011414,0.15400901436805725,0.1701061725616455,0.17888964712619781,0.1636718362569809
test,177_v3_50_content_mrugankray_Hierarchical_Clustering_hierarchichal_clustering.py_cleaned.png,3,1,0.13961787521839142,0.21803534030914307,0.1589338481426239,0.15185101330280304,0.151088684797287,0.18047331273555756
test,177_v3_5_content_AdamJacoby_Hopf_Example_CyclicGroup.py_cleaned.png,3,2,0.11213745176792145,0.1703876107931137,0.2433261275291443,0.16661180555820465,0.13969786465168,0.16783908009529114
test,178_v3_1_content_Chunning-Zhou_MILPBasedSearchAlgorithmDiff_parameter.py_cleaned.png,3,5,0.1422516107559204,0.14071843028068542,0.16861432790756226,0.14053843915462494,0.16720527410507202,0.24067185819149017
test,178_v3_31_content_shreyas3336_Diffie-Hellman-KeyExchange_Seed_Generator.py_cleaned.png,3,5,0.1706465482711792,0.12280936539173126,0.20614725351333618,0.15711133182048798,0.12547042965888977,0.21781505644321442
test,178_v3_4_content_Khante_Distance-Vector-Algorithm_simulation_1.py_cleaned.png,3,2,0.1446300595998764,0.1673353612422943,0.209681436419487,0.1323818415403366,0.16033409535884857,0.18563716113567352
test,178_v3_5_content_AdamJacoby_Hopf_Example_DihedralGroup.py_cleaned.png,3,0,0.19523431360721588,0.1354769468307495,0.1624523550271988,0.16694188117980957,0.15878798067569733,0.18110652267932892
test,178_v3_7_content_Aly-Tomato_Prims-and-Kruskals_prims.py_cleaned.png,3,4,0.1564961075782776,0.1735418140888214,0.16243590414524078,0.15178196132183075,0.18760833144187927,0.168135866522789
test,179_v3_1_content_guoliu_London-scikit_LondonScikit.py_cleaned.png,3,1,0.12958121299743652,0.22043263912200928,0.2014990746974945,0.1591021567583084,0.13562537729740143,0.15375946462154388
test,179_v3_27_content_gaurav-raii_Topic-analysis-NLP-to-access-the-level-of-damage-during-a-car-crash._Text_Topic_analysis_and_classification.py_cleaned.png,3,2,0.1611897498369217,0.18755272030830383,0.19535471498966217,0.1637292057275772,0.13642284274101257,0.1557508111000061
test,179_v3_33_content_ilkayDevran_Analysis_of_Sorting_Algorithms_allInOne.py_cleaned.png,3,1,0.13861745595932007,0.20355412364006042,0.2020980268716812,0.12233521789312363,0.13530948758125305,0.19808565080165863
test,179_v3_49_content_lllunaticer_pathFindGUI_Draw.py_cleaned.png,3,0,0.2188703715801239,0.1704729199409485,0.18546582758426666,0.09870779514312744,0.16659574210643768,0.15988731384277344
test,179_v3_5_content_Schemberizer_Binary-Tree-Compression_tree.py_cleaned.png,3,4,0.14124855399131775,0.18183563649654388,0.11762232333421707,0.12967008352279663,0.26607468724250793,0.16354869306087494
test,179_v3_76_content_mashfiq10_Naive-Bayes-classification_prob_1.py_cleaned.png,3,1,0.12603256106376648,0.20530562102794647,0.19220560789108276,0.19203531742095947,0.13592791557312012,0.1484929770231247
test,180_v3_40_content_Charles-Peeke_clinical_variances_sponsor_app.py_cleaned.png,3,5,0.17092306911945343,0.16208748519420624,0.18754878640174866,0.145170658826828,0.13769784569740295,0.19657205045223236
test,180_v3_4_content_Askjensen_scikittf-idfNLTK_str_func.py_cleaned.png,3,1,0.1594448983669281,0.20335830748081207,0.17676471173763275,0.16028240323066711,0.16870342195034027,0.13144633173942566
test,180_v3_4_content_heaven00_cosine_similarities_stream.py_cleaned.png,3,5,0.1634511649608612,0.15275993943214417,0.16307257115840912,0.16373424232006073,0.1374807357788086,0.2195013165473938
test,180_v3_6_content_coorty_apriori-agorithm-python_test_apriori_command_line.py_cleaned.png,3,2,0.1641414910554886,0.1669400930404663,0.21601875126361847,0.15687957406044006,0.1390962451696396,0.15692377090454102
test,181_v3_28_content_vinaykumarbu_sentiment-analysis-deeplearning_data_helpers.py_cleaned.png,3,2,0.1548275500535965,0.16192090511322021,0.20727814733982086,0.15604889392852783,0.1655571013689041,0.15436731278896332
test,181_v3_2_content_Yash0day_ElgamalEncryption-using-ECC_Hash.py_cleaned.png,3,4,0.15395168960094452,0.14044035971164703,0.16664570569992065,0.12367501854896545,0.21105030179023743,0.2042369544506073
test,181_v3_2_content_shreya21rathi_Longest-Common-Subsequence_lcs.py_cleaned.png,3,4,0.16628390550613403,0.17513781785964966,0.16341935098171234,0.16469457745552063,0.18130217492580414,0.14916211366653442
test,181_v3_30_content_olamofe_primeQuery_primeQuery.py_cleaned.png,3,2,0.13080906867980957,0.1846560686826706,0.195795476436615,0.18913701176643372,0.13356831669807434,0.1660340428352356
test,181_v3_5_content_AdamJacoby_Hopf_Frobenius_Divisibility_Algorithm.py_cleaned.png,3,2,0.18655167520046234,0.1709263026714325,0.24793632328510284,0.05965081602334976,0.11870133876800537,0.21623362600803375
test,181_v3_5_content_Fmccline_Prims-Algorithm_prims_algorithm_demo.py_cleaned.png,3,1,0.1461513191461563,0.19163428246974945,0.18888357281684875,0.176967591047287,0.13488417863845825,0.1614791750907898
test,181_v3_61_content_piyush-taneja_Salary-Predictor_Regression_Template.py_cleaned.png,3,2,0.13385093212127686,0.159586563706398,0.19656595587730408,0.19537964463233948,0.1336057484149933,0.18101109564304352
test,181_v3_62_content_agvaibhav_Binary-tree_delete-node.py_cleaned.png,3,2,0.15334461629390717,0.15745848417282104,0.2012941837310791,0.18092189729213715,0.14585313200950623,0.16112768650054932
test,181_v3_85_content_kenil-shah_Description-Based-Person-Identification_config.py_cleaned.png,3,1,0.17398186028003693,0.17781247198581696,0.1655060052871704,0.17685624957084656,0.1621340662240982,0.14370931684970856
test,182_v3_39_content_lorenzo3117_python-sorting-scripts_sortingScript.py_cleaned.png,3,3,0.15449178218841553,0.17110979557037354,0.1913151890039444,0.1953679621219635,0.1400580108165741,0.14765731990337372
test,182_v3_4_content_nikitaa30_Content-based-Recommender-System_recommender_system.py_cleaned.png,3,2,0.15057623386383057,0.17219410836696625,0.18215355277061462,0.17602881789207458,0.16273657977581024,0.1563107669353485
test,182_v3_53_content_KaiFly_Xemina2_DijkstraSP_GraphDrawing.py_cleaned.png,3,1,0.15891601145267487,0.2048713117837906,0.16767916083335876,0.1840958148241043,0.15707476437091827,0.127362921833992
test,182_v3_54_content_sumanth-bmsce_Unsupervised_Extreme_Learning_Machine_EM_Algo.py_cleaned.png,3,5,0.17108212411403656,0.18254131078720093,0.17494438588619232,0.11248599737882614,0.15206412971019745,0.2068820744752884
test,182_v3_61_content_piyush-taneja_Salary-Predictor_Support_Vector_Regression.py_cleaned.png,3,1,0.131707563996315,0.21015657484531403,0.18627235293388367,0.16898071765899658,0.16215381026268005,0.14072898030281067
test,182_v3_78_content_jurrejelle_RSACrack_generate_all_quantum.py_cleaned.png,3,2,0.16517671942710876,0.16633164882659912,0.21842043101787567,0.18484093248844147,0.12699411809444427,0.1382361203432083
test,183_v3_2_content_yyqcs_time-series-model_utils.py_cleaned.png,3,2,0.1486661732196808,0.1553007811307907,0.2347509115934372,0.1302526295185089,0.1571367383003235,0.1738927960395813
test,183_v3_3_content_pombredanne_string-alignment_LCS.py_cleaned.png,3,1,0.13299494981765747,0.25150352716445923,0.17659175395965576,0.15090356767177582,0.12796162068843842,0.1600445806980133
test,183_v3_59_content_mahmoudhossam_task-queue_db.py_cleaned.png,3,5,0.14273956418037415,0.16998465359210968,0.1791706532239914,0.15078884363174438,0.15629985928535461,0.2010163962841034
test,183_v3_5_content_AdamJacoby_Hopf_HopfConstructions.py_cleaned.png,3,5,0.1627207100391388,0.16157272458076477,0.20071950554847717,0.11126310378313065,0.12245804816484451,0.24126581847667694
test,183_v3_5_content_scalisesamuel_crypto_p1_Task_1.py_cleaned.png,3,2,0.1407346874475479,0.17262524366378784,0.20093552768230438,0.1689797341823578,0.14351409673690796,0.17321081459522247
test,183_v3_61_content_mcsweena_Dijkstras-Algorithm_bidirectional_dijkstra.py_cleaned.png,3,1,0.19635532796382904,0.1972750723361969,0.17304715514183044,0.1167818233370781,0.12831421196460724,0.18822647631168365
test,183_v3_63_content_avitabayan_Machine-learning_regression_template.py_cleaned.png,3,2,0.1544586420059204,0.18079504370689392,0.19068901240825653,0.1714867204427719,0.15252776443958282,0.1500428467988968
test,183_v3_73_content_elados93_AI_Ex1_BFS.py_cleaned.png,3,1,0.16306862235069275,0.20280291140079498,0.19845853745937347,0.1698225885629654,0.13230329751968384,0.13354407250881195
test,183_v3_79_content_lorenzo3117_python-sorting-scripts_sortingScript.py_cleaned.png,3,2,0.1473802626132965,0.20253980159759521,0.2235860377550125,0.13506469130516052,0.11637303978204727,0.17505627870559692
test,184_v3_5_content_vpandeti_Routing-Protocol_RoutingProtocol.py_cleaned.png,3,3,0.12348785996437073,0.17543227970600128,0.2006717026233673,0.213051438331604,0.12501387298107147,0.1623428612947464
test,184_v3_63_content_avitabayan_Machine-learning_simple_linear_regression.py_cleaned.png,3,5,0.1542198657989502,0.1865069419145584,0.18948586285114288,0.11905119568109512,0.1572185754776001,0.1935175508260727
test,184_v3_64_content_YifeiY_Depth-of-BTS_BTS_Depth.py_cleaned.png,3,2,0.1598605364561081,0.18241119384765625,0.1832430362701416,0.13153588771820068,0.172475203871727,0.17047420144081116
test,184_v3_6_content_gabrielmbmb_aes_crypt.py_cleaned.png,3,2,0.1413596123456955,0.16493916511535645,0.19029653072357178,0.17361803352832794,0.16045476496219635,0.16933195292949677
test,185_v3_48_content_AdityaMalani_Diffie-Hellman-Key_Exchange_diffie.py_cleaned.png,3,1,0.137503519654274,0.22608265280723572,0.15992482006549835,0.15218809247016907,0.1467704325914383,0.1775304228067398
test,185_v3_66_content_adamweissert_PythonBinarySearch_BinarySearch.py_cleaned.png,3,3,0.15552370250225067,0.18276651203632355,0.1520359367132187,0.18966279923915863,0.15419381856918335,0.1658172309398651
test,185_v3_8_content_usmanali414_Destruction-Detection-in-Satellite-Imagery_augmentation.py_cleaned.png,3,1,0.1546647846698761,0.18150906264781952,0.1762809157371521,0.14982523024082184,0.17502370476722717,0.16269636154174805
test,185_v3_91_content_MerliX_async-factorial_server.py_cleaned.png,3,1,0.15203122794628143,0.23968251049518585,0.17573507130146027,0.12752504646778107,0.14278927445411682,0.16223688423633575
test,186_v3_6_content_gionanide_Cryptography_Crack_zip_files.py_cleaned.png,3,5,0.1749885529279709,0.1507878303527832,0.16101716458797455,0.13927562534809113,0.18573999404907227,0.18819089233875275
test,186_v3_8_content_FelixHuangX_Naive-Bayes-for-Text-Classification_Naivebayes_train.py_cleaned.png,3,2,0.13646316528320312,0.16013149917125702,0.21838071942329407,0.21666862070560455,0.12829715013504028,0.14005884528160095
test,187_v3_65_content_swaruptripathy_two_way_anova_two_way_anova.py_cleaned.png,3,2,0.1418372392654419,0.15897366404533386,0.19984082877635956,0.16503114998340607,0.15720713138580322,0.177109956741333
test,187_v3_6_content_greed2411_LCS_try.py_cleaned.png,3,3,0.14392364025115967,0.1832733303308487,0.1992124319076538,0.21550729870796204,0.10986222326755524,0.14822103083133698
test,187_v3_6_content_mmcetindag_ShortestPathAlgorithms_dijkstra.py_cleaned.png,3,2,0.11691136658191681,0.15706822276115417,0.23214618861675262,0.22449523210525513,0.12780824303627014,0.14157074689865112
test,187_v3_7_content_GabrielBortolote_BFS-and-DFS-Tree_BFS.py_cleaned.png,3,3,0.1696901172399521,0.1525917798280716,0.1587284505367279,0.21810826659202576,0.14215975999832153,0.1587216705083847
test,188_v3_3_content_rentseen_ARIMA-forecast_CAVMP.py_cleaned.png,3,5,0.16444222629070282,0.17616620659828186,0.16841886937618256,0.09669946134090424,0.19207260012626648,0.20220062136650085
test,188_v3_6_content_gionanide_Cryptography_ECC_DH_key_exchange.py_cleaned.png,3,2,0.19032731652259827,0.1706119179725647,0.1905934065580368,0.13464948534965515,0.13588984310626984,0.17792806029319763
test,188_v3_8_content_abpaudel_8-puzzle_iddfs.py_cleaned.png,3,3,0.16728924214839935,0.13885650038719177,0.15401436388492584,0.19327379763126373,0.1620362550020218,0.18452981114387512
test,188_v3_91_content_mahsarazavi_Text-Classification_naivebayes.py_cleaned.png,3,0,0.18735367059707642,0.16322995722293854,0.15099062025547028,0.1424938589334488,0.1828307807445526,0.17310109734535217
test,189_v3_65_content_pratikbitmesra_BID_bin_cluster.py_cleaned.png,3,2,0.11958570778369904,0.18130835890769958,0.21107320487499237,0.19210238754749298,0.13305892050266266,0.16287142038345337
test,189_v3_75_content_mcsteve-e_project-4_4.01.py_cleaned.png,3,5,0.1258455365896225,0.18516483902931213,0.19812442362308502,0.14507189393043518,0.13656552135944366,0.2092277556657791
test,189_v3_7_content_ardyerwanda_SDN-Bellman-Ford-Pyretic_routing2cost.py_cleaned.png,3,2,0.1530708521604538,0.14901916682720184,0.19943828880786896,0.1466069519519806,0.15675732493400574,0.19510746002197266
test,190_v3_43_content_agusmakmun_changewords_tests.py_cleaned.png,3,2,0.1475924551486969,0.14457321166992188,0.21036303043365479,0.14825093746185303,0.17504525184631348,0.17417515814304352
test,190_v3_7_content_Aly-Tomato_Prims-and-Kruskals_main.py_cleaned.png,3,0,0.20028717815876007,0.1628960371017456,0.14984026551246643,0.16594554483890533,0.14942732453346252,0.17160363495349884
test,190_v3_7_content_j2kun_binary-search-graphs_dijkstra.py_cleaned.png,3,1,0.1627930849790573,0.1871340423822403,0.17604073882102966,0.16010908782482147,0.1639290750026703,0.14999404549598694
test,190_v3_7_content_syedshameersarwar_DocumentSimilarityChecker_pdfReader.py_cleaned.png,3,5,0.18868780136108398,0.12794332206249237,0.1803315132856369,0.10820389539003372,0.19518661499023438,0.19964683055877686
test,190_v3_95_content_ravularohit_sms-spam-detection_spam_detection.py_cleaned.png,3,5,0.1702355593442917,0.14531873166561127,0.1728348433971405,0.17607645690441132,0.15077176690101624,0.18476270139217377
test,191_v3_7_content_GauthamBT_Bellman-Ford-Algorithm_DirectedGraphClass.py_cleaned.png,3,2,0.12523381412029266,0.19781701266765594,0.2892315983772278,0.15821772813796997,0.09586451947689056,0.13363537192344666
test,191_v3_81_content_kiranathealea_regressionMachineLearning_Models.py_cleaned.png,3,1,0.1546749472618103,0.18563279509544373,0.17761941254138947,0.14096741378307343,0.18206465244293213,0.15904082357883453
test,191_v3_9_content_fritzwill_apriori-algorithm_apriori.py_cleaned.png,3,5,0.09236259013414383,0.18493512272834778,0.17205964028835297,0.1362994760274887,0.16817519068717957,0.2461678832769394
test,192_v3_25_content_aajanki_finnish-pos-accuracy_print_errors.py_cleaned.png,3,2,0.13651159405708313,0.1919531375169754,0.2314525842666626,0.16773158311843872,0.1399996131658554,0.13235153257846832
test,192_v3_3_content_iykadev_pyalgo_stable_marriage.py_cleaned.png,3,0,0.45825424790382385,0.124355249106884,0.12187229096889496,0.04059417545795441,0.056328531354665756,0.1985955685377121
test,192_v3_48_content_harishchellappa_Time-Series-Analysis-Bike-Sharing-Demand-Forecasting_forecasting_2.py_cleaned.png,3,4,0.19926460087299347,0.18673256039619446,0.10282380878925323,0.1424335241317749,0.20503419637680054,0.1637113094329834
test,192_v3_4_content_AcrobatAHA_Linear-Search-_Linear_search.py_cleaned.png,3,1,0.14909744262695312,0.18212461471557617,0.1774095594882965,0.17159347236156464,0.16594089567661285,0.1538340449333191
test,192_v3_6_content_Utkagr_NLPrel_all_nltk.py_cleaned.png,3,2,0.14348791539669037,0.1866300404071808,0.20464543998241425,0.16353166103363037,0.14831645786762238,0.15338844060897827
test,192_v3_7_content_jakobpederson_divisible_pair_sums_test_divisible_pair_sums.py_cleaned.png,3,0,0.2994571924209595,0.1892595887184143,0.21657249331474304,0.10827735811471939,0.0744103342294693,0.11202304810285568
test,192_v3_88_content_NoFishLikeIan_Dijkstra_currency_currency_api.py_cleaned.png,3,2,0.13580143451690674,0.11728163808584213,0.2347792387008667,0.19213064014911652,0.13498134911060333,0.1850256770849228
test,192_v3_8_content_alexvking_comp150_bsts_optimal_bst_knuth_n3.py_cleaned.png,3,1,0.1306505650281906,0.2517809271812439,0.17883940041065216,0.14056114852428436,0.15473367273807526,0.14343424141407013
test,193_v3_7_content_AastroLePetitRobot_Huffman-Coding_Huffman.py_cleaned.png,3,2,0.12087491154670715,0.16408006846904755,0.2521528899669647,0.12135562300682068,0.15445585548877716,0.18708063662052155
test,193_v3_8_content_Omig12_dfs_delete.py_cleaned.png,3,4,0.1756134331226349,0.14901354908943176,0.1857529580593109,0.14225929975509644,0.19010667502880096,0.15725411474704742
test,193_v3_92_content_FranzScheerer_DES_x4.py_cleaned.png,3,0,0.2291172593832016,0.1618630290031433,0.13955329358577728,0.15203894674777985,0.15675270557403564,0.1606747806072235
test,193_v3_93_content_EricElmoznino_rsa_emd_data_processing.py_cleaned.png,3,2,0.1527695208787918,0.194528266787529,0.21572086215019226,0.15656113624572754,0.10841801762580872,0.1720021665096283
test,194_v3_76_content_shivgarg_twitter-sentiment_test.py_cleaned.png,3,4,0.15512992441654205,0.15516622364521027,0.15584617853164673,0.1476222574710846,0.21295833587646484,0.17327699065208435
test,195_v3_25_content_OlaRonning_ah16_corenlp_gen_dep_lemma.py_cleaned.png,3,2,0.14402566850185394,0.18010012805461884,0.200266495347023,0.18253493309020996,0.11679945141077042,0.176273375749588
test,195_v3_7_content_Sbrown4321_Assignment_2_Assignment2.py_cleaned.png,3,3,0.13230301439762115,0.18456047773361206,0.1915203183889389,0.19228456914424896,0.138398215174675,0.1609334647655487
test,195_v3_7_content_TongTongX_HuffmanCompressor_huffman.py_cleaned.png,3,2,0.14998655021190643,0.14476582407951355,0.23700515925884247,0.17637066543102264,0.1417456418275833,0.1501261293888092
test,195_v3_7_content_wallacelab_paper-maize-rhizosphere-2017_1b_PlotHeritabilities.py_cleaned.png,3,2,0.08069536834955215,0.17088226974010468,0.23785610496997833,0.20845840871334076,0.13267429172992706,0.16943363845348358
test,195_v3_8_content_leocarr_smallestmultiple_smallestmult.py_cleaned.png,3,2,0.156712606549263,0.16164270043373108,0.19938234984874725,0.1410912722349167,0.18183299899101257,0.15933804214000702
test,196_v3_26_content_Nofenigma_lt_lemma_prefixes_check_lt_prefixed_lemmas.py_cleaned.png,3,1,0.13739211857318878,0.25383350253105164,0.14869816601276398,0.16606715321540833,0.13345615565776825,0.1605530083179474
test,196_v3_99_content_utkarshpaliwal9_Predicting-apt-Linear-Regression-Degree_model2.py_cleaned.png,3,4,0.1700061410665512,0.1738201230764389,0.15816956758499146,0.15864337980747223,0.19342423975467682,0.1459364891052246
test,196_v3_9_content_ttm62_customized_RAKE_RAKE.py_cleaned.png,3,0,0.2634252607822418,0.214185893535614,0.14650462567806244,0.17903132736682892,0.10952795296907425,0.08732491731643677
test,197_v3_78_content_CalebABG_PyLSecureP2P_p2putils.py_cleaned.png,3,1,0.1750023514032364,0.19051238894462585,0.16913127899169922,0.15043793618679047,0.1521611213684082,0.16275490820407867
test,198_v3_7_content_bclark2_Unordered-Linear-Search_linearSearch.py_cleaned.png,3,4,0.17167772352695465,0.1559918224811554,0.15533186495304108,0.1581309288740158,0.19879767298698425,0.16006998717784882
test,198_v3_97_content_DanialBeg_RSA-Decryption-CS111_decryption.py_cleaned.png,3,2,0.16610394418239594,0.14578492939472198,0.22813141345977783,0.1370454728603363,0.1201321929693222,0.20280206203460693
test,199_v3_7_content_DMHarish_Linear_search_LinearSearch.py_cleaned.png,3,2,0.16955417394638062,0.175973579287529,0.18722282350063324,0.12996281683444977,0.16221193969249725,0.17507462203502655
test,199_v3_81_content_Saiteja-Reddy_Basic-SFTP_caesar_cipher.py_cleaned.png,3,2,0.139923557639122,0.1888761818408966,0.2109764963388443,0.15887586772441864,0.14668816328048706,0.15465962886810303
test,199_v3_9_content_krj9cr_Hybrid-Prim-Dijkstra-GUI_Node.py_cleaned.png,3,5,0.14408531785011292,0.1542479544878006,0.17389430105686188,0.16274619102478027,0.16663949191570282,0.19838672876358032
test,309_v3_16_content_helloiamivan_crypto-quant_main.py_cleaned.png,3,1,0.1511395275592804,0.21458815038204193,0.16662155091762543,0.1829281896352768,0.15199406445026398,0.1327284425497055
test,347_v3_49_content_S-GH_WebtoonReply_Scraping-and-Sentiment_Analysis_2._Preprocess.py_cleaned.png,3,1,0.21076053380966187,0.2956516444683075,0.14700300991535187,0.11912302672863007,0.1151389554142952,0.11232281476259232
test,37_v3_1_content_vuolleko_pyTSNE_data.py_cleaned.png,3,2,0.1624663919210434,0.17593619227409363,0.21771883964538574,0.12761464715003967,0.1549973040819168,0.1612665206193924
test,38_v3_1_content_vuolleko_pyTSNE_test_tsne_mnist.py_cleaned.png,3,0,0.20118595659732819,0.1432136744260788,0.13586273789405823,0.17654427886009216,0.18210358917713165,0.16108977794647217
test,394_v3_9_content_chaseycodes_StockX-Scraper_3-image_downloader.py_cleaned.png,3,3,0.12096567451953888,0.18196511268615723,0.19882819056510925,0.207985058426857,0.14543941617012024,0.1448165625333786
test,40_v3_2_content_jdk20_tsne_main.py_cleaned.png,3,0,0.25339066982269287,0.18099631369113922,0.10685177892446518,0.14329254627227783,0.17044958472251892,0.14501909911632538
test,51_v3_11_content_harishchellappa_Time-Series-Analysis-Bike-Sharing-Demand-Forecasting_forecasting_2.py_cleaned.png,3,1,0.21055103838443756,0.22262251377105713,0.1251998394727707,0.13384515047073364,0.16989845037460327,0.1378829926252365
test,52_v3_11_content_harishchellappa_Time-Series-Analysis-Bike-Sharing-Demand-Forecasting_forecasting_passes.py_cleaned.png,3,1,0.14906471967697144,0.24501048028469086,0.18412478268146515,0.16038905084133148,0.1347551941871643,0.12665574252605438
test,54_v3_1_content_amazingspain_ExponentialSmoothing_finalWorldQuant.py_cleaned.png,3,2,0.1424790620803833,0.1667243242263794,0.18630531430244446,0.18261787295341492,0.14976659417152405,0.17210683226585388
test,58_v3_3_content_cdr6934_eSMA_ExpSMA.py_cleaned.png,3,1,0.1505836546421051,0.20985691249370575,0.18026278913021088,0.13999046385288239,0.14005644619464874,0.17924971878528595
test,59_v3_2_content_Liu-WeiYi_Private_Preserving_Outlier_Behavior_Detection_Abnormal_Scenario_Generation.py_cleaned.png,3,0,0.21978892385959625,0.1660882979631424,0.14000269770622253,0.16343854367733002,0.1689724624156952,0.14170916378498077
test,60_v3_6_content_hungph-dev-ict_simple-exponential-smoothing_main.py_cleaned.png,3,1,0.15282315015792847,0.2687866985797882,0.19292058050632477,0.12114247679710388,0.10134684294462204,0.16298022866249084
test,67_v3_2_content_Rohit967_Outlier-Analysis-With-Python_OutlierAnalysis.py_cleaned.png,3,3,0.16219183802604675,0.17046013474464417,0.16393044590950012,0.1821068525314331,0.15979698300361633,0.1615137755870819
test,156_v4_14_content_MGhousSarwar_Algorithm-Analysis_Script.py_cleaned.png,4,1,0.17779240012168884,0.20258180797100067,0.1493287831544876,0.13811905682086945,0.16691593825817108,0.16526207327842712
test,166_v4_5_content_Abdallah-Elshamy_floyd-warshall_APSP-Floyd_Warshall.py_cleaned.png,4,1,0.20428024232387543,0.21830718219280243,0.1381402462720871,0.15308663249015808,0.15434247255325317,0.13184323906898499
test,170_v4_6_content_1siddhi7_Floyd-Warshall_fw.py_cleaned.png,4,5,0.15632890164852142,0.1621188223361969,0.17456510663032532,0.11720220744609833,0.16673800349235535,0.2230469137430191
test,192_v4_13_content_odiliohafidh_Pencarian-Rumahsakit-Terdekat-dengan-metode-dfs-dan-bfs-python-_cari_rumsakit.py_cleaned.png,4,5,0.17305201292037964,0.16058968007564545,0.17147590219974518,0.16948628425598145,0.14859744906425476,0.1767987459897995
test,192_v4_14_content_udwivedi394_binaryTree_ksumPath.py_cleaned.png,4,2,0.09608887135982513,0.21057452261447906,0.2505120635032654,0.17860093712806702,0.11161548644304276,0.15260805189609528
test,193_v4_100_content_cem8301_DataCleaningForInformedPurchases_middlewares.py_cleaned.png,4,3,0.1311875283718109,0.1474587768316269,0.1913793683052063,0.19688495993614197,0.1489630490541458,0.1841263473033905
test,193_v4_10_content_circulosmeos_haveibeenpwned-binary_pwned-pass-binary-fast.py_cleaned.png,4,3,0.16751904785633087,0.18067391216754913,0.15773001313209534,0.19077715277671814,0.14103397727012634,0.1622658520936966
test,193_v4_16_content_Deus1223_Pac-Man_ghostAgents.py_cleaned.png,4,5,0.1688423901796341,0.1615760624408722,0.16624513268470764,0.15830844640731812,0.1687774807214737,0.17625054717063904
test,194_v4_10_content_stensonowen_factorial_bot_fact_bot.py_cleaned.png,4,5,0.12219944596290588,0.1864195317029953,0.15530283749103546,0.18345479667186737,0.13493986427783966,0.21768349409103394
test,194_v4_13_content_fangzhengzhu_minst-knn_imgReader.py_cleaned.png,4,3,0.13119487464427948,0.16246920824050903,0.18445263803005219,0.24850121140480042,0.11038140952587128,0.1630006581544876
test,194_v4_16_content_Hmnt39_Snake-Automation-Using-AI_constants.py_cleaned.png,4,1,0.14071984589099884,0.208004891872406,0.16401594877243042,0.16650547087192535,0.14629970490932465,0.17445409297943115
test,195_v4_11_content_rburkholder_debconf-get-selections-sort_seed.sort.py_cleaned.png,4,1,0.1796940714120865,0.2300548106431961,0.14488372206687927,0.18267488479614258,0.126982644200325,0.13570986688137054
test,195_v4_16_content_drdeford_KruskalFlows_networkflows2.py_cleaned.png,4,4,0.19977405667304993,0.1862630695104599,0.12873490154743195,0.090042844414711,0.2217104434967041,0.17347469925880432
test,196_v4_10_content_iJohnMaged_Huffman-Coding_fileIO.py_cleaned.png,4,2,0.09508486837148666,0.1669730246067047,0.2381243109703064,0.1938670575618744,0.13710083067417145,0.1688498705625534
test,196_v4_10_content_tjazerzen_a_star_algorithm_helper_functions.py_cleaned.png,4,1,0.1486843228340149,0.23411524295806885,0.15971273183822632,0.12876290082931519,0.18667955696582794,0.14204514026641846
test,197_v4_ 1_content_sadnessFree_arima-lstm_arima-order.py_cleaned.png,4,2,0.16589264571666718,0.14619584381580353,0.21214815974235535,0.1503412127494812,0.1648212969303131,0.16060090065002441
test,198_v4_10_content_analyticsbot_document-similarity_document_similarity_nlevenstein.py_cleaned.png,4,0,0.23479963839054108,0.13579514622688293,0.18808017671108246,0.10874377936124802,0.20403245091438293,0.12854883074760437
test,198_v4_11_content_pprzygodzk_binary_search-prime_numbers_binarysearch.py_cleaned.png,4,2,0.14193078875541687,0.15457545220851898,0.22067439556121826,0.21440359950065613,0.12774649262428284,0.14066921174526215
test,198_v4_13_content_isabellavieira57_dijkstra-fractionalKnapsack-polynomialMultiplication_question2a.py_cleaned.png,4,5,0.12657172977924347,0.17552801966667175,0.19862158596515656,0.1535339504480362,0.1339804083108902,0.21176427602767944
test,198_v4_15_content_Areege_Binary-and-Trinary-Search-Trees_SourceCode.py_cleaned.png,4,2,0.12885598838329315,0.1808069348335266,0.2103036791086197,0.16991211473941803,0.16024768352508545,0.14987370371818542
test,198_v4_19_content_vickyabi_singly-linked-list_singly_linked_list.py_cleaned.png,4,2,0.14593690633773804,0.1963776797056198,0.2063622623682022,0.1270553469657898,0.14309731125831604,0.18117041885852814
test,198_v4_1_content_jdmcpeek_pretty-print-binary-tree_tree.py_cleaned.png,4,4,0.186575248837471,0.1827097237110138,0.11188066750764847,0.16105696558952332,0.23323994874954224,0.12453746050596237
test,199_v4_10_content_Bala96_Recursive-Func_nestedeaser.py_cleaned.png,4,5,0.1101200059056282,0.18336983025074005,0.1960151046514511,0.09524895250797272,0.14365310966968536,0.2715929448604584
test,199_v4_19_content_AlbCalv_kruskal-algorithm_Kruskal.py_cleaned.png,4,3,0.14545203745365143,0.15478721261024475,0.1682826280593872,0.20062151551246643,0.14472544193267822,0.18613114953041077
test,199_v4_1_content_mattjj_pyhsmm-factorial_util.py_cleaned.png,4,1,0.15385739505290985,0.18252070248126984,0.18127375841140747,0.15291602909564972,0.1593339443206787,0.17009815573692322
test,200_v4_10_content_mahimagupta_NLP-Research-Project-_test2.py_cleaned.png,4,1,0.21009652316570282,0.2529677748680115,0.14502130448818207,0.120751291513443,0.1260243058204651,0.14513880014419556
test,200_v4_14_content_atakanipekci_QuickSortLomutoAndHoare_quickSortsComp.py_cleaned.png,4,1,0.17064514756202698,0.19538138806819916,0.1592087298631668,0.18677547574043274,0.14665865898132324,0.14133048057556152
test,200_v4_17_content_Selentiym_bigHWonOrderedSets_hw3.py_cleaned.png,4,1,0.17047373950481415,0.1944180130958557,0.15887869894504547,0.14197078347206116,0.15067075192928314,0.1835879683494568
test,200_v4_1_content_colettebedoya_primsAndKruskal_DisjointSet.py_cleaned.png,4,5,0.16170737147331238,0.10278055816888809,0.16138117015361786,0.12382014095783234,0.18291129171848297,0.26739954948425293
test,200_v4_23_content_binaya07_8-puzzle_queue.py_cleaned.png,4,5,0.1591825634241104,0.08883119374513626,0.17361105978488922,0.16065460443496704,0.18904270231723785,0.2286778837442398
test,200_v4_2_content_imset_Perfect-Numbers_perfNum.py_cleaned.png,4,2,0.13506002724170685,0.16653232276439667,0.19039462506771088,0.17804329097270966,0.1664055734872818,0.16356420516967773
test,201_v4_12_content_aabulhaj_SpectralClustering_spectral_clustering.py_cleaned.png,4,2,0.16789129376411438,0.16527165472507477,0.18567214906215668,0.1606900691986084,0.15875938534736633,0.16171550750732422
test,201_v4_12_content_kevinyang372_San-Francisco-crime-data-analysis_datasource.py_cleaned.png,4,0,0.2548772990703583,0.14063429832458496,0.14959225058555603,0.0991700142621994,0.2083366960287094,0.14738939702510834
test,201_v4_24_content_cagrias_django-rabbitmq-celery-docker-example_manage.py_cleaned.png,4,4,0.18161526322364807,0.13949339091777802,0.12650200724601746,0.13044524192810059,0.23222485184669495,0.18971924483776093
test,202_v4_11_content_Meghali-Nandi_DNA-PATTERN-MATCHER_dna_matching.py_cleaned.png,4,5,0.12040313333272934,0.18316981196403503,0.17038923501968384,0.15348033607006073,0.17329762876033783,0.19925983250141144
test,202_v4_13_content_frederikpietzko_fun_with_python_gdc_euclidian_algorithm.py_cleaned.png,4,2,0.1732964962720871,0.14188799262046814,0.2031795233488083,0.13985343277454376,0.17397929728031158,0.16780325770378113
test,202_v4_14_content_Robo-Sapien_Maze-Perilous-Real-Time-Implemention-of-Dijkstra-Algorithm_pixel_values.py_cleaned.png,4,1,0.15865671634674072,0.20726463198661804,0.1716051548719406,0.16299454867839813,0.1468319147825241,0.15264706313610077
test,202_v4_14_content_lucascamposj_huffman-coding_huffman_decode.py_cleaned.png,4,1,0.13361826539039612,0.21989043056964874,0.16879022121429443,0.1490250676870346,0.16283829510211945,0.16583773493766785
test,202_v4_17_content_kwikadi_BFS-v-DFS_dfs.py_cleaned.png,4,1,0.16305352747440338,0.18537966907024384,0.16994516551494598,0.13744711875915527,0.18135063350200653,0.16282391548156738
test,202_v4_25_content_unifiprojects_TemporalGraphs_DFS-v1.py_cleaned.png,4,3,0.15591706335544586,0.16811417043209076,0.17482204735279083,0.1844361275434494,0.14865683019161224,0.1680537462234497
test,202_v4_29_content_zcogley_Bubble-Sort_bubble_sort.py_cleaned.png,4,4,0.17865072190761566,0.1372992843389511,0.15976542234420776,0.11476560682058334,0.24167129397392273,0.1678476482629776
test,203_v4_16_content_johnllanos_selection_sort.py_selection_sort.py_cleaned.png,4,4,0.17810484766960144,0.14781512320041656,0.16707728803157806,0.16418522596359253,0.1959443837404251,0.14687319099903107
test,203_v4_1_content_MarcoForte_knn-matting_knn_matting.py_cleaned.png,4,2,0.16365589201450348,0.17813365161418915,0.19676606357097626,0.17983482778072357,0.13393886387348175,0.1476706564426422
test,203_v4_1_content_dedeco_dijkstra-bellman-ford_vertice.py_cleaned.png,4,2,0.14692528545856476,0.1754932701587677,0.19812405109405518,0.17226941883563995,0.1417342722415924,0.1654536873102188
test,203_v4_21_content_rahul494_Mental-Health-On-Twitter-Analysis_relevant_tweet_filter.py_cleaned.png,4,5,0.10025244206190109,0.18222326040267944,0.19029222428798676,0.17408491671085358,0.11570139229297638,0.23744572699069977
test,204_v4_13_content_alu0100821390_diffie-hellman_diffie-hellman.py_cleaned.png,4,2,0.14954781532287598,0.17343910038471222,0.2133646309375763,0.14282605051994324,0.14614473283290863,0.17467765510082245
test,204_v4_15_content_Dhruv-Panchal_AES_socket_GUI_decryptor.py_cleaned.png,4,2,0.13630767166614532,0.18977715075016022,0.2065686583518982,0.1941567212343216,0.1326553076505661,0.140534445643425
test,204_v4_15_content_VakinduPhilliam_Pattern_Matching_Python_Difflib_Pattern_Matching_CL_Interface.py_cleaned.png,4,3,0.16566966474056244,0.1806974560022354,0.15576386451721191,0.19012480974197388,0.15197451412677765,0.1557697206735611
test,204_v4_16_content_SemyonMakhaev_elliptic-curve_main.py_cleaned.png,4,2,0.12978006899356842,0.1878117024898529,0.19582782685756683,0.1686028391122818,0.16071048378944397,0.15726715326309204
test,204_v4_1_content_akhilesh1311_MazeSolver_hard_maze.py_cleaned.png,4,3,0.1385459452867508,0.1858256757259369,0.16971643269062042,0.19845269620418549,0.16835398972034454,0.13910533487796783
test,205_v4_11_content_kirokuan_Idf-tf-DocCompare_PorterStemmer.py_cleaned.png,4,0,0.189345121383667,0.18844640254974365,0.11992901563644409,0.17455260455608368,0.17776884138584137,0.14995798468589783
test,205_v4_16_content_aplested_verify_PlotParam.py_cleaned.png,4,2,0.12618154287338257,0.17648987472057343,0.2297758013010025,0.18973521888256073,0.12101925909519196,0.1567983329296112
test,205_v4_17_content_davidbhan_IntelligentPatents_NLP_functions.py_cleaned.png,4,2,0.1626862734556198,0.15298639237880707,0.17643363773822784,0.16247732937335968,0.17345185577869415,0.17196443676948547
test,205_v4_17_content_skvorekn_arima_model.py_cleaned.png,4,2,0.12868012487888336,0.17007961869239807,0.24705371260643005,0.18658414483070374,0.17004287242889404,0.09755957126617432
test,205_v4_1_content_zsra_RSA_keygen_prime.py_cleaned.png,4,5,0.11792674660682678,0.14931832253932953,0.1622520387172699,0.22046712040901184,0.12103547155857086,0.22900032997131348
test,205_v4_23_content_jfb125_pythonLinkedLists_ex13.py_cleaned.png,4,1,0.16989094018936157,0.20100124180316925,0.19442246854305267,0.1455473154783249,0.1539047509431839,0.1352333277463913
test,205_v4_23_content_xaviergoby_ConvLSTM-Computer-Vision-for-Structural-Health-Monitoring-SHM-and-NonDestructive-Testing-NDT_settings.py_cleaned.png,4,1,0.1748552918434143,0.2003059834241867,0.19014868140220642,0.14143036305904388,0.14438696205615997,0.1488727331161499
test,205_v4_24_content_Patrik-Stas_kata-bst-tree_bst_ll.py_cleaned.png,4,1,0.14477945864200592,0.1964477151632309,0.18968933820724487,0.1824820339679718,0.13177265226840973,0.1548287570476532
test,205_v4_24_content_lesdev_SortingMethods_radix.py_cleaned.png,4,1,0.16150960326194763,0.17806324362754822,0.17196737229824066,0.16053111851215363,0.15742234885692596,0.1705063432455063
test,206_v4_16_content_mor3dr3ad_gcdRecur_gdcRecur.py_cleaned.png,4,4,0.22451740503311157,0.10744524002075195,0.10824009031057358,0.11068343371152878,0.26902008056640625,0.18009373545646667
test,206_v4_21_content_p-kim1_Image-Segmentation-with-K-means_kmeans.py_cleaned.png,4,1,0.17139632999897003,0.27078917622566223,0.1560792475938797,0.09763450920581818,0.15845920145511627,0.1456414759159088
test,207_v4_19_content_frankiekienlam_Fibonacci_Pyramids_test_pset.py_cleaned.png,4,3,0.12798428535461426,0.17999623715877533,0.19126857817173004,0.2146972119808197,0.13027220964431763,0.1557815670967102
test,207_v4_19_content_mgersalan_Unsorted-Median-Spark-AWS_unsorted_median.py_cleaned.png,4,1,0.1558939665555954,0.1798216849565506,0.1744297444820404,0.1746385544538498,0.1582087129354477,0.1570073813199997
test,207_v4_1_content_0x27_shodan_key_checker_shodankeys.py_cleaned.png,4,1,0.15874458849430084,0.17980124056339264,0.1619483232498169,0.16900362074375153,0.15996699035167694,0.17053532600402832
test,207_v4_1_content_marcsantiago_one_time_pad_encryption_cmd_otp_utility.py_cleaned.png,4,2,0.1375032663345337,0.20779529213905334,0.2333386391401291,0.1755797266960144,0.12151551246643066,0.12426753342151642
test,207_v4_1_content_nikitaa30_Content-based-Recommender-System_recommender_system.py_cleaned.png,4,1,0.15600885450839996,0.1892058551311493,0.17842142283916473,0.15911996364593506,0.15395909547805786,0.16328482329845428
test,207_v4_24_content_Am4teur_LinkedList_LL0.py_cleaned.png,4,0,0.270718514919281,0.1239924505352974,0.17179758846759796,0.11606989800930023,0.14875827729701996,0.16866330802440643
test,207_v4_32_content_mahtabfarrokh_classic-search_Astar.py_cleaned.png,4,2,0.13070040941238403,0.18571418523788452,0.18885144591331482,0.18435907363891602,0.15626032650470734,0.15411458909511566
test,207_v4_34_content_dvsa_cvs-tsk-dlq-handler_dlq_handler.py_cleaned.png,4,1,0.13493071496486664,0.20508432388305664,0.1812509000301361,0.16247569024562836,0.14256301522254944,0.1736954152584076
test,208_v4_17_content_pandaychen_AES_udpserver_aes_udpserver.py_cleaned.png,4,3,0.154811292886734,0.1807491034269333,0.1703912764787674,0.1815500408411026,0.1538316309452057,0.1586666703224182
test,208_v4_25_content_SaadatRizvi_Movie-Recommendation-System_collaborative-filtering.py_cleaned.png,4,2,0.14121600985527039,0.17184771597385406,0.19409522414207458,0.1614626944065094,0.1437450498342514,0.18763329088687897
test,208_v4_31_content_igoreliasm_binary-tree_arvore.py_cleaned.png,4,1,0.17781969904899597,0.193071186542511,0.17380763590335846,0.15057837963104248,0.1285286843776703,0.1761944741010666
test,208_v4_33_content_gquintela_bfs_graph.py_cleaned.png,4,5,0.15763923525810242,0.15032638609409332,0.16667433083057404,0.13000907003879547,0.18211431801319122,0.21323667466640472
test,209_v4_12_content_ianscottknight_Predicting-Myers-Briggs-Type-Indicator-with-Recurrent-Neural-Networks_make_training_set.py_cleaned.png,4,1,0.18208779394626617,0.23086774349212646,0.2064802050590515,0.12243540585041046,0.13429783284664154,0.12383101135492325
test,209_v4_14_content_Dawlatly_Recommender-system_kmeans.py_cleaned.png,4,2,0.1443665325641632,0.17593154311180115,0.20696856081485748,0.18063831329345703,0.13651183247566223,0.15558312833309174
test,209_v4_31_content_jwjohns_binary-tree_python_binary_tree_search.py_cleaned.png,4,1,0.11840232461690903,0.20263469219207764,0.20002144575119019,0.1929558962583542,0.10760467499494553,0.1783808469772339
test,210_v4_1_content_aviralmathur_Word2Vec_SKU_Desc.py_cleaned.png,4,1,0.1444176435470581,0.22845779359340668,0.17859400808811188,0.15507060289382935,0.15718184411525726,0.13627812266349792
test,210_v4_1_content_randombit_pairings.py_bls.py_cleaned.png,4,0,0.21533797681331635,0.12675973773002625,0.16787578165531158,0.15312673151493073,0.20960953831672668,0.12729018926620483
test,210_v4_20_content_higirodj_Dijkstra_dijkstra.py_cleaned.png,4,2,0.14118634164333344,0.17012104392051697,0.18866081535816193,0.17270152270793915,0.15156960487365723,0.1757606565952301
test,210_v4_24_content_SajjadAemmi_Text-Summarization_main.py_cleaned.png,4,2,0.1875312626361847,0.16308534145355225,0.1911412924528122,0.13886436820030212,0.1806204617023468,0.13875725865364075
test,210_v4_28_content_surgoku_sentiment_analysis_knn_submission.py_cleaned.png,4,1,0.13769744336605072,0.2109711468219757,0.20203956961631775,0.09838458895683289,0.14551369845867157,0.2053934633731842
test,210_v4_33_content_hexingwei_Binary-tree_tree.py_cleaned.png,4,0,0.21260637044906616,0.19077496230602264,0.16713100671768188,0.11821150779724121,0.13414335250854492,0.17713278532028198
test,210_v4_3_content_iykadev_pyalgo_binarySearch.py_cleaned.png,4,2,0.15103799104690552,0.17027722299098969,0.2015676349401474,0.15645428001880646,0.1637704074382782,0.15689244866371155
test,211_v4_11_content_sichen-x_search-engine_myhtable_search.py_cleaned.png,4,2,0.1378512978553772,0.1693166345357895,0.19310250878334045,0.1695995181798935,0.15691721439361572,0.17321273684501648
test,211_v4_21_content_AntonisFK_selection_sort_python_selectionSort.py_cleaned.png,4,2,0.14028647541999817,0.1594647318124771,0.1960776150226593,0.14592769742012024,0.16673462092876434,0.19150885939598083
test,211_v4_23_content_cheewoei1997_dijkstras-algorithm_graphFunctions.py_cleaned.png,4,2,0.14892275631427765,0.14866675436496735,0.2993814945220947,0.14824524521827698,0.10387351363897324,0.1509101688861847
test,211_v4_26_content_alex-code4okc_LinkedList_linkedlist.py_cleaned.png,4,1,0.15286467969417572,0.20522183179855347,0.17531396448612213,0.16799922287464142,0.1513379067182541,0.14726246893405914
test,211_v4_28_content_Jvictor97_YellowFever_randDate.py_cleaned.png,4,2,0.16796302795410156,0.16087977588176727,0.20167963206768036,0.15131142735481262,0.16905884444713593,0.14910727739334106
test,211_v4_29_content_rahuljohnny_Bangla_OCR_Using_KNN_class_contour.py_cleaned.png,4,4,0.12138751894235611,0.11391809582710266,0.16034813225269318,0.15692360699176788,0.23635399341583252,0.21106873452663422
test,211_v4_2_content_cvwilliams_BellmanFord-Python_client.py_cleaned.png,4,2,0.1323380470275879,0.18503503501415253,0.22021955251693726,0.1784927397966385,0.13616961240768433,0.14774499833583832
test,212_v4_19_content_Gorresio_easyAES256_easyAES256.py_cleaned.png,4,1,0.12653018534183502,0.22838807106018066,0.16360457241535187,0.1329173594713211,0.15879566967487335,0.18976418673992157
test,212_v4_1_content_rcorcs_apref_tests.py_cleaned.png,4,2,0.11624611914157867,0.18525616824626923,0.22970198094844818,0.18860070407390594,0.12241419404745102,0.15778090059757233
test,212_v4_29_content_SomeshKashyap_Hierarchical-Clustering_HierarchicalClustering.py_cleaned.png,4,2,0.09944114834070206,0.20317332446575165,0.2185768336057663,0.1760309785604477,0.12760011851787567,0.17517763376235962
test,212_v4_2_content_WenjieLuo2333_ModuleDesign_Alert_module.py_cleaned.png,4,1,0.14809924364089966,0.228861004114151,0.1624392718076706,0.1461275964975357,0.17408955097198486,0.1403833031654358
test,212_v4_38_content_NicholasKobald_Tree-Traversals_traversals.py_cleaned.png,4,3,0.16342400014400482,0.13436204195022583,0.180830717086792,0.20621640980243683,0.15696470439434052,0.1582021415233612
test,212_v4_42_content_tesladodger_Fibonacci_fibonacci.py_cleaned.png,4,3,0.16098088026046753,0.17429901659488678,0.18061842024326324,0.19000646471977234,0.15016531944274902,0.14392995834350586
test,213_v4_1_content_colettebedoya_primsAndKruskal_DisjointSet.py_cleaned.png,4,5,0.16001395881175995,0.14063367247581482,0.12835736572742462,0.16300630569458008,0.18042533099651337,0.2275633066892624
test,213_v4_1_content_sadnessFree_arima-lstm_combine-svm.py_cleaned.png,4,2,0.17522059381008148,0.1376379132270813,0.19840024411678314,0.1667509227991104,0.1810571551322937,0.14093326032161713
test,213_v4_23_content_AMARPATEEL_Selection-sort-in-python_selection_by_user_input.py_cleaned.png,4,1,0.15993544459342957,0.25882819294929504,0.19127753376960754,0.13830122351646423,0.10678412020206451,0.1448734551668167
test,213_v4_29_content_AouinaOns_K-Means-Clustering_K-means.py_cleaned.png,4,3,0.1549384742975235,0.19316981732845306,0.17329028248786926,0.19414137303829193,0.12283831089735031,0.1616217941045761
test,213_v4_29_content_vtheno_kNN_one_line.py_cleaned.png,4,2,0.15104560554027557,0.17775774002075195,0.18487530946731567,0.14831779897212982,0.18414345383644104,0.15386009216308594
test,213_v4_30_content_rogerdenisvieira_bidirectional-conditional-insertion-sort_unit_tests.py_cleaned.png,4,2,0.14437632262706757,0.18264582753181458,0.19760571420192719,0.1574140340089798,0.15148550271987915,0.16647256910800934
test,213_v4_35_content_fireclawthefox_DirectGuiDesigner_setup_p3d.py_cleaned.png,4,1,0.15610739588737488,0.1737702488899231,0.16997408866882324,0.1690935343503952,0.16328874230384827,0.16776596009731293
test,213_v4_41_content_rinky97_polynomial-regression_my.py_cleaned.png,4,2,0.13989992439746857,0.1673891395330429,0.20369930565357208,0.1555667370557785,0.1731557846069336,0.16028907895088196
test,213_v4_44_content_Mazuh_Fibonacci_fib_benchmark.py_cleaned.png,4,2,0.142633855342865,0.18928420543670654,0.1892881840467453,0.17183999717235565,0.1495348960161209,0.157418891787529
test,214_v4_15_content_VakinduPhilliam_Pattern_Matching_Python_Fnmatch_fnmatch.py_cleaned.png,4,5,0.19817985594272614,0.1647460162639618,0.15578381717205048,0.12852612137794495,0.14986038208007812,0.20290380716323853
test,214_v4_1_content_josgard94_JPEG_generador_huffman_code.py_cleaned.png,4,2,0.1315547674894333,0.16453631222248077,0.33268946409225464,0.11009857803583145,0.0678398385643959,0.19328105449676514
test,214_v4_29_content_sanchikagn_geyser-eruptions-k-means_clusters_plotted.py_cleaned.png,4,2,0.15093877911567688,0.1753450185060501,0.1778126209974289,0.16042882204055786,0.16532698273658752,0.17014774680137634
test,214_v4_2_content_zalayo_Hierarchical-Linkage-Regression_HLRtest.py_cleaned.png,4,2,0.16248157620429993,0.16906769573688507,0.23875844478607178,0.1376657634973526,0.12204325944185257,0.16998328268527985
test,215_v4_25_content_jimmy-ly00_DHE-prime-grabber_find_primes.py_cleaned.png,4,2,0.1710844188928604,0.16518978774547577,0.18690240383148193,0.13532423973083496,0.15494851768016815,0.18655067682266235
test,215_v4_2_content_Lok-lok_TestLinkedList_LinkedList.py_cleaned.png,4,2,0.1389475017786026,0.17682890594005585,0.2136475294828415,0.19181664288043976,0.12402541190385818,0.1547340303659439
test,215_v4_2_content_facebookresearch_reward-estimator-corl_configurations_continuous_sparse.py_cleaned.png,4,5,0.11803468316793442,0.20267195999622345,0.15478754043579102,0.16744554042816162,0.15033140778541565,0.20672887563705444
test,215_v4_30_content_Aishwarya1401_Diabetic-Retinopathy-Project-Deep-Learning-_KNN_RawImage.py_cleaned.png,4,2,0.1523086130619049,0.19102028012275696,0.20044097304344177,0.17031335830688477,0.13238447904586792,0.15353228151798248
test,215_v4_33_content_Howellp80_Algorithms---Merge-Sort-vs-Insertion-Sort_hw1.py_cleaned.png,4,2,0.11394122242927551,0.20485880970954895,0.21629862487316132,0.1838839203119278,0.12649431824684143,0.15452316403388977
test,215_v4_36_content_mskroar18_GraphWizard_edge.py_cleaned.png,4,0,0.20641914010047913,0.16578082740306854,0.16744421422481537,0.12208979576826096,0.20595099031925201,0.13231506943702698
test,215_v4_3_content_iykadev_pyalgo_bresenhams_line_algo.py_cleaned.png,4,2,0.17501325905323029,0.1574842631816864,0.18782280385494232,0.1452215015888214,0.15574902296066284,0.1787092238664627
test,215_v4_44_content_suzheng123_BFS_N-aryTreeLevel.py_cleaned.png,4,5,0.14151248335838318,0.11454018205404282,0.14572586119174957,0.1245022714138031,0.1925518810749054,0.28116729855537415
test,216_v4_16_content_NB-prog_INTERN-2019_similarity_eval.py_cleaned.png,4,2,0.13729111850261688,0.18783852458000183,0.20289725065231323,0.16682779788970947,0.1418411284685135,0.16330420970916748
test,216_v4_46_content_ThallysSo_criptografia-rsa_criptografia.py_cleaned.png,4,3,0.14895948767662048,0.15624621510505676,0.18440955877304077,0.18753665685653687,0.15878067910671234,0.16406729817390442
test,216_v4_49_content_pranurs_regression-model_main.py_cleaned.png,4,3,0.16115973889827728,0.1480535864830017,0.1912633627653122,0.19756817817687988,0.1773747056722641,0.12458045035600662
test,217_v4_1_content_sadnessFree_arima-lstm_lstm_keras.py_cleaned.png,4,1,0.1621546447277069,0.20069095492362976,0.17000727355480194,0.12364745885133743,0.179539293050766,0.16396036744117737
test,217_v4_26_content_AbdelrhmanKhater_Comparison-between-linked-list-and-array-during-using-selection-sort_Linkedlist.py_cleaned.png,4,5,0.16534630954265594,0.16775986552238464,0.16773724555969238,0.15131095051765442,0.13283073902130127,0.21501486003398895
test,217_v4_26_content_bahadircolak44_EllipticCurve_PointAddition.py_cleaned.png,4,1,0.16388331353664398,0.2260259985923767,0.13547338545322418,0.1356741040945053,0.15530937910079956,0.18363386392593384
test,217_v4_26_content_hemidactylus_skanfixer_sfUtilities.py_cleaned.png,4,3,0.15596598386764526,0.15759040415287018,0.16164761781692505,0.19166319072246552,0.14409364759922028,0.18903908133506775
test,217_v4_40_content_alttch_pyaltt_test.py_cleaned.png,4,2,0.1501767933368683,0.14804908633232117,0.21298040449619293,0.16316406428813934,0.1317823976278305,0.193847194314003
test,217_v4_4_content_MphoKunene_Machine_learning-Polynomial-regression_poly.py_cleaned.png,4,1,0.1569051742553711,0.1976216584444046,0.1885962188243866,0.17912474274635315,0.13959339261054993,0.13815878331661224
test,218_v4_13_content_Pedinpsy_-inverted-index-search_main.py_cleaned.png,4,1,0.17017436027526855,0.1933375746011734,0.17741768062114716,0.17507976293563843,0.15842150151729584,0.12556909024715424
test,218_v4_22_content_Raxev_datastructures3_huffElement.py_cleaned.png,4,5,0.1698348969221115,0.1244748905301094,0.17618334293365479,0.132668599486351,0.19653762876987457,0.2003006488084793
test,218_v4_26_content_AbdelrhmanKhater_Comparison-between-linked-list-and-array-during-using-selection-sort_main.py_cleaned.png,4,3,0.16058479249477386,0.18898406624794006,0.1863323450088501,0.2022218108177185,0.12337446957826614,0.13850252330303192
test,218_v4_26_content_ivanji_diffie-hellman-algorithm_diffie-hellman.py_cleaned.png,4,4,0.15802820026874542,0.17353110015392303,0.1703839749097824,0.16310766339302063,0.1781354397535324,0.1568136364221573
test,218_v4_39_content_hamidaucc_Link-state-protocol-in-python_Test.py_cleaned.png,4,5,0.15239396691322327,0.1421213448047638,0.16878607869148254,0.12516528367996216,0.19852936267852783,0.21300388872623444
test,218_v4_3_content_riteshkasat_Community-Detection-Algorithm_detect_community.py_cleaned.png,4,3,0.13279859721660614,0.17747551202774048,0.19646169245243073,0.20352652668952942,0.13138437271118164,0.15835323929786682
test,218_v4_41_content_sweeneyde_IndexedHeap_dijkstra.py_cleaned.png,4,2,0.16718874871730804,0.15560579299926758,0.19964370131492615,0.12957452237606049,0.1639658808708191,0.1840214729309082
test,218_v4_49_content_mrsondeptrai1999_RSA_Summer_2017_project_Decryption.py_cleaned.png,4,2,0.15804427862167358,0.15463659167289734,0.19004270434379578,0.15640194714069366,0.15627719461917877,0.18459729850292206
test,219_v4_23_content_xuwangme_huffmanTree_Main.py_cleaned.png,4,2,0.17230390012264252,0.18890728056430817,0.21598120033740997,0.1367453783750534,0.13635039329528809,0.14971187710762024
test,219_v4_27_content_mskroar18_GraphWizard_edge.py_cleaned.png,4,4,0.17369863390922546,0.1213027834892273,0.17366571724414825,0.1079535111784935,0.22257454693317413,0.20080479979515076
test,219_v4_36_content_cyndyishida_QueueQuickSort_linked_queue.py_cleaned.png,4,1,0.14415428042411804,0.2060810625553131,0.1869838535785675,0.13300594687461853,0.15177640318870544,0.17799842357635498
test,219_v4_3_content_abantikabasak_ImprovisedDijkstraFlood_GraphInput.py_cleaned.png,4,2,0.13392063975334167,0.19880680739879608,0.21485881507396698,0.14717622101306915,0.16529160737991333,0.13994593918323517
test,219_v4_3_content_iykadev_pyalgo_deepFirstSearch.py_cleaned.png,4,5,0.16994255781173706,0.13819827139377594,0.1537572294473648,0.19516529142856598,0.14219044148921967,0.20074626803398132
test,219_v4_45_content_ilkayDevran_Analysis_of_Sorting_Algorithms_pyplot.py_cleaned.png,4,2,0.17784267663955688,0.17180024087429047,0.18062640726566315,0.17781014740467072,0.13038010895252228,0.1615404486656189
test,219_v4_52_content_seanluo1_Arm-Link-AI_const.py_cleaned.png,4,2,0.1932062953710556,0.1771586835384369,0.20798195898532867,0.11737075448036194,0.15890149772167206,0.14538082480430603
test,220_v4_18_content_Mital188_Logistic-Regression_logistic_regression.py_cleaned.png,4,1,0.1756242960691452,0.308676540851593,0.17100897431373596,0.08677834272384644,0.1121361181139946,0.14577580988407135
test,220_v4_2_content_swapnilg915_cosine_similarity_using_embeddings_spacy_embeddings.py_cleaned.png,4,2,0.13959747552871704,0.16386757791042328,0.2072429209947586,0.16428160667419434,0.14172977209091187,0.18328073620796204
test,220_v4_41_content_antoinewg_ocr-tfidf_reducer3.py_cleaned.png,4,1,0.15533865988254547,0.18299931287765503,0.17129123210906982,0.16861923038959503,0.15815965831279755,0.1635918766260147
test,220_v4_50_content_cristend_spam_email_auto_run.py_cleaned.png,4,2,0.13129255175590515,0.15477298200130463,0.22040683031082153,0.17461997270584106,0.15254808962345123,0.1663595587015152
test,220_v4_51_content_rw15e_CIS4930-Python-Project-3_graph.py_cleaned.png,4,2,0.17219477891921997,0.12701784074306488,0.2446107566356659,0.10751674324274063,0.13572613894939423,0.21293368935585022
test,220_v4_53_content_ekaktusz_rsa-example_rsa.py_cleaned.png,4,5,0.1530427485704422,0.1741214543581009,0.1924283802509308,0.1434597671031952,0.143814817070961,0.19313280284404755
test,220_v4_5_content_AdamJacoby_Hopf_Example_DihedralGroup.py_cleaned.png,4,5,0.1642468273639679,0.1456465721130371,0.13519519567489624,0.17077188193798065,0.17172124981880188,0.21241825819015503
test,221_v4_1_content_jim-spyropoulos_Trajectory-Analysis-and-Classification-in-Python-Pandas-and-Scikit-Learn_down_left_point.py_cleaned.png,4,1,0.16665059328079224,0.20185960829257965,0.16914816200733185,0.14559507369995117,0.16735805571079254,0.14938847720623016
test,221_v4_24_content_MariosPitsali_algorithms-practice_rollback.py_cleaned.png,4,1,0.1578574925661087,0.18895068764686584,0.17364078760147095,0.1795833557844162,0.1380574107170105,0.1619102954864502
test,221_v4_3_content_Sapphirine_Detecting-and-Predicting-the-Impact-of-Events_calc_train_anamoly_10ile-Copy5.py_cleaned.png,4,5,0.15191522240638733,0.15330463647842407,0.1546250581741333,0.16278453171253204,0.17766760289669037,0.19970297813415527
test,221_v4_47_content_jeshan_lambda-default-dlq_generate-config.py_cleaned.png,4,1,0.12194862961769104,0.21770523488521576,0.20630298554897308,0.20404531061649323,0.13730774819850922,0.11269012093544006
test,221_v4_51_content_UnPolinomio_fibonacci-number_numbers.py_cleaned.png,4,2,0.12987439334392548,0.17244066298007965,0.24641935527324677,0.153126060962677,0.14033392071723938,0.15780551731586456
test,221_v4_55_content_Ali-Ouahhabi_AesRsa_cipher_structure.py_cleaned.png,4,2,0.1302819401025772,0.15826192498207092,0.218399778008461,0.16523972153663635,0.12763233482837677,0.20018437504768372
test,222_v4_24_content_mukeshkdangi_encypt_aes_encryptAES.py_cleaned.png,4,1,0.13800129294395447,0.20603878796100616,0.20353616774082184,0.17739801108837128,0.13143397867679596,0.1435917615890503
test,222_v4_3_content_Sapphirine_Detecting-and-Predicting-the-Impact-of-Events_calc_train_anamoly_10ile.py_cleaned.png,4,3,0.17328856885433197,0.16521848738193512,0.14554059505462646,0.18505600094795227,0.15381616353988647,0.1770801991224289
test,222_v4_49_content_lllunaticer_pathFindGUI_Draw.py_cleaned.png,4,2,0.15249739587306976,0.16878251731395721,0.19300192594528198,0.15750426054000854,0.17150458693504333,0.15670932829380035
test,222_v4_55_content_Jozhus_RSA-And-Linear-Cipher_RSA.py_cleaned.png,4,5,0.12023922055959702,0.1540466845035553,0.16388942301273346,0.1897306889295578,0.14948111772537231,0.2226128727197647
test,222_v4_58_content_tanjimingrinnell_TreeAndGraph_LinkedList.py_cleaned.png,4,5,0.19267047941684723,0.13790647685527802,0.15221892297267914,0.1632971316576004,0.1442984640598297,0.20960848033428192
test,222_v4_59_content_SMByC_PCA4CD_pca4cd.py_cleaned.png,4,1,0.13345690071582794,0.1931506246328354,0.15227223932743073,0.17021554708480835,0.1884741485118866,0.16243058443069458
test,223_v4_24_content_mukeshkdangi_encypt_aes_genkeys.py_cleaned.png,4,0,0.4248731732368469,0.1068928986787796,0.20966705679893494,0.09252744168043137,0.05443421006202698,0.11160513758659363
test,223_v4_28_content_yifan0330_stock-trader_stocktrader.py_cleaned.png,4,0,0.3584698736667633,0.227023184299469,0.05904877558350563,0.057350531220436096,0.18048468232154846,0.11762294918298721
test,223_v4_4_content_Khante_Distance-Vector-Algorithm_simulation_1.py_cleaned.png,4,2,0.15299761295318604,0.16981029510498047,0.19926345348358154,0.1716410219669342,0.15287207067012787,0.15341556072235107
test,223_v4_4_content_wazzaarvind_Clustering-Algorithms_reducer.py_cleaned.png,4,4,0.1615608036518097,0.15401940047740936,0.1812911331653595,0.12493953853845596,0.20026510953903198,0.1779239922761917
test,223_v4_5_content_AdamJacoby_Hopf_Frobenius_Divisibility_Algorithm.py_cleaned.png,4,1,0.13720692694187164,0.26209309697151184,0.2027922421693802,0.10068057477474213,0.14747776091098785,0.14974935352802277
test,223_v4_5_content_adityadas8888_Naive-Bayes_naive_bayes.py_cleaned.png,4,0,0.2986726462841034,0.20829060673713684,0.13451357185840607,0.1278248131275177,0.09259306639432907,0.1381053626537323
test,223_v4_5_content_domodomodomo_binary_search_tree_binary_search_tree.py_cleaned.png,4,3,0.21641016006469727,0.1258159577846527,0.12850777804851532,0.21649165451526642,0.13054656982421875,0.18222784996032715
test,224_v4_16_content_sanjay3001_Search-in-python_linear_search.py_cleaned.png,4,5,0.15556550025939941,0.17970676720142365,0.15979111194610596,0.14874248206615448,0.17090252041816711,0.18529163300991058
test,224_v4_20_content_anasbadawy_Basic-NLP-Project_NLPProject.py_cleaned.png,4,5,0.1822621077299118,0.16881988942623138,0.16711731255054474,0.11186941713094711,0.1818276345729828,0.18810370564460754
test,224_v4_2_content_Yash0day_ElgamalEncryption-using-ECC_Hash.py_cleaned.png,4,5,0.17379726469516754,0.13374651968479156,0.14652374386787415,0.13164487481117249,0.2025003731250763,0.21178719401359558
test,224_v4_32_content_Arhacai_ciphers_secret_messages.py_cleaned.png,4,3,0.1291036605834961,0.18083162605762482,0.182164266705513,0.21282228827476501,0.12190768867731094,0.17317037284374237
test,224_v4_40_content_Bonifase_ShoppingList_app_tests.py_cleaned.png,4,1,0.14748352766036987,0.2058594524860382,0.18894200026988983,0.1659277230501175,0.142893984913826,0.1488932967185974
test,224_v4_66_content_Talon-Zhang_Naive-Bayes_reader.py_cleaned.png,4,5,0.15388646721839905,0.1507749706506729,0.1949656903743744,0.13305135071277618,0.15281976759433746,0.21450169384479523
test,225_v4_18_content_ppke-nlpg_emmorphpy_test.py_cleaned.png,4,2,0.16985443234443665,0.16041432321071625,0.2058265209197998,0.13381285965442657,0.1537896990776062,0.17630219459533691
test,225_v4_33_content_prabhatpal77_Complete-core-python-_assignmentope.py_cleaned.png,4,5,0.197130486369133,0.12972208857536316,0.11931000649929047,0.11160385608673096,0.20712633430957794,0.23510713875293732
test,225_v4_3_content_dlohith_text-similarity_utils.py_cleaned.png,4,2,0.18302638828754425,0.1702326238155365,0.22391360998153687,0.11614556610584259,0.13036425411701202,0.17631758749485016
test,225_v4_3_content_iykadev_pyalgo_fibo.py_cleaned.png,4,5,0.18071138858795166,0.14247503876686096,0.1745384782552719,0.1189335361123085,0.17933474481105804,0.2040068507194519
test,225_v4_4_content_reza-asad_Prims-Minimum-Spanning-Tree_Prim_s_algorithm.py_cleaned.png,4,2,0.1830706000328064,0.19829070568084717,0.20095966756343842,0.1077808067202568,0.17620332539081573,0.13369491696357727
test,225_v4_53_content_KaiFly_Xemina2_DijkstraSP_GraphDrawing.py_cleaned.png,4,1,0.16615253686904907,0.20689043402671814,0.1812104731798172,0.15454696118831635,0.1370917409658432,0.15410782396793365
test,225_v4_5_content_AdamJacoby_Hopf_HopfConstructions.py_cleaned.png,4,5,0.12642262876033783,0.13548818230628967,0.1896810531616211,0.15388238430023193,0.16503292322158813,0.22949279844760895
test,225_v4_60_content_fabaloc_PCA_RollingPCAonCDS.py_cleaned.png,4,1,0.20158055424690247,0.2030613273382187,0.13472074270248413,0.14171656966209412,0.17934444546699524,0.13957642018795013
test,225_v4_6_content_coorty_apriori-agorithm-python_test_apriori_command_line.py_cleaned.png,4,2,0.10719145834445953,0.18554797768592834,0.2586469352245331,0.18633082509040833,0.10179714113473892,0.16048568487167358
test,226_v4_55_content_AustinZuniga_Auto-tagging-of-Theses-and-Dissertations-of-Bicol-University-Searching-and-Matching-_main.py_cleaned.png,4,0,0.21719209849834442,0.109902523458004,0.20201781392097473,0.11501418054103851,0.18256214261054993,0.17331118881702423
test,226_v4_5_content_Schemberizer_Binary-Tree-Compression_tree.py_cleaned.png,4,2,0.15460991859436035,0.17144566774368286,0.20381031930446625,0.18704846501350403,0.13969755172729492,0.14338810741901398
test,226_v4_6_content_sanjay-bhat_find_route_bfs_find_route.py_cleaned.png,4,0,0.201073557138443,0.17243286967277527,0.14042511582374573,0.16594968736171722,0.1894533932209015,0.13066533207893372
test,227_v4_27_content_gaurav-raii_Topic-analysis-NLP-to-access-the-level-of-damage-during-a-car-crash._Text_Topic_analysis_and_classification.py_cleaned.png,4,2,0.1427217721939087,0.16654539108276367,0.18662405014038086,0.1855861097574234,0.1331425905227661,0.1853799968957901
test,227_v4_2_content_rdisipio_prime_numbers_primes.py_cleaned.png,4,1,0.16446556150913239,0.19750994443893433,0.17217415571212769,0.15961971879005432,0.17128731310367584,0.13494321703910828
test,227_v4_33_content_ilkayDevran_Analysis_of_Sorting_Algorithms_allInOne.py_cleaned.png,4,3,0.13416504859924316,0.19117845594882965,0.19492027163505554,0.19635431468486786,0.13194867968559265,0.1514332890510559
test,227_v4_4_content_Askjensen_scikittf-idfNLTK_str_func.py_cleaned.png,4,2,0.1362445056438446,0.14446613192558289,0.202724888920784,0.16900071501731873,0.15443094074726105,0.19313278794288635
test,227_v4_61_content_mcsweena_Dijkstras-Algorithm_bidirectional_dijkstra.py_cleaned.png,4,2,0.1565432846546173,0.16309179365634918,0.20722739398479462,0.1720387041568756,0.16077381372451782,0.14032500982284546
test,227_v4_7_content_Aly-Tomato_Prims-and-Kruskals_prims.py_cleaned.png,4,5,0.14021994173526764,0.10002340376377106,0.18836720287799835,0.20131923258304596,0.12870363891124725,0.24136656522750854
test,228_v4_1_content_Chunning-Zhou_MILPBasedSearchAlgorithmDiff_parameter.py_cleaned.png,4,4,0.17409957945346832,0.17043133080005646,0.16615253686904907,0.15267345309257507,0.18057890236377716,0.1560642123222351
test,228_v4_26_content_anchal27sri_AES-file-encryption_AES.py_cleaned.png,4,3,0.13222995400428772,0.18112365901470184,0.2028239220380783,0.20493339002132416,0.13188783824443817,0.1470012217760086
test,228_v4_4_content_heaven00_cosine_similarities_stream.py_cleaned.png,4,0,0.19096632301807404,0.1652129590511322,0.17964419722557068,0.16372090578079224,0.1404428631067276,0.16001276671886444
test,228_v4_5_content_vpandeti_Routing-Protocol_RoutingProtocol.py_cleaned.png,4,1,0.1570628136396408,0.24024192988872528,0.20074224472045898,0.13785791397094727,0.12643644213676453,0.13765880465507507
test,228_v4_62_content_agvaibhav_Binary-tree_delete-node.py_cleaned.png,4,2,0.0969267413020134,0.17893648147583008,0.27467572689056396,0.17692901194095612,0.1146848052740097,0.15784713625907898
test,228_v4_64_content_YifeiY_Depth-of-BTS_BTS_Depth.py_cleaned.png,4,5,0.13617558777332306,0.17127776145935059,0.1712358593940735,0.1707456111907959,0.1741350144147873,0.17643016576766968
test,228_v4_76_content_mashfiq10_Naive-Bayes-classification_prob_1.py_cleaned.png,4,1,0.1144307479262352,0.23221316933631897,0.20816557109355927,0.17577998340129852,0.12938952445983887,0.14002090692520142
test,228_v4_85_content_kenil-shah_Description-Based-Person-Identification_config.py_cleaned.png,4,3,0.14282910525798798,0.16395458579063416,0.18624064326286316,0.2004375159740448,0.13852868974208832,0.16800954937934875
test,229_v4_1_content_guoliu_London-scikit_LondonScikit.py_cleaned.png,4,3,0.15387572348117828,0.16230253875255585,0.17895065248012543,0.18140019476413727,0.15023192763328552,0.17323896288871765
test,229_v4_26_content_BroadbentT_BASE64-AES_base64-aes_cbc.py_cleaned.png,4,2,0.16434721648693085,0.18306803703308105,0.20620685815811157,0.1439390331506729,0.1804676204919815,0.12197127938270569
test,229_v4_28_content_vinaykumarbu_sentiment-analysis-deeplearning_data_helpers.py_cleaned.png,4,1,0.16495661437511444,0.2375633716583252,0.15872016549110413,0.16451793909072876,0.13599760830402374,0.13824433088302612
test,229_v4_61_content_piyush-taneja_Salary-Predictor_Regression_Template.py_cleaned.png,4,2,0.1620347499847412,0.1558043509721756,0.17202770709991455,0.1704198569059372,0.16917304694652557,0.17054028809070587
test,229_v4_66_content_adamweissert_PythonBinarySearch_BinarySearch.py_cleaned.png,4,3,0.12518805265426636,0.19217489659786224,0.18397648632526398,0.2099221795797348,0.1505269706249237,0.1382114738225937
test,229_v4_6_content_gionanide_Cryptography_Crack_zip_files.py_cleaned.png,4,2,0.20459677278995514,0.18986037373542786,0.20517319440841675,0.11925707012414932,0.16680072247982025,0.11431186646223068
test,230_v4_30_content_olamofe_primeQuery_primeQuery.py_cleaned.png,4,1,0.1738297939300537,0.20703966915607452,0.18387727439403534,0.16526097059249878,0.13959547877311707,0.13039682805538177
test,230_v4_39_content_lorenzo3117_python-sorting-scripts_sortingScript.py_cleaned.png,4,2,0.16047045588493347,0.16428902745246887,0.19554586708545685,0.12736213207244873,0.16178186237812042,0.19055068492889404
test,230_v4_3_content_mightydeveloper_Deep-Compression-PyTorch_pruning.py_cleaned.png,4,0,0.20457516610622406,0.1835089921951294,0.18612529337406158,0.07903173565864563,0.18208375573158264,0.1646750569343567
test,230_v4_40_content_Charles-Peeke_clinical_variances_sponsor_app.py_cleaned.png,4,2,0.11410263925790787,0.18223917484283447,0.2634415626525879,0.1529349833726883,0.1262953132390976,0.16098642349243164
test,230_v4_48_content_AdityaMalani_Diffie-Hellman-Key_Exchange_diffie.py_cleaned.png,4,2,0.14543171226978302,0.1797959953546524,0.21309691667556763,0.1334400177001953,0.13687819242477417,0.19135724008083344
test,230_v4_61_content_piyush-taneja_Salary-Predictor_Support_Vector_Regression.py_cleaned.png,4,2,0.13068027794361115,0.1753971129655838,0.21543247997760773,0.1347626894712448,0.15149863064289093,0.19222885370254517
test,230_v4_73_content_elados93_AI_Ex1_BFS.py_cleaned.png,4,0,0.18738079071044922,0.15632867813110352,0.17902909219264984,0.16394153237342834,0.17899253964424133,0.13432730734348297
test,230_v4_91_content_MerliX_async-factorial_server.py_cleaned.png,4,0,0.20326748490333557,0.17006202042102814,0.18269120156764984,0.12326067686080933,0.16208402812480927,0.15863455832004547
test,231_v4_2_content_shreya21rathi_Longest-Common-Subsequence_lcs.py_cleaned.png,4,2,0.12132488936185837,0.18620909750461578,0.20713913440704346,0.15317010879516602,0.17971046268939972,0.15244629979133606
test,231_v4_54_content_sumanth-bmsce_Unsupervised_Extreme_Learning_Machine_EM_Algo.py_cleaned.png,4,2,0.12876035273075104,0.1830742508172989,0.18996720016002655,0.18003804981708527,0.13594990968704224,0.182210311293602
test,231_v4_59_content_mahmoudhossam_task-queue_db.py_cleaned.png,4,2,0.14257507026195526,0.15696002542972565,0.22148017585277557,0.18691237270832062,0.1535014808177948,0.13857080042362213
test,231_v4_5_content_Fmccline_Prims-Algorithm_prims_algorithm_demo.py_cleaned.png,4,5,0.19941602647304535,0.1702379584312439,0.14136667549610138,0.13745146989822388,0.1461329162120819,0.20539487898349762
test,231_v4_63_content_avitabayan_Machine-learning_regression_template.py_cleaned.png,4,2,0.13855333626270294,0.17486046254634857,0.2601067125797272,0.19041219353675842,0.1087375059723854,0.1273297518491745
test,231_v4_6_content_gionanide_Cryptography_ECC_DH_key_exchange.py_cleaned.png,4,1,0.12494361400604248,0.19836552441120148,0.18334871530532837,0.17692570388317108,0.15500733256340027,0.16140910983085632
test,231_v4_6_content_mmcetindag_ShortestPathAlgorithms_dijkstra.py_cleaned.png,4,1,0.14765587449073792,0.1999860554933548,0.16379216313362122,0.18184493482112885,0.16743862628936768,0.13928233087062836
test,232_v4_22_content_ABHISHEKVALSAN_Malayalam-Newspaper-Article-Dataset_MalayalamScraping.py_cleaned.png,4,2,0.16525502502918243,0.13529473543167114,0.19897253811359406,0.15865088999271393,0.18146918714046478,0.16035763919353485
test,232_v4_5_content_edison12a_bmrs-json-api_test_bmrs.py_cleaned.png,4,4,0.22288157045841217,0.1356050968170166,0.1380845457315445,0.07308883965015411,0.22403407096862793,0.20630581676959991
test,232_v4_63_content_avitabayan_Machine-learning_simple_linear_regression.py_cleaned.png,4,1,0.1422100067138672,0.18596132099628448,0.1811252385377884,0.17577560245990753,0.17005883157253265,0.14486896991729736
test,232_v4_78_content_jurrejelle_RSACrack_generate_all_quantum.py_cleaned.png,4,2,0.15297934412956238,0.18277862668037415,0.20015670359134674,0.17511926591396332,0.13631604611873627,0.15265005826950073
test,232_v4_8_content_usmanali414_Destruction-Detection-in-Satellite-Imagery_augmentation.py_cleaned.png,4,5,0.15043897926807404,0.16817139089107513,0.167527973651886,0.13598310947418213,0.1714734435081482,0.20640510320663452
test,233_v4_2_content_yyqcs_time-series-model_utils.py_cleaned.png,4,0,0.2517286241054535,0.1381550133228302,0.12046515196561813,0.0755801871418953,0.2136012464761734,0.2004697322845459
test,233_v4_3_content_pombredanne_string-alignment_LCS.py_cleaned.png,4,2,0.16115784645080566,0.2010377198457718,0.27122560143470764,0.11446571350097656,0.13477440178394318,0.11733870953321457
test,233_v4_67_content_SuchitPSawant_Clustering_hc.py_cleaned.png,4,5,0.16364963352680206,0.16450093686580658,0.17704683542251587,0.1368204653263092,0.15837788581848145,0.19960427284240723
test,233_v4_75_content_mcsteve-e_project-4_4.01.py_cleaned.png,4,1,0.14990559220314026,0.19979768991470337,0.18884259462356567,0.1616501659154892,0.14863230288028717,0.1511717289686203
test,233_v4_79_content_lorenzo3117_python-sorting-scripts_sortingScript.py_cleaned.png,4,2,0.1362990289926529,0.18350493907928467,0.19103357195854187,0.18809261918067932,0.13757281005382538,0.16349700093269348
test,233_v4_7_content_ardyerwanda_SDN-Bellman-Ford-Pyretic_routing2cost.py_cleaned.png,4,2,0.12011601030826569,0.1842184215784073,0.22555430233478546,0.17620615661144257,0.11334262043237686,0.18056251108646393
test,234_v4_7_content_GabrielBortolote_BFS-and-DFS-Tree_BFS.py_cleaned.png,4,5,0.14051997661590576,0.17730195820331573,0.19126059114933014,0.15031491219997406,0.14825308322906494,0.19234949350357056
test,234_v4_7_content_j2kun_binary-search-graphs_dijkstra.py_cleaned.png,4,0,0.24461260437965393,0.14164316654205322,0.14865250885486603,0.14341580867767334,0.14069779217243195,0.18097814917564392
test,234_v4_8_content_FelixHuangX_Naive-Bayes-for-Text-Classification_Naivebayes_train.py_cleaned.png,4,2,0.12119853496551514,0.17432904243469238,0.21054551005363464,0.19997550547122955,0.15126177668571472,0.1426895558834076
test,235_v4_7_content_GauthamBT_Bellman-Ford-Algorithm_DirectedGraphClass.py_cleaned.png,4,3,0.11252005398273468,0.1654730886220932,0.21544630825519562,0.2154863327741623,0.14528459310531616,0.14578957855701447
test,235_v4_7_content_syedshameersarwar_DocumentSimilarityChecker_pdfReader.py_cleaned.png,4,2,0.1600842922925949,0.1728576421737671,0.19169358909130096,0.14925435185432434,0.18732310831546783,0.13878710567951202
test,235_v4_8_content_abpaudel_8-puzzle_iddfs.py_cleaned.png,4,5,0.12264735996723175,0.12544800341129303,0.13042666018009186,0.11493541300296783,0.2286015748977661,0.2779410183429718
test,235_v4_8_content_leocarr_smallestmultiple_smallestmult.py_cleaned.png,4,4,0.18061411380767822,0.16219773888587952,0.16938859224319458,0.13049565255641937,0.18571996688842773,0.17158399522304535
test,236_v4_28_content_vishnucs50_Encrypted-Communication-Channel_server_256.py_cleaned.png,4,2,0.15392524003982544,0.20304390788078308,0.20403997600078583,0.18301138281822205,0.12755051255226135,0.12842899560928345
test,237_v4_65_content_swaruptripathy_two_way_anova_two_way_anova.py_cleaned.png,4,1,0.14950774610042572,0.21404795348644257,0.17642906308174133,0.12253992259502411,0.1846616268157959,0.15281367301940918
test,237_v4_6_content_greed2411_LCS_try.py_cleaned.png,4,2,0.1475042998790741,0.18913765251636505,0.19693315029144287,0.18210595846176147,0.1377713531255722,0.1465475857257843
test,237_v4_88_content_NoFishLikeIan_Dijkstra_currency_currency_api.py_cleaned.png,4,2,0.14373183250427246,0.16052842140197754,0.1896786391735077,0.1583838164806366,0.17889976501464844,0.16877740621566772
test,237_v4_8_content_alexvking_comp150_bsts_optimal_bst_knuth_n3.py_cleaned.png,4,3,0.16473449766635895,0.13661892712116241,0.13921967148780823,0.22982074320316315,0.1593744158744812,0.17023177444934845
test,237_v4_91_content_mahsarazavi_Text-Classification_naivebayes.py_cleaned.png,4,2,0.1901226043701172,0.17591024935245514,0.20990751683712006,0.11264865845441818,0.14127808809280396,0.17013294994831085
test,237_v4_9_content_fritzwill_apriori-algorithm_apriori.py_cleaned.png,4,2,0.17886467278003693,0.15553177893161774,0.18773993849754333,0.17873485386371613,0.15994146466255188,0.1391873061656952
test,238_v4_3_content_rentseen_ARIMA-forecast_CAVMP.py_cleaned.png,4,2,0.17816780507564545,0.17717452347278595,0.21188336610794067,0.12124991416931152,0.12505120038986206,0.18647319078445435
test,238_v4_65_content_pratikbitmesra_BID_bin_cluster.py_cleaned.png,4,3,0.15824949741363525,0.14807139337062836,0.1876121610403061,0.19571690261363983,0.12916751205921173,0.18118245899677277
test,239_v4_25_content_aajanki_finnish-pos-accuracy_print_errors.py_cleaned.png,4,1,0.15073710680007935,0.19166794419288635,0.18671968579292297,0.1814119517803192,0.1509082317352295,0.138555109500885
test,239_v4_3_content_iykadev_pyalgo_stable_marriage.py_cleaned.png,4,0,0.512963056564331,0.060625627636909485,0.03941299393773079,0.11273891478776932,0.12995357811450958,0.14430585503578186
test,239_v4_41_content_EdmundMartin_Indigestion_ingestion_engine.py_cleaned.png,4,3,0.13110624253749847,0.1506681889295578,0.19077825546264648,0.24231883883476257,0.10830661654472351,0.17682184278964996
test,239_v4_7_content_kanthagirish-rit_lcs-project_hlcs.py_cleaned.png,4,2,0.15801887214183807,0.1675461083650589,0.260210782289505,0.14727206528186798,0.11335776001214981,0.15359438955783844
test,239_v4_95_content_ravularohit_sms-spam-detection_spam_detection.py_cleaned.png,4,1,0.16957584023475647,0.20235416293144226,0.1757822036743164,0.10221254825592041,0.18687112629413605,0.16320404410362244
test,239_v4_9_content_muchlisinadi_ALPR-Indonesia_GenData.py_cleaned.png,4,5,0.11992733925580978,0.19138747453689575,0.153962641954422,0.13842356204986572,0.1379391849040985,0.25835976004600525
test,240_v4_30_content_flyingbird93_Aesthetic-Aessessment_main.py_cleaned.png,4,0,0.2383987456560135,0.17125056684017181,0.19088050723075867,0.0983455702662468,0.11895375698804855,0.18217088282108307
test,240_v4_43_content_agusmakmun_changewords_tests.py_cleaned.png,4,5,0.09695941209793091,0.12228640168905258,0.17731836438179016,0.11513638496398926,0.192276731133461,0.2960227131843567
test,240_v4_7_content_Aly-Tomato_Prims-and-Kruskals_main.py_cleaned.png,4,5,0.17701193690299988,0.12148861587047577,0.2000425010919571,0.16314205527305603,0.13695354759693146,0.20136138796806335
test,240_v4_81_content_kiranathealea_regressionMachineLearning_Models.py_cleaned.png,4,4,0.1758200228214264,0.08096521347761154,0.14852437376976013,0.13082009553909302,0.24491044878959656,0.21895986795425415
test,240_v4_92_content_FranzScheerer_DES_x4.py_cleaned.png,4,0,0.22469457983970642,0.22416087985038757,0.21333381533622742,0.08925160765647888,0.10972723364830017,0.13883191347122192
test,241_v4_48_content_harishchellappa_Time-Series-Analysis-Bike-Sharing-Demand-Forecasting_forecasting_2.py_cleaned.png,4,4,0.18265242874622345,0.18004585802555084,0.15051832795143127,0.12702350318431854,0.18941013514995575,0.17034973204135895
test,241_v4_7_content_AastroLePetitRobot_Huffman-Coding_Huffman.py_cleaned.png,4,5,0.1585952192544937,0.18128976225852966,0.1719464212656021,0.14163561165332794,0.1545315682888031,0.19200138747692108
test,241_v4_8_content_Mkarami3_Pattern_recognition_dynamic_PCA_ICA_DPCA.py_cleaned.png,4,0,0.23497140407562256,0.22453483939170837,0.16440406441688538,0.11944545060396194,0.09459841996431351,0.16204574704170227
test,241_v4_8_content_Omig12_dfs_delete.py_cleaned.png,4,1,0.17354968190193176,0.18540595471858978,0.17365723848342896,0.12859784066677094,0.1790066808462143,0.1597825288772583
test,241_v4_93_content_KordingLab_hilbert-constrained-gradient-descent_utils.py_cleaned.png,4,3,0.16204965114593506,0.16760779917240143,0.16342061758041382,0.18716531991958618,0.1689411848783493,0.1508154571056366
test,242_v4_25_content_OlaRonning_ah16_corenlp_gen_dep_lemma.py_cleaned.png,4,2,0.14096076786518097,0.15366928279399872,0.24668057262897491,0.1806924045085907,0.11357303708791733,0.16442391276359558
test,242_v4_4_content_AcrobatAHA_Linear-Search-_Linear_search.py_cleaned.png,4,5,0.1379171460866928,0.16538383066654205,0.19179393351078033,0.1766168773174286,0.12374135106801987,0.20454679429531097
test,242_v4_6_content_Utkagr_NLPrel_all_nltk.py_cleaned.png,4,2,0.17539891600608826,0.1844715178012848,0.2528816759586334,0.09363808482885361,0.1615172177553177,0.1320926547050476
test,242_v4_78_content_CalebABG_PyLSecureP2P_p2putils.py_cleaned.png,4,3,0.14528165757656097,0.1595897376537323,0.1825408786535263,0.20037002861499786,0.11700460314750671,0.19521312415599823
test,243_v4_26_content_Nofenigma_lt_lemma_prefixes_check_lt_prefixed_lemmas.py_cleaned.png,4,1,0.17849673330783844,0.1861768364906311,0.18417881429195404,0.1577288657426834,0.16809427738189697,0.12532444298267365
test,243_v4_7_content_TongTongX_HuffmanCompressor_huffman.py_cleaned.png,4,1,0.16786469519138336,0.19811472296714783,0.18561357259750366,0.16007743775844574,0.15507389605045319,0.13325564563274384
test,243_v4_93_content_EricElmoznino_rsa_emd_data_processing.py_cleaned.png,4,2,0.12434003502130508,0.18418294191360474,0.23871736228466034,0.170578271150589,0.13979141414165497,0.1423899233341217
test,244_v4_76_content_shivgarg_twitter-sentiment_test.py_cleaned.png,4,5,0.12672299146652222,0.17690369486808777,0.19181708991527557,0.1917256861925125,0.11699144542217255,0.19583918154239655
test,244_v4_81_content_Saiteja-Reddy_Basic-SFTP_caesar_cipher.py_cleaned.png,4,3,0.15580415725708008,0.1615758091211319,0.1800643801689148,0.20125262439250946,0.15171575546264648,0.1495872288942337
test,245_v4_7_content_Sbrown4321_Assignment_2_Assignment2.py_cleaned.png,4,2,0.09935269504785538,0.1741371899843216,0.2454085499048233,0.21073293685913086,0.13649135828018188,0.13387738168239594
test,245_v4_7_content_wallacelab_paper-maize-rhizosphere-2017_1b_PlotHeritabilities.py_cleaned.png,4,2,0.10999886691570282,0.17969176173210144,0.22634688019752502,0.1568869948387146,0.12390701472759247,0.20316849648952484
test,246_v4_99_content_utkarshpaliwal9_Predicting-apt-Linear-Regression-Degree_model2.py_cleaned.png,4,2,0.15302616357803345,0.17972378432750702,0.18889464437961578,0.15843048691749573,0.17897829413414001,0.14094661176204681
test,246_v4_9_content_ttm62_customized_RAKE_RAKE.py_cleaned.png,4,1,0.11167172342538834,0.22341227531433105,0.17832669615745544,0.1691330373287201,0.16208143532276154,0.15537485480308533
test,248_v4_97_content_DanialBeg_RSA-Decryption-CS111_decryption.py_cleaned.png,4,5,0.1377456933259964,0.17116758227348328,0.152455672621727,0.17194928228855133,0.14344313740730286,0.22323866188526154
test,249_v4_7_content_DMHarish_Linear_search_LinearSearch.py_cleaned.png,4,2,0.14746809005737305,0.17468568682670593,0.19724716246128082,0.14860700070858002,0.14891891181468964,0.18307308852672577
test,249_v4_9_content_krj9cr_Hybrid-Prim-Dijkstra-GUI_Node.py_cleaned.png,4,4,0.2049219161272049,0.1173897311091423,0.12131672352552414,0.07487798482179642,0.24444735050201416,0.2370462864637375
test,406_v4_16_content_helloiamivan_crypto-quant_main.py_cleaned.png,4,0,0.20399484038352966,0.20185044407844543,0.17206017673015594,0.11207417398691177,0.19868868589401245,0.11133163422346115
test,445_v4_49_content_S-GH_WebtoonReply_Scraping-and-Sentiment_Analysis_2._Preprocess.py_cleaned.png,4,2,0.1496918946504593,0.17208200693130493,0.21547994017601013,0.1731289178133011,0.13507996499538422,0.15453730523586273
test,47_v4_1_content_vuolleko_pyTSNE_data.py_cleaned.png,4,2,0.15270662307739258,0.15878638625144958,0.19140967726707458,0.18769527971744537,0.1499914824962616,0.15941056609153748
test,494_v4_9_content_chaseycodes_StockX-Scraper_3-image_downloader.py_cleaned.png,4,2,0.1386708766222,0.17512477934360504,0.18090283870697021,0.1801082044839859,0.15761002898216248,0.16758331656455994
test,49_v4_2_content_jdk20_tsne_main.py_cleaned.png,4,1,0.24508439004421234,0.3726346790790558,0.10129229724407196,0.06629844754934311,0.10291404277086258,0.11177615821361542
test,67_v4_11_content_harishchellappa_Time-Series-Analysis-Bike-Sharing-Demand-Forecasting_forecasting_2.py_cleaned.png,4,0,0.27478817105293274,0.1786065548658371,0.10272392630577087,0.08781673014163971,0.19301776587963104,0.16304686665534973
test,68_v4_11_content_harishchellappa_Time-Series-Analysis-Bike-Sharing-Demand-Forecasting_forecasting_passes.py_cleaned.png,4,2,0.17586973309516907,0.12874363362789154,0.19695599377155304,0.17187568545341492,0.19570010900497437,0.13085487484931946
test,70_v4_1_content_amazingspain_ExponentialSmoothing_finalWorldQuant.py_cleaned.png,4,2,0.15089412033557892,0.17869064211845398,0.18003574013710022,0.16679269075393677,0.15939997136592865,0.16418687999248505
test,74_v4_3_content_cdr6934_eSMA_ExpSMA.py_cleaned.png,4,3,0.1746516227722168,0.125624880194664,0.1691332310438156,0.1944235861301422,0.1623297929763794,0.17383688688278198
test,76_v4_6_content_hungph-dev-ict_simple-exponential-smoothing_main.py_cleaned.png,4,2,0.12719310820102692,0.19185470044612885,0.2195560485124588,0.15927600860595703,0.14308468997478485,0.15903539955615997
test,77_v4_2_content_Liu-WeiYi_Private_Preserving_Outlier_Behavior_Detection_Abnormal_Scenario_Generation.py_cleaned.png,4,2,0.12021870166063309,0.18814581632614136,0.23156991600990295,0.1602538675069809,0.120790496468544,0.1790211945772171
test,85_v4_2_content_Rohit967_Outlier-Analysis-With-Python_OutlierAnalysis.py_cleaned.png,4,0,0.22376123070716858,0.1980605572462082,0.14176005125045776,0.10712440311908722,0.18748627603054047,0.1418074667453766
test,103_v5_2_content_Rohit967_Outlier-Analysis-With-Python_OutlierAnalysis.py_cleaned.png,5,3,0.16471326351165771,0.1570671796798706,0.17074419558048248,0.20402900874614716,0.1593925654888153,0.14405377209186554
test,107_v5_4_content_mrimahajan_advanced_analysis_package___init__.py_cleaned.png,5,2,0.20396849513053894,0.19402320683002472,0.20960143208503723,0.11536011844873428,0.1567573845386505,0.12028929591178894
test,192_v5_1_content_smbanaie_floyd-warshall-python_Main.py_cleaned.png,5,1,0.14421650767326355,0.19767668843269348,0.18737132847309113,0.18936342000961304,0.12481147050857544,0.15656061470508575
test,198_v5_5_content_Abdallah-Elshamy_floyd-warshall_APSP-Floyd_Warshall.py_cleaned.png,5,1,0.17063948512077332,0.21584241092205048,0.16294175386428833,0.1426868438720703,0.1588403284549713,0.14904910326004028
test,202_v5_6_content_1siddhi7_Floyd-Warshall_fw.py_cleaned.png,5,2,0.13328780233860016,0.15790735185146332,0.2357301414012909,0.18150097131729126,0.13310672342777252,0.15846699476242065
test,237_v5_10_content_stensonowen_factorial_bot_fact_bot.py_cleaned.png,5,2,0.13340160250663757,0.15959928929805756,0.23100870847702026,0.17688828706741333,0.14282184839248657,0.15628021955490112
test,239_v5_10_content_circulosmeos_haveibeenpwned-binary_pwned-pass-binary-fast.py_cleaned.png,5,2,0.1333593875169754,0.18085621297359467,0.21160824596881866,0.16862811148166656,0.14754563570022583,0.15800240635871887
test,239_v5_13_content_odiliohafidh_Pencarian-Rumahsakit-Terdekat-dengan-metode-dfs-dan-bfs-python-_cari_rumsakit.py_cleaned.png,5,2,0.1617550104856491,0.17603321373462677,0.17946819961071014,0.16618911921977997,0.15841208398342133,0.15814237296581268
test,240_v5_12_content_Subhamacademia_Efficient-way-to-Check-the-Divisibility-of-a-Number-by-Three_ex0.py_cleaned.png,5,4,0.15146537125110626,0.1736723780632019,0.1662147492170334,0.16694863140583038,0.17367659509181976,0.1680222749710083
test,240_v5_14_content_udwivedi394_binaryTree_ksumPath.py_cleaned.png,5,2,0.1160915344953537,0.20050595700740814,0.22419419884681702,0.1658276468515396,0.11372920125722885,0.17965155839920044
test,240_v5_16_content_Deus1223_Pac-Man_ghostAgents.py_cleaned.png,5,5,0.1346437633037567,0.13815021514892578,0.1503802388906479,0.14259885251522064,0.212632954120636,0.22159406542778015
test,241_v5_16_content_Hmnt39_Snake-Automation-Using-AI_constants.py_cleaned.png,5,2,0.14732123911380768,0.17624600231647491,0.20278717577457428,0.1571798473596573,0.1523994654417038,0.16406628489494324
test,242_v5_10_content_tjazerzen_a_star_algorithm_helper_functions.py_cleaned.png,5,0,0.1975027620792389,0.17064960300922394,0.18990163505077362,0.14175865054130554,0.15799938142299652,0.1421879678964615
test,243_v5_100_content_cem8301_DataCleaningForInformedPurchases_middlewares.py_cleaned.png,5,2,0.12582586705684662,0.18509435653686523,0.1996629685163498,0.17996469140052795,0.12573857605457306,0.18371349573135376
test,243_v5_13_content_fangzhengzhu_minst-knn_imgReader.py_cleaned.png,5,5,0.1669074147939682,0.17068469524383545,0.17841413617134094,0.15974968671798706,0.13257259130477905,0.19167150557041168
test,244_v5_10_content_iJohnMaged_Huffman-Coding_fileIO.py_cleaned.png,5,2,0.13573285937309265,0.1249593049287796,0.23775196075439453,0.1787726879119873,0.14857949316501617,0.17420363426208496
test,244_v5_16_content_drdeford_KruskalFlows_networkflows2.py_cleaned.png,5,0,0.2807220220565796,0.2606934905052185,0.07954879105091095,0.06039603054523468,0.12856189906597137,0.1900777965784073
test,244_v5_1_content_mattjj_pyhsmm-factorial_util.py_cleaned.png,5,2,0.14902816712856293,0.18153488636016846,0.2301657646894455,0.18235059082508087,0.11046706885099411,0.14645344018936157
test,245_v5_11_content_rburkholder_debconf-get-selections-sort_seed.sort.py_cleaned.png,5,1,0.1450180858373642,0.2008800208568573,0.19049331545829773,0.1843438446521759,0.12870089709758759,0.1505637913942337
test,245_v5_13_content_isabellavieira57_dijkstra-fractionalKnapsack-polynomialMultiplication_question2a.py_cleaned.png,5,2,0.14003963768482208,0.17572878301143646,0.2110505998134613,0.17212876677513123,0.1252024620771408,0.1758498102426529
test,245_v5_15_content_Areege_Binary-and-Trinary-Search-Trees_SourceCode.py_cleaned.png,5,2,0.13979116082191467,0.17999541759490967,0.19673597812652588,0.1899852603673935,0.1464560180902481,0.14703617990016937
test,246_v5_ 1_content_sadnessFree_arima-lstm_arima-order.py_cleaned.png,5,5,0.14819467067718506,0.16326189041137695,0.16110371053218842,0.15535281598567963,0.18134407699108124,0.1907428801059723
test,246_v5_11_content_pprzygodzk_binary_search-prime_numbers_binarysearch.py_cleaned.png,5,3,0.15308865904808044,0.1523647904396057,0.17494341731071472,0.1952829509973526,0.16093626618385315,0.16338391602039337
test,247_v5_10_content_mahimagupta_NLP-Research-Project-_test2.py_cleaned.png,5,0,0.24469248950481415,0.21318435668945312,0.11772117018699646,0.14574310183525085,0.15331926941871643,0.12533949315547943
test,247_v5_19_content_vickyabi_singly-linked-list_singly_linked_list.py_cleaned.png,5,2,0.13207121193408966,0.18337823450565338,0.21222376823425293,0.18778952956199646,0.12799082696437836,0.1565464735031128
test,247_v5_25_content_unifiprojects_TemporalGraphs_DFS-v1.py_cleaned.png,5,2,0.1657366305589676,0.181240513920784,0.18558436632156372,0.18437620997428894,0.13209852576255798,0.1509636789560318
test,248_v5_16_content_SemyonMakhaev_elliptic-curve_main.py_cleaned.png,5,2,0.1226552352309227,0.16049674153327942,0.212880477309227,0.20701977610588074,0.13892243802547455,0.158025324344635
test,248_v5_19_content_AlbCalv_kruskal-algorithm_Kruskal.py_cleaned.png,5,2,0.12754783034324646,0.18988071382045746,0.21435754001140594,0.20938852429389954,0.11696884036064148,0.14185650646686554
test,248_v5_1_content_dedeco_dijkstra-bellman-ford_vertice.py_cleaned.png,5,5,0.13820715248584747,0.1478578895330429,0.18589118123054504,0.15462034940719604,0.1788012683391571,0.19462209939956665
test,248_v5_24_content_lesdev_SortingMethods_Insertion.py_cleaned.png,5,1,0.1492515504360199,0.25611352920532227,0.18498936295509338,0.11892542988061905,0.13036487996578217,0.16035524010658264
test,249_v5_10_content_Bala96_Recursive-Func_nestedeaser.py_cleaned.png,5,0,0.20666658878326416,0.14438115060329437,0.11235888302326202,0.14955362677574158,0.1984688639640808,0.18857084214687347
test,249_v5_13_content_alu0100821390_diffie-hellman_diffie-hellman.py_cleaned.png,5,2,0.11458554118871689,0.1799597442150116,0.23544418811798096,0.19955578446388245,0.11778297275304794,0.15267182886600494
test,249_v5_13_content_frederikpietzko_fun_with_python_gdc_euclidian_algorithm.py_cleaned.png,5,2,0.14328575134277344,0.17552156746387482,0.19496330618858337,0.15409819781780243,0.14316426217556,0.18896692991256714
test,249_v5_14_content_Robo-Sapien_Maze-Perilous-Real-Time-Implemention-of-Dijkstra-Algorithm_pixel_values.py_cleaned.png,5,2,0.20655344426631927,0.12909084558486938,0.20866304636001587,0.12332017719745636,0.17533908784389496,0.15703339874744415
test,249_v5_14_content_atakanipekci_QuickSortLomutoAndHoare_quickSortsComp.py_cleaned.png,5,0,0.18742860853672028,0.1603137105703354,0.1858130693435669,0.1755649596452713,0.11892993748188019,0.17194972932338715
test,249_v5_17_content_Selentiym_bigHWonOrderedSets_hw3.py_cleaned.png,5,1,0.10483395308256149,0.2042500525712967,0.19114726781845093,0.16537827253341675,0.14583969116210938,0.1885506808757782
test,249_v5_1_content_colettebedoya_primsAndKruskal_DisjointSet.py_cleaned.png,5,5,0.155237078666687,0.12535293400287628,0.1715228110551834,0.15243187546730042,0.18075278401374817,0.21470248699188232
test,249_v5_2_content_imset_Perfect-Numbers_perfNum.py_cleaned.png,5,2,0.16669441759586334,0.18639825284481049,0.18723240494728088,0.15352194011211395,0.1409023553133011,0.16525061428546906
test,250_v5_14_content_lucascamposj_huffman-coding_huffman_decode.py_cleaned.png,5,2,0.1321190595626831,0.19342416524887085,0.20309193432331085,0.19170396029949188,0.13029496371746063,0.14936602115631104
test,250_v5_24_content_cagrias_django-rabbitmq-celery-docker-example_manage.py_cleaned.png,5,2,0.14579977095127106,0.14254122972488403,0.22334101796150208,0.1310221254825592,0.1746455430984497,0.1826504021883011
test,251_v5_12_content_aabulhaj_SpectralClustering_spectral_clustering.py_cleaned.png,5,2,0.14949153363704681,0.17242786288261414,0.19695264101028442,0.1840340495109558,0.12596063315868378,0.17113323509693146
test,251_v5_12_content_kevinyang372_San-Francisco-crime-data-analysis_datasource.py_cleaned.png,5,5,0.20975734293460846,0.16056855022907257,0.11718442291021347,0.05907211825251579,0.21689850091934204,0.23651902377605438
test,251_v5_15_content_Dhruv-Panchal_AES_socket_GUI_decryptor.py_cleaned.png,5,2,0.12423021346330643,0.1940290480852127,0.20512907207012177,0.18950672447681427,0.13448306918144226,0.15262188017368317
test,251_v5_17_content_kwikadi_BFS-v-DFS_dfs.py_cleaned.png,5,2,0.16044484078884125,0.1626466065645218,0.17578627169132233,0.17278604209423065,0.15496253967285156,0.17337371408939362
test,251_v5_24_content_lesdev_SortingMethods_radix.py_cleaned.png,5,3,0.14809873700141907,0.16171839833259583,0.2030555009841919,0.21438799798488617,0.12521366775035858,0.1475256234407425
test,251_v5_29_content_zcogley_Bubble-Sort_bubble_sort.py_cleaned.png,5,2,0.15438362956047058,0.16171476244926453,0.18603020906448364,0.1766786426305771,0.16350026428699493,0.15769249200820923
test,252_v5_11_content_Meghali-Nandi_DNA-PATTERN-MATCHER_dna_matching.py_cleaned.png,5,4,0.17335425317287445,0.1880107969045639,0.1401994377374649,0.1667461395263672,0.20635731518268585,0.1253320425748825
test,252_v5_1_content_MarcoForte_knn-matting_knn_matting.py_cleaned.png,5,2,0.1252850890159607,0.1843949556350708,0.20570535957813263,0.18091420829296112,0.13893088698387146,0.16476942598819733
test,252_v5_1_content_randombit_pairings.py_bls.py_cleaned.png,5,5,0.14027826488018036,0.14667050540447235,0.19038714468479156,0.17318201065063477,0.15750420093536377,0.1919778287410736
test,252_v5_24_content_Patrik-Stas_kata-bst-tree_bst_ll.py_cleaned.png,5,1,0.13275131583213806,0.23862850666046143,0.1797408014535904,0.1744362711906433,0.14910578727722168,0.12533728778362274
test,252_v5_32_content_mahtabfarrokh_classic-search_Astar.py_cleaned.png,5,2,0.12644100189208984,0.22099928557872772,0.25934645533561707,0.14756640791893005,0.12385500222444534,0.12179180979728699
test,253_v5_16_content_johnllanos_selection_sort.py_selection_sort.py_cleaned.png,5,4,0.17217892408370972,0.17367683351039886,0.1479782611131668,0.12399870157241821,0.19681060314178467,0.18535667657852173
test,253_v5_1_content_akhilesh1311_MazeSolver_hard_maze.py_cleaned.png,5,3,0.13632258772850037,0.17334187030792236,0.18822352588176727,0.20410624146461487,0.14588026702404022,0.1521255522966385
test,253_v5_1_content_aviralmathur_Word2Vec_SKU_Desc.py_cleaned.png,5,2,0.14383073151111603,0.17600692808628082,0.18867123126983643,0.18669629096984863,0.16151162981987,0.1432831585407257
test,253_v5_1_content_randombit_pairings.py_tripartite.py_cleaned.png,5,5,0.15966984629631042,0.14091414213180542,0.14032240211963654,0.12479303777217865,0.18471941351890564,0.24958111345767975
test,253_v5_21_content_rahul494_Mental-Health-On-Twitter-Analysis_relevant_tweet_filter.py_cleaned.png,5,2,0.16664782166481018,0.15042594075202942,0.2261728048324585,0.20582999289035797,0.110822893679142,0.14010056853294373
test,253_v5_33_content_gquintela_bfs_graph.py_cleaned.png,5,2,0.10314645618200302,0.16823935508728027,0.23443745076656342,0.1501171588897705,0.13034950196743011,0.21371006965637207
test,254_v5_15_content_VakinduPhilliam_Pattern_Matching_Python_Difflib_Pattern_Matching_CL_Interface.py_cleaned.png,5,5,0.13776123523712158,0.17672978341579437,0.17515331506729126,0.14544692635536194,0.14143551886081696,0.22347329556941986
test,254_v5_23_content_jfb125_pythonLinkedLists_ex13.py_cleaned.png,5,2,0.14703014492988586,0.1549612134695053,0.19956141710281372,0.15902118384838104,0.168522447347641,0.17090363800525665
test,254_v5_23_content_xaviergoby_ConvLSTM-Computer-Vision-for-Structural-Health-Monitoring-SHM-and-NonDestructive-Testing-NDT_settings.py_cleaned.png,5,4,0.1745516061782837,0.17248642444610596,0.17262497544288635,0.1562185436487198,0.17579619586467743,0.1483221799135208
test,255_v5_12_content_ianscottknight_Predicting-Myers-Briggs-Type-Indicator-with-Recurrent-Neural-Networks_make_training_set.py_cleaned.png,5,2,0.16385608911514282,0.1776854246854782,0.18281815946102142,0.16255757212638855,0.17525330185890198,0.1378294825553894
test,255_v5_14_content_Dawlatly_Recommender-system_kmeans.py_cleaned.png,5,1,0.12102247029542923,0.22044265270233154,0.20814819633960724,0.15866424143314362,0.13696789741516113,0.15475454926490784
test,255_v5_16_content_aplested_verify_PlotParam.py_cleaned.png,5,2,0.15348321199417114,0.1383402943611145,0.1832345426082611,0.16407644748687744,0.18262988328933716,0.17823563516139984
test,255_v5_17_content_davidbhan_IntelligentPatents_NLP_functions.py_cleaned.png,5,0,0.2205873280763626,0.15114742517471313,0.17775598168373108,0.1257336139678955,0.15517491102218628,0.1696007400751114
test,255_v5_17_content_skvorekn_arima_model.py_cleaned.png,5,0,0.25517895817756653,0.21232908964157104,0.09732972830533981,0.13527162373065948,0.14282482862472534,0.15706579387187958
test,255_v5_19_content_frankiekienlam_Fibonacci_Pyramids_test_pset.py_cleaned.png,5,1,0.1337462067604065,0.20387375354766846,0.16258683800697327,0.16121947765350342,0.151364266872406,0.18720941245555878
test,255_v5_1_content_marcsantiago_one_time_pad_encryption_cmd_otp_utility.py_cleaned.png,5,2,0.12558630108833313,0.17419655621051788,0.20533937215805054,0.1583462506532669,0.14087122678756714,0.1956603229045868
test,255_v5_1_content_zsra_RSA_keygen_prime.py_cleaned.png,5,5,0.12849298119544983,0.14579638838768005,0.13899065554141998,0.18967615067958832,0.15341587364673615,0.24362792074680328
test,255_v5_2_content_cvwilliams_BellmanFord-Python_client.py_cleaned.png,5,2,0.13937833905220032,0.17906278371810913,0.22792890667915344,0.1893269270658493,0.12812043726444244,0.13618266582489014
test,255_v5_34_content_dvsa_cvs-tsk-dlq-handler_dlq_handler.py_cleaned.png,5,3,0.16467717289924622,0.17732971906661987,0.16680239140987396,0.19390039145946503,0.14752693474292755,0.14976339042186737
test,256_v5_16_content_mor3dr3ad_gcdRecur_gdcRecur.py_cleaned.png,5,5,0.18093864619731903,0.09404256939888,0.1104232668876648,0.08456873148679733,0.22615933418273926,0.3038674294948578
test,256_v5_17_content_pandaychen_AES_udpserver_aes_udpserver.py_cleaned.png,5,3,0.11373094469308853,0.1827963888645172,0.19055937230587006,0.2160123884677887,0.14192885160446167,0.15497200191020966
test,256_v5_21_content_p-kim1_Image-Segmentation-with-K-means_kmeans.py_cleaned.png,5,1,0.13141833245754242,0.19203464686870575,0.19053484499454498,0.1655406802892685,0.15316390991210938,0.1673075556755066
test,256_v5_24_content_Am4teur_LinkedList_LL0.py_cleaned.png,5,0,0.19824805855751038,0.15526580810546875,0.1841903179883957,0.13852068781852722,0.18468408286571503,0.13909099996089935
test,256_v5_29_content_SomeshKashyap_Hierarchical-Clustering_HierarchicalClustering.py_cleaned.png,5,2,0.12155702710151672,0.18963809311389923,0.24511241912841797,0.21202801167964935,0.10610521584749222,0.12555921077728271
test,256_v5_31_content_igoreliasm_binary-tree_arvore.py_cleaned.png,5,1,0.16145578026771545,0.19004201889038086,0.15418151021003723,0.14988447725772858,0.16960284113883972,0.17483337223529816
test,257_v5_19_content_mgersalan_Unsorted-Median-Spark-AWS_unsorted_median.py_cleaned.png,5,5,0.17609791457653046,0.16440072655677795,0.17704875767230988,0.16804273426532745,0.13416939973831177,0.18024049699306488
test,257_v5_1_content_nikitaa30_Content-based-Recommender-System_recommender_system.py_cleaned.png,5,2,0.12766806781291962,0.18832635879516602,0.1982509195804596,0.1570873260498047,0.14819924533367157,0.18046808242797852
test,257_v5_31_content_jwjohns_binary-tree_python_binary_tree_search.py_cleaned.png,5,5,0.16008533537387848,0.16290868818759918,0.1612306535243988,0.09936537593603134,0.14520040154457092,0.27120962738990784
test,258_v5_25_content_SaadatRizvi_Movie-Recommendation-System_collaborative-filtering.py_cleaned.png,5,2,0.1637200117111206,0.1827431321144104,0.189649760723114,0.16547568142414093,0.13752390444278717,0.16088755428791046
test,258_v5_2_content_zalayo_Hierarchical-Linkage-Regression_HLRtest.py_cleaned.png,5,1,0.1590975672006607,0.18259398639202118,0.17640987038612366,0.1689750701189041,0.15590985119342804,0.1570136994123459
test,258_v5_30_content_rogerdenisvieira_bidirectional-conditional-insertion-sort_unit_tests.py_cleaned.png,5,5,0.12676258385181427,0.165284663438797,0.20936600863933563,0.15422260761260986,0.1194855123758316,0.2248786836862564
test,259_v5_20_content_higirodj_Dijkstra_dijkstra.py_cleaned.png,5,0,0.18957072496414185,0.1790757179260254,0.17435909807682037,0.15299826860427856,0.149264857172966,0.15473128855228424
test,259_v5_27_content_ppplinday_Picture-Classification-PCA-KNN_KNN-PCA.py_cleaned.png,5,1,0.12851713597774506,0.22021432220935822,0.21535153687000275,0.17378109693527222,0.12154323607683182,0.14059267938137054
test,259_v5_33_content_hexingwei_Binary-tree_tree.py_cleaned.png,5,0,0.19613809883594513,0.1773480623960495,0.11479009687900543,0.15300893783569336,0.1821635216474533,0.17655129730701447
test,259_v5_3_content_iykadev_pyalgo_binarySearch.py_cleaned.png,5,2,0.1578846424818039,0.1767561137676239,0.18880720436573029,0.1584915816783905,0.15338413417339325,0.16467632353305817
test,260_v5_11_content_sichen-x_search-engine_myhtable_search.py_cleaned.png,5,0,0.25285935401916504,0.08766838908195496,0.16390518844127655,0.11519576609134674,0.21149760484695435,0.16887366771697998
test,260_v5_19_content_Gorresio_easyAES256_easyAES256.py_cleaned.png,5,5,0.18549968302249908,0.17073790729045868,0.1685044914484024,0.14041925966739655,0.12395361065864563,0.21088506281375885
test,260_v5_23_content_cheewoei1997_dijkstras-algorithm_graphFunctions.py_cleaned.png,5,1,0.12622909247875214,0.23940283060073853,0.2157137542963028,0.16331368684768677,0.12284255027770996,0.1324981451034546
test,260_v5_24_content_SajjadAemmi_Text-Summarization_main.py_cleaned.png,5,5,0.14250503480434418,0.16417644917964935,0.18183644115924835,0.15754082798957825,0.1605517864227295,0.19338946044445038
test,260_v5_26_content_alex-code4okc_LinkedList_linkedlist.py_cleaned.png,5,1,0.15073949098587036,0.23616597056388855,0.15674416720867157,0.13545353710651398,0.154546856880188,0.16635000705718994
test,260_v5_28_content_surgoku_sentiment_analysis_knn_submission.py_cleaned.png,5,4,0.18639439344406128,0.15955393016338348,0.14960795640945435,0.17045825719833374,0.18718747794628143,0.14679798483848572
test,260_v5_2_content_WenjieLuo2333_ModuleDesign_Alert_module.py_cleaned.png,5,2,0.12852247059345245,0.15489432215690613,0.23619140684604645,0.18249741196632385,0.14588072896003723,0.1520136594772339
test,260_v5_33_content_Howellp80_Algorithms---Merge-Sort-vs-Insertion-Sort_hw1.py_cleaned.png,5,5,0.09595868736505508,0.17572110891342163,0.19872203469276428,0.16022899746894836,0.14407332241535187,0.22529582679271698
test,260_v5_44_content_suzheng123_BFS_N-aryTreeLevel.py_cleaned.png,5,0,0.20170621573925018,0.1359533965587616,0.156863734126091,0.11166005581617355,0.20035286247730255,0.1934637725353241
test,261_v5_1_content_josgard94_JPEG_generador_huffman_code.py_cleaned.png,5,1,0.18894746899604797,0.2436249703168869,0.16343416273593903,0.10312728583812714,0.12818826735019684,0.1726779043674469
test,261_v5_1_content_sadnessFree_arima-lstm_combine-linear.py_cleaned.png,5,0,0.296817809343338,0.24909862875938416,0.16463534533977509,0.1617259532213211,0.0801464319229126,0.047575902193784714
test,261_v5_21_content_AntonisFK_selection_sort_python_selectionSort.py_cleaned.png,5,0,0.1900801658630371,0.16844803094863892,0.15007084608078003,0.13714712858200073,0.1831725388765335,0.1710812747478485
test,261_v5_25_content_jimmy-ly00_DHE-prime-grabber_find_primes.py_cleaned.png,5,2,0.12427186220884323,0.19185921549797058,0.1986260861158371,0.1810702383518219,0.12586566805839539,0.17830690741539001
test,261_v5_28_content_Jvictor97_YellowFever_randDate.py_cleaned.png,5,0,0.1927352398633957,0.15482884645462036,0.15701624751091003,0.16915419697761536,0.15232421457767487,0.17394126951694489
test,261_v5_29_content_rahuljohnny_Bangla_OCR_Using_KNN_class_contour.py_cleaned.png,5,2,0.18965162336826324,0.1530899703502655,0.206923246383667,0.15456952154636383,0.15899527072906494,0.13677038252353668
test,261_v5_35_content_fireclawthefox_DirectGuiDesigner_setup_p3d.py_cleaned.png,5,1,0.15426336228847504,0.19133475422859192,0.159699946641922,0.15133510529994965,0.1617451012134552,0.18162183463573456
test,261_v5_38_content_NicholasKobald_Tree-Traversals_traversals.py_cleaned.png,5,2,0.11547862738370895,0.11429362744092941,0.2101207822561264,0.20140476524829865,0.17542718350887299,0.18327510356903076
test,261_v5_42_content_tesladodger_Fibonacci_fibonacci.py_cleaned.png,5,2,0.1336204707622528,0.17600859701633453,0.20604448020458221,0.19092315435409546,0.13752585649490356,0.15587744116783142
test,262_v5_1_content_rcorcs_apref_tests.py_cleaned.png,5,5,0.16220992803573608,0.14022858440876007,0.16431446373462677,0.1465579867362976,0.184628427028656,0.20206063985824585
test,262_v5_1_content_sadnessFree_arima-lstm_combine-svm.py_cleaned.png,5,2,0.16764895617961884,0.14284095168113708,0.19943931698799133,0.1381058245897293,0.15397952497005463,0.19798551499843597
test,262_v5_36_content_hasanunl_Hierarchical-Clustering-in-Python-Training_hc_training.py_cleaned.png,5,5,0.13173142075538635,0.18931521475315094,0.17803524434566498,0.1259986311197281,0.13589182496070862,0.23902763426303864
test,262_v5_3_content_sharifahmad2061_routing_algorithm_DVR.py_cleaned.png,5,0,0.23573075234889984,0.1996060609817505,0.09964161366224289,0.11419600993394852,0.22546374797821045,0.12536180019378662
test,262_v5_41_content_rinky97_polynomial-regression_my.py_cleaned.png,5,1,0.1428084522485733,0.18512588739395142,0.16854237020015717,0.17596420645713806,0.1642683446407318,0.16329066455364227
test,262_v5_44_content_Mazuh_Fibonacci_fib_benchmark.py_cleaned.png,5,4,0.1727105975151062,0.18470652401447296,0.16206182539463043,0.12798677384853363,0.1989939957857132,0.15354034304618835
test,262_v5_5_content_AdamJacoby_Hopf_Example_CyclicGroup.py_cleaned.png,5,5,0.15846799314022064,0.15211442112922668,0.16105879843235016,0.13868862390518188,0.17481645941734314,0.21485364437103271
test,263_v5_1_content_colettebedoya_primsAndKruskal_DisjointSet.py_cleaned.png,5,4,0.15240132808685303,0.15270014107227325,0.16284602880477905,0.13951851427555084,0.1985538750886917,0.19398009777069092
test,263_v5_23_content_AMARPATEEL_Selection-sort-in-python_selection_by_user_input.py_cleaned.png,5,2,0.16615021228790283,0.1462102234363556,0.24968086183071136,0.14874279499053955,0.09977473318576813,0.18944114446640015
test,263_v5_26_content_bahadircolak44_EllipticCurve_PointAddition.py_cleaned.png,5,1,0.1680813580751419,0.17330369353294373,0.1628696620464325,0.15859593451023102,0.17145155370235443,0.16569781303405762
test,263_v5_29_content_AouinaOns_K-Means-Clustering_K-means.py_cleaned.png,5,2,0.11604174971580505,0.15848244726657867,0.24312031269073486,0.19590255618095398,0.13278409838676453,0.15366874635219574
test,263_v5_29_content_vtheno_kNN_one_line.py_cleaned.png,5,5,0.1438043713569641,0.18476779758930206,0.18437911570072174,0.1769326627254486,0.12384510040283203,0.1862708479166031
test,263_v5_2_content_swapnilg915_cosine_similarity_using_embeddings_spacy_embeddings.py_cleaned.png,5,3,0.14841970801353455,0.16121838986873627,0.1833861917257309,0.20028115808963776,0.1396014541387558,0.1670931726694107
test,263_v5_3_content_riteshkasat_Community-Detection-Algorithm_detect_community.py_cleaned.png,5,1,0.1726216971874237,0.19473549723625183,0.1692783534526825,0.15620452165603638,0.17365491390228271,0.13350501656532288
test,263_v5_5_content_AdamJacoby_Hopf_Example_DihedralGroup.py_cleaned.png,5,0,0.1801011562347412,0.1655263453722,0.14458537101745605,0.1530335545539856,0.17835991084575653,0.17839370667934418
test,264_v5_15_content_VakinduPhilliam_Pattern_Matching_Python_Fnmatch_fnmatch.py_cleaned.png,5,5,0.16899876296520233,0.1590370237827301,0.14779441058635712,0.1318386048078537,0.19422884285449982,0.19810235500335693
test,264_v5_22_content_Raxev_datastructures3_huffElement.py_cleaned.png,5,5,0.15965525805950165,0.14586223661899567,0.17654910683631897,0.15940482914447784,0.1285819113254547,0.22994674742221832
test,264_v5_26_content_hemidactylus_skanfixer_sfUtilities.py_cleaned.png,5,3,0.19338785111904144,0.15173640847206116,0.15184913575649261,0.21786807477474213,0.10480410605669022,0.18035438656806946
test,264_v5_26_content_ivanji_diffie-hellman-algorithm_diffie-hellman.py_cleaned.png,5,2,0.12523679435253143,0.18722447752952576,0.20626209676265717,0.18221186101436615,0.13976237177848816,0.15930236876010895
test,264_v5_29_content_sanchikagn_geyser-eruptions-k-means_clusters_plotted.py_cleaned.png,5,3,0.14442619681358337,0.18193566799163818,0.1945897936820984,0.2043883055448532,0.13069583475589752,0.14396411180496216
test,264_v5_3_content_iykadev_pyalgo_bresenhams_line_algo.py_cleaned.png,5,1,0.1645469218492508,0.23131170868873596,0.13646678626537323,0.1127425953745842,0.1667221039533615,0.18820993602275848
test,264_v5_40_content_alttch_pyaltt_test.py_cleaned.png,5,2,0.14699214696884155,0.1542808711528778,0.2118218094110489,0.15917447209358215,0.13223783671855927,0.19549289345741272
test,264_v5_45_content_ilkayDevran_Analysis_of_Sorting_Algorithms_pyplot.py_cleaned.png,5,3,0.1458713710308075,0.17781464755535126,0.17856144905090332,0.2148447334766388,0.14066092669963837,0.14224690198898315
test,265_v5_23_content_xuwangme_huffmanTree_Main.py_cleaned.png,5,4,0.20080313086509705,0.12042704969644547,0.14028477668762207,0.1319449245929718,0.20413289964199066,0.20240724086761475
test,265_v5_2_content_Lok-lok_TestLinkedList_LinkedList.py_cleaned.png,5,0,0.19383209943771362,0.18722441792488098,0.18923693895339966,0.12441005557775497,0.16880428791046143,0.13649216294288635
test,265_v5_2_content_facebookresearch_reward-estimator-corl_configurations_continuous_sparse.py_cleaned.png,5,5,0.16986285150051117,0.16399605572223663,0.19427171349525452,0.15823449194431305,0.11739412695169449,0.19624073803424835
test,265_v5_30_content_Aishwarya1401_Diabetic-Retinopathy-Project-Deep-Learning-_KNN_RawImage.py_cleaned.png,5,5,0.0983113944530487,0.1695847362279892,0.22736063599586487,0.13011068105697632,0.1432705670595169,0.23136202991008759
test,265_v5_36_content_mskroar18_GraphWizard_edge.py_cleaned.png,5,0,0.2093675285577774,0.1429452896118164,0.14142142236232758,0.11659511923789978,0.20870225131511688,0.1809684932231903
test,265_v5_39_content_hamidaucc_Link-state-protocol-in-python_Test.py_cleaned.png,5,5,0.13540643453598022,0.16167326271533966,0.1618724763393402,0.1214950680732727,0.2035028487443924,0.2160499095916748
test,265_v5_41_content_sweeneyde_IndexedHeap_dijkstra.py_cleaned.png,5,2,0.20241287350654602,0.13946552574634552,0.21022368967533112,0.13430151343345642,0.17066147923469543,0.14293497800827026
test,265_v5_49_content_pranurs_regression-model_main.py_cleaned.png,5,4,0.1673012524843216,0.166459858417511,0.1830471307039261,0.1678793877363205,0.186785027384758,0.12852737307548523
test,266_v5_16_content_NB-prog_INTERN-2019_similarity_eval.py_cleaned.png,5,1,0.15652820467948914,0.2096605896949768,0.18075960874557495,0.1675470769405365,0.15734563767910004,0.12815891206264496
test,266_v5_1_content_sadnessFree_arima-lstm_lstm_keras.py_cleaned.png,5,2,0.1376742720603943,0.1626393347978592,0.23948508501052856,0.19347727298736572,0.11469203233718872,0.15203198790550232
test,266_v5_3_content_abantikabasak_ImprovisedDijkstraFlood_GraphInput.py_cleaned.png,5,2,0.10849732905626297,0.20411406457424164,0.20662717521190643,0.1529170721769333,0.1438240259885788,0.1840202659368515
test,266_v5_46_content_ThallysSo_criptografia-rsa_criptografia.py_cleaned.png,5,2,0.12594521045684814,0.184942826628685,0.2507440149784088,0.19068174064159393,0.11103598773479462,0.1366502344608307
test,266_v5_4_content_MphoKunene_Machine_learning-Polynomial-regression_poly.py_cleaned.png,5,2,0.12598581612110138,0.19214476644992828,0.22876352071762085,0.17932914197444916,0.1316913217306137,0.1420854926109314
test,267_v5_13_content_Pedinpsy_-inverted-index-search_main.py_cleaned.png,5,1,0.1638156622648239,0.2131630927324295,0.157011017203331,0.15986904501914978,0.14693892002105713,0.15920235216617584
test,267_v5_26_content_AbdelrhmanKhater_Comparison-between-linked-list-and-array-during-using-selection-sort_Linkedlist.py_cleaned.png,5,0,0.20310558378696442,0.14338098466396332,0.13443349301815033,0.14746356010437012,0.1949189156293869,0.1766975075006485
test,267_v5_4_content_Khante_Distance-Vector-Algorithm_simulation_1.py_cleaned.png,5,2,0.17723244428634644,0.1779589056968689,0.1809893697500229,0.1570185422897339,0.16214290261268616,0.14465788006782532
test,268_v5_24_content_MariosPitsali_algorithms-practice_rollback.py_cleaned.png,5,2,0.20199677348136902,0.1692313402891159,0.2030705362558365,0.11919056624174118,0.17406705021858215,0.13244381546974182
test,268_v5_26_content_AbdelrhmanKhater_Comparison-between-linked-list-and-array-during-using-selection-sort_main.py_cleaned.png,5,2,0.10486707091331482,0.20583537220954895,0.257246196269989,0.2114972472190857,0.10239452868700027,0.11815958470106125
test,268_v5_36_content_cyndyishida_QueueQuickSort_linked_queue.py_cleaned.png,5,3,0.18675467371940613,0.14045768976211548,0.15017196536064148,0.1925463080406189,0.1375475525856018,0.19252178072929382
test,268_v5_3_content_dlohith_text-similarity_utils.py_cleaned.png,5,2,0.18267711997032166,0.11850932240486145,0.21673718094825745,0.13450533151626587,0.13681408762931824,0.21075689792633057
test,268_v5_3_content_iykadev_pyalgo_deepFirstSearch.py_cleaned.png,5,4,0.16282887756824493,0.12414450198411942,0.18236790597438812,0.16787175834178925,0.18557868897914886,0.17720827460289001
test,268_v5_47_content_jeshan_lambda-default-dlq_generate-config.py_cleaned.png,5,2,0.20345674455165863,0.13031736016273499,0.2129216492176056,0.15389218926429749,0.11614850163459778,0.18326354026794434
test,268_v5_49_content_mrsondeptrai1999_RSA_Summer_2017_project_Decryption.py_cleaned.png,5,2,0.14174997806549072,0.1666237711906433,0.1964910328388214,0.17979663610458374,0.14826424419879913,0.16707436740398407
test,268_v5_4_content_wazzaarvind_Clustering-Algorithms_reducer.py_cleaned.png,5,0,0.24682463705539703,0.1272827684879303,0.19265751540660858,0.13551676273345947,0.11756926029920578,0.18014904856681824
test,268_v5_50_content_cristend_spam_email_auto_run.py_cleaned.png,5,1,0.1587134152650833,0.20818941295146942,0.16077327728271484,0.1224522516131401,0.14423868060112,0.20563293993473053
test,269_v5_27_content_mskroar18_GraphWizard_edge.py_cleaned.png,5,4,0.18475858867168427,0.12463897466659546,0.13350810110569,0.11411202698945999,0.24806524813175201,0.19491709768772125
test,269_v5_2_content_Yash0day_ElgamalEncryption-using-ECC_Hash.py_cleaned.png,5,5,0.12686015665531158,0.13912585377693176,0.20728686451911926,0.15779933333396912,0.15374092757701874,0.21518686413764954
test,269_v5_4_content_heaven00_cosine_similarities_stream.py_cleaned.png,5,1,0.16014689207077026,0.2005634903907776,0.16090655326843262,0.16481921076774597,0.17712733149528503,0.1364365816116333
test,269_v5_50_content_mrugankray_Hierarchical_Clustering_hierarchichal_clustering.py_cleaned.png,5,2,0.13154824078083038,0.19554509222507477,0.20401553809642792,0.20269407331943512,0.10745042562484741,0.1587466448545456
test,269_v5_51_content_rw15e_CIS4930-Python-Project-3_graph.py_cleaned.png,5,3,0.1370515078306198,0.16369011998176575,0.16410821676254272,0.19051305949687958,0.17533054947853088,0.1693064570426941
test,270_v5_18_content_Mital188_Logistic-Regression_logistic_regression.py_cleaned.png,5,0,0.20788328349590302,0.177860826253891,0.1788058876991272,0.11601316183805466,0.15648001432418823,0.16295674443244934
test,270_v5_3_content_Sapphirine_Detecting-and-Predicting-the-Impact-of-Events_calc_train_anamoly_10ile-Copy5.py_cleaned.png,5,1,0.15778256952762604,0.2067643404006958,0.1741102933883667,0.1572784185409546,0.15118926763534546,0.15287506580352783
test,270_v5_41_content_antoinewg_ocr-tfidf_reducer3.py_cleaned.png,5,4,0.17614054679870605,0.14135080575942993,0.181515172123909,0.11912461370229721,0.19975996017456055,0.18210886418819427
test,270_v5_49_content_lllunaticer_pathFindGUI_Draw.py_cleaned.png,5,2,0.10780605673789978,0.1828347146511078,0.25338804721832275,0.15665659308433533,0.14238664507865906,0.15692797303199768
test,270_v5_51_content_UnPolinomio_fibonacci-number_numbers.py_cleaned.png,5,2,0.1259915977716446,0.19936338067054749,0.2429216057062149,0.18334193527698517,0.09999008476734161,0.14839130640029907
test,270_v5_53_content_ekaktusz_rsa-example_rsa.py_cleaned.png,5,1,0.1625705361366272,0.2141188085079193,0.1804707646369934,0.15311412513256073,0.13412341475486755,0.15560229122638702
test,270_v5_58_content_tanjimingrinnell_TreeAndGraph_LinkedList.py_cleaned.png,5,5,0.1462668478488922,0.163092702627182,0.15749303996562958,0.14770199358463287,0.1865788996219635,0.19886651635169983
test,271_v5_1_content_jim-spyropoulos_Trajectory-Analysis-and-Classification-in-Python-Pandas-and-Scikit-Learn_down_left_point.py_cleaned.png,5,3,0.14322476089000702,0.13740627467632294,0.21033096313476562,0.21728281676769257,0.13227859139442444,0.1594766527414322
test,271_v5_31_content_shreyas3336_Diffie-Hellman-KeyExchange_Seed_Generator.py_cleaned.png,5,2,0.15801125764846802,0.17800284922122955,0.19401895999908447,0.16763457655906677,0.14241118729114532,0.15992112457752228
test,271_v5_3_content_Sapphirine_Detecting-and-Predicting-the-Impact-of-Events_calc_train_anamoly_10ile.py_cleaned.png,5,0,0.1809353232383728,0.18077585101127625,0.18073387444019318,0.15210212767124176,0.15693610906600952,0.14851675927639008
test,271_v5_4_content_nikitaa30_Content-based-Recommender-System_recommender_system.py_cleaned.png,5,2,0.1425318717956543,0.17696844041347504,0.22104886174201965,0.16213493049144745,0.1346219778060913,0.16269388794898987
test,271_v5_55_content_Ali-Ouahhabi_AesRsa_cipher_structure.py_cleaned.png,5,5,0.13793234527111053,0.1492827832698822,0.18062297999858856,0.1472422033548355,0.18200860917568207,0.20291106402873993
test,271_v5_5_content_adityadas8888_Naive-Bayes_naive_bayes.py_cleaned.png,5,3,0.16098470985889435,0.16532902419567108,0.15636463463306427,0.1877828687429428,0.16468174755573273,0.16485688090324402
test,272_v5_18_content_ppke-nlpg_emmorphpy_test.py_cleaned.png,5,2,0.17224475741386414,0.14603613317012787,0.24389149248600006,0.13013124465942383,0.15817925333976746,0.14951708912849426
test,272_v5_28_content_yifan0330_stock-trader_stocktrader.py_cleaned.png,5,0,0.265619158744812,0.1640528440475464,0.11736708134412766,0.11989156901836395,0.2151745706796646,0.11789480596780777
test,272_v5_32_content_Arhacai_ciphers_secret_messages.py_cleaned.png,5,3,0.1255955696105957,0.17392390966415405,0.20315507054328918,0.209344282746315,0.13919700682163239,0.14878413081169128
test,272_v5_55_content_Jozhus_RSA-And-Linear-Cipher_RSA.py_cleaned.png,5,1,0.14364413917064667,0.19772212207317352,0.1914072036743164,0.17138952016830444,0.1337658017873764,0.16207124292850494
test,272_v5_59_content_SMByC_PCA4CD_pca4cd.py_cleaned.png,5,2,0.1501452475786209,0.16183122992515564,0.20336751639842987,0.16037282347679138,0.149641752243042,0.1746414452791214
test,272_v5_66_content_Talon-Zhang_Naive-Bayes_reader.py_cleaned.png,5,0,0.18336540460586548,0.1479497253894806,0.1781664490699768,0.1534700244665146,0.16087821125984192,0.17617018520832062
test,273_v5_16_content_sanjay3001_Search-in-python_linear_search.py_cleaned.png,5,2,0.15958057343959808,0.16259250044822693,0.23175813257694244,0.14380522072315216,0.1567249298095703,0.14553861320018768
test,273_v5_40_content_Bonifase_ShoppingList_app_tests.py_cleaned.png,5,4,0.14072084426879883,0.18031346797943115,0.16605663299560547,0.15762878954410553,0.18249666690826416,0.17278367280960083
test,273_v5_53_content_KaiFly_Xemina2_DijkstraSP_GraphDrawing.py_cleaned.png,5,2,0.1447644680738449,0.16274067759513855,0.18805475533008575,0.17256249487400055,0.15993298590183258,0.17194469273090363
test,273_v5_5_content_domodomodomo_binary_search_tree_binary_search_tree.py_cleaned.png,5,1,0.14658881723880768,0.1906299740076065,0.17295417189598083,0.18752700090408325,0.1318199187517166,0.17048007249832153
test,273_v5_5_content_vpandeti_Routing-Protocol_RoutingProtocol.py_cleaned.png,5,0,0.20413212478160858,0.14486467838287354,0.14586107432842255,0.17723533511161804,0.16695280373096466,0.16095402836799622
test,273_v5_85_content_kenil-shah_Description-Based-Person-Identification_config.py_cleaned.png,5,1,0.14455175399780273,0.1836623102426529,0.17577025294303894,0.14877277612686157,0.1820424497127533,0.16520044207572937
test,274_v5_20_content_anasbadawy_Basic-NLP-Project_NLPProject.py_cleaned.png,5,2,0.19047681987285614,0.1632789671421051,0.2335047572851181,0.13677185773849487,0.11524717509746552,0.16072043776512146
test,274_v5_33_content_prabhatpal77_Complete-core-python-_assignmentope.py_cleaned.png,5,2,0.13978110253810883,0.13918957114219666,0.1965635120868683,0.16537368297576904,0.18506282567977905,0.17402933537960052
test,274_v5_3_content_iykadev_pyalgo_fibo.py_cleaned.png,5,4,0.15662884712219238,0.13887853920459747,0.16976286470890045,0.13929907977581024,0.19877377152442932,0.19665683805942535
test,274_v5_6_content_gionanide_Cryptography_Crack_zip_files.py_cleaned.png,5,5,0.1621379554271698,0.17150017619132996,0.1598280966281891,0.15141896903514862,0.17652493715286255,0.1785898655653
test,274_v5_91_content_MerliX_async-factorial_server.py_cleaned.png,5,3,0.13997279107570648,0.1702609360218048,0.17776383459568024,0.1893826574087143,0.14238135516643524,0.1802384853363037
test,275_v5_2_content_rdisipio_prime_numbers_primes.py_cleaned.png,5,2,0.1681234985589981,0.16094200313091278,0.19921886920928955,0.1628757268190384,0.15464329719543457,0.1541966199874878
test,275_v5_4_content_reza-asad_Prims-Minimum-Spanning-Tree_Prim_s_algorithm.py_cleaned.png,5,1,0.19560427963733673,0.21915151178836823,0.18533246219158173,0.13374046981334686,0.11733082681894302,0.14884041249752045
test,275_v5_60_content_fabaloc_PCA_RollingPCAonCDS.py_cleaned.png,5,2,0.1523275077342987,0.17335323989391327,0.19780854880809784,0.19222787022590637,0.14554831385612488,0.13873456418514252
test,275_v5_61_content_mcsweena_Dijkstras-Algorithm_bidirectional_dijkstra.py_cleaned.png,5,1,0.1262982040643692,0.25895336270332336,0.19640325009822845,0.15279051661491394,0.15071021020412445,0.1148444339632988
test,276_v5_55_content_AustinZuniga_Auto-tagging-of-Theses-and-Dissertations-of-Bicol-University-Searching-and-Matching-_main.py_cleaned.png,5,1,0.16054384410381317,0.21615639328956604,0.15069691836833954,0.13959480822086334,0.1939094215631485,0.1390986293554306
test,276_v5_5_content_Schemberizer_Binary-Tree-Compression_tree.py_cleaned.png,5,2,0.17067880928516388,0.16953147947788239,0.19807660579681396,0.1387505680322647,0.13820821046829224,0.18475428223609924
test,276_v5_5_content_scalisesamuel_crypto_p1_Task_1.py_cleaned.png,5,1,0.15680520236492157,0.20221105217933655,0.1748044192790985,0.16662408411502838,0.15632663667201996,0.14322860538959503
test,276_v5_64_content_YifeiY_Depth-of-BTS_BTS_Depth.py_cleaned.png,5,2,0.1448243409395218,0.16839471459388733,0.20564071834087372,0.1950565129518509,0.13977591693401337,0.1463078409433365
test,276_v5_6_content_gionanide_Cryptography_ECC_DH_key_exchange.py_cleaned.png,5,5,0.18782635033130646,0.17715349793434143,0.1633988320827484,0.11504290252923965,0.1577489674091339,0.19882948696613312
test,276_v5_6_content_mmcetindag_ShortestPathAlgorithms_dijkstra.py_cleaned.png,5,2,0.12306862324476242,0.16158726811408997,0.22949232161045074,0.200109601020813,0.140740767121315,0.14500142633914948
test,276_v5_76_content_mashfiq10_Naive-Bayes-classification_prob_1.py_cleaned.png,5,2,0.14247408509254456,0.16200417280197144,0.23639392852783203,0.180865079164505,0.11236301809549332,0.16589978337287903
test,276_v5_7_content_Aly-Tomato_Prims-and-Kruskals_prims.py_cleaned.png,5,2,0.14690352976322174,0.16477280855178833,0.21858644485473633,0.15408138930797577,0.1534736305475235,0.16218218207359314
test,276_v5_7_content_jakobpederson_divisible_pair_sums_test_divisible_pair_sums.py_cleaned.png,5,0,0.4479822814464569,0.10999024659395218,0.13068616390228271,0.10986484587192535,0.05490793287754059,0.14656852185726166
test,276_v5_8_content_usmanali414_Destruction-Detection-in-Satellite-Imagery_augmentation.py_cleaned.png,5,2,0.14934629201889038,0.18179847300052643,0.1828450858592987,0.18231266736984253,0.14452917873859406,0.15916834771633148
test,277_v5_27_content_gaurav-raii_Topic-analysis-NLP-to-access-the-level-of-damage-during-a-car-crash._Text_Topic_analysis_and_classification.py_cleaned.png,5,3,0.121488057076931,0.19894789159297943,0.21119475364685059,0.22020505368709564,0.12346962839365005,0.12469467520713806
test,277_v5_33_content_ilkayDevran_Analysis_of_Sorting_Algorithms_allInOne.py_cleaned.png,5,3,0.13021379709243774,0.17658546566963196,0.18932263553142548,0.1948312669992447,0.12078625708818436,0.1882605403661728
test,277_v5_3_content_mightydeveloper_Deep-Compression-PyTorch_pruning.py_cleaned.png,5,1,0.18544280529022217,0.2093403935432434,0.1360844075679779,0.1680644154548645,0.1712324172258377,0.12983563542366028
test,277_v5_48_content_AdityaMalani_Diffie-Hellman-Key_Exchange_diffie.py_cleaned.png,5,2,0.13706181943416595,0.20259550213813782,0.20298051834106445,0.16461440920829773,0.11299952864646912,0.17974822223186493
test,277_v5_4_content_Askjensen_scikittf-idfNLTK_str_func.py_cleaned.png,5,5,0.12949636578559875,0.17184174060821533,0.14867310225963593,0.1404731124639511,0.1664012223482132,0.24311448633670807
test,277_v5_66_content_adamweissert_PythonBinarySearch_BinarySearch.py_cleaned.png,5,2,0.11910907924175262,0.1823664754629135,0.19622376561164856,0.15839862823486328,0.16333605349063873,0.18056607246398926
test,277_v5_6_content_gabrielmbmb_aes_crypt.py_cleaned.png,5,5,0.1293431669473648,0.18135422468185425,0.17023049294948578,0.15704095363616943,0.12917955219745636,0.23285160958766937
test,278_v5_1_content_Chunning-Zhou_MILPBasedSearchAlgorithmDiff_parameter.py_cleaned.png,5,5,0.16447100043296814,0.12371773272752762,0.150058314204216,0.1683531403541565,0.16851842403411865,0.2248813807964325
test,278_v5_30_content_olamofe_primeQuery_primeQuery.py_cleaned.png,5,1,0.1808357983827591,0.21803198754787445,0.17509309947490692,0.14922936260700226,0.14060568809509277,0.13620412349700928
test,278_v5_59_content_mahmoudhossam_task-queue_db.py_cleaned.png,5,3,0.13243073225021362,0.1718662530183792,0.1588335931301117,0.21343494951725006,0.15412068367004395,0.16931374371051788
test,278_v5_61_content_piyush-taneja_Salary-Predictor_Regression_Template.py_cleaned.png,5,2,0.13610468804836273,0.17171035706996918,0.2291094958782196,0.16790877282619476,0.14835935831069946,0.14680728316307068
test,278_v5_62_content_agvaibhav_Binary-tree_delete-node.py_cleaned.png,5,2,0.10811853408813477,0.18166205286979675,0.2608443796634674,0.17733770608901978,0.12757167220115662,0.1444656401872635
test,278_v5_73_content_elados93_AI_Ex1_BFS.py_cleaned.png,5,2,0.13061954081058502,0.15738427639007568,0.22481273114681244,0.16511636972427368,0.14560015499591827,0.17646688222885132
test,278_v5_7_content_ardyerwanda_SDN-Bellman-Ford-Pyretic_routing2cost.py_cleaned.png,5,2,0.1680278182029724,0.19185641407966614,0.204044908285141,0.17954978346824646,0.13995476067066193,0.11656631529331207
test,279_v5_1_content_guoliu_London-scikit_LondonScikit.py_cleaned.png,5,2,0.1265897899866104,0.2089075893163681,0.23612922430038452,0.1828887015581131,0.112936832010746,0.13254784047603607
test,279_v5_22_content_ABHISHEKVALSAN_Malayalam-Newspaper-Article-Dataset_MalayalamScraping.py_cleaned.png,5,1,0.13677358627319336,0.21244971454143524,0.19204562902450562,0.16728945076465607,0.15025418996810913,0.14118731021881104
test,279_v5_28_content_vinaykumarbu_sentiment-analysis-deeplearning_data_helpers.py_cleaned.png,5,2,0.15503568947315216,0.16653122007846832,0.20413784682750702,0.20113135874271393,0.1484190970659256,0.12474475800991058
test,279_v5_5_content_edison12a_bmrs-json-api_test_bmrs.py_cleaned.png,5,4,0.2039564698934555,0.11107061058282852,0.144748717546463,0.11659150570631027,0.22560851275920868,0.19802416861057281
test,279_v5_61_content_piyush-taneja_Salary-Predictor_Support_Vector_Regression.py_cleaned.png,5,2,0.14007605612277985,0.19444602727890015,0.23179656267166138,0.14970746636390686,0.12807823717594147,0.1558956652879715
test,279_v5_79_content_lorenzo3117_python-sorting-scripts_sortingScript.py_cleaned.png,5,2,0.13318397104740143,0.19028529524803162,0.21039444208145142,0.19515357911586761,0.13109973073005676,0.13988301157951355
test,279_v5_7_content_syedshameersarwar_DocumentSimilarityChecker_pdfReader.py_cleaned.png,5,5,0.14145323634147644,0.152622789144516,0.1817997545003891,0.17438139021396637,0.14858683943748474,0.20115599036216736
test,279_v5_8_content_abpaudel_8-puzzle_iddfs.py_cleaned.png,5,2,0.14069333672523499,0.16840189695358276,0.22493357956409454,0.12285565584897995,0.15484152734279633,0.1882740706205368
test,279_v5_8_content_leocarr_smallestmultiple_smallestmult.py_cleaned.png,5,2,0.18490582704544067,0.13866615295410156,0.196703240275383,0.12588727474212646,0.17701393365859985,0.17682352662086487
test,280_v5_2_content_shreya21rathi_Longest-Common-Subsequence_lcs.py_cleaned.png,5,3,0.17690753936767578,0.16075314581394196,0.1576770544052124,0.237322598695755,0.09524828940629959,0.1720913201570511
test,280_v5_39_content_lorenzo3117_python-sorting-scripts_sortingScript.py_cleaned.png,5,5,0.13960552215576172,0.18133428692817688,0.18364666402339935,0.14275284111499786,0.1540181189775467,0.1986425817012787
test,280_v5_40_content_Charles-Peeke_clinical_variances_sponsor_app.py_cleaned.png,5,2,0.1231159120798111,0.19865237176418304,0.21659398078918457,0.1298833042383194,0.13433966040611267,0.19741471111774445
test,280_v5_63_content_avitabayan_Machine-learning_regression_template.py_cleaned.png,5,5,0.14007751643657684,0.1689254194498062,0.19036750495433807,0.1444493979215622,0.16113504767417908,0.19504503905773163
test,280_v5_67_content_SuchitPSawant_Clustering_hc.py_cleaned.png,5,2,0.13266026973724365,0.18034595251083374,0.19819754362106323,0.19649021327495575,0.14590714871883392,0.14639879763126373
test,280_v5_7_content_GauthamBT_Bellman-Ford-Algorithm_DirectedGraphClass.py_cleaned.png,5,2,0.13831928372383118,0.14940185844898224,0.22184422612190247,0.18367800116539001,0.11043152213096619,0.1963251233100891
test,281_v5_54_content_sumanth-bmsce_Unsupervised_Extreme_Learning_Machine_EM_Algo.py_cleaned.png,5,2,0.12440361082553864,0.20448388159275055,0.20548947155475616,0.16322626173496246,0.1329980045557022,0.16939875483512878
test,281_v5_5_content_Fmccline_Prims-Algorithm_prims_algorithm_demo.py_cleaned.png,5,1,0.16720691323280334,0.20371221005916595,0.19501608610153198,0.13607323169708252,0.14444567263126373,0.15354587137699127
test,281_v5_63_content_avitabayan_Machine-learning_simple_linear_regression.py_cleaned.png,5,2,0.15313945710659027,0.15895025432109833,0.21925319731235504,0.14304867386817932,0.1646776646375656,0.16093075275421143
test,281_v5_75_content_mcsteve-e_project-4_4.01.py_cleaned.png,5,1,0.12238305062055588,0.21724833548069,0.19536465406417847,0.16129732131958008,0.15770849585533142,0.14599817991256714
test,282_v5_2_content_yyqcs_time-series-model_utils.py_cleaned.png,5,5,0.17992210388183594,0.16548572480678558,0.15442992746829987,0.12611323595046997,0.1859763264656067,0.18807266652584076
test,282_v5_3_content_pombredanne_string-alignment_LCS.py_cleaned.png,5,0,0.2036600112915039,0.16913600265979767,0.14867353439331055,0.14155100286006927,0.1786680966615677,0.15831144154071808
test,282_v5_78_content_jurrejelle_RSACrack_generate_all_quantum.py_cleaned.png,5,2,0.13112019002437592,0.17580635845661163,0.22903506457805634,0.1639256775379181,0.13679102063179016,0.16332168877124786
test,282_v5_7_content_GabrielBortolote_BFS-and-DFS-Tree_BFS.py_cleaned.png,5,2,0.14628030359745026,0.1698617935180664,0.1971173882484436,0.1850779801607132,0.13925489783287048,0.16240762174129486
test,282_v5_7_content_j2kun_binary-search-graphs_dijkstra.py_cleaned.png,5,0,0.2075580358505249,0.08574865758419037,0.15319563448429108,0.17695045471191406,0.16930754482746124,0.20723973214626312
test,282_v5_92_content_FranzScheerer_DES_x4.py_cleaned.png,5,0,0.25944167375564575,0.1833450049161911,0.11560806632041931,0.125181183218956,0.18715107440948486,0.129272922873497
test,282_v5_9_content_fritzwill_apriori-algorithm_apriori.py_cleaned.png,5,5,0.18706871569156647,0.1388617306947708,0.19086399674415588,0.14578595757484436,0.13563969731330872,0.20177985727787018
test,283_v5_8_content_FelixHuangX_Naive-Bayes-for-Text-Classification_Naivebayes_train.py_cleaned.png,5,2,0.14606326818466187,0.17123524844646454,0.21048925817012787,0.15863999724388123,0.14171402156352997,0.17185825109481812
test,283_v5_93_content_KordingLab_hilbert-constrained-gradient-descent_utils.py_cleaned.png,5,3,0.15651124715805054,0.16545814275741577,0.17987889051437378,0.17994588613510132,0.1714271605014801,0.1467786282300949
test,284_v5_88_content_NoFishLikeIan_Dijkstra_currency_currency_api.py_cleaned.png,5,5,0.15558740496635437,0.14606577157974243,0.18545855581760406,0.16804943978786469,0.1544412076473236,0.19039767980575562
test,284_v5_8_content_alexvking_comp150_bsts_optimal_bst_knuth_n3.py_cleaned.png,5,2,0.1556781828403473,0.18716861307621002,0.19317950308322906,0.15484119951725006,0.11738971620798111,0.19174285233020782
test,285_v5_65_content_pratikbitmesra_BID_bin_cluster.py_cleaned.png,5,2,0.22351908683776855,0.17636987566947937,0.2247534990310669,0.09953941404819489,0.15302298963069916,0.12279503792524338
test,285_v5_91_content_mahsarazavi_Text-Classification_naivebayes.py_cleaned.png,5,2,0.1605684906244278,0.21603506803512573,0.21809779107570648,0.1607280969619751,0.1316443383693695,0.11292623728513718
test,286_v5_6_content_greed2411_LCS_try.py_cleaned.png,5,1,0.16704243421554565,0.2124204933643341,0.19055643677711487,0.1400107592344284,0.12695841491222382,0.16301140189170837
test,287_v5_25_content_aajanki_finnish-pos-accuracy_print_errors.py_cleaned.png,5,3,0.14774399995803833,0.1670229434967041,0.16723835468292236,0.18069227039813995,0.17410428822040558,0.16319817304611206
test,287_v5_3_content_rentseen_ARIMA-forecast_CAVMP.py_cleaned.png,5,1,0.16768933832645416,0.20755863189697266,0.16269451379776,0.19260694086551666,0.12655431032180786,0.14289623498916626
test,287_v5_65_content_swaruptripathy_two_way_anova_two_way_anova.py_cleaned.png,5,2,0.15075671672821045,0.183404341340065,0.20538540184497833,0.17038320004940033,0.14167603850364685,0.14839433133602142
test,288_v5_41_content_EdmundMartin_Indigestion_ingestion_engine.py_cleaned.png,5,5,0.16976426541805267,0.12760549783706665,0.1469082236289978,0.14476658403873444,0.1886742115020752,0.22228120267391205
test,288_v5_7_content_AastroLePetitRobot_Huffman-Coding_Huffman.py_cleaned.png,5,2,0.1671910136938095,0.14876937866210938,0.18122267723083496,0.17515616118907928,0.1517871916294098,0.17587357759475708
test,288_v5_7_content_kanthagirish-rit_lcs-project_hlcs.py_cleaned.png,5,2,0.15508028864860535,0.153772234916687,0.19934895634651184,0.17036959528923035,0.13823826611042023,0.18319067358970642
test,288_v5_8_content_Omig12_dfs_delete.py_cleaned.png,5,2,0.17367799580097198,0.1622226983308792,0.18510060012340546,0.16723139584064484,0.16395404934883118,0.14781330525875092
test,289_v5_3_content_iykadev_pyalgo_stable_marriage.py_cleaned.png,5,0,0.2621997594833374,0.19711154699325562,0.11517059803009033,0.10439242422580719,0.14983226358890533,0.1712934523820877
test,289_v5_43_content_agusmakmun_changewords_tests.py_cleaned.png,5,0,0.2118786722421646,0.13201984763145447,0.13764038681983948,0.15867651998996735,0.20504571497440338,0.1547388881444931
test,289_v5_78_content_CalebABG_PyLSecureP2P_p2putils.py_cleaned.png,5,2,0.15074405074119568,0.15745188295841217,0.205961674451828,0.16894538700580597,0.14711040258407593,0.16978661715984344
test,289_v5_81_content_kiranathealea_regressionMachineLearning_Models.py_cleaned.png,5,5,0.12022499740123749,0.13120383024215698,0.1612514704465866,0.09215010702610016,0.18929176032543182,0.3058777451515198
test,289_v5_9_content_muchlisinadi_ALPR-Indonesia_GenData.py_cleaned.png,5,2,0.13148027658462524,0.1727982759475708,0.23351658880710602,0.18600204586982727,0.11568017303943634,0.16052259504795074
test,290_v5_25_content_OlaRonning_ah16_corenlp_gen_dep_lemma.py_cleaned.png,5,2,0.1501222848892212,0.1715059131383896,0.2467566281557083,0.13168202340602875,0.1299564689397812,0.169976606965065
test,290_v5_7_content_Aly-Tomato_Prims-and-Kruskals_main.py_cleaned.png,5,5,0.13808505237102509,0.17695455253124237,0.1800658255815506,0.1651582419872284,0.14228905737400055,0.19744721055030823
test,290_v5_7_content_TongTongX_HuffmanCompressor_huffman.py_cleaned.png,5,1,0.12349063158035278,0.22821883857250214,0.19869300723075867,0.1823914349079132,0.10057183355093002,0.1666342318058014
test,291_v5_26_content_Nofenigma_lt_lemma_prefixes_check_lt_prefixed_lemmas.py_cleaned.png,5,1,0.09924813359975815,0.23368772864341736,0.20086877048015594,0.18201257288455963,0.12213931232690811,0.1620435267686844
test,291_v5_48_content_harishchellappa_Time-Series-Analysis-Bike-Sharing-Demand-Forecasting_forecasting_2.py_cleaned.png,5,0,0.19521616399288177,0.16326309740543365,0.17636343836784363,0.17200858891010284,0.12969981133937836,0.16344888508319855
test,291_v5_6_content_Utkagr_NLPrel_all_nltk.py_cleaned.png,5,1,0.11562817543745041,0.22621122002601624,0.20754162967205048,0.16793015599250793,0.12576092779636383,0.1569279134273529
test,291_v5_81_content_Saiteja-Reddy_Basic-SFTP_caesar_cipher.py_cleaned.png,5,2,0.14544829726219177,0.1858217567205429,0.20042532682418823,0.17354725301265717,0.13568836450576782,0.1590689718723297
test,292_v5_4_content_AcrobatAHA_Linear-Search-_Linear_search.py_cleaned.png,5,2,0.14982986450195312,0.16352538764476776,0.19467464089393616,0.1660538613796234,0.17618463933467865,0.1497315913438797
test,293_v5_93_content_EricElmoznino_rsa_emd_data_processing.py_cleaned.png,5,2,0.13268829882144928,0.19475574791431427,0.19888435304164886,0.17373166978359222,0.1433611661195755,0.15657873451709747
test,294_v5_76_content_shivgarg_twitter-sentiment_test.py_cleaned.png,5,1,0.17034141719341278,0.17647960782051086,0.1706831008195877,0.13963767886161804,0.17008985579013824,0.17276835441589355
test,294_v5_7_content_Sbrown4321_Assignment_2_Assignment2.py_cleaned.png,5,2,0.14686504006385803,0.17452353239059448,0.2077692300081253,0.1907176673412323,0.1250724494457245,0.15505202114582062
test,295_v5_7_content_wallacelab_paper-maize-rhizosphere-2017_1b_PlotHeritabilities.py_cleaned.png,5,3,0.17878428101539612,0.15428394079208374,0.18755197525024414,0.19851724803447723,0.13463155925273895,0.14623099565505981
test,295_v5_99_content_utkarshpaliwal9_Predicting-apt-Linear-Regression-Degree_model2.py_cleaned.png,5,2,0.12026303261518478,0.17274007201194763,0.19493752717971802,0.16545599699020386,0.17040051519870758,0.17620278894901276
test,295_v5_9_content_ttm62_customized_RAKE_RAKE.py_cleaned.png,5,2,0.12981228530406952,0.16805773973464966,0.24132078886032104,0.1535550355911255,0.1231323853135109,0.18412180244922638
test,298_v5_7_content_bclark2_Unordered-Linear-Search_linearSearch.py_cleaned.png,5,2,0.17055058479309082,0.18179605901241302,0.20576775074005127,0.16030900180339813,0.14844168722629547,0.1331348866224289
test,298_v5_97_content_DanialBeg_RSA-Decryption-CS111_decryption.py_cleaned.png,5,3,0.15997758507728577,0.16881802678108215,0.1830826848745346,0.1858709305524826,0.14827920496463776,0.15397164225578308
test,299_v5_7_content_DMHarish_Linear_search_LinearSearch.py_cleaned.png,5,2,0.165982186794281,0.1291169375181198,0.2255648821592331,0.1330469399690628,0.1849662959575653,0.16132280230522156
test,299_v5_9_content_krj9cr_Hybrid-Prim-Dijkstra-GUI_Node.py_cleaned.png,5,4,0.1929187923669815,0.1449062079191208,0.19197727739810944,0.1115044504404068,0.2012150138616562,0.15747831761837006
test,506_v5_16_content_helloiamivan_crypto-quant_main.py_cleaned.png,5,2,0.12674064934253693,0.1687372326850891,0.2223706692457199,0.1778060495853424,0.15734624862670898,0.1469990611076355
test,545_v5_49_content_S-GH_WebtoonReply_Scraping-and-Sentiment_Analysis_2._Preprocess.py_cleaned.png,5,1,0.12679007649421692,0.22030766308307648,0.19859431684017181,0.15550369024276733,0.15273170173168182,0.14607253670692444
test,56_v5_1_content_vuolleko_pyTSNE_data.py_cleaned.png,5,4,0.17357397079467773,0.1400158405303955,0.15023863315582275,0.11724136024713516,0.21678003668785095,0.2021501213312149
test,57_v5_1_content_vuolleko_pyTSNE_test_tsne_mnist.py_cleaned.png,5,2,0.13035885989665985,0.19019019603729248,0.2084067463874817,0.19001270830631256,0.09604097902774811,0.1849905252456665
test,594_v5_9_content_chaseycodes_StockX-Scraper_3-image_downloader.py_cleaned.png,5,1,0.13788148760795593,0.2006170153617859,0.19886945188045502,0.13406974077224731,0.13333699107170105,0.1952253133058548
test,59_v5_2_content_jdk20_tsne_main.py_cleaned.png,5,3,0.13695932924747467,0.1979943811893463,0.17259514331817627,0.22362597286701202,0.16230911016464233,0.10651605576276779
test,83_v5_11_content_harishchellappa_Time-Series-Analysis-Bike-Sharing-Demand-Forecasting_forecasting_2.py_cleaned.png,5,2,0.2360217422246933,0.13685157895088196,0.2669699490070343,0.137541726231575,0.07595712691545486,0.14665792882442474
test,85_v5_1_content_amazingspain_ExponentialSmoothing_finalWorldQuant.py_cleaned.png,5,3,0.08063207566738129,0.19928081333637238,0.21636223793029785,0.23681291937828064,0.15068913996219635,0.1162228211760521
test,90_v5_3_content_cdr6934_eSMA_ExpSMA.py_cleaned.png,5,2,0.13614924252033234,0.16467367112636566,0.18477265536785126,0.16718316078186035,0.16711808741092682,0.18010319769382477
test,92_v5_6_content_hungph-dev-ict_simple-exponential-smoothing_main.py_cleaned.png,5,2,0.15376608073711395,0.17749764025211334,0.17761583626270294,0.159526064991951,0.17072077095508575,0.1608736664056778
test,95_v5_2_content_Liu-WeiYi_Private_Preserving_Outlier_Behavior_Detection_Abnormal_Scenario_Generation.py_cleaned.png,5,1,0.1729118973016739,0.24455176293849945,0.2119925618171692,0.11264999955892563,0.12283582240343094,0.13505800068378448
validation,10_2_content_moluronghuakai_outlier-analysis_feature.py_cleaned.png,0,1,0.15982931852340698,0.19454430043697357,0.16661514341831207,0.16017240285873413,0.1459454894065857,0.17289339005947113
validation,11_14_content_prachij94_Category-altname-analysis-without-stopwords_altnameStopwords.py_cleaned.png,0,0,0.23957978188991547,0.22557580471038818,0.1533546894788742,0.10776514559984207,0.16676628589630127,0.1069582849740982
validation,11_14_content_user0198_aes-256-CBC_aes256.py_cleaned.png,0,3,0.1558973491191864,0.1663345843553543,0.16837771236896515,0.19511686265468597,0.17049238085746765,0.14378099143505096
validation,11_15_content_Nabeel-Asghar_List-Divsion_List-Division.py_cleaned.png,0,5,0.1302635818719864,0.1798083484172821,0.18257300555706024,0.16071869432926178,0.15920883417129517,0.18742753565311432
validation,11_1_content_abdullahwaqar_docsearx_pdf_reader.py_cleaned.png,0,0,0.27922025322914124,0.14674726128578186,0.16548974812030792,0.08770456165075302,0.1787053495645523,0.14213283360004425
validation,11_23_content_AndreasChatz_factorial_constants.py_cleaned.png,0,0,0.5312830805778503,0.1348627656698227,0.10809074342250824,0.005757361650466919,0.015361694619059563,0.2046443372964859
validation,11_25_content_83Shashi_Hierarchical-Clustering_hierarchicalclustering.py_cleaned.png,0,5,0.13528747856616974,0.17301306128501892,0.17090988159179688,0.15596453845500946,0.17063193023204803,0.19419313967227936
validation,12_15_content_VakinduPhilliam_Pattern_Matching_Python_Difflib_Pattern_Matching_SequenceMatcher.py_cleaned.png,0,4,0.17751789093017578,0.1614198088645935,0.17951557040214539,0.13923397660255432,0.20255163311958313,0.13976112008094788
validation,12_19_content_frankiekienlam_Fibonacci_Pyramids_pyramid.py_cleaned.png,0,5,0.15180695056915283,0.12106870859861374,0.1786174178123474,0.16225236654281616,0.18295156955718994,0.20330306887626648
validation,12_1_content_abhilampard_Simple-Plagiarism-Checker_plag.py_cleaned.png,0,2,0.1444426029920578,0.19050374627113342,0.20342911779880524,0.1856890767812729,0.1567210555076599,0.11921437829732895
validation,12_1_content_jwan659_forex-arbitrage_BellmanFord.py_cleaned.png,0,5,0.13922840356826782,0.16383379697799683,0.16142183542251587,0.13558046519756317,0.18224357068538666,0.21769195795059204
validation,12_1_content_nageshsinghc4_stock-market-forecasting_ZBH_stock.py_cleaned.png,0,5,0.13381044566631317,0.18491844832897186,0.143980011343956,0.14732696115970612,0.18464690446853638,0.20531724393367767
validation,12_1_content_shivam1196_LRU-Caching_Caching.py_cleaned.png,0,2,0.1509614884853363,0.15909895300865173,0.18879422545433044,0.1595439910888672,0.1631481647491455,0.17845319211483002
validation,12_20_content_shamo0_Binary_Search_Tree_treap.py_cleaned.png,0,5,0.12999308109283447,0.15896141529083252,0.15610964596271515,0.13837221264839172,0.17929399013519287,0.23726971447467804
validation,12_22_content_sagarwani_Breaking-Diffie-Hellman_dl-brute.py_cleaned.png,0,1,0.16796241700649261,0.19576102495193481,0.17013923823833466,0.15177743136882782,0.1260300725698471,0.18832987546920776
validation,12_25_content_HunterXuan_QAMatch_search.py_cleaned.png,0,3,0.1651502251625061,0.16563764214515686,0.17694970965385437,0.2093045860528946,0.14349563419818878,0.1394621580839157
validation,13_1_content_pranav-dahiya_NaiveBayes_spam_filter.py_cleaned.png,0,1,0.1372004747390747,0.4006360173225403,0.18650595843791962,0.07790548354387283,0.11786303669214249,0.07988902926445007
validation,13_42_content_KimCant2019_rsa_crypto_rsa-decrypter.py_cleaned.png,0,2,0.14465531706809998,0.1636168360710144,0.20472607016563416,0.20439982414245605,0.17139865458011627,0.11120337247848511
validation,14_12_content_ianscottknight_Predicting-Myers-Briggs-Type-Indicator-with-Recurrent-Neural-Networks_rnn.py_cleaned.png,0,0,0.26710274815559387,0.23326431214809418,0.14435437321662903,0.07424771040678024,0.17125079035758972,0.10978014022111893
validation,14_17_content_krshubham_ecc-elgamal_elgamal.py_cleaned.png,0,0,0.2115529626607895,0.1202462837100029,0.14361074566841125,0.15988826751708984,0.1654566526412964,0.1992451697587967
validation,14_23_content_tomasmcoronado_prob-alpha_PhyloTree.py_cleaned.png,0,5,0.16654205322265625,0.09203343093395233,0.18166789412498474,0.11391644924879074,0.2114223837852478,0.23441779613494873
validation,14_24_content_Brew8it_Python_DHAES_AES.py_cleaned.png,0,2,0.14812932908535004,0.1304188370704651,0.21017885208129883,0.13318584859371185,0.18198788166046143,0.1960991472005844
validation,15_12_content_ianscottknight_Predicting-Myers-Briggs-Type-Indicator-with-Recurrent-Neural-Networks_separate_clean_and_unclean.py_cleaned.png,0,3,0.16888755559921265,0.18155789375305176,0.1636597216129303,0.2136324942111969,0.1416638046503067,0.1305985301733017
validation,15_1_content_nilsonneto_floydWarshall_main.py_cleaned.png,0,1,0.16054002940654755,0.2544747292995453,0.17178602516651154,0.1243320107460022,0.14445407688617706,0.14441312849521637
validation,15_9_content_Soumyabrata_predicting-pwv_grid_search.py_cleaned.png,0,5,0.16416093707084656,0.17132875323295593,0.15278519690036774,0.13726940751075745,0.15724216401576996,0.21721352636814117
validation,16_18_content_jzpero_enigma_main.py_cleaned.png,0,2,0.1647198498249054,0.1488923728466034,0.1931200474500656,0.18011723458766937,0.15962210297584534,0.1535283923149109
validation,16_20_content_IbrahimAyed_Multifractal-analysis-of-natural-images_zoom.py_cleaned.png,0,2,0.1766127198934555,0.1852921098470688,0.25562238693237305,0.09114760905504227,0.14770442247390747,0.14362075924873352
validation,16_31_content_NagarajSMurthy_Data-Structures_LinkedList.py_cleaned.png,0,2,0.1298944652080536,0.16287897527217865,0.21031619608402252,0.2025630921125412,0.1383008509874344,0.15604637563228607
validation,16_31_content_atorulia_Some-kind-of-sort-algorithm_InsertionSort.py_cleaned.png,0,1,0.14850133657455444,0.18447688221931458,0.18227048218250275,0.1591603308916092,0.15990939736366272,0.16568151116371155
validation,16_38_content_AnkitChouhanDws_Polynomial-Regression_polynomial_regression.py_cleaned.png,0,2,0.12538397312164307,0.1755266934633255,0.19713643193244934,0.18454355001449585,0.14122627675533295,0.17618310451507568
validation,17_16_content_NB-prog_INTERN-2019_config.py_cleaned.png,0,5,0.2218106985092163,0.12039659172296524,0.12064624577760696,0.13223928213119507,0.13317309319972992,0.2717340886592865
validation,17_22_content_mikaelharseno_DurianBot_allnodesolver.py_cleaned.png,0,2,0.17285364866256714,0.15473449230194092,0.20173011720180511,0.13888657093048096,0.1628691554069519,0.16892604529857635
validation,17_2_content_facebookresearch_reward-estimator-corl_configurations_continuous_uniform.py_cleaned.png,0,3,0.18154561519622803,0.1287975311279297,0.16775499284267426,0.22283858060836792,0.11781340092420578,0.18124984204769135
validation,17_31_content_Cadellinman_RB-EmailSorter_RedBubbleSorter.py_cleaned.png,0,2,0.16979452967643738,0.17229735851287842,0.2545146942138672,0.137044295668602,0.11807405948638916,0.14827504754066467
validation,18_1_content_ForeverPs_Visualization-of-sort-algorithms_SORT.py_cleaned.png,0,0,0.22150923311710358,0.18769888579845428,0.20166777074337006,0.10743388533592224,0.1520850658416748,0.12960515916347504
validation,18_28_content_tomsiwek_gprMax-Designer_operation.py_cleaned.png,0,5,0.16394059360027313,0.13554012775421143,0.18677480518817902,0.15006864070892334,0.17523252964019775,0.18844322860240936
validation,18_33_content_Ryan-Fortner_bubble_sort_bubble_sort.py_cleaned.png,0,2,0.12342733144760132,0.1708938479423523,0.24498586356639862,0.14460693299770355,0.11955785751342773,0.19652818143367767
validation,18_36_content_OneWinged-Eagle_spotimy_getArtists.py_cleaned.png,0,2,0.170019268989563,0.16274473071098328,0.177921324968338,0.15963877737522125,0.1581539511680603,0.17152191698551178
validation,18_36_content_aholyoke_bfs_vs_dfs_bfs.py_cleaned.png,0,1,0.15713313221931458,0.18697325885295868,0.18276987969875336,0.13679200410842896,0.15547655522823334,0.1808551847934723
validation,18_5_content_harshdarji22_crypto_outlier.py_cleaned.png,0,3,0.1765987128019333,0.17050503194332123,0.15033040940761566,0.21030601859092712,0.14173060655593872,0.15052928030490875
validation,19_16_content_NB-prog_INTERN-2019_plot.py_cleaned.png,0,2,0.14506451785564423,0.1940387487411499,0.21538867056369781,0.137705996632576,0.13783743977546692,0.16996465623378754
validation,19_21_content_hagyu-aya_prime-number-bot_index.py_cleaned.png,0,5,0.16270029544830322,0.16888301074504852,0.13628891110420227,0.10739509761333466,0.21031849086284637,0.21441417932510376
validation,19_22_content_mikaelharseno_DurianBot_solver.py_cleaned.png,0,4,0.16362431645393372,0.18740439414978027,0.17156055569648743,0.11339698731899261,0.19092407822608948,0.1730896681547165
validation,19_2_content_Aluriak_kruskal-clustering_kruskal_viz.py_cleaned.png,0,1,0.15732011198997498,0.18052777647972107,0.16479796171188354,0.1777721643447876,0.16131621599197388,0.15826579928398132
validation,19_32_content_clee1994_MasterThesis_table_helper.py_cleaned.png,0,2,0.14737971127033234,0.19549663364887238,0.21114575862884521,0.19036634266376495,0.13121378421783447,0.12439776211977005
validation,19_4_content_mahimanzum_PCA-and-GMM-from-scratch-_PCA_With_GMM.py_cleaned.png,0,1,0.22504922747612,0.31181883811950684,0.1537305861711502,0.08220048248767853,0.11645286530256271,0.11074803024530411
validation,19_52_content_CorrineTan_Digital-Signature-Schemes-Evaluation_eddsa_25519.py_cleaned.png,0,1,0.16843704879283905,0.17774558067321777,0.1720523238182068,0.15789641439914703,0.17130093276500702,0.15256766974925995
validation,1_10_content_Chinmay-395_AES-algorithm-using-GUI_CNSmini1.py_cleaned.png,0,3,0.1390814334154129,0.17922985553741455,0.18731965124607086,0.18806371092796326,0.14181071519851685,0.16449466347694397
validation,1_10_content_stensonowen_factorial_bot_atoi.py_cleaned.png,0,2,0.16942138969898224,0.18354883790016174,0.21121469140052795,0.12921035289764404,0.15942461788654327,0.14718003571033478
validation,1_15_content_agarwalr98_PrincipalComponentAnalysis_PCAReconstruct_with_NoisyImages.py_cleaned.png,0,1,0.1550440639257431,0.3260722756385803,0.14809392392635345,0.06880568712949753,0.08708512037992477,0.21489891409873962
validation,1_1_content_danrludwig_perfect_number_perfect_number_code.py_cleaned.png,0,5,0.15341000258922577,0.175035297870636,0.16597703099250793,0.12868812680244446,0.18552535772323608,0.19136425852775574
validation,20_1_content_sadnessFree_arima-lstm_lstm.py_cleaned.png,0,1,0.12881816923618317,0.22528167068958282,0.18087567389011383,0.165598064661026,0.15831159055233002,0.1411149501800537
validation,20_30_content_sina-ehsani_NaiveBayes_SNLI_prepro.py_cleaned.png,0,2,0.13058722019195557,0.16525022685527802,0.24779567122459412,0.17045670747756958,0.11904531717300415,0.166864812374115
validation,20_40_content_cofinley_sudoku_cell.py_cleaned.png,0,0,0.21988709270954132,0.15965867042541504,0.14488013088703156,0.1127253845334053,0.1989995539188385,0.16384917497634888
validation,21_15_content_jknight1725_linear_search_vs_random_search_myFunctions.py_cleaned.png,0,1,0.14377126097679138,0.20188112556934357,0.17010773718357086,0.16716711223125458,0.14914114773273468,0.16793155670166016
validation,21_23_content_cjonsmith_prime_calc_prime_days.py_cleaned.png,0,1,0.11520916223526001,0.21873286366462708,0.20617596805095673,0.1840089112520218,0.14027132093906403,0.13560187816619873
validation,21_31_content_dariswan_AudioRetrieval-Classification_ekstraksi.py_cleaned.png,0,2,0.1347304731607437,0.1955718994140625,0.1960008293390274,0.17432303726673126,0.13835376501083374,0.16102001070976257
validation,21_33_content_apoorvpatne10_Hierarchical-clustering_hc.py_cleaned.png,0,3,0.11742682754993439,0.171892911195755,0.18741920590400696,0.2077971249818802,0.1514294296503067,0.16403450071811676
validation,21_37_content_TolgaGolet_CPU-Scheduling-Algorithms-Simulation_OperatingSystems_CPUSchedulingReverse.py_cleaned.png,0,3,0.16950175166130066,0.17045606672763824,0.14933468401432037,0.19127662479877472,0.15291957557201385,0.1665113866329193
validation,21_58_content_Schuck9_PCA_PCA.py_cleaned.png,0,0,0.28263187408447266,0.27018335461616516,0.18522103130817413,0.0771784633398056,0.08280808478593826,0.1019771620631218
validation,22_14_content_Qutuf_Qutuf_manage.py_cleaned.png,0,0,0.26021555066108704,0.1014513298869133,0.15850810706615448,0.09804079681634903,0.1989351361989975,0.18284913897514343
validation,22_15_content_jknight1725_linear_search_vs_random_search_random_case.py_cleaned.png,0,2,0.17754250764846802,0.1414133757352829,0.1941615790128708,0.14146363735198975,0.1756557822227478,0.16976317763328552
validation,22_1_content_jim-spyropoulos_Trajectory-Analysis-and-Classification-in-Python-Pandas-and-Scikit-Learn_classifytraj.py_cleaned.png,0,1,0.13838952779769897,0.2932261526584625,0.17757797241210938,0.10247953981161118,0.14649003744125366,0.14183679223060608
validation,22_1_content_sadnessFree_arima-lstm_muilt_lstm.py_cleaned.png,0,1,0.13812901079654694,0.19095584750175476,0.16911306977272034,0.16186852753162384,0.15742556750774384,0.18250803649425507
validation,22_37_content_saurabhzingade_Naive-Bayes-Basic_naive.py_cleaned.png,0,2,0.1916068196296692,0.1728406548500061,0.27533218264579773,0.11311327666044235,0.10644637048244476,0.14066070318222046
validation,22_38_content_dareofmeashwani_Pre-Processing-Queue-For-Deep-Learning-Model_DataQueue.py_cleaned.png,0,1,0.10943281650543213,0.30068108439445496,0.19495029747486115,0.1723528504371643,0.11352025717496872,0.10906276851892471
validation,22_43_content_aabs_edx-ai-week11-project_Tests.py_cleaned.png,0,5,0.16934534907341003,0.14146937429904938,0.16052158176898956,0.12442329525947571,0.20085574686527252,0.20338469743728638
validation,22_4_content_hyper750_factorialhr_constants.py_cleaned.png,0,2,0.12307652086019516,0.14679065346717834,0.2229933887720108,0.20473061501979828,0.13686969876289368,0.1655392050743103
validation,23_21_content_KingYapster_ECC-Elliptic-Curve-Cryptography-in-Python_ECC.py_cleaned.png,0,2,0.16920365393161774,0.20351283252239227,0.23454749584197998,0.13310910761356354,0.143008291721344,0.1166185811161995
validation,23_23_content_wliabc_Prime-numbers_prime.py_cleaned.png,0,1,0.17026256024837494,0.1964368224143982,0.17547869682312012,0.12438400834798813,0.1868716925382614,0.1465662121772766
validation,23_35_content_riccardobisori_Binary-Trees_ResultsInsert.py_cleaned.png,0,2,0.15260621905326843,0.19868752360343933,0.1999208778142929,0.14581160247325897,0.1458541601896286,0.15711955726146698
validation,24_24_content_jakubfolta_PrimeNumber_Prime.py_cleaned.png,0,2,0.14371849596500397,0.16751587390899658,0.19245605170726776,0.18330809473991394,0.15536761283874512,0.15763390064239502
validation,24_32_content_Spanfile_Dijkstra_test.py_cleaned.png,0,1,0.16279886662960052,0.19177070260047913,0.16498659551143646,0.16159091889858246,0.16695818305015564,0.15189477801322937
validation,24_32_content_arian100y_Travelling-Salesman-Problem_createCaminos.py_cleaned.png,0,5,0.15157531201839447,0.17305441200733185,0.20022663474082947,0.1063171923160553,0.16010624170303345,0.20872023701667786
validation,24_39_content_guneskaan_queueBot_queue_bot.py_cleaned.png,0,2,0.15569747984409332,0.17393003404140472,0.18188488483428955,0.1772141307592392,0.1436251550912857,0.1676482856273651
validation,24_3_content_ml-for-nlp_authorship-attribution_attribution.py_cleaned.png,0,1,0.14330224692821503,0.183616504073143,0.16409975290298462,0.16934475302696228,0.16023243963718414,0.1794043630361557
validation,24_62_content_taabishm2_Proactive-FDH-RSA-Signature_fileOp.py_cleaned.png,0,1,0.15163952112197876,0.17605680227279663,0.17308133840560913,0.1685725450515747,0.16628104448318481,0.16436876356601715
validation,25_16_content_davda54_pytorch-transformer-lemmatization_lr_decay.py_cleaned.png,0,2,0.17991095781326294,0.19111348688602448,0.19135230779647827,0.15446558594703674,0.13690462708473206,0.14625301957130432
validation,25_19_content_Vijendra2410_Sentiment-Analysis_RestaurantReview.py_cleaned.png,0,1,0.12850412726402283,0.22659966349601746,0.22148746252059937,0.11816317588090897,0.13807104527950287,0.16717451810836792
validation,25_25_content_ryansmick_SortedOrderedDict_PersistentDict.py_cleaned.png,0,0,0.18330684304237366,0.1672745943069458,0.1751452535390854,0.14386382699012756,0.1742164045572281,0.1561930924654007
validation,25_2_content_neonb88_knn_knn_machine_learning_hw1.py_cleaned.png,0,2,0.14958569407463074,0.19597159326076508,0.20086787641048431,0.13395093381404877,0.14296124875545502,0.17666266858577728
validation,25_2_content_vineetkia_Fundamentals-Of-Cryptography__6_-Columnar_Transposition.py_cleaned.png,0,1,0.15482573211193085,0.21286511421203613,0.18486182391643524,0.1190328374505043,0.16379517316818237,0.1646193116903305
validation,25_4_content_JosephFWright_Prims_Algorithm_Prims.py_cleaned.png,0,4,0.18281199038028717,0.13372573256492615,0.15559859573841095,0.131924569606781,0.22477781772613525,0.17116138339042664
validation,26_31_content_nazmeenkhan_Diffie-Hellman_UserB.py_cleaned.png,0,4,0.18125079572200775,0.15305988490581512,0.1846407800912857,0.12592115998268127,0.19759772717952728,0.15752959251403809
validation,26_3_content_facebookresearch_deep-variance-reduction_cifar_wrapper.py_cleaned.png,0,5,0.17110300064086914,0.1879774034023285,0.1764037013053894,0.09800514578819275,0.13669994473457336,0.22981077432632446
validation,26_4_content_flaviohenriqu_divisibility_flaskapp.py_cleaned.png,0,5,0.17250153422355652,0.15204577147960663,0.1686987578868866,0.1691860556602478,0.14850060641765594,0.18906717002391815
validation,27_20_content_aditiopangestu_spam_data_converter_lingspam_filter.py_cleaned.png,0,2,0.15443193912506104,0.18464961647987366,0.18713176250457764,0.1666678637266159,0.15063412487506866,0.1564847081899643
validation,27_48_content_andrewdoanutz_NaiveBayesClassifier_NaiveBayesClassifier.py_cleaned.png,0,2,0.15091103315353394,0.176370307803154,0.20824891328811646,0.13140323758125305,0.16537438333034515,0.16769202053546906
validation,27_4_content_kevalmorabia97_Agglomerative-Hierarchical-Clustering-Comparison_HierarchicalAgglomerativeClustering.py_cleaned.png,0,2,0.12486674636602402,0.1451677829027176,0.21323616802692413,0.19991086423397064,0.1463959515094757,0.1704224795103073
validation,28_33_content_prabhatpal77_Complete-core-python-_dictcomp.py_cleaned.png,0,4,0.1595650017261505,0.18452738225460052,0.15520553290843964,0.15774822235107422,0.1908285915851593,0.15212532877922058
validation,28_44_content_CppbetterC_A-Star_Heap.py_cleaned.png,0,3,0.17498530447483063,0.12585893273353577,0.13658510148525238,0.2178710699081421,0.14546866714954376,0.19923092424869537
validation,28_66_content_MihaiGaidau_RSA_main.py_cleaned.png,0,2,0.1391405314207077,0.18577530980110168,0.18703463673591614,0.1473291516304016,0.16267117857933044,0.17804919183254242
validation,28_68_content_mvivancq_DfsSudokuSolver_bfs.py_cleaned.png,0,3,0.14919413626194,0.15652523934841156,0.193189337849617,0.20122793316841125,0.1488647162914276,0.15099862217903137
validation,29_22_content_mikpim01_Python-NLTK_task_stopword_removal.py_cleaned.png,0,1,0.09979212284088135,0.22653460502624512,0.19877947866916656,0.17171888053417206,0.15493617951869965,0.14823874831199646
validation,29_28_content_gizzidan_basic-python-practice_primes.py_cleaned.png,0,2,0.15701079368591309,0.18149040639400482,0.18315289914608002,0.15391480922698975,0.16199682652950287,0.16243430972099304
validation,29_2_content_ForeverPs_Visualization-of-sort-algorithms_SORT.py_cleaned.png,0,1,0.16401101648807526,0.27991169691085815,0.15894335508346558,0.13690245151519775,0.1501588672399521,0.11007262766361237
validation,29_2_content_cardwizard_EllipticCurves_ec_dhe.py_cleaned.png,0,0,0.2117384970188141,0.15787048637866974,0.15215982496738434,0.15074695646762848,0.186199352145195,0.14128485321998596
validation,29_46_content_vaish06_EurailShortestPath_brainstorm.py_cleaned.png,0,2,0.12335747480392456,0.1552099585533142,0.2404765784740448,0.19623176753520966,0.0910813957452774,0.19364283978939056
validation,29_5_content_AdamJacoby_Hopf_ExampleGroup_Functions.py_cleaned.png,0,1,0.13956864178180695,0.18925848603248596,0.16995461285114288,0.17165544629096985,0.16653701663017273,0.1630258560180664
validation,29_67_content_peterjhyoon_rsa-math_math_functions.py_cleaned.png,0,3,0.1414635181427002,0.15738531947135925,0.18082280457019806,0.18666836619377136,0.15943697094917297,0.17422303557395935
validation,29_68_content_mvivancq_DfsSudokuSolver_dfs.py_cleaned.png,0,2,0.1596556156873703,0.16548927128314972,0.20913372933864594,0.16286540031433105,0.13038590550422668,0.1724701076745987
validation,29_6_content_chawl002_PythonProject141_2_assignment2.py_cleaned.png,0,1,0.1789560317993164,0.19411177933216095,0.1814899444580078,0.1609668731689453,0.17329788208007812,0.111177459359169
validation,2_10_content_Suji04_ML-Clustering_hccluster.py_cleaned.png,0,3,0.13406628370285034,0.15585501492023468,0.2091209590435028,0.21898318827152252,0.13708727061748505,0.1448872685432434
validation,2_11_content_DaiDongyang_knn_experiments.py_cleaned.png,0,1,0.13347554206848145,0.21458843350410461,0.1761453002691269,0.17360466718673706,0.1559576541185379,0.14622832834720612
validation,2_11_content_langokalla_A-star-Pathfinder_map.py_cleaned.png,0,0,0.2466251105070114,0.14528055489063263,0.14747503399848938,0.15093383193016052,0.1601800173521042,0.14950549602508545
validation,2_11_content_liam-han_all-pairs-shortest-path_py.py_cleaned.png,0,0,0.24943111836910248,0.19262787699699402,0.14228428900241852,0.12049157172441483,0.17685829102993011,0.11830684542655945
validation,2_1_content_Pranshu258_Crowd_Behavior_Analysis_outlierDetector.py_cleaned.png,0,0,0.39870887994766235,0.1977434754371643,0.054092954844236374,0.050931427627801895,0.18203669786453247,0.11648666858673096
validation,30_29_content_cmccoypdx_PythonSortCompare_Generator.py_cleaned.png,0,2,0.1956249624490738,0.11947604268789291,0.2001274973154068,0.12128716707229614,0.1738814115524292,0.18960288166999817
validation,30_2_content_laendle1999_NasceUmAEstrela_reberto.py_cleaned.png,0,3,0.1432424932718277,0.16383889317512512,0.18041285872459412,0.20941480994224548,0.14440768957138062,0.15868328511714935
validation,30_2_content_riki95_Many-Time-Pad-Cracker_cracker.py_cleaned.png,0,5,0.1564733386039734,0.1808975785970688,0.12011703103780746,0.15672658383846283,0.13727711141109467,0.24850840866565704
validation,30_35_content_DiarmuidKelly_Key_Exchange_diffie_hellman.py_cleaned.png,0,2,0.16350872814655304,0.16297154128551483,0.19947145879268646,0.1588726043701172,0.16628478467464447,0.14889094233512878
validation,30_52_content_PhaniBalagam27_Big-data-Analytics-on-dallas-police-incidents-dataset_Q5_code.py_cleaned.png,0,1,0.12886756658554077,0.22080719470977783,0.18682466447353363,0.14153283834457397,0.14623087644577026,0.17573679983615875
validation,30_5_content_Fmccline_Prims-Algorithm_graph_builder.py_cleaned.png,0,0,0.23521211743354797,0.12222789973020554,0.14498941600322723,0.09974020719528198,0.20782291889190674,0.19000737369060516
validation,30_7_content_ghifarozarrr_floyd-warshall-algorithm_floyd.py_cleaned.png,0,2,0.13906309008598328,0.17164045572280884,0.1828269213438034,0.16945090889930725,0.16341637074947357,0.17360228300094604
validation,31_2_content_mhiratsuka_selectionSortPython_selectionSort.py_cleaned.png,0,2,0.1683948040008545,0.1574012041091919,0.19173182547092438,0.15495003759860992,0.17951928079128265,0.1480027735233307
validation,31_30_content_choogeboom_photo-sorter_photo_sorter.py_cleaned.png,0,1,0.15543626248836517,0.21513749659061432,0.1665007323026657,0.14843666553497314,0.15502698719501495,0.15946173667907715
validation,31_51_content_adityapatelgithub_Expressions-and-Functions_peekable.py_cleaned.png,0,5,0.1600022166967392,0.12808801233768463,0.17859043180942535,0.1550617665052414,0.16041207313537598,0.21784551441669464
validation,31_54_content_wilrnh_oneoffs_file2mail.py_cleaned.png,0,2,0.11400937288999557,0.17258694767951965,0.24116499722003937,0.17699213325977325,0.12407907843589783,0.17116756737232208
validation,31_61_content_piyush-taneja_Salary-Predictor_Random_Forest_Regression.py_cleaned.png,0,2,0.1361667364835739,0.17439506947994232,0.24003849923610687,0.17012354731559753,0.12548942863941193,0.15378671884536743
validation,32_31_content_alonek1_huffman_compression_algorithm_haffmen.py_cleaned.png,0,0,0.21944990754127502,0.15454575419425964,0.19433405995368958,0.13978908956050873,0.1306845098733902,0.16119660437107086
validation,32_6_content_zhenv5_breaking_cycles_in_noisy_hierarchies_true_skill.py_cleaned.png,0,3,0.1432344913482666,0.1644664704799652,0.1883103847503662,0.1950322389602661,0.14224182069301605,0.1667145937681198
validation,33_32_content_AAMergulhao_Sort_Algorithms_algorithms.py_cleaned.png,0,4,0.20367667078971863,0.1824190318584442,0.16179338097572327,0.10997044295072556,0.21295695006847382,0.12918342649936676
validation,33_4_content_Khante_Distance-Vector-Algorithm_simulation_2.py_cleaned.png,0,3,0.14720602333545685,0.16380645334720612,0.16025744378566742,0.20532920956611633,0.17570610344409943,0.14769481122493744
validation,33_58_content_zhaoyichanghong_machine_learing_algo_python_knn.py_cleaned.png,0,5,0.18561311066150665,0.0891759842634201,0.147312194108963,0.15003465116024017,0.17991693317890167,0.24794723093509674
validation,34_52_content_jamesbutler01_Normalise-Luminance-Across-Images_main.py_cleaned.png,0,2,0.15883319079875946,0.16012737154960632,0.19075879454612732,0.1623140573501587,0.14708000421524048,0.18088661134243011
validation,34_52_content_kantonist_printBST_printBST.py_cleaned.png,0,2,0.1696109026670456,0.1607661247253418,0.1822020560503006,0.15059445798397064,0.16648411750793457,0.1703423410654068
validation,34_5_content_AdamJacoby_Hopf_Example_Matrix_Algebra.py_cleaned.png,0,4,0.16674737632274628,0.15899211168289185,0.1387527734041214,0.16518841683864594,0.20696525275707245,0.16335397958755493
validation,34_84_content_LatrecheYasser_Secure-Python-Chat_RC4.py_cleaned.png,0,5,0.13600806891918182,0.23031574487686157,0.17276263236999512,0.11325235664844513,0.11180342733860016,0.2358577400445938
validation,35_42_content_matbot_Py_merge_vs_insert_sorts_insertionsort.py_cleaned.png,0,2,0.13065239787101746,0.1642659604549408,0.20857492089271545,0.18372738361358643,0.15135392546653748,0.16142538189888
validation,35_6_content_chiragragarwal_Graphs_And_Networks___init__.py_cleaned.png,0,0,0.24538004398345947,0.12400165945291519,0.13293282687664032,0.10740534216165543,0.19734449684619904,0.19293567538261414
validation,35_6_content_steviedale_random_maze_generator_main.py_cleaned.png,0,0,0.2797946035861969,0.11240390688180923,0.11633473634719849,0.11091634631156921,0.2009771168231964,0.17957335710525513
validation,36_3_content_iykadev_pyalgo_lagged_fibonacci_gen.py_cleaned.png,0,1,0.15079249441623688,0.18174418807029724,0.18172432482242584,0.1664242446422577,0.16104987263679504,0.1582648754119873
validation,36_55_content_taksug229_Python-hierarchical-clustering_Working_Data_Hierarchical_Clustering.py_cleaned.png,0,3,0.12908048927783966,0.163299098610878,0.20046217739582062,0.23872420191764832,0.11691220849752426,0.15152178704738617
validation,36_5_content_LuttaKing_AES-style-Encryptor-Decryptor_encryptorGUI.py_cleaned.png,0,3,0.15253134071826935,0.16909262537956238,0.18096625804901123,0.18597708642482758,0.1438596397638321,0.16757303476333618
validation,36_63_content_avitabayan_Machine-learning_svr.py_cleaned.png,0,2,0.11232472956180573,0.1441633552312851,0.230995774269104,0.1762830913066864,0.14978618919849396,0.18644675612449646
validation,37_42_content_aira26_HomeWork3_quicksortclass.py_cleaned.png,0,2,0.13109572231769562,0.16097405552864075,0.22852157056331635,0.16865405440330505,0.11815883964300156,0.1925956904888153
validation,37_5_content_amirheidarikhoram_longest-common-subsequence_lcs.py_cleaned.png,0,0,0.19062377512454987,0.17207345366477966,0.1325305551290512,0.18554675579071045,0.16606201231479645,0.15316346287727356
validation,37_77_content_elisawarner_Fun_determinant.py_cleaned.png,0,2,0.16688162088394165,0.19460880756378174,0.20069745182991028,0.17096269130706787,0.1411515325307846,0.12569794058799744
validation,37_87_content_SinaBahrami89_RSA-cryptosystem-with-different-prime-generators_RSA_Keys.py_cleaned.png,0,1,0.13834263384342194,0.1958169788122177,0.1885366290807724,0.1577199250459671,0.13966897130012512,0.17991487681865692
validation,38_5_content_domodomodomo_binary_search_tree_test.py_cleaned.png,0,2,0.143213152885437,0.15156099200248718,0.20827989280223846,0.13398365676403046,0.19672243297100067,0.1662398874759674
validation,38_5_content_ongyongzheng_cass_main_unet.py_cleaned.png,0,1,0.2126167267560959,0.22047893702983856,0.13388551771640778,0.09672313183546066,0.16921120882034302,0.1670844703912735
validation,38_62_content_arenart90_fsm-python_fsm.py_cleaned.png,0,5,0.14809463918209076,0.1349891722202301,0.1957041472196579,0.12724363803863525,0.15082183480262756,0.24314652383327484
validation,38_62_content_wang2226_Clustering_k-means_plot.py_cleaned.png,0,3,0.1647355556488037,0.1814209371805191,0.15141770243644714,0.19902020692825317,0.1535937339067459,0.14981184899806976
validation,38_78_content_uptodiff_kdd-cup-99-Analysis-machine-learning-python_kdd_binary_classification_ANN.py_cleaned.png,0,0,0.2287493497133255,0.1617213636636734,0.14264924824237823,0.1536356657743454,0.1612710952758789,0.15197324752807617
validation,38_84_content_rayjc_ml-pca-foreground-removal_miscHelper.py_cleaned.png,0,1,0.19846807420253754,0.20297232270240784,0.1967526078224182,0.14442096650600433,0.12848563492298126,0.1289004385471344
validation,39_33_content_chafiknaceri_Credit-Card-Debt_LinearPayement.py_cleaned.png,0,1,0.19540968537330627,0.19566276669502258,0.12914466857910156,0.12084465473890305,0.1658763587474823,0.19306187331676483
validation,39_42_content_TechnoMonoCo_Python-Doubly-Linked-List_LL.py_cleaned.png,0,5,0.15436917543411255,0.1586247682571411,0.19448690116405487,0.15382589399814606,0.1414979249238968,0.19719530642032623
validation,39_66_content_ChavezE_Parallel_PFVA_image_tester.py_cleaned.png,0,2,0.14729592204093933,0.18264979124069214,0.1844554990530014,0.17282535135746002,0.14172247052192688,0.17105096578598022
validation,39_6_content_singh-sidharth_Longest-Common-Subsequence_LCS.py_cleaned.png,0,5,0.15788407623767853,0.16444644331932068,0.17201261222362518,0.17756544053554535,0.14722226560115814,0.18086911737918854
validation,39_7_content_Aly-Tomato_Prims-and-Kruskals_glb.py_cleaned.png,0,1,0.14338840544223785,0.2108764350414276,0.18300506472587585,0.1267806887626648,0.13753920793533325,0.19841022789478302
validation,39_84_content_rev1z_async_factorial_webapp_logic.py_cleaned.png,0,2,0.14694082736968994,0.18266651034355164,0.18888753652572632,0.13706229627132416,0.16724660992622375,0.17719623446464539
validation,3_11_content_Masao-Taketani_text_classification_with_alexa_webapi.py_cleaned.png,0,1,0.14681683480739594,0.2237502932548523,0.19184234738349915,0.0922810360789299,0.1367724984884262,0.20853689312934875
validation,3_11_content_pprzygodzk_binary_search-prime_numbers_primes_p1.py_cleaned.png,0,1,0.16339658200740814,0.2178160399198532,0.1749258190393448,0.17359694838523865,0.1582275629043579,0.11203696578741074
validation,3_12_content_dxania_Fizzbuzz_fizzbuzz_tests.py_cleaned.png,0,2,0.10247606784105301,0.2145095318555832,0.2281934916973114,0.20340578258037567,0.10501167923212051,0.14640353620052338
validation,3_13_content_theSnehaThing_HierarchicalClustering_Hierchial_Classification.py_cleaned.png,0,2,0.11820194870233536,0.16733145713806152,0.2475505918264389,0.20959216356277466,0.11757630854845047,0.13974760472774506
validation,3_13_content_tiendung1510_LearningPython_ucs.py_cleaned.png,0,2,0.15151333808898926,0.1675979048013687,0.18365594744682312,0.15425845980644226,0.1609375923871994,0.18203678727149963
validation,40_41_content_sarahandert_python-practice--sorting_sample5.py_cleaned.png,0,2,0.14607712626457214,0.18437515199184418,0.18923823535442352,0.18730074167251587,0.1444603055715561,0.1485484093427658
validation,40_46_content_arun-p12_sort-algorithms_quick_sort.py_cleaned.png,0,0,0.20284520089626312,0.12761007249355316,0.16766636073589325,0.10969474911689758,0.19001519680023193,0.20216841995716095
validation,40_5_content_chriskbwong_quickSort_quickSort.py_cleaned.png,0,5,0.17431698739528656,0.18029305338859558,0.14294405281543732,0.14748252928256989,0.16313576698303223,0.19182759523391724
validation,40_78_content_FernandoDurier_apa-dijkstra___main__.py_cleaned.png,0,1,0.15122254192829132,0.2495395988225937,0.20298251509666443,0.1288500875234604,0.12397078424692154,0.14343447983264923
validation,40_7_content_erfan-ghadery_Unsupervised-Aspect-Category-Detection_PreProcessing.py_cleaned.png,0,2,0.11325573921203613,0.12994782626628876,0.22167520225048065,0.19330660998821259,0.17802904546260834,0.1637856513261795
validation,41_23_content_clydedacruz_worddoc-indexer-py_query_index.py_cleaned.png,0,0,0.27604931592941284,0.16114777326583862,0.15797704458236694,0.1372363418340683,0.11329614371061325,0.15429338812828064
validation,41_5_content_fernandolobato_ecc_verifiable_threshold_cryptosystem_key_gen.py_cleaned.png,0,2,0.12623195350170135,0.21481218934059143,0.23138825595378876,0.15256687998771667,0.13389748334884644,0.14110325276851654
validation,41_5_content_llp0702_one-time-pad-implementation-python_main.py_cleaned.png,0,1,0.10680685192346573,0.2184576392173767,0.1995711773633957,0.15187305212020874,0.13010920584201813,0.1931820958852768
validation,41_6_content_austinteshuba_QuickSort_Sort.py_cleaned.png,0,2,0.2022070735692978,0.15156175196170807,0.22394809126853943,0.1377677023410797,0.13081836700439453,0.15369698405265808
validation,41_76_content_cakmakaf_Polynomial_Regression_for_Random_Dataset_Polynomial_Regression.py_cleaned.png,0,2,0.11222434043884277,0.1720924824476242,0.22198615968227386,0.20637847483158112,0.14311765134334564,0.14420092105865479
validation,41_84_content_WizHacks_ChordDFS_topo.py_cleaned.png,0,3,0.12316914647817612,0.202076718211174,0.19206306338310242,0.2025044709444046,0.12827296555042267,0.15191368758678436
validation,42_3_content_iykadev_pyalgo_shunting_yard_algo.py_cleaned.png,0,4,0.14991331100463867,0.1789325624704361,0.1723276674747467,0.12766098976135254,0.1908903867006302,0.1802750676870346
validation,42_70_content_Arcnor_binja_search___init__.py_cleaned.png,0,2,0.11435719579458237,0.20186538994312286,0.22367669641971588,0.18328271806240082,0.12487030774354935,0.15194761753082275
validation,42_71_content_DylanHarrisonGithub_AVLTree_AVLTree.py_cleaned.png,0,0,0.3089682459831238,0.2106250673532486,0.09492529928684235,0.0779571682214737,0.16742150485515594,0.14010275900363922
validation,42_7_content_fepz_AyCC_disjoint_set.py_cleaned.png,0,5,0.1656835675239563,0.13940946757793427,0.1459985077381134,0.12793086469173431,0.1680847853422165,0.2528929114341736
validation,43_5_content_supfisher_PredicrionInQueueNets_regression.py_cleaned.png,0,1,0.17146223783493042,0.28863659501075745,0.15124565362930298,0.12358567863702774,0.10448631644248962,0.16058349609375
validation,43_7_content_MadalinaMircea_GraphAlgorithms_Repository.py_cleaned.png,0,1,0.15603876113891602,0.18863564729690552,0.16236384212970734,0.17093679308891296,0.1521575003862381,0.1698673516511917
validation,43_7_content_denisyarats_pytorch_sac_ae_decoder.py_cleaned.png,0,1,0.1404629796743393,0.22381021082401276,0.19525353610515594,0.14534610509872437,0.12765108048915863,0.16747614741325378
validation,44_4_content_BenCashman_Linear-Search_linear_search.py_cleaned.png,0,2,0.11311618238687515,0.1805296540260315,0.219170480966568,0.20515133440494537,0.1287766396999359,0.15325574576854706
validation,44_7_content_ardyerwanda_SDN-Bellman-Ford-Pyretic_wG_bellfordCost.py_cleaned.png,0,0,0.28312596678733826,0.20400463044643402,0.0797717347741127,0.09234308451414108,0.18953628838062286,0.1512182354927063
validation,44_88_content_andreaestrada_mazecrawler_singlePowerup.py_cleaned.png,0,4,0.16174836456775665,0.1483071744441986,0.17315325140953064,0.1320517361164093,0.19522906839847565,0.18951044976711273
validation,44_93_content_djzgroup_Visual-basedCharacterEmbedding_123.py_cleaned.png,0,4,0.15927301347255707,0.14888374507427216,0.16860349476337433,0.1742781102657318,0.18850912153720856,0.16045252978801727
validation,44_97_content_mjurk456_mini-snakes_fizz_buzz.py_cleaned.png,0,1,0.1512870341539383,0.1985001116991043,0.17602476477622986,0.16710986196994781,0.15566332638263702,0.15141494572162628
validation,45_3_content_iykadev_pyalgo_VertexGraph.py_cleaned.png,0,0,0.19654148817062378,0.19114674627780914,0.14361505210399628,0.1564824879169464,0.1933881789445877,0.11882596462965012
validation,45_5_content_adamweissert_PythonLinearSearch_LinearSearch.py_cleaned.png,0,2,0.15053613483905792,0.17302119731903076,0.20029474794864655,0.17785939574241638,0.1527000069618225,0.14558859169483185
validation,45_7_content_lhuangufl_QuickSort_QuickSort.py_cleaned.png,0,2,0.13705062866210938,0.19808925688266754,0.22610588371753693,0.0999998077750206,0.13360297679901123,0.20515134930610657
validation,45_8_content_fepz_AyCC_disjoint_set.py_cleaned.png,0,5,0.18024460971355438,0.19271688163280487,0.1820559948682785,0.09515830874443054,0.136543408036232,0.2132807970046997
validation,45_90_content_cody-elhard_NaiveBayes_naive-bayes-numerical.py_cleaned.png,0,1,0.18570005893707275,0.19875305891036987,0.14202699065208435,0.16463957726955414,0.1480700522661209,0.16081032156944275
validation,45_95_content_anurag423_Python-Project_primegen.py_cleaned.png,0,2,0.1830003708600998,0.1865055114030838,0.18680700659751892,0.1853940635919571,0.1156223937869072,0.1426706612110138
validation,46_80_content_arun-p12_sort-algorithms_quick_sort.py_cleaned.png,0,5,0.19515573978424072,0.12098479270935059,0.1650964319705963,0.1711561530828476,0.13683117926120758,0.2107757329940796
validation,46_8_content_GHasanKaraman_CS_PolynomialRegression_pr3.py_cleaned.png,0,2,0.1659606546163559,0.20471033453941345,0.20750930905342102,0.15107566118240356,0.1397162675857544,0.1310277134180069
validation,47_4_content_gbrlcustodio_forecasting_genetic_alg.py_cleaned.png,0,1,0.1949809193611145,0.23140904307365417,0.12744539976119995,0.144392728805542,0.16719035804271698,0.1345815807580948
validation,47_9_content_gquintela_prim_main.py_cleaned.png,0,2,0.14632336795330048,0.1745823323726654,0.1998903900384903,0.1906624585390091,0.12235856801271439,0.16618289053440094
validation,48_56_content_newsteps8_Efficiency_of_SortingAlgorithms_merge_sort.py_cleaned.png,0,1,0.17828074097633362,0.23663514852523804,0.148653045296669,0.09650374203920364,0.16315820813179016,0.17676906287670135
validation,48_8_content_thingumajig_weighted_lcs_elmo_pattern.py_cleaned.png,0,1,0.15732011198997498,0.18052777647972107,0.16479796171188354,0.1777721643447876,0.16131621599197388,0.15826579928398132
validation,48_8_content_tochukwuokafor_Mersenne-numbers-Lucas-Lehmer-test-and-Sieve-of-Eratosthenes_mersenne_numbers_lucas_lehmer_sieve_of_eratosthenes.py_cleaned.png,0,0,0.24392448365688324,0.15748053789138794,0.09609708189964294,0.13078446686267853,0.18248438835144043,0.18922898173332214
validation,48_93_content_wei4keepingstudy_Artificial_Intelligence_hw2_dfs_forwardchecking.py_cleaned.png,0,0,0.19674904644489288,0.17604944109916687,0.1647433638572693,0.0907503291964531,0.18380923569202423,0.18789856135845184
validation,48_94_content_UniqueRoHo_NaiveBayes_Continuous.py_cleaned.png,0,2,0.15801554918289185,0.18500500917434692,0.20616617798805237,0.09277666360139847,0.16926351189613342,0.18877319991588593
validation,48_97_content_mjurk456_mini-snakes_pseudorandom_sentence_generator.py_cleaned.png,0,1,0.164228618144989,0.2152230590581894,0.190464586019516,0.14854224026203156,0.13654746115207672,0.1449941247701645
validation,48_98_content_pooja1909_Bigdata-project_input.py_cleaned.png,0,2,0.18114769458770752,0.19920967519283295,0.22420452535152435,0.11937206238508224,0.14596466720104218,0.13010136783123016
validation,49_92_content_paulfauthmayer_versopy_verso.py_cleaned.png,0,3,0.145660400390625,0.16770611703395844,0.18129433691501617,0.18214519321918488,0.1586618572473526,0.1645321249961853
validation,4_10_content_chiragragarwal_Graphs_And_Networks___init__.py_cleaned.png,0,0,0.21945711970329285,0.12822693586349487,0.1625012755393982,0.12896616756916046,0.20965754985809326,0.1511908918619156
validation,4_12_content_AtahanCelebi_Shortest-Route-with-Floyd-Warshall-Algorithm_map_distance.py_cleaned.png,0,0,0.2847212851047516,0.1483096331357956,0.1591472178697586,0.15367098152637482,0.158191978931427,0.09595891833305359
validation,4_12_content_aabulhaj_SpectralClustering_synthetic_data.py_cleaned.png,0,1,0.14105024933815002,0.2014681100845337,0.17271746695041656,0.16562466323375702,0.17024636268615723,0.14889319241046906
validation,4_17_content_fxbp_spd-5_criptoanalisi.py_cleaned.png,0,5,0.16571953892707825,0.17134107649326324,0.17172545194625854,0.13862766325473785,0.1515706330537796,0.2010156661272049
validation,4_17_content_kwikadi_BFS-v-DFS_bfs.py_cleaned.png,0,4,0.16309331357479095,0.1573745161294937,0.18354995548725128,0.1464303880929947,0.18840748071670532,0.16114436089992523
validation,4_21_content_bharadwajsrikanth_principal-component-analysis_ImageProcessing_PCA.py_cleaned.png,0,5,0.1682882010936737,0.17991439998149872,0.16850928962230682,0.14120331406593323,0.14296765625476837,0.19911716878414154
validation,50_9_content_ankur-anand_Factorial-Algorithm_fact_12_unittest.py_cleaned.png,0,2,0.1389583796262741,0.22253189980983734,0.2256155163049698,0.15952256321907043,0.1084570661187172,0.14491452276706696
validation,5_10_content_nishi1612_Email-Spam-Classification-using-SVM_extracting_unique_words_from_all_emails.py_cleaned.png,0,1,0.14673438668251038,0.1947033554315567,0.17779335379600525,0.1712840348482132,0.1514018326997757,0.15808305144309998
validation,5_13_content_Skulsta_cluster_unlabelled_dataset_elbow_analysis.py_cleaned.png,0,0,0.1899271458387375,0.15488363802433014,0.18912994861602783,0.12792730331420898,0.15774685144424438,0.1803850680589676
validation,5_13_content_danielSbastos_binary-fibonacci_prototype.py_cleaned.png,0,0,0.18890126049518585,0.16904324293136597,0.15800727903842926,0.11992271989583969,0.1856207698583603,0.17850472033023834
validation,5_18_content_ronak-07_Agglomerative-Hierarchical-Clustering_Agglomerative.py_cleaned.png,0,2,0.1759626567363739,0.20434217154979706,0.21267622709274292,0.1473390907049179,0.12261835485696793,0.13706150650978088
validation,5_22_content_cneally_BubbleSortingAlgorithm_bubble_sort.py_cleaned.png,0,5,0.15106526017189026,0.1521604359149933,0.180626779794693,0.1387355625629425,0.1615740954875946,0.21583786606788635
validation,6_10_content_nishi1612_Email-Spam-Classification-using-SVM_processing_emails_to_find_occurance_of_words.py_cleaned.png,0,1,0.16364255547523499,0.19188524782657623,0.18480144441127777,0.13892985880374908,0.16295669972896576,0.15778425335884094
validation,6_13_content_danielSbastos_binary-fibonacci_transpose.py_cleaned.png,0,2,0.1738504320383072,0.18076251447200775,0.20185062289237976,0.13039422035217285,0.16115088760852814,0.1519913226366043
validation,6_13_content_preetidurai_Spam-Ham-Classification-using-NB-and-LR_naiveBayes.py_cleaned.png,0,1,0.16436313092708588,0.20213399827480316,0.1824726164340973,0.1553540676832199,0.15808402001857758,0.1375921368598938
validation,6_16_content_hoefler02_diffie-hellman_dh_client.py_cleaned.png,0,5,0.15394757688045502,0.1340382993221283,0.17912377417087555,0.1653820425271988,0.15969467163085938,0.20781362056732178
validation,6_3_content_iykadev_pyalgo_ackermann_func.py_cleaned.png,0,5,0.15159748494625092,0.13258856534957886,0.1632765680551529,0.15186303853988647,0.18507502973079681,0.21559934318065643
validation,7_10_content_sushant097_Chatbot-using-Python-NLTK-_ChatBot.py_cleaned.png,0,0,0.17700694501399994,0.1762981116771698,0.1626618653535843,0.16392824053764343,0.14676396548748016,0.1733408272266388
validation,7_12_content_eyalr0_AES-Cryptoanalysis_RetracingBoomerang.py_cleaned.png,0,1,0.19928620755672455,0.23381708562374115,0.1713881939649582,0.13412506878376007,0.15655848383903503,0.10482493042945862
validation,7_13_content_Odarlie_fizz_buzz_programming_logic_andelab_fizz_buzz_bootcamp_function.py_cleaned.png,0,5,0.1703397035598755,0.0870567336678505,0.17295098304748535,0.11456482857465744,0.20306773483753204,0.252020001411438
validation,7_13_content_chandimajayawickrama_Simple-Sorting-Algorithms_insertion_sort.py_cleaned.png,0,5,0.16572950780391693,0.16219165921211243,0.1589900702238083,0.13803544640541077,0.17083153128623962,0.20422175526618958
validation,7_17_content_jmullercuber_HackHarvard2k16_RedditScraper.py_cleaned.png,0,2,0.14695170521736145,0.1843680590391159,0.18761299550533295,0.17485345900058746,0.15427500009536743,0.15193872153759003
validation,7_18_content_Saychakr13_CLUSTERING_MODELS_hc.py_cleaned.png,0,1,0.14670182764530182,0.182832732796669,0.1751524806022644,0.16932131350040436,0.1489727944135666,0.17701882123947144
validation,7_18_content_jiangfeng1124_digital-dendrimer_genenerate.py_cleaned.png,0,0,0.19300536811351776,0.15648502111434937,0.19152402877807617,0.16039827466011047,0.15449000895023346,0.14409732818603516
validation,7_19_content_bowiechen_FactorialDigitsSum_Counter.py_cleaned.png,0,2,0.16060179471969604,0.18507926166057587,0.1883508861064911,0.16180802881717682,0.131971076130867,0.17218896746635437
validation,8_13_content_Odarlie_fizz_buzz_programming_logic_andelab_test_fizz_buzz.py_cleaned.png,0,2,0.11383205652236938,0.15949414670467377,0.2034236341714859,0.1912841498851776,0.1435573846101761,0.18840859830379486
validation,8_15_content_VakinduPhilliam_Pattern_Matching_Python_Difflib_Pattern_Matching_Differ___.py_cleaned.png,0,4,0.17407961189746857,0.16082364320755005,0.18868596851825714,0.08909348398447037,0.206156924366951,0.18116037547588348
validation,8_1_content_DaruniasJoy_OoT-Custom-Sequences_Check_for_Duplicates.py_cleaned.png,0,2,0.1000618115067482,0.19903619587421417,0.2602175176143646,0.20027394592761993,0.10973108559846878,0.13067950308322906
validation,8_1_content_dhvanilp_Persistent-Binary-Search-Trees_index.py_cleaned.png,0,3,0.1490415632724762,0.1682095229625702,0.17311711609363556,0.21459895372390747,0.1357482224702835,0.15928460657596588
validation,8_1_content_modulus100_python-datastructures-algorithms_flattering_nested_linked_lists.py_cleaned.png,0,1,0.10469187796115875,0.2277829498052597,0.2129461020231247,0.1791570484638214,0.12029038369655609,0.15513169765472412
validation,8_3_content_iykadev_pyalgo_anagram.py_cleaned.png,0,0,0.19364668428897858,0.15107667446136475,0.18136395514011383,0.14396433532238007,0.18557140231132507,0.14437691867351532
validation,9_13_content_FN-HD_Elliptic_Curve_Cryptography_Main.py_cleaned.png,0,2,0.1518785059452057,0.1652994155883789,0.18534086644649506,0.14678721129894257,0.17728108167648315,0.17341278493404388
validation,9_14_content_codearemo_selction-sort_selection_sort.py_cleaned.png,0,0,0.22390304505825043,0.17356912791728973,0.1291303187608719,0.1138797327876091,0.19515371322631836,0.16436415910720825
validation,9_22_content_sabarahman_k-means-Clustering-On-Banking-Data-Set_clustering.py_cleaned.png,0,1,0.133318230509758,0.21178816258907318,0.19628827273845673,0.15511728823184967,0.1557193547487259,0.1477687507867813
validation,9_26_content_naviechan_sortingAlgorithmDemo_selectionSort.py_cleaned.png,0,5,0.1625266969203949,0.13549654185771942,0.18652138113975525,0.14060230553150177,0.17842648923397064,0.196426659822464
validation,9_3_content_iykadev_pyalgo_anagram2.py_cleaned.png,0,2,0.15187732875347137,0.17803660035133362,0.1829814314842224,0.1339789479970932,0.17531968653202057,0.1778060644865036
validation,12_v1_1_content_DanShai_kernalized-tsne_kernels.py_cleaned.png,1,0,0.24358923733234406,0.13197579979896545,0.14443399012088776,0.12029498815536499,0.2173265516757965,0.14237944781780243
validation,21_v1_1_content_Pranshu258_Crowd_Behavior_Analysis_outlierDetector.py_cleaned.png,1,1,0.1596701443195343,0.3873920142650604,0.07961401343345642,0.07543511688709259,0.17558430135250092,0.12230443954467773
validation,26_v1_2_content_Liu-WeiYi_Private_Preserving_Outlier_Behavior_Detection_statistic.py_cleaned.png,1,1,0.15408317744731903,0.23789648711681366,0.20429356396198273,0.14223431050777435,0.14017260074615479,0.12131984531879425
validation,29_v1_2_content_moluronghuakai_outlier-analysis_feature.py_cleaned.png,1,1,0.14365670084953308,0.21410854160785675,0.17361733317375183,0.17219795286655426,0.1449899971485138,0.1514294147491455
validation,32_v1_4_content_mrimahajan_advanced_analysis_package_variable_reduction.py_cleaned.png,1,0,0.20603331923484802,0.19563910365104675,0.14885200560092926,0.169719859957695,0.1351131945848465,0.14464248716831207
validation,32_v1_9_content_Soumyabrata_predicting-pwv_grid_search.py_cleaned.png,1,5,0.14093609154224396,0.18837065994739532,0.1745912730693817,0.1422266960144043,0.1607946902513504,0.1930806040763855
validation,37_v1_5_content_harshdarji22_crypto_outlier.py_cleaned.png,1,1,0.15037968754768372,0.18646520376205444,0.1836366057395935,0.16897575557231903,0.16195327043533325,0.14858941733837128
validation,39_v1_11_content_liam-han_all-pairs-shortest-path_py.py_cleaned.png,1,1,0.11859896779060364,0.24244080483913422,0.16644316911697388,0.09908825159072876,0.1699931025505066,0.20343561470508575
validation,41_v1_12_content_AtahanCelebi_Shortest-Route-with-Floyd-Warshall-Algorithm_map_distance.py_cleaned.png,1,3,0.13906587660312653,0.17708748579025269,0.19060088694095612,0.19082507491111755,0.1613496094942093,0.14107106626033783
validation,50_v1_16_content_QueraltSM_HospitalShortestPath_main.py_cleaned.png,1,1,0.15592193603515625,0.1850801706314087,0.1508968025445938,0.15835174918174744,0.18325378000736237,0.16649556159973145
validation,51_v1_ 1_content_nageshsinghc4_stock-market-forecasting_ZBH_stock.py_cleaned.png,1,1,0.21250206232070923,0.25538185238838196,0.17053428292274475,0.13315242528915405,0.13016480207443237,0.09826458990573883
validation,51_v1_10_content_Chinmay-395_AES-algorithm-using-GUI_CNSmini1.py_cleaned.png,1,2,0.13165704905986786,0.18519891798496246,0.23263226449489594,0.18789832293987274,0.10862709581851959,0.15398629009723663
validation,51_v1_10_content_Suji04_ML-Clustering_hccluster.py_cleaned.png,1,2,0.09251551330089569,0.18902672827243805,0.20568129420280457,0.19835732877254486,0.16140338778495789,0.15301574766635895
validation,51_v1_10_content_stensonowen_factorial_bot_atoi.py_cleaned.png,1,2,0.11912985146045685,0.18683183193206787,0.22725071012973785,0.18118110299110413,0.12097617238759995,0.16463033854961395
validation,51_v1_11_content_davedennis_DFS-and-BFS-Search_dfbf.py_cleaned.png,1,2,0.16030609607696533,0.16953058540821075,0.19767363369464874,0.17092756927013397,0.13172543048858643,0.16983667016029358
validation,51_v1_11_content_liubing220524_DFSL-for-hyperspectral-image-classification_KNN.py_cleaned.png,1,2,0.1490100920200348,0.1670531928539276,0.19494731724262238,0.15519021451473236,0.1719779670238495,0.1618211567401886
validation,51_v1_15_content_agarwalr98_PrincipalComponentAnalysis_PCAReconstruct_with_NoisyImages.py_cleaned.png,1,2,0.10071924328804016,0.18873251974582672,0.2871708869934082,0.14446233212947845,0.13122209906578064,0.1476929634809494
validation,51_v1_1_content_danrludwig_perfect_number_perfect_number_code.py_cleaned.png,1,2,0.15833477675914764,0.13900305330753326,0.2642148435115814,0.10989396274089813,0.11595973372459412,0.21259358525276184
validation,52_v1_11_content_DaiDongyang_knn_experiments.py_cleaned.png,1,3,0.1533697247505188,0.17690695822238922,0.17106324434280396,0.18477863073349,0.15639227628707886,0.15748922526836395
validation,52_v1_11_content_Masao-Taketani_text_classification_with_alexa_webapi.py_cleaned.png,1,1,0.16073913872241974,0.18855592608451843,0.18148282170295715,0.1855480968952179,0.16015082597732544,0.12352319061756134
validation,52_v1_11_content_langokalla_A-star-Pathfinder_map.py_cleaned.png,1,0,0.19203327596187592,0.17812515795230865,0.16564270853996277,0.13426342606544495,0.15240730345249176,0.17752817273139954
validation,52_v1_13_content_gissimo_nsc_do_nsc.py_cleaned.png,1,2,0.12701189517974854,0.21551427245140076,0.21933090686798096,0.15153300762176514,0.1193263977766037,0.16728350520133972
validation,52_v1_13_content_theSnehaThing_HierarchicalClustering_Hierchial_Classification.py_cleaned.png,1,1,0.14834553003311157,0.19738908112049103,0.18630662560462952,0.17568592727184296,0.11622273921966553,0.17605014145374298
validation,52_v1_1_content_nilsonneto_floydWarshall_main.py_cleaned.png,1,1,0.16645547747612,0.1908007711172104,0.17589186131954193,0.1862494796514511,0.1316092163324356,0.14899317920207977
validation,53_v1_11_content_SharifAmit_HuffmanCoding_encoder.py_cleaned.png,1,1,0.14669343829154968,0.23308834433555603,0.17794564366340637,0.15590886771678925,0.1518383026123047,0.13452541828155518
validation,53_v1_11_content_XlogicX_Fibonacci_fib.py_cleaned.png,1,0,0.22939324378967285,0.1437157541513443,0.15809199213981628,0.16726762056350708,0.14339648187160492,0.15813490748405457
validation,53_v1_11_content_pprzygodzk_binary_search-prime_numbers_primes_p1.py_cleaned.png,1,0,0.18277056515216827,0.17754392325878143,0.14434432983398438,0.1700936108827591,0.1718876212835312,0.15335999429225922
validation,53_v1_12_content_dxania_Fizzbuzz_fizzbuzz_tests.py_cleaned.png,1,2,0.10599785298109055,0.20788152515888214,0.2431405484676361,0.1671835035085678,0.0953400656580925,0.18045642971992493
validation,53_v1_13_content_tiendung1510_LearningPython_ucs.py_cleaned.png,1,2,0.13068653643131256,0.166609525680542,0.20876677334308624,0.14468137919902802,0.15574602782726288,0.19350974261760712
validation,53_v1_15_content_udwivedi394_LinkedList_convertBT2LL.py_cleaned.png,1,2,0.1464214026927948,0.16671103239059448,0.1985541582107544,0.19453907012939453,0.14208480715751648,0.15168961882591248
validation,54_v1_10_content_chiragragarwal_Graphs_And_Networks___init__.py_cleaned.png,1,4,0.22641798853874207,0.13149742782115936,0.10334011912345886,0.10020814836025238,0.23388248682022095,0.20465384423732758
validation,54_v1_11_content_kousu_primes_cubesieve_explore.py_cleaned.png,1,2,0.14211151003837585,0.1818227916955948,0.19759060442447662,0.18993724882602692,0.12888382375240326,0.15965399146080017
validation,54_v1_12_content_aabulhaj_SpectralClustering_synthetic_data.py_cleaned.png,1,2,0.1242048367857933,0.15273691713809967,0.2848121225833893,0.18402628600597382,0.10345816612243652,0.15076161921024323
validation,54_v1_13_content_prachij94_Category-name-analysis-without-stopwords_stopwordsmcat.py_cleaned.png,1,1,0.20261460542678833,0.26031723618507385,0.12083009630441666,0.10805030912160873,0.17339980602264404,0.13478802144527435
validation,54_v1_17_content_fxbp_spd-5_criptoanalisi.py_cleaned.png,1,2,0.15379276871681213,0.17040807008743286,0.20097000896930695,0.16881908476352692,0.1574692577123642,0.14854082465171814
validation,54_v1_17_content_kwikadi_BFS-v-DFS_bfs.py_cleaned.png,1,2,0.16107547283172607,0.14316648244857788,0.20398323237895966,0.14980611205101013,0.14803414046764374,0.19393451511859894
validation,54_v1_18_content_ronak-07_Agglomerative-Hierarchical-Clustering_Agglomerative.py_cleaned.png,1,2,0.18469111621379852,0.16959625482559204,0.2186061292886734,0.1410123109817505,0.14447739720344543,0.14161686599254608
validation,54_v1_21_content_bharadwajsrikanth_principal-component-analysis_ImageProcessing_PCA.py_cleaned.png,1,1,0.13471569120883942,0.21064503490924835,0.20370376110076904,0.12430502474308014,0.13293418288230896,0.19369634985923767
validation,55_v1_10_content_nishi1612_Email-Spam-Classification-using-SVM_extracting_unique_words_from_all_emails.py_cleaned.png,1,2,0.1381501704454422,0.17680996656417847,0.18883782625198364,0.14846806228160858,0.17814567685127258,0.1695883572101593
validation,55_v1_11_content_rjtmahinay_fuzzy-association-rule-mining_Apriori.py_cleaned.png,1,2,0.17082259058952332,0.1922941952943802,0.1947580873966217,0.1475970596075058,0.1496107578277588,0.14491723477840424
validation,55_v1_13_content_Skulsta_cluster_unlabelled_dataset_elbow_analysis.py_cleaned.png,1,2,0.14173118770122528,0.1663302630186081,0.23673954606056213,0.1946256160736084,0.1120438203215599,0.14852967858314514
validation,55_v1_13_content_danielSbastos_binary-fibonacci_prototype.py_cleaned.png,1,3,0.13976198434829712,0.15808767080307007,0.1926051378250122,0.2063422054052353,0.14958328008651733,0.1536197066307068
validation,55_v1_18_content_10elements_BinaryTree_binaryTree.py_cleaned.png,1,2,0.12851564586162567,0.20033545792102814,0.20455501973628998,0.1543654501438141,0.1679176241159439,0.14431089162826538
validation,55_v1_22_content_cneally_BubbleSortingAlgorithm_bubble_sort.py_cleaned.png,1,2,0.14466701447963715,0.1316472440958023,0.22293156385421753,0.12959745526313782,0.1671748012304306,0.2039818912744522
validation,56_v1_10_content_mohamedScikitLearn_Information-retrieval--Text-mining-_Version_2.py_cleaned.png,1,5,0.17582517862319946,0.1536046266555786,0.1812082827091217,0.156478151679039,0.13755638897418976,0.19532732665538788
validation,56_v1_10_content_nishi1612_Email-Spam-Classification-using-SVM_processing_emails_to_find_occurance_of_words.py_cleaned.png,1,3,0.17067115008831024,0.17543716728687286,0.17305436730384827,0.17985576391220093,0.15691973268985748,0.14406181871891022
validation,56_v1_13_content_danielSbastos_binary-fibonacci_transpose.py_cleaned.png,1,0,0.1822313666343689,0.1705797165632248,0.1811901330947876,0.14521510899066925,0.17977045476436615,0.1410132795572281
validation,56_v1_13_content_preetidurai_Spam-Ham-Classification-using-NB-and-LR_naiveBayes.py_cleaned.png,1,1,0.127651646733284,0.2529796361923218,0.18831518292427063,0.10575416684150696,0.1598214954137802,0.16547773778438568
validation,56_v1_16_content_hoefler02_diffie-hellman_dh_client.py_cleaned.png,1,3,0.13449424505233765,0.13316257297992706,0.16716845333576202,0.2130761295557022,0.16153381764888763,0.19056467711925507
validation,56_v1_18_content_Saychakr13_CLUSTERING_MODELS_hc.py_cleaned.png,1,5,0.11387243866920471,0.19501183927059174,0.17483150959014893,0.14091762900352478,0.1255786269903183,0.24978792667388916
validation,56_v1_1_content_dedeco_dijkstra-bellman-ford_teste_lobo_djt.py_cleaned.png,1,2,0.14337395131587982,0.19752487540245056,0.22540390491485596,0.1181681901216507,0.1185058131814003,0.19702325761318207
validation,56_v1_3_content_iykadev_pyalgo_ackermann_func.py_cleaned.png,1,5,0.16813436150550842,0.1353699117898941,0.1599292755126953,0.14357241988182068,0.19531020522117615,0.19768382608890533
validation,57_v1_10_content_sushant097_Chatbot-using-Python-NLTK-_ChatBot.py_cleaned.png,1,2,0.1436886042356491,0.16967624425888062,0.19909541308879852,0.18425613641738892,0.15202783048152924,0.1512557864189148
validation,57_v1_11_content_SabikAbtahee_Apriori-Implementation_AprioriMain.py_cleaned.png,1,1,0.16319726407527924,0.17932938039302826,0.16966795921325684,0.17791497707366943,0.13450537621974945,0.1753850132226944
validation,57_v1_12_content_eyalr0_AES-Cryptoanalysis_RetracingBoomerang.py_cleaned.png,1,4,0.18747878074645996,0.15870653092861176,0.12114448100328445,0.1349153369665146,0.2165157049894333,0.18123921751976013
validation,57_v1_13_content_Odarlie_fizz_buzz_programming_logic_andelab_fizz_buzz_bootcamp_function.py_cleaned.png,1,2,0.15809546411037445,0.15339027345180511,0.20378084480762482,0.14245611429214478,0.15998771786689758,0.18228967487812042
validation,57_v1_13_content_chandimajayawickrama_Simple-Sorting-Algorithms_insertion_sort.py_cleaned.png,1,0,0.25269991159439087,0.1699761599302292,0.11477819830179214,0.09588538110256195,0.2301500290632248,0.13651031255722046
validation,57_v1_15_content_VakinduPhilliam_Pattern_Matching_Python_Difflib_Pattern_Matching_Differ___.py_cleaned.png,1,4,0.20292852818965912,0.13450480997562408,0.18057312071323395,0.13384343683719635,0.21242649853229523,0.13572357594966888
validation,57_v1_17_content_jmullercuber_HackHarvard2k16_RedditScraper.py_cleaned.png,1,3,0.159209743142128,0.17317013442516327,0.17563483119010925,0.19463199377059937,0.1431155502796173,0.15423773229122162
validation,57_v1_19_content_bowiechen_FactorialDigitsSum_Counter.py_cleaned.png,1,3,0.1472346931695938,0.1452837586402893,0.18065418303012848,0.20374144613742828,0.14143601059913635,0.18164996802806854
validation,57_v1_1_content_DaruniasJoy_OoT-Custom-Sequences_Check_for_Duplicates.py_cleaned.png,1,1,0.1264316439628601,0.21362073719501495,0.2001163512468338,0.18080323934555054,0.13747833669185638,0.14154966175556183
validation,58_v1_13_content_Odarlie_fizz_buzz_programming_logic_andelab_test_fizz_buzz.py_cleaned.png,1,2,0.14043226838111877,0.1365797370672226,0.2019956111907959,0.17936280369758606,0.14999932050704956,0.1916302591562271
validation,58_v1_19_content_riccardobisori_Binary-Trees_TestHeights.py_cleaned.png,1,2,0.12561365962028503,0.18065990507602692,0.22936198115348816,0.1828346699476242,0.13703212141990662,0.14449763298034668
validation,58_v1_1_content_dhvanilp_Persistent-Binary-Search-Trees_index.py_cleaned.png,1,2,0.10328801721334457,0.19314268231391907,0.24065551161766052,0.20125572383403778,0.11937815696001053,0.14227990806102753
validation,58_v1_1_content_modulus100_python-datastructures-algorithms_flattering_nested_linked_lists.py_cleaned.png,1,2,0.14715096354484558,0.18935847282409668,0.193403422832489,0.17713016271591187,0.13292735815048218,0.16002966463565826
validation,58_v1_3_content_iykadev_pyalgo_anagram.py_cleaned.png,1,4,0.1649530977010727,0.14653107523918152,0.17782627046108246,0.14048069715499878,0.20482264459133148,0.16538625955581665
validation,59_v1_13_content_FN-HD_Elliptic_Curve_Cryptography_Main.py_cleaned.png,1,1,0.11651597917079926,0.22985294461250305,0.17543011903762817,0.16062647104263306,0.1275017112493515,0.19007286429405212
validation,59_v1_14_content_codearemo_selction-sort_selection_sort.py_cleaned.png,1,5,0.19233714044094086,0.14201952517032623,0.20735101401805878,0.10889611393213272,0.11780963093042374,0.23158656060695648
validation,59_v1_22_content_sabarahman_k-means-Clustering-On-Banking-Data-Set_clustering.py_cleaned.png,1,3,0.14789581298828125,0.18103386461734772,0.19149485230445862,0.19916635751724243,0.1183963194489479,0.1620127558708191
validation,59_v1_26_content_naviechan_sortingAlgorithmDemo_selectionSort.py_cleaned.png,1,1,0.15724948048591614,0.18496516346931458,0.18340401351451874,0.15704594552516937,0.13874451816082,0.17859089374542236
validation,59_v1_3_content_iykadev_pyalgo_anagram2.py_cleaned.png,1,2,0.18754766881465912,0.1466643363237381,0.19194863736629486,0.15477809309959412,0.19081388413906097,0.12824735045433044
validation,60_v1_15_content_ronma1_Dijkstra_graph_algo.py_cleaned.png,1,5,0.1638629138469696,0.1202806681394577,0.17149044573307037,0.20472104847431183,0.13373057544231415,0.20591430366039276
validation,60_v1_25_content_83Shashi_Hierarchical-Clustering_hierarchicalclustering.py_cleaned.png,1,3,0.14032921195030212,0.17576292157173157,0.20012575387954712,0.2125944048166275,0.1352178305387497,0.1359698623418808
validation,61_v1_13_content_limqiying_crypto_final_project_EG-test.py_cleaned.png,1,0,0.19260738790035248,0.1617347151041031,0.18580755591392517,0.14173145592212677,0.15937434136867523,0.15874452888965607
validation,61_v1_14_content_prachij94_Category-altname-analysis-without-stopwords_altnameStopwords.py_cleaned.png,1,2,0.096173495054245,0.14297042787075043,0.3045487701892853,0.20811833441257477,0.09269364178180695,0.15549539029598236
validation,61_v1_14_content_user0198_aes-256-CBC_aes256.py_cleaned.png,1,5,0.13712966442108154,0.18562763929367065,0.19103683531284332,0.1316758096218109,0.16083841025829315,0.19369159638881683
validation,61_v1_15_content_Nabeel-Asghar_List-Divsion_List-Division.py_cleaned.png,1,2,0.153788223862648,0.15669842064380646,0.21048513054847717,0.15799643099308014,0.1537102460861206,0.16732153296470642
validation,61_v1_15_content_VakinduPhilliam_Pattern_Matching_Python_Difflib_Pattern_Matching_SequenceMatcher.py_cleaned.png,1,0,0.20536953210830688,0.1247774213552475,0.18872325122356415,0.10798925906419754,0.2026219218969345,0.17051859200000763
validation,61_v1_1_content_abdullahwaqar_docsearx_pdf_reader.py_cleaned.png,1,5,0.19068317115306854,0.15534739196300507,0.1409163624048233,0.13653849065303802,0.16773751378059387,0.20877709984779358
validation,61_v1_1_content_jwan659_forex-arbitrage_BellmanFord.py_cleaned.png,1,0,0.1875980943441391,0.17449037730693817,0.16545000672340393,0.17854860424995422,0.14449633657932281,0.14941652119159698
validation,61_v1_1_content_shivam1196_LRU-Caching_Caching.py_cleaned.png,1,1,0.14142167568206787,0.21466849744319916,0.15267252922058105,0.1545872539281845,0.17487122118473053,0.16177870333194733
validation,61_v1_20_content_shamo0_Binary_Search_Tree_treap.py_cleaned.png,1,3,0.12698771059513092,0.1808917075395584,0.18594829738140106,0.19987156987190247,0.14000114798545837,0.16629956662654877
validation,61_v1_23_content_AndreasChatz_factorial_constants.py_cleaned.png,1,0,0.47457414865493774,0.1268577128648758,0.12325583398342133,0.014660757966339588,0.033871427178382874,0.22678011655807495
validation,61_v1_25_content_HunterXuan_QAMatch_search.py_cleaned.png,1,1,0.16321098804473877,0.19231951236724854,0.16593699157238007,0.13777585327625275,0.15095917880535126,0.18979749083518982
validation,62_v1_17_content_jb0xx_decrypt-onetimepad_onetimepad.py_cleaned.png,1,2,0.1609797477722168,0.1853797733783722,0.2040322870016098,0.12376640737056732,0.1361411064863205,0.18970075249671936
validation,62_v1_19_content_frankiekienlam_Fibonacci_Pyramids_pyramid.py_cleaned.png,1,1,0.14467906951904297,0.19992567598819733,0.18597711622714996,0.17675729095935822,0.15064670145511627,0.14201407134532928
validation,62_v1_1_content_abhilampard_Simple-Plagiarism-Checker_plag.py_cleaned.png,1,5,0.13645711541175842,0.1820167452096939,0.17127059400081635,0.1791294366121292,0.14500035345554352,0.18612569570541382
validation,62_v1_22_content_sagarwani_Breaking-Diffie-Hellman_dl-brute.py_cleaned.png,1,1,0.19660644233226776,0.20773671567440033,0.15850694477558136,0.10782824456691742,0.1622868776321411,0.16703473031520844
validation,62_v1_28_content_IPDT_car_review_k-means_clustering_word_freq.py_cleaned.png,1,3,0.1268174797296524,0.1737421452999115,0.20288628339767456,0.24086663126945496,0.10221464931964874,0.153472900390625
validation,63_v1_42_content_KimCant2019_rsa_crypto_rsa-decrypter.py_cleaned.png,1,2,0.1839512437582016,0.17083357274532318,0.2128201723098755,0.11819083988666534,0.17111262679100037,0.14309154450893402
validation,64_v1_12_content_ianscottknight_Predicting-Myers-Briggs-Type-Indicator-with-Recurrent-Neural-Networks_rnn.py_cleaned.png,1,1,0.19655820727348328,0.28289729356765747,0.1482347697019577,0.11029965430498123,0.14987212419509888,0.1121380403637886
validation,64_v1_14_content_Dawlatly_Recommender-system_apriori.py_cleaned.png,1,1,0.13339512050151825,0.21561507880687714,0.19641248881816864,0.13623571395874023,0.15300634503364563,0.16533531248569489
validation,64_v1_15_content_V-Sense_Aesthetic-Image-Captioning-ICCVW-2019_clean_using_subjectivity.py_cleaned.png,1,2,0.14101241528987885,0.18408261239528656,0.20238623023033142,0.18350239098072052,0.1440092921257019,0.1450069695711136
validation,64_v1_15_content_VakinduPhilliam_Pattern_Matching_Python_Filecmp_Recursive_Search.py_cleaned.png,1,5,0.12505687773227692,0.12498742341995239,0.17069587111473083,0.15562137961387634,0.1766958087682724,0.24694254994392395
validation,64_v1_17_content_krshubham_ecc-elgamal_elgamal.py_cleaned.png,1,2,0.12361741065979004,0.14599250257015228,0.2098182886838913,0.15892909467220306,0.16528235375881195,0.19636037945747375
validation,64_v1_18_content_jzpero_enigma_main.py_cleaned.png,1,2,0.13717839121818542,0.18894197046756744,0.21694058179855347,0.18202663958072662,0.15330100059509277,0.12161144614219666
validation,64_v1_18_content_maxsonferovante_Dijkstra_dijsktra.py_cleaned.png,1,5,0.12874101102352142,0.1669180691242218,0.17868220806121826,0.15603357553482056,0.16970235109329224,0.1999228447675705
validation,64_v1_21_content_danielleos_Fibonacci-Generator_main.py_cleaned.png,1,4,0.16442705690860748,0.1663619428873062,0.18081054091453552,0.1540735363960266,0.18271715939044952,0.15160979330539703
validation,64_v1_23_content_tomasmcoronado_prob-alpha_PhyloTree.py_cleaned.png,1,3,0.117259681224823,0.15165574848651886,0.20211008191108704,0.2138029783964157,0.1420874446630478,0.17308399081230164
validation,64_v1_24_content_Brew8it_Python_DHAES_AES.py_cleaned.png,1,2,0.1500069797039032,0.1775961071252823,0.1843011975288391,0.17364194989204407,0.14489342272281647,0.1695602685213089
validation,64_v1_28_content_NurzatRakhman_k_means_k-means.py_cleaned.png,1,2,0.1229366809129715,0.19890038669109344,0.21679995954036713,0.15926074981689453,0.13702170550823212,0.1650804728269577
validation,64_v1_28_content_akrolewski_NonlinearMassFaster_tabulate_fiducial_rnl.py_cleaned.png,1,2,0.14300625026226044,0.17351864278316498,0.1998014897108078,0.19406042993068695,0.13739770650863647,0.15221543610095978
validation,65_v1_12_content_ianscottknight_Predicting-Myers-Briggs-Type-Indicator-with-Recurrent-Neural-Networks_separate_clean_and_unclean.py_cleaned.png,1,2,0.151834636926651,0.1934787929058075,0.22011280059814453,0.153485506772995,0.14419260621070862,0.13689562678337097
validation,65_v1_30_content_thomasjedstrom_Bubble_Sort_Selection_Sort.py_cleaned.png,1,1,0.16083243489265442,0.20080123841762543,0.17851349711418152,0.15533991158008575,0.15424275398254395,0.1502702236175537
validation,65_v1_31_content_NagarajSMurthy_Data-Structures_LinkedList.py_cleaned.png,1,2,0.14180269837379456,0.17997325956821442,0.2313028872013092,0.15523844957351685,0.14529894292354584,0.1463838368654251
validation,65_v1_38_content_AnkitChouhanDws_Polynomial-Regression_polynomial_regression.py_cleaned.png,1,2,0.13790284097194672,0.149069681763649,0.19442427158355713,0.16890743374824524,0.15646010637283325,0.19323568046092987
validation,66_v1_14_content_Dawlatly_Recommender-system_manage.py_cleaned.png,1,4,0.18661756813526154,0.1302727609872818,0.14235495030879974,0.11909911781549454,0.24841493368148804,0.17324060201644897
validation,66_v1_20_content_IbrahimAyed_Multifractal-analysis-of-natural-images_zoom.py_cleaned.png,1,0,0.3046852648258209,0.20958293974399567,0.16194894909858704,0.12886470556259155,0.1234557032585144,0.07146240025758743
validation,66_v1_24_content_Brew8it_Python_DHAES_server.py_cleaned.png,1,1,0.16609802842140198,0.20720019936561584,0.15755443274974823,0.1201525628566742,0.15707586705684662,0.19191880524158478
validation,66_v1_31_content_atorulia_Some-kind-of-sort-algorithm_InsertionSort.py_cleaned.png,1,5,0.16890846192836761,0.20197972655296326,0.17552973330020905,0.11953204870223999,0.12766611576080322,0.20638395845890045
validation,66_v1_31_content_benarg_A_star-BFS-Dijkstra-algorithms_AI_assignment3_part2.py_cleaned.png,1,1,0.21992115676403046,0.24686415493488312,0.13527120649814606,0.1150350347161293,0.13702398538589478,0.1458844542503357
validation,66_v1_6_content_chawl002_PythonProject141_2_assignment2.py_cleaned.png,1,0,0.29693734645843506,0.17345747351646423,0.12493464350700378,0.14953742921352386,0.13233256340026855,0.12280058860778809
validation,67_v1_16_content_NB-prog_INTERN-2019_config.py_cleaned.png,1,2,0.12071532756090164,0.13480493426322937,0.24462105333805084,0.2036004662513733,0.10906758904457092,0.18719053268432617
validation,67_v1_1_content_ForeverPs_Visualization-of-sort-algorithms_SORT.py_cleaned.png,1,1,0.18175987899303436,0.2513624429702759,0.15392035245895386,0.1411800980567932,0.14809782803058624,0.12367938458919525
validation,67_v1_22_content_mikaelharseno_DurianBot_allnodesolver.py_cleaned.png,1,1,0.1510937362909317,0.18083879351615906,0.1705321967601776,0.17705802619457245,0.16763804852962494,0.1528392732143402
validation,67_v1_2_content_facebookresearch_reward-estimator-corl_configurations_continuous_uniform.py_cleaned.png,1,3,0.14419564604759216,0.1616634875535965,0.1810208410024643,0.20761676132678986,0.12060355395078659,0.1848997175693512
validation,67_v1_31_content_Cadellinman_RB-EmailSorter_RedBubbleSorter.py_cleaned.png,1,2,0.11383882164955139,0.20952850580215454,0.23858444392681122,0.17033089697360992,0.1277913898229599,0.1399260014295578
validation,67_v1_7_content_ghifarozarrr_floyd-warshall-algorithm_floyd.py_cleaned.png,1,2,0.13469763100147247,0.1747732311487198,0.1860966682434082,0.15852846205234528,0.16774265468120575,0.17816133797168732
validation,68_v1_1_content_HarryBaker_LDAtopicSimilarity_similaritySuite.py_cleaned.png,1,3,0.14846761524677277,0.1667231172323227,0.18562117218971252,0.18797236680984497,0.15262006223201752,0.15859560668468475
validation,68_v1_28_content_tomsiwek_gprMax-Designer_operation.py_cleaned.png,1,2,0.1852041482925415,0.13751007616519928,0.22346191108226776,0.14195264875888824,0.15957726538181305,0.15229399502277374
validation,68_v1_30_content_sina-ehsani_NaiveBayes_SNLI_prepro.py_cleaned.png,1,1,0.13909272849559784,0.21595343947410583,0.1951967030763626,0.13517802953720093,0.14133551716804504,0.17324349284172058
validation,68_v1_32_content_BhaveshMotwani_Hierarchical_Document_Clustering_hac.py_cleaned.png,1,1,0.15456227958202362,0.4459567964076996,0.1622168868780136,0.09846064448356628,0.07615549117326736,0.06264794617891312
validation,68_v1_33_content_Ryan-Fortner_bubble_sort_bubble_sort.py_cleaned.png,1,2,0.15684065222740173,0.18075382709503174,0.19223487377166748,0.17201267182826996,0.1368144303560257,0.16134347021579742
validation,68_v1_36_content_OneWinged-Eagle_spotimy_getArtists.py_cleaned.png,1,2,0.13217172026634216,0.1605968028306961,0.25092998147010803,0.15623308718204498,0.1516377031803131,0.14843064546585083
validation,68_v1_36_content_aholyoke_bfs_vs_dfs_bfs.py_cleaned.png,1,2,0.1469699591398239,0.16346445679664612,0.2008846402168274,0.1680070012807846,0.1503182053565979,0.17035581171512604
validation,68_v1_40_content_phoolchandra_Text-Search-Engine_search.py_cleaned.png,1,2,0.12546241283416748,0.19570282101631165,0.2045048326253891,0.17820772528648376,0.15686464309692383,0.1392575204372406
validation,69_v1_12_content_romanorac_elastic_localized_search_main.py_cleaned.png,1,5,0.13853369653224945,0.18166466057300568,0.17125043272972107,0.14610816538333893,0.1495686024427414,0.2128743976354599
validation,69_v1_16_content_NB-prog_INTERN-2019_plot.py_cleaned.png,1,1,0.12580259144306183,0.2551879286766052,0.19225361943244934,0.11428029835224152,0.12321548908948898,0.1892601102590561
validation,69_v1_21_content_hagyu-aya_prime-number-bot_index.py_cleaned.png,1,5,0.1913149505853653,0.15052394568920135,0.14319173991680145,0.10920426994562149,0.17628435790538788,0.22948069870471954
validation,69_v1_22_content_mikaelharseno_DurianBot_solver.py_cleaned.png,1,0,0.21495480835437775,0.1631370633840561,0.14617329835891724,0.14405936002731323,0.1535683572292328,0.1781071126461029
validation,69_v1_2_content_Aluriak_kruskal-clustering_kruskal_viz.py_cleaned.png,1,2,0.13975556194782257,0.1570909172296524,0.20602445304393768,0.16426047682762146,0.1529923975467682,0.17987613379955292
validation,69_v1_31_content_dariswan_AudioRetrieval-Classification_ekstraksi.py_cleaned.png,1,1,0.13915224373340607,0.1810043603181839,0.17838400602340698,0.17447397112846375,0.1688689887523651,0.1581164449453354
validation,69_v1_32_content_clee1994_MasterThesis_table_helper.py_cleaned.png,1,3,0.1129106655716896,0.15836723148822784,0.19698359072208405,0.21784569323062897,0.15197068452835083,0.16192209720611572
validation,69_v1_4_content_mahimanzum_PCA-and-GMM-from-scratch-_PCA_With_GMM.py_cleaned.png,1,1,0.174226313829422,0.19171607494354248,0.18856656551361084,0.1342807561159134,0.17109502851963043,0.14011527597904205
validation,69_v1_52_content_CorrineTan_Digital-Signature-Schemes-Evaluation_eddsa_25519.py_cleaned.png,1,2,0.18370598554611206,0.1508636623620987,0.20987577736377716,0.12892138957977295,0.17272765934467316,0.15390555560588837
validation,70_v1_1_content_sadnessFree_arima-lstm_lstm.py_cleaned.png,1,2,0.16480782628059387,0.18033380806446075,0.26817238330841064,0.10943775624036789,0.11815135180950165,0.1590968519449234
validation,70_v1_1_content_vijaymukhiija_Sale-optimizing_apyori.py_cleaned.png,1,0,0.23356202244758606,0.1813127100467682,0.12414134293794632,0.15730653703212738,0.14406082034111023,0.15961650013923645
validation,70_v1_33_content_apoorvpatne10_Hierarchical-clustering_hc.py_cleaned.png,1,1,0.14939197897911072,0.17874224483966827,0.17862728238105774,0.16878288984298706,0.16901268064975739,0.1554429531097412
validation,70_v1_37_content_TolgaGolet_CPU-Scheduling-Algorithms-Simulation_OperatingSystems_CPUSchedulingReverse.py_cleaned.png,1,1,0.15216580033302307,0.20037493109703064,0.17136813700199127,0.17214205861091614,0.1491585522890091,0.15479055047035217
validation,70_v1_37_content_saurabhzingade_Naive-Bayes-Basic_naive.py_cleaned.png,1,1,0.13860411942005157,0.18317769467830658,0.16850005090236664,0.16591776907444,0.16680721938610077,0.1769932061433792
validation,70_v1_40_content_cofinley_sudoku_cell.py_cleaned.png,1,2,0.11735450476408005,0.15053364634513855,0.23754733800888062,0.18969133496284485,0.1207275316119194,0.18414559960365295
validation,71_v1_15_content_jknight1725_linear_search_vs_random_search_myFunctions.py_cleaned.png,1,5,0.140735924243927,0.17978642880916595,0.16101257503032684,0.16311192512512207,0.1754075586795807,0.17994551360607147
validation,71_v1_1_content_jim-spyropoulos_Trajectory-Analysis-and-Classification-in-Python-Pandas-and-Scikit-Learn_classifytraj.py_cleaned.png,1,1,0.15870389342308044,0.18166232109069824,0.17593058943748474,0.1758580207824707,0.15885019302368164,0.14899493753910065
validation,71_v1_23_content_cjonsmith_prime_calc_prime_days.py_cleaned.png,1,2,0.20342467725276947,0.15761682391166687,0.25450167059898376,0.1116175428032875,0.12261542677879333,0.15022388100624084
validation,71_v1_2_content_adwansyed_Market-Basket-Analysis-Apriori_bruteforce_marketbasketanalysis.py_cleaned.png,1,1,0.1466904878616333,0.19023972749710083,0.18860474228858948,0.14917585253715515,0.1503167450428009,0.17497242987155914
validation,71_v1_38_content_dareofmeashwani_Pre-Processing-Queue-For-Deep-Learning-Model_DataQueue.py_cleaned.png,1,2,0.09978482872247696,0.21847622096538544,0.22942852973937988,0.17841963469982147,0.14062005281448364,0.13327084481716156
validation,71_v1_43_content_aabs_edx-ai-week11-project_Tests.py_cleaned.png,1,5,0.15451201796531677,0.13890056312084198,0.2005625218153,0.13178499042987823,0.16539990901947021,0.2088400423526764
validation,71_v1_4_content_raghavgsk25_polynomial-regression-1_pl.py_cleaned.png,1,1,0.1813294142484665,0.21140943467617035,0.16469772160053253,0.10039276629686356,0.17596054077148438,0.16621002554893494
validation,71_v1_58_content_Schuck9_PCA_PCA.py_cleaned.png,1,2,0.09157790243625641,0.20507872104644775,0.24829404056072235,0.1493394672870636,0.10788741707801819,0.19782251119613647
validation,72_v1_14_content_Qutuf_Qutuf_manage.py_cleaned.png,1,5,0.1844106912612915,0.1270236074924469,0.13801579177379608,0.11875351518392563,0.21576768159866333,0.21602872014045715
validation,72_v1_15_content_jknight1725_linear_search_vs_random_search_random_case.py_cleaned.png,1,4,0.17282173037528992,0.13828568160533905,0.1686438024044037,0.12940865755081177,0.1957421749830246,0.19509796798229218
validation,72_v1_1_content_sadnessFree_arima-lstm_muilt_lstm.py_cleaned.png,1,2,0.1618393212556839,0.17954403162002563,0.18132330477237701,0.17050208151340485,0.16410808265209198,0.14268316328525543
validation,72_v1_3_content_ml-for-nlp_authorship-attribution_attribution.py_cleaned.png,1,1,0.1412844955921173,0.2123662531375885,0.1837494820356369,0.15645310282707214,0.1419104039669037,0.16423632204532623
validation,72_v1_4_content_hyper750_factorialhr_constants.py_cleaned.png,1,2,0.14425650238990784,0.16822922229766846,0.1926792711019516,0.18478500843048096,0.15735529363155365,0.1526947319507599
validation,72_v1_8_content_chiragragarwal_Graphs_And_Networks_PlotGraph.py_cleaned.png,1,0,0.22794321179389954,0.21106630563735962,0.120228111743927,0.1285923272371292,0.167601078748703,0.14456897974014282
validation,73_v1_21_content_KingYapster_ECC-Elliptic-Curve-Cryptography-in-Python_ECC.py_cleaned.png,1,2,0.127069890499115,0.1721751093864441,0.20054790377616882,0.16807474195957184,0.14867255091667175,0.1834598183631897
validation,73_v1_23_content_wliabc_Prime-numbers_prime.py_cleaned.png,1,4,0.19997167587280273,0.14508961141109467,0.18661026656627655,0.140061154961586,0.2005123347043991,0.1277550458908081
validation,73_v1_25_content_ryansmick_SortedOrderedDict_PersistentDict.py_cleaned.png,1,2,0.1297321766614914,0.17234984040260315,0.2318004071712494,0.18734920024871826,0.13413454592227936,0.1446339190006256
validation,73_v1_2_content_neonb88_knn_knn_machine_learning_hw1.py_cleaned.png,1,3,0.16242225468158722,0.14560472965240479,0.16316969692707062,0.19533750414848328,0.1655368208885193,0.16792906820774078
validation,73_v1_35_content_riccardobisori_Binary-Trees_ResultsInsert.py_cleaned.png,1,2,0.13698770105838776,0.1835784614086151,0.19105061888694763,0.17333479225635529,0.14479482173919678,0.17025363445281982
validation,73_v1_39_content_guneskaan_queueBot_queue_bot.py_cleaned.png,1,2,0.1362096220254898,0.17625692486763,0.18998630344867706,0.17391639947891235,0.15586858987808228,0.1677621603012085
validation,73_v1_3_content_abdulqadirs_distance-vector-routing-protocol_DVR.py_cleaned.png,1,2,0.1564655900001526,0.1378544569015503,0.19785597920417786,0.1945490837097168,0.13718537986278534,0.17608946561813354
validation,73_v1_42_content_darshan-jain-29_ml-naive-bayes-working-demo_email_preprocess.py_cleaned.png,1,2,0.13759154081344604,0.1718432605266571,0.21312996745109558,0.17200174927711487,0.12516582012176514,0.18026769161224365
validation,74_v1_24_content_jakubfolta_PrimeNumber_Prime.py_cleaned.png,1,2,0.16882117092609406,0.15068724751472473,0.18975253403186798,0.15497100353240967,0.15760301053524017,0.17816507816314697
validation,74_v1_26_content_AnilBattalahalli_cryptfather_cryptfather.py_cleaned.png,1,1,0.15048232674598694,0.18753233551979065,0.17808504402637482,0.1866869479417801,0.1402081549167633,0.1570052057504654
validation,74_v1_32_content_Spanfile_Dijkstra_test.py_cleaned.png,1,4,0.15013501048088074,0.18129070103168488,0.1818850040435791,0.13695761561393738,0.18204189836978912,0.16768977046012878
validation,74_v1_32_content_arian100y_Travelling-Salesman-Problem_createCaminos.py_cleaned.png,1,1,0.15722247958183289,0.2948022186756134,0.19489304721355438,0.13082224130630493,0.09959731996059418,0.122662752866745
validation,74_v1_35_content_XiaoCode-er_image-digital-express_cluster_pic.py_cleaned.png,1,1,0.1523524522781372,0.19863289594650269,0.18632762134075165,0.15827570855617523,0.15042482316493988,0.15398645401000977
validation,74_v1_43_content_odubno_ford-fulkerson-max-flow_test_max_flow.py_cleaned.png,1,0,0.19385865330696106,0.15270641446113586,0.17298763990402222,0.124507375061512,0.16736100614070892,0.18857896327972412
validation,74_v1_62_content_taabishm2_Proactive-FDH-RSA-Signature_fileOp.py_cleaned.png,1,4,0.15971218049526215,0.17248517274856567,0.14963138103485107,0.1679030954837799,0.19030241668224335,0.15996576845645905
validation,75_v1_16_content_davda54_pytorch-transformer-lemmatization_lr_decay.py_cleaned.png,1,2,0.16411879658699036,0.1559130698442459,0.19652102887630463,0.13931810855865479,0.16439953446388245,0.1797294169664383
validation,75_v1_19_content_Vijendra2410_Sentiment-Analysis_RestaurantReview.py_cleaned.png,1,0,0.19449852406978607,0.15399058163166046,0.1844511777162552,0.19135180115699768,0.1289156824350357,0.1467921882867813
validation,75_v1_28_content_alexanderogle_Enigma_Machine_em_functions.py_cleaned.png,1,2,0.15727731585502625,0.16216079890727997,0.20042043924331665,0.11269748210906982,0.1961001306772232,0.17134378850460052
validation,75_v1_2_content_vineetkia_Fundamentals-Of-Cryptography__6_-Columnar_Transposition.py_cleaned.png,1,5,0.15512464940547943,0.1393454521894455,0.1685563027858734,0.1830703318119049,0.16205966472625732,0.19184362888336182
validation,75_v1_48_content_andrewdoanutz_NaiveBayesClassifier_NaiveBayesClassifier.py_cleaned.png,1,1,0.15412747859954834,0.21720761060714722,0.2038251906633377,0.14602860808372498,0.1385687291622162,0.14024251699447632
validation,75_v1_4_content_JosephFWright_Prims_Algorithm_Prims.py_cleaned.png,1,4,0.16170264780521393,0.17358888685703278,0.1705443114042282,0.13562367856502533,0.2073242962360382,0.15121617913246155
validation,75_v1_53_content_rghv404_Language_identification_make_predictions.py_cleaned.png,1,2,0.1382233202457428,0.1752849668264389,0.20985864102840424,0.17708471417427063,0.12376478314399719,0.1757836639881134
validation,75_v1_56_content_Desire100_Machine-Learning-Regression-Models-for-beginners_simple_linear_regression.py_cleaned.png,1,1,0.1506020575761795,0.2059512734413147,0.16610783338546753,0.18047145009040833,0.14714251458644867,0.14972485601902008
validation,76_v1_31_content_nazmeenkhan_Diffie-Hellman_UserB.py_cleaned.png,1,2,0.14390115439891815,0.17826981842517853,0.20195604860782623,0.15043583512306213,0.17971211671829224,0.14572502672672272
validation,76_v1_3_content_facebookresearch_deep-variance-reduction_cifar_wrapper.py_cleaned.png,1,3,0.14176258444786072,0.14744383096694946,0.20844461023807526,0.21228380501270294,0.12278856337070465,0.16727660596370697
validation,76_v1_4_content_flaviohenriqu_divisibility_flaskapp.py_cleaned.png,1,0,0.17000262439250946,0.16383852064609528,0.1654244214296341,0.16458012163639069,0.16786983609199524,0.16828452050685883
validation,76_v1_4_content_kevalmorabia97_Agglomerative-Hierarchical-Clustering-Comparison_HierarchicalAgglomerativeClustering.py_cleaned.png,1,5,0.1449473351240158,0.17864999175071716,0.16623586416244507,0.1685604453086853,0.16054697334766388,0.18105946481227875
validation,77_v1_20_content_aditiopangestu_spam_data_converter_lingspam_filter.py_cleaned.png,1,1,0.11076927930116653,0.2021079808473587,0.17592139542102814,0.16922438144683838,0.17308703064918518,0.16888993978500366
validation,77_v1_23_content_eW1z4rd_AES-File-Encryptor_FileEncryptor.py_cleaned.png,1,2,0.1318931132555008,0.17746080458164215,0.23403692245483398,0.19912287592887878,0.10519707202911377,0.15228916704654694
validation,77_v1_33_content_prabhatpal77_Complete-core-python-_dictcomp.py_cleaned.png,1,2,0.16806624829769135,0.14655372500419617,0.23060980439186096,0.14204822480678558,0.16775387525558472,0.14496807754039764
validation,77_v1_44_content_CppbetterC_A-Star_Heap.py_cleaned.png,1,5,0.17992424964904785,0.16671165823936462,0.14482028782367706,0.14667505025863647,0.17291545867919922,0.18895329535007477
validation,77_v1_52_content_jitunayak_Tensorflow-object-recognition-GUI-DesktopApp_face_crop.py_cleaned.png,1,2,0.15189969539642334,0.16448144614696503,0.17736589908599854,0.16842055320739746,0.17328445613384247,0.1645479053258896
validation,78_v1_23_content_ishannadeep_AES-and-Des-hybrid-encryption-algorithm-python-3_test.py_cleaned.png,1,0,0.23650452494621277,0.14409416913986206,0.16223739087581635,0.16390930116176605,0.17967456579208374,0.11358010768890381
validation,78_v1_2_content_riki95_Many-Time-Pad-Cracker_cracker.py_cleaned.png,1,1,0.1874096393585205,0.2874554693698883,0.16397398710250854,0.0836762860417366,0.16731302440166473,0.11017154902219772
validation,78_v1_5_content_AdamJacoby_Hopf_ElementClass.py_cleaned.png,1,1,0.16432009637355804,0.18853028118610382,0.16341540217399597,0.17212003469467163,0.15447865426540375,0.15713556110858917
validation,78_v1_5_content_abcsds_Prim_exampleL.py_cleaned.png,1,5,0.2109827846288681,0.14224028587341309,0.18309098482131958,0.13864535093307495,0.11163461208343506,0.21340599656105042
validation,78_v1_66_content_MihaiGaidau_RSA_main.py_cleaned.png,1,5,0.1538723111152649,0.16939786076545715,0.1611727625131607,0.1553162932395935,0.16846822202205658,0.19177258014678955
validation,78_v1_68_content_mvivancq_DfsSudokuSolver_bfs.py_cleaned.png,1,2,0.15243276953697205,0.1754368096590042,0.200531005859375,0.15230073034763336,0.1631968915462494,0.15610185265541077
validation,79_v1_22_content_mikpim01_Python-NLTK_task_stopword_removal.py_cleaned.png,1,2,0.14884379506111145,0.19378355145454407,0.23348017036914825,0.16630388796329498,0.11460081487894058,0.14298783242702484
validation,79_v1_28_content_gizzidan_basic-python-practice_primes.py_cleaned.png,1,2,0.14493489265441895,0.1584482192993164,0.1895328015089035,0.1649126261472702,0.17049932479858398,0.17167219519615173
validation,79_v1_29_content_cmccoypdx_PythonSortCompare_Generator.py_cleaned.png,1,5,0.15027520060539246,0.1645604819059372,0.1362534463405609,0.12551212310791016,0.19166505336761475,0.23173364996910095
validation,79_v1_2_content_ForeverPs_Visualization-of-sort-algorithms_SORT.py_cleaned.png,1,2,0.17473433911800385,0.17362569272518158,0.1946025937795639,0.15087272226810455,0.15212592482566833,0.1540387123823166
validation,79_v1_2_content_cardwizard_EllipticCurves_ec_dhe.py_cleaned.png,1,2,0.155278280377388,0.16708937287330627,0.183212012052536,0.15853600203990936,0.17398613691329956,0.1618981510400772
validation,79_v1_46_content_vaish06_EurailShortestPath_brainstorm.py_cleaned.png,1,0,0.2101900279521942,0.1655154824256897,0.17813940346240997,0.14526692032814026,0.19129317998886108,0.10959509015083313
validation,79_v1_55_content_NM20XX_Python_Fibonacci_Sequence.py_cleaned.png,1,2,0.13767766952514648,0.17919321358203888,0.20159737765789032,0.1753874272108078,0.14142188429832458,0.16472241282463074
validation,79_v1_5_content_AdamJacoby_Hopf_ExampleGroup_Functions.py_cleaned.png,1,2,0.15880770981311798,0.19991542398929596,0.26418420672416687,0.11765855550765991,0.1153048500418663,0.14412927627563477
validation,79_v1_67_content_peterjhyoon_rsa-math_math_functions.py_cleaned.png,1,5,0.1551729142665863,0.1815972924232483,0.16473084688186646,0.17135708034038544,0.13493165373802185,0.19221019744873047
validation,79_v1_68_content_mvivancq_DfsSudokuSolver_dfs.py_cleaned.png,1,2,0.10787379741668701,0.17969746887683868,0.2475203424692154,0.17578095197677612,0.10963983833789825,0.17948760092258453
validation,80_v1_2_content_mhiratsuka_selectionSortPython_selectionSort.py_cleaned.png,1,4,0.19845230877399445,0.1278861165046692,0.13969875872135162,0.13837766647338867,0.21648366749286652,0.17910152673721313
validation,80_v1_31_content_alonek1_huffman_compression_algorithm_haffmen.py_cleaned.png,1,2,0.12837350368499756,0.20141752064228058,0.2055646777153015,0.12374173849821091,0.1498854011297226,0.19101713597774506
validation,80_v1_35_content_DiarmuidKelly_Key_Exchange_diffie_hellman.py_cleaned.png,1,4,0.14997968077659607,0.17441655695438385,0.15039293467998505,0.17072167992591858,0.19291742146015167,0.16157181560993195
validation,80_v1_51_content_adityapatelgithub_Expressions-and-Functions_peekable.py_cleaned.png,1,4,0.1723329722881317,0.1496221125125885,0.15713337063789368,0.1451541930437088,0.18979792296886444,0.18595945835113525
validation,80_v1_52_content_PhaniBalagam27_Big-data-Analytics-on-dallas-police-incidents-dataset_Q5_code.py_cleaned.png,1,2,0.18221627175807953,0.16882944107055664,0.213802769780159,0.19995537400245667,0.10133584588766098,0.1338602900505066
validation,80_v1_5_content_Fmccline_Prims-Algorithm_graph_builder.py_cleaned.png,1,5,0.16426613926887512,0.14574885368347168,0.1633279025554657,0.16540251672267914,0.15386316180229187,0.20739147067070007
validation,81_v1_30_content_choogeboom_photo-sorter_photo_sorter.py_cleaned.png,1,1,0.18111680448055267,0.20445305109024048,0.18317873775959015,0.1334112286567688,0.16015411913394928,0.13768601417541504
validation,81_v1_54_content_wilrnh_oneoffs_file2mail.py_cleaned.png,1,2,0.14272743463516235,0.15366478264331818,0.21907275915145874,0.15807095170021057,0.14192341268062592,0.18454067409038544
validation,81_v1_61_content_piyush-taneja_Salary-Predictor_Random_Forest_Regression.py_cleaned.png,1,2,0.13447579741477966,0.18549944460391998,0.18798615038394928,0.15278077125549316,0.17050746083259583,0.16875043511390686
validation,82_v1_2_content_laendle1999_NasceUmAEstrela_reberto.py_cleaned.png,1,0,0.17873914539813995,0.1766170859336853,0.17381489276885986,0.16323119401931763,0.1473461538553238,0.160251647233963
validation,82_v1_42_content_matbot_Py_merge_vs_insert_sorts_insertionsort.py_cleaned.png,1,4,0.18631784617900848,0.19023367762565613,0.16355033218860626,0.12363787740468979,0.19950275123119354,0.1367575228214264
validation,82_v1_58_content_zhaoyichanghong_machine_learing_algo_python_knn.py_cleaned.png,1,2,0.14249809086322784,0.1414308100938797,0.2105700671672821,0.1711990386247635,0.1422455906867981,0.19205638766288757
validation,82_v1_6_content_zhenv5_breaking_cycles_in_noisy_hierarchies_true_skill.py_cleaned.png,1,2,0.12513689696788788,0.15108755230903625,0.252702534198761,0.19384875893592834,0.11610636115074158,0.16111786663532257
validation,83_v1_44_content_eastxe_cosine-knn_knn.py_cleaned.png,1,2,0.16136571764945984,0.17352552711963654,0.18873585760593414,0.16425521671772003,0.15665438771247864,0.155463308095932
validation,83_v1_4_content_Khante_Distance-Vector-Algorithm_simulation_2.py_cleaned.png,1,2,0.13055208325386047,0.19536109268665314,0.27276644110679626,0.1684405356645584,0.09546472132205963,0.13741514086723328
validation,83_v1_52_content_Tchaikovic_dijkstra_mapcreator.py_cleaned.png,1,1,0.18317095935344696,0.2441720813512802,0.20196613669395447,0.09321022033691406,0.10408730804920197,0.17339323461055756
validation,83_v1_52_content_jamesbutler01_Normalise-Luminance-Across-Images_main.py_cleaned.png,1,1,0.11939983069896698,0.21815918385982513,0.21223369240760803,0.18509940803050995,0.12495709955692291,0.14015084505081177
validation,83_v1_54_content_sumanth-bmsce_Unsupervised_Extreme_Learning_Machine_Spectral_Clustering.py_cleaned.png,1,1,0.1570485383272171,0.18830998241901398,0.16852203011512756,0.14249564707279205,0.1772485375404358,0.16637524962425232
validation,84_v1_52_content_kantonist_printBST_printBST.py_cleaned.png,1,1,0.16643354296684265,0.18877744674682617,0.18347199261188507,0.14558976888656616,0.14711163938045502,0.16861563920974731
validation,84_v1_5_content_AdamJacoby_Hopf_Example_Matrix_Algebra.py_cleaned.png,1,2,0.1462590992450714,0.1332850307226181,0.22950764000415802,0.17157113552093506,0.14397569000720978,0.1754014492034912
validation,84_v1_84_content_LatrecheYasser_Secure-Python-Chat_RC4.py_cleaned.png,1,2,0.20048482716083527,0.16154129803180695,0.20104245841503143,0.11226623505353928,0.14956147968769073,0.17510370910167694
validation,85_v1_42_content_aira26_HomeWork3_quicksortclass.py_cleaned.png,1,2,0.07850559800863266,0.17405107617378235,0.2531546950340271,0.1947508305311203,0.11026235669851303,0.18927548825740814
validation,85_v1_4_content_sumedhvdatar_Longest_Common_Subsequence_lcs.py_cleaned.png,1,4,0.18721581995487213,0.13831527531147003,0.14458374679088593,0.14265692234039307,0.2136526256799698,0.17357562482357025
validation,85_v1_55_content_taksug229_Python-hierarchical-clustering_Working_Data_Hierarchical_Clustering.py_cleaned.png,1,3,0.13266690075397491,0.17061033844947815,0.18477781116962433,0.19908082485198975,0.14470170438289642,0.168162539601326
validation,85_v1_6_content_chiragragarwal_Graphs_And_Networks___init__.py_cleaned.png,1,0,0.21651695668697357,0.12156292051076889,0.12927591800689697,0.144997701048851,0.1929187923669815,0.19472770392894745
validation,85_v1_6_content_steviedale_random_maze_generator_main.py_cleaned.png,1,5,0.18629352748394012,0.15165601670742035,0.12735426425933838,0.15193520486354828,0.1776115894317627,0.20514938235282898
validation,85_v1_78_content_uptodiff_kdd-cup-99-Analysis-machine-learning-python_kdd_binary_classification_ANN.py_cleaned.png,1,2,0.13552609086036682,0.1741960346698761,0.2934279143810272,0.13787485659122467,0.10688719153404236,0.15208786725997925
validation,86_v1_42_content_TechnoMonoCo_Python-Doubly-Linked-List_LL.py_cleaned.png,1,2,0.09930422157049179,0.1738196462392807,0.25642848014831543,0.1852620542049408,0.10880858451128006,0.1763770431280136
validation,86_v1_5_content_LuttaKing_AES-style-Encryptor-Decryptor_encryptorGUI.py_cleaned.png,1,2,0.12731021642684937,0.1932980716228485,0.2361476570367813,0.1978483498096466,0.09312298148870468,0.15227271616458893
validation,86_v1_5_content_amirheidarikhoram_longest-common-subsequence_lcs.py_cleaned.png,1,3,0.131684809923172,0.14818771183490753,0.20785509049892426,0.22243958711624146,0.13057005405426025,0.15926267206668854
validation,86_v1_5_content_domodomodomo_binary_search_tree_test.py_cleaned.png,1,2,0.12999796867370605,0.1557542085647583,0.23165644705295563,0.1753377467393875,0.12090735137462616,0.18634630739688873
validation,86_v1_63_content_avitabayan_Machine-learning_svr.py_cleaned.png,1,2,0.15364690124988556,0.17920981347560883,0.19164292514324188,0.18652714788913727,0.1471107453107834,0.14186249673366547
validation,86_v1_6_content_muhammadhabibi_CBS01_Main.py_cleaned.png,1,5,0.15195010602474213,0.1692759096622467,0.16011427342891693,0.1526731550693512,0.17923523485660553,0.1867513358592987
validation,86_v1_77_content_elisawarner_Fun_determinant.py_cleaned.png,1,1,0.13830158114433289,0.18587547540664673,0.1595776230096817,0.17317838966846466,0.17836736142635345,0.16469953954219818
validation,87_v1_46_content_arun-p12_sort-algorithms_quick_sort.py_cleaned.png,1,5,0.14060190320014954,0.17212891578674316,0.15452900528907776,0.16150467097759247,0.18333685398101807,0.187898650765419
validation,87_v1_4_content_sezisoro_PyTimePad_PyTimePad.py_cleaned.png,1,1,0.1224384605884552,0.2152794450521469,0.17613008618354797,0.1732824593782425,0.15063530206680298,0.16223421692848206
validation,87_v1_62_content_arenart90_fsm-python_fsm.py_cleaned.png,1,0,0.18350499868392944,0.16258494555950165,0.1579640507698059,0.14309076964855194,0.17698921263217926,0.17586608231067657
validation,87_v1_62_content_wang2226_Clustering_k-means_plot.py_cleaned.png,1,2,0.14042633771896362,0.187124565243721,0.18848448991775513,0.18670162558555603,0.14747492969036102,0.1497880071401596
validation,87_v1_87_content_SinaBahrami89_RSA-cryptosystem-with-different-prime-generators_RSA_Keys.py_cleaned.png,1,1,0.14097195863723755,0.20912693440914154,0.17636702954769135,0.17071323096752167,0.14795947074890137,0.15486136078834534
validation,88_v1_41_content_sarahandert_python-practice--sorting_sample5.py_cleaned.png,1,2,0.10408125072717667,0.1615060567855835,0.23824618756771088,0.18804019689559937,0.16527359187602997,0.1428527534008026
validation,88_v1_5_content_chriskbwong_quickSort_quickSort.py_cleaned.png,1,5,0.16551648080348969,0.15916332602500916,0.16803602874279022,0.1713438779115677,0.16284404695034027,0.1730961799621582
validation,88_v1_5_content_llp0702_one-time-pad-implementation-python_main.py_cleaned.png,1,3,0.1386578381061554,0.17795366048812866,0.183267742395401,0.18357044458389282,0.14978209137916565,0.16676825284957886
validation,88_v1_5_content_ongyongzheng_cass_main_unet.py_cleaned.png,1,1,0.19039563834667206,0.35364535450935364,0.1830497831106186,0.08168705552816391,0.1042565181851387,0.08696557581424713
validation,88_v1_61_content_EricHasegawa_binary-search_binary_search.py_cleaned.png,1,2,0.11885129660367966,0.1876077950000763,0.21330015361309052,0.16467131674289703,0.1366707682609558,0.1788986623287201
validation,88_v1_66_content_ChavezE_Parallel_PFVA_image_tester.py_cleaned.png,1,2,0.14443832635879517,0.15558001399040222,0.2278483510017395,0.1748293936252594,0.13829027116298676,0.15901365876197815
validation,88_v1_66_content_KarlaFlorentino_Dijkstra_dijkstra.py_cleaned.png,1,2,0.18917952477931976,0.19083741307258606,0.19922977685928345,0.15008845925331116,0.1287558376789093,0.1419089436531067
validation,88_v1_84_content_rayjc_ml-pca-foreground-removal_miscHelper.py_cleaned.png,1,1,0.16024483740329742,0.19161897897720337,0.16149534285068512,0.18351443111896515,0.1400100737810135,0.16311641037464142
validation,88_v1_84_content_rev1z_async_factorial_webapp_logic.py_cleaned.png,1,2,0.16756197810173035,0.18297213315963745,0.1918051391839981,0.14876171946525574,0.1700846403837204,0.13881438970565796
validation,89_v1_33_content_chafiknaceri_Credit-Card-Debt_LinearPayement.py_cleaned.png,1,2,0.11978936940431595,0.16393035650253296,0.23237639665603638,0.1526821255683899,0.14004312455654144,0.1911785900592804
validation,89_v1_6_content_austinteshuba_QuickSort_Sort.py_cleaned.png,1,1,0.13941046595573425,0.18018178641796112,0.17443004250526428,0.1781681627035141,0.1728181689977646,0.15499141812324524
validation,89_v1_6_content_metintorunoglu_Polynomial-Linear-Regression_4_Polynomial_Regression.py_cleaned.png,1,2,0.16940557956695557,0.17923341691493988,0.20270980894565582,0.14895261824131012,0.16401416063308716,0.13568443059921265
validation,89_v1_6_content_singh-sidharth_Longest-Common-Subsequence_LCS.py_cleaned.png,1,4,0.15817034244537354,0.16164739429950714,0.14153434336185455,0.15800678730010986,0.19475623965263367,0.18588483333587646
validation,89_v1_70_content_DimaAntoniuk_Lab4_bfs_bfs.py_cleaned.png,1,2,0.11382433027029037,0.12905353307724,0.20756754279136658,0.18375350534915924,0.18999992311000824,0.17580120265483856
validation,89_v1_7_content_Aly-Tomato_Prims-and-Kruskals_glb.py_cleaned.png,1,1,0.14001582562923431,0.18328940868377686,0.17669090628623962,0.18095099925994873,0.16049712896347046,0.15855568647384644
validation,90_v1_45_content_Dimildizio_pyqt_traincars_sort_cars_coal.py_cleaned.png,1,2,0.11852727085351944,0.15758933126926422,0.20986950397491455,0.19373153150081635,0.15133166313171387,0.16895073652267456
validation,90_v1_71_content_DylanHarrisonGithub_AVLTree_AVLTree.py_cleaned.png,1,2,0.1691282093524933,0.12580716609954834,0.19759470224380493,0.1947167068719864,0.16124430298805237,0.15150901675224304
validation,90_v1_78_content_FernandoDurier_apa-dijkstra___main__.py_cleaned.png,1,2,0.1504928469657898,0.19290311634540558,0.2107912003993988,0.17447958886623383,0.11788217723369598,0.15345098078250885
validation,90_v1_7_content_erfan-ghadery_Unsupervised-Aspect-Category-Detection_PreProcessing.py_cleaned.png,1,1,0.15732011198997498,0.18052777647972107,0.16479796171188354,0.1777721643447876,0.16131621599197388,0.15826579928398132
validation,91_v1_3_content_iykadev_pyalgo_shunting_yard_algo.py_cleaned.png,1,1,0.10363925248384476,0.23527437448501587,0.22634023427963257,0.14965605735778809,0.1471659243106842,0.1379242241382599
validation,91_v1_5_content_fernandolobato_ecc_verifiable_threshold_cryptosystem_key_gen.py_cleaned.png,1,2,0.1727801412343979,0.16658905148506165,0.18316376209259033,0.14963892102241516,0.1668318212032318,0.16099630296230316
validation,91_v1_5_content_supfisher_PredicrionInQueueNets_regression.py_cleaned.png,1,1,0.13595306873321533,0.30069565773010254,0.1865673065185547,0.17268195748329163,0.08349082618951797,0.12061113864183426
validation,91_v1_76_content_cakmakaf_Polynomial_Regression_for_Random_Dataset_Polynomial_Regression.py_cleaned.png,1,1,0.1381141096353531,0.19893106818199158,0.19264672696590424,0.16355596482753754,0.1313013732433319,0.17545068264007568
validation,91_v1_84_content_WizHacks_ChordDFS_topo.py_cleaned.png,1,5,0.180093914270401,0.1706559807062149,0.15140026807785034,0.1332840919494629,0.1315145641565323,0.2330511212348938
validation,92_v1_70_content_Arcnor_binja_search___init__.py_cleaned.png,1,2,0.12900812923908234,0.20625437796115875,0.2551786005496979,0.1447177529335022,0.09374482929706573,0.1710962951183319
validation,92_v1_7_content_fepz_AyCC_disjoint_set.py_cleaned.png,1,2,0.1479703038930893,0.14606578648090363,0.23906396329402924,0.1440637707710266,0.13016377389431,0.19267241656780243
validation,92_v1_90_content_cody-elhard_NaiveBayes_naive-bayes-numerical.py_cleaned.png,1,1,0.15429995954036713,0.182145893573761,0.15516437590122223,0.16897724568843842,0.1579931676387787,0.18141943216323853
validation,92_v1_97_content_mjurk456_mini-snakes_fizz_buzz.py_cleaned.png,1,1,0.1493094116449356,0.2054121345281601,0.1772913634777069,0.15640921890735626,0.1544453501701355,0.15713253617286682
validation,93_v1_7_content_MadalinaMircea_GraphAlgorithms_Repository.py_cleaned.png,1,2,0.14811930060386658,0.15859663486480713,0.1960083395242691,0.17777791619300842,0.1289433091878891,0.19055449962615967
validation,93_v1_7_content_denisyarats_pytorch_sac_ae_decoder.py_cleaned.png,1,1,0.15717963874340057,0.20498493313789368,0.12592154741287231,0.18967367708683014,0.17788401246070862,0.14435620605945587
validation,93_v1_80_content_arun-p12_sort-algorithms_quick_sort.py_cleaned.png,1,2,0.1565878540277481,0.15254834294319153,0.22392630577087402,0.17929378151893616,0.14536111056804657,0.14228259027004242
validation,93_v1_8_content_jasminegrewal_Naive-Bayes-KNN-Logistic-Regression_3b_knn.py_cleaned.png,1,2,0.16724438965320587,0.16283302009105682,0.1979561597108841,0.18921668827533722,0.14425815641880035,0.13849155604839325
validation,93_v1_97_content_mjurk456_mini-snakes_flowers.py_cleaned.png,1,1,0.15732011198997498,0.18052777647972107,0.16479796171188354,0.1777721643447876,0.16131621599197388,0.15826579928398132
validation,94_v1_3_content_iykadev_pyalgo_VertexGraph.py_cleaned.png,1,4,0.16283220052719116,0.16329780220985413,0.15563440322875977,0.141962468624115,0.18845851719379425,0.1878146082162857
validation,94_v1_4_content_BenCashman_Linear-Search_linear_search.py_cleaned.png,1,5,0.1689225137233734,0.1782568097114563,0.17064990103244781,0.1755480319261551,0.1201816126704216,0.18644112348556519
validation,94_v1_66_content_SanyaKathuria10_StackOverflow-Keyword-Extraction-System_spark.py_cleaned.png,1,3,0.15298298001289368,0.18162494897842407,0.17533503472805023,0.20192602276802063,0.13839338719844818,0.14973768591880798
validation,94_v1_7_content_ardyerwanda_SDN-Bellman-Ford-Pyretic_wG_bellfordCost.py_cleaned.png,1,0,0.21061328053474426,0.1763036996126175,0.1303066611289978,0.125970721244812,0.18677401542663574,0.17003165185451508
validation,94_v1_88_content_andreaestrada_mazecrawler_singlePowerup.py_cleaned.png,1,5,0.16796395182609558,0.14619816839694977,0.17748035490512848,0.16529443860054016,0.16035370528697968,0.18270935118198395
validation,94_v1_8_content_fepz_AyCC_disjoint_set.py_cleaned.png,1,1,0.1829557865858078,0.18395760655403137,0.17262870073318481,0.1468375325202942,0.17916440963745117,0.13445596396923065
validation,94_v1_8_content_omjego_AR-Mining-Hash-Tree_naive_apriori.py_cleaned.png,1,1,0.17259149253368378,0.23623442649841309,0.14267171919345856,0.12495636194944382,0.1708812713623047,0.15266478061676025
validation,94_v1_93_content_djzgroup_Visual-basedCharacterEmbedding_123.py_cleaned.png,1,1,0.1891556829214096,0.19743821024894714,0.1627044677734375,0.15961676836013794,0.16271720826625824,0.12836770713329315
validation,95_v1_3_content_iykadev_pyalgo_xiaolin_wus_line_algo.py_cleaned.png,1,1,0.14351563155651093,0.2119280993938446,0.16353021562099457,0.14855130016803741,0.1963440179824829,0.13613077998161316
validation,95_v1_56_content_newsteps8_Efficiency_of_SortingAlgorithms_merge_sort.py_cleaned.png,1,4,0.1822226494550705,0.18758095800876617,0.16347627341747284,0.1298779845237732,0.19575618207454681,0.1410858929157257
validation,95_v1_5_content_adamweissert_PythonLinearSearch_LinearSearch.py_cleaned.png,1,1,0.13837569952011108,0.2021019607782364,0.19202835857868195,0.1310104876756668,0.145426943898201,0.19105654954910278
validation,95_v1_8_content_16chuang_CS161_Project_judge.py_cleaned.png,1,2,0.14614249765872955,0.18467389047145844,0.19472910463809967,0.13737767934799194,0.15171468257904053,0.18536211550235748
validation,95_v1_94_content_UniqueRoHo_NaiveBayes_Continuous.py_cleaned.png,1,3,0.16590607166290283,0.1702609807252884,0.16337093710899353,0.18012532591819763,0.1704988032579422,0.14983785152435303
validation,95_v1_95_content_anurag423_Python-Project_primegen.py_cleaned.png,1,2,0.1342482715845108,0.21455352008342743,0.21856553852558136,0.14483335614204407,0.1434583216905594,0.1443410962820053
validation,96_v1_25_content_aajanki_finnish-pos-accuracy_sample_ftb1.py_cleaned.png,1,4,0.1384616494178772,0.1752912849187851,0.17169468104839325,0.14875303208827972,0.1855907142162323,0.18020862340927124
validation,96_v1_85_content_Dimildizio_pyqt_traincars_sort_cars_coal.py_cleaned.png,1,1,0.16119855642318726,0.20988495647907257,0.133544921875,0.2064061313867569,0.12813816964626312,0.16082721948623657
validation,96_v1_8_content_16chuang_CS161_Project_LCS.py_cleaned.png,1,3,0.1174216940999031,0.17805367708206177,0.19455349445343018,0.2023581862449646,0.14074628055095673,0.1668667048215866
validation,96_v1_8_content_GHasanKaraman_CS_PolynomialRegression_pr3.py_cleaned.png,1,1,0.1589387208223343,0.20328201353549957,0.2004891186952591,0.18533356487751007,0.10533316433429718,0.14662346243858337
validation,96_v1_97_content_mjurk456_mini-snakes_pseudorandom_sentence_generator.py_cleaned.png,1,2,0.14300264418125153,0.18016774952411652,0.21437187492847443,0.16199874877929688,0.13611941039562225,0.16433964669704437
validation,96_v1_98_content_pooja1909_Bigdata-project_input.py_cleaned.png,1,4,0.14343509078025818,0.1649300754070282,0.1285952627658844,0.13114476203918457,0.220669686794281,0.21122506260871887
validation,97_v1_4_content_gbrlcustodio_forecasting_genetic_alg.py_cleaned.png,1,1,0.20465530455112457,0.23317156732082367,0.17788861691951752,0.1047629863023758,0.143824502825737,0.135697141289711
validation,97_v1_6_content_gionanide_Cryptography_superincreasing_knapsack.py_cleaned.png,1,1,0.15146198868751526,0.22221167385578156,0.13886849582195282,0.16064457595348358,0.16934874653816223,0.15746460855007172
validation,97_v1_8_content_tochukwuokafor_Mersenne-numbers-Lucas-Lehmer-test-and-Sieve-of-Eratosthenes_mersenne_numbers_lucas_lehmer_sieve_of_eratosthenes.py_cleaned.png,1,2,0.12550966441631317,0.17142385244369507,0.22637511789798737,0.1548701524734497,0.15029777586460114,0.17152342200279236
validation,97_v1_9_content_gquintela_prim_main.py_cleaned.png,1,3,0.09676989167928696,0.17223377525806427,0.21560943126678467,0.2261803150177002,0.14941182732582092,0.13979472219944
validation,97_v1_9_content_ludmal_knn_knn.py_cleaned.png,1,2,0.12019721418619156,0.16668151319026947,0.22297483682632446,0.20191998779773712,0.13064908981323242,0.15757735073566437
validation,98_v1_6_content_gionanide_Cryptography_VernamCipher.py_cleaned.png,1,2,0.11449973285198212,0.17739468812942505,0.24226608872413635,0.17992955446243286,0.11431245505809784,0.1715974360704422
validation,98_v1_93_content_wei4keepingstudy_Artificial_Intelligence_hw2_dfs_forwardchecking.py_cleaned.png,1,4,0.1307232826948166,0.1768893450498581,0.16187526285648346,0.17244786024093628,0.19283105432987213,0.16523316502571106
validation,98_v1_9_content_ankur-anand_Factorial-Algorithm_fact_12_unittest.py_cleaned.png,1,2,0.13318844139575958,0.213478684425354,0.23594103753566742,0.1266579031944275,0.12895013391971588,0.16178379952907562
validation,99_v1_7_content_satyammittal_IRE-Stopping-Words_hindi.py_cleaned.png,1,1,0.1649293452501297,0.18599002063274384,0.16983339190483093,0.1607237458229065,0.16872240602970123,0.14980117976665497
validation,99_v1_9_content_anishur_ARIMA-MODEL_arima.py_cleaned.png,1,1,0.17943266034126282,0.21136194467544556,0.18844667077064514,0.15385033190250397,0.13480409979820251,0.13210433721542358
validation,100_v2_10_content_Chinmay-395_AES-algorithm-using-GUI_CNSmini1.py_cleaned.png,2,1,0.14025548100471497,0.20522363483905792,0.1686088889837265,0.17318224906921387,0.15270116925239563,0.16002851724624634
validation,100_v2_11_content_DaiDongyang_knn_experiments.py_cleaned.png,2,2,0.15637199580669403,0.16153407096862793,0.19391995668411255,0.1651541143655777,0.15734411776065826,0.16567577421665192
validation,100_v2_11_content_SharifAmit_HuffmanCoding_encoder.py_cleaned.png,2,5,0.1594652384519577,0.16454066336154938,0.16368252038955688,0.17388299107551575,0.15356431901454926,0.18486426770687103
validation,101_v2_10_content_Suji04_ML-Clustering_hccluster.py_cleaned.png,2,1,0.1335083246231079,0.2118687629699707,0.19513386487960815,0.12590502202510834,0.12369509041309357,0.20988893508911133
validation,101_v2_11_content_davedennis_DFS-and-BFS-Search_dfbf.py_cleaned.png,2,1,0.13346028327941895,0.216778963804245,0.19480513036251068,0.17523959279060364,0.13633941113948822,0.14337660372257233
validation,101_v2_11_content_langokalla_A-star-Pathfinder_map.py_cleaned.png,2,5,0.17589697241783142,0.17401421070098877,0.15223659574985504,0.12503363192081451,0.17919820547103882,0.19362042844295502
validation,101_v2_11_content_liubing220524_DFSL-for-hyperspectral-image-classification_KNN.py_cleaned.png,2,2,0.165697380900383,0.16558648645877838,0.17316991090774536,0.1639176309108734,0.1668422520160675,0.16478639841079712
validation,101_v2_13_content_gissimo_nsc_do_nsc.py_cleaned.png,2,2,0.1362013965845108,0.15947595238685608,0.2107064425945282,0.16503271460533142,0.15271900594234467,0.17586450278759003
validation,101_v2_15_content_agarwalr98_PrincipalComponentAnalysis_PCAReconstruct_with_NoisyImages.py_cleaned.png,2,0,0.1848657727241516,0.18173979222774506,0.18027421832084656,0.17980384826660156,0.14145994186401367,0.1318565011024475
validation,101_v2_15_content_udwivedi394_LinkedList_convertBT2LL.py_cleaned.png,2,2,0.1309053748846054,0.19097551703453064,0.21656927466392517,0.17148225009441376,0.13481582701206207,0.15525174140930176
validation,101_v2_18_content_10elements_BinaryTree_binaryTree.py_cleaned.png,2,1,0.17384645342826843,0.1791764348745346,0.17375895380973816,0.15785400569438934,0.1645265370607376,0.15083763003349304
validation,102_v2_11_content_Masao-Taketani_text_classification_with_alexa_webapi.py_cleaned.png,2,2,0.10739249736070633,0.14976896345615387,0.24672210216522217,0.2024986445903778,0.12076782435178757,0.17284992337226868
validation,102_v2_11_content_XlogicX_Fibonacci_fib.py_cleaned.png,2,2,0.13539300858974457,0.17669454216957092,0.18138353526592255,0.17566491663455963,0.1508297324180603,0.18003427982330322
validation,102_v2_11_content_kousu_primes_cubesieve_explore.py_cleaned.png,2,3,0.11548097431659698,0.1665649116039276,0.2029096782207489,0.22637754678726196,0.14200517535209656,0.14666174352169037
validation,102_v2_11_content_pprzygodzk_binary_search-prime_numbers_primes_p1.py_cleaned.png,2,2,0.13436967134475708,0.191728875041008,0.27230674028396606,0.159982830286026,0.11208454519510269,0.12952740490436554
validation,102_v2_13_content_theSnehaThing_HierarchicalClustering_Hierchial_Classification.py_cleaned.png,2,2,0.14659236371517181,0.17670786380767822,0.19343073666095734,0.16932867467403412,0.16221068799495697,0.15172971785068512
validation,102_v2_22_content_cneally_BubbleSortingAlgorithm_bubble_sort.py_cleaned.png,2,0,0.20324036478996277,0.13675913214683533,0.15241068601608276,0.18037068843841553,0.1713707000017166,0.15584847331047058
validation,103_v2_12_content_aabulhaj_SpectralClustering_synthetic_data.py_cleaned.png,2,2,0.130978524684906,0.18011239171028137,0.2510692775249481,0.1965314894914627,0.11964935809373856,0.1216590404510498
validation,103_v2_12_content_dxania_Fizzbuzz_fizzbuzz_tests.py_cleaned.png,2,2,0.17685142159461975,0.16307535767555237,0.20554006099700928,0.19279643893241882,0.1116659864783287,0.1500706821680069
validation,103_v2_13_content_tiendung1510_LearningPython_ucs.py_cleaned.png,2,2,0.15995781123638153,0.1640077531337738,0.19719599187374115,0.14868101477622986,0.16325055062770844,0.16690687835216522
validation,103_v2_7_content_ghifarozarrr_floyd-warshall-algorithm_floyd.py_cleaned.png,2,0,0.20355121791362762,0.133822500705719,0.18633009493350983,0.15763285756111145,0.14640149474143982,0.1722618192434311
validation,104_v2_10_content_chiragragarwal_Graphs_And_Networks___init__.py_cleaned.png,2,0,0.26087284088134766,0.16953416168689728,0.12645047903060913,0.10661591589450836,0.18752174079418182,0.14900484681129456
validation,104_v2_10_content_nishi1612_Email-Spam-Classification-using-SVM_extracting_unique_words_from_all_emails.py_cleaned.png,2,2,0.15236739814281464,0.1515321582555771,0.24458102881908417,0.18792149424552917,0.12611454725265503,0.13748343288898468
validation,104_v2_13_content_Skulsta_cluster_unlabelled_dataset_elbow_analysis.py_cleaned.png,2,2,0.14802561700344086,0.1823526918888092,0.19538231194019318,0.1478922963142395,0.16226929426193237,0.1640777736902237
validation,104_v2_13_content_danielSbastos_binary-fibonacci_prototype.py_cleaned.png,2,2,0.13876335322856903,0.16280272603034973,0.1952735036611557,0.19327032566070557,0.14909864962100983,0.16079135239124298
validation,104_v2_13_content_prachij94_Category-name-analysis-without-stopwords_stopwordsmcat.py_cleaned.png,2,1,0.20432016253471375,0.23391032218933105,0.20091821253299713,0.11608298867940903,0.1574673056602478,0.08730103820562363
validation,104_v2_17_content_fxbp_spd-5_criptoanalisi.py_cleaned.png,2,1,0.16398625075817108,0.23483461141586304,0.17218993604183197,0.1142781525850296,0.1657821238040924,0.14892888069152832
validation,104_v2_17_content_kwikadi_BFS-v-DFS_bfs.py_cleaned.png,2,2,0.15792754292488098,0.1998499184846878,0.20972318947315216,0.16394205391407013,0.11818161606788635,0.15037567913532257
validation,104_v2_18_content_ronak-07_Agglomerative-Hierarchical-Clustering_Agglomerative.py_cleaned.png,2,5,0.13818547129631042,0.16700415313243866,0.1784927248954773,0.1422467678785324,0.15251775085926056,0.22155316174030304
validation,104_v2_1_content_dhvanilp_Persistent-Binary-Search-Trees_index.py_cleaned.png,2,1,0.12908773124217987,0.20350366830825806,0.19595728814601898,0.11442558467388153,0.15969902276992798,0.19732680916786194
validation,104_v2_21_content_bharadwajsrikanth_principal-component-analysis_ImageProcessing_PCA.py_cleaned.png,2,2,0.16857153177261353,0.16436614096164703,0.19358789920806885,0.1495053768157959,0.15451547503471375,0.16945351660251617
validation,105_v2_10_content_nishi1612_Email-Spam-Classification-using-SVM_processing_emails_to_find_occurance_of_words.py_cleaned.png,2,3,0.1580970287322998,0.17165811359882355,0.16966304183006287,0.2263542264699936,0.12798373401165009,0.1462438851594925
validation,105_v2_11_content_rjtmahinay_fuzzy-association-rule-mining_Apriori.py_cleaned.png,2,2,0.12110450118780136,0.18721234798431396,0.22417229413986206,0.21287882328033447,0.10892556607723236,0.14570647478103638
validation,105_v2_13_content_chandimajayawickrama_Simple-Sorting-Algorithms_insertion_sort.py_cleaned.png,2,5,0.16539715230464935,0.12559938430786133,0.20723754167556763,0.10039572417736053,0.189057856798172,0.21231232583522797
validation,105_v2_13_content_danielSbastos_binary-fibonacci_transpose.py_cleaned.png,2,0,0.19434292614459991,0.17914460599422455,0.17221394181251526,0.12234117090702057,0.15558156371116638,0.17637582123279572
validation,105_v2_19_content_bowiechen_FactorialDigitsSum_Counter.py_cleaned.png,2,5,0.16338929533958435,0.1466209590435028,0.18930120766162872,0.18468962609767914,0.12081273645162582,0.19518616795539856
validation,105_v2_1_content_modulus100_python-datastructures-algorithms_flattering_nested_linked_lists.py_cleaned.png,2,3,0.16855740547180176,0.17861394584178925,0.1485939919948578,0.18964296579360962,0.17240366339683533,0.14218805730342865
validation,105_v2_3_content_iykadev_pyalgo_ackermann_func.py_cleaned.png,2,4,0.19091054797172546,0.12131957709789276,0.1289873570203781,0.1443578153848648,0.2240741103887558,0.19035059213638306
validation,106_v2_10_content_mohamedScikitLearn_Information-retrieval--Text-mining-_Version_2.py_cleaned.png,2,2,0.14291498064994812,0.16526658833026886,0.18063561618328094,0.17072640359401703,0.17329929769039154,0.1671571135520935
validation,106_v2_12_content_eyalr0_AES-Cryptoanalysis_RetracingBoomerang.py_cleaned.png,2,1,0.1464696079492569,0.22878016531467438,0.1767786145210266,0.16468510031700134,0.146190345287323,0.13709621131420135
validation,106_v2_13_content_preetidurai_Spam-Ham-Classification-using-NB-and-LR_naiveBayes.py_cleaned.png,2,1,0.1346711367368698,0.30125555396080017,0.20762495696544647,0.1312335580587387,0.09814964234828949,0.12706510722637177
validation,106_v2_16_content_hoefler02_diffie-hellman_dh_client.py_cleaned.png,2,1,0.17578452825546265,0.20603953301906586,0.19057577848434448,0.15673163533210754,0.13119079172611237,0.1396777331829071
validation,106_v2_17_content_jmullercuber_HackHarvard2k16_RedditScraper.py_cleaned.png,2,1,0.14627349376678467,0.1926143318414688,0.15036775171756744,0.1554073989391327,0.17314760386943817,0.182189479470253
validation,106_v2_1_content_DaruniasJoy_OoT-Custom-Sequences_Check_for_Duplicates.py_cleaned.png,2,0,0.1980900764465332,0.14345429837703705,0.15781903266906738,0.18495222926139832,0.1505991369485855,0.16508519649505615
validation,106_v2_26_content_naviechan_sortingAlgorithmDemo_selectionSort.py_cleaned.png,2,2,0.173239067196846,0.16711808741092682,0.18128618597984314,0.1782202571630478,0.13560114800930023,0.16453520953655243
validation,107_v2_10_content_sushant097_Chatbot-using-Python-NLTK-_ChatBot.py_cleaned.png,2,2,0.15980100631713867,0.1916474997997284,0.20563896000385284,0.18309903144836426,0.1409551054239273,0.11885841190814972
validation,107_v2_11_content_SabikAbtahee_Apriori-Implementation_AprioriMain.py_cleaned.png,2,1,0.1445050984621048,0.25192180275917053,0.20933759212493896,0.12756668031215668,0.10192983597517014,0.16473893821239471
validation,107_v2_13_content_Odarlie_fizz_buzz_programming_logic_andelab_fizz_buzz_bootcamp_function.py_cleaned.png,2,5,0.13807903230190277,0.15416905283927917,0.10947703570127487,0.10192196816205978,0.23713456094264984,0.25921833515167236
validation,107_v2_14_content_codearemo_selction-sort_selection_sort.py_cleaned.png,2,5,0.18142244219779968,0.18351919949054718,0.1646045744419098,0.10193087160587311,0.14674144983291626,0.22178149223327637
validation,107_v2_15_content_VakinduPhilliam_Pattern_Matching_Python_Difflib_Pattern_Matching_Differ___.py_cleaned.png,2,5,0.15337838232517242,0.1671627312898636,0.14913980662822723,0.1419166475534439,0.16478779911994934,0.22361458837985992
validation,107_v2_3_content_iykadev_pyalgo_anagram.py_cleaned.png,2,4,0.1610512137413025,0.1746383160352707,0.1868492066860199,0.1432190090417862,0.18843480944633484,0.14580747485160828
validation,108_v2_13_content_Odarlie_fizz_buzz_programming_logic_andelab_test_fizz_buzz.py_cleaned.png,2,2,0.12406540662050247,0.19354841113090515,0.19707737863063812,0.1771068572998047,0.15289445221424103,0.15530744194984436
validation,108_v2_19_content_riccardobisori_Binary-Trees_TestHeights.py_cleaned.png,2,1,0.17458944022655487,0.20327319204807281,0.19169968366622925,0.158222496509552,0.13549453020095825,0.1367207169532776
validation,108_v2_1_content_shivam1196_LRU-Caching_Caching.py_cleaned.png,2,1,0.14740771055221558,0.17959828674793243,0.14815813302993774,0.17337439954280853,0.1761961281299591,0.17526529729366302
validation,108_v2_22_content_sabarahman_k-means-Clustering-On-Banking-Data-Set_clustering.py_cleaned.png,2,2,0.1364249885082245,0.19096578657627106,0.20982712507247925,0.19917024672031403,0.12504489719867706,0.1385669708251953
validation,108_v2_3_content_iykadev_pyalgo_anagram2.py_cleaned.png,2,0,0.2042066603899002,0.15880842506885529,0.17902901768684387,0.11108905076980591,0.19344636797904968,0.15342046320438385
validation,108_v2_8_content_chiragragarwal_Graphs_And_Networks_PlotGraph.py_cleaned.png,2,1,0.1341143399477005,0.2178882211446762,0.17847305536270142,0.18237881362438202,0.13711553812026978,0.1500299572944641
validation,109_v2_13_content_FN-HD_Elliptic_Curve_Cryptography_Main.py_cleaned.png,2,2,0.17563648521900177,0.17461556196212769,0.20211495459079742,0.1330263465642929,0.16163063049316406,0.15297605097293854
validation,109_v2_14_content_user0198_aes-256-CBC_aes256.py_cleaned.png,2,5,0.16574159264564514,0.17574313282966614,0.1710946410894394,0.1313224732875824,0.17167823016643524,0.1844199001789093
validation,109_v2_15_content_ronma1_Dijkstra_graph_algo.py_cleaned.png,2,5,0.1638696789741516,0.12886583805084229,0.1705862432718277,0.17080092430114746,0.13481074571609497,0.23106658458709717
validation,109_v2_17_content_jb0xx_decrypt-onetimepad_onetimepad.py_cleaned.png,2,2,0.11734125763177872,0.17301857471466064,0.23585787415504456,0.21450679004192352,0.1379033476114273,0.12137219309806824
validation,109_v2_1_content_jwan659_forex-arbitrage_BellmanFord.py_cleaned.png,2,2,0.14019232988357544,0.17439277470111847,0.26218074560165405,0.14514416456222534,0.11766252666711807,0.16042743623256683
validation,109_v2_1_content_pranav-dahiya_NaiveBayes_spam_filter.py_cleaned.png,2,4,0.18869248032569885,0.1356090009212494,0.1103232204914093,0.18419983983039856,0.19409532845020294,0.1870800405740738
validation,109_v2_23_content_AndreasChatz_factorial_constants.py_cleaned.png,2,2,0.13151322305202484,0.19166943430900574,0.2012365460395813,0.15558190643787384,0.12244801223278046,0.19755098223686218
validation,109_v2_25_content_83Shashi_Hierarchical-Clustering_hierarchicalclustering.py_cleaned.png,2,2,0.1492631733417511,0.1755267232656479,0.2121085524559021,0.17259067296981812,0.1383962631225586,0.152114599943161
validation,110_v2_23_content_tomasmcoronado_prob-alpha_PhyloTree.py_cleaned.png,2,3,0.13023316860198975,0.1728646606206894,0.18132629990577698,0.19935458898544312,0.14551691710948944,0.17070434987545013
validation,111_v2_13_content_limqiying_crypto_final_project_EG-test.py_cleaned.png,2,0,0.19129350781440735,0.1840202957391739,0.168413445353508,0.14057500660419464,0.16914044320583344,0.1465572565793991
validation,111_v2_14_content_prachij94_Category-altname-analysis-without-stopwords_altnameStopwords.py_cleaned.png,2,1,0.1489175409078598,0.19969874620437622,0.18407022953033447,0.14049643278121948,0.17279142141342163,0.15402556955814362
validation,111_v2_15_content_Nabeel-Asghar_List-Divsion_List-Division.py_cleaned.png,2,4,0.1515660285949707,0.1573198139667511,0.1908661127090454,0.14192739129066467,0.2182915210723877,0.14002913236618042
validation,111_v2_15_content_VakinduPhilliam_Pattern_Matching_Python_Difflib_Pattern_Matching_SequenceMatcher.py_cleaned.png,2,4,0.15807108581066132,0.16102828085422516,0.17297931015491486,0.15548671782016754,0.18174494802951813,0.1706896424293518
validation,111_v2_18_content_jzpero_enigma_main.py_cleaned.png,2,1,0.16003070771694183,0.2406206727027893,0.1919987052679062,0.14119623601436615,0.13497821986675262,0.1311754286289215
validation,111_v2_19_content_frankiekienlam_Fibonacci_Pyramids_pyramid.py_cleaned.png,2,4,0.15202993154525757,0.17452505230903625,0.15471170842647552,0.17282620072364807,0.17993319034576416,0.16597388684749603
validation,111_v2_20_content_shamo0_Binary_Search_Tree_treap.py_cleaned.png,2,3,0.127768412232399,0.16421017050743103,0.1809462457895279,0.24139976501464844,0.1250580996274948,0.16061730682849884
validation,111_v2_25_content_HunterXuan_QAMatch_search.py_cleaned.png,2,5,0.16708211600780487,0.15471941232681274,0.16561110317707062,0.16697198152542114,0.15545067191123962,0.1901647299528122
validation,111_v2_28_content_IPDT_car_review_k-means_clustering_word_freq.py_cleaned.png,2,2,0.14995545148849487,0.1532520204782486,0.19038337469100952,0.18544994294643402,0.16403347253799438,0.15692567825317383
validation,112_v2_15_content_V-Sense_Aesthetic-Image-Captioning-ICCVW-2019_clean_using_subjectivity.py_cleaned.png,2,3,0.1582230180501938,0.14984707534313202,0.173117995262146,0.2056131660938263,0.1614113748073578,0.15178732573986053
validation,112_v2_1_content_abdullahwaqar_docsearx_pdf_reader.py_cleaned.png,2,5,0.17001104354858398,0.13733211159706116,0.20088975131511688,0.11836404353380203,0.11305376887321472,0.2603492736816406
validation,112_v2_22_content_sagarwani_Breaking-Diffie-Hellman_dl-brute.py_cleaned.png,2,5,0.11336272209882736,0.11002379655838013,0.17574284970760345,0.12075895071029663,0.18261881172657013,0.2974928915500641
validation,112_v2_30_content_thomasjedstrom_Bubble_Sort_Selection_Sort.py_cleaned.png,2,2,0.17415809631347656,0.16556769609451294,0.23671506345272064,0.12597909569740295,0.14456771314144135,0.15301232039928436
validation,113_v2_12_content_ianscottknight_Predicting-Myers-Briggs-Type-Indicator-with-Recurrent-Neural-Networks_rnn.py_cleaned.png,2,1,0.18503029644489288,0.2426716834306717,0.14781039953231812,0.1435859054327011,0.13615299761295319,0.14474870264530182
validation,113_v2_18_content_maxsonferovante_Dijkstra_dijsktra.py_cleaned.png,2,2,0.13242512941360474,0.18281190097332,0.20246487855911255,0.15702679753303528,0.15551142394542694,0.16975992918014526
validation,113_v2_1_content_abhilampard_Simple-Plagiarism-Checker_plag.py_cleaned.png,2,2,0.14661291241645813,0.17161549627780914,0.1886734962463379,0.17806552350521088,0.1442898064851761,0.1707427203655243
validation,113_v2_1_content_nageshsinghc4_stock-market-forecasting_ZBH_stock.py_cleaned.png,2,2,0.142681285738945,0.2164577692747116,0.30126217007637024,0.1206056997179985,0.10238880664110184,0.11660425364971161
validation,113_v2_21_content_danielleos_Fibonacci-Generator_main.py_cleaned.png,2,2,0.14504556357860565,0.17416423559188843,0.19163773953914642,0.16457276046276093,0.15417557954788208,0.17040404677391052
validation,113_v2_28_content_NurzatRakhman_k_means_k-means.py_cleaned.png,2,2,0.1335328221321106,0.17070209980010986,0.19732403755187988,0.17458130419254303,0.1540737897157669,0.16978593170642853
validation,113_v2_28_content_akrolewski_NonlinearMassFaster_tabulate_fiducial_rnl.py_cleaned.png,2,2,0.13977362215518951,0.1751280128955841,0.20940247178077698,0.17222538590431213,0.1498497575521469,0.15362069010734558
validation,113_v2_31_content_NagarajSMurthy_Data-Structures_LinkedList.py_cleaned.png,2,2,0.12701795995235443,0.17503014206886292,0.19074594974517822,0.1762354075908661,0.14366327226161957,0.18730725347995758
validation,113_v2_31_content_atorulia_Some-kind-of-sort-algorithm_InsertionSort.py_cleaned.png,2,2,0.13578350841999054,0.17684482038021088,0.20562885701656342,0.16930298507213593,0.13272574543952942,0.1797141134738922
validation,113_v2_42_content_KimCant2019_rsa_crypto_rsa-decrypter.py_cleaned.png,2,5,0.16177211701869965,0.16014067828655243,0.1697259396314621,0.150354266166687,0.17865639925003052,0.17935062944889069
validation,114_v2_12_content_ianscottknight_Predicting-Myers-Briggs-Type-Indicator-with-Recurrent-Neural-Networks_separate_clean_and_unclean.py_cleaned.png,2,2,0.13856759667396545,0.1715991050004959,0.2349221557378769,0.21081385016441345,0.11443288624286652,0.12966440618038177
validation,114_v2_14_content_Dawlatly_Recommender-system_apriori.py_cleaned.png,2,0,0.2139982432126999,0.11062666028738022,0.09575590491294861,0.1850847750902176,0.20779038965702057,0.18674404919147491
validation,114_v2_15_content_VakinduPhilliam_Pattern_Matching_Python_Filecmp_Recursive_Search.py_cleaned.png,2,2,0.15167923271656036,0.17391587793827057,0.1865541934967041,0.1724688559770584,0.15777234733104706,0.1576095074415207
validation,114_v2_17_content_krshubham_ecc-elgamal_elgamal.py_cleaned.png,2,2,0.16289222240447998,0.1698480099439621,0.1993955671787262,0.18748122453689575,0.14918957650661469,0.1311933845281601
validation,114_v2_24_content_Brew8it_Python_DHAES_AES.py_cleaned.png,2,2,0.17322538793087006,0.13795597851276398,0.1890965700149536,0.1669999063014984,0.15867239236831665,0.17404977977275848
validation,114_v2_31_content_Cadellinman_RB-EmailSorter_RedBubbleSorter.py_cleaned.png,2,1,0.16804929077625275,0.228422150015831,0.14793340861797333,0.13050003349781036,0.141806498169899,0.18328869342803955
validation,114_v2_31_content_benarg_A_star-BFS-Dijkstra-algorithms_AI_assignment3_part2.py_cleaned.png,2,1,0.125939279794693,0.23608924448490143,0.17224808037281036,0.1568211317062378,0.17722837626934052,0.1316738873720169
validation,115_v2_28_content_tomsiwek_gprMax-Designer_operation.py_cleaned.png,2,4,0.18177162110805511,0.1640673279762268,0.16592243313789368,0.14571240544319153,0.19028666615486145,0.15223948657512665
validation,115_v2_33_content_Ryan-Fortner_bubble_sort_bubble_sort.py_cleaned.png,2,2,0.16717638075351715,0.155984565615654,0.20062071084976196,0.1710161566734314,0.14193129539489746,0.1632709950208664
validation,115_v2_38_content_AnkitChouhanDws_Polynomial-Regression_polynomial_regression.py_cleaned.png,2,2,0.12727676331996918,0.15465694665908813,0.24128463864326477,0.19747120141983032,0.1055559366941452,0.1737545132637024
validation,116_v2_14_content_Dawlatly_Recommender-system_manage.py_cleaned.png,2,4,0.13443709909915924,0.1675892472267151,0.17997679114341736,0.17345421016216278,0.1845889836549759,0.15995363891124725
validation,116_v2_20_content_IbrahimAyed_Multifractal-analysis-of-natural-images_zoom.py_cleaned.png,2,1,0.17593732476234436,0.21887530386447906,0.15525923669338226,0.16105765104293823,0.1675317883491516,0.12133873254060745
validation,116_v2_24_content_Brew8it_Python_DHAES_server.py_cleaned.png,2,2,0.15070709586143494,0.1944708377122879,0.20589599013328552,0.13070832192897797,0.1385878473520279,0.17962995171546936
validation,116_v2_25_content_ryansmick_SortedOrderedDict_PersistentDict.py_cleaned.png,2,2,0.15138864517211914,0.1554744988679886,0.20819298923015594,0.14509974420070648,0.14061784744262695,0.1992262303829193
validation,116_v2_2_content_facebookresearch_reward-estimator-corl_configurations_continuous_uniform.py_cleaned.png,2,2,0.16298915445804596,0.20845983922481537,0.22499477863311768,0.10743584483861923,0.14049267768859863,0.15562772750854492
validation,116_v2_30_content_sina-ehsani_NaiveBayes_SNLI_prepro.py_cleaned.png,2,3,0.0806044489145279,0.1876257359981537,0.23739184439182281,0.2520836293697357,0.09644672274589539,0.1458476483821869
validation,117_v2_22_content_mikaelharseno_DurianBot_allnodesolver.py_cleaned.png,2,1,0.11659715324640274,0.18537412583827972,0.18169014155864716,0.16562923789024353,0.1730917990207672,0.17761749029159546
validation,117_v2_2_content_Aluriak_kruskal-clustering_kruskal_viz.py_cleaned.png,2,5,0.16244646906852722,0.17596614360809326,0.16851626336574554,0.11858857423067093,0.16816142201423645,0.20632117986679077
validation,117_v2_31_content_dariswan_AudioRetrieval-Classification_ekstraksi.py_cleaned.png,2,1,0.14511510729789734,0.19374629855155945,0.1922953873872757,0.16031980514526367,0.16238348186016083,0.14613988995552063
validation,117_v2_32_content_BhaveshMotwani_Hierarchical_Document_Clustering_hac.py_cleaned.png,2,1,0.1807720959186554,0.2706236243247986,0.11769760400056839,0.12099425494670868,0.10835472494363785,0.20155775547027588
validation,117_v2_36_content_OneWinged-Eagle_spotimy_getArtists.py_cleaned.png,2,2,0.15247298777103424,0.1673763245344162,0.18973398208618164,0.17493464052677155,0.14833781123161316,0.16714422404766083
validation,118_v2_12_content_romanorac_elastic_localized_search_main.py_cleaned.png,2,1,0.18195678293704987,0.19522468745708466,0.18234801292419434,0.14016211032867432,0.16690486669540405,0.13340355455875397
validation,118_v2_16_content_NB-prog_INTERN-2019_plot.py_cleaned.png,2,2,0.13699032366275787,0.17019490897655487,0.22905650734901428,0.2231682986021042,0.10079675912857056,0.13979321718215942
validation,118_v2_21_content_hagyu-aya_prime-number-bot_index.py_cleaned.png,2,5,0.14654740691184998,0.15482831001281738,0.1492065191268921,0.11688434332609177,0.20129810273647308,0.2312352955341339
validation,118_v2_28_content_alexanderogle_Enigma_Machine_em_functions.py_cleaned.png,2,5,0.1462961584329605,0.17072828114032745,0.17472775280475616,0.17754949629306793,0.13053494691848755,0.20016340911388397
validation,118_v2_32_content_clee1994_MasterThesis_table_helper.py_cleaned.png,2,1,0.14059849083423615,0.20220784842967987,0.17914800345897675,0.17307579517364502,0.1538546085357666,0.15111525356769562
validation,118_v2_35_content_riccardobisori_Binary-Trees_ResultsInsert.py_cleaned.png,2,2,0.13068561255931854,0.20652733743190765,0.23799411952495575,0.12899617850780487,0.12033410370349884,0.17546263337135315
validation,118_v2_36_content_aholyoke_bfs_vs_dfs_bfs.py_cleaned.png,2,2,0.12236383557319641,0.17508377134799957,0.18577760457992554,0.17079949378967285,0.16033588349819183,0.18563945591449738
validation,118_v2_37_content_TolgaGolet_CPU-Scheduling-Algorithms-Simulation_OperatingSystems_CPUSchedulingReverse.py_cleaned.png,2,2,0.1117645800113678,0.2197481244802475,0.2637917399406433,0.1692526489496231,0.09215812385082245,0.14328475296497345
validation,118_v2_37_content_saurabhzingade_Naive-Bayes-Basic_naive.py_cleaned.png,2,2,0.15033665299415588,0.17622752487659454,0.24261438846588135,0.15915900468826294,0.12428262084722519,0.14737984538078308
validation,118_v2_40_content_phoolchandra_Text-Search-Engine_search.py_cleaned.png,2,5,0.11930378526449203,0.20575277507305145,0.1973881721496582,0.1402270793914795,0.11892152577638626,0.21840667724609375
validation,119_v2_1_content_HarryBaker_LDAtopicSimilarity_similaritySuite.py_cleaned.png,2,1,0.12816104292869568,0.29581162333488464,0.26203516125679016,0.0639844611287117,0.11270126700401306,0.13730643689632416
validation,119_v2_1_content_sadnessFree_arima-lstm_lstm.py_cleaned.png,2,2,0.13068047165870667,0.1856260895729065,0.2172486037015915,0.15281732380390167,0.17939028143882751,0.13423724472522736
validation,119_v2_22_content_mikaelharseno_DurianBot_solver.py_cleaned.png,2,2,0.14467963576316833,0.17430727183818817,0.24144715070724487,0.13999797403812408,0.12174490094184875,0.17782312631607056
validation,119_v2_33_content_apoorvpatne10_Hierarchical-clustering_hc.py_cleaned.png,2,3,0.15796266496181488,0.1674214005470276,0.1756795346736908,0.18212564289569855,0.14209040999412537,0.17472036182880402
validation,119_v2_38_content_dareofmeashwani_Pre-Processing-Queue-For-Deep-Learning-Model_DataQueue.py_cleaned.png,2,3,0.14817196130752563,0.18040741980075836,0.19477368891239166,0.22710853815078735,0.10693632066249847,0.1426021009683609
validation,119_v2_4_content_mahimanzum_PCA-and-GMM-from-scratch-_PCA_With_GMM.py_cleaned.png,2,4,0.14318349957466125,0.18315672874450684,0.17538943886756897,0.14341183006763458,0.1919030249118805,0.16295547783374786
validation,119_v2_52_content_CorrineTan_Digital-Signature-Schemes-Evaluation_eddsa_25519.py_cleaned.png,2,2,0.14101426303386688,0.1884700059890747,0.2290215790271759,0.1646333634853363,0.14955520629882812,0.12730565667152405
validation,120_v2_15_content_jknight1725_linear_search_vs_random_search_myFunctions.py_cleaned.png,2,3,0.12798342108726501,0.1992643177509308,0.1685602217912674,0.20329487323760986,0.1615242063999176,0.1393730491399765
validation,120_v2_1_content_vijaymukhiija_Sale-optimizing_apyori.py_cleaned.png,2,1,0.1787947416305542,0.1922457218170166,0.17623396217823029,0.19065675139427185,0.15459522604942322,0.10747355222702026
validation,120_v2_23_content_cjonsmith_prime_calc_prime_days.py_cleaned.png,2,4,0.13550175726413727,0.184365913271904,0.16120265424251556,0.12290147691965103,0.21182745695114136,0.184200718998909
validation,120_v2_3_content_abdulqadirs_distance-vector-routing-protocol_DVR.py_cleaned.png,2,2,0.1740044206380844,0.18390028178691864,0.20564313232898712,0.13744443655014038,0.1436411291360855,0.15536664426326752
validation,120_v2_3_content_ml-for-nlp_authorship-attribution_attribution.py_cleaned.png,2,1,0.11634249240159988,0.2615954279899597,0.195822611451149,0.17676205933094025,0.12591426074504852,0.12356308847665787
validation,120_v2_40_content_cofinley_sudoku_cell.py_cleaned.png,2,2,0.16802752017974854,0.16994616389274597,0.21719591319561005,0.12211591005325317,0.13427571952342987,0.18843881785869598
validation,120_v2_4_content_hyper750_factorialhr_constants.py_cleaned.png,2,2,0.13957855105400085,0.16215944290161133,0.19805458188056946,0.1932554990053177,0.14332352578639984,0.16362836956977844
validation,121_v2_14_content_Qutuf_Qutuf_manage.py_cleaned.png,2,2,0.18589867651462555,0.1377364993095398,0.18747678399085999,0.14187656342983246,0.1871352195739746,0.15987631678581238
validation,121_v2_15_content_jknight1725_linear_search_vs_random_search_random_case.py_cleaned.png,2,1,0.16475659608840942,0.1789545863866806,0.17250943183898926,0.16008582711219788,0.16270381212234497,0.1609897017478943
validation,121_v2_1_content_jim-spyropoulos_Trajectory-Analysis-and-Classification-in-Python-Pandas-and-Scikit-Learn_classifytraj.py_cleaned.png,2,1,0.11038246005773544,0.2562297284603119,0.21097524464130402,0.16308486461639404,0.11370579153299332,0.1456219106912613
validation,121_v2_1_content_sadnessFree_arima-lstm_muilt_lstm.py_cleaned.png,2,0,0.19461865723133087,0.1923196017742157,0.16430595517158508,0.15310882031917572,0.16841302812099457,0.12723396718502045
validation,121_v2_21_content_KingYapster_ECC-Elliptic-Curve-Cryptography-in-Python_ECC.py_cleaned.png,2,2,0.15585412085056305,0.13814426958560944,0.21400804817676544,0.15359507501125336,0.16855193674564362,0.1698465347290039
validation,121_v2_2_content_adwansyed_Market-Basket-Analysis-Apriori_bruteforce_marketbasketanalysis.py_cleaned.png,2,2,0.1231519877910614,0.163089781999588,0.2322712391614914,0.20439469814300537,0.10808225721120834,0.1690100133419037
validation,121_v2_39_content_guneskaan_queueBot_queue_bot.py_cleaned.png,2,2,0.14066065847873688,0.18038268387317657,0.210410013794899,0.1852547973394394,0.13142220675945282,0.15186968445777893
validation,121_v2_42_content_darshan-jain-29_ml-naive-bayes-working-demo_email_preprocess.py_cleaned.png,2,1,0.15352889895439148,0.194029301404953,0.16357046365737915,0.14965760707855225,0.18606962263584137,0.15314407646656036
validation,121_v2_43_content_aabs_edx-ai-week11-project_Tests.py_cleaned.png,2,4,0.13880792260169983,0.12842592597007751,0.16180163621902466,0.15892085433006287,0.21083621680736542,0.20120741426944733
validation,121_v2_4_content_raghavgsk25_polynomial-regression-1_pl.py_cleaned.png,2,1,0.16333024203777313,0.20867383480072021,0.18929067254066467,0.1460169553756714,0.13452288508415222,0.1581653505563736
validation,121_v2_58_content_Schuck9_PCA_PCA.py_cleaned.png,2,1,0.13856828212738037,0.20709875226020813,0.18987007439136505,0.17624521255493164,0.12857216596603394,0.1596454381942749
validation,122_v2_23_content_wliabc_Prime-numbers_prime.py_cleaned.png,2,2,0.16304300725460052,0.15001699328422546,0.20111100375652313,0.1433890461921692,0.16931743919849396,0.17312251031398773
validation,122_v2_32_content_arian100y_Travelling-Salesman-Problem_createCaminos.py_cleaned.png,2,5,0.17578677833080292,0.1688598394393921,0.1436060220003128,0.14925529062747955,0.1647709310054779,0.19772113859653473
validation,122_v2_43_content_odubno_ford-fulkerson-max-flow_test_max_flow.py_cleaned.png,2,2,0.1400924175977707,0.1954856961965561,0.1984536349773407,0.16079892218112946,0.1783376783132553,0.12683172523975372
validation,123_v2_24_content_jakubfolta_PrimeNumber_Prime.py_cleaned.png,2,5,0.156193807721138,0.1880107969045639,0.17758558690547943,0.12083244323730469,0.1356968730688095,0.22168049216270447
validation,123_v2_2_content_neonb88_knn_knn_machine_learning_hw1.py_cleaned.png,2,1,0.14179109036922455,0.21050864458084106,0.1859799176454544,0.13970281183719635,0.14778269827365875,0.1742347776889801
validation,123_v2_32_content_Spanfile_Dijkstra_test.py_cleaned.png,2,2,0.16344857215881348,0.19474032521247864,0.21020843088626862,0.15572845935821533,0.13383805751800537,0.14203612506389618
validation,123_v2_35_content_XiaoCode-er_image-digital-express_cluster_pic.py_cleaned.png,2,3,0.12714166939258575,0.1519310027360916,0.18284577131271362,0.19117091596126556,0.1660851389169693,0.18082550168037415
validation,123_v2_44_content_CppbetterC_A-Star_Heap.py_cleaned.png,2,4,0.17729562520980835,0.14693647623062134,0.1533382087945938,0.17290227115154266,0.19183921813964844,0.1576882153749466
validation,123_v2_48_content_andrewdoanutz_NaiveBayesClassifier_NaiveBayesClassifier.py_cleaned.png,2,2,0.14079549908638,0.17000238597393036,0.209054097533226,0.1662217080593109,0.1355576366186142,0.17836879193782806
validation,124_v2_16_content_davda54_pytorch-transformer-lemmatization_lr_decay.py_cleaned.png,2,3,0.15535812079906464,0.153802752494812,0.16669873893260956,0.1985785961151123,0.14539022743701935,0.18017153441905975
validation,124_v2_19_content_Vijendra2410_Sentiment-Analysis_RestaurantReview.py_cleaned.png,2,2,0.1354697197675705,0.18711261451244354,0.18989162147045135,0.18763072788715363,0.151983380317688,0.147911936044693
validation,124_v2_2_content_riki95_Many-Time-Pad-Cracker_cracker.py_cleaned.png,2,2,0.11420312523841858,0.17095454037189484,0.2706085443496704,0.15811297297477722,0.09218773990869522,0.19393309950828552
validation,124_v2_52_content_jitunayak_Tensorflow-object-recognition-GUI-DesktopApp_face_crop.py_cleaned.png,2,2,0.18581072986125946,0.18596267700195312,0.18905282020568848,0.10804075002670288,0.17023198306560516,0.1609009951353073
validation,124_v2_62_content_taabishm2_Proactive-FDH-RSA-Signature_fileOp.py_cleaned.png,2,2,0.15947367250919342,0.16901005804538727,0.19250738620758057,0.16105671226978302,0.16182616353034973,0.156126007437706
validation,125_v2_23_content_eW1z4rd_AES-File-Encryptor_FileEncryptor.py_cleaned.png,2,2,0.16108502447605133,0.18553027510643005,0.198482945561409,0.16891911625862122,0.1261998862028122,0.15978272259235382
validation,125_v2_2_content_ForeverPs_Visualization-of-sort-algorithms_SORT.py_cleaned.png,2,3,0.13398315012454987,0.19534467160701752,0.18830370903015137,0.2359933853149414,0.12888430058956146,0.11749076843261719
validation,125_v2_2_content_vineetkia_Fundamentals-Of-Cryptography__6_-Columnar_Transposition.py_cleaned.png,2,0,0.2312428504228592,0.157800555229187,0.15495267510414124,0.13218672573566437,0.1725061535835266,0.15131103992462158
validation,125_v2_3_content_facebookresearch_deep-variance-reduction_cifar_wrapper.py_cleaned.png,2,2,0.1415497064590454,0.1554848998785019,0.23640520870685577,0.19047187268733978,0.1371956616640091,0.13889260590076447
validation,125_v2_42_content_matbot_Py_merge_vs_insert_sorts_insertionsort.py_cleaned.png,2,5,0.16473545134067535,0.15633180737495422,0.17154160141944885,0.14089903235435486,0.17715539038181305,0.18933670222759247
validation,125_v2_4_content_JosephFWright_Prims_Algorithm_Prims.py_cleaned.png,2,2,0.1396191120147705,0.15191926062107086,0.19836553931236267,0.17860938608646393,0.16782446205615997,0.16366228461265564
validation,125_v2_4_content_flaviohenriqu_divisibility_flaskapp.py_cleaned.png,2,5,0.12852033972740173,0.1486268937587738,0.18030241131782532,0.1879688799381256,0.15560513734817505,0.1989763230085373
validation,125_v2_4_content_kevalmorabia97_Agglomerative-Hierarchical-Clustering-Comparison_HierarchicalAgglomerativeClustering.py_cleaned.png,2,1,0.1721857190132141,0.19171419739723206,0.16396570205688477,0.16406475007534027,0.14182128012180328,0.1662483811378479
validation,125_v2_53_content_rghv404_Language_identification_make_predictions.py_cleaned.png,2,1,0.14700445532798767,0.20311789214611053,0.1819096952676773,0.17245042324066162,0.13149964809417725,0.16401788592338562
validation,125_v2_56_content_Desire100_Machine-Learning-Regression-Models-for-beginners_simple_linear_regression.py_cleaned.png,2,2,0.14213044941425323,0.17031627893447876,0.1858050674200058,0.16539286077022552,0.1738956868648529,0.16245965659618378
validation,126_v2_20_content_aditiopangestu_spam_data_converter_lingspam_filter.py_cleaned.png,2,2,0.16410976648330688,0.1615953892469406,0.19868537783622742,0.16220398247241974,0.16337329149246216,0.1500321477651596
validation,126_v2_23_content_ishannadeep_AES-and-Des-hybrid-encryption-algorithm-python-3_test.py_cleaned.png,2,0,0.2161986082792282,0.13864126801490784,0.1844547688961029,0.13214382529258728,0.1941508799791336,0.13441067934036255
validation,126_v2_31_content_nazmeenkhan_Diffie-Hellman_UserB.py_cleaned.png,2,0,0.2217933088541031,0.18082793056964874,0.18823650479316711,0.10958930104970932,0.17166882753372192,0.12788419425487518
validation,127_v2_29_content_cmccoypdx_PythonSortCompare_Generator.py_cleaned.png,2,5,0.1434219479560852,0.1652846485376358,0.1432105451822281,0.13875442743301392,0.194540873169899,0.214787557721138
validation,127_v2_2_content_cardwizard_EllipticCurves_ec_dhe.py_cleaned.png,2,2,0.15702585875988007,0.1684599071741104,0.2011858969926834,0.13324034214019775,0.1422937512397766,0.19779421389102936
validation,127_v2_30_content_choogeboom_photo-sorter_photo_sorter.py_cleaned.png,2,2,0.11548016220331192,0.20179277658462524,0.25703004002571106,0.11251069605350494,0.1587887853384018,0.15439756214618683
validation,127_v2_33_content_prabhatpal77_Complete-core-python-_dictcomp.py_cleaned.png,2,4,0.14714960753917694,0.12048090249300003,0.18657433986663818,0.1344815492630005,0.21380504965782166,0.19750848412513733
validation,127_v2_5_content_AdamJacoby_Hopf_ElementClass.py_cleaned.png,2,4,0.1457720398902893,0.17875812947750092,0.1526031196117401,0.15311750769615173,0.18785707652568817,0.18189217150211334
validation,128_v2_22_content_mikpim01_Python-NLTK_task_stopword_removal.py_cleaned.png,2,1,0.15712954103946686,0.19930586218833923,0.1796593964099884,0.17013636231422424,0.12468954175710678,0.16907930374145508
validation,128_v2_28_content_gizzidan_basic-python-practice_primes.py_cleaned.png,2,2,0.10230343043804169,0.17790746688842773,0.23051117360591888,0.18243356049060822,0.12665271759033203,0.18019157648086548
validation,128_v2_2_content_mhiratsuka_selectionSortPython_selectionSort.py_cleaned.png,2,2,0.18468089401721954,0.15814706683158875,0.2033577561378479,0.16597145795822144,0.15613605082035065,0.1317068636417389
validation,128_v2_46_content_vaish06_EurailShortestPath_brainstorm.py_cleaned.png,2,2,0.14781922101974487,0.14217200875282288,0.1963176280260086,0.16555626690387726,0.1830989271402359,0.1650359332561493
validation,128_v2_5_content_AdamJacoby_Hopf_ExampleGroup_Functions.py_cleaned.png,2,2,0.12023597955703735,0.19406434893608093,0.1997598558664322,0.16927319765090942,0.13967318832874298,0.1769935041666031
validation,128_v2_5_content_abcsds_Prim_exampleL.py_cleaned.png,2,0,0.17931242287158966,0.17585192620754242,0.16130590438842773,0.15333884954452515,0.17403344810009003,0.156157448887825
validation,128_v2_66_content_MihaiGaidau_RSA_main.py_cleaned.png,2,2,0.13696672022342682,0.1610761284828186,0.20168454945087433,0.16096724569797516,0.17806631326675415,0.16123907268047333
validation,128_v2_68_content_mvivancq_DfsSudokuSolver_bfs.py_cleaned.png,2,1,0.1272769719362259,0.18252992630004883,0.1780606210231781,0.17338627576828003,0.15945477783679962,0.17929145693778992
validation,129_v2_31_content_alonek1_huffman_compression_algorithm_haffmen.py_cleaned.png,2,0,0.20167644321918488,0.13202224671840668,0.1932024359703064,0.12940983474254608,0.18461526930332184,0.15907379984855652
validation,129_v2_51_content_adityapatelgithub_Expressions-and-Functions_peekable.py_cleaned.png,2,5,0.1351550817489624,0.14607873558998108,0.1945079267024994,0.1520392894744873,0.15715627372264862,0.21506273746490479
validation,129_v2_52_content_PhaniBalagam27_Big-data-Analytics-on-dallas-police-incidents-dataset_Q5_code.py_cleaned.png,2,2,0.1384568065404892,0.21325111389160156,0.2514524459838867,0.17089655995368958,0.10217667371034622,0.12376638501882553
validation,129_v2_55_content_NM20XX_Python_Fibonacci_Sequence.py_cleaned.png,2,2,0.10664080828428268,0.1565127819776535,0.30747032165527344,0.17418234050273895,0.09044874459505081,0.1647450476884842
validation,129_v2_67_content_peterjhyoon_rsa-math_math_functions.py_cleaned.png,2,2,0.1367383450269699,0.19341789186000824,0.22057314217090607,0.1502891629934311,0.13877536356449127,0.16020621359348297
validation,129_v2_68_content_mvivancq_DfsSudokuSolver_dfs.py_cleaned.png,2,1,0.1625024378299713,0.1803310066461563,0.18001383543014526,0.1620716154575348,0.1474989503622055,0.16758213937282562
validation,130_v2_2_content_laendle1999_NasceUmAEstrela_reberto.py_cleaned.png,2,1,0.17856451869010925,0.2079477459192276,0.16647541522979736,0.12033451348543167,0.1632268875837326,0.1634509563446045
validation,130_v2_32_content_AAMergulhao_Sort_Algorithms_algorithms.py_cleaned.png,2,5,0.16978059709072113,0.1291179358959198,0.16678082942962646,0.15417656302452087,0.17697682976722717,0.20316720008850098
validation,130_v2_35_content_DiarmuidKelly_Key_Exchange_diffie_hellman.py_cleaned.png,2,2,0.1654936671257019,0.15004658699035645,0.19754178822040558,0.16608263552188873,0.15543361008167267,0.16540171205997467
validation,130_v2_46_content_arun-p12_sort-algorithms_quick_sort.py_cleaned.png,2,0,0.19584208726882935,0.1547282636165619,0.16612443327903748,0.1155690997838974,0.1902516931295395,0.1774844527244568
validation,130_v2_4_content_Khante_Distance-Vector-Algorithm_simulation_2.py_cleaned.png,2,2,0.14857785403728485,0.20185145735740662,0.21001781523227692,0.1553296148777008,0.11677507311105728,0.16744819283485413
validation,130_v2_52_content_kantonist_printBST_printBST.py_cleaned.png,2,3,0.13379886746406555,0.15294981002807617,0.20746643841266632,0.21041010320186615,0.12826307117938995,0.16711170971393585
validation,130_v2_54_content_wilrnh_oneoffs_file2mail.py_cleaned.png,2,5,0.1627393662929535,0.18564824759960175,0.1876271367073059,0.14004503190517426,0.1354701668024063,0.1884700506925583
validation,130_v2_5_content_Fmccline_Prims-Algorithm_graph_builder.py_cleaned.png,2,4,0.19311927258968353,0.17228007316589355,0.16673021018505096,0.09161590784788132,0.21904249489307404,0.1572120189666748
validation,131_v2_61_content_piyush-taneja_Salary-Predictor_Random_Forest_Regression.py_cleaned.png,2,2,0.13650552928447723,0.17565588653087616,0.22544635832309723,0.15696518123149872,0.16069956123828888,0.14472754299640656
validation,132_v2_44_content_eastxe_cosine-knn_knn.py_cleaned.png,2,2,0.16645529866218567,0.18150368332862854,0.19766372442245483,0.10635370761156082,0.16353921592235565,0.1844843626022339
validation,132_v2_52_content_Tchaikovic_dijkstra_mapcreator.py_cleaned.png,2,1,0.1344050168991089,0.22159920632839203,0.19474777579307556,0.15415532886981964,0.14464722573757172,0.15044540166854858
validation,132_v2_58_content_zhaoyichanghong_machine_learing_algo_python_knn.py_cleaned.png,2,2,0.1399272084236145,0.185402512550354,0.22848738729953766,0.16023710370063782,0.1392775923013687,0.1466682255268097
validation,132_v2_5_content_domodomodomo_binary_search_tree_test.py_cleaned.png,2,3,0.1760662943124771,0.1547027826309204,0.1572500467300415,0.19153207540512085,0.1369951218366623,0.1834537386894226
validation,132_v2_6_content_zhenv5_breaking_cycles_in_noisy_hierarchies_true_skill.py_cleaned.png,2,2,0.17236770689487457,0.16813984513282776,0.1791142225265503,0.16557860374450684,0.17479108273983002,0.14000850915908813
validation,133_v2_42_content_TechnoMonoCo_Python-Doubly-Linked-List_LL.py_cleaned.png,2,2,0.13057570159435272,0.1871754676103592,0.24086031317710876,0.18151840567588806,0.11762118339538574,0.14224885404109955
validation,133_v2_52_content_jamesbutler01_Normalise-Luminance-Across-Images_main.py_cleaned.png,2,2,0.12949497997760773,0.19558902084827423,0.19613854587078094,0.18846018612384796,0.1341123729944229,0.15620484948158264
validation,133_v2_54_content_sumanth-bmsce_Unsupervised_Extreme_Learning_Machine_Spectral_Clustering.py_cleaned.png,2,2,0.16035175323486328,0.16966047883033752,0.19603011012077332,0.14699870347976685,0.15589359402656555,0.17106546461582184
validation,133_v2_6_content_chiragragarwal_Graphs_And_Networks___init__.py_cleaned.png,2,0,0.18905043601989746,0.14067982137203217,0.15734492242336273,0.14659373462200165,0.18876497447490692,0.17756615579128265
validation,134_v2_4_content_sezisoro_PyTimePad_PyTimePad.py_cleaned.png,2,2,0.1071682721376419,0.18450461328029633,0.2401912957429886,0.19482773542404175,0.11878027021884918,0.15452776849269867
validation,134_v2_4_content_sumedhvdatar_Longest_Common_Subsequence_lcs.py_cleaned.png,2,0,0.17268982529640198,0.171898752450943,0.1587233692407608,0.16756579279899597,0.16242775321006775,0.1666944921016693
validation,134_v2_55_content_taksug229_Python-hierarchical-clustering_Working_Data_Hierarchical_Clustering.py_cleaned.png,2,1,0.1290440708398819,0.19087767601013184,0.17894822359085083,0.18821820616722107,0.1309690773487091,0.18194273114204407
validation,134_v2_5_content_LuttaKing_AES-style-Encryptor-Decryptor_encryptorGUI.py_cleaned.png,2,2,0.1534077227115631,0.16099852323532104,0.20474772155284882,0.1734769344329834,0.15654374659061432,0.1508253961801529
validation,134_v2_61_content_EricHasegawa_binary-search_binary_search.py_cleaned.png,2,5,0.13815923035144806,0.19653822481632233,0.18338054418563843,0.1373891830444336,0.13998232781887054,0.20455048978328705
validation,134_v2_78_content_uptodiff_kdd-cup-99-Analysis-machine-learning-python_kdd_binary_classification_ANN.py_cleaned.png,2,1,0.13520556688308716,0.22292013466358185,0.21660278737545013,0.16823063790798187,0.12862268090248108,0.12841814756393433
validation,134_v2_84_content_LatrecheYasser_Secure-Python-Chat_RC4.py_cleaned.png,2,1,0.16721810400485992,0.21233966946601868,0.1762991100549698,0.1406310498714447,0.1620730757713318,0.14143894612789154
validation,135_v2_3_content_iykadev_pyalgo_lagged_fibonacci_gen.py_cleaned.png,2,2,0.14714652299880981,0.1654607206583023,0.1820865273475647,0.17106486856937408,0.1800386756658554,0.15420274436473846
validation,135_v2_5_content_amirheidarikhoram_longest-common-subsequence_lcs.py_cleaned.png,2,2,0.13466159999370575,0.1830083280801773,0.22983373701572418,0.1810120791196823,0.127248615026474,0.14423565566539764
validation,135_v2_5_content_chriskbwong_quickSort_quickSort.py_cleaned.png,2,1,0.1364363580942154,0.2018870711326599,0.18994303047657013,0.14440588653087616,0.1518654078245163,0.1754622757434845
validation,135_v2_5_content_llp0702_one-time-pad-implementation-python_main.py_cleaned.png,2,2,0.14009618759155273,0.16886013746261597,0.19608765840530396,0.17506039142608643,0.14390018582344055,0.17599543929100037
validation,135_v2_6_content_steviedale_random_maze_generator_main.py_cleaned.png,2,2,0.14809909462928772,0.14233903586864471,0.2022743821144104,0.14334267377853394,0.19431276619434357,0.16963200271129608
validation,135_v2_70_content_DimaAntoniuk_Lab4_bfs_bfs.py_cleaned.png,2,2,0.15773968398571014,0.12719674408435822,0.21367672085762024,0.1530715823173523,0.1681380569934845,0.18017709255218506
validation,135_v2_77_content_elisawarner_Fun_determinant.py_cleaned.png,2,2,0.15356604754924774,0.18504004180431366,0.21749283373355865,0.16690577566623688,0.1483640819787979,0.12863127887248993
validation,136_v2_5_content_ongyongzheng_cass_main_unet.py_cleaned.png,2,0,0.2334170937538147,0.15201622247695923,0.19671569764614105,0.06999581307172775,0.19729748368263245,0.15055763721466064
validation,136_v2_63_content_avitabayan_Machine-learning_svr.py_cleaned.png,2,4,0.16629306972026825,0.16687209904193878,0.15098287165164948,0.14648579061031342,0.18966174125671387,0.17970435321331024
validation,136_v2_6_content_austinteshuba_QuickSort_Sort.py_cleaned.png,2,5,0.17768709361553192,0.13696728646755219,0.1568409651517868,0.12240014970302582,0.18376342952251434,0.22234106063842773
validation,136_v2_71_content_DylanHarrisonGithub_AVLTree_AVLTree.py_cleaned.png,2,2,0.12267566472291946,0.17443695664405823,0.2415892332792282,0.18118830025196075,0.13217681646347046,0.14793308079242706
validation,137_v2_41_content_sarahandert_python-practice--sorting_sample5.py_cleaned.png,2,2,0.1713956594467163,0.16842021048069,0.18861612677574158,0.1842772513628006,0.15448813140392303,0.1328025609254837
validation,137_v2_62_content_arenart90_fsm-python_fsm.py_cleaned.png,2,5,0.10403158515691757,0.14823438227176666,0.1637508124113083,0.15155333280563354,0.20702873170375824,0.2254011332988739
validation,137_v2_62_content_wang2226_Clustering_k-means_plot.py_cleaned.png,2,1,0.13030846416950226,0.20501849055290222,0.20243282616138458,0.1791469156742096,0.12949725985527039,0.15359604358673096
validation,137_v2_66_content_KarlaFlorentino_Dijkstra_dijkstra.py_cleaned.png,2,1,0.1530570238828659,0.20205602049827576,0.188181534409523,0.1746310293674469,0.15066733956336975,0.1314070075750351
validation,137_v2_6_content_muhammadhabibi_CBS01_Main.py_cleaned.png,2,2,0.11060947924852371,0.1616879105567932,0.25462833046913147,0.1861487329006195,0.11540442705154419,0.1715211272239685
validation,137_v2_84_content_rayjc_ml-pca-foreground-removal_miscHelper.py_cleaned.png,2,2,0.1396709531545639,0.22787635028362274,0.2405608743429184,0.144636332988739,0.08747858554124832,0.15977683663368225
validation,137_v2_84_content_rev1z_async_factorial_webapp_logic.py_cleaned.png,2,5,0.13814325630664825,0.2078925222158432,0.17673766613006592,0.10854987055063248,0.14833909273147583,0.22033768892288208
validation,137_v2_87_content_SinaBahrami89_RSA-cryptosystem-with-different-prime-generators_RSA_Keys.py_cleaned.png,2,1,0.14269763231277466,0.22524772584438324,0.2015654295682907,0.16492027044296265,0.1274576038122177,0.13811138272285461
validation,138_v2_33_content_chafiknaceri_Credit-Card-Debt_LinearPayement.py_cleaned.png,2,2,0.19452784955501556,0.12978295981884003,0.2087816596031189,0.13653188943862915,0.17791281640529633,0.15246282517910004
validation,138_v2_56_content_newsteps8_Efficiency_of_SortingAlgorithms_merge_sort.py_cleaned.png,2,2,0.17539474368095398,0.16702088713645935,0.20475000143051147,0.16135329008102417,0.16329334676265717,0.12818777561187744
validation,138_v2_5_content_fernandolobato_ecc_verifiable_threshold_cryptosystem_key_gen.py_cleaned.png,2,2,0.1466751992702484,0.16654248535633087,0.1904166042804718,0.17296206951141357,0.14653995633125305,0.1768636852502823
validation,138_v2_66_content_ChavezE_Parallel_PFVA_image_tester.py_cleaned.png,2,2,0.1297120600938797,0.16530804336071014,0.21783539652824402,0.18218980729579926,0.14330264925956726,0.16165202856063843
validation,138_v2_6_content_singh-sidharth_Longest-Common-Subsequence_LCS.py_cleaned.png,2,2,0.12125290185213089,0.19110897183418274,0.22600971162319183,0.17004454135894775,0.1254102736711502,0.16617359220981598
validation,138_v2_70_content_Arcnor_binja_search___init__.py_cleaned.png,2,2,0.1403784602880478,0.1929439753293991,0.22487448155879974,0.1499495506286621,0.1287669688463211,0.16308645904064178
validation,139_v2_45_content_Dimildizio_pyqt_traincars_sort_cars_coal.py_cleaned.png,2,3,0.13380122184753418,0.17593048512935638,0.19021360576152802,0.2215336710214615,0.13239721953868866,0.1461237519979477
validation,139_v2_5_content_supfisher_PredicrionInQueueNets_regression.py_cleaned.png,2,1,0.1784726232290268,0.2807299792766571,0.1597038358449936,0.17457272112369537,0.1094629094004631,0.09705793857574463
validation,139_v2_6_content_metintorunoglu_Polynomial-Linear-Regression_4_Polynomial_Regression.py_cleaned.png,2,1,0.1486411988735199,0.21989311277866364,0.1893254965543747,0.13221587240695953,0.13163799047470093,0.1782863587141037
validation,139_v2_78_content_FernandoDurier_apa-dijkstra___main__.py_cleaned.png,2,1,0.13653908669948578,0.22639428079128265,0.1851961463689804,0.17857089638710022,0.11724544316530228,0.15605410933494568
validation,139_v2_7_content_Aly-Tomato_Prims-and-Kruskals_glb.py_cleaned.png,2,3,0.1454322785139084,0.17459231615066528,0.18073052167892456,0.18432889878749847,0.16016365587711334,0.15475231409072876
validation,140_v2_7_content_denisyarats_pytorch_sac_ae_decoder.py_cleaned.png,2,1,0.15118993818759918,0.22095273435115814,0.14730031788349152,0.17096446454524994,0.17279379069805145,0.136798694729805
validation,140_v2_7_content_lhuangufl_QuickSort_QuickSort.py_cleaned.png,2,4,0.17477816343307495,0.12320311367511749,0.1730218380689621,0.1211405023932457,0.21066363155841827,0.1971927285194397
validation,141_v2_3_content_iykadev_pyalgo_shunting_yard_algo.py_cleaned.png,2,1,0.17622920870780945,0.19904091954231262,0.18024152517318726,0.19423574209213257,0.13621503114700317,0.11403755098581314
validation,141_v2_76_content_cakmakaf_Polynomial_Regression_for_Random_Dataset_Polynomial_Regression.py_cleaned.png,2,1,0.19213494658470154,0.22329482436180115,0.16656708717346191,0.08672255277633667,0.1729968935251236,0.15828365087509155
validation,141_v2_7_content_ardyerwanda_SDN-Bellman-Ford-Pyretic_wG_bellfordCost.py_cleaned.png,2,1,0.21367189288139343,0.2138178050518036,0.12791621685028076,0.14008086919784546,0.13686776161193848,0.16764549911022186
validation,141_v2_80_content_arun-p12_sort-algorithms_quick_sort.py_cleaned.png,2,1,0.1352338194847107,0.2220560610294342,0.1653205156326294,0.15444456040859222,0.14138954877853394,0.1815555989742279
validation,141_v2_84_content_WizHacks_ChordDFS_topo.py_cleaned.png,2,2,0.14404892921447754,0.16172805428504944,0.1918492615222931,0.14010311663150787,0.18384873867034912,0.17842191457748413
validation,141_v2_97_content_mjurk456_mini-snakes_fizz_buzz.py_cleaned.png,2,1,0.15144741535186768,0.19673021137714386,0.1842803955078125,0.15439362823963165,0.16897335648536682,0.14417491853237152
validation,142_v2_66_content_SanyaKathuria10_StackOverflow-Keyword-Extraction-System_spark.py_cleaned.png,2,0,0.22358621656894684,0.1434454768896103,0.21793542802333832,0.11665350198745728,0.11470206081867218,0.18367719650268555
validation,142_v2_7_content_fepz_AyCC_disjoint_set.py_cleaned.png,2,1,0.14655852317810059,0.19208672642707825,0.1609082818031311,0.1537969559431076,0.1643238216638565,0.18232567608356476
validation,142_v2_8_content_jasminegrewal_Naive-Bayes-KNN-Logistic-Regression_3b_knn.py_cleaned.png,2,1,0.17714150249958038,0.1863803118467331,0.17609205842018127,0.16902750730514526,0.15744087100028992,0.13391771912574768
validation,143_v2_4_content_BenCashman_Linear-Search_linear_search.py_cleaned.png,2,2,0.21655552089214325,0.13071125745773315,0.22109712660312653,0.1547522395849228,0.09838514029979706,0.1784987449645996
validation,143_v2_7_content_MadalinaMircea_GraphAlgorithms_Repository.py_cleaned.png,2,2,0.14753414690494537,0.1900516152381897,0.19466333091259003,0.16657593846321106,0.14812219142913818,0.15305282175540924
validation,143_v2_88_content_andreaestrada_mazecrawler_singlePowerup.py_cleaned.png,2,5,0.14885477721691132,0.13944889605045319,0.1841733455657959,0.16342535614967346,0.13183657824993134,0.2322610318660736
validation,143_v2_8_content_fepz_AyCC_disjoint_set.py_cleaned.png,2,5,0.136221244931221,0.15515393018722534,0.1895441859960556,0.1357840597629547,0.1602763682603836,0.22302022576332092
validation,143_v2_8_content_omjego_AR-Mining-Hash-Tree_naive_apriori.py_cleaned.png,2,1,0.1319272816181183,0.19417913258075714,0.16342078149318695,0.1920051872730255,0.16093789041042328,0.15752969682216644
validation,143_v2_93_content_djzgroup_Visual-basedCharacterEmbedding_123.py_cleaned.png,2,2,0.13161073625087738,0.17593081295490265,0.2002732753753662,0.14377467334270477,0.15568871796131134,0.19272175431251526
validation,143_v2_94_content_UniqueRoHo_NaiveBayes_Continuous.py_cleaned.png,2,1,0.14229834079742432,0.19926007091999054,0.18083009123802185,0.16252057254314423,0.16297563910484314,0.15211541950702667
validation,144_v2_3_content_iykadev_pyalgo_VertexGraph.py_cleaned.png,2,1,0.13278985023498535,0.20344892144203186,0.17156317830085754,0.18645669519901276,0.15459990501403809,0.1511414796113968
validation,144_v2_4_content_gbrlcustodio_forecasting_genetic_alg.py_cleaned.png,2,1,0.17525362968444824,0.19685223698616028,0.17821168899536133,0.17438678443431854,0.1316869854927063,0.1436086744070053
validation,144_v2_5_content_adamweissert_PythonLinearSearch_LinearSearch.py_cleaned.png,2,2,0.15452107787132263,0.18026518821716309,0.19866740703582764,0.16204363107681274,0.15841078758239746,0.14609192311763763
validation,144_v2_6_content_gionanide_Cryptography_superincreasing_knapsack.py_cleaned.png,2,2,0.15196138620376587,0.18139521777629852,0.19198700785636902,0.17616671323776245,0.15360848605632782,0.1448812037706375
validation,144_v2_8_content_16chuang_CS161_Project_judge.py_cleaned.png,2,5,0.156442791223526,0.1602066457271576,0.16589736938476562,0.16399738192558289,0.1653280407190323,0.188127800822258
validation,144_v2_92_content_paulfauthmayer_versopy_verso.py_cleaned.png,2,1,0.14860039949417114,0.18840429186820984,0.16766835749149323,0.164320170879364,0.1610884964466095,0.1699182093143463
validation,144_v2_97_content_mjurk456_mini-snakes_pseudorandom_sentence_generator.py_cleaned.png,2,3,0.13984107971191406,0.1695476770401001,0.1809442788362503,0.21442806720733643,0.13175182044506073,0.1634870171546936
validation,144_v2_98_content_pooja1909_Bigdata-project_input.py_cleaned.png,2,0,0.22580546140670776,0.12961052358150482,0.14077036082744598,0.17526870965957642,0.17350684106349945,0.15503816306591034
validation,145_v2_25_content_aajanki_finnish-pos-accuracy_sample_ftb1.py_cleaned.png,2,2,0.16724511981010437,0.16356799006462097,0.1967526078224182,0.1496453434228897,0.16475841403007507,0.15803055465221405
validation,145_v2_3_content_iykadev_pyalgo_xiaolin_wus_line_algo.py_cleaned.png,2,1,0.1864769458770752,0.20983409881591797,0.16327078640460968,0.11754309386014938,0.127071812748909,0.19580323994159698
validation,145_v2_6_content_gionanide_Cryptography_VernamCipher.py_cleaned.png,2,2,0.14186644554138184,0.16619831323623657,0.2147875875234604,0.16817882657051086,0.13548295199871063,0.17348596453666687
validation,145_v2_8_content_16chuang_CS161_Project_LCS.py_cleaned.png,2,2,0.10988131910562515,0.20008143782615662,0.2950182855129242,0.14782768487930298,0.08764190971851349,0.15954937040805817
validation,145_v2_95_content_anurag423_Python-Project_primegen.py_cleaned.png,2,2,0.15281686186790466,0.1867443174123764,0.21731266379356384,0.1480298638343811,0.14286234974861145,0.15223394334316254
validation,145_v2_9_content_ludmal_knn_knn.py_cleaned.png,2,1,0.16572965681552887,0.20901083946228027,0.17794208228588104,0.13895705342292786,0.14480869472026825,0.1635516732931137
validation,146_v2_8_content_GHasanKaraman_CS_PolynomialRegression_pr3.py_cleaned.png,2,0,0.19307199120521545,0.1567956805229187,0.19055044651031494,0.15960299968719482,0.1676771193742752,0.13230173289775848
validation,146_v2_8_content_tochukwuokafor_Mersenne-numbers-Lucas-Lehmer-test-and-Sieve-of-Eratosthenes_mersenne_numbers_lucas_lehmer_sieve_of_eratosthenes.py_cleaned.png,2,2,0.11364658176898956,0.17948627471923828,0.21752861142158508,0.20563165843486786,0.14000572264194489,0.14370115101337433
validation,146_v2_9_content_anishur_ARIMA-MODEL_arima.py_cleaned.png,2,1,0.21823234856128693,0.24259866774082184,0.15982435643672943,0.14286138117313385,0.14019325375556946,0.09628991037607193
validation,146_v2_9_content_ankur-anand_Factorial-Algorithm_fact_12_unittest.py_cleaned.png,2,5,0.14879953861236572,0.16074055433273315,0.18002088367938995,0.14833983778953552,0.15015909075737,0.21194010972976685
validation,147_v2_9_content_gquintela_prim_main.py_cleaned.png,2,3,0.1547350287437439,0.17565999925136566,0.18587705492973328,0.20012788474559784,0.14282262325286865,0.14077749848365784
validation,148_v2_7_content_satyammittal_IRE-Stopping-Words_hindi.py_cleaned.png,2,2,0.14606881141662598,0.18302251398563385,0.2554105520248413,0.1732548177242279,0.09906261414289474,0.1431806981563568
validation,148_v2_93_content_wei4keepingstudy_Artificial_Intelligence_hw2_dfs_forwardchecking.py_cleaned.png,2,2,0.14651235938072205,0.20599590241909027,0.21997012197971344,0.10618656128644943,0.1299331784248352,0.1914019137620926
validation,40_v2_1_content_Pranshu258_Crowd_Behavior_Analysis_outlierDetector.py_cleaned.png,2,0,0.2801847457885742,0.25972792506217957,0.09287223219871521,0.08789163082838058,0.20107823610305786,0.07824519276618958
validation,45_v2_2_content_Liu-WeiYi_Private_Preserving_Outlier_Behavior_Detection_statistic.py_cleaned.png,2,0,0.19950000941753387,0.17017535865306854,0.16147656738758087,0.1542913168668747,0.16199882328510284,0.15255793929100037
validation,48_v2_2_content_moluronghuakai_outlier-analysis_feature.py_cleaned.png,2,0,0.19717057049274445,0.182071715593338,0.17348892986774445,0.16829369962215424,0.1509166806936264,0.12805834412574768
validation,48_v2_9_content_Soumyabrata_predicting-pwv_grid_search.py_cleaned.png,2,2,0.10965900123119354,0.1716250479221344,0.2270248532295227,0.17584481835365295,0.14759694039821625,0.16824941337108612
validation,51_v2_4_content_mrimahajan_advanced_analysis_package_variable_reduction.py_cleaned.png,2,1,0.20110435783863068,0.23029623925685883,0.13779988884925842,0.1059187799692154,0.20913808047771454,0.11574262380599976
validation,55_v2_5_content_harshdarji22_crypto_outlier.py_cleaned.png,2,5,0.15364211797714233,0.18716195225715637,0.1821199506521225,0.1618819683790207,0.12652097642421722,0.1886730194091797
validation,76_v2_11_content_liam-han_all-pairs-shortest-path_py.py_cleaned.png,2,2,0.15925844013690948,0.18982458114624023,0.19720013439655304,0.10831592231988907,0.1945532113313675,0.15084771811962128
validation,78_v2_12_content_AtahanCelebi_Shortest-Route-with-Floyd-Warshall-Algorithm_map_distance.py_cleaned.png,2,2,0.19168052077293396,0.18207412958145142,0.19514884054660797,0.1775915026664734,0.12174274027347565,0.13176223635673523
validation,87_v2_16_content_QueraltSM_HospitalShortestPath_main.py_cleaned.png,2,2,0.13217341899871826,0.16894479095935822,0.22102467715740204,0.18239623308181763,0.14433756470680237,0.15112332999706268
validation,89_v2_1_content_nilsonneto_floydWarshall_main.py_cleaned.png,2,0,0.2335784137248993,0.16770298779010773,0.15988129377365112,0.1286427080631256,0.19812189042568207,0.11207269877195358
validation,97_v2_10_content_MBataille_encrypt-xor_encr.py_cleaned.png,2,3,0.11135648190975189,0.1745179295539856,0.21104158461093903,0.2333969622850418,0.12950947880744934,0.14017760753631592
validation,99_v2_10_content_stensonowen_factorial_bot_atoi.py_cleaned.png,2,2,0.18634133040905,0.13784661889076233,0.22815468907356262,0.13125240802764893,0.18441882729530334,0.1319861263036728
validation,112_v3_11_content_liam-han_all-pairs-shortest-path_py.py_cleaned.png,3,1,0.24102558195590973,0.2538697421550751,0.15775372087955475,0.11276590079069138,0.10054408758878708,0.1340409517288208
validation,114_v3_12_content_AtahanCelebi_Shortest-Route-with-Floyd-Warshall-Algorithm_map_distance.py_cleaned.png,3,5,0.1701011061668396,0.14575280249118805,0.1750926673412323,0.1345559060573578,0.16395168006420135,0.2105458676815033
validation,123_v3_16_content_QueraltSM_HospitalShortestPath_main.py_cleaned.png,3,1,0.1714954525232315,0.22185556590557098,0.16381046175956726,0.1479436457157135,0.1365092247724533,0.15838566422462463
validation,125_v3_1_content_nilsonneto_floydWarshall_main.py_cleaned.png,3,4,0.15385006368160248,0.16867083311080933,0.18408402800559998,0.1493595689535141,0.184825137257576,0.15921036899089813
validation,138_v3_6_content_chawl002_PythonProject141_2_assignment2.py_cleaned.png,3,0,0.20346954464912415,0.20028969645500183,0.166154682636261,0.14631138741970062,0.14546586573123932,0.1383088380098343
validation,139_v3_7_content_ghifarozarrr_floyd-warshall-algorithm_floyd.py_cleaned.png,3,2,0.1756710708141327,0.15893180668354034,0.19845163822174072,0.1493569016456604,0.14995381236076355,0.1676347851753235
validation,143_v3_8_content_chiragragarwal_Graphs_And_Networks_PlotGraph.py_cleaned.png,3,0,0.2121889442205429,0.17176316678524017,0.20046548545360565,0.13952890038490295,0.13340865075588226,0.14264488220214844
validation,145_v3_10_content_MBataille_encrypt-xor_encr.py_cleaned.png,3,2,0.14014612138271332,0.17717941105365753,0.20377515256404877,0.17886418104171753,0.1506214588880539,0.14941363036632538
validation,146_v3_11_content_davedennis_DFS-and-BFS-Search_dfbf.py_cleaned.png,3,5,0.1544308215379715,0.12549147009849548,0.17138752341270447,0.1814330518245697,0.1781710386276245,0.18908599019050598
validation,147_v3_10_content_stensonowen_factorial_bot_atoi.py_cleaned.png,3,2,0.16201366484165192,0.1414429098367691,0.21880780160427094,0.17004437744617462,0.15177255868911743,0.15591859817504883
validation,147_v3_15_content_udwivedi394_LinkedList_convertBT2LL.py_cleaned.png,3,2,0.19315066933631897,0.17503492534160614,0.19377101957798004,0.15022684633731842,0.1601571887731552,0.12765933573246002
validation,148_v3_ 1_content_nageshsinghc4_stock-market-forecasting_ZBH_stock.py_cleaned.png,3,1,0.15669819712638855,0.21672742068767548,0.16614565253257751,0.15981143712997437,0.1682060956954956,0.1324111521244049
validation,148_v3_10_content_Chinmay-395_AES-algorithm-using-GUI_CNSmini1.py_cleaned.png,3,2,0.13134704530239105,0.1484431028366089,0.19503232836723328,0.1918758749961853,0.14169640839099884,0.19160525500774384
validation,148_v3_18_content_10elements_BinaryTree_binaryTree.py_cleaned.png,3,3,0.1768951565027237,0.15228506922721863,0.11350764334201813,0.19917955994606018,0.1839362233877182,0.1741962879896164
validation,148_v3_22_content_cneally_BubbleSortingAlgorithm_bubble_sort.py_cleaned.png,3,2,0.16400279104709625,0.13906055688858032,0.20016619563102722,0.145612895488739,0.17516449093818665,0.17599308490753174
validation,149_v3_10_content_Suji04_ML-Clustering_hccluster.py_cleaned.png,3,5,0.1515955626964569,0.16481390595436096,0.1980578452348709,0.12630991637706757,0.15889614820480347,0.20032662153244019
validation,150_v3_11_content_SharifAmit_HuffmanCoding_encoder.py_cleaned.png,3,2,0.15170970559120178,0.15420514345169067,0.20127882063388824,0.19519616663455963,0.12352223694324493,0.17408789694309235
validation,150_v3_11_content_kousu_primes_cubesieve_explore.py_cleaned.png,3,2,0.11150141060352325,0.195648655295372,0.24255585670471191,0.19670428335666656,0.12569646537303925,0.12789340317249298
validation,150_v3_11_content_pprzygodzk_binary_search-prime_numbers_primes_p1.py_cleaned.png,3,3,0.18752384185791016,0.18263135850429535,0.1663682460784912,0.20208001136779785,0.15113067626953125,0.11026579141616821
validation,150_v3_13_content_theSnehaThing_HierarchicalClustering_Hierchial_Classification.py_cleaned.png,3,2,0.12976418435573578,0.19789303839206696,0.20598359405994415,0.17796415090560913,0.1300187110900879,0.1583763062953949
validation,150_v3_15_content_agarwalr98_PrincipalComponentAnalysis_PCAReconstruct_with_NoisyImages.py_cleaned.png,3,2,0.15495944023132324,0.1786050647497177,0.18467915058135986,0.1491311639547348,0.15563833713531494,0.17698682844638824
validation,150_v3_18_content_jiangfeng1124_digital-dendrimer_genenerate.py_cleaned.png,3,5,0.1359994262456894,0.16153670847415924,0.15919078886508942,0.15032285451889038,0.17173653841018677,0.2212136834859848
validation,151_v3_11_content_langokalla_A-star-Pathfinder_map.py_cleaned.png,3,0,0.20793651044368744,0.12398995459079742,0.17650842666625977,0.11423440277576447,0.17687556147575378,0.20045514404773712
validation,151_v3_11_content_liubing220524_DFSL-for-hyperspectral-image-classification_KNN.py_cleaned.png,3,2,0.1470605432987213,0.1644679754972458,0.20591062307357788,0.19219377636909485,0.15005776286125183,0.14030933380126953
validation,151_v3_12_content_dxania_Fizzbuzz_fizzbuzz_tests.py_cleaned.png,3,2,0.13347861170768738,0.17539779841899872,0.23713652789592743,0.18866053223609924,0.11575955897569656,0.14956694841384888
validation,151_v3_13_content_gissimo_nsc_do_nsc.py_cleaned.png,3,2,0.1478177309036255,0.16423028707504272,0.20324158668518066,0.17112241685390472,0.16157585382461548,0.1520121544599533
validation,151_v3_1_content_dhvanilp_Persistent-Binary-Search-Trees_index.py_cleaned.png,3,2,0.14427930116653442,0.19249625504016876,0.23083272576332092,0.17802566289901733,0.11227454990148544,0.1420915275812149
validation,152_v3_11_content_Masao-Taketani_text_classification_with_alexa_webapi.py_cleaned.png,3,2,0.12657581269741058,0.16584302484989166,0.2101941555738449,0.1939946860074997,0.1366206556558609,0.16677162051200867
validation,152_v3_11_content_XlogicX_Fibonacci_fib.py_cleaned.png,3,2,0.14245860278606415,0.15381069481372833,0.19513051211833954,0.18064624071121216,0.15324535965919495,0.17470858991146088
validation,152_v3_13_content_chandimajayawickrama_Simple-Sorting-Algorithms_insertion_sort.py_cleaned.png,3,0,0.19275391101837158,0.13058190047740936,0.173458069562912,0.15305542945861816,0.18575754761695862,0.1643931120634079
validation,152_v3_18_content_ronak-07_Agglomerative-Hierarchical-Clustering_Agglomerative.py_cleaned.png,3,0,0.17650261521339417,0.1685876101255417,0.16972555220127106,0.16855810582637787,0.14808203279972076,0.16854409873485565
validation,152_v3_1_content_modulus100_python-datastructures-algorithms_flattering_nested_linked_lists.py_cleaned.png,3,3,0.12643298506736755,0.17040975391864777,0.18199613690376282,0.1930948793888092,0.16923440992832184,0.15883183479309082
validation,153_v3_10_content_nishi1612_Email-Spam-Classification-using-SVM_extracting_unique_words_from_all_emails.py_cleaned.png,3,5,0.15700247883796692,0.14149563014507294,0.18216799199581146,0.18328174948692322,0.13479913771152496,0.2012529969215393
validation,153_v3_12_content_aabulhaj_SpectralClustering_synthetic_data.py_cleaned.png,3,1,0.14741718769073486,0.20007747411727905,0.1772979199886322,0.14256437122821808,0.1535647213459015,0.17907829582691193
validation,153_v3_13_content_prachij94_Category-name-analysis-without-stopwords_stopwordsmcat.py_cleaned.png,3,1,0.1266425997018814,0.2296862155199051,0.19640016555786133,0.1683274507522583,0.13788378238677979,0.1410597860813141
validation,153_v3_13_content_tiendung1510_LearningPython_ucs.py_cleaned.png,3,1,0.16285090148448944,0.20527473092079163,0.17952215671539307,0.15408702194690704,0.1512095034122467,0.1470557153224945
validation,153_v3_19_content_bowiechen_FactorialDigitsSum_Counter.py_cleaned.png,3,5,0.14084188640117645,0.19857239723205566,0.18149782717227936,0.167532280087471,0.11293015629053116,0.19862549006938934
validation,153_v3_19_content_riccardobisori_Binary-Trees_TestHeights.py_cleaned.png,3,2,0.1392173022031784,0.17405253648757935,0.19810345768928528,0.15787121653556824,0.16018018126487732,0.1705753356218338
validation,153_v3_1_content_dedeco_dijkstra-bellman-ford_teste_lobo_djt.py_cleaned.png,3,5,0.17019490897655487,0.1573859304189682,0.16213908791542053,0.17807699739933014,0.13815516233444214,0.19404788315296173
validation,153_v3_21_content_bharadwajsrikanth_principal-component-analysis_ImageProcessing_PCA.py_cleaned.png,3,2,0.1568218469619751,0.1769179254770279,0.19427070021629333,0.16101308166980743,0.1547383815050125,0.1562381088733673
validation,154_v3_10_content_chiragragarwal_Graphs_And_Networks___init__.py_cleaned.png,3,0,0.24645347893238068,0.1448710709810257,0.11499868333339691,0.11673109233379364,0.18914513289928436,0.18780042231082916
validation,154_v3_10_content_nishi1612_Email-Spam-Classification-using-SVM_processing_emails_to_find_occurance_of_words.py_cleaned.png,3,3,0.13951832056045532,0.18342654407024384,0.18266113102436066,0.18514376878738403,0.15045127272605896,0.1587989628314972
validation,154_v3_11_content_rjtmahinay_fuzzy-association-rule-mining_Apriori.py_cleaned.png,3,3,0.14358019828796387,0.18521654605865479,0.1765991896390915,0.1910770982503891,0.1377190351486206,0.16580791771411896
validation,154_v3_12_content_eyalr0_AES-Cryptoanalysis_RetracingBoomerang.py_cleaned.png,3,1,0.15386667847633362,0.19430649280548096,0.1922532469034195,0.15004603564739227,0.13224764168262482,0.17727984488010406
validation,154_v3_13_content_Skulsta_cluster_unlabelled_dataset_elbow_analysis.py_cleaned.png,3,1,0.14431282877922058,0.1895693689584732,0.1874864101409912,0.18069642782211304,0.1370082050561905,0.16092675924301147
validation,154_v3_13_content_danielSbastos_binary-fibonacci_prototype.py_cleaned.png,3,2,0.15130361914634705,0.1820068210363388,0.19428882002830505,0.16498136520385742,0.15981878340244293,0.14760056138038635
validation,154_v3_14_content_codearemo_selction-sort_selection_sort.py_cleaned.png,3,5,0.1856583058834076,0.16531598567962646,0.1837303191423416,0.14251798391342163,0.12570662796497345,0.19707074761390686
validation,154_v3_17_content_fxbp_spd-5_criptoanalisi.py_cleaned.png,3,0,0.19790732860565186,0.13887470960617065,0.18678411841392517,0.1579761505126953,0.1577027440071106,0.16075491905212402
validation,154_v3_17_content_kwikadi_BFS-v-DFS_bfs.py_cleaned.png,3,0,0.18301774561405182,0.16569580137729645,0.16862966120243073,0.1478092521429062,0.17685499787330627,0.15799254179000854
validation,154_v3_18_content_Saychakr13_CLUSTERING_MODELS_hc.py_cleaned.png,3,2,0.11828212440013885,0.17198581993579865,0.22350546717643738,0.17618079483509064,0.11741688847541809,0.1926289051771164
validation,155_v3_10_content_mohamedScikitLearn_Information-retrieval--Text-mining-_Version_2.py_cleaned.png,3,2,0.1614082008600235,0.17639702558517456,0.21312156319618225,0.15596233308315277,0.1360456943511963,0.1570652425289154
validation,155_v3_13_content_Odarlie_fizz_buzz_programming_logic_andelab_fizz_buzz_bootcamp_function.py_cleaned.png,3,1,0.1641729176044464,0.18096312880516052,0.17618092894554138,0.14256936311721802,0.17568396031856537,0.16042965650558472
validation,155_v3_13_content_danielSbastos_binary-fibonacci_transpose.py_cleaned.png,3,2,0.17612287402153015,0.17931236326694489,0.18867723643779755,0.13077624142169952,0.18750692903995514,0.13760440051555634
validation,155_v3_13_content_preetidurai_Spam-Ham-Classification-using-NB-and-LR_naiveBayes.py_cleaned.png,3,1,0.1866094172000885,0.21396833658218384,0.1813640147447586,0.12515263259410858,0.1479121297597885,0.14499342441558838
validation,155_v3_1_content_DaruniasJoy_OoT-Custom-Sequences_Check_for_Duplicates.py_cleaned.png,3,2,0.1669272780418396,0.13420647382736206,0.1877012997865677,0.17592306435108185,0.15400315821170807,0.1812387853860855
validation,155_v3_1_content_shivam1196_LRU-Caching_Caching.py_cleaned.png,3,2,0.14421150088310242,0.1723189651966095,0.20157550275325775,0.17553044855594635,0.10903377085924149,0.1973298192024231
validation,155_v3_23_content_tomasmcoronado_prob-alpha_PhyloTree.py_cleaned.png,3,3,0.12712812423706055,0.16550549864768982,0.17739155888557434,0.21335859596729279,0.1258210390806198,0.1907951384782791
validation,155_v3_3_content_iykadev_pyalgo_ackermann_func.py_cleaned.png,3,2,0.17426376044750214,0.1303468495607376,0.22346553206443787,0.15381141006946564,0.14445100724697113,0.17366138100624084
validation,156_v3_10_content_sushant097_Chatbot-using-Python-NLTK-_ChatBot.py_cleaned.png,3,1,0.14387884736061096,0.23343954980373383,0.18876993656158447,0.149410218000412,0.1535651832818985,0.13093630969524384
validation,156_v3_11_content_SabikAbtahee_Apriori-Implementation_AprioriMain.py_cleaned.png,3,1,0.14481519162654877,0.22602614760398865,0.169944167137146,0.16227242350578308,0.15469694137573242,0.14224518835544586
validation,156_v3_13_content_FN-HD_Elliptic_Curve_Cryptography_Main.py_cleaned.png,3,2,0.18016311526298523,0.152805358171463,0.19402454793453217,0.16146251559257507,0.16803152859210968,0.14351294934749603
validation,156_v3_15_content_VakinduPhilliam_Pattern_Matching_Python_Difflib_Pattern_Matching_Differ___.py_cleaned.png,3,4,0.1720375269651413,0.1468578577041626,0.1351170837879181,0.14534373581409454,0.21762923896312714,0.18301449716091156
validation,156_v3_16_content_hoefler02_diffie-hellman_dh_client.py_cleaned.png,3,2,0.1793060600757599,0.16981852054595947,0.18063507974147797,0.13252685964107513,0.16285386681556702,0.17485950887203217
validation,156_v3_17_content_jmullercuber_HackHarvard2k16_RedditScraper.py_cleaned.png,3,2,0.1798315793275833,0.18168309330940247,0.2153085321187973,0.11333058774471283,0.11857106536626816,0.19127508997917175
validation,156_v3_20_content_shamo0_Binary_Search_Tree_treap.py_cleaned.png,3,2,0.1883559674024582,0.11425396054983139,0.2108345627784729,0.16353636980056763,0.15031957626342773,0.17269954085350037
validation,156_v3_30_content_thomasjedstrom_Bubble_Sort_Selection_Sort.py_cleaned.png,3,5,0.14923979341983795,0.14460137486457825,0.179021418094635,0.15329866111278534,0.18373480439186096,0.1901039034128189
validation,157_v3_15_content_Nabeel-Asghar_List-Divsion_List-Division.py_cleaned.png,3,0,0.19936603307724,0.17166967689990997,0.16032636165618896,0.14438647031784058,0.1739669144153595,0.1502845585346222
validation,157_v3_1_content_pranav-dahiya_NaiveBayes_spam_filter.py_cleaned.png,3,5,0.14208881556987762,0.16551093757152557,0.18057933449745178,0.16848213970661163,0.14427103102207184,0.19906778633594513
validation,157_v3_23_content_AndreasChatz_factorial_constants.py_cleaned.png,3,3,0.14801397919654846,0.16658160090446472,0.1661800891160965,0.18412894010543823,0.15450838208198547,0.18058699369430542
validation,157_v3_31_content_atorulia_Some-kind-of-sort-algorithm_InsertionSort.py_cleaned.png,3,2,0.13639098405838013,0.15917211771011353,0.21469765901565552,0.15067654848098755,0.1605982780456543,0.1784643530845642
validation,157_v3_3_content_iykadev_pyalgo_anagram.py_cleaned.png,3,4,0.19212722778320312,0.15802818536758423,0.16075333952903748,0.12396873533725739,0.20126010477542877,0.1638624519109726
validation,158_v3_13_content_limqiying_crypto_final_project_EG-test.py_cleaned.png,3,5,0.13305462896823883,0.16832536458969116,0.17957086861133575,0.15824133157730103,0.156142458319664,0.2046653777360916
validation,158_v3_14_content_user0198_aes-256-CBC_aes256.py_cleaned.png,3,1,0.1398344486951828,0.19854167103767395,0.18262770771980286,0.16551744937896729,0.14258736371994019,0.17089128494262695
validation,158_v3_17_content_jb0xx_decrypt-onetimepad_onetimepad.py_cleaned.png,3,2,0.1329174041748047,0.1778087317943573,0.23695990443229675,0.19708818197250366,0.12765201926231384,0.12757374346256256
validation,158_v3_1_content_jwan659_forex-arbitrage_BellmanFord.py_cleaned.png,3,5,0.16085760295391083,0.14939367771148682,0.12913991510868073,0.15145771205425262,0.1516604870557785,0.2574906051158905
validation,158_v3_22_content_sabarahman_k-means-Clustering-On-Banking-Data-Set_clustering.py_cleaned.png,3,3,0.13117896020412445,0.1569705307483673,0.2032889425754547,0.2045001983642578,0.13578300178050995,0.16827835142612457
validation,158_v3_25_content_83Shashi_Hierarchical-Clustering_hierarchicalclustering.py_cleaned.png,3,3,0.14111821353435516,0.17094670236110687,0.1811850368976593,0.18909482657909393,0.15716132521629333,0.16049383580684662
validation,158_v3_31_content_Cadellinman_RB-EmailSorter_RedBubbleSorter.py_cleaned.png,3,1,0.0940331518650055,0.26315730810165405,0.22406381368637085,0.17746232450008392,0.1226634532213211,0.11862005293369293
validation,158_v3_3_content_iykadev_pyalgo_anagram2.py_cleaned.png,3,5,0.22519174218177795,0.11570852994918823,0.11648658663034439,0.07830670475959778,0.2044093906879425,0.25989702343940735
validation,159_v3_15_content_ronma1_Dijkstra_graph_algo.py_cleaned.png,3,5,0.1553833782672882,0.13481667637825012,0.18000923097133636,0.18140505254268646,0.14769841730594635,0.20068736374378204
validation,159_v3_31_content_NagarajSMurthy_Data-Structures_LinkedList.py_cleaned.png,3,2,0.1267407089471817,0.18398666381835938,0.19408614933490753,0.18934769928455353,0.1366337388753891,0.16920499503612518
validation,159_v3_31_content_benarg_A_star-BFS-Dijkstra-algorithms_AI_assignment3_part2.py_cleaned.png,3,0,0.34876948595046997,0.1198253184556961,0.05024337023496628,0.18431974947452545,0.1806032806634903,0.11623882502317429
validation,159_v3_33_content_Ryan-Fortner_bubble_sort_bubble_sort.py_cleaned.png,3,2,0.1319080889225006,0.16520914435386658,0.2093276083469391,0.19644150137901306,0.1316380649805069,0.16547563672065735
validation,160_v3_14_content_prachij94_Category-altname-analysis-without-stopwords_altnameStopwords.py_cleaned.png,3,2,0.12676379084587097,0.1646285206079483,0.23877981305122375,0.21225793659687042,0.11989899724721909,0.13767094910144806
validation,160_v3_15_content_VakinduPhilliam_Pattern_Matching_Python_Difflib_Pattern_Matching_SequenceMatcher.py_cleaned.png,3,0,0.18070216476917267,0.15921305119991302,0.15415796637535095,0.17059776186943054,0.15780556201934814,0.1775234490633011
validation,160_v3_18_content_jzpero_enigma_main.py_cleaned.png,3,2,0.15290166437625885,0.15809068083763123,0.19371896982192993,0.19175833463668823,0.14530719816684723,0.15822312235832214
validation,160_v3_1_content_abdullahwaqar_docsearx_pdf_reader.py_cleaned.png,3,1,0.14642123878002167,0.192375048995018,0.18431274592876434,0.13466216623783112,0.15529552102088928,0.18693327903747559
validation,161_v3_14_content_Dawlatly_Recommender-system_apriori.py_cleaned.png,3,2,0.1450883150100708,0.13012675940990448,0.23675097525119781,0.16196206212043762,0.12188832461833954,0.20418360829353333
validation,161_v3_15_content_V-Sense_Aesthetic-Image-Captioning-ICCVW-2019_clean_using_subjectivity.py_cleaned.png,3,3,0.15744680166244507,0.19191452860832214,0.16799186170101166,0.1957717090845108,0.151412695646286,0.13546247780323029
validation,161_v3_17_content_krshubham_ecc-elgamal_elgamal.py_cleaned.png,3,3,0.1693507730960846,0.17524830996990204,0.16506177186965942,0.18011406064033508,0.15949048101902008,0.15073463320732117
validation,161_v3_19_content_frankiekienlam_Fibonacci_Pyramids_pyramid.py_cleaned.png,3,5,0.13796961307525635,0.17046518623828888,0.1806640326976776,0.15956810116767883,0.16908997297286987,0.18224310874938965
validation,161_v3_1_content_abhilampard_Simple-Plagiarism-Checker_plag.py_cleaned.png,3,1,0.15426960587501526,0.2358696460723877,0.20499800145626068,0.12109639495611191,0.1415702998638153,0.14219599962234497
validation,161_v3_25_content_HunterXuan_QAMatch_search.py_cleaned.png,3,1,0.14187775552272797,0.1975296139717102,0.18804606795310974,0.1608264297246933,0.16682270169258118,0.1448974460363388
validation,161_v3_28_content_IPDT_car_review_k-means_clustering_word_freq.py_cleaned.png,3,2,0.14078804850578308,0.1575191169977188,0.2145128697156906,0.16183102130889893,0.1658821403980255,0.15946675837039948
validation,162_v3_12_content_ianscottknight_Predicting-Myers-Briggs-Type-Indicator-with-Recurrent-Neural-Networks_separate_clean_and_unclean.py_cleaned.png,3,0,0.1889965683221817,0.16148537397384644,0.1794382482767105,0.17509721219539642,0.1585623174905777,0.13642027974128723
validation,162_v3_21_content_danielleos_Fibonacci-Generator_main.py_cleaned.png,3,5,0.1528981328010559,0.17196935415267944,0.16866958141326904,0.1492624133825302,0.1666078269481659,0.1905926614999771
validation,162_v3_22_content_sagarwani_Breaking-Diffie-Hellman_dl-brute.py_cleaned.png,3,1,0.15514527261257172,0.18139219284057617,0.1795727014541626,0.17045825719833374,0.17210392653942108,0.14132769405841827
validation,163_v3_15_content_VakinduPhilliam_Pattern_Matching_Python_Filecmp_Recursive_Search.py_cleaned.png,3,5,0.12595178186893463,0.1627470999956131,0.1700829565525055,0.1549978107213974,0.15089553594589233,0.23532477021217346
validation,163_v3_18_content_maxsonferovante_Dijkstra_dijsktra.py_cleaned.png,3,1,0.14615432918071747,0.2387649118900299,0.18010415136814117,0.15834014117717743,0.15143227577209473,0.12520411610603333
validation,163_v3_25_content_ryansmick_SortedOrderedDict_PersistentDict.py_cleaned.png,3,2,0.14141269028186798,0.1699574887752533,0.2085704356431961,0.20295773446559906,0.13582369685173035,0.14127784967422485
validation,163_v3_28_content_NurzatRakhman_k_means_k-means.py_cleaned.png,3,2,0.1360669583082199,0.18739698827266693,0.19811749458312988,0.1739097684621811,0.15111002326011658,0.15339873731136322
validation,163_v3_28_content_akrolewski_NonlinearMassFaster_tabulate_fiducial_rnl.py_cleaned.png,3,3,0.15588225424289703,0.16863031685352325,0.1742706596851349,0.1960171014070511,0.17256584763526917,0.13263387978076935
validation,163_v3_28_content_tomsiwek_gprMax-Designer_operation.py_cleaned.png,3,4,0.1759122610092163,0.153845876455307,0.14908058941364288,0.1520049273967743,0.191782146692276,0.17737416923046112
validation,163_v3_2_content_Aluriak_kruskal-clustering_kruskal_viz.py_cleaned.png,3,5,0.1527010053396225,0.15931445360183716,0.17375928163528442,0.1686558574438095,0.16379302740097046,0.18177640438079834
validation,163_v3_35_content_riccardobisori_Binary-Trees_ResultsInsert.py_cleaned.png,3,1,0.14192283153533936,0.17849214375019073,0.17140653729438782,0.1765628159046173,0.17053700983524323,0.1610785871744156
validation,163_v3_42_content_KimCant2019_rsa_crypto_rsa-decrypter.py_cleaned.png,3,5,0.1676347702741623,0.1066427156329155,0.21330124139785767,0.10146566480398178,0.16932740807533264,0.2416282296180725
validation,164_v3_24_content_Brew8it_Python_DHAES_AES.py_cleaned.png,3,2,0.1559258997440338,0.16167816519737244,0.21951326727867126,0.14841143786907196,0.13942046463489532,0.17505080997943878
validation,164_v3_30_content_sina-ehsani_NaiveBayes_SNLI_prepro.py_cleaned.png,3,0,0.18419750034809113,0.18288445472717285,0.18156753480434418,0.1516953706741333,0.1385808140039444,0.16107423603534698
validation,164_v3_37_content_TolgaGolet_CPU-Scheduling-Algorithms-Simulation_OperatingSystems_CPUSchedulingReverse.py_cleaned.png,3,1,0.1537373811006546,0.1865394562482834,0.17272788286209106,0.17173022031784058,0.1668887436389923,0.14837630093097687
validation,165_v3_21_content_hagyu-aya_prime-number-bot_index.py_cleaned.png,3,2,0.14839212596416473,0.1969212293624878,0.20677436888217926,0.1323968768119812,0.12082893401384354,0.19468645751476288
validation,165_v3_28_content_alexanderogle_Enigma_Machine_em_functions.py_cleaned.png,3,4,0.1914394646883011,0.14226703345775604,0.16882996261119843,0.1608002483844757,0.20419885218143463,0.1324644237756729
validation,165_v3_31_content_dariswan_AudioRetrieval-Classification_ekstraksi.py_cleaned.png,3,5,0.16022980213165283,0.16522198915481567,0.171884223818779,0.16297225654125214,0.16579581797122955,0.1738959103822708
validation,166_v3_12_content_romanorac_elastic_localized_search_main.py_cleaned.png,3,1,0.16606463491916656,0.19057080149650574,0.1819971352815628,0.16750603914260864,0.16554312407970428,0.12831822037696838
validation,166_v3_16_content_NB-prog_INTERN-2019_config.py_cleaned.png,3,2,0.15924355387687683,0.16752605140209198,0.19936932623386383,0.15340730547904968,0.14585831761360168,0.17459547519683838
validation,166_v3_1_content_vijaymukhiija_Sale-optimizing_apyori.py_cleaned.png,3,1,0.14278753101825714,0.21428294479846954,0.2027309536933899,0.18129879236221313,0.11163739860057831,0.14726237952709198
validation,166_v3_22_content_mikaelharseno_DurianBot_allnodesolver.py_cleaned.png,3,2,0.16082802414894104,0.15558595955371857,0.19369736313819885,0.18133924901485443,0.14681090414524078,0.1617385298013687
validation,166_v3_24_content_Brew8it_Python_DHAES_server.py_cleaned.png,3,0,0.19993774592876434,0.14806659519672394,0.16902925074100494,0.15435916185379028,0.1785380095243454,0.15006928145885468
validation,166_v3_2_content_facebookresearch_reward-estimator-corl_configurations_continuous_uniform.py_cleaned.png,3,3,0.13120542466640472,0.16738536953926086,0.18220973014831543,0.22160354256629944,0.1272667497396469,0.17032918334007263
validation,166_v3_32_content_BhaveshMotwani_Hierarchical_Document_Clustering_hac.py_cleaned.png,3,0,0.212757408618927,0.20452333986759186,0.1944688856601715,0.07762815803289413,0.15475833415985107,0.15586377680301666
validation,166_v3_37_content_saurabhzingade_Naive-Bayes-Basic_naive.py_cleaned.png,3,2,0.1562115103006363,0.16573064029216766,0.18918168544769287,0.16543416678905487,0.16395841538906097,0.1594836562871933
validation,166_v3_39_content_guneskaan_queueBot_queue_bot.py_cleaned.png,3,3,0.1051788255572319,0.18750348687171936,0.19962765276432037,0.20183320343494415,0.14998355507850647,0.15587331354618073
validation,167_v3_1_content_HarryBaker_LDAtopicSimilarity_similaritySuite.py_cleaned.png,3,2,0.12645405530929565,0.15695185959339142,0.22061783075332642,0.1999044269323349,0.13343951106071472,0.16263236105442047
validation,167_v3_1_content_sadnessFree_arima-lstm_lstm.py_cleaned.png,3,2,0.16742196679115295,0.14581157267093658,0.17961622774600983,0.17238546907901764,0.15759006142616272,0.17717476189136505
validation,167_v3_23_content_cjonsmith_prime_calc_prime_days.py_cleaned.png,3,1,0.15906670689582825,0.20311549305915833,0.14678718149662018,0.14936280250549316,0.16382648050785065,0.17784130573272705
validation,167_v3_2_content_adwansyed_Market-Basket-Analysis-Apriori_bruteforce_marketbasketanalysis.py_cleaned.png,3,3,0.1383807361125946,0.15815231204032898,0.19756631553173065,0.20548221468925476,0.14835210144519806,0.1520662158727646
validation,167_v3_2_content_neonb88_knn_knn_machine_learning_hw1.py_cleaned.png,3,4,0.1810104101896286,0.14955803751945496,0.17235177755355835,0.15300194919109344,0.19232048094272614,0.15175729990005493
validation,167_v3_36_content_OneWinged-Eagle_spotimy_getArtists.py_cleaned.png,3,2,0.09629498422145844,0.17960070073604584,0.21058019995689392,0.20231837034225464,0.11431164294481277,0.19689413905143738
validation,167_v3_43_content_odubno_ford-fulkerson-max-flow_test_max_flow.py_cleaned.png,3,0,0.21800142526626587,0.15588846802711487,0.16171783208847046,0.1429833173751831,0.15311196446418762,0.16829687356948853
validation,168_v3_21_content_KingYapster_ECC-Elliptic-Curve-Cryptography-in-Python_ECC.py_cleaned.png,3,1,0.1464395523071289,0.19648607075214386,0.18542195856571198,0.15341533720493317,0.16158808767795563,0.15664897859096527
validation,168_v3_22_content_mikaelharseno_DurianBot_solver.py_cleaned.png,3,2,0.1508277803659439,0.16123037040233612,0.18648312985897064,0.1663954257965088,0.1583431363105774,0.17672009766101837
validation,168_v3_32_content_clee1994_MasterThesis_table_helper.py_cleaned.png,3,3,0.1432361751794815,0.15298299491405487,0.18083062767982483,0.18382799625396729,0.16010914742946625,0.17901310324668884
validation,168_v3_33_content_apoorvpatne10_Hierarchical-clustering_hc.py_cleaned.png,3,3,0.13978375494480133,0.16635462641716003,0.21148990094661713,0.2162930816411972,0.12646520137786865,0.13961344957351685
validation,168_v3_36_content_aholyoke_bfs_vs_dfs_bfs.py_cleaned.png,3,2,0.14181679487228394,0.14462140202522278,0.21134138107299805,0.18258996307849884,0.1654849499464035,0.15414553880691528
validation,168_v3_3_content_ml-for-nlp_authorship-attribution_attribution.py_cleaned.png,3,2,0.12384435534477234,0.21368248760700226,0.25820234417915344,0.15627948939800262,0.11373724043369293,0.1342540979385376
validation,168_v3_40_content_phoolchandra_Text-Search-Engine_search.py_cleaned.png,3,3,0.1343025118112564,0.16366919875144958,0.18205580115318298,0.20527735352516174,0.1270759105682373,0.18761925399303436
validation,168_v3_44_content_CppbetterC_A-Star_Heap.py_cleaned.png,3,1,0.16673819720745087,0.21954329311847687,0.20056894421577454,0.1341829150915146,0.12997576594352722,0.14899083971977234
validation,168_v3_4_content_mahimanzum_PCA-and-GMM-from-scratch-_PCA_With_GMM.py_cleaned.png,3,2,0.17086562514305115,0.1895696222782135,0.19027025997638702,0.16642844676971436,0.1510103940963745,0.1318555772304535
validation,169_v3_14_content_Qutuf_Qutuf_manage.py_cleaned.png,3,5,0.1635064035654068,0.1510932594537735,0.14782021939754486,0.11674516648054123,0.20960623025894165,0.21122869849205017
validation,169_v3_1_content_sadnessFree_arima-lstm_muilt_lstm.py_cleaned.png,3,4,0.17402900755405426,0.1812383234500885,0.14730291068553925,0.1682419329881668,0.18187986314296722,0.14730806648731232
validation,169_v3_23_content_wliabc_Prime-numbers_prime.py_cleaned.png,3,4,0.13460673391819,0.19265632331371307,0.15013578534126282,0.11462624371051788,0.20679426193237305,0.2011806070804596
validation,169_v3_34_content_rutajoshi_polyfit_experiments_plot_functions.py_cleaned.png,3,4,0.1505841463804245,0.1604202836751938,0.16707557439804077,0.16515032947063446,0.17953893542289734,0.17723065614700317
validation,169_v3_3_content_abdulqadirs_distance-vector-routing-protocol_DVR.py_cleaned.png,3,1,0.15596017241477966,0.20255793631076813,0.1655304878950119,0.1760304868221283,0.15618982911109924,0.143731027841568
validation,169_v3_42_content_darshan-jain-29_ml-naive-bayes-working-demo_email_preprocess.py_cleaned.png,3,3,0.15561340749263763,0.18014591932296753,0.1467750072479248,0.1999068260192871,0.14083147048950195,0.1767273247241974
validation,169_v3_52_content_CorrineTan_Digital-Signature-Schemes-Evaluation_eddsa_25519.py_cleaned.png,3,1,0.1597491353750229,0.19078144431114197,0.1810423731803894,0.14664238691329956,0.1343609243631363,0.18742384016513824
validation,170_v3_15_content_jknight1725_linear_search_vs_random_search_myFunctions.py_cleaned.png,3,3,0.12820440530776978,0.1566236913204193,0.18680439889431,0.23880945146083832,0.13633446395397186,0.1532236486673355
validation,170_v3_1_content_jim-spyropoulos_Trajectory-Analysis-and-Classification-in-Python-Pandas-and-Scikit-Learn_classifytraj.py_cleaned.png,3,2,0.12042051553726196,0.15540219843387604,0.21589395403862,0.20252765715122223,0.13423220813274384,0.17152339220046997
validation,170_v3_24_content_jakubfolta_PrimeNumber_Prime.py_cleaned.png,3,5,0.12818415462970734,0.17547859251499176,0.2061680257320404,0.1442466825246811,0.13143043220043182,0.21449215710163116
validation,170_v3_26_content_AnilBattalahalli_cryptfather_cryptfather.py_cleaned.png,3,2,0.11365044116973877,0.183864563703537,0.21016250550746918,0.20252905786037445,0.1447906196117401,0.1450028419494629
validation,170_v3_40_content_cofinley_sudoku_cell.py_cleaned.png,3,2,0.16606135666370392,0.15383775532245636,0.22226984798908234,0.1393110305070877,0.15348182618618011,0.16503825783729553
validation,170_v3_4_content_raghavgsk25_polynomial-regression-1_pl.py_cleaned.png,3,2,0.18577933311462402,0.16287702322006226,0.20757746696472168,0.12521496415138245,0.16577757894992828,0.1527736335992813
validation,170_v3_58_content_Schuck9_PCA_PCA.py_cleaned.png,3,1,0.13523198664188385,0.21856684982776642,0.1526496559381485,0.16058602929115295,0.16655908524990082,0.16640643775463104
validation,171_v3_15_content_jknight1725_linear_search_vs_random_search_random_case.py_cleaned.png,3,4,0.18212738633155823,0.17537249624729156,0.15290994942188263,0.12383335083723068,0.193913072347641,0.1718437373638153
validation,171_v3_43_content_aabs_edx-ai-week11-project_Tests.py_cleaned.png,3,5,0.12635545432567596,0.15457700192928314,0.16258496046066284,0.13050132989883423,0.19797827303409576,0.22800301015377045
validation,171_v3_48_content_andrewdoanutz_NaiveBayesClassifier_NaiveBayesClassifier.py_cleaned.png,3,5,0.156698539853096,0.14440910518169403,0.13853828608989716,0.17068183422088623,0.18392138183116913,0.20575079321861267
validation,171_v3_52_content_jitunayak_Tensorflow-object-recognition-GUI-DesktopApp_face_crop.py_cleaned.png,3,4,0.16653743386268616,0.10940264910459518,0.11834324896335602,0.13145634531974792,0.25031620264053345,0.22394408285617828
validation,172_v3_16_content_davda54_pytorch-transformer-lemmatization_lr_decay.py_cleaned.png,3,2,0.16885046660900116,0.18593119084835052,0.1978910118341446,0.10089772194623947,0.1595798134803772,0.18684981763362885
validation,172_v3_23_content_eW1z4rd_AES-File-Encryptor_FileEncryptor.py_cleaned.png,3,2,0.14410924911499023,0.17655837535858154,0.22020632028579712,0.10932491719722748,0.1635674238204956,0.18623366951942444
validation,172_v3_2_content_ForeverPs_Visualization-of-sort-algorithms_SORT.py_cleaned.png,3,2,0.15083904564380646,0.1761208176612854,0.18486563861370087,0.1778268665075302,0.1497291773557663,0.16061845421791077
validation,172_v3_32_content_Spanfile_Dijkstra_test.py_cleaned.png,3,2,0.14333680272102356,0.19331955909729004,0.22395870089530945,0.15935157239437103,0.13559561967849731,0.14443765580654144
validation,172_v3_42_content_matbot_Py_merge_vs_insert_sorts_insertionsort.py_cleaned.png,3,2,0.1650082916021347,0.1746206432580948,0.18117286264896393,0.1346195787191391,0.16745436191558838,0.17712421715259552
validation,172_v3_4_content_flaviohenriqu_divisibility_flaskapp.py_cleaned.png,3,2,0.11773809045553207,0.1556573361158371,0.22582769393920898,0.15774181485176086,0.143429234623909,0.19960591197013855
validation,172_v3_4_content_razaHamdani_Fibonacci-ish-Sequence_fib.py_cleaned.png,3,5,0.1571209877729416,0.1509115993976593,0.186333566904068,0.1417180597782135,0.17407293617725372,0.1898428499698639
validation,173_v3_19_content_Vijendra2410_Sentiment-Analysis_RestaurantReview.py_cleaned.png,3,2,0.1505015790462494,0.16770398616790771,0.2011866569519043,0.17904362082481384,0.16163916885852814,0.13992498815059662
validation,173_v3_23_content_ishannadeep_AES-and-Des-hybrid-encryption-algorithm-python-3_test.py_cleaned.png,3,5,0.16230396926403046,0.15078675746917725,0.17581413686275482,0.16184654831886292,0.1630900651216507,0.18615847826004028
validation,173_v3_2_content_riki95_Many-Time-Pad-Cracker_cracker.py_cleaned.png,3,1,0.12934085726737976,0.222483292222023,0.21133331954479218,0.16227445006370544,0.14049188792705536,0.13407617807388306
validation,173_v3_35_content_XiaoCode-er_image-digital-express_cluster_pic.py_cleaned.png,3,1,0.12248578667640686,0.2301689237356186,0.17989501357078552,0.134242445230484,0.15462937951087952,0.1785784214735031
validation,174_v3_2_content_cardwizard_EllipticCurves_ec_dhe.py_cleaned.png,3,2,0.16440635919570923,0.18433907628059387,0.1966090053319931,0.14414478838443756,0.12784864008426666,0.1826520413160324
validation,174_v3_2_content_mhiratsuka_selectionSortPython_selectionSort.py_cleaned.png,3,0,0.23849426209926605,0.12895385921001434,0.14946943521499634,0.13942524790763855,0.18464317917823792,0.159014031291008
validation,174_v3_4_content_JosephFWright_Prims_Algorithm_Prims.py_cleaned.png,3,4,0.15799765288829803,0.16765734553337097,0.16306254267692566,0.15117432177066803,0.1940971314907074,0.1660110354423523
validation,174_v3_4_content_kevalmorabia97_Agglomerative-Hierarchical-Clustering-Comparison_HierarchicalAgglomerativeClustering.py_cleaned.png,3,2,0.1345163732767105,0.1785009652376175,0.19523164629936218,0.19029352068901062,0.1379738450050354,0.1634836494922638
validation,174_v3_56_content_Desire100_Machine-Learning-Regression-Models-for-beginners_simple_linear_regression.py_cleaned.png,3,2,0.1417216807603836,0.19411858916282654,0.2167697548866272,0.13922443985939026,0.15112780034542084,0.15703770518302917
validation,174_v3_5_content_AdamJacoby_Hopf_ElementClass.py_cleaned.png,3,2,0.1731506735086441,0.13986803591251373,0.20945045351982117,0.13987308740615845,0.13821807503700256,0.19943971931934357
validation,174_v3_62_content_taabishm2_Proactive-FDH-RSA-Signature_fileOp.py_cleaned.png,3,2,0.1705368459224701,0.17505468428134918,0.19022417068481445,0.1315791755914688,0.14394478499889374,0.1886603832244873
validation,175_v3_20_content_aditiopangestu_spam_data_converter_lingspam_filter.py_cleaned.png,3,1,0.15270619094371796,0.18640515208244324,0.17028799653053284,0.17597228288650513,0.16621366143226624,0.148414745926857
validation,175_v3_28_content_gizzidan_basic-python-practice_primes.py_cleaned.png,3,2,0.16320855915546417,0.17500372231006622,0.18619252741336823,0.15002742409706116,0.15907695889472961,0.16649077832698822
validation,175_v3_2_content_vineetkia_Fundamentals-Of-Cryptography__6_-Columnar_Transposition.py_cleaned.png,3,5,0.20828187465667725,0.14125974476337433,0.17793866991996765,0.07463277876377106,0.13207773864269257,0.26580923795700073
validation,175_v3_3_content_facebookresearch_deep-variance-reduction_cifar_wrapper.py_cleaned.png,3,5,0.15978704392910004,0.13376565277576447,0.17736990749835968,0.1788543164730072,0.1618245244026184,0.1883985847234726
validation,175_v3_51_content_adityapatelgithub_Expressions-and-Functions_peekable.py_cleaned.png,3,5,0.1301092952489853,0.14347627758979797,0.14709465205669403,0.14837339520454407,0.1818670630455017,0.24907922744750977
validation,175_v3_53_content_rghv404_Language_identification_make_predictions.py_cleaned.png,3,4,0.18017186224460602,0.17144542932510376,0.14629530906677246,0.1653791218996048,0.1907871663570404,0.14592114090919495
validation,175_v3_5_content_AdamJacoby_Hopf_ExampleGroup_Functions.py_cleaned.png,3,5,0.12467482686042786,0.20231254398822784,0.18559685349464417,0.13283570110797882,0.1502552628517151,0.20432482659816742
validation,175_v3_6_content_chiragragarwal_Graphs_And_Networks___init__.py_cleaned.png,3,4,0.2005821168422699,0.18437716364860535,0.15439240634441376,0.09141063690185547,0.23388639092445374,0.13535121083259583
validation,176_v3_2_content_laendle1999_NasceUmAEstrela_reberto.py_cleaned.png,3,1,0.15577921271324158,0.18131782114505768,0.17915679514408112,0.17291420698165894,0.14865055680274963,0.16218137741088867
validation,176_v3_31_content_nazmeenkhan_Diffie-Hellman_UserB.py_cleaned.png,3,0,0.21904292702674866,0.15724137425422668,0.1814921647310257,0.14615145325660706,0.17329636216163635,0.12277571856975555
validation,176_v3_32_content_AAMergulhao_Sort_Algorithms_algorithms.py_cleaned.png,3,4,0.18244631588459015,0.1423681676387787,0.1424269676208496,0.17272959649562836,0.18602347373962402,0.1740054339170456
validation,176_v3_52_content_PhaniBalagam27_Big-data-Analytics-on-dallas-police-incidents-dataset_Q5_code.py_cleaned.png,3,3,0.15389811992645264,0.17760680615901947,0.18454085290431976,0.18719463050365448,0.14977169036865234,0.1469879150390625
validation,176_v3_55_content_NM20XX_Python_Fibonacci_Sequence.py_cleaned.png,3,2,0.1437731385231018,0.17474278807640076,0.1938553899526596,0.15652887523174286,0.15507864952087402,0.17602117359638214
validation,177_v3_22_content_mikpim01_Python-NLTK_task_stopword_removal.py_cleaned.png,3,1,0.16232936084270477,0.19195283949375153,0.18064212799072266,0.1880008429288864,0.14562825858592987,0.13144655525684357
validation,177_v3_33_content_prabhatpal77_Complete-core-python-_dictcomp.py_cleaned.png,3,2,0.16285505890846252,0.1693292111158371,0.19078457355499268,0.14936886727809906,0.16026571393013,0.16739653050899506
validation,177_v3_42_content_TechnoMonoCo_Python-Doubly-Linked-List_LL.py_cleaned.png,3,2,0.1513291895389557,0.17644448578357697,0.17992770671844482,0.17483054101467133,0.15799733996391296,0.15947067737579346
validation,177_v3_44_content_eastxe_cosine-knn_knn.py_cleaned.png,3,2,0.1849140226840973,0.15437166392803192,0.18988950550556183,0.1519833654165268,0.16363200545310974,0.15520943701267242
validation,177_v3_46_content_arun-p12_sort-algorithms_quick_sort.py_cleaned.png,3,4,0.17211486399173737,0.1462973654270172,0.15822170674800873,0.17368996143341064,0.17935828864574432,0.17031782865524292
validation,177_v3_46_content_vaish06_EurailShortestPath_brainstorm.py_cleaned.png,3,4,0.1933053731918335,0.16001449525356293,0.17049551010131836,0.1251312643289566,0.20944945514202118,0.14160388708114624
validation,177_v3_54_content_wilrnh_oneoffs_file2mail.py_cleaned.png,3,2,0.17764590680599213,0.17492224276065826,0.18958741426467896,0.18712295591831207,0.1250760704278946,0.1456453800201416
validation,177_v3_5_content_abcsds_Prim_exampleL.py_cleaned.png,3,2,0.162771537899971,0.15712109208106995,0.18669486045837402,0.16356885433197021,0.18372967839241028,0.14611397683620453
validation,178_v3_5_content_domodomodomo_binary_search_tree_test.py_cleaned.png,3,1,0.16646160185337067,0.17928440868854523,0.15489819645881653,0.17876310646533966,0.1790057122707367,0.14158697426319122
validation,178_v3_66_content_MihaiGaidau_RSA_main.py_cleaned.png,3,3,0.15380890667438507,0.15733858942985535,0.1561766415834427,0.1928662359714508,0.15337663888931274,0.18643300235271454
validation,178_v3_68_content_mvivancq_DfsSudokuSolver_bfs.py_cleaned.png,3,2,0.1379014253616333,0.14888755977153778,0.2249186933040619,0.1740266978740692,0.14779867231845856,0.16646696627140045
validation,179_v3_31_content_alonek1_huffman_compression_algorithm_haffmen.py_cleaned.png,3,5,0.14559006690979004,0.16784244775772095,0.17105619609355927,0.17962180078029633,0.14592191576957703,0.18996761739253998
validation,179_v3_42_content_aira26_HomeWork3_quicksortclass.py_cleaned.png,3,2,0.16484105587005615,0.17708325386047363,0.19722990691661835,0.1502038538455963,0.14425592124462128,0.1663859635591507
validation,179_v3_4_content_Khante_Distance-Vector-Algorithm_simulation_2.py_cleaned.png,3,1,0.15767905116081238,0.21744567155838013,0.19755786657333374,0.17354266345500946,0.1453736573457718,0.10840107500553131
validation,179_v3_52_content_kantonist_printBST_printBST.py_cleaned.png,3,5,0.12583357095718384,0.18802814185619354,0.19638875126838684,0.13641706109046936,0.15528199076652527,0.19805042445659637
validation,179_v3_5_content_Fmccline_Prims-Algorithm_graph_builder.py_cleaned.png,3,0,0.19909420609474182,0.15791451930999756,0.18958649039268494,0.14934276044368744,0.1859099566936493,0.11815208196640015
validation,179_v3_5_content_LuttaKing_AES-style-Encryptor-Decryptor_encryptorGUI.py_cleaned.png,3,1,0.0968550369143486,0.2179005891084671,0.20933020114898682,0.1918332725763321,0.13017655909061432,0.15390436351299286
validation,179_v3_67_content_peterjhyoon_rsa-math_math_functions.py_cleaned.png,3,1,0.13278783857822418,0.1999925971031189,0.19417817890644073,0.19311819970607758,0.13641934096813202,0.143503800034523
validation,179_v3_68_content_mvivancq_DfsSudokuSolver_dfs.py_cleaned.png,3,3,0.13592109084129333,0.14199689030647278,0.17182570695877075,0.21903733909130096,0.16103649139404297,0.170182466506958
validation,180_v3_35_content_DiarmuidKelly_Key_Exchange_diffie_hellman.py_cleaned.png,3,2,0.1588524878025055,0.18502016365528107,0.20645132660865784,0.1256328821182251,0.15300346910953522,0.1710396111011505
validation,180_v3_61_content_piyush-taneja_Salary-Predictor_Random_Forest_Regression.py_cleaned.png,3,2,0.15135452151298523,0.1657564342021942,0.20402073860168457,0.18542197346687317,0.13587646186351776,0.15756985545158386
validation,180_v3_70_content_DimaAntoniuk_Lab4_bfs_bfs.py_cleaned.png,3,2,0.16002506017684937,0.16299839317798615,0.1852325052022934,0.15431587398052216,0.15472204983234406,0.18270611763000488
validation,180_v3_78_content_uptodiff_kdd-cup-99-Analysis-machine-learning-python_kdd_binary_classification_ANN.py_cleaned.png,3,0,0.19658596813678741,0.18951930105686188,0.14961740374565125,0.16818614304065704,0.1609419286251068,0.13514922559261322
validation,181_v3_52_content_Tchaikovic_dijkstra_mapcreator.py_cleaned.png,3,5,0.16102492809295654,0.17799784243106842,0.1659643054008484,0.15637308359146118,0.14334072172641754,0.19529905915260315
validation,181_v3_5_content_llp0702_one-time-pad-implementation-python_main.py_cleaned.png,3,2,0.12248420715332031,0.17265331745147705,0.20556476712226868,0.18798284232616425,0.1351570039987564,0.17615783214569092
validation,181_v3_5_content_ongyongzheng_cass_main_unet.py_cleaned.png,3,1,0.20378626883029938,0.3135257959365845,0.18514151871204376,0.08348631113767624,0.1380484402179718,0.07601172477006912
validation,181_v3_77_content_elisawarner_Fun_determinant.py_cleaned.png,3,3,0.15988881886005402,0.1496807187795639,0.17408400774002075,0.21566492319107056,0.15589691698551178,0.14478468894958496
validation,182_v3_58_content_zhaoyichanghong_machine_learing_algo_python_knn.py_cleaned.png,3,1,0.11078666150569916,0.2152869999408722,0.18704088032245636,0.18677233159542084,0.13147418200969696,0.16863901913166046
validation,182_v3_5_content_chriskbwong_quickSort_quickSort.py_cleaned.png,3,2,0.16727659106254578,0.16158129274845123,0.19389137625694275,0.1749393194913864,0.15122076869010925,0.15109066665172577
validation,182_v3_6_content_zhenv5_breaking_cycles_in_noisy_hierarchies_true_skill.py_cleaned.png,3,2,0.16740290820598602,0.15442143380641937,0.18358735740184784,0.1764613389968872,0.1461760550737381,0.17195092141628265
validation,182_v3_71_content_DylanHarrisonGithub_AVLTree_AVLTree.py_cleaned.png,3,5,0.12842144072055817,0.18709881603717804,0.16177751123905182,0.12415549904108047,0.17861013114452362,0.21993666887283325
validation,182_v3_84_content_rev1z_async_factorial_webapp_logic.py_cleaned.png,3,2,0.15084518492221832,0.15173476934432983,0.19646526873111725,0.15579505264759064,0.15675757825374603,0.18840208649635315
validation,183_v3_41_content_sarahandert_python-practice--sorting_sample5.py_cleaned.png,3,1,0.131829634308815,0.22069469094276428,0.18793392181396484,0.1731673926115036,0.12919428944587708,0.157180055975914
validation,183_v3_52_content_jamesbutler01_Normalise-Luminance-Across-Images_main.py_cleaned.png,3,2,0.09715458005666733,0.20235435664653778,0.27234065532684326,0.18314462900161743,0.11190847307443619,0.133097305893898
validation,183_v3_54_content_sumanth-bmsce_Unsupervised_Extreme_Learning_Machine_Spectral_Clustering.py_cleaned.png,3,2,0.11151942610740662,0.17224180698394775,0.22644886374473572,0.20198491215705872,0.12259670346975327,0.16520828008651733
validation,183_v3_55_content_taksug229_Python-hierarchical-clustering_Working_Data_Hierarchical_Clustering.py_cleaned.png,3,1,0.12202288955450058,0.24311350286006927,0.19843977689743042,0.10789650678634644,0.1334182322025299,0.19510920345783234
validation,183_v3_61_content_EricHasegawa_binary-search_binary_search.py_cleaned.png,3,2,0.12534727156162262,0.1925305277109146,0.24235665798187256,0.1856095939874649,0.09580672532320023,0.1583491414785385
validation,183_v3_6_content_austinteshuba_QuickSort_Sort.py_cleaned.png,3,2,0.1715386062860489,0.1434689313173294,0.1945716291666031,0.15160603821277618,0.1792103350162506,0.15960443019866943
validation,184_v3_4_content_sumedhvdatar_Longest_Common_Subsequence_lcs.py_cleaned.png,3,0,0.19344177842140198,0.16030140221118927,0.17128591239452362,0.1753387600183487,0.15999369323253632,0.13963843882083893
validation,184_v3_5_content_supfisher_PredicrionInQueueNets_regression.py_cleaned.png,3,0,0.21884338557720184,0.17821602523326874,0.16534847021102905,0.17911577224731445,0.13127514719963074,0.12720121443271637
validation,184_v3_62_content_arenart90_fsm-python_fsm.py_cleaned.png,3,2,0.16093306243419647,0.1553047001361847,0.1818450540304184,0.1542748659849167,0.17340202629566193,0.17424041032791138
validation,184_v3_6_content_steviedale_random_maze_generator_main.py_cleaned.png,3,5,0.179952010512352,0.13702695071697235,0.1520029753446579,0.15718552470207214,0.16851140558719635,0.20532111823558807
validation,184_v3_84_content_LatrecheYasser_Secure-Python-Chat_RC4.py_cleaned.png,3,1,0.18754641711711884,0.1994040161371231,0.17795118689537048,0.14280179142951965,0.14696164429187775,0.1453348994255066
validation,184_v3_8_content_fepz_AyCC_disjoint_set.py_cleaned.png,3,1,0.1012011393904686,0.2635487914085388,0.2569057047367096,0.12216738611459732,0.11981919407844543,0.13635779917240143
validation,185_v3_3_content_iykadev_pyalgo_lagged_fibonacci_gen.py_cleaned.png,3,1,0.1470024287700653,0.21425610780715942,0.2132759839296341,0.10882484167814255,0.12759554386138916,0.18904514610767365
validation,185_v3_45_content_Dimildizio_pyqt_traincars_sort_cars_coal.py_cleaned.png,3,5,0.1268235445022583,0.17996743321418762,0.19022361934185028,0.17732661962509155,0.1257828027009964,0.19987602531909943
validation,185_v3_56_content_newsteps8_Efficiency_of_SortingAlgorithms_merge_sort.py_cleaned.png,3,5,0.1872570514678955,0.10030234605073929,0.17904110252857208,0.12856414914131165,0.15843547880649567,0.2463999092578888
validation,185_v3_5_content_amirheidarikhoram_longest-common-subsequence_lcs.py_cleaned.png,3,2,0.11158663034439087,0.18436025083065033,0.20089001953601837,0.18871617317199707,0.1564403474330902,0.15800662338733673
validation,185_v3_5_content_fernandolobato_ecc_verifiable_threshold_cryptosystem_key_gen.py_cleaned.png,3,0,0.2374429553747177,0.20160697400569916,0.17520484328269958,0.09929530322551727,0.17307068407535553,0.11337922513484955
validation,185_v3_66_content_KarlaFlorentino_Dijkstra_dijkstra.py_cleaned.png,3,5,0.14865803718566895,0.18586371839046478,0.1653188318014145,0.1627027839422226,0.14149782061576843,0.19595883786678314
validation,185_v3_6_content_muhammadhabibi_CBS01_Main.py_cleaned.png,3,2,0.1687304526567459,0.16558587551116943,0.19148549437522888,0.14800719916820526,0.1647128164768219,0.1614781767129898
validation,186_v3_7_content_denisyarats_pytorch_sac_ae_decoder.py_cleaned.png,3,3,0.1354251354932785,0.16741180419921875,0.1804610639810562,0.19252049922943115,0.16086912155151367,0.1633123904466629
validation,187_v3_23_content_clydedacruz_worddoc-indexer-py_query_index.py_cleaned.png,3,0,0.2506416440010071,0.15418192744255066,0.165711909532547,0.14092394709587097,0.11210054159164429,0.17643998563289642
validation,187_v3_62_content_wang2226_Clustering_k-means_plot.py_cleaned.png,3,2,0.1651788204908371,0.1654663383960724,0.18847724795341492,0.15724068880081177,0.17540869116783142,0.14822819828987122
validation,187_v3_6_content_metintorunoglu_Polynomial-Linear-Regression_4_Polynomial_Regression.py_cleaned.png,3,2,0.11063123494386673,0.22088919579982758,0.2503221333026886,0.16492468118667603,0.11716187000274658,0.13607081770896912
validation,187_v3_70_content_Arcnor_binja_search___init__.py_cleaned.png,3,5,0.12381184101104736,0.15993565320968628,0.16841503977775574,0.17990146577358246,0.1765156388282776,0.19142046570777893
validation,187_v3_78_content_FernandoDurier_apa-dijkstra___main__.py_cleaned.png,3,2,0.15246427059173584,0.1780140995979309,0.20209550857543945,0.16004185378551483,0.15053494274616241,0.15684927999973297
validation,187_v3_7_content_lhuangufl_QuickSort_QuickSort.py_cleaned.png,3,1,0.15866534411907196,0.19523218274116516,0.19436675310134888,0.1305915266275406,0.14275261759757996,0.17839156091213226
validation,187_v3_84_content_rayjc_ml-pca-foreground-removal_miscHelper.py_cleaned.png,3,3,0.16315717995166779,0.16490304470062256,0.16718952357769012,0.19660668075084686,0.14766068756580353,0.16048288345336914
validation,187_v3_85_content_Dimildizio_pyqt_traincars_sort_cars_coal.py_cleaned.png,3,2,0.1535610407590866,0.19287441670894623,0.19388000667095184,0.16567359864711761,0.13340666890144348,0.16060422360897064
validation,187_v3_87_content_SinaBahrami89_RSA-cryptosystem-with-different-prime-generators_RSA_Keys.py_cleaned.png,3,2,0.17221230268478394,0.16921725869178772,0.26537200808525085,0.14064262807369232,0.10692553222179413,0.14563024044036865
validation,187_v3_8_content_jasminegrewal_Naive-Bayes-KNN-Logistic-Regression_3b_knn.py_cleaned.png,3,1,0.14085029065608978,0.22574681043624878,0.2104489654302597,0.16766256093978882,0.10698629170656204,0.14830507338047028
validation,187_v3_90_content_cody-elhard_NaiveBayes_naive-bayes-numerical.py_cleaned.png,3,2,0.15394756197929382,0.18270733952522278,0.1861809641122818,0.1463562250137329,0.1839076280593872,0.14690032601356506
validation,187_v3_97_content_mjurk456_mini-snakes_fizz_buzz.py_cleaned.png,3,1,0.17930249869823456,0.19108928740024567,0.1743258386850357,0.17396172881126404,0.15200383961200714,0.12931685149669647
validation,188_v3_33_content_chafiknaceri_Credit-Card-Debt_LinearPayement.py_cleaned.png,3,4,0.16329818964004517,0.15696211159229279,0.158161461353302,0.1428477168083191,0.19910702109336853,0.17962351441383362
validation,188_v3_66_content_ChavezE_Parallel_PFVA_image_tester.py_cleaned.png,3,1,0.15081769227981567,0.20334351062774658,0.18912525475025177,0.16513319313526154,0.13509142398834229,0.15648886561393738
validation,188_v3_6_content_singh-sidharth_Longest-Common-Subsequence_LCS.py_cleaned.png,3,2,0.14607568085193634,0.18039989471435547,0.20874574780464172,0.15021510422229767,0.1685781031847,0.14598549902439117
validation,188_v3_7_content_Aly-Tomato_Prims-and-Kruskals_glb.py_cleaned.png,3,2,0.11876208335161209,0.19323109090328217,0.22622138261795044,0.21309325098991394,0.11250412464141846,0.13618813455104828
validation,188_v3_80_content_arun-p12_sort-algorithms_quick_sort.py_cleaned.png,3,4,0.16860423982143402,0.17309150099754333,0.16592533886432648,0.15078270435333252,0.17418494820594788,0.1674111783504486
validation,189_v3_76_content_cakmakaf_Polynomial_Regression_for_Random_Dataset_Polynomial_Regression.py_cleaned.png,3,2,0.09746227413415909,0.19439761340618134,0.24141335487365723,0.18755872547626495,0.11062970012426376,0.16853834688663483
validation,189_v3_8_content_omjego_AR-Mining-Hash-Tree_naive_apriori.py_cleaned.png,3,2,0.13214921951293945,0.1600070297718048,0.20651142299175262,0.17297489941120148,0.15314774215221405,0.175209641456604
validation,189_v3_94_content_UniqueRoHo_NaiveBayes_Continuous.py_cleaned.png,3,2,0.15035469830036163,0.15850256383419037,0.21527157723903656,0.16043810546398163,0.1565541923046112,0.15887893736362457
validation,190_v3_66_content_SanyaKathuria10_StackOverflow-Keyword-Extraction-System_spark.py_cleaned.png,3,5,0.14993681013584137,0.17837415635585785,0.17806574702262878,0.1798028200864792,0.13272728025913239,0.18109317123889923
validation,190_v3_6_content_gionanide_Cryptography_superincreasing_knapsack.py_cleaned.png,3,5,0.1527213752269745,0.14465366303920746,0.18593564629554749,0.1664368361234665,0.14458352327346802,0.20566892623901367
validation,190_v3_7_content_ardyerwanda_SDN-Bellman-Ford-Pyretic_wG_bellfordCost.py_cleaned.png,3,1,0.23607248067855835,0.27773916721343994,0.11688660830259323,0.07144326716661453,0.18505878746509552,0.11279977858066559
validation,190_v3_88_content_andreaestrada_mazecrawler_singlePowerup.py_cleaned.png,3,2,0.14668570458889008,0.17696328461170197,0.19521553814411163,0.16854864358901978,0.1401221752166748,0.17246465384960175
validation,190_v3_97_content_mjurk456_mini-snakes_pseudorandom_sentence_generator.py_cleaned.png,3,5,0.14313092827796936,0.17736484110355377,0.15847904980182648,0.16392968595027924,0.16060377657413483,0.19649170339107513
validation,190_v3_9_content_ludmal_knn_knn.py_cleaned.png,3,2,0.14708513021469116,0.18607382476329803,0.20585831999778748,0.1822839230298996,0.14673814177513123,0.1319606453180313
validation,191_v3_3_content_iykadev_pyalgo_shunting_yard_algo.py_cleaned.png,3,1,0.18934887647628784,0.23048345744609833,0.1947333961725235,0.11783893406391144,0.14910940825939178,0.11848584562540054
validation,191_v3_6_content_gionanide_Cryptography_VernamCipher.py_cleaned.png,3,2,0.11519397050142288,0.18439413607120514,0.2368544340133667,0.17273351550102234,0.1278207153081894,0.16300323605537415
validation,191_v3_7_content_fepz_AyCC_disjoint_set.py_cleaned.png,3,2,0.16277611255645752,0.17917510867118835,0.18648169934749603,0.14063715934753418,0.15196596086025238,0.17896400392055511
validation,191_v3_84_content_WizHacks_ChordDFS_topo.py_cleaned.png,3,1,0.16626612842082977,0.20244458317756653,0.17340411245822906,0.1361645609140396,0.152770534157753,0.16895005106925964
validation,191_v3_92_content_paulfauthmayer_versopy_verso.py_cleaned.png,3,2,0.13964636623859406,0.19098366796970367,0.1937929093837738,0.19178661704063416,0.12740011513233185,0.15639027953147888
validation,192_v3_7_content_MadalinaMircea_GraphAlgorithms_Repository.py_cleaned.png,3,2,0.11844789981842041,0.16957907378673553,0.2811814248561859,0.16947883367538452,0.10562481731176376,0.15568798780441284
validation,192_v3_9_content_ankur-anand_Factorial-Algorithm_fact_12_unittest.py_cleaned.png,3,4,0.1666918694972992,0.14962682127952576,0.17344725131988525,0.16150543093681335,0.18027713894844055,0.16845150291919708
validation,193_v3_25_content_aajanki_finnish-pos-accuracy_sample_ftb1.py_cleaned.png,3,3,0.16159866750240326,0.14215578138828278,0.18397806584835052,0.20081597566604614,0.13696609437465668,0.17448541522026062
validation,193_v3_3_content_iykadev_pyalgo_xiaolin_wus_line_algo.py_cleaned.png,3,3,0.16482311487197876,0.13222797214984894,0.18162193894386292,0.19993780553340912,0.16330765187740326,0.1580815613269806
validation,193_v3_4_content_BenCashman_Linear-Search_linear_search.py_cleaned.png,3,2,0.1485808938741684,0.1754913032054901,0.21572832763195038,0.1964908391237259,0.11939540505409241,0.1443132907152176
validation,193_v3_4_content_gbrlcustodio_forecasting_genetic_alg.py_cleaned.png,3,0,0.2022041231393814,0.14683610200881958,0.16887158155441284,0.11622767150402069,0.16817539930343628,0.19768503308296204
validation,193_v3_8_content_GHasanKaraman_CS_PolynomialRegression_pr3.py_cleaned.png,3,2,0.17699353396892548,0.14012962579727173,0.20859865844249725,0.13039880990982056,0.1712765097618103,0.1726028174161911
validation,193_v3_93_content_djzgroup_Visual-basedCharacterEmbedding_123.py_cleaned.png,3,2,0.1389358639717102,0.1728912591934204,0.22395044565200806,0.1497141569852829,0.13897506892681122,0.17553314566612244
validation,194_v3_5_content_adamweissert_PythonLinearSearch_LinearSearch.py_cleaned.png,3,2,0.1378639191389084,0.1536586880683899,0.2204732894897461,0.2092961072921753,0.11651863902807236,0.16218942403793335
validation,194_v3_8_content_16chuang_CS161_Project_judge.py_cleaned.png,3,2,0.12468015402555466,0.20458345115184784,0.2093750387430191,0.1808122992515564,0.11254212260246277,0.16800686717033386
validation,194_v3_8_content_tochukwuokafor_Mersenne-numbers-Lucas-Lehmer-test-and-Sieve-of-Eratosthenes_mersenne_numbers_lucas_lehmer_sieve_of_eratosthenes.py_cleaned.png,3,2,0.1332608014345169,0.20718589425086975,0.20757366716861725,0.1741306036710739,0.13710321485996246,0.1407458335161209
validation,195_v3_7_content_satyammittal_IRE-Stopping-Words_hindi.py_cleaned.png,3,2,0.13752256333827972,0.18537236750125885,0.1924298107624054,0.18728847801685333,0.14732681214809418,0.15005993843078613
validation,195_v3_8_content_16chuang_CS161_Project_LCS.py_cleaned.png,3,5,0.1694510579109192,0.1632482260465622,0.18602395057678223,0.1262095421552658,0.15377718210220337,0.20129002630710602
validation,195_v3_93_content_wei4keepingstudy_Artificial_Intelligence_hw2_dfs_forwardchecking.py_cleaned.png,3,1,0.183952197432518,0.1862863302230835,0.14464902877807617,0.1449291706085205,0.18475018441677094,0.15543308854103088
validation,195_v3_95_content_anurag423_Python-Project_primegen.py_cleaned.png,3,2,0.1540171504020691,0.15985894203186035,0.2117834985256195,0.1498013436794281,0.13356547057628632,0.19097362458705902
validation,195_v3_9_content_anishur_ARIMA-MODEL_arima.py_cleaned.png,3,4,0.16876693069934845,0.11268685758113861,0.18772709369659424,0.17083099484443665,0.21217140555381775,0.14781677722930908
validation,196_v3_9_content_gquintela_prim_main.py_cleaned.png,3,3,0.16082791984081268,0.16949023306369781,0.1962169110774994,0.23518022894859314,0.11370764672756195,0.1245771199464798
validation,32_v3_1_content_DanShai_kernalized-tsne_kernels.py_cleaned.png,3,2,0.17662227153778076,0.16240449249744415,0.1925867348909378,0.13216683268547058,0.17901450395584106,0.15720516443252563
validation,58_v3_1_content_Pranshu258_Crowd_Behavior_Analysis_outlierDetector.py_cleaned.png,3,0,0.23053094744682312,0.20265324413776398,0.11978363990783691,0.148371621966362,0.1477942317724228,0.1508663296699524
validation,63_v3_2_content_Liu-WeiYi_Private_Preserving_Outlier_Behavior_Detection_statistic.py_cleaned.png,3,1,0.12503528594970703,0.222661092877388,0.19737035036087036,0.13429315388202667,0.14091968536376953,0.1797204166650772
validation,64_v3_9_content_Soumyabrata_predicting-pwv_grid_search.py_cleaned.png,3,5,0.14989319443702698,0.17777185142040253,0.16643215715885162,0.17871002852916718,0.1469084918498993,0.1802843064069748
validation,66_v3_2_content_moluronghuakai_outlier-analysis_feature.py_cleaned.png,3,2,0.18399865925312042,0.17672871053218842,0.19254088401794434,0.17021773755550385,0.1378832459449768,0.13863079249858856
validation,69_v3_4_content_mrimahajan_advanced_analysis_package_variable_reduction.py_cleaned.png,3,0,0.19851525127887726,0.16858544945716858,0.17789910733699799,0.1599925309419632,0.16641949117183685,0.12858815491199493
validation,73_v3_5_content_harshdarji22_crypto_outlier.py_cleaned.png,3,3,0.16087518632411957,0.1487637162208557,0.17927049100399017,0.18237484991550446,0.17223428189754486,0.1564815193414688
validation,147_v4_11_content_liam-han_all-pairs-shortest-path_py.py_cleaned.png,4,5,0.13064415752887726,0.16130360960960388,0.16098922491073608,0.16639776527881622,0.1875503808259964,0.19311489164829254
validation,149_v4_12_content_AtahanCelebi_Shortest-Route-with-Floyd-Warshall-Algorithm_map_distance.py_cleaned.png,4,2,0.18042947351932526,0.1689109057188034,0.19086913764476776,0.13017538189888,0.15827828645706177,0.171336829662323
validation,157_v4_16_content_QueraltSM_HospitalShortestPath_main.py_cleaned.png,4,3,0.13774389028549194,0.17466332018375397,0.18116046488285065,0.18313367664813995,0.1624341458082199,0.16086451709270477
validation,159_v4_1_content_nilsonneto_floydWarshall_main.py_cleaned.png,4,3,0.18469257652759552,0.12438566982746124,0.17309966683387756,0.20594225823879242,0.14404702186584473,0.1678328812122345
validation,172_v4_6_content_chawl002_PythonProject141_2_assignment2.py_cleaned.png,4,0,0.277831494808197,0.21594034135341644,0.12665900588035583,0.1433870792388916,0.15286238491535187,0.08331967145204544
validation,173_v4_7_content_ghifarozarrr_floyd-warshall-algorithm_floyd.py_cleaned.png,4,5,0.14915034174919128,0.1529655158519745,0.17889991402626038,0.17214585840702057,0.15752695500850677,0.18931134045124054
validation,177_v4_8_content_chiragragarwal_Graphs_And_Networks_PlotGraph.py_cleaned.png,4,3,0.14794787764549255,0.18111805617809296,0.17180688679218292,0.21109774708747864,0.1389777809381485,0.14905168116092682
validation,191_v4_11_content_davedennis_DFS-and-BFS-Search_dfbf.py_cleaned.png,4,5,0.16535444557666779,0.18593212962150574,0.1536463052034378,0.1546829640865326,0.1452992558479309,0.19508491456508636
validation,192_v4_11_content_DaiDongyang_knn_experiments.py_cleaned.png,4,2,0.10645382106304169,0.17543065547943115,0.22620002925395966,0.1735313981771469,0.13791882991790771,0.18046532571315765
validation,192_v4_15_content_udwivedi394_LinkedList_convertBT2LL.py_cleaned.png,4,2,0.12321049720048904,0.18239089846611023,0.20456597208976746,0.197532519698143,0.13219639658927917,0.16010375320911407
validation,193_v4_10_content_stensonowen_factorial_bot_atoi.py_cleaned.png,4,4,0.17116570472717285,0.15207843482494354,0.1599680483341217,0.17118299007415771,0.19264166057109833,0.15296322107315063
validation,194_v4_18_content_10elements_BinaryTree_binaryTree.py_cleaned.png,4,1,0.13864834606647491,0.18216514587402344,0.1560809165239334,0.17034640908241272,0.1768517941236496,0.1759074181318283
validation,194_v4_22_content_cneally_BubbleSortingAlgorithm_bubble_sort.py_cleaned.png,4,2,0.13730531930923462,0.17630651593208313,0.1769830286502838,0.17576566338539124,0.16386568546295166,0.16977384686470032
validation,197_v4_11_content_langokalla_A-star-Pathfinder_map.py_cleaned.png,4,2,0.17083825170993805,0.15829667448997498,0.2015543133020401,0.13881440460681915,0.17334312200546265,0.15715333819389343
validation,197_v4_1_content_dhvanilp_Persistent-Binary-Search-Trees_index.py_cleaned.png,4,2,0.11931581050157547,0.20516185462474823,0.22478583455085754,0.15137368440628052,0.13147252798080444,0.16789022088050842
validation,198_v4_10_content_Suji04_ML-Clustering_hccluster.py_cleaned.png,4,2,0.16361266374588013,0.20166532695293427,0.2061733901500702,0.18940719962120056,0.11239059269428253,0.12675081193447113
validation,198_v4_11_content_SharifAmit_HuffmanCoding_encoder.py_cleaned.png,4,3,0.16105663776397705,0.16811318695545197,0.17722448706626892,0.1892637461423874,0.1546524167060852,0.14968961477279663
validation,198_v4_11_content_XlogicX_Fibonacci_fib.py_cleaned.png,4,2,0.11919863522052765,0.16153451800346375,0.22233299911022186,0.16173432767391205,0.13919194042682648,0.19600754976272583
validation,198_v4_11_content_liubing220524_DFSL-for-hyperspectral-image-classification_KNN.py_cleaned.png,4,5,0.15528756380081177,0.1550425887107849,0.17453418672084808,0.17113986611366272,0.15641379356384277,0.18758195638656616
validation,198_v4_13_content_chandimajayawickrama_Simple-Sorting-Algorithms_insertion_sort.py_cleaned.png,4,2,0.13353708386421204,0.16747328639030457,0.20891642570495605,0.16295486688613892,0.15145079791545868,0.17566756904125214
validation,198_v4_19_content_bowiechen_FactorialDigitsSum_Counter.py_cleaned.png,4,5,0.1766195446252823,0.15509606897830963,0.17348060011863708,0.17323429882526398,0.14241182804107666,0.17915767431259155
validation,198_v4_1_content_danrludwig_perfect_number_perfect_number_code.py_cleaned.png,4,0,0.17896845936775208,0.17590343952178955,0.1513568013906479,0.14633947610855103,0.17805522680282593,0.16937655210494995
validation,198_v4_1_content_modulus100_python-datastructures-algorithms_flattering_nested_linked_lists.py_cleaned.png,4,2,0.08949537575244904,0.18531739711761475,0.2483130246400833,0.17283044755458832,0.11216837167739868,0.1918753832578659
validation,198_v4_26_content_naviechan_sortingAlgorithmDemo_selectionSort.py_cleaned.png,4,2,0.1980675607919693,0.14869238436222076,0.20727097988128662,0.08811642974615097,0.16403768956661224,0.1938149482011795
validation,199_v4_11_content_pprzygodzk_binary_search-prime_numbers_primes_p1.py_cleaned.png,4,1,0.165585458278656,0.2425508350133896,0.18486148118972778,0.13540926575660706,0.15517130494117737,0.1164216622710228
validation,199_v4_11_content_rjtmahinay_fuzzy-association-rule-mining_Apriori.py_cleaned.png,4,1,0.17356522381305695,0.24603700637817383,0.18118049204349518,0.16158896684646606,0.09921439737081528,0.1384139358997345
validation,199_v4_13_content_theSnehaThing_HierarchicalClustering_Hierchial_Classification.py_cleaned.png,4,2,0.1026347428560257,0.20040138065814972,0.25995421409606934,0.19399932026863098,0.09872513264417648,0.14428521692752838
validation,200_v4_13_content_Odarlie_fizz_buzz_programming_logic_andelab_fizz_buzz_bootcamp_function.py_cleaned.png,4,4,0.16071081161499023,0.1564164012670517,0.1751386523246765,0.14379265904426575,0.1929670125246048,0.1709744781255722
validation,200_v4_13_content_danielSbastos_binary-fibonacci_prototype.py_cleaned.png,4,5,0.152423694729805,0.18358007073402405,0.15141265094280243,0.15304753184318542,0.1749001145362854,0.1846359223127365
validation,200_v4_13_content_prachij94_Category-name-analysis-without-stopwords_stopwordsmcat.py_cleaned.png,4,1,0.1279231160879135,0.2824322581291199,0.1658223271369934,0.14721746742725372,0.11356820911169052,0.16303656995296478
validation,200_v4_13_content_tiendung1510_LearningPython_ucs.py_cleaned.png,4,5,0.14427316188812256,0.15480096638202667,0.17025092244148254,0.17035779356956482,0.16338586807250977,0.19693130254745483
validation,200_v4_14_content_codearemo_selction-sort_selection_sort.py_cleaned.png,4,4,0.14779721200466156,0.1257411241531372,0.19465096294879913,0.12732377648353577,0.20766989886760712,0.19681698083877563
validation,200_v4_15_content_agarwalr98_PrincipalComponentAnalysis_PCAReconstruct_with_NoisyImages.py_cleaned.png,4,1,0.16332553327083588,0.1922467052936554,0.1824430376291275,0.1635420173406601,0.1606016755104065,0.13784107565879822
validation,200_v4_19_content_riccardobisori_Binary-Trees_TestHeights.py_cleaned.png,4,4,0.14644096791744232,0.16979317367076874,0.19752392172813416,0.17269805073738098,0.20796607434749603,0.10557779669761658
validation,200_v4_1_content_shivam1196_LRU-Caching_Caching.py_cleaned.png,4,2,0.14758487045764923,0.16884808242321014,0.21018053591251373,0.171617791056633,0.1493753045797348,0.15239334106445312
validation,201_v4_10_content_nishi1612_Email-Spam-Classification-using-SVM_extracting_unique_words_from_all_emails.py_cleaned.png,4,2,0.15706177055835724,0.17788933217525482,0.19029176235198975,0.15576663613319397,0.1704818606376648,0.148508682847023
validation,201_v4_11_content_SabikAbtahee_Apriori-Implementation_AprioriMain.py_cleaned.png,4,3,0.16526001691818237,0.13707616925239563,0.1617046594619751,0.19611455500125885,0.1781393140554428,0.16170525550842285
validation,201_v4_13_content_FN-HD_Elliptic_Curve_Cryptography_Main.py_cleaned.png,4,2,0.12705494463443756,0.16378040611743927,0.2730388343334198,0.18904103338718414,0.07793586701154709,0.16914890706539154
validation,201_v4_13_content_Odarlie_fizz_buzz_programming_logic_andelab_test_fizz_buzz.py_cleaned.png,4,2,0.14236262440681458,0.18317168951034546,0.18982602655887604,0.177445650100708,0.13367243111133575,0.17352153360843658
validation,201_v4_13_content_danielSbastos_binary-fibonacci_transpose.py_cleaned.png,4,2,0.13823974132537842,0.14789336919784546,0.2128923386335373,0.1546139419078827,0.16468970477581024,0.18167094886302948
validation,201_v4_17_content_kwikadi_BFS-v-DFS_bfs.py_cleaned.png,4,4,0.18044137954711914,0.15972864627838135,0.17615820467472076,0.143706277012825,0.19284488260746002,0.14712059497833252
validation,201_v4_18_content_ronak-07_Agglomerative-Hierarchical-Clustering_Agglomerative.py_cleaned.png,4,2,0.14666740596294403,0.16419652104377747,0.23117850720882416,0.09864229708909988,0.14483106136322021,0.21448422968387604
validation,201_v4_23_content_AndreasChatz_factorial_constants.py_cleaned.png,4,0,0.5573931336402893,0.10806920379400253,0.06104558706283569,0.007579490542411804,0.017268426716327667,0.2486441433429718
validation,202_v4_10_content_mohamedScikitLearn_Information-retrieval--Text-mining-_Version_2.py_cleaned.png,4,0,0.18160617351531982,0.15792082250118256,0.1609140932559967,0.15086907148361206,0.17121604084968567,0.17747382819652557
validation,202_v4_10_content_nishi1612_Email-Spam-Classification-using-SVM_processing_emails_to_find_occurance_of_words.py_cleaned.png,4,1,0.16482239961624146,0.20852473378181458,0.1682864874601364,0.17584656178951263,0.15569470822811127,0.12682510912418365
validation,202_v4_11_content_Masao-Taketani_text_classification_with_alexa_webapi.py_cleaned.png,4,1,0.1280553638935089,0.20497030019760132,0.1922972947359085,0.18034018576145172,0.13023750483989716,0.16409939527511597
validation,202_v4_12_content_aabulhaj_SpectralClustering_synthetic_data.py_cleaned.png,4,2,0.1590089350938797,0.14918924868106842,0.20503422617912292,0.1859060376882553,0.13035492599010468,0.17050667107105255
validation,202_v4_13_content_preetidurai_Spam-Ham-Classification-using-NB-and-LR_naiveBayes.py_cleaned.png,4,1,0.16940149664878845,0.27029091119766235,0.15140879154205322,0.14163151383399963,0.12579220533370972,0.14147509634494781
validation,202_v4_14_content_user0198_aes-256-CBC_aes256.py_cleaned.png,4,2,0.1456027776002884,0.1728873997926712,0.21120482683181763,0.15201632678508759,0.1391000747680664,0.17918863892555237
validation,202_v4_17_content_jb0xx_decrypt-onetimepad_onetimepad.py_cleaned.png,4,1,0.16799584031105042,0.25631746649742126,0.15883496403694153,0.11081097275018692,0.17480748891830444,0.1312333643436432
validation,203_v4_10_content_chiragragarwal_Graphs_And_Networks___init__.py_cleaned.png,4,0,0.2609770596027374,0.14031775295734406,0.15253616869449615,0.11114367842674255,0.16831834614276886,0.16670693457126617
validation,203_v4_10_content_sushant097_Chatbot-using-Python-NLTK-_ChatBot.py_cleaned.png,4,5,0.11253372579813004,0.19107800722122192,0.2046620100736618,0.15708941221237183,0.12702830135822296,0.20760853588581085
validation,203_v4_13_content_Skulsta_cluster_unlabelled_dataset_elbow_analysis.py_cleaned.png,4,2,0.149844691157341,0.18267297744750977,0.19777390360832214,0.17289184033870697,0.14582271873950958,0.15099380910396576
validation,203_v4_13_content_limqiying_crypto_final_project_EG-test.py_cleaned.png,4,2,0.15757597982883453,0.17472754418849945,0.19770735502243042,0.16537444293498993,0.1551668494939804,0.14944784343242645
validation,203_v4_15_content_Nabeel-Asghar_List-Divsion_List-Division.py_cleaned.png,4,5,0.20929089188575745,0.13981769979000092,0.14541201293468475,0.1147189661860466,0.170108824968338,0.22065159678459167
validation,203_v4_15_content_ronma1_Dijkstra_graph_algo.py_cleaned.png,4,4,0.19052524864673615,0.16771382093429565,0.12603925168514252,0.14268805086612701,0.2212018519639969,0.1518317312002182
validation,203_v4_18_content_Saychakr13_CLUSTERING_MODELS_hc.py_cleaned.png,4,2,0.11759065091609955,0.17111416161060333,0.20218488574028015,0.19023357331752777,0.14808402955532074,0.17079272866249084
validation,203_v4_20_content_shamo0_Binary_Search_Tree_treap.py_cleaned.png,4,3,0.15881851315498352,0.12867683172225952,0.14530318975448608,0.21195518970489502,0.1464434415102005,0.2088029384613037
validation,203_v4_23_content_tomasmcoronado_prob-alpha_PhyloTree.py_cleaned.png,4,5,0.11992883682250977,0.18501189351081848,0.172367125749588,0.15452277660369873,0.1387772113084793,0.2293921560049057
validation,203_v4_3_content_iykadev_pyalgo_ackermann_func.py_cleaned.png,4,4,0.17497791349887848,0.15367522835731506,0.1688205897808075,0.14336176216602325,0.18397410213947296,0.17519038915634155
validation,204_v4_17_content_fxbp_spd-5_criptoanalisi.py_cleaned.png,4,0,0.18317368626594543,0.16828417778015137,0.18178442120552063,0.12268904596567154,0.1814926713705063,0.16257601976394653
validation,204_v4_18_content_jzpero_enigma_main.py_cleaned.png,4,3,0.13918417692184448,0.19064614176750183,0.18089699745178223,0.19592417776584625,0.15713824331760406,0.1362103372812271
validation,204_v4_1_content_jwan659_forex-arbitrage_BellmanFord.py_cleaned.png,4,2,0.11779069155454636,0.16925480961799622,0.21817007660865784,0.16383102536201477,0.1588294804096222,0.17212386429309845
validation,204_v4_1_content_pranav-dahiya_NaiveBayes_spam_filter.py_cleaned.png,4,1,0.15674228966236115,0.2166537493467331,0.20100583136081696,0.16223691403865814,0.14291523396968842,0.12044593691825867
validation,204_v4_30_content_thomasjedstrom_Bubble_Sort_Selection_Sort.py_cleaned.png,4,5,0.1807679831981659,0.14312906563282013,0.17344385385513306,0.11655865609645844,0.172235906124115,0.2138645201921463
validation,205_v4_15_content_V-Sense_Aesthetic-Image-Captioning-ICCVW-2019_clean_using_subjectivity.py_cleaned.png,4,1,0.16048912703990936,0.1985594928264618,0.1789049655199051,0.15423338115215302,0.17734205722808838,0.13047099113464355
validation,205_v4_31_content_atorulia_Some-kind-of-sort-algorithm_InsertionSort.py_cleaned.png,4,5,0.1321563422679901,0.17988716065883636,0.21722979843616486,0.12180419266223907,0.12629732489585876,0.22262518107891083
validation,205_v4_3_content_iykadev_pyalgo_anagram.py_cleaned.png,4,2,0.16744951903820038,0.15665903687477112,0.18295122683048248,0.14720694720745087,0.1827607899904251,0.16297243535518646
validation,206_v4_15_content_VakinduPhilliam_Pattern_Matching_Python_Difflib_Pattern_Matching_Differ___.py_cleaned.png,4,4,0.19295558333396912,0.13221709430217743,0.1369696855545044,0.12187141925096512,0.22363395988941193,0.1923523098230362
validation,206_v4_16_content_hoefler02_diffie-hellman_dh_client.py_cleaned.png,4,5,0.1989111751317978,0.15143032371997833,0.17517179250717163,0.12686499953269958,0.14159144461154938,0.20603027939796448
validation,206_v4_17_content_jmullercuber_HackHarvard2k16_RedditScraper.py_cleaned.png,4,2,0.15636955201625824,0.1662791222333908,0.17532317340373993,0.16936708986759186,0.16292858123779297,0.1697324812412262
validation,206_v4_17_content_krshubham_ecc-elgamal_elgamal.py_cleaned.png,4,0,0.2054905742406845,0.14590896666049957,0.18867503106594086,0.12716545164585114,0.17455415427684784,0.15820583701133728
validation,206_v4_18_content_maxsonferovante_Dijkstra_dijsktra.py_cleaned.png,4,0,0.1826314926147461,0.16533403098583221,0.15893316268920898,0.15992578864097595,0.15700171887874603,0.17617377638816833
validation,206_v4_19_content_frankiekienlam_Fibonacci_Pyramids_pyramid.py_cleaned.png,4,5,0.16873498260974884,0.1694747805595398,0.16809402406215668,0.12746945023536682,0.16437560319900513,0.20185120403766632
validation,206_v4_31_content_Cadellinman_RB-EmailSorter_RedBubbleSorter.py_cleaned.png,4,1,0.1370752453804016,0.21918614208698273,0.20296716690063477,0.14825710654258728,0.1417100429534912,0.15080426633358002
validation,206_v4_31_content_NagarajSMurthy_Data-Structures_LinkedList.py_cleaned.png,4,3,0.12809601426124573,0.1711101531982422,0.19138123095035553,0.1970401406288147,0.14863048493862152,0.16374197602272034
validation,206_v4_31_content_benarg_A_star-BFS-Dijkstra-algorithms_AI_assignment3_part2.py_cleaned.png,4,1,0.2020280957221985,0.2666477560997009,0.11256996542215347,0.12925861775875092,0.17871679365634918,0.11077876389026642
validation,206_v4_3_content_iykadev_pyalgo_anagram2.py_cleaned.png,4,5,0.17860576510429382,0.1185593232512474,0.13456599414348602,0.12411796301603317,0.21236170828342438,0.231789231300354
validation,207_v4_14_content_prachij94_Category-altname-analysis-without-stopwords_altnameStopwords.py_cleaned.png,4,5,0.1338198333978653,0.1746799349784851,0.1350066363811493,0.15110117197036743,0.15969619154930115,0.24569624662399292
validation,207_v4_22_content_sabarahman_k-means-Clustering-On-Banking-Data-Set_clustering.py_cleaned.png,4,5,0.1487814337015152,0.16186563670635223,0.1661943793296814,0.16641438007354736,0.1601758599281311,0.19656828045845032
validation,207_v4_25_content_83Shashi_Hierarchical-Clustering_hierarchicalclustering.py_cleaned.png,4,1,0.14439508318901062,0.19549719989299774,0.17993701994419098,0.18088535964488983,0.14685341715812683,0.1524319350719452
validation,207_v4_33_content_Ryan-Fortner_bubble_sort_bubble_sort.py_cleaned.png,4,2,0.16284620761871338,0.17922186851501465,0.18536213040351868,0.17485247552394867,0.1357242614030838,0.16199304163455963
validation,208_v4_14_content_Dawlatly_Recommender-system_apriori.py_cleaned.png,4,2,0.13479554653167725,0.16422192752361298,0.18542473018169403,0.16190403699874878,0.17176978290081024,0.18188399076461792
validation,208_v4_1_content_abdullahwaqar_docsearx_pdf_reader.py_cleaned.png,4,5,0.13804663717746735,0.1459277868270874,0.17104798555374146,0.1491202861070633,0.17740526795387268,0.21845191717147827
validation,208_v4_20_content_IbrahimAyed_Multifractal-analysis-of-natural-images_zoom.py_cleaned.png,4,0,0.2369116097688675,0.18790043890476227,0.16388224065303802,0.10015133023262024,0.16715295612812042,0.14400142431259155
validation,208_v4_21_content_danielleos_Fibonacci-Generator_main.py_cleaned.png,4,0,0.19846422970294952,0.17589741945266724,0.18199986219406128,0.14048177003860474,0.1954134851694107,0.10774335265159607
validation,208_v4_25_content_ryansmick_SortedOrderedDict_PersistentDict.py_cleaned.png,4,0,0.18925189971923828,0.16675427556037903,0.17756152153015137,0.14861814677715302,0.1615990251302719,0.15621508657932281
validation,208_v4_2_content_Aluriak_kruskal-clustering_kruskal_viz.py_cleaned.png,4,1,0.15310120582580566,0.24842773377895355,0.18696318566799164,0.16144691407680511,0.12365932017564774,0.1264016330242157
validation,209_v4_1_content_ForeverPs_Visualization-of-sort-algorithms_SORT.py_cleaned.png,4,1,0.17233456671237946,0.21544615924358368,0.17164842784404755,0.14281360805034637,0.12766171991825104,0.1700955182313919
validation,209_v4_1_content_nageshsinghc4_stock-market-forecasting_ZBH_stock.py_cleaned.png,4,1,0.13825252652168274,0.25652632117271423,0.15000483393669128,0.13868612051010132,0.14351403713226318,0.17301617562770844
validation,210_v4_12_content_ianscottknight_Predicting-Myers-Briggs-Type-Indicator-with-Recurrent-Neural-Networks_rnn.py_cleaned.png,4,0,0.23803643882274628,0.1751135289669037,0.1633564531803131,0.1531182825565338,0.14658097922801971,0.12379429489374161
validation,210_v4_14_content_Dawlatly_Recommender-system_manage.py_cleaned.png,4,2,0.15631066262722015,0.15668192505836487,0.19727455079555511,0.1452166736125946,0.1657407432794571,0.17877545952796936
validation,210_v4_15_content_VakinduPhilliam_Pattern_Matching_Python_Difflib_Pattern_Matching_SequenceMatcher.py_cleaned.png,4,4,0.19039686024188995,0.1657424420118332,0.15814951062202454,0.1286454051733017,0.19826552271842957,0.15880021452903748
validation,210_v4_28_content_IPDT_car_review_k-means_clustering_word_freq.py_cleaned.png,4,3,0.14144541323184967,0.1774035543203354,0.17285564541816711,0.18238791823387146,0.16007068753242493,0.165836900472641
validation,210_v4_28_content_alexanderogle_Enigma_Machine_em_functions.py_cleaned.png,4,3,0.13021722435951233,0.14264535903930664,0.17978546023368835,0.21472279727458954,0.13669930398464203,0.19592984020709991
validation,210_v4_28_content_tomsiwek_gprMax-Designer_operation.py_cleaned.png,4,5,0.12439601868391037,0.1999940723180771,0.17424926161766052,0.14877402782440186,0.13907039165496826,0.21351619064807892
validation,211_v4_12_content_ianscottknight_Predicting-Myers-Briggs-Type-Indicator-with-Recurrent-Neural-Networks_separate_clean_and_unclean.py_cleaned.png,4,1,0.14652535319328308,0.19245484471321106,0.1439230740070343,0.16849234700202942,0.17775753140449524,0.17084689438343048
validation,211_v4_25_content_HunterXuan_QAMatch_search.py_cleaned.png,4,5,0.14225226640701294,0.18179447948932648,0.17266462743282318,0.17815400660037994,0.1403466761112213,0.18478797376155853
validation,211_v4_30_content_sina-ehsani_NaiveBayes_SNLI_prepro.py_cleaned.png,4,2,0.12479512393474579,0.1826775074005127,0.21233035624027252,0.19657988846302032,0.1336115300655365,0.1500055342912674
validation,211_v4_35_content_riccardobisori_Binary-Trees_ResultsInsert.py_cleaned.png,4,3,0.1290242075920105,0.17334003746509552,0.18611763417720795,0.18943209946155548,0.1446714848279953,0.17741459608078003
validation,211_v4_37_content_TolgaGolet_CPU-Scheduling-Algorithms-Simulation_OperatingSystems_CPUSchedulingReverse.py_cleaned.png,4,2,0.09534985572099686,0.2291150838136673,0.32203927636146545,0.17857831716537476,0.06634177267551422,0.10857564955949783
validation,212_v4_21_content_KingYapster_ECC-Elliptic-Curve-Cryptography-in-Python_ECC.py_cleaned.png,4,2,0.13105934858322144,0.1784190982580185,0.2231559008359909,0.17282448709011078,0.10642524063587189,0.1881159394979477
validation,212_v4_22_content_sagarwani_Breaking-Diffie-Hellman_dl-brute.py_cleaned.png,4,2,0.10575447976589203,0.1654486358165741,0.28082066774368286,0.1690368503332138,0.09549494087696075,0.18344448506832123
validation,212_v4_28_content_NurzatRakhman_k_means_k-means.py_cleaned.png,4,1,0.09364531934261322,0.22640378773212433,0.18405675888061523,0.16223496198654175,0.13943788409233093,0.1942213475704193
validation,212_v4_31_content_dariswan_AudioRetrieval-Classification_ekstraksi.py_cleaned.png,4,1,0.16682283580303192,0.1851440668106079,0.16174699366092682,0.1539384424686432,0.17490431666374207,0.1574433147907257
validation,212_v4_32_content_arian100y_Travelling-Salesman-Problem_createCaminos.py_cleaned.png,4,1,0.17741625010967255,0.2378697544336319,0.16064675152301788,0.17548364400863647,0.14322470128536224,0.10535889118909836
validation,212_v4_38_content_AnkitChouhanDws_Polynomial-Regression_polynomial_regression.py_cleaned.png,4,2,0.14387837052345276,0.1716914027929306,0.19928592443466187,0.15009118616580963,0.15297150611877441,0.18208156526088715
validation,212_v4_38_content_dareofmeashwani_Pre-Processing-Queue-For-Deep-Learning-Model_DataQueue.py_cleaned.png,4,4,0.18631574511528015,0.12546789646148682,0.13106325268745422,0.19024835526943207,0.23044557869434357,0.13645920157432556
validation,212_v4_4_content_hyper750_factorialhr_constants.py_cleaned.png,4,3,0.14950896799564362,0.1409272700548172,0.1864957958459854,0.19715021550655365,0.14647835493087769,0.17943927645683289
validation,213_v4_15_content_VakinduPhilliam_Pattern_Matching_Python_Filecmp_Recursive_Search.py_cleaned.png,4,0,0.2318432480096817,0.1102345734834671,0.13840891420841217,0.17654766142368317,0.16851496696472168,0.17445063591003418
validation,213_v4_16_content_NB-prog_INTERN-2019_config.py_cleaned.png,4,5,0.16808289289474487,0.15600769221782684,0.16313157975673676,0.15575960278511047,0.12656357884407043,0.23045463860034943
validation,213_v4_24_content_Brew8it_Python_DHAES_AES.py_cleaned.png,4,5,0.1540471762418747,0.12042826414108276,0.17270459234714508,0.159742072224617,0.1533384621143341,0.23973947763442993
validation,213_v4_28_content_akrolewski_NonlinearMassFaster_tabulate_fiducial_rnl.py_cleaned.png,4,3,0.1436125934123993,0.1230207085609436,0.1954115927219391,0.21535058319568634,0.14611677825450897,0.17648780345916748
validation,213_v4_37_content_saurabhzingade_Naive-Bayes-Basic_naive.py_cleaned.png,4,1,0.1082499697804451,0.2548685669898987,0.22019505500793457,0.15039484202861786,0.1291421502828598,0.13714945316314697
validation,213_v4_42_content_KimCant2019_rsa_crypto_rsa-decrypter.py_cleaned.png,4,5,0.14203807711601257,0.18176573514938354,0.18105486035346985,0.15266619622707367,0.16011539101600647,0.18235976994037628
validation,214_v4_1_content_vijaymukhiija_Sale-optimizing_apyori.py_cleaned.png,4,4,0.18584352731704712,0.186966210603714,0.13320419192314148,0.14084669947624207,0.18787594139575958,0.16526339948177338
validation,214_v4_21_content_hagyu-aya_prime-number-bot_index.py_cleaned.png,4,4,0.18022195994853973,0.15484805405139923,0.17809683084487915,0.1335594654083252,0.1839318871498108,0.16934187710285187
validation,214_v4_24_content_Brew8it_Python_DHAES_server.py_cleaned.png,4,1,0.15417905151844025,0.20019346475601196,0.18403315544128418,0.18352332711219788,0.1345895379781723,0.14348149299621582
validation,214_v4_26_content_AnilBattalahalli_cryptfather_cryptfather.py_cleaned.png,4,5,0.14636479318141937,0.1526486873626709,0.17187677323818207,0.1612480729818344,0.17166101932525635,0.19620074331760406
validation,214_v4_2_content_neonb88_knn_knn_machine_learning_hw1.py_cleaned.png,4,5,0.15566405653953552,0.13897252082824707,0.13511691987514496,0.19520968198776245,0.17620530724525452,0.1988314390182495
validation,214_v4_39_content_guneskaan_queueBot_queue_bot.py_cleaned.png,4,1,0.15976743400096893,0.17752467095851898,0.16720512509346008,0.16132338345050812,0.1583203226327896,0.17585903406143188
validation,214_v4_43_content_odubno_ford-fulkerson-max-flow_test_max_flow.py_cleaned.png,4,0,0.21095477044582367,0.13074205815792084,0.15675482153892517,0.1435319483280182,0.2082107961177826,0.14980562031269073
validation,215_v4_12_content_romanorac_elastic_localized_search_main.py_cleaned.png,4,1,0.1368962973356247,0.18969227373600006,0.17964325845241547,0.1668144315481186,0.15853022038936615,0.16842354834079742
validation,215_v4_16_content_NB-prog_INTERN-2019_plot.py_cleaned.png,4,2,0.12336689978837967,0.19701819121837616,0.20463082194328308,0.1970885992050171,0.1429368555545807,0.13495860993862152
validation,215_v4_1_content_HarryBaker_LDAtopicSimilarity_similaritySuite.py_cleaned.png,4,3,0.14453956484794617,0.17292004823684692,0.1789344698190689,0.1902657151222229,0.154234379529953,0.1591057926416397
validation,215_v4_2_content_adwansyed_Market-Basket-Analysis-Apriori_bruteforce_marketbasketanalysis.py_cleaned.png,4,1,0.15779155492782593,0.2391587495803833,0.1775330901145935,0.1397448182106018,0.15243977308273315,0.13333213329315186
validation,215_v4_32_content_BhaveshMotwani_Hierarchical_Document_Clustering_hac.py_cleaned.png,4,1,0.18219876289367676,0.22363635897636414,0.14764171838760376,0.14329057931900024,0.1550900936126709,0.1481425017118454
validation,215_v4_36_content_aholyoke_bfs_vs_dfs_bfs.py_cleaned.png,4,2,0.11335545778274536,0.1650107204914093,0.24500268697738647,0.19481626152992249,0.12148056924343109,0.16033430397510529
validation,215_v4_3_content_ml-for-nlp_authorship-attribution_attribution.py_cleaned.png,4,1,0.19122067093849182,0.2643800973892212,0.2028389424085617,0.1302141398191452,0.12217991054058075,0.08916623145341873
validation,215_v4_4_content_flaviohenriqu_divisibility_flaskapp.py_cleaned.png,4,2,0.17295217514038086,0.150393545627594,0.17950673401355743,0.15302680432796478,0.16705074906349182,0.17706993222236633
validation,216_v4_1_content_sadnessFree_arima-lstm_lstm.py_cleaned.png,4,2,0.15406762063503265,0.18656209111213684,0.19033467769622803,0.1650957614183426,0.1453000158071518,0.15863975882530212
validation,216_v4_22_content_mikaelharseno_DurianBot_allnodesolver.py_cleaned.png,4,5,0.16390562057495117,0.15130864083766937,0.16373665630817413,0.16480645537376404,0.16819484531879425,0.18804781138896942
validation,216_v4_23_content_cjonsmith_prime_calc_prime_days.py_cleaned.png,4,1,0.14480814337730408,0.1894960254430771,0.18008969724178314,0.15413762629032135,0.1800629049539566,0.15140558779239655
validation,216_v4_2_content_facebookresearch_reward-estimator-corl_configurations_continuous_uniform.py_cleaned.png,4,2,0.13337233662605286,0.2075025737285614,0.21020841598510742,0.1482282280921936,0.11523286253213882,0.1854555606842041
validation,216_v4_32_content_Spanfile_Dijkstra_test.py_cleaned.png,4,3,0.1639973670244217,0.150568887591362,0.18018454313278198,0.1849588304758072,0.1504906266927719,0.16979974508285522
validation,216_v4_36_content_OneWinged-Eagle_spotimy_getArtists.py_cleaned.png,4,3,0.1809873729944229,0.15675003826618195,0.1676076501607895,0.20265592634677887,0.13728317618370056,0.1547158658504486
validation,216_v4_3_content_abdulqadirs_distance-vector-routing-protocol_DVR.py_cleaned.png,4,1,0.14655518531799316,0.21183627843856812,0.15749621391296387,0.13742052018642426,0.17322823405265808,0.17346356809139252
validation,216_v4_42_content_darshan-jain-29_ml-naive-bayes-working-demo_email_preprocess.py_cleaned.png,4,2,0.14203771948814392,0.18312987685203552,0.20377717912197113,0.1498851329088211,0.13853584229946136,0.18263423442840576
validation,216_v4_44_content_CppbetterC_A-Star_Heap.py_cleaned.png,4,2,0.14125394821166992,0.1772003471851349,0.20430658757686615,0.17924274504184723,0.1459457129240036,0.15205058455467224
validation,217_v4_23_content_eW1z4rd_AES-File-Encryptor_FileEncryptor.py_cleaned.png,4,1,0.13833345472812653,0.23588670790195465,0.18658998608589172,0.16684593260288239,0.13721062242984772,0.13513334095478058
validation,217_v4_2_content_cardwizard_EllipticCurves_ec_dhe.py_cleaned.png,4,2,0.16196955740451813,0.12983548641204834,0.21072131395339966,0.18425528705120087,0.1458418071269989,0.16737660765647888
validation,217_v4_40_content_cofinley_sudoku_cell.py_cleaned.png,4,5,0.1627292037010193,0.13188481330871582,0.15047897398471832,0.13140524923801422,0.19692270457744598,0.22657909989356995
validation,217_v4_42_content_matbot_Py_merge_vs_insert_sorts_insertionsort.py_cleaned.png,4,4,0.16134758293628693,0.16223135590553284,0.17429527640342712,0.14103366434574127,0.20691387355327606,0.154178187251091
validation,217_v4_5_content_AdamJacoby_Hopf_ElementClass.py_cleaned.png,4,0,0.2365952581167221,0.1590764820575714,0.14787983894348145,0.13138878345489502,0.16671879589557648,0.15834078192710876
validation,218_v4_14_content_Qutuf_Qutuf_manage.py_cleaned.png,4,5,0.18091653287410736,0.12589240074157715,0.13586410880088806,0.1226973682641983,0.1973371058702469,0.23729246854782104
validation,218_v4_1_content_sadnessFree_arima-lstm_muilt_lstm.py_cleaned.png,4,0,0.1826520562171936,0.18017326295375824,0.173675075173378,0.15212854743003845,0.1551567167043686,0.15621435642242432
validation,218_v4_22_content_mikaelharseno_DurianBot_solver.py_cleaned.png,4,0,0.22293239831924438,0.14308975636959076,0.18116022646427155,0.11159580945968628,0.18081150949001312,0.1604103446006775
validation,218_v4_23_content_ishannadeep_AES-and-Des-hybrid-encryption-algorithm-python-3_test.py_cleaned.png,4,4,0.19148606061935425,0.13497482240200043,0.18691423535346985,0.15227729082107544,0.193613663315773,0.14073391258716583
validation,218_v4_23_content_wliabc_Prime-numbers_prime.py_cleaned.png,4,4,0.1957566738128662,0.11911829560995102,0.18159647285938263,0.11246441304683685,0.2281266450881958,0.16293755173683167
validation,218_v4_2_content_riki95_Many-Time-Pad-Cracker_cracker.py_cleaned.png,4,3,0.15074723958969116,0.16977615654468536,0.1817721426486969,0.18388989567756653,0.15421727299690247,0.15959733724594116
validation,218_v4_32_content_clee1994_MasterThesis_table_helper.py_cleaned.png,4,2,0.1229521632194519,0.16434091329574585,0.23256359994411469,0.1665836125612259,0.14990690350532532,0.16365282237529755
validation,218_v4_40_content_phoolchandra_Text-Search-Engine_search.py_cleaned.png,4,3,0.13812822103500366,0.176236093044281,0.17909179627895355,0.1997005194425583,0.1389285773038864,0.16791479289531708
validation,218_v4_48_content_andrewdoanutz_NaiveBayesClassifier_NaiveBayesClassifier.py_cleaned.png,4,2,0.16293370723724365,0.15278100967407227,0.21079246699810028,0.12942560017108917,0.16392476856708527,0.1801423579454422
validation,218_v4_4_content_mahimanzum_PCA-and-GMM-from-scratch-_PCA_With_GMM.py_cleaned.png,4,0,0.20063947141170502,0.17925043404102325,0.15661229193210602,0.1281784474849701,0.18071410059928894,0.15460525453090668
validation,218_v4_4_content_raghavgsk25_polynomial-regression-1_pl.py_cleaned.png,4,1,0.16203828155994415,0.1745305359363556,0.16944476962089539,0.16615302860736847,0.15736928582191467,0.17046412825584412
validation,218_v4_52_content_jitunayak_Tensorflow-object-recognition-GUI-DesktopApp_face_crop.py_cleaned.png,4,4,0.16576030850410461,0.14172802865505219,0.1795659363269806,0.1683136522769928,0.18948490917682648,0.15514706075191498
validation,218_v4_5_content_AdamJacoby_Hopf_ExampleGroup_Functions.py_cleaned.png,4,5,0.1436619609594345,0.17345239222049713,0.1530996710062027,0.13772548735141754,0.18413835763931274,0.20792220532894135
validation,219_v4_24_content_jakubfolta_PrimeNumber_Prime.py_cleaned.png,4,5,0.15506410598754883,0.17550677061080933,0.17772220075130463,0.16962604224681854,0.1441737562417984,0.17790710926055908
validation,219_v4_52_content_CorrineTan_Digital-Signature-Schemes-Evaluation_eddsa_25519.py_cleaned.png,4,0,0.2114325910806656,0.14383864402770996,0.15178680419921875,0.15017712116241455,0.14399555325508118,0.19876933097839355
validation,220_v4_16_content_davda54_pytorch-transformer-lemmatization_lr_decay.py_cleaned.png,4,0,0.1874481588602066,0.1547887623310089,0.16268931329250336,0.15593230724334717,0.17426593601703644,0.16487549245357513
validation,220_v4_1_content_jim-spyropoulos_Trajectory-Analysis-and-Classification-in-Python-Pandas-and-Scikit-Learn_classifytraj.py_cleaned.png,4,0,0.19547930359840393,0.18557345867156982,0.18608278036117554,0.11423240602016449,0.17652809619903564,0.14210399985313416
validation,220_v4_46_content_vaish06_EurailShortestPath_brainstorm.py_cleaned.png,4,2,0.18607409298419952,0.20174568891525269,0.27458634972572327,0.11493353545665741,0.1138964369893074,0.10876390337944031
validation,220_v4_58_content_Schuck9_PCA_PCA.py_cleaned.png,4,1,0.1319912075996399,0.217320054769516,0.21107642352581024,0.1675541251897812,0.11722605675458908,0.15483222901821136
validation,221_v4_15_content_jknight1725_linear_search_vs_random_search_myFunctions.py_cleaned.png,4,1,0.16944587230682373,0.1773466318845749,0.17713157832622528,0.15639178454875946,0.16526024043560028,0.15442384779453278
validation,221_v4_19_content_Vijendra2410_Sentiment-Analysis_RestaurantReview.py_cleaned.png,4,2,0.14450453221797943,0.17464706301689148,0.19942598044872284,0.18715161085128784,0.1312723308801651,0.1629985272884369
validation,221_v4_29_content_cmccoypdx_PythonSortCompare_Generator.py_cleaned.png,4,4,0.14940686523914337,0.16595177352428436,0.18843981623649597,0.13726863265037537,0.19236963987350464,0.16656331717967987
validation,221_v4_2_content_ForeverPs_Visualization-of-sort-algorithms_SORT.py_cleaned.png,4,1,0.20343782007694244,0.22377371788024902,0.11667394638061523,0.12446700036525726,0.1322139948606491,0.19943352043628693
validation,221_v4_43_content_aabs_edx-ai-week11-project_Tests.py_cleaned.png,4,2,0.16654840111732483,0.14262260496616364,0.20794221758842468,0.14881445467472076,0.16137275099754333,0.17269952595233917
validation,221_v4_4_content_kevalmorabia97_Agglomerative-Hierarchical-Clustering-Comparison_HierarchicalAgglomerativeClustering.py_cleaned.png,4,2,0.16253405809402466,0.18421714007854462,0.1984129697084427,0.17500105500221252,0.1468169093132019,0.13301782310009003
validation,221_v4_51_content_adityapatelgithub_Expressions-and-Functions_peekable.py_cleaned.png,4,5,0.1756555587053299,0.15289631485939026,0.16434814035892487,0.15904413163661957,0.15906845033168793,0.1889873743057251
validation,222_v4_15_content_jknight1725_linear_search_vs_random_search_random_case.py_cleaned.png,4,2,0.13861243426799774,0.1567479968070984,0.19587239623069763,0.1772485375404358,0.16241580247879028,0.16910284757614136
validation,222_v4_2_content_mhiratsuka_selectionSortPython_selectionSort.py_cleaned.png,4,4,0.21146659553050995,0.15959008038043976,0.14680378139019012,0.11100690066814423,0.2203209549188614,0.15081177651882172
validation,222_v4_2_content_vineetkia_Fundamentals-Of-Cryptography__6_-Columnar_Transposition.py_cleaned.png,4,2,0.1500241458415985,0.17148403823375702,0.19112172722816467,0.16036097705364227,0.16228289902210236,0.16472625732421875
validation,222_v4_3_content_iykadev_pyalgo_execute_a_markov_algo.py_cleaned.png,4,4,0.14877815544605255,0.1911221444606781,0.17386750876903534,0.11453225463628769,0.2152554839849472,0.1564444750547409
validation,222_v4_46_content_arun-p12_sort-algorithms_quick_sort.py_cleaned.png,4,1,0.17438429594039917,0.19552001357078552,0.18214212357997894,0.12568062543869019,0.16694575548171997,0.1553272008895874
validation,222_v4_55_content_NM20XX_Python_Fibonacci_Sequence.py_cleaned.png,4,5,0.16445302963256836,0.14695152640342712,0.14077544212341309,0.128237783908844,0.2076336294412613,0.21194849908351898
validation,222_v4_56_content_Desire100_Machine-Learning-Regression-Models-for-beginners_simple_linear_regression.py_cleaned.png,4,1,0.16021962463855743,0.21750588715076447,0.2129170447587967,0.11607465893030167,0.1448136419057846,0.14846917986869812
validation,223_v4_20_content_aditiopangestu_spam_data_converter_lingspam_filter.py_cleaned.png,4,1,0.16394390165805817,0.18881940841674805,0.18153351545333862,0.1839500516653061,0.14847277104854584,0.1332804262638092
validation,223_v4_30_content_choogeboom_photo-sorter_photo_sorter.py_cleaned.png,4,3,0.14277499914169312,0.1657506823539734,0.18420949578285217,0.18479642271995544,0.17717233300209045,0.14529606699943542
validation,223_v4_31_content_nazmeenkhan_Diffie-Hellman_UserB.py_cleaned.png,4,2,0.17810635268688202,0.19810748100280762,0.24929994344711304,0.14149335026741028,0.12386380881071091,0.10912912338972092
validation,223_v4_35_content_XiaoCode-er_image-digital-express_cluster_pic.py_cleaned.png,4,2,0.1391458511352539,0.15494921803474426,0.22322756052017212,0.17048583924770355,0.12892349064350128,0.18326802551746368
validation,223_v4_52_content_kantonist_printBST_printBST.py_cleaned.png,4,2,0.16662634909152985,0.16159945726394653,0.18435785174369812,0.16749918460845947,0.1691335141658783,0.15078364312648773
validation,223_v4_6_content_chiragragarwal_Graphs_And_Networks___init__.py_cleaned.png,4,0,0.26874035596847534,0.16241168975830078,0.14575111865997314,0.09033621102571487,0.15390609204769135,0.17885452508926392
validation,224_v4_28_content_gizzidan_basic-python-practice_primes.py_cleaned.png,4,5,0.17054510116577148,0.15065588057041168,0.19781774282455444,0.11754986643791199,0.16411897540092468,0.19931240379810333
validation,224_v4_32_content_AAMergulhao_Sort_Algorithms_algorithms.py_cleaned.png,4,0,0.20301826298236847,0.09443961083889008,0.15700702369213104,0.1555149108171463,0.19263458251953125,0.19738560914993286
validation,224_v4_44_content_eastxe_cosine-knn_knn.py_cleaned.png,4,1,0.15705400705337524,0.20707903802394867,0.19292286038398743,0.15260156989097595,0.13902786374092102,0.1513146609067917
validation,224_v4_4_content_JosephFWright_Prims_Algorithm_Prims.py_cleaned.png,4,5,0.18960116803646088,0.10391069203615189,0.1724713146686554,0.11548801511526108,0.18293394148349762,0.23559480905532837
validation,224_v4_4_content_Khante_Distance-Vector-Algorithm_simulation_2.py_cleaned.png,4,1,0.15368330478668213,0.1795569509267807,0.17364035546779633,0.15200285613536835,0.17544695734977722,0.1656694859266281
validation,224_v4_52_content_Tchaikovic_dijkstra_mapcreator.py_cleaned.png,4,1,0.12776051461696625,0.2373010665178299,0.21352499723434448,0.13857755064964294,0.1429654359817505,0.13987034559249878
validation,224_v4_62_content_taabishm2_Proactive-FDH-RSA-Signature_fileOp.py_cleaned.png,4,0,0.17982059717178345,0.1640050858259201,0.15069769322872162,0.1594027876853943,0.1793045550584793,0.16676922142505646
validation,225_v4_22_content_mikpim01_Python-NLTK_task_stopword_removal.py_cleaned.png,4,3,0.1385135054588318,0.1811772584915161,0.17692792415618896,0.2213870733976364,0.15721513330936432,0.12477916479110718
validation,225_v4_3_content_facebookresearch_deep-variance-reduction_cifar_wrapper.py_cleaned.png,4,5,0.16687576472759247,0.16305123269557953,0.1542402058839798,0.15468351542949677,0.17190320789813995,0.18924610316753387
validation,225_v4_52_content_PhaniBalagam27_Big-data-Analytics-on-dallas-police-incidents-dataset_Q5_code.py_cleaned.png,4,1,0.15100641548633575,0.19642274081707,0.19448968768119812,0.1753334403038025,0.12593168020248413,0.1568160355091095
validation,225_v4_53_content_rghv404_Language_identification_make_predictions.py_cleaned.png,4,2,0.13857011497020721,0.16829216480255127,0.18567168712615967,0.18524134159088135,0.1477460414171219,0.1744786649942398
validation,225_v4_5_content_domodomodomo_binary_search_tree_test.py_cleaned.png,4,2,0.11345282196998596,0.20900586247444153,0.241218701004982,0.16573067009449005,0.11038056015968323,0.16021138429641724
validation,225_v4_68_content_mvivancq_DfsSudokuSolver_bfs.py_cleaned.png,4,3,0.1698811799287796,0.14362409710884094,0.18736842274665833,0.1883242130279541,0.1636577546596527,0.14714443683624268
validation,226_v4_31_content_alonek1_huffman_compression_algorithm_haffmen.py_cleaned.png,4,1,0.15408791601657867,0.1914871782064438,0.18294532597064972,0.15506219863891602,0.14168685674667358,0.1747305691242218
validation,226_v4_33_content_prabhatpal77_Complete-core-python-_dictcomp.py_cleaned.png,4,1,0.1593443602323532,0.20530632138252258,0.16534839570522308,0.15023057162761688,0.1659092754125595,0.15386101603507996
validation,226_v4_42_content_TechnoMonoCo_Python-Doubly-Linked-List_LL.py_cleaned.png,4,3,0.1371048241853714,0.12185555696487427,0.19261182844638824,0.21303093433380127,0.13969656825065613,0.1957002729177475
validation,226_v4_68_content_mvivancq_DfsSudokuSolver_dfs.py_cleaned.png,4,5,0.12690894305706024,0.1379615217447281,0.1594093143939972,0.13880151510238647,0.19866235554218292,0.23825636506080627
validation,227_v4_5_content_abcsds_Prim_exampleL.py_cleaned.png,4,0,0.1840653121471405,0.16209354996681213,0.15355974435806274,0.16523873805999756,0.17768144607543945,0.1573612242937088
validation,227_v4_61_content_EricHasegawa_binary-search_binary_search.py_cleaned.png,4,1,0.15134288370609283,0.2872394025325775,0.1911693960428238,0.07496117055416107,0.15228009223937988,0.1430070996284485
validation,227_v4_70_content_DimaAntoniuk_Lab4_bfs_bfs.py_cleaned.png,4,2,0.14991196990013123,0.1875770390033722,0.19125929474830627,0.17739765346050262,0.1528782844543457,0.1409757286310196
validation,228_v4_55_content_taksug229_Python-hierarchical-clustering_Working_Data_Hierarchical_Clustering.py_cleaned.png,4,2,0.12885650992393494,0.1959340125322342,0.23471923172473907,0.18142499029636383,0.11363378912210464,0.14543139934539795
validation,228_v4_5_content_fernandolobato_ecc_verifiable_threshold_cryptosystem_key_gen.py_cleaned.png,4,2,0.1621236503124237,0.1779351681470871,0.22905080020427704,0.10794257372617722,0.14886106550693512,0.17408685386180878
validation,228_v4_61_content_piyush-taneja_Salary-Predictor_Random_Forest_Regression.py_cleaned.png,4,4,0.17767997086048126,0.17358969151973724,0.17184783518314362,0.15926474332809448,0.1781940460205078,0.1394236981868744
validation,228_v4_66_content_MihaiGaidau_RSA_main.py_cleaned.png,4,5,0.1283053457736969,0.16891087591648102,0.20340321958065033,0.14551663398742676,0.14810311794281006,0.20576083660125732
validation,228_v4_84_content_rev1z_async_factorial_webapp_logic.py_cleaned.png,4,4,0.16989044845104218,0.17025379836559296,0.14836910367012024,0.16357474029064178,0.18218842148780823,0.16572348773479462
validation,229_v4_42_content_aira26_HomeWork3_quicksortclass.py_cleaned.png,4,1,0.15993019938468933,0.18668721616268158,0.17508786916732788,0.15823474526405334,0.16440309584140778,0.1556568741798401
validation,229_v4_5_content_Fmccline_Prims-Algorithm_graph_builder.py_cleaned.png,4,5,0.1973923295736313,0.12056311219930649,0.1801040917634964,0.12887093424797058,0.14489664137363434,0.22817277908325195
validation,229_v4_5_content_llp0702_one-time-pad-implementation-python_main.py_cleaned.png,4,5,0.15882645547389984,0.1589130312204361,0.15448135137557983,0.17167320847511292,0.17146386206150055,0.18464210629463196
validation,229_v4_66_content_KarlaFlorentino_Dijkstra_dijkstra.py_cleaned.png,4,1,0.15512529015541077,0.2572554647922516,0.22320762276649475,0.0927962139248848,0.10673543810844421,0.16488003730773926
validation,229_v4_67_content_peterjhyoon_rsa-math_math_functions.py_cleaned.png,4,5,0.2051081508398056,0.12000536918640137,0.13746757805347443,0.11170773953199387,0.20866519212722778,0.21704602241516113
validation,229_v4_6_content_zhenv5_breaking_cycles_in_noisy_hierarchies_true_skill.py_cleaned.png,4,2,0.11558480560779572,0.19539359211921692,0.20172743499279022,0.17359432578086853,0.14133009314537048,0.17236977815628052
validation,229_v4_71_content_DylanHarrisonGithub_AVLTree_AVLTree.py_cleaned.png,4,1,0.20694014430046082,0.21979354321956635,0.1607699692249298,0.1532168984413147,0.12419542670249939,0.13508392870426178
validation,229_v4_78_content_uptodiff_kdd-cup-99-Analysis-machine-learning-python_kdd_binary_classification_ANN.py_cleaned.png,4,3,0.16644740104675293,0.18046027421951294,0.1821182370185852,0.1966513842344284,0.1408988982439041,0.1334237903356552
validation,230_v4_56_content_newsteps8_Efficiency_of_SortingAlgorithms_merge_sort.py_cleaned.png,4,3,0.14708445966243744,0.1794380247592926,0.18209563195705414,0.1851227581501007,0.14217963814735413,0.16407939791679382
validation,230_v4_62_content_arenart90_fsm-python_fsm.py_cleaned.png,4,2,0.14205624163150787,0.17651624977588654,0.1928177922964096,0.16951212286949158,0.14806856215000153,0.17102906107902527
validation,231_v4_41_content_sarahandert_python-practice--sorting_sample5.py_cleaned.png,4,1,0.18973909318447113,0.20410041511058807,0.1881992369890213,0.09858502447605133,0.1505315601825714,0.16884465515613556
validation,231_v4_6_content_muhammadhabibi_CBS01_Main.py_cleaned.png,4,2,0.18724015355110168,0.16793908178806305,0.20084711909294128,0.11307938396930695,0.1897788643836975,0.14111536741256714
validation,231_v4_70_content_Arcnor_binja_search___init__.py_cleaned.png,4,2,0.16256271302700043,0.17111849784851074,0.22407159209251404,0.11596213281154633,0.13319382071495056,0.19309118390083313
validation,231_v4_78_content_FernandoDurier_apa-dijkstra___main__.py_cleaned.png,4,2,0.10498957335948944,0.1982932984828949,0.2581450641155243,0.1972956359386444,0.10546128451824188,0.1358150839805603
validation,232_v4_54_content_sumanth-bmsce_Unsupervised_Extreme_Learning_Machine_Spectral_Clustering.py_cleaned.png,4,2,0.12525200843811035,0.15672393143177032,0.2360847294330597,0.18963845074176788,0.13316616415977478,0.15913468599319458
validation,232_v4_58_content_zhaoyichanghong_machine_learing_algo_python_knn.py_cleaned.png,4,5,0.1729595810174942,0.12588025629520416,0.14028000831604004,0.1873013973236084,0.1664877086877823,0.2070910483598709
validation,232_v4_5_content_chriskbwong_quickSort_quickSort.py_cleaned.png,4,5,0.14038948714733124,0.17065535485744476,0.17906230688095093,0.1632351279258728,0.163837730884552,0.1828199326992035
validation,232_v4_97_content_mjurk456_mini-snakes_fizz_buzz.py_cleaned.png,4,1,0.18335255980491638,0.20557616651058197,0.15599071979522705,0.18745948374271393,0.14303888380527496,0.1245821937918663
validation,233_v4_27_content_yilangpeng_computational-aesthetics_edge.py_cleaned.png,4,3,0.16124887764453888,0.17254166305065155,0.18427294492721558,0.19158165156841278,0.15538640320301056,0.13496850430965424
validation,233_v4_3_content_iykadev_pyalgo_lagged_fibonacci_gen.py_cleaned.png,4,2,0.16239362955093384,0.1744646579027176,0.18683657050132751,0.14713940024375916,0.18066827952861786,0.14849737286567688
validation,233_v4_45_content_Dimildizio_pyqt_traincars_sort_cars_coal.py_cleaned.png,4,3,0.07512880116701126,0.20998096466064453,0.1992836743593216,0.2605970501899719,0.1374763697385788,0.11753316968679428
validation,233_v4_52_content_jamesbutler01_Normalise-Luminance-Across-Images_main.py_cleaned.png,4,2,0.15601234138011932,0.1776185929775238,0.19202029705047607,0.17088840901851654,0.13849051296710968,0.16496992111206055
validation,233_v4_5_content_supfisher_PredicrionInQueueNets_regression.py_cleaned.png,4,1,0.14125049114227295,0.23338696360588074,0.17682002484798431,0.17074789106845856,0.14896446466445923,0.12883014976978302
validation,233_v4_63_content_avitabayan_Machine-learning_svr.py_cleaned.png,4,2,0.14152735471725464,0.16023804247379303,0.22042633593082428,0.17806972563266754,0.1398230493068695,0.15991544723510742
validation,233_v4_6_content_austinteshuba_QuickSort_Sort.py_cleaned.png,4,5,0.17456476390361786,0.16725872457027435,0.1897481083869934,0.11383011192083359,0.15655817091464996,0.1980401575565338
validation,233_v4_8_content_fepz_AyCC_disjoint_set.py_cleaned.png,4,2,0.1722167730331421,0.1573140025138855,0.2017415463924408,0.10957984626293182,0.17764347791671753,0.18150436878204346
validation,234_v4_28_content_benjimr_AES-Key-Expansion_AESKeyExpansion.py_cleaned.png,4,2,0.15316662192344666,0.16960591077804565,0.19255048036575317,0.16842307150363922,0.1724710464477539,0.14378288388252258
validation,234_v4_4_content_sumedhvdatar_Longest_Common_Subsequence_lcs.py_cleaned.png,4,1,0.1415746808052063,0.22199834883213043,0.1866832673549652,0.16602909564971924,0.14527128636837006,0.13844335079193115
validation,234_v4_6_content_gionanide_Cryptography_superincreasing_knapsack.py_cleaned.png,4,1,0.188943013548851,0.2244972139596939,0.13373546302318573,0.12358032912015915,0.17641089856624603,0.1528329700231552
validation,234_v4_6_content_steviedale_random_maze_generator_main.py_cleaned.png,4,2,0.16758912801742554,0.14751765131950378,0.18367891013622284,0.1699041724205017,0.17407269775867462,0.15723751485347748
validation,234_v4_7_content_ardyerwanda_SDN-Bellman-Ford-Pyretic_wG_bellfordCost.py_cleaned.png,4,0,0.2573464810848236,0.1949108988046646,0.16310980916023254,0.09774833917617798,0.1551816165447235,0.13170282542705536
validation,234_v4_84_content_LatrecheYasser_Secure-Python-Chat_RC4.py_cleaned.png,4,2,0.135574609041214,0.18322406709194183,0.22374828159809113,0.19722308218479156,0.12106791883707047,0.13916198909282684
validation,234_v4_8_content_jasminegrewal_Naive-Bayes-KNN-Logistic-Regression_3b_knn.py_cleaned.png,4,5,0.16869112849235535,0.23402239382266998,0.1403300166130066,0.1065278872847557,0.10158738493919373,0.24884116649627686
validation,234_v4_97_content_mjurk456_mini-snakes_pseudorandom_sentence_generator.py_cleaned.png,4,2,0.16998450458049774,0.1718284636735916,0.1914721131324768,0.15481294691562653,0.1694309562444687,0.1424711048603058
validation,235_v4_23_content_clydedacruz_worddoc-indexer-py_query_index.py_cleaned.png,4,0,0.3842219412326813,0.2064293920993805,0.2232927531003952,0.055199433118104935,0.031260114163160324,0.099596306681633
validation,235_v4_5_content_amirheidarikhoram_longest-common-subsequence_lcs.py_cleaned.png,4,1,0.14516501128673553,0.19814525544643402,0.17942510545253754,0.17330145835876465,0.14571619033813477,0.15824700891971588
validation,235_v4_6_content_gionanide_Cryptography_VernamCipher.py_cleaned.png,4,2,0.13134290277957916,0.16099700331687927,0.23101119697093964,0.19071023166179657,0.11284223198890686,0.17309635877609253
validation,235_v4_88_content_andreaestrada_mazecrawler_singlePowerup.py_cleaned.png,4,5,0.18822424113750458,0.08673647791147232,0.14986568689346313,0.08727692067623138,0.21935419738292694,0.2685425579547882
validation,235_v4_8_content_omjego_AR-Mining-Hash-Tree_naive_apriori.py_cleaned.png,4,2,0.16992148756980896,0.1684080958366394,0.19671368598937988,0.1537063717842102,0.16598498821258545,0.14526529610157013
validation,235_v4_90_content_cody-elhard_NaiveBayes_naive-bayes-numerical.py_cleaned.png,4,1,0.1606140285730362,0.22189514338970184,0.1585981398820877,0.16357271373271942,0.16921119391918182,0.1261088103055954
validation,236_v4_62_content_wang2226_Clustering_k-means_plot.py_cleaned.png,4,3,0.16216017305850983,0.1666545271873474,0.15429943799972534,0.2133079618215561,0.1429804116487503,0.16059745848178864
validation,236_v4_6_content_metintorunoglu_Polynomial-Linear-Regression_4_Polynomial_Regression.py_cleaned.png,4,1,0.1512458175420761,0.20306755602359772,0.199289470911026,0.1354239284992218,0.14474640786647797,0.1662268042564392
validation,236_v4_85_content_Dimildizio_pyqt_traincars_sort_cars_coal.py_cleaned.png,4,0,0.19054388999938965,0.17260494828224182,0.1470016986131668,0.18657135963439941,0.1756639927625656,0.1276140660047531
validation,237_v4_29_content_diego95root_CryptoAttacks_MD4.py_cleaned.png,4,2,0.1319269984960556,0.18646405637264252,0.19549249112606049,0.18834203481674194,0.13198697566986084,0.16578742861747742
validation,237_v4_7_content_lhuangufl_QuickSort_QuickSort.py_cleaned.png,4,2,0.1594618558883667,0.1597558706998825,0.19624531269073486,0.1386505514383316,0.16284076869487762,0.1830456405878067
validation,237_v4_84_content_rayjc_ml-pca-foreground-removal_miscHelper.py_cleaned.png,4,1,0.18549107015132904,0.19603759050369263,0.15315113961696625,0.18985527753829956,0.14626221358776093,0.1292026787996292
validation,237_v4_87_content_SinaBahrami89_RSA-cryptosystem-with-different-prime-generators_RSA_Keys.py_cleaned.png,4,2,0.15403355658054352,0.16356021165847778,0.1939287781715393,0.16078729927539825,0.1635216474533081,0.16416849195957184
validation,237_v4_98_content_pooja1909_Bigdata-project_input.py_cleaned.png,4,5,0.151836097240448,0.13571108877658844,0.15566036105155945,0.13097789883613586,0.20683684945106506,0.2189776450395584
validation,238_v4_33_content_chafiknaceri_Credit-Card-Debt_LinearPayement.py_cleaned.png,4,2,0.1412356197834015,0.12802326679229736,0.22505059838294983,0.15554238855838776,0.17596769332885742,0.17418046295642853
validation,238_v4_3_content_iykadev_pyalgo_shunting_yard_algo.py_cleaned.png,4,4,0.15770861506462097,0.19771918654441833,0.1320771872997284,0.1062021255493164,0.22770562767982483,0.17858727276325226
validation,238_v4_66_content_ChavezE_Parallel_PFVA_image_tester.py_cleaned.png,4,1,0.13376682996749878,0.193032905459404,0.16163602471351624,0.1844031810760498,0.16451621055603027,0.1626448631286621
validation,238_v4_6_content_singh-sidharth_Longest-Common-Subsequence_LCS.py_cleaned.png,4,5,0.1811787188053131,0.1265392303466797,0.1700073629617691,0.15398366749286652,0.1790912002325058,0.1891998052597046
validation,238_v4_76_content_cakmakaf_Polynomial_Regression_for_Random_Dataset_Polynomial_Regression.py_cleaned.png,4,2,0.16432704031467438,0.18736541271209717,0.1929747611284256,0.14651735126972198,0.15564757585525513,0.15316782891750336
validation,238_v4_7_content_Aly-Tomato_Prims-and-Kruskals_glb.py_cleaned.png,4,2,0.13627275824546814,0.19631437957286835,0.19888654351234436,0.16288010776042938,0.1564778983592987,0.1491682380437851
validation,238_v4_80_content_arun-p12_sort-algorithms_quick_sort.py_cleaned.png,4,0,0.20303553342819214,0.15222351253032684,0.1713368147611618,0.13550423085689545,0.15697599947452545,0.18092381954193115
validation,238_v4_84_content_WizHacks_ChordDFS_topo.py_cleaned.png,4,2,0.16577613353729248,0.17365460097789764,0.17438244819641113,0.15737774968147278,0.16770583391189575,0.1611032485961914
validation,238_v4_94_content_UniqueRoHo_NaiveBayes_Continuous.py_cleaned.png,4,3,0.14260661602020264,0.1775829792022705,0.1574345976114273,0.19020994007587433,0.16725680232048035,0.16490909457206726
validation,238_v4_9_content_ludmal_knn_knn.py_cleaned.png,4,5,0.13492456078529358,0.16082562506198883,0.1985895186662674,0.15410126745700836,0.15136906504631042,0.20018988847732544
validation,239_v4_29_content_shreyabanerjee7_AES-implementation_AES.py_cleaned.png,4,0,0.23521187901496887,0.2318626046180725,0.143873393535614,0.05602278932929039,0.19065333902835846,0.14237596094608307
validation,239_v4_66_content_SanyaKathuria10_StackOverflow-Keyword-Extraction-System_spark.py_cleaned.png,4,2,0.15516901016235352,0.16717427968978882,0.17441003024578094,0.17188642919063568,0.1657625436782837,0.16559770703315735
validation,240_v4_25_content_aajanki_finnish-pos-accuracy_sample_ftb1.py_cleaned.png,4,1,0.15627257525920868,0.19807769358158112,0.16621346771717072,0.1442078948020935,0.18071067333221436,0.1545177549123764
validation,241_v4_30_content_KOUGD7_Implementation-of-Cryptographic_simplified_AES.py_cleaned.png,4,0,0.2805228531360626,0.15054439008235931,0.12222301959991455,0.09427186846733093,0.24317091703414917,0.10926700383424759
validation,241_v4_3_content_iykadev_pyalgo_VertexGraph.py_cleaned.png,4,2,0.11646624654531479,0.25024139881134033,0.2516686022281647,0.13066501915454865,0.09348134696483612,0.15747733414173126
validation,241_v4_7_content_fepz_AyCC_disjoint_set.py_cleaned.png,4,4,0.18009816110134125,0.14938265085220337,0.11944079399108887,0.14592434465885162,0.22384020686149597,0.18131385743618011
validation,241_v4_92_content_paulfauthmayer_versopy_verso.py_cleaned.png,4,2,0.17591071128845215,0.16272741556167603,0.18630822002887726,0.16810987889766693,0.15777432918548584,0.14916950464248657
validation,242_v4_3_content_iykadev_pyalgo_xiaolin_wus_line_algo.py_cleaned.png,4,2,0.13523733615875244,0.18662197887897491,0.19495101273059845,0.1821005940437317,0.13747049868106842,0.16361857950687408
validation,242_v4_7_content_MadalinaMircea_GraphAlgorithms_Repository.py_cleaned.png,4,5,0.1605057567358017,0.14621159434318542,0.18792302906513214,0.1370028704404831,0.13977308571338654,0.22858363389968872
validation,243_v4_4_content_BenCashman_Linear-Search_linear_search.py_cleaned.png,4,2,0.12376934289932251,0.1940004974603653,0.22196656465530396,0.15877990424633026,0.12481687217950821,0.17666691541671753
validation,243_v4_8_content_GHasanKaraman_CS_PolynomialRegression_pr3.py_cleaned.png,4,2,0.152346670627594,0.16213199496269226,0.18022520840168,0.16839054226875305,0.17801043391227722,0.15889514982700348
validation,243_v4_8_content_tochukwuokafor_Mersenne-numbers-Lucas-Lehmer-test-and-Sieve-of-Eratosthenes_mersenne_numbers_lucas_lehmer_sieve_of_eratosthenes.py_cleaned.png,4,1,0.1583702713251114,0.20116180181503296,0.1419192999601364,0.19156025350093842,0.15949903428554535,0.14748932421207428
validation,243_v4_93_content_djzgroup_Visual-basedCharacterEmbedding_123.py_cleaned.png,4,2,0.16201798617839813,0.15140052139759064,0.19759689271450043,0.1830548495054245,0.1530875563621521,0.1528422236442566
validation,244_v4_5_content_adamweissert_PythonLinearSearch_LinearSearch.py_cleaned.png,4,4,0.15454035997390747,0.1727922558784485,0.16267052292823792,0.17031358182430267,0.18153022229671478,0.15815304219722748
validation,244_v4_8_content_16chuang_CS161_Project_judge.py_cleaned.png,4,1,0.15308432281017303,0.17906619608402252,0.17775262892246246,0.13802950084209442,0.17559334635734558,0.17647399008274078
validation,244_v4_93_content_wei4keepingstudy_Artificial_Intelligence_hw2_dfs_forwardchecking.py_cleaned.png,4,2,0.18745608627796173,0.15496224164962769,0.21253880858421326,0.11853071302175522,0.1611492782831192,0.16536277532577515
validation,245_v4_7_content_satyammittal_IRE-Stopping-Words_hindi.py_cleaned.png,4,2,0.12932901084423065,0.17399008572101593,0.23276647925376892,0.1549266129732132,0.12218387424945831,0.1868039220571518
validation,245_v4_8_content_16chuang_CS161_Project_LCS.py_cleaned.png,4,2,0.16262510418891907,0.15489540994167328,0.17676131427288055,0.16295616328716278,0.16682587563991547,0.17593617737293243
validation,245_v4_95_content_anurag423_Python-Project_primegen.py_cleaned.png,4,1,0.14862680435180664,0.20071816444396973,0.1838855743408203,0.15575174987316132,0.1501161903142929,0.1609014868736267
validation,246_v4_9_content_gquintela_prim_main.py_cleaned.png,4,2,0.11667902022600174,0.18451179563999176,0.22009116411209106,0.20082342624664307,0.12718205153942108,0.15071256458759308
validation,43_v4_1_content_DanShai_kernalized-tsne_kernels.py_cleaned.png,4,1,0.19267688691616058,0.22089672088623047,0.15409187972545624,0.1628010869026184,0.12383674830198288,0.14569666981697083
validation,448_v4_53_content_VipinindKumar_Web-scraping-price_newegg.py_cleaned.png,4,3,0.1397068351507187,0.19566987454891205,0.1732589453458786,0.2041063904762268,0.16907931864261627,0.11817865818738937
validation,76_v4_1_content_Pranshu258_Crowd_Behavior_Analysis_outlierDetector.py_cleaned.png,4,0,0.2894197404384613,0.19479042291641235,0.07174847275018692,0.07029573619365692,0.24051183462142944,0.13323372602462769
validation,80_v4_9_content_Soumyabrata_predicting-pwv_grid_search.py_cleaned.png,4,2,0.15869644284248352,0.16482838988304138,0.17218904197216034,0.17122995853424072,0.1610228717327118,0.17203325033187866
validation,81_v4_2_content_Liu-WeiYi_Private_Preserving_Outlier_Behavior_Detection_statistic.py_cleaned.png,4,1,0.17962153255939484,0.20226985216140747,0.16002525389194489,0.151389017701149,0.1334497034549713,0.17324458062648773
validation,84_v4_2_content_moluronghuakai_outlier-analysis_feature.py_cleaned.png,4,0,0.25035157799720764,0.19124040007591248,0.180702343583107,0.11339382082223892,0.10570910573005676,0.15860268473625183
validation,87_v4_4_content_mrimahajan_advanced_analysis_package_variable_reduction.py_cleaned.png,4,5,0.20120932161808014,0.14292852580547333,0.15641508996486664,0.10044000297784805,0.18609707057476044,0.21290995180606842
validation,91_v4_5_content_harshdarji22_crypto_outlier.py_cleaned.png,4,1,0.14807115495204926,0.21844248473644257,0.19178664684295654,0.16140155494213104,0.14397740364074707,0.13632071018218994
validation,102_v5_2_content_moluronghuakai_outlier-analysis_feature.py_cleaned.png,5,2,0.14638960361480713,0.1790369153022766,0.18767327070236206,0.1663569211959839,0.15745007991790771,0.1630932092666626
validation,105_v5_4_content_mrimahajan_advanced_analysis_package_variable_reduction.py_cleaned.png,5,1,0.17989419400691986,0.2350194901227951,0.16937154531478882,0.16690587997436523,0.1434372365474701,0.10537166148424149
validation,110_v5_5_content_harshdarji22_crypto_outlier.py_cleaned.png,5,3,0.15984468162059784,0.1652541160583496,0.1822119504213333,0.1861274242401123,0.14124451577663422,0.1653173416852951
validation,182_v5_12_content_AtahanCelebi_Shortest-Route-with-Floyd-Warshall-Algorithm_map_distance.py_cleaned.png,5,4,0.17035281658172607,0.1705002635717392,0.17785224318504333,0.13667237758636475,0.1799723207950592,0.16464996337890625
validation,189_v5_16_content_QueraltSM_HospitalShortestPath_main.py_cleaned.png,5,1,0.146319180727005,0.1997535675764084,0.19911344349384308,0.17870353162288666,0.1309192180633545,0.14519111812114716
validation,191_v5_1_content_nilsonneto_floydWarshall_main.py_cleaned.png,5,2,0.11994731426239014,0.18694421648979187,0.19720803201198578,0.17365272343158722,0.17768339812755585,0.14456437528133392
validation,204_v5_6_content_chawl002_PythonProject141_2_assignment2.py_cleaned.png,5,1,0.13073989748954773,0.23474444448947906,0.23256078362464905,0.1468452662229538,0.11125903576612473,0.14385053515434265
validation,205_v5_7_content_ghifarozarrr_floyd-warshall-algorithm_floyd.py_cleaned.png,5,2,0.15949854254722595,0.19226840138435364,0.22122803330421448,0.15596522390842438,0.15259617567062378,0.11844363808631897
validation,209_v5_8_content_chiragragarwal_Graphs_And_Networks_PlotGraph.py_cleaned.png,5,2,0.1382899433374405,0.18994882702827454,0.19945797324180603,0.18589583039283752,0.12906336784362793,0.1573440581560135
validation,236_v5_10_content_stensonowen_factorial_bot_atoi.py_cleaned.png,5,1,0.13730134069919586,0.18754395842552185,0.17746886610984802,0.14835266768932343,0.18303024768829346,0.1663028746843338
validation,238_v5_11_content_davedennis_DFS-and-BFS-Search_dfbf.py_cleaned.png,5,2,0.15709610283374786,0.1520201414823532,0.2773599624633789,0.16770592331886292,0.11140429973602295,0.13441361486911774
validation,238_v5_12_content_dxania_Fizzbuzz_fizzbuzz_tests.py_cleaned.png,5,2,0.11440709233283997,0.1650347113609314,0.2652808725833893,0.22371704876422882,0.08764342218637466,0.14391687512397766
validation,241_v5_11_content_DaiDongyang_knn_experiments.py_cleaned.png,5,2,0.17730319499969482,0.16740725934505463,0.20563514530658722,0.17785567045211792,0.1323501020669937,0.13944865763187408
validation,241_v5_15_content_udwivedi394_LinkedList_convertBT2LL.py_cleaned.png,5,1,0.1401270478963852,0.19221439957618713,0.16343721747398376,0.14682109653949738,0.17236605286598206,0.1850341260433197
validation,242_v5_10_content_Chinmay-395_AES-algorithm-using-GUI_CNSmini1.py_cleaned.png,5,2,0.13414892554283142,0.1879233419895172,0.22548601031303406,0.19745489954948425,0.11828382313251495,0.13670292496681213
validation,242_v5_13_content_Odarlie_fizz_buzz_programming_logic_andelab_fizz_buzz_bootcamp_function.py_cleaned.png,5,5,0.1359216421842575,0.11774778366088867,0.1433756947517395,0.14799989759922028,0.20427832007408142,0.2506767213344574
validation,242_v5_18_content_10elements_BinaryTree_binaryTree.py_cleaned.png,5,2,0.15082615613937378,0.1803763061761856,0.1808045506477356,0.15170380473136902,0.16737666726112366,0.16891255974769592
validation,242_v5_19_content_bowiechen_FactorialDigitsSum_Counter.py_cleaned.png,5,3,0.1790020614862442,0.15370790660381317,0.16093938052654266,0.17916153371334076,0.15497587621212006,0.17221325635910034
validation,243_v5_10_content_Suji04_ML-Clustering_hccluster.py_cleaned.png,5,2,0.1559886336326599,0.1820390522480011,0.2110895961523056,0.13751161098480225,0.1452919840812683,0.16807912290096283
validation,243_v5_11_content_langokalla_A-star-Pathfinder_map.py_cleaned.png,5,5,0.14490674436092377,0.15912993252277374,0.19787859916687012,0.125605046749115,0.08627660572528839,0.2862030267715454
validation,243_v5_22_content_cneally_BubbleSortingAlgorithm_bubble_sort.py_cleaned.png,5,4,0.16501270234584808,0.1630246341228485,0.16368094086647034,0.12196788936853409,0.22691918909549713,0.15939460694789886
validation,244_v5_13_content_theSnehaThing_HierarchicalClustering_Hierchial_Classification.py_cleaned.png,5,3,0.14099276065826416,0.13286785781383514,0.16475896537303925,0.19663803279399872,0.17639924585819244,0.1883430778980255
validation,245_v5_11_content_XlogicX_Fibonacci_fib.py_cleaned.png,5,2,0.16901829838752747,0.15892300009727478,0.1745700091123581,0.17233043909072876,0.16201309859752655,0.16314512491226196
validation,245_v5_11_content_rjtmahinay_fuzzy-association-rule-mining_Apriori.py_cleaned.png,5,5,0.1666489839553833,0.14606697857379913,0.14353875815868378,0.17645402252674103,0.1636267453432083,0.20366455614566803
validation,245_v5_13_content_FN-HD_Elliptic_Curve_Cryptography_Main.py_cleaned.png,5,1,0.14274388551712036,0.22912676632404327,0.21224556863307953,0.12469476461410522,0.12474440783262253,0.16644465923309326
validation,245_v5_1_content_dedeco_dijkstra-bellman-ford_teste_lobo_djt.py_cleaned.png,5,2,0.11887845396995544,0.18558759987354279,0.21961629390716553,0.1746768206357956,0.1405528485774994,0.16068804264068604
validation,245_v5_1_content_dhvanilp_Persistent-Binary-Search-Trees_index.py_cleaned.png,5,2,0.11116098612546921,0.17359599471092224,0.24144981801509857,0.19905675947666168,0.10963694751262665,0.16509953141212463
validation,246_v5_10_content_mohamedScikitLearn_Information-retrieval--Text-mining-_Version_2.py_cleaned.png,5,5,0.1314697563648224,0.17835302650928497,0.19900575280189514,0.1604798287153244,0.13080228865146637,0.1998894363641739
validation,246_v5_11_content_SharifAmit_HuffmanCoding_encoder.py_cleaned.png,5,2,0.1629241555929184,0.13767921924591064,0.19073984026908875,0.1494651585817337,0.17492486536502838,0.18426677584648132
validation,246_v5_18_content_ronak-07_Agglomerative-Hierarchical-Clustering_Agglomerative.py_cleaned.png,5,0,0.20316728949546814,0.16916315257549286,0.17429140210151672,0.18480166792869568,0.14605993032455444,0.12251660227775574
validation,247_v5_11_content_SabikAbtahee_Apriori-Implementation_AprioriMain.py_cleaned.png,5,5,0.15328697860240936,0.19222640991210938,0.17443525791168213,0.11489856988191605,0.17003613710403442,0.19511668384075165
validation,247_v5_11_content_liubing220524_DFSL-for-hyperspectral-image-classification_KNN.py_cleaned.png,5,1,0.1372891068458557,0.19859646260738373,0.17252705991268158,0.16878990828990936,0.1570795178413391,0.1657179892063141
validation,247_v5_11_content_pprzygodzk_binary_search-prime_numbers_primes_p1.py_cleaned.png,5,2,0.13466483354568481,0.17549803853034973,0.2093021124601364,0.1794295758008957,0.16764408349990845,0.13346131145954132
validation,247_v5_12_content_eyalr0_AES-Cryptoanalysis_RetracingBoomerang.py_cleaned.png,5,1,0.11675449460744858,0.25664305686950684,0.16652162373065948,0.14258785545825958,0.13985015451908112,0.1776428371667862
validation,247_v5_13_content_danielSbastos_binary-fibonacci_prototype.py_cleaned.png,5,1,0.1467244178056717,0.23523437976837158,0.20843958854675293,0.12695568799972534,0.14364558458328247,0.1390002965927124
validation,247_v5_13_content_limqiying_crypto_final_project_EG-test.py_cleaned.png,5,5,0.14162005484104156,0.15933866798877716,0.1702704131603241,0.15181049704551697,0.17203927040100098,0.20492114126682281
validation,247_v5_19_content_riccardobisori_Binary-Trees_TestHeights.py_cleaned.png,5,1,0.13615140318870544,0.18990181386470795,0.17598170042037964,0.15550954639911652,0.17852865159511566,0.1639268547296524
validation,247_v5_26_content_naviechan_sortingAlgorithmDemo_selectionSort.py_cleaned.png,5,0,0.26478007435798645,0.1091466173529625,0.17348282039165497,0.09263395518064499,0.17341548204421997,0.18654102087020874
validation,248_v5_10_content_nishi1612_Email-Spam-Classification-using-SVM_extracting_unique_words_from_all_emails.py_cleaned.png,5,2,0.13027836382389069,0.20607256889343262,0.22613492608070374,0.1718774288892746,0.09651827067136765,0.1691184639930725
validation,248_v5_13_content_chandimajayawickrama_Simple-Sorting-Algorithms_insertion_sort.py_cleaned.png,5,5,0.15325267612934113,0.1688716560602188,0.17769752442836761,0.17008687555789948,0.14529354870319366,0.18479767441749573
validation,248_v5_13_content_danielSbastos_binary-fibonacci_transpose.py_cleaned.png,5,1,0.16886578500270844,0.25617462396621704,0.1508440524339676,0.13630333542823792,0.1495223045349121,0.13828982412815094
validation,248_v5_18_content_Saychakr13_CLUSTERING_MODELS_hc.py_cleaned.png,5,1,0.15402351319789886,0.20559492707252502,0.19912292063236237,0.10657193511724472,0.15451660752296448,0.18017007410526276
validation,248_v5_20_content_IbrahimAyed_Multifractal-analysis-of-natural-images_zoom.py_cleaned.png,5,1,0.16291427612304688,0.23947100341320038,0.1105012372136116,0.18985532224178314,0.17254184186458588,0.12471635639667511
validation,249_v5_10_content_nishi1612_Email-Spam-Classification-using-SVM_processing_emails_to_find_occurance_of_words.py_cleaned.png,5,2,0.1495368480682373,0.15974463522434235,0.18224622309207916,0.17959153652191162,0.1761321872472763,0.15274864435195923
validation,249_v5_13_content_tiendung1510_LearningPython_ucs.py_cleaned.png,5,2,0.13225549459457397,0.17541269958019257,0.19586193561553955,0.19118085503578186,0.13496150076389313,0.17032751441001892
validation,249_v5_17_content_krshubham_ecc-elgamal_elgamal.py_cleaned.png,5,4,0.20029407739639282,0.15577951073646545,0.12699274718761444,0.08699090033769608,0.22182029485702515,0.20812246203422546
validation,249_v5_1_content_jwan659_forex-arbitrage_BellmanFord.py_cleaned.png,5,2,0.18586543202400208,0.1693466156721115,0.265315979719162,0.09763539582490921,0.11024393141269684,0.17159263789653778
validation,249_v5_1_content_shivam1196_LRU-Caching_Caching.py_cleaned.png,5,1,0.14445006847381592,0.19327037036418915,0.1884869486093521,0.16564622521400452,0.1393638700246811,0.1687825620174408
validation,250_v5_13_content_prachij94_Category-name-analysis-without-stopwords_stopwordsmcat.py_cleaned.png,5,0,0.209363654255867,0.1951049268245697,0.15718623995780945,0.1652076542377472,0.1435382068157196,0.12959931790828705
validation,250_v5_14_content_codearemo_selction-sort_selection_sort.py_cleaned.png,5,0,0.19637002050876617,0.14514105021953583,0.19286473095417023,0.14967785775661469,0.1567917764186859,0.15915456414222717
validation,250_v5_15_content_agarwalr98_PrincipalComponentAnalysis_PCAReconstruct_with_NoisyImages.py_cleaned.png,5,1,0.14766637980937958,0.21503309905529022,0.18723230063915253,0.1761886179447174,0.13882127404212952,0.13505829870700836
validation,250_v5_17_content_kwikadi_BFS-v-DFS_bfs.py_cleaned.png,5,5,0.14919671416282654,0.18022525310516357,0.17429029941558838,0.1080155074596405,0.1621181070804596,0.2261541187763214
validation,250_v5_20_content_shamo0_Binary_Search_Tree_treap.py_cleaned.png,5,0,0.21253730356693268,0.1516214907169342,0.1292063295841217,0.17506365478038788,0.16645342111587524,0.16511774063110352
validation,251_v5_13_content_gissimo_nsc_do_nsc.py_cleaned.png,5,3,0.15259484946727753,0.16628772020339966,0.18612037599086761,0.20342205464839935,0.15190638601779938,0.13966861367225647
validation,251_v5_15_content_ronma1_Dijkstra_graph_algo.py_cleaned.png,5,5,0.15165376663208008,0.15367057919502258,0.17132222652435303,0.1666538119316101,0.15936537086963654,0.19733424484729767
validation,251_v5_16_content_hoefler02_diffie-hellman_dh_client.py_cleaned.png,5,2,0.1472061723470688,0.17371711134910583,0.18893006443977356,0.17103390395641327,0.14793424308300018,0.17117851972579956
validation,251_v5_17_content_jb0xx_decrypt-onetimepad_onetimepad.py_cleaned.png,5,2,0.13353946805000305,0.14971774816513062,0.19997413456439972,0.16585521399974823,0.17274487018585205,0.17816860973834991
validation,251_v5_1_content_abdullahwaqar_docsearx_pdf_reader.py_cleaned.png,5,0,0.21987192332744598,0.17502309381961823,0.1691468507051468,0.12494426220655441,0.13626109063625336,0.17475278675556183
validation,251_v5_23_content_tomasmcoronado_prob-alpha_PhyloTree.py_cleaned.png,5,3,0.12980258464813232,0.16272909939289093,0.17943809926509857,0.21546925604343414,0.11619430780410767,0.19636663794517517
validation,251_v5_31_content_benarg_A_star-BFS-Dijkstra-algorithms_AI_assignment3_part2.py_cleaned.png,5,0,0.217082679271698,0.19354668259620667,0.15078333020210266,0.146133154630661,0.16186553239822388,0.13058863580226898
validation,252_v5_11_content_Masao-Taketani_text_classification_with_alexa_webapi.py_cleaned.png,5,2,0.11190452426671982,0.195707306265831,0.2181517332792282,0.185703843832016,0.12556242942810059,0.16297011077404022
validation,252_v5_12_content_aabulhaj_SpectralClustering_synthetic_data.py_cleaned.png,5,1,0.1313670426607132,0.1925027221441269,0.18255950510501862,0.16763414442539215,0.15338923037052155,0.1725473254919052
validation,252_v5_13_content_preetidurai_Spam-Ham-Classification-using-NB-and-LR_naiveBayes.py_cleaned.png,5,1,0.21497966349124908,0.21628378331661224,0.197637140750885,0.0702303797006607,0.14408133924007416,0.15678776800632477
validation,252_v5_1_content_DaruniasJoy_OoT-Custom-Sequences_Check_for_Duplicates.py_cleaned.png,5,2,0.1618354618549347,0.17475321888923645,0.17581413686275482,0.17558538913726807,0.1535836011171341,0.15842820703983307
validation,252_v5_1_content_pranav-dahiya_NaiveBayes_spam_filter.py_cleaned.png,5,2,0.1722242385149002,0.1627465784549713,0.20706501603126526,0.13247385621070862,0.1652287244796753,0.16026155650615692
validation,252_v5_3_content_iykadev_pyalgo_ackermann_func.py_cleaned.png,5,2,0.17036452889442444,0.1687648892402649,0.18951670825481415,0.12964804470539093,0.16411228477954865,0.17759351432323456
validation,253_v5_10_content_chiragragarwal_Graphs_And_Networks___init__.py_cleaned.png,5,0,0.3043648600578308,0.1632273942232132,0.12478907406330109,0.0752563327550888,0.15516361594200134,0.17719870805740356
validation,253_v5_13_content_Skulsta_cluster_unlabelled_dataset_elbow_analysis.py_cleaned.png,5,1,0.14993177354335785,0.17992840707302094,0.1648726612329483,0.17669454216957092,0.17111165821552277,0.1574609875679016
validation,253_v5_21_content_bharadwajsrikanth_principal-component-analysis_ImageProcessing_PCA.py_cleaned.png,5,2,0.1334451287984848,0.1665881723165512,0.21290217339992523,0.17864741384983063,0.15115757286548615,0.15725962817668915
validation,253_v5_25_content_ryansmick_SortedOrderedDict_PersistentDict.py_cleaned.png,5,2,0.12837135791778564,0.16534022986888885,0.20270109176635742,0.18238811194896698,0.15156054496765137,0.16963869333267212
validation,253_v5_30_content_thomasjedstrom_Bubble_Sort_Selection_Sort.py_cleaned.png,5,3,0.14010626077651978,0.17373180389404297,0.16494984924793243,0.22456924617290497,0.16568095982074738,0.13096189498901367
validation,254_v5_14_content_Dawlatly_Recommender-system_apriori.py_cleaned.png,5,1,0.1501469761133194,0.25834041833877563,0.1898798644542694,0.12641628086566925,0.1459062099456787,0.1293102651834488
validation,254_v5_17_content_fxbp_spd-5_criptoanalisi.py_cleaned.png,5,3,0.1709812879562378,0.16047336161136627,0.14790157973766327,0.17981895804405212,0.17356979846954346,0.16725501418113708
validation,254_v5_19_content_frankiekienlam_Fibonacci_Pyramids_pyramid.py_cleaned.png,5,2,0.155091792345047,0.15607953071594238,0.18983273208141327,0.15910905599594116,0.1657107025384903,0.1741761714220047
validation,254_v5_31_content_NagarajSMurthy_Data-Structures_LinkedList.py_cleaned.png,5,5,0.15556544065475464,0.15137465298175812,0.1705302596092224,0.17961370944976807,0.15218040347099304,0.19073548913002014
validation,254_v5_31_content_atorulia_Some-kind-of-sort-algorithm_InsertionSort.py_cleaned.png,5,1,0.1999005228281021,0.20445598661899567,0.161868616938591,0.14697451889514923,0.1503557711839676,0.13644467294216156
validation,254_v5_3_content_iykadev_pyalgo_anagram.py_cleaned.png,5,0,0.22651639580726624,0.12175904959440231,0.1629631519317627,0.14923399686813354,0.20540359616279602,0.1341237872838974
validation,255_v5_18_content_maxsonferovante_Dijkstra_dijsktra.py_cleaned.png,5,2,0.16489318013191223,0.13920094072818756,0.18351858854293823,0.1566036492586136,0.1791335791349411,0.1766500025987625
validation,255_v5_28_content_alexanderogle_Enigma_Machine_em_functions.py_cleaned.png,5,2,0.14026090502738953,0.17967621982097626,0.2287430614233017,0.1531960666179657,0.15402144193649292,0.1441023349761963
validation,255_v5_31_content_Cadellinman_RB-EmailSorter_RedBubbleSorter.py_cleaned.png,5,1,0.16002073884010315,0.17980822920799255,0.16905687749385834,0.16540540754795074,0.17489440739154816,0.1508142650127411
validation,255_v5_3_content_iykadev_pyalgo_anagram2.py_cleaned.png,5,0,0.22137270867824554,0.13626466691493988,0.12584112584590912,0.10522018373012543,0.19811858236789703,0.2131827026605606
validation,256_v5_12_content_ianscottknight_Predicting-Myers-Briggs-Type-Indicator-with-Recurrent-Neural-Networks_rnn.py_cleaned.png,5,0,0.2561250925064087,0.20766089856624603,0.16084221005439758,0.12696610391139984,0.1418205350637436,0.10658512264490128
validation,256_v5_15_content_VakinduPhilliam_Pattern_Matching_Python_Difflib_Pattern_Matching_Differ___.py_cleaned.png,5,0,0.2035304456949234,0.14237841963768005,0.14404787123203278,0.1179148405790329,0.1956176608800888,0.19651079177856445
validation,256_v5_17_content_jmullercuber_HackHarvard2k16_RedditScraper.py_cleaned.png,5,2,0.1414521336555481,0.19308502972126007,0.1998654007911682,0.16485518217086792,0.13988305628299713,0.16085922718048096
validation,256_v5_21_content_danielleos_Fibonacci-Generator_main.py_cleaned.png,5,2,0.1410241723060608,0.1463826596736908,0.2117156684398651,0.15756762027740479,0.160682812333107,0.1826271116733551
validation,256_v5_22_content_sagarwani_Breaking-Diffie-Hellman_dl-brute.py_cleaned.png,5,1,0.14480029046535492,0.1967126876115799,0.17153701186180115,0.1618558168411255,0.15773305296897888,0.1673610806465149
validation,256_v5_33_content_Ryan-Fortner_bubble_sort_bubble_sort.py_cleaned.png,5,2,0.15930026769638062,0.18651646375656128,0.2192879021167755,0.1496976763010025,0.1497790664434433,0.1354185938835144
validation,257_v5_12_content_ianscottknight_Predicting-Myers-Briggs-Type-Indicator-with-Recurrent-Neural-Networks_separate_clean_and_unclean.py_cleaned.png,5,2,0.16023513674736023,0.17344175279140472,0.189604252576828,0.18005886673927307,0.14213243126869202,0.15452751517295837
validation,257_v5_14_content_prachij94_Category-altname-analysis-without-stopwords_altnameStopwords.py_cleaned.png,5,2,0.1797351986169815,0.17614443600177765,0.2146865278482437,0.13895612955093384,0.15067212283611298,0.13980551064014435
validation,257_v5_21_content_KingYapster_ECC-Elliptic-Curve-Cryptography-in-Python_ECC.py_cleaned.png,5,0,0.20252300798892975,0.11323125660419464,0.15596677362918854,0.17476533353328705,0.17134779691696167,0.1821659505367279
validation,257_v5_22_content_sabarahman_k-means-Clustering-On-Banking-Data-Set_clustering.py_cleaned.png,5,2,0.15935271978378296,0.15561865270137787,0.1935531347990036,0.15660788118839264,0.17605547606945038,0.15881222486495972
validation,257_v5_2_content_Aluriak_kruskal-clustering_kruskal_viz.py_cleaned.png,5,1,0.15732011198997498,0.18052777647972107,0.16479796171188354,0.1777721643447876,0.16131621599197388,0.15826579928398132
validation,257_v5_4_content_flaviohenriqu_divisibility_flaskapp.py_cleaned.png,5,1,0.13299192488193512,0.18820925056934357,0.18341325223445892,0.18367931246757507,0.14738161861896515,0.16432470083236694
validation,258_v5_1_content_HarryBaker_LDAtopicSimilarity_similaritySuite.py_cleaned.png,5,1,0.16228744387626648,0.2058074027299881,0.14880505204200745,0.147019162774086,0.16777388751506805,0.16830705106258392
validation,258_v5_24_content_Brew8it_Python_DHAES_AES.py_cleaned.png,5,1,0.14643201231956482,0.22414004802703857,0.2211596667766571,0.1499634087085724,0.12066719681024551,0.1376376450061798
validation,258_v5_28_content_tomsiwek_gprMax-Designer_operation.py_cleaned.png,5,5,0.14297115802764893,0.13894085586071014,0.20014825463294983,0.17377105355262756,0.14035581052303314,0.20381277799606323
validation,259_v5_1_content_ForeverPs_Visualization-of-sort-algorithms_SORT.py_cleaned.png,5,1,0.15757331252098083,0.24996650218963623,0.17311042547225952,0.1563369631767273,0.12014156579971313,0.14287115633487701
validation,259_v5_1_content_nageshsinghc4_stock-market-forecasting_ZBH_stock.py_cleaned.png,5,5,0.1680581122636795,0.17799793183803558,0.135840505361557,0.14721538126468658,0.16520962119102478,0.20567844808101654
validation,259_v5_1_content_vijaymukhiija_Sale-optimizing_apyori.py_cleaned.png,5,1,0.14090551435947418,0.21532559394836426,0.1659313440322876,0.17777593433856964,0.15905211865901947,0.14100944995880127
validation,259_v5_30_content_sina-ehsani_NaiveBayes_SNLI_prepro.py_cleaned.png,5,3,0.13869643211364746,0.18201163411140442,0.18377484381198883,0.20660342276096344,0.14422613382339478,0.1446874439716339
validation,259_v5_32_content_BhaveshMotwani_Hierarchical_Document_Clustering_hac.py_cleaned.png,5,1,0.17410898208618164,0.19230467081069946,0.17927619814872742,0.15646344423294067,0.15402671694755554,0.14382001757621765
validation,259_v5_37_content_TolgaGolet_CPU-Scheduling-Algorithms-Simulation_OperatingSystems_CPUSchedulingReverse.py_cleaned.png,5,5,0.14813098311424255,0.19844532012939453,0.17895960807800293,0.11621136963367462,0.13278867304325104,0.22546401619911194
validation,259_v5_3_content_abdulqadirs_distance-vector-routing-protocol_DVR.py_cleaned.png,5,4,0.15595170855522156,0.1761026531457901,0.1590377539396286,0.1882150024175644,0.1952141672372818,0.12547869980335236
validation,259_v5_43_content_odubno_ford-fulkerson-max-flow_test_max_flow.py_cleaned.png,5,5,0.1518762856721878,0.18026050925254822,0.15918678045272827,0.17494413256645203,0.15038587152957916,0.18334636092185974
validation,259_v5_5_content_AdamJacoby_Hopf_ElementClass.py_cleaned.png,5,3,0.13313835859298706,0.17799314856529236,0.183463454246521,0.20430439710617065,0.1394236534833908,0.16167698800563812
validation,260_v5_15_content_VakinduPhilliam_Pattern_Matching_Python_Difflib_Pattern_Matching_SequenceMatcher.py_cleaned.png,5,2,0.13557882606983185,0.16115161776542664,0.21036475896835327,0.19879300892353058,0.1504592001438141,0.1436525285243988
validation,260_v5_24_content_Brew8it_Python_DHAES_server.py_cleaned.png,5,2,0.135666161775589,0.17406593263149261,0.2168668657541275,0.21042409539222717,0.12930622696876526,0.13367077708244324
validation,260_v5_28_content_IPDT_car_review_k-means_clustering_word_freq.py_cleaned.png,5,2,0.11901760846376419,0.1831006109714508,0.19772383570671082,0.1813426911830902,0.1502642035484314,0.16855105757713318
validation,260_v5_2_content_adwansyed_Market-Basket-Analysis-Apriori_bruteforce_marketbasketanalysis.py_cleaned.png,5,2,0.1518058031797409,0.17336608469486237,0.19350630044937134,0.15065599977970123,0.17060014605522156,0.1600656360387802
validation,260_v5_31_content_dariswan_AudioRetrieval-Classification_ekstraksi.py_cleaned.png,5,2,0.13927942514419556,0.16777369379997253,0.21210455894470215,0.1802811622619629,0.12497889995574951,0.17558221518993378
validation,260_v5_35_content_riccardobisori_Binary-Trees_ResultsInsert.py_cleaned.png,5,2,0.14391972124576569,0.17503875494003296,0.20416264235973358,0.19026124477386475,0.13577879965305328,0.15083883702754974
validation,260_v5_38_content_dareofmeashwani_Pre-Processing-Queue-For-Deep-Learning-Model_DataQueue.py_cleaned.png,5,1,0.17269916832447052,0.21670250594615936,0.18776172399520874,0.1415957659482956,0.16670724749565125,0.11453349143266678
validation,260_v5_5_content_AdamJacoby_Hopf_ExampleGroup_Functions.py_cleaned.png,5,4,0.153666689991951,0.1834830939769745,0.16343370079994202,0.1526528000831604,0.1914295107126236,0.1553342193365097
validation,261_v5_12_content_romanorac_elastic_localized_search_main.py_cleaned.png,5,2,0.13930852711200714,0.15886883437633514,0.20147401094436646,0.18781304359436035,0.12290161103010178,0.18963399529457092
validation,261_v5_25_content_HunterXuan_QAMatch_search.py_cleaned.png,5,1,0.17114612460136414,0.1904291808605194,0.188236802816391,0.1329682618379593,0.16049917042255402,0.1567203849554062
validation,261_v5_33_content_apoorvpatne10_Hierarchical-clustering_hc.py_cleaned.png,5,2,0.1431565135717392,0.14245174825191498,0.2035023421049118,0.16014496982097626,0.17472344636917114,0.1760210543870926
validation,261_v5_37_content_saurabhzingade_Naive-Bayes-Basic_naive.py_cleaned.png,5,1,0.15280738472938538,0.1947266012430191,0.17294715344905853,0.1389739215373993,0.16031786799430847,0.18022702634334564
validation,261_v5_38_content_AnkitChouhanDws_Polynomial-Regression_polynomial_regression.py_cleaned.png,5,2,0.15818454325199127,0.17103809118270874,0.18561775982379913,0.16271774470806122,0.17236743867397308,0.15007440745830536
validation,262_v5_21_content_hagyu-aya_prime-number-bot_index.py_cleaned.png,5,5,0.1979195475578308,0.13834699988365173,0.1363120675086975,0.11853990703821182,0.2002796232700348,0.20860177278518677
validation,262_v5_26_content_AnilBattalahalli_cryptfather_cryptfather.py_cleaned.png,5,2,0.15716910362243652,0.16887284815311432,0.17975586652755737,0.17675615847110748,0.16701608896255493,0.15042990446090698
validation,262_v5_28_content_NurzatRakhman_k_means_k-means.py_cleaned.png,5,2,0.17447608709335327,0.17243428528308868,0.22859518229961395,0.15153487026691437,0.12707701325416565,0.14588263630867004
validation,262_v5_32_content_arian100y_Travelling-Salesman-Problem_createCaminos.py_cleaned.png,5,1,0.1522027552127838,0.21190862357616425,0.16607245802879333,0.16262952983379364,0.13775771856307983,0.16942887008190155
validation,262_v5_39_content_guneskaan_queueBot_queue_bot.py_cleaned.png,5,2,0.15606538951396942,0.14355969429016113,0.20486590266227722,0.18110880255699158,0.1390145719051361,0.17538562417030334
validation,262_v5_42_content_matbot_Py_merge_vs_insert_sorts_insertionsort.py_cleaned.png,5,1,0.12181062996387482,0.23194099962711334,0.20882555842399597,0.15368294715881348,0.10915974527597427,0.17458012700080872
validation,263_v5_15_content_VakinduPhilliam_Pattern_Matching_Python_Filecmp_Recursive_Search.py_cleaned.png,5,2,0.17686587572097778,0.15270164608955383,0.20121784508228302,0.13993433117866516,0.15178468823432922,0.17749564349651337
validation,263_v5_16_content_NB-prog_INTERN-2019_config.py_cleaned.png,5,5,0.21293951570987701,0.1335667371749878,0.12833073735237122,0.1358482986688614,0.14484694600105286,0.24446772038936615
validation,263_v5_28_content_akrolewski_NonlinearMassFaster_tabulate_fiducial_rnl.py_cleaned.png,5,3,0.1541757434606552,0.169594407081604,0.17379668354988098,0.17549030482769012,0.1589432805776596,0.16799964010715485
validation,263_v5_3_content_ml-for-nlp_authorship-attribution_attribution.py_cleaned.png,5,4,0.18055306375026703,0.16115520894527435,0.1627446562051773,0.14789728820323944,0.1997726559638977,0.14787714183330536
validation,263_v5_42_content_KimCant2019_rsa_crypto_rsa-decrypter.py_cleaned.png,5,1,0.16383276879787445,0.2167104184627533,0.17116063833236694,0.13433323800563812,0.12470624595880508,0.1892566680908203
validation,264_v5_14_content_Qutuf_Qutuf_manage.py_cleaned.png,5,5,0.15218256413936615,0.1690451204776764,0.2081724852323532,0.13716790080070496,0.12348870187997818,0.2099432349205017
validation,264_v5_23_content_cjonsmith_prime_calc_prime_days.py_cleaned.png,5,3,0.1355447769165039,0.18045221269130707,0.1868140995502472,0.18794210255146027,0.14959675073623657,0.1596500277519226
validation,264_v5_2_content_neonb88_knn_knn_machine_learning_hw1.py_cleaned.png,5,2,0.15484946966171265,0.18207520246505737,0.2011936753988266,0.1572958081960678,0.13592134416103363,0.16866451501846313
validation,264_v5_32_content_Spanfile_Dijkstra_test.py_cleaned.png,5,2,0.15472565591335297,0.1929687261581421,0.19741791486740112,0.15102186799049377,0.14910224080085754,0.15476366877555847
validation,264_v5_36_content_aholyoke_bfs_vs_dfs_bfs.py_cleaned.png,5,5,0.129770889878273,0.17775550484657288,0.16633419692516327,0.1682240217924118,0.15478676557540894,0.20312869548797607
validation,264_v5_42_content_darshan-jain-29_ml-naive-bayes-working-demo_email_preprocess.py_cleaned.png,5,5,0.13405965268611908,0.16428972780704498,0.187298983335495,0.17649604380130768,0.14960554242134094,0.18824999034404755
validation,264_v5_51_content_adityapatelgithub_Expressions-and-Functions_peekable.py_cleaned.png,5,5,0.17307154834270477,0.14635004103183746,0.16458919644355774,0.1699657291173935,0.16506563127040863,0.18095791339874268
validation,264_v5_52_content_jitunayak_Tensorflow-object-recognition-GUI-DesktopApp_face_crop.py_cleaned.png,5,1,0.16788844764232635,0.18220989406108856,0.17309901118278503,0.16484291851520538,0.1315581351518631,0.18040166795253754
validation,265_v5_16_content_NB-prog_INTERN-2019_plot.py_cleaned.png,5,2,0.1631854623556137,0.1297054886817932,0.22433632612228394,0.14502690732479095,0.12876605987548828,0.20897971093654633
validation,265_v5_1_content_sadnessFree_arima-lstm_lstm.py_cleaned.png,5,2,0.17107005417346954,0.1983906477689743,0.21141447126865387,0.1171812191605568,0.1313713639974594,0.1705722063779831
validation,265_v5_44_content_CppbetterC_A-Star_Heap.py_cleaned.png,5,1,0.12878566980361938,0.20004938542842865,0.1859455704689026,0.16656804084777832,0.1475190967321396,0.17113222181797028
validation,265_v5_5_content_AdamJacoby_Hopf_Example_Matrix_Algebra.py_cleaned.png,5,5,0.17491944134235382,0.17026178538799286,0.19696466624736786,0.0900416299700737,0.13952848315238953,0.22828391194343567
validation,266_v5_22_content_mikaelharseno_DurianBot_allnodesolver.py_cleaned.png,5,2,0.13337674736976624,0.15715482831001282,0.2361694574356079,0.15877291560173035,0.1441744714975357,0.17035159468650818
validation,266_v5_23_content_wliabc_Prime-numbers_prime.py_cleaned.png,5,5,0.1516309678554535,0.1338369995355606,0.1410941183567047,0.11054158210754395,0.22255860269069672,0.24033774435520172
validation,266_v5_2_content_facebookresearch_reward-estimator-corl_configurations_continuous_uniform.py_cleaned.png,5,5,0.15835633873939514,0.1593743860721588,0.1777721643447876,0.16399800777435303,0.14502930641174316,0.19546975195407867
validation,266_v5_2_content_riki95_Many-Time-Pad-Cracker_cracker.py_cleaned.png,5,2,0.1439231038093567,0.1698194295167923,0.1918104887008667,0.18854114413261414,0.15408280491828918,0.1518229991197586
validation,266_v5_36_content_OneWinged-Eagle_spotimy_getArtists.py_cleaned.png,5,2,0.15228430926799774,0.17116890847682953,0.18425048887729645,0.1461896002292633,0.1645950973033905,0.1815115511417389
validation,266_v5_40_content_cofinley_sudoku_cell.py_cleaned.png,5,5,0.1696634292602539,0.16527071595191956,0.18656720221042633,0.09078103303909302,0.1720060259103775,0.2157115936279297
validation,266_v5_48_content_andrewdoanutz_NaiveBayesClassifier_NaiveBayesClassifier.py_cleaned.png,5,2,0.15094776451587677,0.17250260710716248,0.19148708879947662,0.16674864292144775,0.16081421077251434,0.15749968588352203
validation,266_v5_4_content_kevalmorabia97_Agglomerative-Hierarchical-Clustering-Comparison_HierarchicalAgglomerativeClustering.py_cleaned.png,5,1,0.13468919694423676,0.22866852581501007,0.19881539046764374,0.1414080113172531,0.15368279814720154,0.14273613691329956
validation,267_v5_16_content_davda54_pytorch-transformer-lemmatization_lr_decay.py_cleaned.png,5,2,0.1623227447271347,0.16757184267044067,0.18566179275512695,0.1656780242919922,0.15530483424663544,0.16346076130867004
validation,267_v5_1_content_sadnessFree_arima-lstm_muilt_lstm.py_cleaned.png,5,1,0.15732011198997498,0.18052777647972107,0.16479796171188354,0.1777721643447876,0.16131621599197388,0.15826579928398132
validation,267_v5_24_content_jakubfolta_PrimeNumber_Prime.py_cleaned.png,5,5,0.11955934017896652,0.15476328134536743,0.18489064276218414,0.16732916235923767,0.17176903784275055,0.2016884833574295
validation,267_v5_46_content_arun-p12_sort-algorithms_quick_sort.py_cleaned.png,5,2,0.17004549503326416,0.14962536096572876,0.2008977234363556,0.14699852466583252,0.16182774305343628,0.17060519754886627
validation,267_v5_4_content_raghavgsk25_polynomial-regression-1_pl.py_cleaned.png,5,2,0.1845727562904358,0.16673749685287476,0.19130592048168182,0.1526065468788147,0.15815815329551697,0.14661915600299835
validation,268_v5_22_content_mikaelharseno_DurianBot_solver.py_cleaned.png,5,4,0.19506071507930756,0.1687316745519638,0.16914910078048706,0.1338467001914978,0.20390382409095764,0.1293080449104309
validation,268_v5_2_content_ForeverPs_Visualization-of-sort-algorithms_SORT.py_cleaned.png,5,1,0.17007671296596527,0.26131266355514526,0.13094691932201385,0.14953061938285828,0.14720255136489868,0.14093051850795746
validation,268_v5_2_content_laendle1999_NasceUmAEstrela_reberto.py_cleaned.png,5,2,0.1858079880475998,0.1679345965385437,0.19926585257053375,0.14971455931663513,0.14824223518371582,0.1490347534418106
validation,268_v5_2_content_vineetkia_Fundamentals-Of-Cryptography__6_-Columnar_Transposition.py_cleaned.png,5,2,0.15651701390743256,0.17491930723190308,0.1782478541135788,0.1463143676519394,0.16621893644332886,0.17778247594833374
validation,268_v5_32_content_clee1994_MasterThesis_table_helper.py_cleaned.png,5,2,0.14942923188209534,0.16691440343856812,0.21372433006763458,0.18497130274772644,0.13916879892349243,0.1457919478416443
validation,268_v5_40_content_phoolchandra_Text-Search-Engine_search.py_cleaned.png,5,3,0.1527153104543686,0.16494214534759521,0.1745268553495407,0.22657270729541779,0.14056818187236786,0.140674889087677
validation,268_v5_46_content_vaish06_EurailShortestPath_brainstorm.py_cleaned.png,5,4,0.2066861242055893,0.11918780207633972,0.1713380217552185,0.11297385394573212,0.2091539204120636,0.18066027760505676
validation,268_v5_4_content_Khante_Distance-Vector-Algorithm_simulation_2.py_cleaned.png,5,2,0.15543921291828156,0.1844644993543625,0.18968774378299713,0.15679194033145905,0.16194979846477509,0.15166689455509186
validation,268_v5_4_content_mahimanzum_PCA-and-GMM-from-scratch-_PCA_With_GMM.py_cleaned.png,5,2,0.1738804578781128,0.16934092342853546,0.27106666564941406,0.08296526223421097,0.09925603866577148,0.2034907191991806
validation,269_v5_31_content_nazmeenkhan_Diffie-Hellman_UserB.py_cleaned.png,5,2,0.12307377904653549,0.15746118128299713,0.24594810605049133,0.15189789235591888,0.12716180086135864,0.1944572478532791
validation,269_v5_52_content_CorrineTan_Digital-Signature-Schemes-Evaluation_eddsa_25519.py_cleaned.png,5,2,0.14305280148983002,0.17930494248867035,0.1905202865600586,0.16684436798095703,0.15545204281806946,0.16482555866241455
validation,269_v5_77_content_elisawarner_Fun_determinant.py_cleaned.png,5,2,0.12420047074556351,0.17477549612522125,0.234319806098938,0.165211483836174,0.1439450979232788,0.15754757821559906
validation,270_v5_15_content_jknight1725_linear_search_vs_random_search_myFunctions.py_cleaned.png,5,1,0.12746304273605347,0.1904556006193161,0.1722181737422943,0.18234483897686005,0.16127470135688782,0.16624362766742706
validation,270_v5_1_content_jim-spyropoulos_Trajectory-Analysis-and-Classification-in-Python-Pandas-and-Scikit-Learn_classifytraj.py_cleaned.png,5,3,0.12106852978467941,0.1603517234325409,0.20374663174152374,0.21977214515209198,0.1342027634382248,0.16085821390151978
validation,270_v5_30_content_choogeboom_photo-sorter_photo_sorter.py_cleaned.png,5,2,0.144788920879364,0.18681813776493073,0.1898200660943985,0.15193459391593933,0.16556645929813385,0.16107183694839478
validation,270_v5_58_content_Schuck9_PCA_PCA.py_cleaned.png,5,0,0.2065090388059616,0.19411815702915192,0.14989213645458221,0.17251430451869965,0.14199133217334747,0.13497500121593475
validation,270_v5_70_content_DimaAntoniuk_Lab4_bfs_bfs.py_cleaned.png,5,2,0.1553686410188675,0.16701312363147736,0.21727043390274048,0.10924462229013443,0.16627676784992218,0.18482647836208344
validation,271_v5_15_content_jknight1725_linear_search_vs_random_search_random_case.py_cleaned.png,5,4,0.14559462666511536,0.15582381188869476,0.18105453252792358,0.14893421530723572,0.18500210344791412,0.18359071016311646
validation,271_v5_19_content_Vijendra2410_Sentiment-Analysis_RestaurantReview.py_cleaned.png,5,2,0.18330611288547516,0.16910617053508759,0.19016653299331665,0.13141807913780212,0.17247425019741058,0.15352876484394073
validation,271_v5_29_content_cmccoypdx_PythonSortCompare_Generator.py_cleaned.png,5,0,0.20136506855487823,0.16206911206245422,0.17407307028770447,0.154306098818779,0.1702280044555664,0.13795863091945648
validation,271_v5_3_content_iykadev_pyalgo_execute_a_markov_algo.py_cleaned.png,5,0,0.18444544076919556,0.16629599034786224,0.17410454154014587,0.14370237290859222,0.15240751206874847,0.1790442317724228
validation,271_v5_43_content_aabs_edx-ai-week11-project_Tests.py_cleaned.png,5,4,0.15896514058113098,0.11533010005950928,0.13857728242874146,0.16025322675704956,0.2360292226076126,0.19084502756595612
validation,271_v5_52_content_kantonist_printBST_printBST.py_cleaned.png,5,1,0.16831792891025543,0.20754817128181458,0.192957803606987,0.1458204686641693,0.13982075452804565,0.14553482830524445
validation,271_v5_55_content_NM20XX_Python_Fibonacci_Sequence.py_cleaned.png,5,5,0.1894373744726181,0.14008605480194092,0.1563107818365097,0.12711070477962494,0.1769394725561142,0.21011562645435333
validation,271_v5_56_content_Desire100_Machine-Learning-Regression-Models-for-beginners_simple_linear_regression.py_cleaned.png,5,2,0.14885462820529938,0.1681404411792755,0.21131953597068787,0.13312703371047974,0.16411346197128296,0.17444485425949097
validation,271_v5_84_content_rev1z_async_factorial_webapp_logic.py_cleaned.png,5,2,0.1672997623682022,0.15484890341758728,0.18770962953567505,0.16670545935630798,0.16415148973464966,0.1592848002910614
validation,272_v5_28_content_gizzidan_basic-python-practice_primes.py_cleaned.png,5,1,0.14525555074214935,0.19205954670906067,0.17201799154281616,0.15308400988578796,0.1553627997636795,0.18222008645534515
validation,272_v5_2_content_mhiratsuka_selectionSortPython_selectionSort.py_cleaned.png,5,5,0.20305153727531433,0.1033569946885109,0.13091795146465302,0.12952187657356262,0.17059414088726044,0.26255741715431213
validation,272_v5_52_content_Tchaikovic_dijkstra_mapcreator.py_cleaned.png,5,0,0.20144332945346832,0.19317451119422913,0.1665833592414856,0.14537055790424347,0.16346368193626404,0.12996456027030945
validation,272_v5_5_content_LuttaKing_AES-style-Encryptor-Decryptor_encryptorGUI.py_cleaned.png,5,2,0.1484479457139969,0.15985745191574097,0.20564816892147064,0.17583610117435455,0.13795630633831024,0.1722540408372879
validation,273_v5_20_content_aditiopangestu_spam_data_converter_lingspam_filter.py_cleaned.png,5,2,0.10792417079210281,0.21017178893089294,0.24287991225719452,0.18286027014255524,0.11870104819536209,0.13746270537376404
validation,273_v5_31_content_alonek1_huffman_compression_algorithm_haffmen.py_cleaned.png,5,1,0.1467694193124771,0.24464759230613708,0.2170291692018509,0.12170977145433426,0.13484014570713043,0.13500386476516724
validation,273_v5_35_content_XiaoCode-er_image-digital-express_cluster_pic.py_cleaned.png,5,2,0.13829883933067322,0.1661701202392578,0.22171175479888916,0.17135518789291382,0.14043979346752167,0.1620243340730667
validation,273_v5_68_content_mvivancq_DfsSudokuSolver_bfs.py_cleaned.png,5,1,0.1352408528327942,0.2088146209716797,0.17681914567947388,0.1721293330192566,0.14008831977844238,0.1669076383113861
validation,274_v5_32_content_AAMergulhao_Sort_Algorithms_algorithms.py_cleaned.png,5,5,0.16005589067935944,0.10310130566358566,0.1618308424949646,0.1604107767343521,0.16290131211280823,0.2516998052597046
validation,274_v5_44_content_eastxe_cosine-knn_knn.py_cleaned.png,5,1,0.17560520768165588,0.25616082549095154,0.18614625930786133,0.124220110476017,0.12792347371578217,0.12994416058063507
validation,274_v5_4_content_JosephFWright_Prims_Algorithm_Prims.py_cleaned.png,5,5,0.14894284307956696,0.11413661390542984,0.16648314893245697,0.13728474080562592,0.2024804651737213,0.23067215085029602
validation,274_v5_52_content_PhaniBalagam27_Big-data-Analytics-on-dallas-police-incidents-dataset_Q5_code.py_cleaned.png,5,5,0.12769544124603271,0.18938951194286346,0.1959134191274643,0.11446981132030487,0.11485021561384201,0.25768157839775085
validation,274_v5_5_content_ongyongzheng_cass_main_unet.py_cleaned.png,5,1,0.1789034754037857,0.2325834035873413,0.14465656876564026,0.1412806212902069,0.15757060050964355,0.14500534534454346
validation,274_v5_62_content_taabishm2_Proactive-FDH-RSA-Signature_fileOp.py_cleaned.png,5,5,0.13908864557743073,0.12268253415822983,0.1736343502998352,0.1311936378479004,0.1627008616924286,0.27069994807243347
validation,274_v5_68_content_mvivancq_DfsSudokuSolver_dfs.py_cleaned.png,5,2,0.15473610162734985,0.1689084768295288,0.19396238029003143,0.16419729590415955,0.1673603504896164,0.1508353054523468
validation,274_v5_6_content_muhammadhabibi_CBS01_Main.py_cleaned.png,5,2,0.16349758207798004,0.17624704539775848,0.18055151402950287,0.1509878784418106,0.1683371216058731,0.16037888824939728
validation,275_v5_22_content_mikpim01_Python-NLTK_task_stopword_removal.py_cleaned.png,5,1,0.18096888065338135,0.1964806169271469,0.1552620232105255,0.1265079230070114,0.19275639951229095,0.1480240821838379
validation,275_v5_33_content_prabhatpal77_Complete-core-python-_dictcomp.py_cleaned.png,5,2,0.163946732878685,0.1589495986700058,0.20405539870262146,0.1444835364818573,0.14994752407073975,0.1786172091960907
validation,275_v5_3_content_facebookresearch_deep-variance-reduction_cifar_wrapper.py_cleaned.png,5,1,0.13985374569892883,0.1864422857761383,0.1816636323928833,0.161795511841774,0.17011262476444244,0.16013216972351074
validation,275_v5_42_content_TechnoMonoCo_Python-Doubly-Linked-List_LL.py_cleaned.png,5,2,0.153004452586174,0.14182034134864807,0.20372915267944336,0.1559729427099228,0.18674060702323914,0.15873251855373383
validation,275_v5_42_content_aira26_HomeWork3_quicksortclass.py_cleaned.png,5,3,0.17015795409679413,0.17382894456386566,0.17694079875946045,0.20683306455612183,0.1349216103553772,0.13731764256954193
validation,275_v5_53_content_rghv404_Language_identification_make_predictions.py_cleaned.png,5,5,0.13957203924655914,0.19569198787212372,0.18304552137851715,0.1352112889289856,0.13902492821216583,0.2074541598558426
validation,275_v5_55_content_taksug229_Python-hierarchical-clustering_Working_Data_Hierarchical_Clustering.py_cleaned.png,5,2,0.13405874371528625,0.17160849273204803,0.18585272133350372,0.17731821537017822,0.16513916850090027,0.1660226434469223
validation,275_v5_56_content_newsteps8_Efficiency_of_SortingAlgorithms_merge_sort.py_cleaned.png,5,2,0.16330794990062714,0.17785139381885529,0.1865319013595581,0.14896918833255768,0.1450355350971222,0.17830413579940796
validation,275_v5_5_content_domodomodomo_binary_search_tree_test.py_cleaned.png,5,2,0.12584063410758972,0.15824207663536072,0.22723393142223358,0.18722376227378845,0.11319869011640549,0.18826083838939667
validation,275_v5_61_content_EricHasegawa_binary-search_binary_search.py_cleaned.png,5,0,0.19158998131752014,0.18660877645015717,0.16537338495254517,0.1583777517080307,0.15037472546100616,0.14767538011074066
validation,276_v5_4_content_sezisoro_PyTimePad_PyTimePad.py_cleaned.png,5,2,0.16416555643081665,0.16805300116539001,0.19547238945960999,0.19476430118083954,0.1385970115661621,0.13894771039485931
validation,276_v5_97_content_mjurk456_mini-snakes_fizz_buzz.py_cleaned.png,5,3,0.13647520542144775,0.18263591825962067,0.17532795667648315,0.18539929389953613,0.1596766859292984,0.1604849249124527
validation,277_v5_5_content_abcsds_Prim_exampleL.py_cleaned.png,5,2,0.15689820051193237,0.16670633852481842,0.191544309258461,0.1536518782377243,0.14999087154865265,0.18120837211608887
validation,277_v5_5_content_llp0702_one-time-pad-implementation-python_main.py_cleaned.png,5,2,0.13281363248825073,0.18184250593185425,0.2251136600971222,0.18494750559329987,0.12625490128993988,0.14902779459953308
validation,277_v5_61_content_piyush-taneja_Salary-Predictor_Random_Forest_Regression.py_cleaned.png,5,5,0.14222213625907898,0.17784999310970306,0.19398747384548187,0.1449129432439804,0.13556954264640808,0.2054578959941864
validation,277_v5_66_content_KarlaFlorentino_Dijkstra_dijkstra.py_cleaned.png,5,2,0.17058753967285156,0.1897169053554535,0.19461379945278168,0.13288088142871857,0.1863597333431244,0.12584125995635986
validation,277_v5_6_content_zhenv5_breaking_cycles_in_noisy_hierarchies_true_skill.py_cleaned.png,5,3,0.18439750373363495,0.1636246293783188,0.1452816277742386,0.18450115621089935,0.15239858627319336,0.169796422123909
validation,277_v5_78_content_uptodiff_kdd-cup-99-Analysis-machine-learning-python_kdd_binary_classification_ANN.py_cleaned.png,5,2,0.12775780260562897,0.21762987971305847,0.23555973172187805,0.1861128956079483,0.14387044310569763,0.08906930685043335
validation,278_v5_5_content_chriskbwong_quickSort_quickSort.py_cleaned.png,5,2,0.17701609432697296,0.1705327183008194,0.1785779893398285,0.13390885293483734,0.16559728980064392,0.17436707019805908
validation,278_v5_62_content_arenart90_fsm-python_fsm.py_cleaned.png,5,3,0.13109418749809265,0.16598394513130188,0.18659527599811554,0.19300639629364014,0.1515393853187561,0.1717807948589325
validation,278_v5_66_content_MihaiGaidau_RSA_main.py_cleaned.png,5,2,0.16008144617080688,0.1447853147983551,0.19524292647838593,0.16349980235099792,0.1559235006570816,0.18046696484088898
validation,279_v5_5_content_Fmccline_Prims-Algorithm_graph_builder.py_cleaned.png,5,4,0.22428159415721893,0.13273568451404572,0.1353512853384018,0.1487942636013031,0.2327488362789154,0.12608833611011505
validation,279_v5_67_content_peterjhyoon_rsa-math_math_functions.py_cleaned.png,5,5,0.15226906538009644,0.13908782601356506,0.18004842102527618,0.17717386782169342,0.16552399098873138,0.1858968287706375
validation,279_v5_6_content_austinteshuba_QuickSort_Sort.py_cleaned.png,5,2,0.17690154910087585,0.15622468292713165,0.23919589817523956,0.13811686635017395,0.14148053526878357,0.14808037877082825
validation,279_v5_6_content_gionanide_Cryptography_superincreasing_knapsack.py_cleaned.png,5,1,0.1776406615972519,0.1937139332294464,0.17633120715618134,0.15963126718997955,0.1456356793642044,0.1470472514629364
validation,279_v5_70_content_Arcnor_binja_search___init__.py_cleaned.png,5,3,0.12859143316745758,0.17642523348331451,0.1836630254983902,0.21380838751792908,0.14221613109111786,0.15529581904411316
validation,279_v5_78_content_FernandoDurier_apa-dijkstra___main__.py_cleaned.png,5,2,0.1349862664937973,0.229562446475029,0.2500280439853668,0.14953848719596863,0.10819995403289795,0.1276847869157791
validation,279_v5_7_content_ardyerwanda_SDN-Bellman-Ford-Pyretic_wG_bellfordCost.py_cleaned.png,5,1,0.16825610399246216,0.2798748314380646,0.12573739886283875,0.11930616199970245,0.18058334290981293,0.12624217569828033
validation,279_v5_7_content_denisyarats_pytorch_sac_ae_decoder.py_cleaned.png,5,5,0.15226390957832336,0.1310340017080307,0.18066740036010742,0.17124660313129425,0.16970308125019073,0.19508495926856995
validation,279_v5_97_content_mjurk456_mini-snakes_pseudorandom_sentence_generator.py_cleaned.png,5,2,0.15860942006111145,0.16624729335308075,0.18778833746910095,0.16622892022132874,0.16337569057941437,0.15775032341480255
validation,280_v5_5_content_supfisher_PredicrionInQueueNets_regression.py_cleaned.png,5,2,0.20162531733512878,0.16761505603790283,0.26017501950263977,0.10521061718463898,0.10511740297079086,0.16025660932064056
validation,280_v5_6_content_gionanide_Cryptography_VernamCipher.py_cleaned.png,5,1,0.14718353748321533,0.19566062092781067,0.1833214908838272,0.15074577927589417,0.17486900091171265,0.14821963012218475
validation,280_v5_8_content_omjego_AR-Mining-Hash-Tree_naive_apriori.py_cleaned.png,5,1,0.13414061069488525,0.2132258266210556,0.20522862672805786,0.15265324711799622,0.15009011328220367,0.14466148614883423
validation,281_v5_41_content_sarahandert_python-practice--sorting_sample5.py_cleaned.png,5,1,0.13534221053123474,0.23212061822414398,0.20342394709587097,0.12075521051883698,0.1284312903881073,0.17992672324180603
validation,281_v5_8_content_fepz_AyCC_disjoint_set.py_cleaned.png,5,0,0.2016022801399231,0.14253953099250793,0.1491910070180893,0.13195043802261353,0.18046754598617554,0.1942492574453354
validation,282_v5_23_content_clydedacruz_worddoc-indexer-py_query_index.py_cleaned.png,5,0,0.28116974234580994,0.13447953760623932,0.16388271749019623,0.16821852326393127,0.09969048947095871,0.15255899727344513
validation,282_v5_3_content_iykadev_pyalgo_lagged_fibonacci_gen.py_cleaned.png,5,5,0.1585175096988678,0.16226932406425476,0.17085865139961243,0.15018387138843536,0.1740545630455017,0.18411605060100555
validation,282_v5_54_content_sumanth-bmsce_Unsupervised_Extreme_Learning_Machine_Spectral_Clustering.py_cleaned.png,5,2,0.1440548151731491,0.16179391741752625,0.21072103083133698,0.12523199617862701,0.1575181633234024,0.20068004727363586
validation,282_v5_58_content_zhaoyichanghong_machine_learing_algo_python_knn.py_cleaned.png,5,5,0.14796237647533417,0.15286414325237274,0.18317459523677826,0.15733616054058075,0.1618235856294632,0.19683919847011566
validation,282_v5_63_content_avitabayan_Machine-learning_svr.py_cleaned.png,5,2,0.14460864663124084,0.13230137526988983,0.2146480679512024,0.16867397725582123,0.1731390804052353,0.16662882268428802
validation,282_v5_7_content_lhuangufl_QuickSort_QuickSort.py_cleaned.png,5,4,0.1564294397830963,0.15916121006011963,0.1517682820558548,0.15684261918067932,0.19057592749595642,0.1852225661277771
validation,282_v5_88_content_andreaestrada_mazecrawler_singlePowerup.py_cleaned.png,5,2,0.15193770825862885,0.12865932285785675,0.21812984347343445,0.11336016654968262,0.18464256823062897,0.20327039062976837
validation,283_v5_45_content_Dimildizio_pyqt_traincars_sort_cars_coal.py_cleaned.png,5,3,0.1839616298675537,0.18468087911605835,0.16333669424057007,0.18991786241531372,0.12739402055740356,0.15070894360542297
validation,283_v5_4_content_sumedhvdatar_Longest_Common_Subsequence_lcs.py_cleaned.png,5,2,0.1873549371957779,0.13982228934764862,0.24641403555870056,0.12878765165805817,0.12939535081386566,0.16822569072246552
validation,283_v5_52_content_jamesbutler01_Normalise-Luminance-Across-Images_main.py_cleaned.png,5,1,0.10961869359016418,0.20585349202156067,0.2029719054698944,0.18535619974136353,0.12880884110927582,0.1673908233642578
validation,283_v5_80_content_arun-p12_sort-algorithms_quick_sort.py_cleaned.png,5,2,0.1421365737915039,0.17442171275615692,0.18132823705673218,0.15767155587673187,0.16498997807502747,0.1794520616531372
validation,283_v5_85_content_Dimildizio_pyqt_traincars_sort_cars_coal.py_cleaned.png,5,1,0.16476324200630188,0.18186627328395844,0.15272819995880127,0.18169577419757843,0.1550261676311493,0.1639203131198883
validation,284_v5_5_content_amirheidarikhoram_longest-common-subsequence_lcs.py_cleaned.png,5,3,0.1432802826166153,0.14856722950935364,0.15666979551315308,0.2002963423728943,0.15448804199695587,0.19669833779335022
validation,284_v5_6_content_steviedale_random_maze_generator_main.py_cleaned.png,5,5,0.19971120357513428,0.17474347352981567,0.09279479831457138,0.0987364798784256,0.18493212759494781,0.24908195436000824
validation,284_v5_84_content_LatrecheYasser_Secure-Python-Chat_RC4.py_cleaned.png,5,1,0.19662508368492126,0.22676660120487213,0.17230863869190216,0.11746159940958023,0.10094283521175385,0.1858951896429062
validation,284_v5_8_content_jasminegrewal_Naive-Bayes-KNN-Logistic-Regression_3b_knn.py_cleaned.png,5,5,0.1953890174627304,0.17567673325538635,0.18158552050590515,0.07728492468595505,0.15615832805633545,0.21390552818775177
validation,284_v5_90_content_cody-elhard_NaiveBayes_naive-bayes-numerical.py_cleaned.png,5,1,0.16993913054466248,0.2612755000591278,0.1843760758638382,0.15429458022117615,0.11264725774526596,0.117467500269413
validation,285_v5_6_content_metintorunoglu_Polynomial-Linear-Regression_4_Polynomial_Regression.py_cleaned.png,5,5,0.13892267644405365,0.17987585067749023,0.16313137114048004,0.1415063738822937,0.14701485633850098,0.22954891622066498
validation,286_v5_62_content_wang2226_Clustering_k-means_plot.py_cleaned.png,5,2,0.10310633480548859,0.17099414765834808,0.2573041021823883,0.1766352355480194,0.14330361783504486,0.14865657687187195
validation,286_v5_66_content_SanyaKathuria10_StackOverflow-Keyword-Extraction-System_spark.py_cleaned.png,5,2,0.15138016641139984,0.1876486837863922,0.19723232090473175,0.18349948525428772,0.13037285208702087,0.14986638724803925
validation,286_v5_84_content_WizHacks_ChordDFS_topo.py_cleaned.png,5,5,0.1643487513065338,0.17823204398155212,0.16951395571231842,0.13296517729759216,0.13563323020935059,0.2193068265914917
validation,286_v5_92_content_paulfauthmayer_versopy_verso.py_cleaned.png,5,2,0.16202789545059204,0.1809043139219284,0.1828545331954956,0.16573099792003632,0.1570628136396408,0.1514194905757904
validation,286_v5_94_content_UniqueRoHo_NaiveBayes_Continuous.py_cleaned.png,5,2,0.1406688690185547,0.15144667029380798,0.21921789646148682,0.16075675189495087,0.13463915884494781,0.1932707130908966
validation,287_v5_6_content_singh-sidharth_Longest-Common-Subsequence_LCS.py_cleaned.png,5,2,0.16275164484977722,0.16461332142353058,0.2050553411245346,0.15292014181613922,0.1345737725496292,0.18008577823638916
validation,287_v5_76_content_cakmakaf_Polynomial_Regression_for_Random_Dataset_Polynomial_Regression.py_cleaned.png,5,2,0.13723845779895782,0.20204822719097137,0.21016621589660645,0.17905360460281372,0.1456671953201294,0.12582623958587646
validation,287_v5_84_content_rayjc_ml-pca-foreground-removal_miscHelper.py_cleaned.png,5,1,0.10639787465333939,0.26720720529556274,0.18896563351154327,0.1933395117521286,0.12547174096107483,0.11861802637577057
validation,287_v5_87_content_SinaBahrami89_RSA-cryptosystem-with-different-prime-generators_RSA_Keys.py_cleaned.png,5,1,0.15732011198997498,0.18052777647972107,0.16479796171188354,0.1777721643447876,0.16131621599197388,0.15826579928398132
validation,287_v5_98_content_pooja1909_Bigdata-project_input.py_cleaned.png,5,2,0.13509304821491241,0.18382832407951355,0.24330583214759827,0.14706732332706451,0.13311564922332764,0.15758982300758362
validation,288_v5_25_content_aajanki_finnish-pos-accuracy_sample_ftb1.py_cleaned.png,5,5,0.1729428768157959,0.1714130938053131,0.18179422616958618,0.14847072958946228,0.1298477053642273,0.19553127884864807
validation,288_v5_33_content_chafiknaceri_Credit-Card-Debt_LinearPayement.py_cleaned.png,5,4,0.18065954744815826,0.13700182735919952,0.14791785180568695,0.12883445620536804,0.20475861430168152,0.20082762837409973
validation,288_v5_3_content_iykadev_pyalgo_shunting_yard_algo.py_cleaned.png,5,0,0.23506851494312286,0.15396183729171753,0.14704260230064392,0.15941154956817627,0.17789003252983093,0.1266254484653473
validation,288_v5_66_content_ChavezE_Parallel_PFVA_image_tester.py_cleaned.png,5,2,0.17369583249092102,0.1780814230442047,0.1814728081226349,0.16986756026744843,0.1521635353565216,0.14471882581710815
validation,288_v5_7_content_Aly-Tomato_Prims-and-Kruskals_glb.py_cleaned.png,5,1,0.1511109173297882,0.17844901978969574,0.16889531910419464,0.1660023331642151,0.16809800267219543,0.1674443781375885
validation,288_v5_9_content_ludmal_knn_knn.py_cleaned.png,5,2,0.14723727107048035,0.16890090703964233,0.18943463265895844,0.17080725729465485,0.1520681530237198,0.17155182361602783
validation,290_v5_8_content_tochukwuokafor_Mersenne-numbers-Lucas-Lehmer-test-and-Sieve-of-Eratosthenes_mersenne_numbers_lucas_lehmer_sieve_of_eratosthenes.py_cleaned.png,5,3,0.13691800832748413,0.161516010761261,0.1892724633216858,0.19427619874477386,0.15040069818496704,0.16761653125286102
validation,291_v5_3_content_iykadev_pyalgo_VertexGraph.py_cleaned.png,5,0,0.21005836129188538,0.19426514208316803,0.1333879977464676,0.15777692198753357,0.18052458763122559,0.12398711591959
validation,291_v5_7_content_fepz_AyCC_disjoint_set.py_cleaned.png,5,5,0.19213652610778809,0.15044915676116943,0.17958587408065796,0.13093602657318115,0.1396542489528656,0.20723821222782135
validation,291_v5_93_content_wei4keepingstudy_Artificial_Intelligence_hw2_dfs_forwardchecking.py_cleaned.png,5,1,0.19934065639972687,0.2288154810667038,0.1764514297246933,0.14180779457092285,0.1337880790233612,0.11979652941226959
validation,292_v5_3_content_iykadev_pyalgo_xiaolin_wus_line_algo.py_cleaned.png,5,2,0.16264574229717255,0.1794881373643875,0.1907109022140503,0.18386827409267426,0.13904030621051788,0.14424672722816467
validation,292_v5_4_content_gbrlcustodio_forecasting_genetic_alg.py_cleaned.png,5,2,0.15006405115127563,0.19567906856536865,0.2131190001964569,0.1638059765100479,0.1299847513437271,0.14734715223312378
validation,292_v5_7_content_MadalinaMircea_GraphAlgorithms_Repository.py_cleaned.png,5,4,0.18549613654613495,0.1395208090543747,0.14541791379451752,0.1762877106666565,0.18992191553115845,0.1633555144071579
validation,292_v5_8_content_GHasanKaraman_CS_PolynomialRegression_pr3.py_cleaned.png,5,2,0.1421213448047638,0.15122444927692413,0.18978165090084076,0.15480555593967438,0.17890536785125732,0.18316158652305603
validation,293_v5_4_content_BenCashman_Linear-Search_linear_search.py_cleaned.png,5,2,0.16952039301395416,0.22305554151535034,0.31978756189346313,0.0997326523065567,0.061353784054517746,0.12655015289783478
validation,293_v5_8_content_16chuang_CS161_Project_judge.py_cleaned.png,5,1,0.1419176161289215,0.2029576450586319,0.18534725904464722,0.14115644991397858,0.17701001465320587,0.15161098539829254
validation,293_v5_93_content_djzgroup_Visual-basedCharacterEmbedding_123.py_cleaned.png,5,2,0.16698035597801208,0.15535511076450348,0.19039219617843628,0.16574592888355255,0.1518649458885193,0.16966146230697632
validation,294_v5_5_content_adamweissert_PythonLinearSearch_LinearSearch.py_cleaned.png,5,1,0.16536179184913635,0.17737741768360138,0.17198729515075684,0.159393772482872,0.16737091541290283,0.1585088074207306
validation,294_v5_7_content_satyammittal_IRE-Stopping-Words_hindi.py_cleaned.png,5,2,0.1319638341665268,0.1845870316028595,0.20286184549331665,0.19599471986293793,0.13956615328788757,0.14502641558647156
validation,294_v5_8_content_16chuang_CS161_Project_LCS.py_cleaned.png,5,5,0.15020082890987396,0.08412792533636093,0.16569599509239197,0.14028668403625488,0.18629127740859985,0.2733973264694214
validation,295_v5_95_content_anurag423_Python-Project_primegen.py_cleaned.png,5,5,0.16106164455413818,0.17004427313804626,0.17178559303283691,0.17084021866321564,0.14652834832668304,0.17973996698856354
validation,296_v5_9_content_gquintela_prim_main.py_cleaned.png,5,3,0.14324946701526642,0.17425203323364258,0.17636875808238983,0.1909985989332199,0.14374904334545135,0.1713820844888687
validation,52_v5_1_content_DanShai_kernalized-tsne_kernels.py_cleaned.png,5,1,0.21322278678417206,0.21795906126499176,0.1701008826494217,0.17135335505008698,0.09604702889919281,0.1313169151544571
validation,548_v5_53_content_VipinindKumar_Web-scraping-price_newegg.py_cleaned.png,5,1,0.1640215516090393,0.20947256684303284,0.17966334521770477,0.16383403539657593,0.15660719573497772,0.12640127539634705
validation,94_v5_1_content_Pranshu258_Crowd_Behavior_Analysis_outlierDetector.py_cleaned.png,5,1,0.2022264152765274,0.2800873816013336,0.11863160878419876,0.05206512287259102,0.17196932435035706,0.17502012848854065
validation,95_v5_9_content_Soumyabrata_predicting-pwv_grid_search.py_cleaned.png,5,2,0.13586996495723724,0.1826835423707962,0.20335091650485992,0.1509908139705658,0.1566958874464035,0.17040890455245972
validation,99_v5_2_content_Liu-WeiYi_Private_Preserving_Outlier_Behavior_Detection_statistic.py_cleaned.png,5,2,0.1310001164674759,0.18048250675201416,0.26539096236228943,0.11602728068828583,0.11553125083446503,0.19156788289546967
