set,file,true,pred,prob_Human-written,prob_V1,prob_V2,prob_V3,prob_V4,prob_V5
test,17_content_pevandenburie_micropython-aes-ccm_Utils.py.txt,0,1,0.21615935246222026,0.3422815489667678,0.16825563968421003,0.15358623383541298,0.08483924028780623,0.03487798476358275
test,21_content_emilystamm_aes-ecb-attacks_aes_ecb_oracle.py.txt,0,0,0.7789143769878163,0.04310730066073416,0.042773296196250636,0.032806797288561375,0.06075755802809966,0.04164067083853804
test,2_content_laendle1999_NasceUmAEstrela_reberto.py.txt,0,0,0.9720428728932976,0.007647063755403507,0.002631286735332053,0.0018210651580589663,0.004993046092277054,0.01086466536563062
test,7_content_git-remove_CBC-and-CTR-Decipher_decipher.py.txt,0,0,0.4577801206722476,0.09412700720904073,0.07470329432412677,0.11699892808437834,0.0670746365300116,0.18931601318019486
test,9_content_john-salman_ECB_decryption_ECB.py.txt,0,0,0.4374383527497826,0.33235380580026475,0.03136891008897421,0.0118653793594323,0.17218825652151776,0.014785295480028259
test,10_content_gitganeshnethi_Market-Basket-Analysis_Online_Retail.py.txt,0,1,0.06398246248139004,0.3682412016993621,0.10330144151240409,0.037701213665286434,0.2898204015838596,0.1369532790576977
test,11_content_SabikAbtahee_Apriori-Implementation_AprioriMain.py.txt,0,0,0.36876743876500584,0.005478340977621233,0.03999254509596157,0.25328065408545913,0.04293384665052547,0.2895471744254267
test,1_content_jiteshjha_Frequent-item-set-mining_apriori_mpi.py.txt,0,0,0.3068872506424834,0.10426044577253805,0.09278117850523744,0.038177550110527404,0.289652496897884,0.16824107807132951
test,1_content_vijaymukhiija_Sale-optimizing_apyori.py.txt,0,5,0.06412153145867466,0.04380311033058321,0.26847705852903253,0.24139930410724272,0.10240011190211355,0.2797988836723534
test,2_content_adwansyed_Market-Basket-Analysis-Apriori_bruteforce_marketbasketanalysis.py.txt,0,0,0.4204291032435538,0.06532641992126233,0.22028472366556348,0.035664862929194775,0.2183329346197561,0.03996195562066956
test,2_content_nrohani_AssosiationRules_TransactionEncoder.py.txt,0,0,0.33132849607487336,0.2830818514763151,0.05898810900689334,0.047432458935118244,0.11874687248454079,0.1604222120222592
test,3_content_manishjathan_Money-laundering-Detection-System_GraphAnalysis.py.txt,0,5,4.0607602140780196e-05,0.004167090510091541,0.21829407753317223,0.24853398588652134,0.23443056985945795,0.29453366860861624
test,6_content_HaoLyu_Association-rule-learning_Apriori.py.txt,0,0,0.8612005261305915,0.0016186515956110867,0.014301462875795234,0.008635142299834513,0.06378850688759218,0.05045571021057533
test,9_content_HarshaliWagh_Data-Mining_Apriori.py.txt,0,0,0.3597507896901344,0.004953908116834065,0.07961111937457159,0.24450499454601574,0.028370397077382547,0.2828087911950617
test,10_content_marcindahlen_ARIMAplus_arimaplus_dna.py.txt,0,0,0.5602010714730324,0.08694069180137065,0.04538403133375664,0.01851586938927244,0.24967023226499857,0.039288103737569274
test,19_content_bauassr_Session32_Session32Assignment1_.py.txt,0,0,0.41128241102990337,0.29844762581851364,0.06260197757394143,0.005738563861180645,0.2116911364219774,0.010238285294483633
test,1_content_nageshsinghc4_stock-market-forecasting_ZBH_stock.py.txt,0,0,0.5316718928443868,0.11307523727942491,0.047690152234372285,0.01982385648735345,0.18579566568358163,0.10194319547088102
test,2_content_polyphilz_pricing-weather-derivatives_avg_temperature_model.py.txt,0,3,0.28273538952642163,0.03449568824562301,0.16894978218351417,0.29563961049611187,0.11058602222439361,0.10759350732393587
test,2_content_yyqcs_time-series-model_ts_model.py.txt,0,0,0.6197141060522118,0.01846888581167628,0.04446940807157951,0.08289360957978482,0.05626785575291554,0.17818613473183226
test,2_content_yyqcs_time-series-model_utils.py.txt,0,0,0.5854813617211733,0.003366085142511264,0.020512984484933765,0.014685028969011707,0.013399393144880886,0.362555146537489
test,1_content_dedeco_dijkstra-bellman-ford_teste_proprio_djt.py.txt,0,0,0.5177941462258283,0.045098957392150765,0.00898183850686478,8.485703169841159e-05,0.3879631395808654,0.040077061262592174
test,2_content_cvwilliams_BellmanFord-Python_server.py.txt,0,0,0.402902459370482,0.20801552751562008,0.11803253600239581,0.03988785914509482,0.18604427270298077,0.04511734526342648
test,3_content_abdulqadirs_distance-vector-routing-protocol_update.py.txt,0,0,0.5440399630378162,0.3800370987858206,0.04531328282618609,0.014156281582939337,0.015148757406901794,0.0013046163603359627
test,4_content_Khante_Distance-Vector-Algorithm_link_1.py.txt,0,0,0.49949754179225647,0.1743859178548275,0.053220019771716726,0.026205169962697433,0.03497929725514908,0.21171205336335286
test,4_content_Khante_Distance-Vector-Algorithm_link_2.py.txt,0,0,0.5024194765745316,0.10689884656222293,0.10572240543425465,0.03908029788292959,0.022224197918149977,0.22365477562791133
test,4_content_Khante_Distance-Vector-Algorithm_network_1.py.txt,0,0,0.3945769501707989,0.2653472744842512,0.15808290621142582,0.07496782531045636,0.034177506455419795,0.07284753736764776
test,4_content_rcornacchia_bellman-ford_testclient.py.txt,0,0,0.7667945826600698,0.14818451854285564,0.07644486668240963,0.0012349515224949006,0.006972357767745865,0.0003687228244242881
test,6_content_mmcetindag_ShortestPathAlgorithms_bellman-ford.py.txt,0,0,0.3863371257187139,0.3787698127121642,0.08599301447877333,0.010123020059185226,0.11702132889382713,0.0217556981373363
test,7_content_ardyerwanda_SDN-Bellman-Ford-Pyretic_wG_bellfordCost.py.txt,0,0,0.40446077261670893,0.27574706718117803,0.11485930074677723,0.04991145196370147,0.14829316019930863,0.006728247292325778
test,7_content_jimmygzp_bellman-ford_bfclient.py.txt,0,0,0.8243300249029938,0.04511647173993307,0.004825584180952742,0.014204256707339886,0.015354002292676819,0.09616966017610389
test,23_content_binaya07_8-puzzle_stack.py.txt,0,4,0.21299836865552027,0.2234963400193407,0.14075799782036225,0.07719890920519451,0.23828409076613785,0.10726429353344448
test,2_content_Madeeha-Anjum_Box_Head_testing_BFS.py.txt,0,0,0.45708212385347663,0.31561762793747833,0.0876726439396405,0.04512174102394953,0.06432949994964665,0.030176363295808393
test,3_content_akh5113_BFS-Wrestling-Teams_Homework5.py.txt,0,5,0.04639157696327528,0.03021623030452272,0.11159185858069544,0.0824713692718915,0.340742207514854,0.388586757364761
test,53_content_ding-si-han_Flight-Length-BFS_graph.py.txt,0,1,0.09973974600739927,0.3061111167133308,0.1571511124526741,0.09764223038774232,0.20265015872390107,0.13670563571495248
test,5_content_GregLahaye_wikipedia-game_game.py.txt,0,3,0.08627086416261878,0.04806319018829531,0.11501392077872069,0.37095795079039207,0.1722162597745186,0.2074778143054546
test,68_content_elados93_AI_Ex1_PuzzleState.py.txt,0,1,0.025909784690951922,0.317834090037426,0.2622048706133377,0.14034335220249305,0.2029846449463536,0.05072325750943766
test,7_content_rmssoares_8Puzzle-StateSpaceSearches_node.py.txt,0,5,0.08767143725764212,0.011526305293280654,0.09084856553897826,0.17966083972774616,0.3075734461340261,0.3227194060483267
test,92_content_tule2236_superheros-social-graph_degrees-of-seperation.py.txt,0,0,0.4715982753703774,0.0037784251767159793,0.16940960288038887,0.005336696751692437,0.31304588431629427,0.03683111550453106
test,11_content_mrluin_EfficientAutoDeeplab_evaluation.py.txt,0,0,0.5080376691196986,0.022171793047123786,0.07948568455048173,0.0809915234773725,0.1829996183363985,0.1263137114689248
test,11_content_mrluin_EfficientAutoDeeplab_train_counter_network.py.txt,0,0,0.45354403594643317,0.05084044994885426,0.047913733955640025,0.030501674217915907,0.2787384866729066,0.13846161925825
test,15_content_Areege_Binary-and-Trinary-Search-Trees_SourceCode.py.txt,0,0,0.6495099314507303,0.08986343958886078,0.12525431915640656,0.022937858773151774,0.08282822609510479,0.029606224935745953
test,20_content_shamo0_Binary_Search_Tree_treap.py.txt,0,0,0.4855772978477576,0.0313288491496153,0.16134081618296872,0.06443085919419943,0.14614954321766624,0.11117263440779267
test,47_content_mathwoods_binseqcomp_binseqcomp.py.txt,0,0,0.8981262681590322,0.019363570881794082,0.027274160844910838,0.013218770040822043,0.016501131009685227,0.025516099063755574
test,53_content_mmorshed99_binary_search_rotated_sorted_array.py.txt,0,2,0.19514822680930058,0.20385381474218162,0.25468217405990357,0.023053826254586064,0.1902265405231837,0.1330354176108443
test,70_content_Arcnor_binja_search___init__.py.txt,0,0,0.5694322688585968,0.0023077902796427383,0.02474804027618189,0.11016385081695616,0.040782436851606145,0.2525656129170162
test,72_content_tusharnema_Implementing-Algorithms-in-python_adj_list.py.txt,0,0,0.5788300555312452,0.047209192509074405,0.08303362039337639,0.07599831912964089,0.08830622283625021,0.12662258960041284
test,14_content_udwivedi394_binaryTree_ksumPath.py.txt,0,0,0.8903553237931601,0.0017599663692610577,0.005594515404950113,0.0011569629916313928,0.08643864275212608,0.014694588688871297
test,1_content_dhvanilp_Persistent-Binary-Search-Trees_index.py.txt,0,2,0.25032003352968324,0.14396932687511713,0.26981592389110753,0.020633669541406906,0.2047039073680566,0.11055713879462853
test,23_content_mpgiii_binarysearchtree_unittests.py.txt,0,0,0.49162104328851436,0.07109829043359434,0.03962156047198719,0.024377292148727744,0.28429266058709657,0.0889891530700797
test,44_content_CppbetterC_A-Star_Heap.py.txt,0,0,0.3956316883807161,0.083309937274744,0.05550201813092915,0.10829210557453446,0.22127661645927577,0.13598763417980067
test,5_content_Schemberizer_Binary-Tree-Compression_tree.py.txt,0,0,0.47985699424713624,0.10681686771028522,0.05650756681306329,0.1131740210035604,0.06351844892466982,0.18012610130128495
test,99_content_erastus-murungi_binary_search_trees_splaytree.py.txt,0,0,0.5532596422354304,0.12674116513139463,0.06295590383503527,0.015379601973696396,0.0752872459284927,0.16637644089595055
test,24_content_Jagdishkharatmol_Sorting-techniques-_pythonin.py.txt,0,0,0.273207982374319,0.2105361401596761,0.16546079107248374,0.030641381192535216,0.26929692709447417,0.05085677810651183
test,44_content_emilgab_bubble-sort_bubble_sort.py.txt,0,0,0.5107578537129738,0.01775585193447384,0.15083351889666968,0.13263232681441212,0.051072143579990494,0.13694830506148017
test,45_content_Janteby1_bubble_sort-copy_bubble_sort.py.txt,0,0,0.7672908831624013,0.013267410127565929,0.0819737448117477,0.018587278673020978,0.024335329572753053,0.09454535365251117
test,46_content_gabysoares_PythonBubbleSort_ResultTable.py.txt,0,0,0.6994688621010572,0.002426255449100973,0.14043123729486068,0.127343269047286,0.005675160270821705,0.02465521583687332
test,73_content_kamil-owczarek_sorter_sorter.py.txt,0,0,0.5580081563033253,0.299348936816812,0.06299873523541916,0.01915702129560584,0.048157458121844,0.012329692226993745
test,79_content_lorenzo3117_python-sorting-scripts_sortingScript.py.txt,0,0,0.4460197560220806,0.42447445056868405,0.06833715378890115,0.0013179000327574908,0.05484729749466783,0.005003442092908789
test,21_content_rahul494_Mental-Health-On-Twitter-Analysis_relevant_tweet_filter.py.txt,0,0,0.39475112062071555,0.07322831269230767,0.039953806317948176,0.2022071459048543,0.04209644938644175,0.24776316507773247
test,24_content_MuyaoWang_OnePlusTwo-BigData_PostProcessForReport.py.txt,0,0,0.44315524800818656,0.24624932490390944,0.13802849964310637,0.024624067710230787,0.13581843287343648,0.012124426861130265
test,26_content_Emersonxuelinux_One_Big_Archive_Listing_10-1.py.txt,0,0,0.4551865235503748,0.23995135666070116,0.0898571951915086,0.12853475741092985,0.06417784086021466,0.022292326326270706
test,26_content_Emersonxuelinux_One_Big_Archive_Listing_8-4.py.txt,0,0,0.6715888794560058,0.01647192144350708,0.0018818157031920877,0.046543038591243056,0.006059458242579581,0.25745488656347254
test,30_content_sdws1983_The-big-data-OF-The-Plant-Cell_calculate-author.py.txt,0,0,0.842436174003192,0.007203191426155676,0.018080287347929644,0.030075176740306086,0.04399389297972372,0.05821127750269286
test,32_content_jtuckerk_oscar_prediction_full_featureset_prediction.py.txt,0,1,0.34024183962085897,0.35492385983155994,0.14365031128813008,0.036605500657667545,0.10213842626101623,0.022440062340767203
test,3_content_Sapphirine_Detecting-and-Predicting-the-Impact-of-Events_calc_train_anamoly_10ile-Copy5.py.txt,0,0,0.487544034960877,0.0959698062749862,0.05266752887066732,0.052852100090532365,0.2655064046695866,0.04546012513335056
test,51_content_rrnarayan1_one-big-thing-backend_app.py.txt,0,0,0.5567839738537984,0.1183956295577279,0.05543098645211582,0.050187376363452836,0.10377208679046143,0.11542994698244344
test,52_content_PhaniBalagam27_Big-data-Analytics-on-dallas-police-incidents-dataset_Q5_code.py.txt,0,0,0.47266411381623336,0.28838031004737263,0.05158555893149818,0.014888025437036184,0.09729037061915355,0.07519162114870602
test,5_content_anguillanneuf_bigO_02_linked_list.py.txt,0,0,0.5098252789333378,0.0524249346643158,0.16625658366694687,0.06606450861989889,0.16155570054962434,0.04387299356587642
test,5_content_anguillanneuf_bigO_28_valid_bst.py.txt,0,0,0.5662727484276187,0.10962000024044304,0.06492100544047152,0.05434794530391859,0.05949650059464426,0.1453417999929039
test,5_content_anguillanneuf_bigO_54_fix_tampered_bst_efficient.py.txt,0,0,0.5341230934234213,0.10072906368496476,0.05275132649697129,0.09382068059705433,0.09427359332746911,0.12430224247011919
test,5_content_anguillanneuf_bigO_76_longest_subsequence.py.txt,0,0,0.47049573101757913,0.30093952240867927,0.03768515983534864,0.006663001446407772,0.1223742077252052,0.061842377566780043
test,5_content_wiflore_Data-Lakes-on-AWS_etl.py.txt,0,0,0.5750048923256753,0.038615649076143024,0.12019127023239848,0.08182675986080869,0.03934517011498829,0.14501625838998627
test,6_content_gauravpatle_Data-Analysis-of-IMDB-Users_DataPreprocessing.py.txt,0,0,0.5876267308796701,0.3134402418009388,0.02316365212045346,0.002565202828847689,0.06546513472627581,0.007739037643814212
test,7_content_PotatoSpudowski_The-centralized-guide-to-distributed-storage-and-processing-of-big-data_13_makerspace_analysis.py.txt,0,0,0.7653860682643439,0.13346729997252516,0.019122863963869165,0.020389819415152166,0.01882288713427132,0.042811061249838196
test,10_content_analyticsbot_document-similarity_word_mover_distance.py.txt,0,0,0.4281463266096762,0.3391553613280365,0.11944655884091962,0.028805229532004963,0.056816829766253366,0.027629693923109388
test,11_content_kirokuan_Idf-tf-DocCompare_hwTest.py.txt,0,4,0.12353808297542908,0.07547596720610714,0.08517147887628472,0.2513404236357886,0.2956857142526465,0.16878833305374397
test,1_content_HarryBaker_LDAtopicSimilarity_topic2vec.py.txt,0,0,0.3346669860737161,0.28844596216211243,0.07705229516069775,0.00804303344682879,0.25648127918990277,0.03531044396674205
test,2_content_spygaurad_AI_LAB_6_537_Suraj_doc_similarity.py.txt,0,0,0.4994690545144943,0.3270761891225298,0.0263661651491631,0.0015173102324938235,0.13640507007638591,0.009166210904933117
test,3_content_JennaBellassai_phrase-similarity_similarity_score.py.txt,0,0,0.872323260596673,0.001727170641055825,0.020625495144615657,0.03277402425366992,0.009863960821296609,0.0626860885426891
test,6_content_muhammadhabibi_CBS01_Main.py.txt,0,0,0.8589818793549316,0.0467093467398342,0.037414122565357,0.002547632700381224,0.051802294320967106,0.0025447243185288057
test,6_content_muhammadhabibi_CBS01_NaiveBayesNLTK.py.txt,0,0,0.7558528578614172,0.1403688508549711,0.054444114281078,0.011588809293602224,0.026703232267079626,0.01104213544185196
test,6_content_yashambre_Document-Matching-Algorithm_DM.py.txt,0,0,0.8539743172046554,0.07530926061393109,0.01942412687302202,0.0018468117330213815,0.04209300686122595,0.0073524767141443775
test,7_content_gautamdasika_Document-Search-Engine_finalsearch.py.txt,0,0,0.49517585116866786,0.23356455863997475,0.06567320516984246,0.011802317375834839,0.1586311188729205,0.035152948772759686
test,8_content_shukali_tweet-similarity-ranking_tweetranking.py.txt,0,0,0.5975469779759797,0.1568307061362454,0.08831253299403298,0.0814162670333476,0.02838121830631707,0.04751229755407745
test,8_content_uzzielc_Document_Similarity_using_TF-IDF_with_Cosine_Dist_article.py.txt,0,0,0.4159176211089114,0.38427306731222954,0.025142727954790833,0.0033790956507417816,0.14411948923152665,0.027167998741799832
test,26_content_1970633640_Design-and-Analysis-of-Algorithm_ex7.py.txt,0,0,0.5664079351647078,0.3449079503414591,0.01793065203519151,0.0013551555327241827,0.059548654942885706,0.009849651983031706
test,28_content_tomsiwek_gprMax-Designer_materials.py.txt,0,0,0.5304812164086694,0.046223583633849125,0.05778099576771261,0.07987089633237197,0.11404217663509215,0.1716011312223047
test,28_content_tomsiwek_gprMax-Designer_operation.py.txt,0,5,0.2019291719859464,0.03190525318054358,0.028420443934524694,0.18220557519273758,0.2005387908738896,0.3550007648323582
test,37_content_baptiste0928_userinfo-bot_main.py.txt,0,0,0.5204699778943698,0.3360015295588686,0.04716637211147189,0.031335527238188686,0.026452354879050403,0.038574238318050645
test,84_content_vineetred_aesDES_test.py.txt,0,0,0.5823953292456112,0.29953704037069173,0.056177391309487054,0.01178987171973848,0.024752082363297755,0.02534828499117366
test,85_content_kenil-shah_Description-Based-Person-Identification_config.py.txt,0,0,0.5274608266908236,0.04785106981909153,0.038108864545695016,0.1515551899024909,0.047798951147435854,0.1872250978944631
test,86_content_Enkhai_simple-DES_encryption.py.txt,0,0,0.5629305600430425,0.05242705179689846,0.0957943677609578,0.007465306914595939,0.05882121399199268,0.22256149949251253
test,86_content_Enkhai_simple-DES_misc.py.txt,0,0,0.6185487619365108,0.051298244022609914,0.07591327804725963,0.18154394595264553,0.005169221143306102,0.06752654889766815
test,8_content_usmanali414_Destruction-Detection-in-Satellite-Imagery_augmentation.py.txt,0,0,0.5285499479448473,0.277902304432082,0.019777701824411187,0.08396398567037816,0.08061368755389665,0.009192372574384516
test,1_content_akhilesh1311_MazeSolver_hard_maze.py.txt,0,0,0.9397689801282006,0.0011146506631121373,0.01590412476783293,0.025119511572725826,0.005714600524433083,0.01237813234369544
test,27_content_PriyeshV_GAP_Kernels_DFS_run.py.txt,0,0,0.5488798848560605,0.1657015952681463,0.03766306195411398,0.004671902217353701,0.17209284905159913,0.07099070665272646
test,29_content_sarapple_AI-Search-Algorithms-Pure_driver.py.txt,0,0,0.37090064845771903,0.19438003391226658,0.06772329780633157,0.027553037389663897,0.28576647669164185,0.053676505742377
test,48_content_ethanZHY_Crawler_BFS_DFS_Python3_Crawling_Doc.py.txt,0,0,0.3994861888985618,0.16052809654114011,0.10302164998595875,0.10193188144662078,0.22903461025583086,0.0059975728718876355
test,4_content_drinkbeer_DFS-Python_common.py.txt,0,0,0.47821527062594354,0.14292514873746695,0.013380951364178583,0.0004665496502480333,0.32208152921802435,0.04293055040413865
test,84_content_WizHacks_ChordDFS_topo.py.txt,0,0,0.8618916864940981,0.0042973698741213305,0.019122524106775955,0.0704862853232944,0.03641273175331154,0.007789402448398579
test,18_content_matinpf_ECDHE_RSA_Python_main.py.txt,0,0,0.5649872680625025,0.3641754055010514,0.009336991336712433,0.00195733480905286,0.050256407347907886,0.009286592942772795
test,18_content_matinpf_ECDHE_RSA_Python_utils.py.txt,0,1,0.24836601205106468,0.37711768225312786,0.176384120080704,0.045978684953621694,0.10320275589268947,0.04895074476879225
test,21_content_swawibe_pyDH_Client.py.txt,0,0,0.884654891841518,0.05141689297349018,0.005163977977224689,0.001248189110367796,0.047816223418209555,0.00969982467918982
test,27_content_AlpCentaur_Diffie-Hellman-Implementation_Attack.py.txt,0,0,0.455259133990445,0.2049422260987958,0.15253875670055853,0.011434127433226722,0.12905491778175482,0.0467708379952193
test,33_content_nikhil-paramane_-Diffie-Hellman-key-Exchange-Algorithm_dh.py.txt,0,1,0.1567789092558317,0.34670149948758094,0.13634242405550487,0.015786113988832385,0.2720311604066969,0.07235989280555316
test,35_content_DiarmuidKelly_Key_Exchange_diffie_hellman.py.txt,0,1,0.28085339216891875,0.43315460655795385,0.07526885522390564,0.058270616078620635,0.06435810744070107,0.08809442252990016
test,60_content_dunglq2000_chatbox-encrypt_client.py.txt,0,0,0.6492517110286635,0.24954980833501253,0.056867888713579506,0.0005783106638748158,0.039941737066558396,0.0038105441923110585
test,71_content_logyball_public_private_encryption_driver.py.txt,0,0,0.5422304983575851,0.176283209994047,0.13279826896336822,0.04143802226739558,0.08618698607392261,0.021063014343681574
test,11_content_langokalla_A-star-Pathfinder_map.py.txt,0,1,0.2603486977714547,0.33420357192775857,0.17220541420570887,0.04095753013654973,0.12585701171866664,0.06642777423986146
test,15_content_meghanagabhushan_DijkstraAlgorithm_dijkstra.py.txt,0,3,0.062432887991561895,0.07438107105114806,0.12253013684626463,0.39578014636787956,0.050077929446999396,0.2947978282961463
test,15_content_ronma1_Dijkstra_graph_algo.py.txt,0,0,0.48648077136823215,0.16170976797195025,0.12636874227049377,0.1387355339633925,0.02311289166095396,0.06359229276497735
test,19_content_mmcetindag_ShortestPathAlgorithms_bellman-ford.py.txt,0,0,0.3863371257187139,0.3787698127121642,0.08599301447877333,0.010123020059185226,0.11702132889382713,0.0217556981373363
test,47_content_woodElec_Parallel-Dijkstra-Networkx_voronoi_module.py.txt,0,1,0.3049911934013045,0.39755024480475837,0.11320270323028052,0.021970629869316593,0.13558432727363973,0.026700901420700324
test,50_content_krj9cr_Hybrid-Prim-Dijkstra-GUI_Helpers.py.txt,0,0,0.9164324802311323,0.00428382935974724,0.005474527142746674,0.04158110219334507,0.015001820676871183,0.01722624039615746
test,8_content_rprahlad1_guavabot_solver.py.txt,0,0,0.38354434780148267,0.20322512389019068,0.1112896048802592,0.12017253221678387,0.06310220409438021,0.11866618711690347
test,12_content_Subhamacademia_Efficient-way-to-Check-the-Divisibility-of-a-Number-by-Three_ex0.py.txt,0,0,0.9277654646612817,0.05669066118340599,0.005515478690965953,0.0005587450861499222,0.001339083355266043,0.00813056702293059
test,15_content_Nabeel-Asghar_List-Divsion_List-Division.py.txt,0,0,0.4034622519451174,0.3503331002763313,0.02729888104847942,0.0005289305217107865,0.21710430173739584,0.0012725344709653534
test,4_content_flaviohenriqu_divisibility_flaskapp.py.txt,0,0,0.45169467971470184,0.17221524065765162,0.08060114781249161,0.10709649068826879,0.056923290606489124,0.13146915052039693
test,6_content_marcelotokarnia_dojo-divisibility-rules_is_divisible.py.txt,0,1,0.2607142113753347,0.4061504744906913,0.07739884259684061,0.013033959759364225,0.1618465561022694,0.0808559556754998
test,7_content_jakobpederson_divisible_pair_sums_test_divisible_pair_sums.py.txt,0,0,0.4772956296159674,0.05480627998444894,0.19558530018911296,0.05780876153822007,0.15386614915679123,0.06063787951545938
test,10_content_kllinzy_Elliptic-Curve-Cryptography_ecc.py.txt,0,0,0.6530664422601148,0.18375219469279777,0.05677012527759396,0.008837460780168168,0.07867082647230642,0.01890295051701888
test,10_content_ko-hii_EASY-Elliptic-curve-cryptography_decryption.py.txt,0,5,0.11830251287236512,0.10803908381598899,0.07467324451322528,0.2680552339430146,0.05329357177360969,0.3776363530817963
test,20_content_UAvinash7_Cryptography_DigitalSignature.py.txt,0,0,0.5997872403865321,0.34767035119398987,0.017182305599602574,0.0012568260669152335,0.029657284786267425,0.004445991966692897
test,27_content_ayaar25_elgamalecceg_interface.py.txt,0,0,0.5030923419549199,0.03452963304703405,0.06266584848291101,0.00924673989286283,0.33981342050155994,0.050652016120712136
test,27_content_ayaar25_elgamalecceg_pointoperatorecc.py.txt,0,0,0.48505499068783614,0.15457509585579146,0.11537240209861643,0.2061232740377317,0.02411732949821752,0.014756907821806836
test,6_content_gionanide_Cryptography_ECC_DH_key_exchange.py.txt,0,0,0.7640773270159418,0.014575901106611076,0.006171041045695642,0.08943588570100754,0.010462712504320223,0.11527713262642356
test,6_content_gionanide_Cryptography_VernamCipher.py.txt,0,0,0.5958166693433862,0.17328017336277027,0.1194201021281256,0.016491176111126105,0.077779089238467,0.017212789816124955
test,11_content_harishchellappa_Time-Series-Analysis-Bike-Sharing-Demand-Forecasting_forecasting_passes.py.txt,0,0,0.4943675339816109,0.3192842522856073,0.014643370039226576,0.007026042883045891,0.11661714516539833,0.04806165564511097
test,9_content_Soumyabrata_predicting-pwv_benchmarking.py.txt,0,0,0.5340782885894149,0.14391779798267623,0.11175726180514174,0.11847053453128525,0.06922170217594299,0.022554414915539066
test,11_content_kousu_primes_wsieve_b.py.txt,0,0,0.8289514063576898,0.024658352215129346,0.021639158876797453,0.03475261770215799,0.05051412109056906,0.03948434375765614
test,12_content_vidya_digit-factorial-chain_test_digitfactorialchain.py.txt,0,0,0.6217928885090936,0.21594116447982425,0.023080349789830368,0.008190452261491073,0.032667844541802986,0.09832730041795765
test,30_content_talbrecht_ensemble-scoring_run.py.txt,0,0,0.5104407450784775,0.32513805939679474,0.04049733574756611,0.010467931185402986,0.09078037430284236,0.0226755542889163
test,36_content_EricHeGitHub_python-factorial-base-rubik-rectangle-word-game-overlapping-photographs-related-algorithms_factorial_base.py.txt,0,0,0.5583404924343716,0.08681537070505661,0.10710729155949093,0.013704775316758228,0.20149966932219324,0.03253240066212937
test,4_content_rohinigopalqxf2_Factorial-Calculator-Practice_05_Non_Integer_Validation.py.txt,0,0,0.6726027148703314,0.067966920795056,0.011704001303333258,0.023465889470148032,0.12805448874648592,0.09620598481464535
test,51_content_adityapatelgithub_Expressions-and-Functions_evaluate.py.txt,0,0,0.4102344668622913,0.4056278042423995,0.0368026197719775,0.007610160952164488,0.11927912576085281,0.02044582241031414
test,51_content_adityapatelgithub_Expressions-and-Functions_peekable.py.txt,0,1,0.36604322983426024,0.450395860026376,0.03241121560520742,0.07133764539686538,0.06071549301648554,0.019096556120805366
test,5_content_brown9804_Python_DiversosAlgortimos_CreandoMatrizApartirTXT.py.txt,0,0,0.5825375745532215,0.22935458643452147,0.0877869521461786,0.012368251097359555,0.05328923054723898,0.03466340522147977
test,77_content_elisawarner_Fun_determinant.py.txt,0,0,0.8723505179645886,0.004020287324493718,0.0455696819178411,0.021942262235783522,0.013340994968852412,0.04277625558844084
test,13_content_danielSbastos_binary-fibonacci_columns.py.txt,0,0,0.6831945826076342,0.09421043662806301,0.04169917577729684,0.09271371479316112,0.027136426876306075,0.061045663317538766
test,13_content_danielSbastos_binary-fibonacci_prototype.py.txt,0,0,0.5599911203600236,0.29900225341464004,0.038265099971778516,0.009198483854693544,0.04003530705064154,0.05350773534822263
test,38_content_emilyhammer_fibonacci_app.py.txt,0,0,0.6532419531463729,0.15800144117928816,0.01728819188799822,0.0041342560467050775,0.11513462735386183,0.05219953038577389
test,68_content_jacob-bonner_ICS3U-Assignment7-Python_fibonacci.py.txt,0,0,0.48946589284793074,0.09895248140773494,0.12011463690674604,0.0469639576721976,0.20045133868540785,0.0440516924799828
test,99_content_MatheusMuriel_ProgramacaoDinamica_Memoria.py.txt,0,0,0.7397364495267899,0.12333217809442236,0.018556486666482398,0.012331335516045202,0.08565109060015585,0.0203924595961043
test,12_content_byu014_all-pairs-shortest-path_allPairsShortestPath.py.txt,0,0,0.40069693633991726,0.22811722514317567,0.06766909253964855,0.039717329745363204,0.11677580450537448,0.14702361172652076
test,14_content_arnaudperalta_py_graphpath_graph.py.txt,0,0,0.4357776142282799,0.33267777906417345,0.04895875629537993,0.005962011270290417,0.15557481272469095,0.021049026417185434
test,5_content_Abdallah-Elshamy_floyd-warshall_APSP-Floyd_Warshall.py.txt,0,0,0.407472837764831,0.2332341635683777,0.10646801157143145,0.03743743432227728,0.17666893088903576,0.0387186218840466
test,6_content_1siddhi7_Floyd-Warshall_tk.py.txt,0,0,0.3903804541045274,0.3593418060581994,0.06940286976841942,0.006536532728138276,0.11475434787744877,0.05958398946326678
test,7_content_ghifarozarrr_floyd-warshall-algorithm_floyd.py.txt,0,0,0.49072958710055076,0.25811881443603174,0.08296002759399325,0.010875463745674418,0.1215233335780435,0.03579277354570637
test,10_content_nazaninsbr_Intelligent-Systems-CA3_Q3_Clustering.py.txt,0,0,0.8984705745000227,0.003056517318757262,0.006153816927584672,0.02391419021799974,0.0189250414226798,0.04947985961295592
test,26_content_dmallya93_Intelligent-Web-Services-Discovery-using-Clustering-Method_description_similarities.py.txt,0,0,0.5218666690503028,0.3790061967771004,0.005760315273905734,0.001822994415116931,0.06810153904831313,0.023442285435261008
test,54_content_juancprzs_hierarchical-clustering-example_tutorial_python.py.txt,0,0,0.5461878827298682,0.20685086511916043,0.08120694272802748,0.044220186042490256,0.06962954118315866,0.05190458219729494
test,55_content_siddbhatia07_MACHINE-LEARNING_Simple_linear_regression.py.txt,0,0,0.5535094756736775,0.2324235483336564,0.07769349460906777,0.04033206112091464,0.06642304881902275,0.029618371443660987
test,61_content_cthorrez_deepsetLinkage_baselines.py.txt,0,0,0.3515229556460368,0.2968011648328919,0.2401513193668146,0.0031519422506152573,0.08903184042827902,0.019340777475362544
test,61_content_cthorrez_deepsetLinkage_plot_results.py.txt,0,0,0.4905857736037557,0.1788644491099845,0.06546832409173559,0.11482109570995128,0.02975665596939926,0.12050370151517364
test,86_content_sudarshan-koirala_Clustering-Algorithms-Comparision_hierarchical_clustering.py.txt,0,0,0.6006813439554155,0.10097056196221314,0.08279781888367403,0.029270536547530143,0.11782932682406091,0.06845041182710611
test,93_content_vishwakftw_extreme-classification_baseline.py.txt,0,0,0.4603206259131686,0.19870659747806585,0.15606176665355703,0.0751660905196991,0.07408195190156375,0.035662967533945766
test,16_content_loalberto_Analysis-of-Compression-Algorithms-_HuffmanCoding.py.txt,0,0,0.6127710541409477,0.03469802650087717,0.0884789325661404,0.1107937089577745,0.09421678338418685,0.05904149445007333
test,28_content_Mansy_HuffmanCode_Huffman.py.txt,0,0,0.642287972776187,0.23345393814610946,0.048152748867385,0.0266796983735415,0.02209839316525666,0.027327248671520532
test,45_content_craig-m-k_huffman-coding_heapify.py.txt,0,0,0.3074908773312538,0.20560203657120285,0.08469887259866518,0.06312325727716202,0.14514072797420285,0.19394422824751323
test,12_content_timhebert1963_InsertionSortAdvancedAnalysis_Hackerrank_TC2_1_length_441_answer_46768.py.txt,0,4,9.823533636029619e-06,0.28061017855874487,0.14095946581471602,0.17267771066484844,0.2921932746126948,0.11354954681535986
test,14_content_LOOPPO_INS_MERGE_sort_insertionSort.py.txt,0,0,0.3497080768304059,0.2472624930101776,0.03925580495939211,0.01641704952518139,0.2618956784326533,0.08546089724218964
test,24_content_gly11_Sort_Run.py.txt,0,0,0.556777553870225,0.22269620826910652,0.16503182291582402,0.013122739344778294,0.04047100733457449,0.0019006682654916466
test,24_content_lesdev_SortingMethods_Insertion.py.txt,0,0,0.6841212112633461,0.08052207512204966,0.014180514920842406,0.0015749453687887364,0.20532217058784047,0.014279082737132501
test,26_content_manzala_Analysis-of-Algorithms_merge_sort.py.txt,0,0,0.6742084580022786,0.05711487516388163,0.08046722719283764,0.025445106455551397,0.08442147158395034,0.07834286160150039
test,42_content_matbot_Py_merge_vs_insert_sorts_insertionsort.py.txt,0,0,0.40731351168467134,0.052637092308689286,0.1555265124374214,0.09477139926009355,0.17786532423479923,0.11188616007432514
test,46_content_arun-p12_sort-algorithms_quick_sort.py.txt,0,0,0.6123641975796075,0.17885432135311552,0.054968755816767585,0.052789971693923125,0.047871263972848084,0.05315148958373817
test,46_content_arun-p12_sort-algorithms_shell_sort.py.txt,0,0,0.544962072722949,0.272619695774977,0.07242345590150412,0.014458200881741616,0.06549284528426202,0.03004372943456606
test,54_content_ceydapolat_Sorting-Algorithms-Analysis_InsertionSort.py.txt,0,0,0.45135435801362284,0.1962469914251815,0.14020398795284714,0.013144652412689617,0.1812040334050544,0.01784597679060457
test,10_content_patrickkingg_K-means_Clustering_kmeans.py.txt,0,0,0.3995143314989373,0.3606351532710277,0.0728809692752409,0.004496340724014029,0.1261560517614647,0.03631715346931546
test,14_content_gravelund-gis_MapSorter_KMeans_analysis.py.txt,0,0,0.7084411234412296,0.014589848918186361,0.07015278958571039,0.02965680950613858,0.12547266324011586,0.051686765308619376
test,28_content_NurzatRakhman_k_means_k-means.py.txt,0,0,0.5365863035666181,0.11688345423123421,0.0774338107916985,0.1677491442086307,0.07171907295971935,0.029628214242099278
test,29_content_AouinaOns_K-Means-Clustering_K-means.py.txt,0,0,0.6619428991596972,0.07621444632315112,0.07057949965380012,0.06668923257393941,0.04350328446395478,0.08107063782545737
test,56_content_lpyhdzx_clustering_data.py.txt,0,0,0.49084949955859575,0.30210333445293536,0.03824060631071467,0.13362427061784007,0.017951667410417257,0.017230621649496795
test,5_content_teawifi_k-means_clustering_loader.py.txt,0,0,0.40408327628314533,0.07103411058796291,0.03487828488297749,0.29738656282702824,0.006366328496525981,0.18625143692235993
test,66_content_Mary268_K-Means-Clustering_k_means_clustering.py.txt,0,0,0.6592168858617585,0.17147979582969064,0.05596701122046911,0.03475182257358844,0.04428636092849339,0.03429812358599992
test,7_content_MercuryM_Metric-Learning_Q2_Aa_2.py.txt,0,0,0.5543916682738397,0.1411188069386406,0.05967221943683176,0.04372684364471099,0.050599070459949935,0.15049139124602703
test,96_content_jtwaugh_gap-statistic_gap.py.txt,0,0,0.6001054945505138,0.10838809160412934,0.023086843580780125,0.06271407491544163,0.054301398741242214,0.15140409660789284
test,10_content_ajcse1_Predicting_Picture_Orientation_NeuralNetwork_predict.py.txt,0,0,0.4041760513567087,0.29287005311168385,0.05735703249636329,0.033555826546794336,0.1657389507393497,0.046302085749099914
test,32_content_prakashsellathurai_OPTICAL_CHARACTER_RECOGNITION_PossibleChar.py.txt,0,1,0.17536281793026287,0.4145361631126017,0.158757149183054,0.005699536514858222,0.14753062148138826,0.09811371177783493
test,46_content_whoif_Cost-Sensitive-KNN_plotHelper.py.txt,0,0,0.4968223626762837,0.3428634610502502,0.03842067129716029,0.007527528160721652,0.03931025194991829,0.07505572486566574
test,6_content_cooperlab_KNN_Survival_DataManagement.py.txt,0,0,0.3732250143061718,0.17822564769194746,0.18810185897070308,0.022856925143448045,0.1820557045996683,0.05553484928806139
test,7_content_cp2-dc-info-lamp-2018_iris-knn_nao_somos_botanicos.py.txt,0,0,0.4663454370037346,0.1336179531822977,0.0011594335387187572,0.008176357031563893,0.053987428815098264,0.3367133904285868
test,13_content_Ade-Adeleke_KruskalAlg_Kruskal_Algorithm__1_.py.txt,0,0,0.6670692003952954,0.04968071831709216,0.0422321971717667,0.007900236368581675,0.04464220186480944,0.1884754458824547
test,16_content_drdeford_KruskalFlows_networkflows2.py.txt,0,0,0.29059396387183817,0.1477912837167106,0.20828012278430746,0.04569145288515599,0.26309654936774646,0.04454662737424129
test,16_content_sharatchandraj_MaxBandwidthPath_DijkstrasNoHeap.py.txt,0,0,0.5225883158004228,0.292000599698441,0.06634498854794876,0.04003530016094539,0.04627579509395735,0.032755000698284714
test,22_content_ABHIJIT-13_Kruskal-MST_kruskal.py.txt,0,0,0.8794928312169733,0.06856606197670109,0.012046427770000735,0.0005358931676536207,0.025612384639413944,0.013746401229257296
test,32_content_arian100y_Travelling-Salesman-Problem_createCaminos.py.txt,0,0,0.47601788153643076,0.3839570065030676,0.0883977801931279,0.004913964093671237,0.03928324399126132,0.007430123682441103
test,4_content_mincanhe_Network-routing-protocol_heap.py.txt,0,0,0.5723493374073813,0.2839990950556139,0.030325061929674137,0.00787215611646201,0.08314305266577596,0.022311296825092645
test,6_content_chiragragarwal_Graphs_And_Networks___init__.py.txt,0,1,0.0004518272702929626,0.7352839545602629,0.04412970029549013,0.12219587650915971,0.004749388184506547,0.09318925318028776
test,6_content_petronius_minotaur_dimensions.py.txt,0,0,0.48909920591853095,0.4173734174276472,0.00799622082032836,0.0070023791074615175,0.05746858494663793,0.021060191779394034
test,7_content_AlmazMirlan_Kruskal-Algorithm-Python-Turtle_AlmazbekMCom-17Kruskals.py.txt,0,0,0.6858911327351997,0.05734474458823873,0.09381015412095964,0.007418218246185421,0.14671594878738337,0.008819801522033039
test,7_content_Aly-Tomato_Prims-and-Kruskals_prims.py.txt,0,0,0.6187783997021109,0.2628307898953331,0.05798425772683719,0.018949407535691,0.023457385942726436,0.01799975919730118
test,8_content_dianaelmasri_TravellingSalesManProblem_AStar_Kruskal_Recuit_test.py.txt,0,0,0.9638835857981909,0.0028601944769536137,0.0036712900101606273,0.009258019767531324,0.014322492108638023,0.006004417838525649
test,11_content_Hyperparticle_LemmaTag_lemmatag.py.txt,0,0,0.3072654131024813,0.16457323540845636,0.08006680474308006,0.034336129755547104,0.2383403903141835,0.1754180266762516
test,14_content_Qutuf_Qutuf_urls.py.txt,0,4,0.07416586080964499,0.2331905807573388,0.04772784187988834,0.05551786091009951,0.3379972334787356,0.2514006221642927
test,1_content_hipster-philology_pyrrha_config.py.txt,0,3,0.05641453990698322,0.13021825001732193,0.18500371528171394,0.41619050251334616,0.11517196512426074,0.09700102715637418
test,23_content_uthea_lemmatizer_test_lemma.py.txt,0,0,0.6621042943907449,0.05889592389864982,0.0642759488576194,0.18935063235863855,0.023784472053496448,0.0015887284408508178
test,25_content_aajanki_finnish-pos-accuracy_download_models.py.txt,0,0,0.4896445398905979,0.1832619151092136,0.17841546470864517,0.00798560091797717,0.13319340034009097,0.007499079033475204
test,10_content_bradib0y_searchalgorithms_app.py.txt,0,0,0.5504651352861083,0.031171702736525732,0.12476978409389494,0.1544675994956823,0.052578743737544724,0.08654703465024405
test,10_content_taneesh28_Linear-search_linear_search.py.txt,0,0,0.5396377377113869,0.2751778724968441,0.004199300551214408,0.0017898605592733213,0.17806507138740313,0.0011301572938780212
test,12_content_ikraj5120_Linear_Search_Linear_search.py.txt,0,0,0.5769018620286112,0.23944810121629737,0.01834710575266356,0.010207954432529419,0.07923916087936247,0.07585581569053607
test,13_content_Pedinpsy_-inverted-index-search_hash.py.txt,0,0,0.9676064244035013,0.00028750500712839886,0.0011497717191690355,0.001245747316692026,0.008157388808500431,0.021553162745008778
test,13_content_Pedinpsy_-inverted-index-search_main.py.txt,0,0,0.8152097968069523,0.06074846702240564,0.012159048050797393,0.0028172317655216625,0.10076040723481391,0.008305049119509274
test,16_content_sanjay3001_Search-in-python_linear_search.py.txt,0,0,0.8788723039146088,0.009873663514910721,0.007846873865622104,0.000298637312231992,0.09034036740989014,0.012768153982736542
test,1_content_Chunning-Zhou_MILPBasedSearchAlgorithmDiff_main_feistel.py.txt,0,0,0.5236593143106865,0.012189323553989405,0.1520280091208632,0.050114653912991414,0.15112924701949468,0.11087945208197475
test,23_content_ayushkumarshah_Complexity-of-Linear-and-Binary-Search_code.py.txt,0,0,0.9258010129419509,0.0015310681235784726,0.023718410993606304,0.0191630238269591,0.016106134106255506,0.013680350007649474
test,27_content_ashwinvis98_Particle-Swarm-Optimization-for-Robotic-Search-Applications_ultrasonic_test.py.txt,0,0,0.8042852892296037,0.09043394881792106,0.003755398284634223,0.00040971725030170014,0.05656616778444905,0.044549478633090424
test,16_content_arifromadhan19_LinkedList_simple_linked_list.py.txt,0,0,0.49592767369485824,0.07801428278187177,0.15308083901528893,0.01857411152535107,0.23069438220453908,0.02370871077809093
test,24_content_pacslab_ACM-trans-papers-spider_ACMPaperSpider.py.txt,0,5,0.24495744135152406,0.13793169614639672,0.05005471873011686,0.2060726956802786,0.0884085360406875,0.2725749120509963
test,29_content_MeriBalasanyan_Circular_Linked_List_circular_linked_list.py.txt,0,0,0.6972775330088676,0.05865699341290827,0.027997364987949348,0.06913219967506438,0.10074298319143657,0.046192925723773745
test,2_content_Lok-lok_TestLinkedList_LinkedList.py.txt,0,0,0.4857272087465318,0.2024658852393148,0.06943419759722345,0.006957994118779129,0.178332122873973,0.057082591424177646
test,36_content_cyndyishida_QueueQuickSort_linked_queue.py.txt,0,0,0.6613879571540952,0.020890430243823244,0.04103757970519927,0.14090428318530374,0.06319850287015202,0.07258124684142651
test,43_content_muhamuttaqien_python-data-structure_heap.py.txt,0,0,0.5835546171178961,0.08625201588832311,0.04812066057779378,0.03549511812645033,0.15851357204287972,0.08806401624665683
test,46_content_lili668668_tensorflow-note_trytfb.py.txt,0,0,0.4257455610704212,0.2078949464225918,0.11809909665612067,0.01824311687512695,0.21475689740717155,0.015260381568567663
test,4_content_DebashishSarkarDurjoy_DoublyLinkedList_doublyLinkedList.py.txt,0,0,0.5005731431056192,0.1889600134319732,0.045135283826909206,0.020237436908186083,0.19852010568633935,0.04657401704097298
test,15_content_VakinduPhilliam_Pattern_Matching_Python_Glob_Directory_Matching.py.txt,0,0,0.5633441659322495,0.02708079383696263,0.03864123705837685,0.000504988061212253,0.15532465374263513,0.21510416136856367
test,1_content_susheelsagar_LCSS_final_loader.py.txt,0,0,0.4637855346518455,0.41707738128076227,0.014575043146509922,0.003673935945852773,0.09107472060635051,0.009813384368678884
test,2_content_athulvijayan6_python-rlcs_lcssMain.py.txt,0,0,0.4423142716497109,0.3117785223273399,0.09381563143468415,0.006868980404327738,0.13034240135296207,0.014880192830975312
test,2_content_shreya21rathi_Longest-Common-Subsequence_lcs.py.txt,0,1,0.14012697368091181,0.28547864103991716,0.19121438462911552,0.07245152335474499,0.27232422375230575,0.03840425354300488
test,3_content_pombredanne_string-alignment_LCS.py.txt,0,0,0.42615260523656584,0.2981973028310173,0.06817312092542298,0.046356624071634746,0.1387150954701041,0.022405251465255117
test,10_content_SamAllegretto_NaiveBayes_bayes__3_.py.txt,0,0,0.3123898349663587,0.25657947363965794,0.13535708724106002,0.0316311563213671,0.24261050968141812,0.02143193815013813
test,18_content_kandapagari_NaiveBayes_Naive_bayes.py.txt,0,0,0.6687305389438091,0.09930831740002531,0.026174138426924096,0.09163276351377228,0.03534333904999409,0.07881090266547508
test,42_content_darshan-jain-29_ml-naive-bayes-working-demo_email_preprocess.py.txt,0,0,0.5053617773504832,0.09503810309883949,0.22104465164794193,0.05177117443835235,0.1107914339083959,0.015992859555987088
test,76_content_mashfiq10_Naive-Bayes-classification_prob_1.py.txt,0,0,0.49880927572127104,0.2557148650973762,0.12156073900581126,0.04459423904082575,0.06805028707572838,0.0112705940589873
test,78_content_uptodiff_kdd-cup-99-Analysis-machine-learning-python_kdd_binary_classification_ANN.py.txt,0,0,0.5532106816854706,0.31997659474208745,0.022415680745240703,0.025538011633078613,0.051393047886119654,0.02746598330800292
test,91_content_mahsarazavi_Text-Classification_MLP_Model.py.txt,0,0,0.5627273012635893,0.32773170930590945,0.035787954501352935,0.01809515233055341,0.022666715614381706,0.032991166984213144
test,11_content_AlfioEmanueleFresta_practical-one-time-pad-python_exercise2.py.txt,0,1,0.035416157111760035,0.4586590731079543,0.01075535313612659,0.004106487507083734,0.04195263061902343,0.449110298518052
test,12_content_cuhsat_practical_practical_test.py.txt,0,0,0.4048538687277194,0.0010604558860830044,0.3258085863428443,0.025581001364473104,0.17915833394025302,0.06353775373862712
test,14_content_b-hub_cracker_test.py.txt,0,0,0.5303783561298955,0.24844740406469557,0.01798282268561744,0.00031943067169749054,0.19870892707411675,0.004163059373977221
test,23_content_git-remove_OTP-Decipher_decipher.py.txt,0,0,0.4008455435182325,0.0563809565066944,0.11398259021784081,0.13186526024511683,0.09592487815530812,0.20100077135680733
test,27_content_aferaudo_xor_keyobtainer_xor_keyobtainer.py.txt,0,0,0.3531649751035577,0.26262126889912624,0.13717075034001527,0.16563236197848774,0.037088909526611084,0.0443217341522018
test,2_content_Liu-WeiYi_Private_Preserving_Outlier_Behavior_Detection_Abnormal_Scenario_Generation.py.txt,0,0,0.5476768504187398,0.03151075316267993,0.059825420652067474,0.08369229258563603,0.15861431256708863,0.11868037061378806
test,4_content_mrimahajan_advanced_analysis_package___init__.py.txt,0,0,0.8212788363076543,0.02772271060074852,0.052662067080935376,0.07440346294085698,0.010847742523468727,0.01308518054633602
test,3_content_iykadev_pyalgo_ackermann_func.py.txt,0,0,0.6772418803615251,0.022497494522475174,0.11276798027879914,0.012990437261967478,0.15090782288623317,0.023594384689000002
test,3_content_iykadev_pyalgo_amb.py.txt,0,0,0.4347309101990079,0.31178349929489885,0.08865418568097609,0.010952777159584122,0.09152385833627333,0.06235476932925975
test,3_content_iykadev_pyalgo_evolutionary_algo.py.txt,0,0,0.6960843507409762,0.08027817789239464,0.1171566286657078,0.025377576201777094,0.05579297661197281,0.025310289887171444
test,3_content_iykadev_pyalgo_VertexGraph.py.txt,0,0,0.5312730775587698,0.3655585614400891,0.051064910974987644,0.008325252629983399,0.02624058959468145,0.01753760780148862
test,4_content_Ityer_3x3_Squared_Magic_Square_Finder_randomGuessing_OLD.py.txt,0,1,0.4059587910679991,0.45459284177812237,0.029582143686608383,0.010137712661972125,0.07986097671131222,0.01986753409398581
test,100_content_adelaidaCreosteanu_scikit-learn-diabetes-exploration_lasso.py.txt,0,0,0.36026500825944796,0.22371555731267442,0.12821562706375275,0.0985349347385321,0.1153199743884652,0.07394889823712746
test,12_content_MarynaTatsevich_Machine-Learning-Regression-Techniques_SVR.py.txt,0,0,0.7093757534246461,0.1984592614023346,0.028707086492439134,0.013382703513480787,0.031236255191945846,0.01883893997515345
test,14_content_RohanYedagiri_Polynomial-Regression_poly.py.txt,0,0,0.45974006613928065,0.41962808310909233,0.022495063167376993,0.012309111160249185,0.06593306037751687,0.019894616046484154
test,31_content_NorahJC_RegressionAnalyses_MultReg.py.txt,0,0,0.41334920138148207,0.34390479966703785,0.08285560865574346,0.014668029154900416,0.1256259746489408,0.019596386491895528
test,34_content_Pratiksha100_polynomial-regression_regression_template.py.txt,0,0,0.7647167272672446,0.1179282303683417,0.029788547707128462,0.013761989534138456,0.03616136881951043,0.03764313630363648
test,41_content_rinky97_polynomial-regression_my.py.txt,0,0,0.607082631359268,0.2836242053922114,0.028316979119340488,0.017373833385588112,0.033489395681017456,0.03011295506257449
test,45_content_swatimani16_Polynomial-Regression_code_final.py.txt,0,0,0.47288957280047156,0.3021252089046029,0.07831456823846536,0.06751012406331076,0.04295437425734717,0.03620615173580212
test,49_content_pranurs_regression-model_main.py.txt,0,1,0.22402700163608752,0.29509326750545994,0.2056335155221363,0.05582903416274915,0.0778180561305622,0.141599125043005
test,5_content_alisarmusa_House-Price-Estimation_housePriceEstimation.py.txt,0,0,0.4490649094993909,0.4129957420366215,0.05080562051507288,0.01892220549716677,0.06459853332696874,0.00361298912477936
test,60_content_winnie9197_The-Coding-School-projects_linear-regression.py.txt,0,0,0.608064308035073,0.06910677577829095,0.12942201073079188,0.08086484801527181,0.03404453139486835,0.07849752604570384
test,61_content_GauravRoy48_Polynomial-Regression_plr_GR.py.txt,0,0,0.6633363619304006,0.19126284613455197,0.042762206583993864,0.014877211040159854,0.07447650782827364,0.013284866482620061
test,64_content_hardik-dadhich_Polynomial_regression_model_poly_reg.py.txt,0,0,0.5897391805750551,0.23346119692007167,0.03352125759066906,0.042059564919780544,0.042005060318182054,0.059213739676241564
test,81_content_kiranathealea_regressionMachineLearning_Models.py.txt,0,0,0.40974722600212427,0.06360490330520564,0.07295310913764191,0.05669372285753759,0.17090592917747216,0.22609510952001838
test,12_content_croiden_successive-prime-numbers_generatePrime.py.txt,0,0,0.5690186526511732,0.2685139270251941,0.09091559896507435,0.02901297900098557,0.02417021775524001,0.01836862460233273
test,12_content_Rafelito19_Crypo-Number-Theory-Projects_ferm.py.txt,0,0,0.6067766695617701,0.13067483792539672,0.10969860141755149,0.07042220772066468,0.032531474297983545,0.04989620907663359
test,13_content_dannbleeker_SearchForPrimeNumbers_runPrimeSearch.py.txt,0,1,0.012821543671968066,0.38024912934433713,0.199729347852015,0.012065065656197657,0.3626142962650659,0.03252061721041632
test,19_content_orzal_python_prime_numbers_prime_numbers.py.txt,0,0,0.4861330336936013,0.2647553068508517,0.02547223526486365,0.0004677653608525227,0.2073351041383543,0.015836554691476632
test,1_content_Fellfalla_prime-predictor_prime_predictor.py.txt,0,0,0.4650475769729412,0.09312368043804212,0.23309258193494278,0.10285965070788687,0.07320269265437233,0.032673817291814754
test,23_content_cjonsmith_prime_prime.py.txt,0,0,0.6095129833373167,0.033377095894870944,0.04669538501909987,0.042274110960390354,0.2025482990146977,0.06559212577362443
test,6_content_kennedyCzar_n-th_monsien_number_monsien_number.py.txt,0,0,0.6957209828475523,0.17527929775141626,0.04128516764160582,0.009892454851140249,0.06859350665195178,0.009228590256333479
test,8_content_tochukwuokafor_Mersenne-numbers-Lucas-Lehmer-test-and-Sieve-of-Eratosthenes_mersenne_numbers_lucas_lehmer_sieve_of_eratosthenes.py.txt,0,0,0.6485795976430877,0.127262200632289,0.06446409308865822,0.037277029720735495,0.08997558554832001,0.03244149336690966
test,96_content_pisaniFosso_TMR_driver.py.txt,0,0,0.46927358759340243,0.3018306377320207,0.09766316757927149,0.02151713346978007,0.08171090411022118,0.02800456951530442
test,9_content_jabrekadabre_prime-numbers_prime_nums.py.txt,0,0,0.6340598357543032,0.10900755366497349,0.011473640223501497,0.0002817483720839235,0.23803717603701868,0.007140045948119182
test,10_content_chiragragarwal_Graphs_And_Networks___init__.py.txt,0,1,0.0004518272702929626,0.7352839545602629,0.04412970029549013,0.12219587650915971,0.004749388184506547,0.09318925318028776
test,1_content_muzixing_graph_algorithm_prim.py.txt,0,0,0.44213043455284884,0.14424618083088123,0.11562545735132344,0.020333721598601532,0.22119740381469902,0.05646680185164601
test,6_content_usbogie_MSTcreator_Sollins.py.txt,0,0,0.9461427159142797,0.006106687723328431,0.011910744150199335,0.0068920025674996345,0.012328192083183342,0.016619657561509578
test,9_content_krj9cr_Hybrid-Prim-Dijkstra-GUI_main.py.txt,0,1,0.06361154613893773,0.4271347764581993,0.10486386335964862,0.024252575604369067,0.2896319743328296,0.09050526410601568
test,23_content_ymohanty_data-analysis_analysis.py.txt,0,0,0.5669653230050338,0.0696443158036614,0.07022983432209541,0.019263702986835347,0.13686439420358235,0.13703242967879162
test,27_content_AndresHerrera_PCA_Vowels_pca_training.py.txt,0,0,0.718330347761694,0.07484568346352455,0.049274274087339746,0.05381555880294025,0.022803223591889132,0.08093091229261246
test,40_content_furkanh_Principal-Component-Analysis_pca.py.txt,0,0,0.6584824485977838,0.14717418407679908,0.04047122897163888,0.011216162280642115,0.07263095268910481,0.07002502338403128
test,60_content_fabaloc_PCA_PCAstepbystep.py.txt,0,0,0.5534207064883587,0.3616655991104223,0.025973907348959623,0.00792789691859544,0.024830833069313375,0.02618105706435055
test,68_content_huynguyenqc_DIP-PCA_json_logger.py.txt,0,0,0.3956721617297094,0.01655600828455884,0.18510026801168888,0.18863044920832142,0.07818274258023887,0.13585837018548255
test,89_content_dronabanerjee_PCA-and-EM_hw03.py.txt,0,3,0.16454543887014778,0.12718619392220135,0.16321064991462683,0.24264525133640508,0.21975922122268327,0.08265324473393566
test,92_content_linasaha_Principal-Component-Analysis-to-generate-good-features-for-Handwritten-Digit-Recognition_PCA.py.txt,0,0,0.494074549020832,0.28470026985614283,0.08290012415530112,0.030433145565052843,0.08442006815611747,0.023471843246553586
test,100_content_ssquantum_PyDex_mythread.py.txt,0,0,0.4135999256710744,0.0027743963252734134,0.10325029708456548,0.07701816590344342,0.15163471542634782,0.25172249958929555
test,10_content_hmjansen_overflow-algorithm_overflow_algorithm.py.txt,0,0,0.46986421126414873,0.020399049989892025,0.15565757959958734,0.16336053555279553,0.1363489670754932,0.05436965651808315
test,10_content_Raj-Kumar2208_linkedList-Stacks-Queues-Hashing_arrayStack.py.txt,0,0,0.5459370356810789,0.16384904779122625,0.06884127414056225,0.07817099489270157,0.04811005407236564,0.09509159342206552
test,35_content_PeterUpfold_simple-temp-queue-pusher_simple-temp-queue-pusher.py.txt,0,0,0.7393667081801315,0.03352759226409711,0.016216009572256922,0.09033449535193246,0.014387853840406235,0.10616734079117598
test,38_content_dareofmeashwani_Pre-Processing-Queue-For-Deep-Learning-Model_DataQueue.py.txt,0,0,0.47016271593573183,0.016537973090749666,0.0672037635884461,0.03616056984156501,0.19596269295647675,0.21397228458703055
test,5_content_edison12a_bmrs-json-api_test_bmrs.py.txt,0,0,0.7725387616932254,0.20478966966239137,0.0031186800044633012,0.008908435729366004,0.002459796260924562,0.008184656649629429
test,62_content_jkassis87_QueScreenDataExtractor_qsde.py.txt,0,0,0.560527747957865,0.3547420960090342,0.015373357493698565,0.0019328409687436638,0.06358119297914001,0.0038427645915184855
test,11_content_TanaySinghal_SortingAlgorithms_sorts.py.txt,0,0,0.9547518835488933,0.0030681530308785967,0.019005197262512027,0.0012074616660052084,0.018704487969107637,0.0032628165226031495
test,20_content_bradruck_Quick_Sort-python_Assignment_7-P12.9.py.txt,0,0,0.5138711203356098,0.2967916151161485,0.08838573443451574,0.027202613731040864,0.04024121052516624,0.033507705857518895
test,25_content_bisigc_python_quicksort_quicksort.py.txt,0,0,0.9706505272427295,0.005356787508084289,0.006486307281940967,0.000588618471249168,0.014958736544804502,0.0019590229511916393
test,26_content_hemidactylus_skanfixer_sfUtilities.py.txt,0,0,0.5279712696455015,0.23500380716265595,0.09883178533943202,0.014823639140467084,0.09898899640485669,0.02438050230708681
test,31_content_alexthejewell_photo_sorter_get_photo_data.py.txt,0,0,0.4282804999262177,0.0648713648049437,0.06501076968064945,0.2653426450702179,0.03338194494144868,0.14311277557652263
test,3_content_iRGBit_indexhelper_all_indexer.py.txt,0,1,0.06326223513396663,0.4091117163755757,0.2272356570001302,0.011879109211356766,0.27573781357680927,0.012773468702161348
test,5_content_chriskbwong_quickSort_quickSort.py.txt,0,0,0.460462951240929,0.40048355835724714,0.025295493662014147,0.005684179277941209,0.09279026735065203,0.015283550111216312
test,6_content_austinteshuba_QuickSort_Sort.py.txt,0,0,0.4550546083290729,0.22179101529213485,0.13441455504414962,0.014926072320272323,0.1266070515561373,0.04720669745823295
test,80_content_arun-p12_sort-algorithms_quick_sort.py.txt,0,0,0.6123641975796075,0.17885432135311552,0.054968755816767585,0.052789971693923125,0.047871263972848084,0.05315148958373817
test,11_content_momaabna_Python-create-password-list-_creatlist.py.txt,0,0,0.4893068323105035,0.42952553451933,0.017048602653984078,0.0009954790547930126,0.060710769343568595,0.002412782117820817
test,19_content_andryak_complib_test.py.txt,0,1,0.279393743559002,0.2870389687144649,0.21192622973635877,0.009512546034254549,0.18732523290228453,0.024803279053635302
test,27_content_michaelbauerinc_TowersOfHanoi_node.py.txt,0,0,0.5484054625026096,0.013480976107337353,0.10083709048114084,0.10413565739193878,0.04574015047905951,0.18740066303791386
test,29_content_ntzhong_box_api_modify_links_main.py.txt,0,0,0.473483572528498,0.007819407777783224,0.11470816111373716,0.12380725072492191,0.13717817266755383,0.14300343518750594
test,33_content_prabhatpal77_Complete-core-python-_dictcomp.py.txt,0,0,0.5541129667831057,0.0003113754493832081,0.022588370404034035,0.323825265852895,0.02344573271315249,0.0757162887974297
test,4_content_doronbruder_Recursive-functions-_ex7.py.txt,0,0,0.6041938502285837,0.02184761038655678,0.04661249520177636,0.20328855983768018,0.0287034050396959,0.09535407930570702
test,16_content_exitmsconfig_python_knn.py.txt,0,1,0.06165921753090768,0.37949476098607754,0.1357400528093583,0.1299512976791388,0.16413520814031146,0.12901946285420623
test,2_content_Nathan-Binkley_My_RSA_M_RSA.py.txt,0,1,0.4156015022880605,0.44469309400498835,0.03671713633218219,0.0037178263758920428,0.0929260504299883,0.0063443905688887305
test,37_content_henritomas_ECE151-RSA-encryption_client.py.txt,0,0,0.4912969950180303,0.3761923291500328,0.03943393812609119,0.004881336205660426,0.07696406663894755,0.0112313348612375
test,41_content_yujiaoliang_rsa_yu01.py.txt,0,0,0.569051534873979,0.30927874114395054,0.018248582062541492,0.008385150649939862,0.062331963731784165,0.03270402753780495
test,43_content_strmrider_RSA_utilities.py.txt,0,0,0.6811031971044302,0.12393547286975021,0.06774196657347448,0.016203846580775904,0.045399631985857274,0.06561588488571185
test,55_content_Ali-Ouahhabi_AesRsa_cipher_structure.py.txt,0,0,0.2908610448513805,0.0413706995793645,0.17100859248067612,0.27426131784256824,0.04232355168221039,0.1801747935638002
test,67_content_peterjhyoon_rsa-math_math_functions.py.txt,0,0,0.6368886990421905,0.21826834705682202,0.08504271739453073,0.009687351855264321,0.03543449651431612,0.014678388136876412
test,6_content_JayDogon_RSA_Encrypt3.py.txt,0,0,0.48037718583188915,0.30300727774319475,0.06068124573607761,0.0032300933475902195,0.14029869929631789,0.012405498044930557
test,92_content_zaldis_RSA_tester.py.txt,0,0,0.401379041500618,0.24885663914479914,0.0941490983648747,0.023674805026738042,0.19147284659443167,0.04046756936853847
test,13_content_chandimajayawickrama_Simple-Sorting-Algorithms_insertion_sort.py.txt,0,0,0.4806457110775543,0.10344750412166828,0.04563961378625274,0.01861673753469978,0.26137916606369793,0.09027126741612694
test,15_content_hgdsraj_python_vs_ruby_speed_analyze_script_cpp.py.txt,0,0,0.9047563296253073,0.06728708090852524,0.0084539329470546,0.0020036903339009336,0.01741376686009453,8.519932511751874e-05
test,15_content_Jagdishkharatmol_Sorting-techniques-_pythonin.py.txt,0,0,0.273207982374319,0.2105361401596761,0.16546079107248374,0.030641381192535216,0.26929692709447417,0.05085677810651183
test,16_content_johnllanos_selection_sort.py_selection_sort.py.txt,0,0,0.6594934484918851,0.0572308727690036,0.022971955314879125,0.006513645932469876,0.17189266953605448,0.0818974079557079
test,34_content_rajdas2001_Sorting-of-lists-arrays_Bubble_Sort.py.txt,0,0,0.5345042790005267,0.20808855276966662,0.04276241867516258,0.004444531711641977,0.18976543971340512,0.02043477812959691
test,35_content_sviznyuk_pokemon-selection_select_pokemon.py.txt,0,0,0.6319979742339853,0.012698873299672094,0.06148198278911251,0.08208396117503636,0.17443117451176451,0.037306033990429116
test,39_content_lorenzo3117_python-sorting-scripts_sortingScript.py.txt,0,0,0.4460197560220806,0.42447445056868405,0.06833715378890115,0.0013179000327574908,0.05484729749466783,0.005003442092908789
test,41_content_sarahandert_python-practice--sorting_sample5.py.txt,0,0,0.6179065457452749,0.037385656770276186,0.13215515706685196,0.04484275458822712,0.12927157186940216,0.038438313959967586
test,5_content_Algomaster0628_SelectionSortAlgorithm_selection_sort.py.txt,0,0,0.5290881311693182,0.024461410213571125,0.022341774536273624,0.06022878974956777,0.24802121733347193,0.1158586769977972
test,2_content_IhsanPratama_ccvs_main.py.txt,0,1,0.03993345210445662,0.2880536190622564,0.26643712572390615,0.07822697333590757,0.2227572739846145,0.10459155578885862
test,10_content_zpeterg_bmig_5003_count_words_getFile_test.py.txt,0,0,0.45203511852506,0.25568836437317966,0.11924942841002527,0.0233797334579712,0.09313103304436826,0.05651632218939562
test,13_content_preetidurai_Spam-Ham-Classification-using-NB-and-LR_NBHelper.py.txt,0,0,0.5738048223585822,0.20237273328644945,0.028758241629099197,0.06644835302127264,0.07122981801851333,0.05738603168608299
test,16_content_NB-prog_INTERN-2019_similarity_eval.py.txt,0,0,0.4621767060520705,0.2560470622456892,0.09198865401724256,0.038674531310840324,0.03906929871544614,0.11204374765871139
test,16_content_NB-prog_INTERN-2019_train.py.txt,0,1,0.25361354830705063,0.36961504711444315,0.13985058658087474,0.0567419738130399,0.11148970178234285,0.06868914240224878
test,18_content_ashwinjoseph95_reviewanalysis_natural_language_processing.py.txt,0,0,0.5797171116391123,0.23990317051344073,0.028777645534103998,0.005593784143782409,0.10576114551503263,0.04024714265452807
test,18_content_Mital188_Logistic-Regression_logistic_regression.py.txt,0,0,0.3635019030484883,0.16006981516731641,0.23197164090900177,0.027899179549105473,0.1576012801700652,0.05895618115602283
test,20_content_aditiopangestu_spam_data_converter_lingspam_filter.py.txt,0,0,0.666910853962416,0.14468166071832103,0.09137889597645898,0.02612925777352367,0.04039441712947115,0.030504914439809305
test,22_content_vrpandey_Training-and-Comparing-Models-to-Predict-Customer-Satisfaction-Index-_main.py.txt,0,0,0.49502544562104156,0.12137408097479939,0.1357831013019425,0.04472721032483832,0.16332241811041834,0.03976774366695997
test,28_content_vinaykumarbu_sentiment-analysis-deeplearning_data_helpers.py.txt,0,1,0.1238193325171929,0.27372073874392916,0.11952159345989892,0.17192767263355177,0.10465085677509836,0.20635980587032896
test,28_content_vinaykumarbu_sentiment-analysis-deeplearning_gui.py.txt,0,0,0.41374449672289615,0.1928366355748679,0.20218482156111822,0.020769244488573885,0.15223093708417398,0.018233864568369815
test,3_content_tusizi_document-analysis_jieba_cut_document_to_vocabulary_with_nominal.py.txt,0,0,0.43795984262850185,0.4238610952205179,0.056761275972625425,0.018857938849904454,0.03420953906239519,0.028350308266055228
test,3_content_tusizi_document-analysis_mllib_tfidf_with_stopword.py.txt,0,0,0.46539138873824865,0.39170461583891886,0.027815198716240854,0.005575368184556624,0.05763716487638325,0.05187626364565179
test,1_content_DanShai_kernalized-tsne_main.py.txt,0,1,0.31492622076194693,0.35917846811107423,0.04701453676111837,0.07632323470021538,0.1428370466669473,0.05972049299869778
test,3_content_Lochanahasith_t-Distributed-Stochastic-Neighbor-Embedding-t-SNE-on-EC-dataset_tsne_with_ec.py.txt,0,0,0.49682356888513096,0.16141914864638357,0.1612105140471884,0.006535249446817645,0.14960839061097583,0.024403128363503456
test,14_content_tusizi_document-analysis_jieba_cut_document_to_vocabulary_with_nominal.py.txt,0,0,0.43795984262850185,0.4238610952205179,0.056761275972625425,0.018857938849904454,0.03420953906239519,0.028350308266055228
test,14_content_tusizi_document-analysis_mllib_tfidf_with_stopword.py.txt,0,0,0.46539138873824865,0.39170461583891886,0.027815198716240854,0.005575368184556624,0.05763716487638325,0.05187626364565179
test,3_content_avinashbhat_keyword-extraction-using-tf-idf_main.py.txt,0,0,0.6145955413490977,0.33745484427540573,0.008592776083390947,0.0001719444062613592,0.03766727154543047,0.0015176223404138266
test,44_content_Tian14267_Text_Keywords_Keywords_main_MutilSentence.py.txt,0,0,0.810328217876801,0.02824321830494793,0.019854785565792944,0.03874987363232333,0.009387690993810842,0.0934362136263242
test,45_content_raopg_Search-Engine_app.py.txt,0,0,0.4284871921715116,0.1924406722006917,0.13527637008687737,0.10170687927712914,0.05192916585762105,0.0901597204061691
test,46_content_loulai_InformationRetrieval_information_retrieval.py.txt,0,0,0.7919314327732385,0.002770731622232706,0.005455351299438077,0.06634678819555158,0.019878715350949445,0.11361698075858959
test,55_content_wangfan950309_TF-IDF_tf_idf.py.txt,0,1,0.09444460553639944,0.4001693048156309,0.1065349112636818,0.016616057664201295,0.3425584968823851,0.039676623837701507
test,58_content_zhaoyichanghong_machine_learing_algo_python_knn.py.txt,0,0,0.4342384308142063,0.14953016205949146,0.11552151828527615,0.09934991095445236,0.11982030596137651,0.08153967192519702
test,66_content_Fremont28_movie_recommender-_movies_tfidf.py.txt,0,0,0.6740878037735897,0.1922231746031172,0.015323650562466146,0.05103245115339987,0.016890500339408775,0.05044241956801835
test,13_content_zerolxf_VRL-SGD_process_tiny_magenet.py.txt,0,0,0.47794321219514024,0.34772731462630807,0.04273491376608095,0.012254711545251765,0.07870236158004232,0.04063748628717674
test,28_content_akrolewski_NonlinearMassFaster_tabulate_fiducial_rnl.py.txt,0,0,0.4892193621575121,0.20913899162332455,0.1297806097792888,0.03585466522051838,0.0967332606191168,0.03927311060023927
test,2_content_facebookresearch_reward-estimator-corl_configurations_continuous_uniform.py.txt,0,0,0.49277128185506425,0.1935970931314332,0.11705623547960105,0.04220857917514192,0.12619216808337394,0.02817464227538559
test,35_content_facundoq_rotational_variance_experiment_accuracy_vs_rotation.py.txt,0,0,0.6728298866935977,0.05339155619252562,0.08761021931856124,0.05380576704222215,0.061378804241864884,0.0709837665112283
test,6_content_hongzimao_input_driven_rl_example_script.py.txt,0,0,0.6191981147188341,0.008353097967144054,0.18054418492849642,0.00878374462272445,0.05004345795528722,0.13307739980751382
test,79_content_astrojneil_AllanVarCodeFinal_allanVar_plot.py.txt,0,0,0.48068536169884657,0.1722220349522644,0.07970600784450689,0.07899276399308935,0.14136813856252403,0.04702569294876879
test,88_content_hfk97_VaR_VaR.py.txt,0,0,0.6126218162852919,0.09245454246747425,0.14233150612657233,0.07007623233278262,0.03703665991200053,0.045479242875878484
test,8_content_Develop-It-19_Random_Forest_RF_Classifier_Wine_Quality.py.txt,0,0,0.561177376951737,0.24382463551774541,0.06422123644591439,0.01618402130706975,0.05436821949192204,0.060224510285611405
test,21_content_DaSunnySide_Stock-Analysis_jsonpractice.py.txt,0,0,0.4704414941930133,0.2635445261372208,0.07251821574827957,0.021166974367801388,0.1640889100893227,0.008239879464362405
test,39_content_jschriemer_Tennis-Tweets_web.py.txt,0,0,0.5976442296614524,0.058783326733950064,0.06683641411667043,0.08556193339226081,0.12951611163331772,0.06165798446234867
test,42_content_naomistuart_flight-scraping_main.py.txt,0,0,0.34911402637872563,0.1862151283273226,0.19542619352129462,0.07486294930228558,0.14900627934676552,0.04537542312360601
test,45_content_umtpfe_Projet-scrapy_test2.py.txt,0,0,0.5714461395268683,0.12174208021643683,0.0256959374283658,0.05729935103871449,0.19014219644471186,0.03367429534490275
test,66_content_furkanturkn_python-beautifulsoup-take-news-post-from-the-site_take_news.py.txt,0,0,0.35318672086780856,0.3441360981483156,0.06681606803049814,0.006977350644627551,0.2217327335867598,0.007151028721990488
test,80_content_andrediasesp_web-slinger_scraping.py.txt,0,0,0.5774433691879257,0.0953875639057324,0.043551221467337795,0.1963205081344329,0.009242990047250172,0.07805434725732101
test,89_content_pratikdeshmukh2004_Web_scraping_flipcart.py.txt,0,0,0.511497198821027,0.2729150046960518,0.03839569408674053,0.02301758182717048,0.052037014194341286,0.10213750637466895
test,94_content_ytnguyenedalgo_scrape_retail_site_scrape_macys.py.txt,0,0,0.5892664321641965,0.18518844663275322,0.03225238615270373,0.11199665284386023,0.0584570578439169,0.022839024362569564
test,9_content_chaseycodes_StockX-Scraper_2-sneaker_scraper.py.txt,0,0,0.5329377216877749,0.06054577785667384,0.12153128643199333,0.05371980126161236,0.047357198022858586,0.18390821473908692
test,v1_17_content_pevandenburie_micropython-aes-ccm_Utils.py.txt,1,1,0.0014760695801347469,0.26031023522992885,0.08891383032406358,0.22853814870352127,0.21257337704410711,0.20818833911824436
test,v1_21_content_emilystamm_aes-ecb-attacks_aes_ecb_oracle.py.txt,1,4,1.0552868172897594e-05,0.20771000763035488,0.1941741944933532,0.12091431696649994,0.2560037535851424,0.22118717445647657
test,v1_23_content_SigmaPic_cryptoloop_cryptoloop.py.txt,1,4,0.02795978891616546,0.22197498090913842,0.2134103346057237,0.13027131919673868,0.25948565541899365,0.14689792095323992
test,v1_2_content_laendle1999_NasceUmAEstrela_reberto.py.txt,1,1,0.20951787129611665,0.29560905824794836,0.18306138736282754,0.018330130860840427,0.21730310344980097,0.07617844878246606
test,v1_7_content_git-remove_CBC-and-CTR-Decipher_decipher.py.txt,1,1,0.0009671081628006204,0.25104656957396915,0.1476248536840254,0.17643206842677056,0.2309618572657356,0.1929675428866989
test,v1_9_content_john-salman_ECB_decryption_ECB.py.txt,1,1,0.0003239181236537219,0.33774608916546867,0.08595570540119143,0.20319871501342782,0.1779977136958036,0.19477785860045485
test,v1_10_content_gitganeshnethi_Market-Basket-Analysis_Online_Retail.py.txt,1,3,0.0037684035575429762,0.023898319453983383,0.20312525411279453,0.28873918480629757,0.1938563774474224,0.28661246062195916
test,v1_11_content_SabikAbtahee_Apriori-Implementation_AprioriMain.py.txt,1,1,0.0008618284464476073,0.26309741132257913,0.20182267191730507,0.21539211214614565,0.136256577438531,0.18256939872899156
test,v1_1_content_jiteshjha_Frequent-item-set-mining_apriori_mpi.py.txt,1,1,0.015418559210044713,0.4254730972191354,0.1281086662699824,0.08581895428313949,0.2371092871620499,0.10807143585564791
test,v1_1_content_vijaymukhiija_Sale-optimizing_apyori.py.txt,1,5,0.0038129443278776386,0.08819858972193806,0.18935653970710406,0.16519765187800317,0.2646942075896448,0.28874006677543224
test,v1_2_content_adwansyed_Market-Basket-Analysis-Apriori_bruteforce_marketbasketanalysis.py.txt,1,1,0.016952456719896102,0.3246525659944056,0.11520842683965377,0.1378535041086273,0.18715254153532654,0.2181805048020906
test,v1_2_content_nrohani_AssosiationRules_TransactionEncoder.py.txt,1,4,0.09077554116940845,0.08244581237359778,0.15589404644559132,0.12480289609897609,0.273806712270869,0.27227499164155744
test,v1_3_content_manishjathan_Money-laundering-Detection-System_GraphAnalysis.py.txt,1,1,0.015866354285879604,0.43439467158054795,0.13880821963164944,0.03321204467466627,0.267433486981946,0.11028522284531067
test,v1_6_content_HaoLyu_Association-rule-learning_Apriori.py.txt,1,1,0.2184168769622746,0.2493060625524108,0.10044015782129183,0.03803965266573111,0.18505171616126018,0.20874553383703148
test,v1_9_content_HarshaliWagh_Data-Mining_Apriori.py.txt,1,1,0.055167288151106435,0.5662643833567292,0.07074761035863517,0.01804303939949614,0.15591358309017145,0.13386409564386165
test,v1_ 1_content_nageshsinghc4_stock-market-forecasting_ZBH_stock.py.txt,1,0,0.3084912423881638,0.09403450718795414,0.1111347781078644,0.0856173478360438,0.1975580673320742,0.20316405714789953
test,v1_10_content_marcindahlen_ARIMAplus_arimaplus_dna.py.txt,1,0,0.44146932514949894,0.05916564050810291,0.08341938783336045,0.028733258591998993,0.29445540511410706,0.09275698280293176
test,v1_19_content_bauassr_Session32_Session32Assignment1_.py.txt,1,1,0.01051669115024562,0.34711536244328106,0.2359946231935962,0.10733526371083686,0.27534371335823254,0.023694346143807693
test,v1_2_content_polyphilz_pricing-weather-derivatives_avg_temperature_model.py.txt,1,3,0.11296145719494975,0.12365182273995132,0.15309824542079312,0.2815812631335846,0.11738874898210361,0.2113184625286176
test,v1_2_content_yyqcs_time-series-model_ts_model.py.txt,1,5,0.12331990094621918,0.17061724374304607,0.11032098637722326,0.2073397190468917,0.11944436561372203,0.26895778427289774
test,v1_2_content_yyqcs_time-series-model_utils.py.txt,1,5,8.8038489873386e-06,0.25579054451138417,0.16809612609106925,0.11840782258111708,0.13283705499549214,0.3248596479719499
test,v1_1_content_dedeco_dijkstra-bellman-ford_teste_proprio_djt.py.txt,1,0,0.368386332341067,0.17034046557357213,0.061620490255557464,0.0012508434757320277,0.30748109763850073,0.09092077071557068
test,v1_2_content_cvwilliams_BellmanFord-Python_server.py.txt,1,4,0.23269698449782214,0.24773929522248989,0.08992241264957132,0.045855030302298774,0.2525520673438965,0.1312342099839214
test,v1_3_content_abdulqadirs_distance-vector-routing-protocol_update.py.txt,1,4,0.001607287180042536,0.20071775876196757,0.1858598206703602,0.22193309702645078,0.23381910887753535,0.15606292748364364
test,v1_4_content_Khante_Distance-Vector-Algorithm_link_1.py.txt,1,1,0.24890605456463663,0.25637473996894805,0.13007026821361167,0.05552114981945988,0.06232446166388984,0.24680332576945377
test,v1_4_content_Khante_Distance-Vector-Algorithm_link_2.py.txt,1,5,0.3007586389157397,0.0975944593931726,0.09372471328118732,0.0882088292016723,0.07827494028404575,0.34143841892418236
test,v1_4_content_Khante_Distance-Vector-Algorithm_network_1.py.txt,1,1,0.0011192709411221315,0.3679658606960137,0.23343564188040777,0.1644833500196531,0.10398461995806023,0.1290112565047431
test,v1_4_content_rcornacchia_bellman-ford_testclient.py.txt,1,0,0.453718405068333,0.4205887973324864,0.03609862923758908,0.0010835601273614598,0.0867769854083895,0.0017336228258405491
test,v1_6_content_mmcetindag_ShortestPathAlgorithms_bellman-ford.py.txt,1,1,0.01731961865159234,0.3595676881513269,0.15709203633727956,0.08846652152442247,0.2011351234928686,0.1764190118425102
test,v1_7_content_ardyerwanda_SDN-Bellman-Ford-Pyretic_wG_bellfordCost.py.txt,1,1,0.0487741517112164,0.38714204660859247,0.2753968236773275,0.029844207928794827,0.2414641187923926,0.01737865128167624
test,v1_7_content_jimmygzp_bellman-ford_bfclient.py.txt,1,1,0.2958659121850987,0.4903112047373793,0.023147101752199282,0.01487756462318242,0.08641798226003865,0.08938023444210154
test,v1_23_content_binaya07_8-puzzle_stack.py.txt,1,2,0.006067263353893332,0.17269828412609786,0.3522261049315988,0.14427502427769037,0.19599727675654635,0.12873604655417334
test,v1_2_content_Madeeha-Anjum_Box_Head_testing_BFS.py.txt,1,1,0.0481314656006931,0.558109721038609,0.16580302403145672,0.03243533444516779,0.13998581367442633,0.055534641209646955
test,v1_3_content_akh5113_BFS-Wrestling-Teams_Homework5.py.txt,1,4,0.0006018227923630813,0.10570135302963064,0.2396186778202997,0.1528354635416394,0.32704273502581854,0.17419994779024867
test,v1_53_content_ding-si-han_Flight-Length-BFS_graph.py.txt,1,1,0.15287121634991396,0.3429433872614907,0.1747250306097867,0.06568528384029933,0.20010891004903827,0.06366617188947107
test,v1_5_content_GregLahaye_wikipedia-game_game.py.txt,1,1,0.0008615330740005796,0.3438901417346841,0.14243933283326232,0.10625949563404391,0.2925931134931988,0.11395638323081018
test,v1_68_content_elados93_AI_Ex1_PuzzleState.py.txt,1,2,0.00039670926163356055,0.2580837779034434,0.2790027175981382,0.19685435347545197,0.20084804210107254,0.06481439966026045
test,v1_7_content_rmssoares_8Puzzle-StateSpaceSearches_node.py.txt,1,2,0.00020742006746331823,0.07733198716537683,0.3656073013051107,0.20728080054000791,0.25383867284482114,0.09573381807722019
test,v1_92_content_tule2236_superheros-social-graph_degrees-of-seperation.py.txt,1,2,0.0008040932874051844,0.16563151027989928,0.3808514302683302,0.1252205514361399,0.24447120332863417,0.08302121139959125
test,v1_11_content_mrluin_EfficientAutoDeeplab_evaluation.py.txt,1,0,0.3226129079596051,0.045348725656115293,0.10422699573749722,0.1176207918165379,0.25303618249135124,0.1571543963388931
test,v1_11_content_mrluin_EfficientAutoDeeplab_train_counter_network.py.txt,1,4,0.00621396326689369,0.032164685082111705,0.16228806126396259,0.16615687443068577,0.3292404846079343,0.30393593134841185
test,v1_15_content_Areege_Binary-and-Trinary-Search-Trees_SourceCode.py.txt,1,1,0.09182999893612986,0.2932026514051572,0.26536857168856604,0.08539082542103617,0.1610908131739615,0.10311713937514913
test,v1_20_content_shamo0_Binary_Search_Tree_treap.py.txt,1,4,0.0012019248070801597,0.09903186230036032,0.2243926317068699,0.16241207402690624,0.3078615274482897,0.20509997971049349
test,v1_47_content_mathwoods_binseqcomp_binseqcomp.py.txt,1,1,0.025157115944700284,0.4189716548233044,0.18449170040135174,0.029300679683984483,0.25733218562514704,0.08474666352151206
test,v1_53_content_mmorshed99_binary_search_rotated_sorted_array.py.txt,1,1,0.015631518436101735,0.3626522462904936,0.30453632307638356,0.05501298846653562,0.1665253757695677,0.09564154796091785
test,v1_70_content_Arcnor_binja_search___init__.py.txt,1,3,8.255654648124036e-06,0.10219639975493772,0.2706315464274937,0.27533431145587395,0.16378781152431987,0.18804167518272674
test,v1_72_content_tusharnema_Implementing-Algorithms-in-python_adj_list.py.txt,1,1,0.017782234346374316,0.38492872272498635,0.10556104388722497,0.15806069927275795,0.1181856525573825,0.21548164721127386
test,v1_14_content_udwivedi394_binaryTree_ksumPath.py.txt,1,3,0.0002251628526034595,0.08798898383206574,0.25472506309928333,0.25588618728756646,0.19344880874264192,0.2077257941858392
test,v1_1_content_dhvanilp_Persistent-Binary-Search-Trees_index.py.txt,1,2,0.0017431256576426574,0.040008240817711586,0.38769728789832947,0.14697822568751115,0.19756137075589028,0.22601174918291492
test,v1_23_content_mpgiii_binarysearchtree_unittests.py.txt,1,3,0.010680186136199116,0.26548525332513834,0.14525901531661348,0.2963478244682199,0.12385807407876129,0.15836964667506803
test,v1_44_content_CppbetterC_A-Star_Heap.py.txt,1,4,0.07897106242789859,0.1244551706112841,0.14516100457819026,0.24465496506598255,0.2528472297938946,0.15391056752274998
test,v1_5_content_Schemberizer_Binary-Tree-Compression_tree.py.txt,1,1,0.007125454514057861,0.4692030179351649,0.11035839286098982,0.025998769275420143,0.34895637670323787,0.03835798871112933
test,v1_24_content_Jagdishkharatmol_Sorting-techniques-_pythonin.py.txt,1,1,0.0036602210144843473,0.3140192385985655,0.2687810150104865,0.15550221739555703,0.16717120795543802,0.09086610002546872
test,v1_44_content_emilgab_bubble-sort_bubble_sort.py.txt,1,2,0.01969753788333888,0.15051974544014346,0.2513168747439373,0.2343643014411901,0.13455583187968476,0.2095457086117054
test,v1_45_content_Janteby1_bubble_sort-copy_bubble_sort.py.txt,1,0,0.2834349503356836,0.07513145910889882,0.19206031147354652,0.058583789284105944,0.1317816447006092,0.259007845097156
test,v1_46_content_gabysoares_PythonBubbleSort_ResultTable.py.txt,1,2,0.2675646458933792,0.0952052688907208,0.3783288172902562,0.16143804772947307,0.04888209737722766,0.048581122818943036
test,v1_73_content_kamil-owczarek_sorter_sorter.py.txt,1,1,0.008751133605619217,0.4786162180693724,0.1895899434047728,0.04884240550677354,0.21609213376808817,0.05810816564537377
test,v1_79_content_lorenzo3117_python-sorting-scripts_sortingScript.py.txt,1,1,0.33575856417158645,0.39173625700085185,0.1682520537983459,0.006260496174381865,0.08300738659518621,0.014985242259647803
test,v1_21_content_rahul494_Mental-Health-On-Twitter-Analysis_relevant_tweet_filter.py.txt,1,5,0.000643286128800059,0.1971879449434938,0.14018274612951595,0.1882944905795875,0.21645410948975366,0.2572374227288489
test,v1_24_content_MuyaoWang_OnePlusTwo-BigData_PostProcessForReport.py.txt,1,1,0.003712925805848755,0.31221837235692174,0.19256957329096333,0.23071555417424822,0.16128756823562132,0.0994960061363966
test,v1_26_content_Emersonxuelinux_One_Big_Archive_Listing_10-1.py.txt,1,2,0.001272632896665389,0.2607457045751307,0.2641256601427985,0.22353845889991086,0.18776570823489452,0.06255183525060017
test,v1_26_content_Emersonxuelinux_One_Big_Archive_Listing_8-4.py.txt,1,0,0.5314839694090688,0.27682140333740574,0.0015659857817799387,0.031131166783205398,0.013965821793299657,0.1450316528952405
test,v1_30_content_sdws1983_The-big-data-OF-The-Plant-Cell_calculate-author.py.txt,1,1,0.0006757494939289924,0.305968857316089,0.20043459864892307,0.11662977842505856,0.21025160721790706,0.1660394088980932
test,v1_32_content_jtuckerk_oscar_prediction_full_featureset_prediction.py.txt,1,2,0.020666203139328553,0.11718283708044948,0.3995950921022035,0.19218342960821272,0.15728268653224314,0.11308975153756269
test,v1_3_content_Sapphirine_Detecting-and-Predicting-the-Impact-of-Events_calc_train_anamoly_10ile-Copy5.py.txt,1,4,0.0010376282568078895,0.20020119163211605,0.30206698291031303,0.04489110189858803,0.37966697575729297,0.07213611954488208
test,v1_51_content_rrnarayan1_one-big-thing-backend_app.py.txt,1,0,0.47492512183079516,0.17856485503230904,0.07915320853705934,0.03407574989802483,0.11760546525010075,0.11567559945171081
test,v1_52_content_PhaniBalagam27_Big-data-Analytics-on-dallas-police-incidents-dataset_Q5_code.py.txt,1,1,0.045737793619659836,0.39576947054575656,0.08472183607608506,0.050959937062636664,0.1993725656848909,0.22343839701097096
test,v1_5_content_anguillanneuf_bigO_02_linked_list.py.txt,1,3,0.01664782971210168,0.20993331826859557,0.136888222242265,0.25249269718361383,0.22217508759603496,0.16186284499738882
test,v1_5_content_anguillanneuf_bigO_28_valid_bst.py.txt,1,3,0.02304371191055358,0.07304755978589034,0.21338153383804268,0.2580678011584613,0.18411596537247243,0.24834342793457978
test,v1_5_content_anguillanneuf_bigO_54_fix_tampered_bst_efficient.py.txt,1,5,0.00031366834571259973,0.03962004832047881,0.11675992557849901,0.28584135778856523,0.25093834995647396,0.3065266500102703
test,v1_5_content_anguillanneuf_bigO_76_longest_subsequence.py.txt,1,1,0.046930260462098305,0.3363310761536223,0.16953560519398075,0.04835846587779829,0.20245892321528666,0.19638566909721372
test,v1_5_content_wiflore_Data-Lakes-on-AWS_etl.py.txt,1,3,0.0006873902338500394,0.10127399663779942,0.2903551219103546,0.31473899752508516,0.1298722334470867,0.1630722602458242
test,v1_6_content_gauravpatle_Data-Analysis-of-IMDB-Users_DataPreprocessing.py.txt,1,4,5.4697750795647734e-05,0.3523941112692249,0.12800401519914215,0.01483321954478914,0.3915344268515048,0.11317952938454323
test,v1_7_content_PotatoSpudowski_The-centralized-guide-to-distributed-storage-and-processing-of-big-data_13_makerspace_analysis.py.txt,1,1,0.3646730555176123,0.42929693376586725,0.02899999548659525,0.027485578541437315,0.058789905790825915,0.09075453089766192
test,v1_10_content_analyticsbot_document-similarity_word_mover_distance.py.txt,1,2,0.02538963407442765,0.30581470018807594,0.31180022961232856,0.12529273983100447,0.15204854757309091,0.07965414872107228
test,v1_11_content_kirokuan_Idf-tf-DocCompare_hwTest.py.txt,1,1,0.0003277816841218943,0.31449270405948937,0.09583141330357903,0.20065487641266075,0.20396294895982542,0.1847302755803237
test,v1_1_content_HarryBaker_LDAtopicSimilarity_topic2vec.py.txt,1,1,0.06019307302204556,0.32078828022904027,0.1628279157407639,0.05628056090036239,0.2761885821385139,0.12372158796927399
test,v1_2_content_spygaurad_AI_LAB_6_537_Suraj_doc_similarity.py.txt,1,4,0.0004700819252620158,0.3398934537703166,0.1271030398291541,0.026654617904919204,0.36886672305020685,0.13701208352014116
test,v1_3_content_JennaBellassai_phrase-similarity_similarity_score.py.txt,1,1,1.5892297194811922e-05,0.24622005698397623,0.14494137266595725,0.20639984766916455,0.22426401529660664,0.17815881508710052
test,v1_6_content_muhammadhabibi_CBS01_Main.py.txt,1,1,0.08393057530239782,0.3439879040103176,0.22806856687346322,0.019604882072575172,0.29282397750053235,0.031584094240713755
test,v1_6_content_muhammadhabibi_CBS01_NaiveBayesNLTK.py.txt,1,2,0.24324972839422943,0.11027956853619657,0.417788195932017,0.05572020941817671,0.11758261717688576,0.055379680542494536
test,v1_6_content_yashambre_Document-Matching-Algorithm_DM.py.txt,1,1,0.3198317056108804,0.3699339137549781,0.17034174686214607,0.02815873556874714,0.07037062180628745,0.04136327639696072
test,v1_7_content_gautamdasika_Document-Search-Engine_finalsearch.py.txt,1,4,0.0001388655020782331,0.28042621142665236,0.23794610414250042,0.05428370552097822,0.2938102214160745,0.13339489199171628
test,v1_8_content_shukali_tweet-similarity-ranking_tweetranking.py.txt,1,1,0.0017135582462269132,0.3693489965274873,0.18869224735656798,0.2124248329876186,0.09379191367339378,0.13402845120870535
test,v1_8_content_uzzielc_Document_Similarity_using_TF-IDF_with_Cosine_Dist_article.py.txt,1,1,0.0005395771642894217,0.3396157937593408,0.15367598624573764,0.045251193575337176,0.2744355648100214,0.18648188444527358
test,v1_26_content_1970633640_Design-and-Analysis-of-Algorithm_ex7.py.txt,1,1,0.16966770373384252,0.5734916597169764,0.05061125316882503,0.005383385484792464,0.18225199214035795,0.018594005755205735
test,v1_28_content_tomsiwek_gprMax-Designer_materials.py.txt,1,0,0.36301946823091263,0.07531563972937778,0.1181106207532886,0.23036805727358753,0.09890189003208373,0.11428432398074964
test,v1_28_content_tomsiwek_gprMax-Designer_operation.py.txt,1,4,3.421504206052912e-06,0.038479040943228765,0.16281868470642707,0.19653588605658892,0.3390002708540621,0.2631626959354871
test,v1_37_content_baptiste0928_userinfo-bot_main.py.txt,1,1,0.00027296599387462367,0.2711491637383524,0.25080366631838846,0.20247438759778294,0.13002166663675466,0.1452781497148469
test,v1_84_content_vineetred_aesDES_test.py.txt,1,1,0.0011298094032506964,0.3227712771511655,0.20907430393042925,0.14685376292963978,0.1446156612828976,0.17555518530261702
test,v1_85_content_kenil-shah_Description-Based-Person-Identification_config.py.txt,1,0,0.3119243124136137,0.18127940617537597,0.04653628759652305,0.22616802160750024,0.09023158904739492,0.1438603831595921
test,v1_86_content_Enkhai_simple-DES_encryption.py.txt,1,1,0.02088098377528194,0.3308632156694832,0.2057719368440017,0.02194286808628751,0.18995859640784987,0.23058239921709575
test,v1_86_content_Enkhai_simple-DES_misc.py.txt,1,3,0.0019277255150555203,0.13705410506988014,0.2085785089600547,0.3476678149155131,0.0698251282998737,0.23494671723962296
test,v1_8_content_usmanali414_Destruction-Detection-in-Satellite-Imagery_augmentation.py.txt,1,3,1.5021105215253465e-05,0.10733479248445692,0.2905786528247329,0.30820458355360186,0.1770637070282753,0.11680324300371783
test,v1_1_content_akhilesh1311_MazeSolver_hard_maze.py.txt,1,1,0.16282807030131763,0.38816257745288857,0.10042509663929647,0.09437462620435678,0.17201054515385922,0.08219908424828123
test,v1_27_content_PriyeshV_GAP_Kernels_DFS_run.py.txt,1,0,0.42081465283716446,0.20824034524872492,0.047345783046309514,0.005941545993476761,0.25103789872529475,0.06661977414902948
test,v1_29_content_sarapple_AI-Search-Algorithms-Pure_driver.py.txt,1,1,0.01623392624004731,0.4041808743745319,0.14045606367266905,0.0785144978958416,0.26382293124360967,0.09679170657330051
test,v1_48_content_ethanZHY_Crawler_BFS_DFS_Python3_Crawling_Doc.py.txt,1,1,0.21965876004217147,0.29817915904958125,0.11519539757895214,0.08811501735679406,0.24718244858095303,0.0316692173915482
test,v1_4_content_drinkbeer_DFS-Python_common.py.txt,1,4,0.21501256016367795,0.2898000993613874,0.047296496158850905,0.0014417435602286695,0.3751162265708614,0.07133287418499365
test,v1_84_content_WizHacks_ChordDFS_topo.py.txt,1,1,0.1570306102605303,0.2052675719425363,0.14234671767170812,0.1839043889157306,0.15623340474988573,0.15521730645960896
test,v1_18_content_matinpf_ECDHE_RSA_Python_main.py.txt,1,1,0.0014485577689584328,0.36360092235410935,0.2374179403735434,0.09132083675614028,0.14554663112342062,0.16066511162382802
test,v1_18_content_matinpf_ECDHE_RSA_Python_utils.py.txt,1,1,0.07873580426163086,0.42482098293651804,0.21021498573937974,0.06709676393487823,0.14340956714791778,0.07572189597967535
test,v1_21_content_swawibe_pyDH_Client.py.txt,1,1,0.0027603881413077627,0.4722152666772548,0.09565775241080822,0.04001492642685769,0.3096818867924549,0.07966977955131671
test,v1_27_content_AlpCentaur_Diffie-Hellman-Implementation_Attack.py.txt,1,0,0.37570569388771596,0.29648234682507985,0.1655468711718684,0.03211403608874905,0.08302596952949834,0.04712508249708827
test,v1_33_content_nikhil-paramane_-Diffie-Hellman-key-Exchange-Algorithm_dh.py.txt,1,4,4.107362598877075e-07,0.1353072904590749,0.20774727380451985,0.21856766135167335,0.2487079158028443,0.18966944784562784
test,v1_35_content_DiarmuidKelly_Key_Exchange_diffie_hellman.py.txt,1,1,1.2579096654386458e-06,0.23058144419820903,0.18119613765895312,0.20617557265374942,0.1858760970929126,0.19616949048651044
test,v1_60_content_dunglq2000_chatbox-encrypt_client.py.txt,1,1,0.05500858419762636,0.47130695802800576,0.15891217012123843,0.06453139839684979,0.12284204331728464,0.12739884593899495
test,v1_71_content_logyball_public_private_encryption_driver.py.txt,1,1,0.009712531982221457,0.4394075573327156,0.24640260584120263,0.06968088466889578,0.1889848191427228,0.04581160103224168
test,v1_11_content_langokalla_A-star-Pathfinder_map.py.txt,1,1,0.01642715210751372,0.43004385325008787,0.21898511386446542,0.059341788644163194,0.2068595616617968,0.06834253047197304
test,v1_15_content_meghanagabhushan_DijkstraAlgorithm_dijkstra.py.txt,1,3,0.0013317960379998332,0.24369404997634647,0.11295652743154512,0.2919513768630476,0.09192127685358661,0.2581449728374742
test,v1_15_content_ronma1_Dijkstra_graph_algo.py.txt,1,2,0.00011489903582566937,0.07257160520187585,0.28332720179275833,0.23630256443635175,0.21942177464488877,0.18826195488829955
test,v1_19_content_mmcetindag_ShortestPathAlgorithms_bellman-ford.py.txt,1,4,1.7419100948846623e-05,0.2712381693972127,0.21740093124331356,0.06783771865415256,0.28338580852904877,0.16011995307532356
test,v1_47_content_woodElec_Parallel-Dijkstra-Networkx_voronoi_module.py.txt,1,1,0.0021128998133346792,0.3618281409308388,0.22531033733388642,0.051411797870495525,0.3280595989458994,0.031277225105545196
test,v1_50_content_krj9cr_Hybrid-Prim-Dijkstra-GUI_Helpers.py.txt,1,1,0.0008790003005927532,0.2720188926794415,0.15507827780324174,0.1958814355256125,0.25919844443494766,0.1169439492561638
test,v1_8_content_rprahlad1_guavabot_solver.py.txt,1,5,0.0050889082617682916,0.14700879969243902,0.1978853958241645,0.11842298946732545,0.23482101393818355,0.29677289281611924
test,v1_12_content_Subhamacademia_Efficient-way-to-Check-the-Divisibility-of-a-Number-by-Three_ex0.py.txt,1,1,0.0006653603279477604,0.39931076677591654,0.1990749298227674,0.02653518233769572,0.3129491618130861,0.061464598922586496
test,v1_15_content_Nabeel-Asghar_List-Divsion_List-Division.py.txt,1,1,0.12427127703416457,0.436842423987255,0.10905760226868266,0.003969489326422363,0.3019579756349804,0.023901231748495157
test,v1_4_content_flaviohenriqu_divisibility_flaskapp.py.txt,1,1,0.005084203272510677,0.4124878816438158,0.16676411156755383,0.1324584683636718,0.13118314084332702,0.15202219430912087
test,v1_6_content_marcelotokarnia_dojo-divisibility-rules_is_divisible.py.txt,1,1,0.009819485666387831,0.3992658746417512,0.15072702153035966,0.115306181127103,0.1284273029860435,0.1964541340483548
test,v1_7_content_jakobpederson_divisible_pair_sums_test_divisible_pair_sums.py.txt,1,2,0.07978603663401442,0.10672050820758945,0.3219689823150604,0.1307692584550856,0.25332590397230986,0.1074293104159403
test,v1_10_content_kllinzy_Elliptic-Curve-Cryptography_ecc.py.txt,1,4,0.006380577153931309,0.21982231043084885,0.32531254731045806,0.041346386679999146,0.36856292687465075,0.03857525155011176
test,v1_10_content_ko-hii_EASY-Elliptic-curve-cryptography_decryption.py.txt,1,3,5.434711866077012e-05,0.2394290150188655,0.20318060126997728,0.2434102387934067,0.08889700530370928,0.22502879249538044
test,v1_20_content_UAvinash7_Cryptography_DigitalSignature.py.txt,1,4,2.483703542970843e-06,0.08009763224084566,0.2796257862438125,0.08681301381007336,0.31767500569407214,0.2357860783076533
test,v1_27_content_ayaar25_elgamalecceg_interface.py.txt,1,4,0.03202486286647501,0.3326155443151327,0.15115568201893276,0.005148199081336443,0.3697221352291388,0.10933357648898406
test,v1_27_content_ayaar25_elgamalecceg_pointoperatorecc.py.txt,1,0,0.3065415717239657,0.0667461507763301,0.14256286827382617,0.2961118633018951,0.08172532692644649,0.1063122189975363
test,v1_6_content_gionanide_Cryptography_ECC_DH_key_exchange.py.txt,1,0,0.3384516396882107,0.2937815862018743,0.04262548218008822,0.04751669060292543,0.12361615597559938,0.15400844535130206
test,v1_6_content_gionanide_Cryptography_VernamCipher.py.txt,1,5,0.0027096258853052894,0.13565030220075608,0.24165489620089453,0.2524046860601931,0.11436133456685027,0.2532191550860008
test,v1_11_content_harishchellappa_Time-Series-Analysis-Bike-Sharing-Demand-Forecasting_forecasting_passes.py.txt,1,1,0.00036433877176240444,0.4046578177604227,0.16686410251261927,0.07890723584960138,0.233398656363082,0.11580784874251235
test,v1_9_content_Soumyabrata_predicting-pwv_benchmarking.py.txt,1,3,0.026361048370997304,0.17304333984933684,0.2487470692938076,0.2767081756457326,0.1563420100920687,0.11879835674805689
test,v1_11_content_kousu_primes_wsieve_b.py.txt,1,3,2.516920088557516e-06,0.012893639169669386,0.23079537938301017,0.2812385608193717,0.224001455131088,0.25106844857677224
test,v1_12_content_vidya_digit-factorial-chain_test_digitfactorialchain.py.txt,1,1,0.055762456850474,0.46944445574690874,0.048585627530285266,0.01041958682463269,0.185578245802209,0.23020962724549032
test,v1_30_content_talbrecht_ensemble-scoring_run.py.txt,1,4,0.0004548211160382634,0.23809729517049627,0.2301072477410683,0.05697958906706205,0.3526843923749674,0.12167665453036758
test,v1_36_content_EricHeGitHub_python-factorial-base-rubik-rectangle-word-game-overlapping-photographs-related-algorithms_factorial_base.py.txt,1,4,0.09300130326610401,0.11460742183812934,0.17942710660801117,0.06462053760768358,0.35689605386895396,0.191447576811118
test,v1_4_content_rohinigopalqxf2_Factorial-Calculator-Practice_05_Non_Integer_Validation.py.txt,1,5,1.537022617377665e-05,0.050176690193454936,0.23704579009063445,0.22517393081280726,0.1874373107719182,0.3001509079050114
test,v1_51_content_adityapatelgithub_Expressions-and-Functions_evaluate.py.txt,1,1,0.03243632594925328,0.46400861987985575,0.15153299220364505,0.03949729684122759,0.20452641191159893,0.1079983532144193
test,v1_51_content_adityapatelgithub_Expressions-and-Functions_peekable.py.txt,1,1,0.004568639025887314,0.446232729613827,0.19549468403487655,0.1934052750400286,0.145971283900344,0.01432738838503656
test,v1_5_content_brown9804_Python_DiversosAlgortimos_CreandoMatrizApartirTXT.py.txt,1,4,0.05293934959894705,0.09130857056981616,0.22920794549070359,0.18753295809177178,0.26792188084520197,0.17108929540355944
test,v1_77_content_elisawarner_Fun_determinant.py.txt,1,5,0.0003019705911935038,0.0427187855518925,0.1855317845943104,0.18086731947783707,0.2885559137149996,0.3020242260697669
test,v1_13_content_danielSbastos_binary-fibonacci_columns.py.txt,1,3,1.1731115901676148e-05,0.0726435919442688,0.23943822730312336,0.27009282557916575,0.24394955570513677,0.1738640683524035
test,v1_13_content_danielSbastos_binary-fibonacci_prototype.py.txt,1,3,1.6958117799503813e-06,0.02022265146327931,0.18402347628405435,0.32955289303594093,0.17333498802089367,0.29286429538405184
test,v1_38_content_emilyhammer_fibonacci_app.py.txt,1,1,0.014820297789225624,0.5322038462412771,0.05383809006383351,0.0062439231817907805,0.2899416451764376,0.10295219754743548
test,v1_68_content_jacob-bonner_ICS3U-Assignment7-Python_fibonacci.py.txt,1,5,0.00023874310412071831,0.07275594961423265,0.18153638402509298,0.2270967355097231,0.16649714599185433,0.3518750417549763
test,v1_99_content_MatheusMuriel_ProgramacaoDinamica_Memoria.py.txt,1,3,0.020905932409948286,0.18738050033641174,0.19792604143204096,0.28218809714905857,0.12148519362241247,0.190114235050128
test,v1_12_content_byu014_all-pairs-shortest-path_allPairsShortestPath.py.txt,1,0,0.3342084322706557,0.08177414629718747,0.11623172964268494,0.08831347957817341,0.15204622997860898,0.22742598223268953
test,v1_14_content_arnaudperalta_py_graphpath_graph.py.txt,1,1,0.16315816891844656,0.44005674696436725,0.10125465616990093,0.012253742771875565,0.2357352300495696,0.04754145512584017
test,v1_5_content_Abdallah-Elshamy_floyd-warshall_APSP-Floyd_Warshall.py.txt,1,3,0.000616921172294279,0.01901402863414568,0.23461515064112132,0.2719957624470781,0.20594119855734852,0.26781693854801214
test,v1_6_content_1siddhi7_Floyd-Warshall_tk.py.txt,1,1,0.0007035424357312328,0.29114870913732827,0.21418806078766273,0.1187494297162729,0.17266517658985006,0.20254508133315477
test,v1_7_content_ghifarozarrr_floyd-warshall-algorithm_floyd.py.txt,1,5,0.003135516396319972,0.09288149553830402,0.19156455225303454,0.22068101554604555,0.2301310782885486,0.26160634197774735
test,v1_10_content_nazaninsbr_Intelligent-Systems-CA3_Q3_Clustering.py.txt,1,1,0.007411163837436208,0.3348543290146974,0.11504813374363716,0.055977100363275856,0.26748161841741186,0.2192276546235415
test,v1_26_content_dmallya93_Intelligent-Web-Services-Discovery-using-Clustering-Method_description_similarities.py.txt,1,4,4.481995954673028e-07,0.2644359785624119,0.21083767003130457,0.09827282854298537,0.27088531705846874,0.15556775760523398
test,v1_54_content_juancprzs_hierarchical-clustering-example_tutorial_python.py.txt,1,1,0.029122744153425324,0.33299905127898427,0.17890182125777893,0.13983198233207011,0.15858094255906224,0.16056345841867897
test,v1_55_content_siddbhatia07_MACHINE-LEARNING_Simple_linear_regression.py.txt,1,1,9.497027986257015e-06,0.28816028733583293,0.2171323690298878,0.09649422425488641,0.25112982020231206,0.1470738021490944
test,v1_61_content_cthorrez_deepsetLinkage_baselines.py.txt,1,2,0.000479840563570811,0.1981786484707731,0.3468624114528788,0.025578933922885683,0.2895563805038034,0.13934378508608813
test,v1_61_content_cthorrez_deepsetLinkage_plot_results.py.txt,1,2,0.0009011506466300059,0.21250414888357314,0.2864500424107878,0.20522387416143564,0.16103633995769637,0.1338844439398772
test,v1_86_content_sudarshan-koirala_Clustering-Algorithms-Comparision_hierarchical_clustering.py.txt,1,1,0.01844466883156315,0.30024834920427473,0.1484204747574091,0.15848733144338656,0.08246847635426441,0.29193069940910205
test,v1_93_content_vishwakftw_extreme-classification_baseline.py.txt,1,1,0.11012291847519125,0.27647879183809165,0.21773677521428958,0.1265268148743512,0.12105695780132698,0.14807774179674943
test,v1_16_content_loalberto_Analysis-of-Compression-Algorithms-_HuffmanCoding.py.txt,1,4,0.23862416890032992,0.11175144940155066,0.14227326495347353,0.16448205586028253,0.2494888812917736,0.0933801795925896
test,v1_28_content_Mansy_HuffmanCode_Huffman.py.txt,1,1,0.0071207646801459395,0.44871779710708465,0.17328880344319894,0.1408186759799262,0.09674342653576062,0.1333105322538837
test,v1_45_content_craig-m-k_huffman-coding_heapify.py.txt,1,5,0.08244771621054553,0.22840181514645266,0.19938753908611243,0.08680866681169004,0.13726179779607586,0.26569246494912324
test,v1_12_content_timhebert1963_InsertionSortAdvancedAnalysis_Hackerrank_TC2_1_length_441_answer_46768.py.txt,1,1,0.00020259475401632426,0.2544332725122685,0.1541768026848505,0.18463299409006365,0.18502114663101352,0.22153318932778743
test,v1_14_content_LOOPPO_INS_MERGE_sort_insertionSort.py.txt,1,5,4.166640937899825e-05,0.09784166321969992,0.15249244800396936,0.2389887994226023,0.18577409990115154,0.32486132304319787
test,v1_24_content_gly11_Sort_Run.py.txt,1,3,0.00012821324275903045,0.06758586791424588,0.2126839811785039,0.2584590122593454,0.21579535885198237,0.2453475665531633
test,v1_24_content_lesdev_SortingMethods_Insertion.py.txt,1,4,0.0010560065620526375,0.23394300731618634,0.163126930124481,0.18038267343291747,0.2759416693589796,0.14554971320538276
test,v1_26_content_manzala_Analysis-of-Algorithms_merge_sort.py.txt,1,1,0.19779841655823036,0.3199534992253814,0.157132049383382,0.04394066076998381,0.1707434317251786,0.11043194233784367
test,v1_42_content_matbot_Py_merge_vs_insert_sorts_insertionsort.py.txt,1,2,0.0004900079474767817,0.1187782689685045,0.27081931029500433,0.20419692982622192,0.14027907274743587,0.26543641021535674
test,v1_46_content_arun-p12_sort-algorithms_quick_sort.py.txt,1,5,0.02944209238087403,0.17932696553090502,0.17407611330920525,0.24003715639448617,0.1265117908269438,0.25060588155758584
test,v1_46_content_arun-p12_sort-algorithms_shell_sort.py.txt,1,5,0.02305855981812413,0.07176639882637631,0.15923625763552177,0.1991522958790677,0.22896480685655443,0.31782168098435565
test,v1_54_content_ceydapolat_Sorting-Algorithms-Analysis_InsertionSort.py.txt,1,1,0.029183017451295312,0.42088108032302407,0.20845877368825125,0.021366916568544007,0.29007782413956107,0.03003238782932436
test,v1_10_content_patrickkingg_K-means_Clustering_kmeans.py.txt,1,1,0.00013443713905404275,0.37793841470626877,0.15516080938816385,0.050731828129381394,0.26930426498397503,0.14673024565315695
test,v1_14_content_gravelund-gis_MapSorter_KMeans_analysis.py.txt,1,1,0.004870509163795146,0.2880570400684073,0.22510433978574415,0.17763463087005535,0.2244384321693143,0.07989504794268378
test,v1_28_content_NurzatRakhman_k_means_k-means.py.txt,1,3,0.005618987724129385,0.19592922581546063,0.19803154108897414,0.2704947885963755,0.2000157425251279,0.12990971424993247
test,v1_29_content_AouinaOns_K-Means-Clustering_K-means.py.txt,1,1,0.0006367286583247651,0.2319124557214605,0.19353435319763337,0.20172773834150345,0.1781081525399487,0.1940805715411293
test,v1_56_content_lpyhdzx_clustering_data.py.txt,1,1,0.19578060243562193,0.4128641907269207,0.11796657061893306,0.1556938001513374,0.08382244621428468,0.03387238985290224
test,v1_5_content_teawifi_k-means_clustering_loader.py.txt,1,3,3.895482353969848e-05,0.2764229287848095,0.16170144188529204,0.3317851789899953,0.020582677771338917,0.20946881774502452
test,v1_66_content_Mary268_K-Means-Clustering_k_means_clustering.py.txt,1,1,0.282928294461682,0.3892572149348826,0.08573476348937825,0.03411149029952194,0.15869102511075886,0.04927721170377634
test,v1_7_content_MercuryM_Metric-Learning_Q2_Aa_2.py.txt,1,1,0.05005160757612508,0.41738267112038274,0.1740624656882841,0.07012070741291782,0.15095973355420012,0.13742281464809014
test,v1_96_content_jtwaugh_gap-statistic_gap.py.txt,1,1,0.02055017510431506,0.34691888800208703,0.08569233104048768,0.060776512901556265,0.2723053331719081,0.21375675977964614
test,v1_10_content_ajcse1_Predicting_Picture_Orientation_NeuralNetwork_predict.py.txt,1,1,0.004072279732710086,0.4080640430858875,0.12457397397301173,0.04250544108047165,0.33018339962757826,0.09060086250034084
test,v1_32_content_prakashsellathurai_OPTICAL_CHARACTER_RECOGNITION_PossibleChar.py.txt,1,1,0.012306675515689789,0.39780762854784835,0.26932090133722464,0.020859985907982385,0.15466598963866773,0.14503881905258717
test,v1_46_content_whoif_Cost-Sensitive-KNN_plotHelper.py.txt,1,0,0.4350104591202103,0.3527179307569483,0.04690128481537691,0.004660697302060485,0.1177399024670362,0.04296972553836783
test,v1_6_content_cooperlab_KNN_Survival_DataManagement.py.txt,1,1,0.03021264149425858,0.379386334018259,0.2817981523132479,0.05882224217949132,0.19200090388198948,0.05777972611275385
test,v1_7_content_cp2-dc-info-lamp-2018_iris-knn_nao_somos_botanicos.py.txt,1,5,4.7835258934991374e-05,0.23633158193069367,0.17346598372605063,0.08091814381810372,0.2341589143046128,0.2750775409616041
test,v1_13_content_Ade-Adeleke_KruskalAlg_Kruskal_Algorithm__1_.py.txt,1,1,0.00032730421195696624,0.2965036594069782,0.26602833512830404,0.13924716670641618,0.09432443402027685,0.2035691005260677
test,v1_16_content_drdeford_KruskalFlows_networkflows2.py.txt,1,4,0.03402040735575645,0.26575385204095686,0.24905778219831312,0.07332179169384964,0.30128932677533754,0.0765568399357865
test,v1_16_content_sharatchandraj_MaxBandwidthPath_DijkstrasNoHeap.py.txt,1,1,0.009049627353832237,0.5106295816014887,0.15632500325125337,0.061932281019419666,0.16570628895476447,0.09635721781924138
test,v1_22_content_ABHIJIT-13_Kruskal-MST_kruskal.py.txt,1,1,0.00691508803583873,0.585432869511326,0.10728820638274005,0.022803110474345602,0.1903014551560874,0.08725927043966226
test,v1_32_content_arian100y_Travelling-Salesman-Problem_createCaminos.py.txt,1,1,1.1105155483237048e-05,0.4215550695972731,0.2053604763751143,0.06321480673100377,0.22142191693446228,0.08843662520666334
test,v1_4_content_mincanhe_Network-routing-protocol_heap.py.txt,1,1,0.0035032234613854804,0.3278768626114419,0.18578365757207513,0.03145682661507928,0.31428764102882945,0.1370917887111888
test,v1_6_content_chiragragarwal_Graphs_And_Networks___init__.py.txt,1,3,1.3920528485024006e-07,0.3511441748799223,0.034043482989133185,0.37677970796923177,0.05704404460854784,0.18098845034788008
test,v1_6_content_petronius_minotaur_dimensions.py.txt,1,1,0.16611522447913404,0.38759882392973743,0.03786059313442596,0.010110102756916437,0.3241341447426772,0.07418111095710891
test,v1_7_content_AlmazMirlan_Kruskal-Algorithm-Python-Turtle_AlmazbekMCom-17Kruskals.py.txt,1,3,0.03689863520848946,0.08841122404495422,0.25941971932403496,0.3687449180702965,0.06484999916404749,0.1816755041881775
test,v1_7_content_Aly-Tomato_Prims-and-Kruskals_prims.py.txt,1,1,0.00021963611564106966,0.3470831832849432,0.29165966261033605,0.028708967700793647,0.28935404690741967,0.04297450338086631
test,v1_8_content_dianaelmasri_TravellingSalesManProblem_AStar_Kruskal_Recuit_test.py.txt,1,4,3.318244288512564e-05,0.18243188708261665,0.1959338366548819,0.06241850426098273,0.4430174141633172,0.11616517539531639
test,v1_11_content_Hyperparticle_LemmaTag_lemmatag.py.txt,1,1,0.0035311014261034473,0.373642538138495,0.14079856116377623,0.08811398217678586,0.247555894810374,0.14635792228446534
test,v1_14_content_Qutuf_Qutuf_urls.py.txt,1,4,1.1873335871956071e-05,0.26538355158552895,0.15107491170788248,0.08939223755978681,0.28809021606856644,0.20604720974236324
test,v1_1_content_hipster-philology_pyrrha_config.py.txt,1,3,0.012658965746078053,0.15216339756633498,0.12576143874700757,0.36500163262000135,0.16315169508776567,0.1812628702328123
test,v1_23_content_uthea_lemmatizer_test_lemma.py.txt,1,0,0.6034147349190615,0.2515532493205763,0.05159256815329612,0.022104835237229323,0.06742391713698247,0.003910695232854172
test,v1_25_content_aajanki_finnish-pos-accuracy_download_models.py.txt,1,1,0.08789152331531219,0.3259609915643462,0.2553088188735912,0.04142449188359213,0.19192903440784873,0.09748513995530958
test,v1_10_content_bradib0y_searchalgorithms_app.py.txt,1,1,0.000267638297593582,0.26166420301264226,0.22822859802596243,0.2061210592042912,0.18797790542317414,0.11574059603633656
test,v1_10_content_taneesh28_Linear-search_linear_search.py.txt,1,1,0.005108963758018712,0.37979654312291,0.2550183400312511,0.0916612372501852,0.21233960553858391,0.05607531029905122
test,v1_12_content_ikraj5120_Linear_Search_Linear_search.py.txt,1,1,0.026460410068388167,0.4971170805598298,0.10609853351651669,0.01929586615053101,0.26982657551786865,0.08120153418686561
test,v1_13_content_Pedinpsy_-inverted-index-search_hash.py.txt,1,5,0.004949255579150751,0.1636385721464493,0.192537638512929,0.17602179435394014,0.17643697703035954,0.28641576237717115
test,v1_13_content_Pedinpsy_-inverted-index-search_main.py.txt,1,2,0.0073199558895190924,0.21467903374147856,0.22988901025963226,0.12500298215392433,0.2157175393697743,0.2073914785856714
test,v1_16_content_sanjay3001_Search-in-python_linear_search.py.txt,1,0,0.6549271107790524,0.06859810327510475,0.035819142015704714,0.0013826061675118466,0.21972174749079879,0.01955129027182747
test,v1_1_content_Chunning-Zhou_MILPBasedSearchAlgorithmDiff_main_feistel.py.txt,1,1,0.00023128211925546244,0.46389989831344386,0.3152797681570412,0.11211939346416182,0.09141290257620843,0.017056755369889327
test,v1_23_content_ayushkumarshah_Complexity-of-Linear-and-Binary-Search_code.py.txt,1,1,0.001234001292780693,0.38543509917771734,0.33147352501402155,0.066861663485972,0.16824917016234478,0.04674654086716363
test,v1_27_content_ashwinvis98_Particle-Swarm-Optimization-for-Robotic-Search-Applications_ultrasonic_test.py.txt,1,1,0.0004659610474657269,0.3206047568809477,0.16503708208507262,0.024634573023389728,0.31613224398108164,0.17312538298204252
test,v1_16_content_arifromadhan19_LinkedList_simple_linked_list.py.txt,1,1,0.013506731127962789,0.3333232291820579,0.19311578050272524,0.08575713376388237,0.28568325285221874,0.08861387257115293
test,v1_29_content_MeriBalasanyan_Circular_Linked_List_circular_linked_list.py.txt,1,1,0.0038662769528422696,0.2604310547639365,0.11917753629661619,0.14771127044556875,0.2582662440738352,0.2105476174672011
test,v1_2_content_Lok-lok_TestLinkedList_LinkedList.py.txt,1,1,0.03727131219448528,0.3588036901848957,0.19588067138658843,0.04934812101066464,0.23352055741396907,0.12517564780939677
test,v1_36_content_cyndyishida_QueueQuickSort_linked_queue.py.txt,1,3,0.00022610086232327555,0.12192545479312883,0.15219386353862321,0.3383922314931281,0.14383792101871204,0.24342442829408453
test,v1_43_content_muhamuttaqien_python-data-structure_heap.py.txt,1,0,0.4469658266396115,0.22194219583356387,0.038325103789037,0.02803964229063161,0.16467612047224753,0.10005111097490865
test,v1_46_content_lili668668_tensorflow-note_trytfb.py.txt,1,4,0.0004461012989108569,0.26760471187021817,0.2736308062021351,0.048963366023769696,0.3380228616729761,0.07133215293198994
test,v1_4_content_DebashishSarkarDurjoy_DoublyLinkedList_doublyLinkedList.py.txt,1,1,0.30151545994994955,0.3041083666170039,0.07219397292420532,0.031831138464549276,0.2289018797742301,0.061449182270061756
test,v1_15_content_VakinduPhilliam_Pattern_Matching_Python_Glob_Directory_Matching.py.txt,1,1,3.914779783429949e-08,0.33534093526950104,0.23309170085378367,0.029852877168829152,0.3013300070216132,0.1003844405384751
test,v1_1_content_susheelsagar_LCSS_final_loader.py.txt,1,1,0.001621804715280359,0.3387190880423875,0.24402377221644195,0.18575492531724128,0.1604525407088519,0.06942786899979701
test,v1_2_content_athulvijayan6_python-rlcs_lcssMain.py.txt,1,1,0.03335915544614207,0.37185741969425196,0.16697392208955375,0.0519266326567877,0.2815827103532128,0.09430015976005175
test,v1_2_content_shreya21rathi_Longest-Common-Subsequence_lcs.py.txt,1,1,0.01817994107074405,0.30984741604981597,0.20907367954640857,0.1665072942378316,0.2556754686910738,0.040716200404126116
test,v1_3_content_pombredanne_string-alignment_LCS.py.txt,1,1,0.3111795612635271,0.39374029061532223,0.05819812350617704,0.018076128391685094,0.19940996622353158,0.019395929999756974
test,v1_10_content_SamAllegretto_NaiveBayes_bayes__3_.py.txt,1,1,0.19827363111854265,0.29532351843671,0.18611868429786216,0.03668425912434883,0.2520860505947544,0.03151385642778199
test,v1_18_content_kandapagari_NaiveBayes_Naive_bayes.py.txt,1,1,0.0005954635540553781,0.4147518332723998,0.060083076556150646,0.17838121047294198,0.1566556331825564,0.18953278296189574
test,v1_42_content_darshan-jain-29_ml-naive-bayes-working-demo_email_preprocess.py.txt,1,2,0.10074707958602593,0.06649803664352046,0.34420848876824445,0.1643408942422875,0.23657760805098316,0.08762789270893838
test,v1_76_content_mashfiq10_Naive-Bayes-classification_prob_1.py.txt,1,5,0.00270217385539706,0.11633072024814421,0.15939769296989714,0.19780940269355166,0.23383206689206198,0.28992794334094796
test,v1_78_content_uptodiff_kdd-cup-99-Analysis-machine-learning-python_kdd_binary_classification_ANN.py.txt,1,0,0.3819210983646883,0.17769908148284502,0.11506775570968075,0.12097882850339939,0.17458838848818192,0.029744847451204735
test,v1_91_content_mahsarazavi_Text-Classification_MLP_Model.py.txt,1,1,0.12359976522556498,0.4084648916872799,0.11732826094680766,0.11500266493772292,0.0739286398167481,0.16167577738587635
test,v1_11_content_AlfioEmanueleFresta_practical-one-time-pad-python_exercise2.py.txt,1,1,8.473618659645187e-07,0.28067635008519504,0.13274888089234793,0.24398124101927607,0.10156790582750115,0.24102477481381387
test,v1_12_content_cuhsat_practical_practical_test.py.txt,1,3,0.003600239631418531,0.30208670293565487,0.05794992769953127,0.31131118144033637,0.1339520120620113,0.19109993623104765
test,v1_14_content_b-hub_cracker_test.py.txt,1,1,0.26970154030464555,0.3076071559454616,0.02861996845039423,0.0019082299666849769,0.3058169893465524,0.08634611598626118
test,v1_23_content_git-remove_OTP-Decipher_decipher.py.txt,1,3,0.0039486670345154845,0.22093683505855827,0.17330575996493314,0.26738634350905044,0.0887866529115553,0.24563574152138745
test,v1_27_content_aferaudo_xor_keyobtainer_xor_keyobtainer.py.txt,1,1,0.02510322682626162,0.353105285040352,0.12328500656766778,0.23387735574708537,0.06950713691605823,0.19512198890257493
test,v1_2_content_Liu-WeiYi_Private_Preserving_Outlier_Behavior_Detection_Abnormal_Scenario_Generation.py.txt,1,0,0.3881089302724829,0.11144069549635967,0.1120981923435673,0.09064609782257013,0.1915468562919993,0.1061592277730206
test,v1_4_content_mrimahajan_advanced_analysis_package___init__.py.txt,1,3,0.00075266467045262,0.08538581351245979,0.2034245503288293,0.30416649660380213,0.11410483371172059,0.2921656411727355
test,v1_3_content_iykadev_pyalgo_ackermann_func.py.txt,1,2,0.024909127581697776,0.20952985982492925,0.2856808210736009,0.12615696984877622,0.26827773590465065,0.08544548576634527
test,v1_3_content_iykadev_pyalgo_amb.py.txt,1,1,0.007938340838999906,0.40617834433122585,0.181250664108788,0.038002302630143446,0.28107826318186513,0.08555208490897769
test,v1_3_content_iykadev_pyalgo_evolutionary_algo.py.txt,1,0,0.34677110255734955,0.24771668310414005,0.08773271749561523,0.059898712180398855,0.15839486894048105,0.09948591572201522
test,v1_3_content_iykadev_pyalgo_VertexGraph.py.txt,1,1,0.0455364046032394,0.5596723802869342,0.1578474727418329,0.03667381988256413,0.11436157932998112,0.08590834315544815
test,v1_4_content_Ityer_3x3_Squared_Magic_Square_Finder_randomGuessing_OLD.py.txt,1,1,0.15849112775026838,0.5195409533579657,0.024115899681018238,0.06199434469244776,0.18568645753653776,0.05017121698176216
test,v1_100_content_adelaidaCreosteanu_scikit-learn-diabetes-exploration_lasso.py.txt,1,1,0.15331207357659257,0.30816601048994385,0.15153382510598618,0.10136719567902942,0.1520775275003699,0.13354336764807812
test,v1_12_content_MarynaTatsevich_Machine-Learning-Regression-Techniques_SVR.py.txt,1,1,0.043570825885484145,0.24647793916574254,0.21545339979278338,0.17233883275060866,0.16164038225517802,0.16051862015020316
test,v1_14_content_RohanYedagiri_Polynomial-Regression_poly.py.txt,1,1,0.002847811506467586,0.32116987064678876,0.26148743542447134,0.22618501513270278,0.07284455941743274,0.11546530787213709
test,v1_31_content_NorahJC_RegressionAnalyses_MultReg.py.txt,1,1,0.0005888221422438449,0.31120352460023687,0.19355207425464746,0.06508862003463738,0.30072017851065136,0.12884678045758302
test,v1_34_content_Pratiksha100_polynomial-regression_regression_template.py.txt,1,4,0.035763919137282066,0.18269247489328078,0.2303372701979643,0.13628408595432945,0.23734640015706784,0.17757584966007553
test,v1_41_content_rinky97_polynomial-regression_my.py.txt,1,1,0.004831496483282238,0.40134591350945203,0.15580321842742287,0.09000486403213588,0.1775896518042074,0.1704248557434995
test,v1_45_content_swatimani16_Polynomial-Regression_code_final.py.txt,1,2,0.0003388156792051679,0.18395240406945282,0.26714033426062156,0.22375864322215835,0.132598399469817,0.19221140329874514
test,v1_49_content_pranurs_regression-model_main.py.txt,1,3,0.0002492767850524399,0.05771710287695972,0.31609199326674464,0.3197505406739562,0.0768536282059301,0.22933745819135692
test,v1_5_content_alisarmusa_House-Price-Estimation_housePriceEstimation.py.txt,1,1,2.3092279975793236e-05,0.321702147946157,0.30118802700873815,0.03519018631217962,0.31718577527965497,0.02471077117329452
test,v1_60_content_winnie9197_The-Coding-School-projects_linear-regression.py.txt,1,2,0.004132630664400189,0.10495596412545388,0.266342195047624,0.15573751546741363,0.2112530417840673,0.25757865291104093
test,v1_61_content_GauravRoy48_Polynomial-Regression_plr_GR.py.txt,1,1,0.1330137802992649,0.37983458851772284,0.14539636896280614,0.09280497703878368,0.1601048311261205,0.088845454055302
test,v1_64_content_hardik-dadhich_Polynomial_regression_model_poly_reg.py.txt,1,1,0.0005130863168784154,0.2847403992441136,0.20533053674708934,0.17306122322830592,0.14992176825597006,0.1864329862076426
test,v1_81_content_kiranathealea_regressionMachineLearning_Models.py.txt,1,2,1.136369527451704e-05,0.13300787543199105,0.24780480178249895,0.23690505487263666,0.19144448882087203,0.1908264153967267
test,v1_12_content_croiden_successive-prime-numbers_generatePrime.py.txt,1,1,0.21677749222107617,0.40443918193721495,0.120724020918374,0.09704074967344026,0.06453562236920604,0.09648293288068846
test,v1_12_content_Rafelito19_Crypo-Number-Theory-Projects_ferm.py.txt,1,2,0.0552308818641725,0.17693152214462743,0.28536161810461835,0.20264425948893747,0.11199423728447994,0.16783748111316424
test,v1_13_content_dannbleeker_SearchForPrimeNumbers_runPrimeSearch.py.txt,1,1,0.002783575936556776,0.4179974865683391,0.1599860672250736,0.03132003010191298,0.35812805991132324,0.0297847802567943
test,v1_19_content_orzal_python_prime_numbers_prime_numbers.py.txt,1,1,0.13354622220439763,0.4627367213731669,0.07509764207215375,0.011069512121574062,0.22786321685114921,0.08968668537755847
test,v1_1_content_Fellfalla_prime-predictor_prime_predictor.py.txt,1,2,0.004603389834797104,0.23878586686525471,0.2702515862359117,0.22316033960370524,0.20524307869550668,0.05795573876482447
test,v1_23_content_cjonsmith_prime_prime.py.txt,1,4,0.0041494917142372596,0.28377145518209634,0.13184274105084556,0.06908926021049741,0.37918864069249064,0.1319584111498328
test,v1_6_content_kennedyCzar_n-th_monsien_number_monsien_number.py.txt,1,4,2.2369002398559337e-05,0.17486756418626115,0.22054932445469663,0.1813168757877847,0.22486193138898738,0.1983819351798716
test,v1_8_content_tochukwuokafor_Mersenne-numbers-Lucas-Lehmer-test-and-Sieve-of-Eratosthenes_mersenne_numbers_lucas_lehmer_sieve_of_eratosthenes.py.txt,1,1,0.0002714133388772992,0.4408277145094762,0.18750409140219945,0.03385551614275449,0.262769311896542,0.07477195271015037
test,v1_96_content_pisaniFosso_TMR_driver.py.txt,1,0,0.36524998671777653,0.2898070993825102,0.10428389195225338,0.033392715342063214,0.14816917901172616,0.0590971275936704
test,v1_9_content_jabrekadabre_prime-numbers_prime_nums.py.txt,1,1,0.025167978298915573,0.522884845397683,0.033563783431396044,0.0027433554619812972,0.3847834467980256,0.030856590611998455
test,v1_10_content_chiragragarwal_Graphs_And_Networks___init__.py.txt,1,1,2.2451518477864647e-07,0.5431983178014932,0.03790665383008046,0.11906791409601249,0.21660629080650098,0.08322059895072798
test,v1_1_content_muzixing_graph_algorithm_prim.py.txt,1,0,0.377326663539018,0.21059186628464135,0.1006156196135222,0.0568143465534452,0.1660620104517153,0.08858949355765791
test,v1_6_content_usbogie_MSTcreator_Sollins.py.txt,1,1,0.0018859922711370479,0.48594306076162447,0.16576475884876385,0.036846937476392796,0.244631099290893,0.06492815135118897
test,v1_9_content_krj9cr_Hybrid-Prim-Dijkstra-GUI_main.py.txt,1,1,3.370189451179698e-05,0.4802889882755955,0.07157644785428154,0.005641913846454021,0.358038288783902,0.08442065934525514
test,v1_23_content_ymohanty_data-analysis_analysis.py.txt,1,1,0.041167031267324204,0.3423180454788864,0.2175786299638403,0.04000576772314087,0.279187475179857,0.0797430503869513
test,v1_27_content_AndresHerrera_PCA_Vowels_pca_training.py.txt,1,1,0.0025766750021023617,0.30740568869319695,0.1600768535466203,0.09545930794645871,0.23719749072895957,0.19728398408266204
test,v1_40_content_furkanh_Principal-Component-Analysis_pca.py.txt,1,1,0.15220295876967244,0.36257948589711914,0.11712132851866534,0.014453144390495689,0.2550490098756281,0.09859407254841933
test,v1_60_content_fabaloc_PCA_PCAstepbystep.py.txt,1,1,0.0002001185589249208,0.34834309143000214,0.1348677800126624,0.036660511345438324,0.2867494340310977,0.19317906462187454
test,v1_68_content_huynguyenqc_DIP-PCA_json_logger.py.txt,1,3,0.01613064413964208,0.09724326204056014,0.27616940785638255,0.3180215068990605,0.10957122634860822,0.18286395271574654
test,v1_89_content_dronabanerjee_PCA-and-EM_hw03.py.txt,1,1,0.048293225841305125,0.35038427612202216,0.16472398913183375,0.11539578355619377,0.29717903921802824,0.02402368613061699
test,v1_92_content_linasaha_Principal-Component-Analysis-to-generate-good-features-for-Handwritten-Digit-Recognition_PCA.py.txt,1,1,0.030895323028294765,0.28430005111483575,0.22438613018455422,0.10162299415787186,0.2508893697770108,0.10790613173743253
test,v1_100_content_ssquantum_PyDex_mythread.py.txt,1,4,0.006576123802929637,0.10462315518864759,0.12500461382875822,0.14012767039893065,0.3298792254501645,0.2937892113305695
test,v1_10_content_hmjansen_overflow-algorithm_overflow_algorithm.py.txt,1,3,0.052806225164895214,0.23611750744339835,0.21464788322960168,0.25310130627414995,0.18430193723248278,0.05902514065547201
test,v1_10_content_Raj-Kumar2208_linkedList-Stacks-Queues-Hashing_arrayStack.py.txt,1,1,0.03015662131902204,0.323150814078521,0.1636939662094573,0.16869640291214044,0.14229518183152703,0.1720070136493321
test,v1_35_content_PeterUpfold_simple-temp-queue-pusher_simple-temp-queue-pusher.py.txt,1,5,0.0005827719183209794,0.18674588133490844,0.2351024901484398,0.11164184868452239,0.19760021941794645,0.26832678849586183
test,v1_38_content_dareofmeashwani_Pre-Processing-Queue-For-Deep-Learning-Model_DataQueue.py.txt,1,0,0.39529683517151226,0.05943369681930085,0.06968223203951569,0.04169644972060579,0.21219754480880754,0.22169324144025784
test,v1_5_content_edison12a_bmrs-json-api_test_bmrs.py.txt,1,1,0.004248296112239078,0.766927026126196,0.07156854345170797,0.030312529517848342,0.09075191151564889,0.03619169327635964
test,v1_62_content_jkassis87_QueScreenDataExtractor_qsde.py.txt,1,1,0.09619451726277424,0.35205235346318625,0.1585711387651588,0.06440394447715027,0.18198462694169626,0.14679341909003432
test,v1_11_content_TanaySinghal_SortingAlgorithms_sorts.py.txt,1,0,0.2891154787051588,0.26242803538098375,0.18304899390543547,0.02054361536735602,0.2288612735493197,0.016002603091746344
test,v1_20_content_bradruck_Quick_Sort-python_Assignment_7-P12.9.py.txt,1,1,0.04194207040209862,0.450478387409989,0.1921997516558606,0.031160960823659167,0.2200233119823728,0.06419551772601982
test,v1_25_content_bisigc_python_quicksort_quicksort.py.txt,1,1,0.005596930456195229,0.4570832889975098,0.1708842101046326,0.017091107763721258,0.24688392715195873,0.10246053552598249
test,v1_26_content_hemidactylus_skanfixer_sfUtilities.py.txt,1,1,0.03670888630795788,0.4492434653947595,0.14864928522731452,0.02241877316217233,0.25900489965214457,0.08397469025565127
test,v1_3_content_iRGBit_indexhelper_all_indexer.py.txt,1,1,0.010168980421677671,0.47060967226902134,0.17423412544121517,0.018639764524956484,0.29931855799653406,0.027028899346595078
test,v1_5_content_chriskbwong_quickSort_quickSort.py.txt,1,1,0.3978737210196975,0.417965268543708,0.03345203001662253,0.005823302995667011,0.13189847404293006,0.012987203381374794
test,v1_6_content_austinteshuba_QuickSort_Sort.py.txt,1,1,0.03705307082054058,0.46542084563380187,0.17066554713069484,0.03427953926155393,0.14537119508434085,0.14720980206906797
test,v1_80_content_arun-p12_sort-algorithms_quick_sort.py.txt,1,3,0.0990714768914444,0.155361689775548,0.17275116844226152,0.24131540609285793,0.09715521754868472,0.23434504124920333
test,v1_11_content_momaabna_Python-create-password-list-_creatlist.py.txt,1,1,0.009188928222701653,0.37301589583960393,0.19994158653781677,0.10795919725395457,0.1859268681830149,0.123967523962908
test,v1_19_content_andryak_complib_test.py.txt,1,1,0.06135581429995227,0.4219609745579508,0.217378154180462,0.057679697047387325,0.19025944992254062,0.05136590999170703
test,v1_27_content_michaelbauerinc_TowersOfHanoi_node.py.txt,1,4,0.14905011747205826,0.1782461645153926,0.08677970065428,0.06887587076468997,0.44825833768012807,0.06878980891345116
test,v1_29_content_ntzhong_box_api_modify_links_main.py.txt,1,3,0.0018800327842569498,0.1408814147407812,0.23678462836793648,0.34909247421292344,0.15591276082147162,0.11544868907263028
test,v1_33_content_prabhatpal77_Complete-core-python-_dictcomp.py.txt,1,4,0.0076244900461115575,0.11904252401482641,0.11193026410466055,0.10713933528539601,0.4801277634297439,0.17413562311926173
test,v1_4_content_doronbruder_Recursive-functions-_ex7.py.txt,1,4,0.0009485107282042153,0.21228813806898902,0.14750749105013117,0.19651592604028018,0.23410187231160576,0.20863806180078978
test,v1_16_content_exitmsconfig_python_knn.py.txt,1,1,0.00011478099763258164,0.30582549863149416,0.1959673731706079,0.14680857398152306,0.19631071739946593,0.15497305581927626
test,v1_2_content_Nathan-Binkley_My_RSA_M_RSA.py.txt,1,1,0.0003986828998068856,0.4236379519614192,0.09355755719224382,0.24532537614515962,0.04016886374425064,0.19691156805711993
test,v1_37_content_henritomas_ECE151-RSA-encryption_client.py.txt,1,1,0.008392788028236061,0.4543347542906142,0.15911472952508948,0.029436353342768784,0.272845178533552,0.07587619627973939
test,v1_41_content_yujiaoliang_rsa_yu01.py.txt,1,1,0.14175815081989576,0.4993386303642056,0.1034571918987386,0.015904426398286917,0.20050747859076443,0.03903412192810868
test,v1_43_content_strmrider_RSA_utilities.py.txt,1,1,0.0069794269438186556,0.4050294005127716,0.1973894691574594,0.03952362159338177,0.23430772720183082,0.11677035459073765
test,v1_55_content_Ali-Ouahhabi_AesRsa_cipher_structure.py.txt,1,1,0.00483893616849933,0.33585601429408674,0.14254185329895175,0.223889787173535,0.2006747716342848,0.09219863743064247
test,v1_67_content_peterjhyoon_rsa-math_math_functions.py.txt,1,1,0.00042930043338371967,0.4543227894495801,0.2233931515211228,0.012808593030729105,0.2734097530854233,0.03563641247976098
test,v1_6_content_JayDogon_RSA_Encrypt3.py.txt,1,1,0.3620197220857198,0.37945060855057183,0.07792782563304163,0.004774495381512808,0.15835828647568312,0.0174690618734708
test,v1_92_content_zaldis_RSA_tester.py.txt,1,1,0.00030148774647029993,0.23303310185948237,0.13616507117367765,0.18641522561938575,0.2250702964780103,0.21901481712297355
test,v1_13_content_chandimajayawickrama_Simple-Sorting-Algorithms_insertion_sort.py.txt,1,1,0.0003602623208717711,0.3911478232079502,0.10255051116568827,0.04583126282141314,0.25391865406583364,0.20619148641824306
test,v1_15_content_hgdsraj_python_vs_ruby_speed_analyze_script_cpp.py.txt,1,1,0.22137010192787068,0.6098158199823785,0.03577491720795935,0.01588351707941366,0.1136877571492309,0.0034678866531468846
test,v1_15_content_Jagdishkharatmol_Sorting-techniques-_pythonin.py.txt,1,5,5.728333947077879e-05,0.16937885920502474,0.18295611974953932,0.20987558797714864,0.21103182399303472,0.2267003257357817
test,v1_16_content_johnllanos_selection_sort.py_selection_sort.py.txt,1,0,0.33289083926791274,0.15896019466416156,0.03701397383090981,0.016651487126468918,0.3043333714402312,0.15015013367031574
test,v1_34_content_rajdas2001_Sorting-of-lists-arrays_Bubble_Sort.py.txt,1,0,0.40535759147072,0.19277388867442669,0.05956174898330723,0.009897284195848989,0.2617438718029133,0.07066561487278386
test,v1_35_content_sviznyuk_pokemon-selection_select_pokemon.py.txt,1,0,0.5336411362354593,0.11265937284393268,0.03723140559276297,0.07648256830702178,0.19316991067807116,0.04681560634275221
test,v1_39_content_lorenzo3117_python-sorting-scripts_sortingScript.py.txt,1,1,0.2348804427788051,0.42908891649878533,0.17002990143842578,0.005382397231147209,0.1299666658143289,0.03065167623850781
test,v1_41_content_sarahandert_python-practice--sorting_sample5.py.txt,1,3,0.04570636807954389,0.011762128812713747,0.12056978655315223,0.39452040125643384,0.17368680359192384,0.2537545117062323
test,v1_5_content_Algomaster0628_SelectionSortAlgorithm_selection_sort.py.txt,1,0,0.4607796819758437,0.01951630381636071,0.03245655793167106,0.06670257338691324,0.2899486658317771,0.13059621705743418
test,v1_2_content_IhsanPratama_ccvs_main.py.txt,1,1,0.016253489255687648,0.3268285774366991,0.23945477015296474,0.08861357653534999,0.2396697072320695,0.08917987938722904
test,v1_10_content_zpeterg_bmig_5003_count_words_getFile_test.py.txt,1,1,6.813791650911409e-05,0.3147678724342035,0.25820415585263806,0.12489210842744572,0.14833307255735584,0.1537346528118478
test,v1_13_content_preetidurai_Spam-Ham-Classification-using-NB-and-LR_NBHelper.py.txt,1,3,2.743643007473257e-06,0.19276693585759686,0.1053119256881566,0.32422032851245164,0.12627910893098934,0.2514189573677982
test,v1_16_content_NB-prog_INTERN-2019_similarity_eval.py.txt,1,1,0.015642591216512902,0.4450983298768842,0.1200960412544762,0.06290836662493349,0.2321373385329489,0.12411733249424428
test,v1_16_content_NB-prog_INTERN-2019_train.py.txt,1,1,0.06328776600366451,0.4041022727199586,0.18229332999436335,0.09237092275784904,0.15697716244255183,0.10096854608161276
test,v1_18_content_ashwinjoseph95_reviewanalysis_natural_language_processing.py.txt,1,4,0.0005448924992689674,0.2616214837111575,0.21499146906381703,0.037590000332847505,0.2960473771062922,0.18920477728661675
test,v1_18_content_Mital188_Logistic-Regression_logistic_regression.py.txt,1,1,0.08146209503526367,0.32912524301764456,0.24564253677781753,0.08043561822990616,0.17998089746395618,0.083353609475412
test,v1_20_content_aditiopangestu_spam_data_converter_lingspam_filter.py.txt,1,1,0.001784029997563175,0.3655875319886166,0.17492968063073117,0.14290639555992107,0.19002261796619602,0.12476974385697202
test,v1_22_content_vrpandey_Training-and-Comparing-Models-to-Predict-Customer-Satisfaction-Index-_main.py.txt,1,4,0.0019085677604601344,0.11134828482294085,0.29622153580492594,0.12711756873716465,0.30800806407141784,0.15539597880309047
test,v1_28_content_vinaykumarbu_sentiment-analysis-deeplearning_data_helpers.py.txt,1,1,0.002055767430571912,0.3495888023639749,0.1257452182866555,0.16238291180711387,0.1493026737547054,0.21092462635697862
test,v1_28_content_vinaykumarbu_sentiment-analysis-deeplearning_gui.py.txt,1,3,0.03837254356559481,0.13918845546671324,0.23791255217239518,0.3931695281812261,0.04198007950440797,0.1493768411096627
test,v1_3_content_tusizi_document-analysis_jieba_cut_document_to_vocabulary_with_nominal.py.txt,1,1,0.01481121942681292,0.5402020924346149,0.18642837944285,0.05016500848674293,0.13453640196548536,0.07385689824349387
test,v1_3_content_tusizi_document-analysis_mllib_tfidf_with_stopword.py.txt,1,1,0.011981487412622477,0.47672831352633555,0.06723329811334484,0.06033995648605086,0.2101737318570202,0.17354321260462607
test,v1_1_content_DanShai_kernalized-tsne_main.py.txt,1,2,8.314075386931766e-05,0.15088801241466168,0.2575386134399547,0.21587248426836272,0.16788725956334807,0.20773048955980344
test,v1_3_content_Lochanahasith_t-Distributed-Stochastic-Neighbor-Embedding-t-SNE-on-EC-dataset_tsne_with_ec.py.txt,1,1,0.0001887942638325321,0.3109760559538675,0.26002602576320505,0.08872076590917596,0.1997857427985128,0.14030261531140598
test,v1_14_content_tusizi_document-analysis_jieba_cut_document_to_vocabulary_with_nominal.py.txt,1,1,0.07797877003714108,0.598405157001412,0.09036361879388172,0.028817111746308646,0.125581011402416,0.07885433101884053
test,v1_14_content_tusizi_document-analysis_mllib_tfidf_with_stopword.py.txt,1,1,0.02748730860988361,0.46940671067956874,0.17507620165879736,0.08470532791745242,0.17282298277914127,0.07050146835515672
test,v1_3_content_avinashbhat_keyword-extraction-using-tf-idf_main.py.txt,1,1,0.002906751688811883,0.46584787896548335,0.09572509323123334,0.005027673158073322,0.4169338637965272,0.013558739159870919
test,v1_44_content_Tian14267_Text_Keywords_Keywords_main_MutilSentence.py.txt,1,1,0.007581891663500021,0.4866687253100302,0.08904812890134148,0.057028495010807013,0.16892073134846347,0.19075202776585776
test,v1_45_content_raopg_Search-Engine_app.py.txt,1,1,0.011085266682967863,0.31003123792550624,0.15280401691946274,0.22577931323898956,0.12929361373664297,0.17100655149643046
test,v1_46_content_loulai_InformationRetrieval_information_retrieval.py.txt,1,3,0.0001294348017100944,0.22266616714434706,0.19711479139069296,0.29164289143409816,0.0698348514068576,0.21861186382229397
test,v1_55_content_wangfan950309_TF-IDF_tf_idf.py.txt,1,1,0.1338024316723502,0.3661008846111913,0.1300040232640951,0.012658961509191238,0.29981143802423266,0.057622260918939454
test,v1_58_content_zhaoyichanghong_machine_learing_algo_python_knn.py.txt,1,1,0.24348689919150848,0.27954994017941925,0.13295867555967503,0.07742227460360619,0.189231831357306,0.07735037910848488
test,v1_66_content_Fremont28_movie_recommender-_movies_tfidf.py.txt,1,3,0.001578423455977676,0.18816410979900525,0.18487801006452845,0.25767300811974464,0.1727593759856426,0.1949470725751014
test,v1_13_content_zerolxf_VRL-SGD_process_tiny_magenet.py.txt,1,4,6.60921055312637e-05,0.1912658684107534,0.1560997810957037,0.06463367707371591,0.30901622313809857,0.27891835817619737
test,v1_28_content_akrolewski_NonlinearMassFaster_tabulate_fiducial_rnl.py.txt,1,1,0.042350089020584576,0.31811284524518973,0.18988008276530582,0.09662883800730805,0.20464038549802774,0.14838775946358407
test,v1_2_content_facebookresearch_reward-estimator-corl_configurations_continuous_uniform.py.txt,1,0,0.3562398934010148,0.2755547569160747,0.1281923062983997,0.119604858753588,0.07757468755701423,0.04283349707390848
test,v1_35_content_facundoq_rotational_variance_experiment_accuracy_vs_rotation.py.txt,1,0,0.4620400022619923,0.16726386581864428,0.10972519874518362,0.08447043196629041,0.10004536720273755,0.07645513400515172
test,v1_6_content_hongzimao_input_driven_rl_example_script.py.txt,1,0,0.36560937475072264,0.008985813252978678,0.2136547974656823,0.04171763796738679,0.2539579338339784,0.1160744427292512
test,v1_79_content_astrojneil_AllanVarCodeFinal_allanVar_plot.py.txt,1,1,0.00881762235175045,0.30630764397109606,0.22132788102370987,0.11149321778824008,0.2326647568943797,0.11938887797082375
test,v1_88_content_hfk97_VaR_VaR.py.txt,1,1,0.006488142366615181,0.35411165738311595,0.253544681359409,0.13111098811463193,0.16999066384505634,0.0847538669311715
test,v1_8_content_Develop-It-19_Random_Forest_RF_Classifier_Wine_Quality.py.txt,1,5,6.366240897782944e-06,0.20580430196914015,0.18669895610226003,0.09763277560561337,0.2469352996909525,0.262922300391136
test,v1_21_content_DaSunnySide_Stock-Analysis_jsonpractice.py.txt,1,1,0.380131650539105,0.3924745699599837,0.07923487336207449,0.010683311167290549,0.1282488341330188,0.009226760838527318
test,v1_39_content_jschriemer_Tennis-Tweets_web.py.txt,1,1,0.2854881587663915,0.31406606250355973,0.07192953463735634,0.10745572244128995,0.1608581907470819,0.06020233090432053
test,v1_42_content_naomistuart_flight-scraping_main.py.txt,1,2,0.052899843085599696,0.2531565827914874,0.25622311458645486,0.07579015400079218,0.2537320898151931,0.10819821572047289
test,v1_45_content_umtpfe_Projet-scrapy_test2.py.txt,1,4,0.00020944348616481836,0.17507802584647691,0.17183776651861768,0.19157864332434218,0.3118137267638028,0.1494823940605955
test,v1_66_content_furkanturkn_python-beautifulsoup-take-news-post-from-the-site_take_news.py.txt,1,0,0.3516500654868172,0.34674388507873294,0.07489378071464438,0.011425663184993573,0.1983437158482368,0.016942889686575195
test,v1_80_content_andrediasesp_web-slinger_scraping.py.txt,1,1,6.678778174108965e-05,0.33559542089121097,0.15307729199006617,0.30179501109256657,0.027348672170335823,0.18211681607407923
test,v1_89_content_pratikdeshmukh2004_Web_scraping_flipcart.py.txt,1,5,0.02372175137055498,0.224882621761623,0.08866386268114779,0.28420580479840546,0.011887292083456652,0.36663866730481215
test,v1_94_content_ytnguyenedalgo_scrape_retail_site_scrape_macys.py.txt,1,1,0.09861832414742241,0.2918243578600578,0.26560351256504283,0.21070986643408604,0.06990905818986694,0.0633348808035242
test,v1_9_content_chaseycodes_StockX-Scraper_2-sneaker_scraper.py.txt,1,1,0.0023354066022204,0.2754750459045255,0.2322682138285823,0.09739593576479544,0.15470998446083353,0.23781541343904283
test,v2_17_content_pevandenburie_micropython-aes-ccm_Utils.py.txt,2,5,0.00015561163407639244,0.18326172203711572,0.19524828897462473,0.2472064292015781,0.12596207903479767,0.24816586911780733
test,v2_21_content_emilystamm_aes-ecb-attacks_aes_ecb_oracle.py.txt,2,3,1.4582397714943661e-05,0.1834353327689135,0.21397492665214693,0.24719447101084177,0.17941986728877285,0.17596081988161005
test,v2_23_content_SigmaPic_cryptoloop_cryptoloop.py.txt,2,5,0.008322095497753602,0.13676208692609995,0.16717386267647494,0.18882751949670576,0.2366570831752753,0.2622573522276904
test,v2_2_content_laendle1999_NasceUmAEstrela_reberto.py.txt,2,2,0.13923519612076765,0.08577593859370554,0.2694241113817651,0.16336885717335614,0.15708397353715628,0.18511192319324926
test,v2_7_content_git-remove_CBC-and-CTR-Decipher_decipher.py.txt,2,1,0.000921489934935677,0.2607130740386832,0.1414417661704597,0.17000323105107198,0.2307880925968764,0.19613234620797304
test,v2_9_content_john-salman_ECB_decryption_ECB.py.txt,2,2,1.0327953721569348e-05,0.07576380530118035,0.34997008865832413,0.2891271365850647,0.10945860535783003,0.17567003614387924
test,v2_10_content_gitganeshnethi_Market-Basket-Analysis_Online_Retail.py.txt,2,3,0.01753271455133597,0.05255901061321354,0.24451878929036683,0.341619286692126,0.17183166565926136,0.17193853319369623
test,v2_11_content_SabikAbtahee_Apriori-Implementation_AprioriMain.py.txt,2,3,0.0003125111379743236,0.07462120234357514,0.2753984948208269,0.2969528901647347,0.16606475608275947,0.1866501454501296
test,v2_1_content_jiteshjha_Frequent-item-set-mining_apriori_mpi.py.txt,2,4,0.0001976026642692481,0.1882036216812956,0.2556032384270969,0.07747661625470655,0.26673629720667147,0.21178262376596027
test,v2_1_content_vijaymukhiija_Sale-optimizing_apyori.py.txt,2,4,0.0011994757485918955,0.05085293388009979,0.20616634837517603,0.14890093674475824,0.32615504496636766,0.26672526028500637
test,v2_2_content_adwansyed_Market-Basket-Analysis-Apriori_bruteforce_marketbasketanalysis.py.txt,2,5,0.0182231495106763,0.11964863048751163,0.07021963830406612,0.28986562646785335,0.12430200684906743,0.3777409483808251
test,v2_2_content_nrohani_AssosiationRules_TransactionEncoder.py.txt,2,2,0.15860283570988315,0.08812969093701407,0.2692888792685104,0.10910319766784508,0.16150548790103114,0.21336990851571627
test,v2_3_content_manishjathan_Money-laundering-Detection-System_GraphAnalysis.py.txt,2,1,0.012049429797177044,0.3430580672649471,0.1294287922596195,0.08213152212671035,0.2494599894230172,0.1838721991285287
test,v2_6_content_HaoLyu_Association-rule-learning_Apriori.py.txt,2,5,0.06261641089905767,0.20569486174377213,0.18506163773553855,0.060330567175497195,0.21705309390837788,0.26924342853775657
test,v2_9_content_HarshaliWagh_Data-Mining_Apriori.py.txt,2,5,0.0012053521607732773,0.2046283029858735,0.16137617730648995,0.11621571922542526,0.24312182719705114,0.2734526211243869
test,v2_10_content_marcindahlen_ARIMAplus_arimaplus_dna.py.txt,2,4,0.09178055088831176,0.07082283451808878,0.14149395676435553,0.027360207611044456,0.5032505066304366,0.16529194358776286
test,v2_19_content_bauassr_Session32_Session32Assignment1_.py.txt,2,1,0.01051669115024562,0.34711536244328106,0.2359946231935962,0.10733526371083686,0.27534371335823254,0.023694346143807693
test,v2_1_content_nageshsinghc4_stock-market-forecasting_ZBH_stock.py.txt,2,5,0.04602106362215853,0.13077644195364113,0.19605833888791027,0.15614584770376097,0.2220749132735498,0.24892339455897924
test,v2_2_content_polyphilz_pricing-weather-derivatives_avg_temperature_model.py.txt,2,3,0.015089242455998316,0.10855856426420732,0.2260301869238114,0.25968199509271056,0.13796396087655863,0.2526760503867137
test,v2_2_content_yyqcs_time-series-model_ts_model.py.txt,2,0,0.225916078021579,0.10311853686853222,0.15715823466634943,0.17351120389043043,0.12333841713806913,0.2169575294150398
test,v2_2_content_yyqcs_time-series-model_utils.py.txt,2,2,1.3415309326052605e-06,0.20473184417740045,0.2570994118489012,0.0793783365595253,0.20316093100822624,0.2556281348750143
test,v2_1_content_dedeco_dijkstra-bellman-ford_teste_proprio_djt.py.txt,2,1,4.107056516248308e-05,0.382217214416469,0.11439391030687557,0.13299144464638693,0.21078156340378987,0.15957479666131613
test,v2_2_content_cvwilliams_BellmanFord-Python_server.py.txt,2,5,0.0009802988746020883,0.1270676909094334,0.1676198666854905,0.17589554348644212,0.22143600961964913,0.3070005904243828
test,v2_3_content_abdulqadirs_distance-vector-routing-protocol_update.py.txt,2,3,1.4882494432926e-06,0.04865474972350849,0.21592448068128298,0.3117899101139751,0.125862565494631,0.2977668057371592
test,v2_4_content_Khante_Distance-Vector-Algorithm_link_1.py.txt,2,5,0.20385564123362948,0.0914924274275646,0.09774499696366823,0.11451232967648474,0.059316219778880644,0.43307838491977235
test,v2_4_content_Khante_Distance-Vector-Algorithm_link_2.py.txt,2,5,0.30120411005122794,0.04964621801264268,0.07493128639626448,0.12018010123447195,0.051303046383992836,0.40273523792140015
test,v2_4_content_Khante_Distance-Vector-Algorithm_network_1.py.txt,2,1,0.02431110720914393,0.4048285994029404,0.24418521883584418,0.1572811624665475,0.09822501493481794,0.0711688971507059
test,v2_4_content_rcornacchia_bellman-ford_testclient.py.txt,2,1,1.805277558105607e-05,0.412260414512487,0.3040800764724675,0.02450678148343935,0.21843631402832842,0.040698360727696614
test,v2_6_content_mmcetindag_ShortestPathAlgorithms_bellman-ford.py.txt,2,1,0.02122689578367374,0.25879026840183383,0.24357969312116218,0.14991639690739855,0.20093914602236826,0.12554759976356347
test,v2_7_content_ardyerwanda_SDN-Bellman-Ford-Pyretic_wG_bellfordCost.py.txt,2,1,0.022343646332455547,0.36293776210021966,0.3394330173181748,0.03476257500167627,0.220773912827174,0.01974908642029968
test,v2_7_content_jimmygzp_bellman-ford_bfclient.py.txt,2,5,0.009444701268605448,0.27661523032865926,0.07903186510203991,0.05716339080413355,0.22806765661153977,0.349677155885022
test,v2_2_content_Madeeha-Anjum_Box_Head_testing_BFS.py.txt,2,2,1.443233913320144e-06,0.046593735367198075,0.35154403141794294,0.21141192998339828,0.2478284949903627,0.14262036500718472
test,v2_3_content_akh5113_BFS-Wrestling-Teams_Homework5.py.txt,2,4,0.00076154067595721,0.17823387867095689,0.22348424311943876,0.10194292898484426,0.34003433847292003,0.15554307007588294
test,v2_53_content_ding-si-han_Flight-Length-BFS_graph.py.txt,2,1,0.04450695608794945,0.3863821617226336,0.20556467168777734,0.08542680895461031,0.2143073759622903,0.06381202558473886
test,v2_5_content_GregLahaye_wikipedia-game_game.py.txt,2,1,0.00721848377982959,0.3781888814505638,0.153424263817566,0.16901498978250304,0.18880507724803366,0.10334830392150397
test,v2_68_content_elados93_AI_Ex1_PuzzleState.py.txt,2,2,0.00028646449108355056,0.22781303078520762,0.3063239618294583,0.1765606688202718,0.23314536290340804,0.05587051117057082
test,v2_92_content_tule2236_superheros-social-graph_degrees-of-seperation.py.txt,2,2,0.0009530904666168297,0.11003061703253883,0.3533460196324456,0.14796601099082776,0.29051872823170555,0.09718553364586538
test,v2_11_content_mrluin_EfficientAutoDeeplab_evaluation.py.txt,2,4,0.1759564248125679,0.019318855845581,0.12439750801126101,0.18324793736227243,0.260169084673268,0.23691018929504962
test,v2_11_content_mrluin_EfficientAutoDeeplab_train_counter_network.py.txt,2,5,0.006586819632198297,0.0395730463945023,0.13975037260685746,0.17572790740095476,0.3003965854258609,0.3379652685396262
test,v2_15_content_Areege_Binary-and-Trinary-Search-Trees_SourceCode.py.txt,2,2,0.006970103234727725,0.11074287185920952,0.2884107368152374,0.17929817378212232,0.21059985284683336,0.20397826146186973
test,v2_20_content_shamo0_Binary_Search_Tree_treap.py.txt,2,2,0.0013804298728505567,0.039468627582640387,0.31425480480295487,0.19879311587770052,0.23499398422617127,0.21110903763768235
test,v2_47_content_mathwoods_binseqcomp_binseqcomp.py.txt,2,4,0.07910808409401557,0.04193692817623639,0.18479543815691937,0.1506816086059594,0.28198699016856255,0.26149095079830664
test,v2_53_content_mmorshed99_binary_search_rotated_sorted_array.py.txt,2,2,0.00024513864584822554,0.04719436468549909,0.32359936739281,0.2710449738707807,0.10053250013619337,0.2573836552688688
test,v2_70_content_Arcnor_binja_search___init__.py.txt,2,3,1.3652428665716556e-05,0.051944707554150905,0.2913850859179544,0.3093019978781101,0.1461865226243143,0.20116803359680457
test,v2_72_content_tusharnema_Implementing-Algorithms-in-python_adj_list.py.txt,2,2,0.0001484424810356843,0.22100215677052817,0.26106388229376754,0.14690154934346242,0.20126413890287656,0.16961983020832958
test,v2_14_content_udwivedi394_binaryTree_ksumPath.py.txt,2,2,0.00021988235403842045,0.1136069975009223,0.25935167602813836,0.2286710208209615,0.21343946234454791,0.18471096095139158
test,v2_1_content_dhvanilp_Persistent-Binary-Search-Trees_index.py.txt,2,2,0.0010526596018144044,0.012878485050807022,0.3594621420208261,0.20685949383186264,0.16942945531178688,0.25031776418290286
test,v2_23_content_mpgiii_binarysearchtree_unittests.py.txt,2,3,0.0005309260590322453,0.03064444567111518,0.2463589104782445,0.31182317166740275,0.25400171970579927,0.15664082641840602
test,v2_44_content_CppbetterC_A-Star_Heap.py.txt,2,3,0.05447735025602174,0.12663903133394994,0.16410977141667227,0.3170653455979282,0.16388350000113835,0.17382500139428955
test,v2_5_content_Schemberizer_Binary-Tree-Compression_tree.py.txt,2,1,0.0001515347106233109,0.3193396133824145,0.21790044473999606,0.1465478364705176,0.15689565834022287,0.1591649123562256
test,v2_99_content_erastus-murungi_binary_search_trees_splaytree.py.txt,2,0,0.3807881205548802,0.20606689142562185,0.10130498197672574,0.03145446977897459,0.06636798549947068,0.21401755076432694
test,v2_24_content_Jagdishkharatmol_Sorting-techniques-_pythonin.py.txt,2,4,0.0017877492423618632,0.15000678709115092,0.19509357313791476,0.20156509590723767,0.24742466195983037,0.2041221326615044
test,v2_44_content_emilgab_bubble-sort_bubble_sort.py.txt,2,5,0.008183394997947723,0.11777439532606354,0.2275748019141717,0.19010520274696194,0.1316447422785769,0.3247174627362782
test,v2_45_content_Janteby1_bubble_sort-copy_bubble_sort.py.txt,2,5,0.2442118371203857,0.051320337203394455,0.15839857380182512,0.07101150859069057,0.17450915043766163,0.30054859284604246
test,v2_46_content_gabysoares_PythonBubbleSort_ResultTable.py.txt,2,0,0.34273552795592155,0.009751395661267873,0.31208741570220166,0.14491713557751326,0.03696922850232056,0.1535392966007752
test,v2_73_content_kamil-owczarek_sorter_sorter.py.txt,2,2,0.0025600676249595863,0.25936858424858905,0.3053856888659631,0.06283651214920613,0.2673347452456531,0.10251440186562909
test,v2_79_content_lorenzo3117_python-sorting-scripts_sortingScript.py.txt,2,0,0.37430766119961956,0.17624576516948415,0.10423274002504415,0.11504563116833952,0.11012340545779133,0.12004479697972127
test,v2_21_content_rahul494_Mental-Health-On-Twitter-Analysis_relevant_tweet_filter.py.txt,2,5,0.002751764436675,0.09752059223039813,0.19603131016740136,0.2356040822434716,0.20316915934621851,0.2649230915758355
test,v2_24_content_MuyaoWang_OnePlusTwo-BigData_PostProcessForReport.py.txt,2,2,0.0011147605947104833,0.11514130336591404,0.2808357430207584,0.2093072016052538,0.23727382544598719,0.15632716596737617
test,v2_26_content_Emersonxuelinux_One_Big_Archive_Listing_10-1.py.txt,2,3,2.478408403126039e-05,0.17971102088746135,0.19564918905834505,0.2831933685669758,0.1276691426947002,0.21375249470848634
test,v2_26_content_Emersonxuelinux_One_Big_Archive_Listing_8-4.py.txt,2,3,0.00489240871483177,0.002804903609620761,0.042984310228720124,0.5150801747286918,0.01661576356107647,0.41762243915705893
test,v2_30_content_sdws1983_The-big-data-OF-The-Plant-Cell_calculate-author.py.txt,2,1,2.6496783822349882e-05,0.2884461381707605,0.21908036683810578,0.09568956089097656,0.22727814583202338,0.1694792914843114
test,v2_32_content_jtuckerk_oscar_prediction_full_featureset_prediction.py.txt,2,2,0.0028541185475501087,0.0331076910986885,0.3867976472714909,0.24097375342491048,0.20476867012163918,0.13149811953572071
test,v2_3_content_Sapphirine_Detecting-and-Predicting-the-Impact-of-Events_calc_train_anamoly_10ile-Copy5.py.txt,2,4,0.0003931840240090092,0.07614399958116676,0.2949451002320259,0.1665518531744426,0.31938943253523283,0.14257643045312288
test,v2_51_content_rrnarayan1_one-big-thing-backend_app.py.txt,2,0,0.30622251309947607,0.051399794702833186,0.1524783722437803,0.11345102641063963,0.14877809597498268,0.22767019756828813
test,v2_52_content_PhaniBalagam27_Big-data-Analytics-on-dallas-police-incidents-dataset_Q5_code.py.txt,2,5,0.002145484737876318,0.18842710460439424,0.239179778867455,0.09520862419847974,0.17699657745870986,0.29804243013308485
test,v2_5_content_anguillanneuf_bigO_02_linked_list.py.txt,2,3,0.001069303644250494,0.016731082580080464,0.1803011508267407,0.3096249067197834,0.21504467496481622,0.27722888126432876
test,v2_5_content_anguillanneuf_bigO_54_fix_tampered_bst_efficient.py.txt,2,5,0.0002113808734406147,0.030348206352709593,0.12305035271490523,0.2999334659442374,0.23164095529753995,0.3148156388171672
test,v2_5_content_anguillanneuf_bigO_76_longest_subsequence.py.txt,2,5,0.0017828943932642943,0.10602574435199433,0.2561948656202819,0.1305047380623779,0.24774208980676699,0.25774966776531466
test,v2_5_content_wiflore_Data-Lakes-on-AWS_etl.py.txt,2,3,0.0002560601864471047,0.061172148161458564,0.24233037040277955,0.3131697227775887,0.13909129997149322,0.24398039850023284
test,v2_6_content_gauravpatle_Data-Analysis-of-IMDB-Users_DataPreprocessing.py.txt,2,4,2.647116786617425e-05,0.18595778321949033,0.1952185503443516,0.1332499425119026,0.2627408813550599,0.22280637140132944
test,v2_7_content_PotatoSpudowski_The-centralized-guide-to-distributed-storage-and-processing-of-big-data_13_makerspace_analysis.py.txt,2,1,0.0007528293856023908,0.2863409447262515,0.19859455330704434,0.12019268180735336,0.19986426350131786,0.19425472727243057
test,v2_10_content_analyticsbot_document-similarity_word_mover_distance.py.txt,2,1,0.013076806245403937,0.32081564187923384,0.31656066304904634,0.14713133756716443,0.10522405694724149,0.09719149431190993
test,v2_11_content_kirokuan_Idf-tf-DocCompare_hwTest.py.txt,2,5,1.3574909201410829e-05,0.039562171770693044,0.21119217832060005,0.24788310468249458,0.2327436770522888,0.2686052932647222
test,v2_1_content_HarryBaker_LDAtopicSimilarity_topic2vec.py.txt,2,5,0.0008321957303355841,0.16572811803985713,0.14171056108471064,0.23190267452241115,0.21088571496191752,0.2489407356607679
test,v2_2_content_spygaurad_AI_LAB_6_537_Suraj_doc_similarity.py.txt,2,5,0.0021736984810828072,0.1973550695578599,0.16817616704096416,0.24876885163883836,0.11185212788526364,0.2716740853959912
test,v2_3_content_JennaBellassai_phrase-similarity_similarity_score.py.txt,2,3,1.3375241997418833e-05,0.07205624716270226,0.15032175196663547,0.30891214001972556,0.16390907019224027,0.3047874154166989
test,v2_6_content_muhammadhabibi_CBS01_Main.py.txt,2,2,0.05126923883644227,0.2691146437663109,0.34343951057401284,0.05099556586007398,0.2237841105958253,0.06139693036733478
test,v2_6_content_muhammadhabibi_CBS01_NaiveBayesNLTK.py.txt,2,2,0.23288792079933693,0.09913755727245491,0.4212999648272692,0.055371629657897284,0.12690192987544863,0.06440099756759315
test,v2_6_content_yashambre_Document-Matching-Algorithm_DM.py.txt,2,4,0.006684878491872471,0.1612630724504855,0.3242214414065681,0.05572705820320663,0.3448448175560217,0.10725873189184565
test,v2_7_content_gautamdasika_Document-Search-Engine_finalsearch.py.txt,2,4,5.5708643662803174e-05,0.24535831687751417,0.2372412212432055,0.09702797793675402,0.2701812536655831,0.1501355216332803
test,v2_8_content_shukali_tweet-similarity-ranking_tweetranking.py.txt,2,3,0.00010292313029226668,0.13704475979555886,0.2412007860271523,0.2603583752849204,0.15104545260760313,0.21024770315447316
test,v2_8_content_uzzielc_Document_Similarity_using_TF-IDF_with_Cosine_Dist_article.py.txt,2,5,0.0001394469309764556,0.24569733853744719,0.170301043569646,0.09629100629624,0.24028304424526875,0.24728812042042175
test,v2_26_content_1970633640_Design-and-Analysis-of-Algorithm_ex7.py.txt,2,1,0.001593503975277412,0.3771460055524023,0.13235069304273825,0.03115944163657079,0.2711419638591408,0.18660839193387038
test,v2_28_content_tomsiwek_gprMax-Designer_materials.py.txt,2,3,0.03539816246558298,0.011131698561008789,0.1714366018428328,0.3179159404918104,0.18859503365507907,0.27552256298368594
test,v2_28_content_tomsiwek_gprMax-Designer_operation.py.txt,2,3,5.9113873520660525e-09,0.0659274160998541,0.21961439824090104,0.24878104060493814,0.22990353483692397,0.23577360430599542
test,v2_37_content_baptiste0928_userinfo-bot_main.py.txt,2,5,0.0027583661735485713,0.16762900927348962,0.15691027880552297,0.22181660781800672,0.1660443425166198,0.2848413954128122
test,v2_84_content_vineetred_aesDES_test.py.txt,2,5,0.001086995560129974,0.22659899840972003,0.19497379773817608,0.1706898193973008,0.14831949309029563,0.2583308958043774
test,v2_85_content_kenil-shah_Description-Based-Person-Identification_config.py.txt,2,3,0.15501150295814917,0.12238974608516562,0.10479872285734244,0.30107151282319256,0.13220537053716522,0.18452314473898493
test,v2_86_content_Enkhai_simple-DES_encryption.py.txt,2,2,8.879495386055329e-05,0.017958394617420943,0.35271432272873426,0.11316458583721598,0.2972405861908048,0.21883331567196365
test,v2_86_content_Enkhai_simple-DES_misc.py.txt,2,3,0.0005197823941449703,0.024941349770831664,0.2289411074280705,0.3685255164179507,0.09365123629840243,0.2834210076905998
test,v2_8_content_usmanali414_Destruction-Detection-in-Satellite-Imagery_augmentation.py.txt,2,3,3.6101787514033735e-06,0.0611038888580317,0.25288458964746713,0.2764753718766344,0.19829702537198,0.21123551406713545
test,v2_1_content_akhilesh1311_MazeSolver_hard_maze.py.txt,2,1,0.10122971726683713,0.3839374026799683,0.14960359258262382,0.14643644827802474,0.10206464955265437,0.11672818963989154
test,v2_27_content_PriyeshV_GAP_Kernels_DFS_run.py.txt,2,5,0.0024307299977072124,0.1859098618405943,0.13418278486508556,0.07398062478518028,0.2485831829539836,0.35491281555744914
test,v2_29_content_sarapple_AI-Search-Algorithms-Pure_driver.py.txt,2,2,0.0010832835636294708,0.11408111326591136,0.25164820954788414,0.24525319809567855,0.20813781390056896,0.17979638162632744
test,v2_48_content_ethanZHY_Crawler_BFS_DFS_Python3_Crawling_Doc.py.txt,2,4,0.0004316371039838341,0.12993065364129408,0.27580224360430644,0.12171114001319282,0.3630297140438464,0.10909461159337647
test,v2_4_content_drinkbeer_DFS-Python_common.py.txt,2,4,0.006313226764165315,0.22590908716058541,0.11705753605870564,0.007959337765149154,0.44157253271815383,0.20118827953324064
test,v2_84_content_WizHacks_ChordDFS_topo.py.txt,2,2,0.008345475006162319,0.07130991656693687,0.30812800315456274,0.2523734694781249,0.19504817872872127,0.16479495706549194
test,v2_18_content_matinpf_ECDHE_RSA_Python_main.py.txt,2,2,0.007864677419432684,0.0637477279484513,0.34543720695930946,0.23974472883522818,0.19232479657718995,0.15088086226038838
test,v2_18_content_matinpf_ECDHE_RSA_Python_utils.py.txt,2,1,5.2944906148937366e-05,0.28585236037326645,0.2542950983684904,0.1016587524656852,0.19474253030671593,0.16339831357969317
test,v2_21_content_swawibe_pyDH_Client.py.txt,2,1,0.006296072444717425,0.3769437131378056,0.2119946179977411,0.0444887936153505,0.2204185386057196,0.13985826419866568
test,v2_27_content_AlpCentaur_Diffie-Hellman-Implementation_Attack.py.txt,2,1,0.26503998133616496,0.31425195984510335,0.2228261127735701,0.040428741050176825,0.087123529991177,0.07032967500380768
test,v2_33_content_nikhil-paramane_-Diffie-Hellman-key-Exchange-Algorithm_dh.py.txt,2,2,8.555540658660354e-07,0.16271116534131957,0.2599314542864618,0.14628978646343935,0.2535080341482717,0.17755870420644176
test,v2_35_content_DiarmuidKelly_Key_Exchange_diffie_hellman.py.txt,2,3,5.325604514931147e-05,0.04362247137102237,0.102834836192402,0.33612062444056373,0.18567188302926652,0.3316969289215961
test,v2_60_content_dunglq2000_chatbox-encrypt_client.py.txt,2,4,0.0002974108570133657,0.23575965962037854,0.251230286564819,0.08419895396045896,0.2810288629310628,0.14748482606626728
test,v2_71_content_logyball_public_private_encryption_driver.py.txt,2,4,0.00012948126596200034,0.12352530311470564,0.275780764554572,0.10512135863496172,0.30715546117293013,0.1882876312568685
test,v2_11_content_langokalla_A-star-Pathfinder_map.py.txt,2,2,0.0011309397763001226,0.17293408541292282,0.2620795684709011,0.2101458130901803,0.22154914110807755,0.13216045214161803
test,v2_15_content_meghanagabhushan_DijkstraAlgorithm_dijkstra.py.txt,2,3,1.3195381082748016e-05,0.020768828283241298,0.2412332643095293,0.27670262688953595,0.20046413796665222,0.2608179471699584
test,v2_15_content_ronma1_Dijkstra_graph_algo.py.txt,2,3,4.994718277919152e-05,0.023137692368108597,0.26092974594481405,0.27040772982108646,0.1848884824396528,0.26058640224355883
test,v2_19_content_mmcetindag_ShortestPathAlgorithms_bellman-ford.py.txt,2,2,3.1547873734439724e-06,0.1376289252771058,0.2674196217451873,0.19328155503304129,0.23696409267433138,0.1647026504829608
test,v2_47_content_woodElec_Parallel-Dijkstra-Networkx_voronoi_module.py.txt,2,4,0.00010658839808687755,0.10178967063722252,0.2459784862874855,0.1945214471653939,0.2542042124787233,0.20339959503308788
test,v2_50_content_krj9cr_Hybrid-Prim-Dijkstra-GUI_Helpers.py.txt,2,3,7.728928944074132e-06,0.13079784929278648,0.16346617592863283,0.30909238447290555,0.17232354038594866,0.22431232099078244
test,v2_8_content_rprahlad1_guavabot_solver.py.txt,2,5,0.00034777900967717556,0.08982524744771561,0.1781342448018308,0.24586272032061848,0.1461869886774707,0.3396430197426873
test,v2_12_content_Subhamacademia_Efficient-way-to-Check-the-Divisibility-of-a-Number-by-Three_ex0.py.txt,2,2,9.461570424352572e-07,0.16858221702823573,0.28819622771934006,0.22219395992202398,0.14996583101568933,0.17106081815766835
test,v2_15_content_Nabeel-Asghar_List-Divsion_List-Division.py.txt,2,2,0.0034711385497961755,0.24031762987770006,0.2612013661461479,0.21090107436062552,0.14683314176261603,0.13727564930311426
test,v2_4_content_flaviohenriqu_divisibility_flaskapp.py.txt,2,1,0.048596453127233256,0.4151802251849161,0.14588270975232515,0.09950950836809662,0.13475174703852116,0.15607935652890775
test,v2_6_content_marcelotokarnia_dojo-divisibility-rules_is_divisible.py.txt,2,2,3.917162908563102e-05,0.004596362083159814,0.40534028929900073,0.11626462683221951,0.35810331268214096,0.11565623747439335
test,v2_7_content_jakobpederson_divisible_pair_sums_test_divisible_pair_sums.py.txt,2,2,0.02641408328661715,0.0757806621574099,0.3517553742218709,0.18808171688584213,0.2676116477744407,0.09035651567381921
test,v2_10_content_kllinzy_Elliptic-Curve-Cryptography_ecc.py.txt,2,4,0.0016777917917283074,0.2724631011612818,0.30382108020397863,0.039596643692797154,0.34505246749203894,0.03738891565817509
test,v2_10_content_ko-hii_EASY-Elliptic-curve-cryptography_decryption.py.txt,2,3,1.6374843610804205e-05,0.21765326201986965,0.1687093952497085,0.24682785926822162,0.1276887211361577,0.2391043874824318
test,v2_20_content_UAvinash7_Cryptography_DigitalSignature.py.txt,2,4,8.389802225682927e-07,0.06086658696777536,0.2829295634530444,0.06820825761161144,0.3460300645446871,0.2419646884426591
test,v2_27_content_ayaar25_elgamalecceg_interface.py.txt,2,4,0.0039655676847251894,0.2594567047254604,0.19764503664965377,0.03856317898812956,0.30551307271837846,0.19485643923365256
test,v2_27_content_ayaar25_elgamalecceg_pointoperatorecc.py.txt,2,0,0.33751438760720137,0.12282444371458873,0.1095104501263786,0.2484900871596927,0.07609444264698333,0.10556618874515539
test,v2_6_content_gionanide_Cryptography_ECC_DH_key_exchange.py.txt,2,3,0.0004491958995013426,0.06731782101657925,0.1855526101985204,0.3583018167660579,0.13409529341923582,0.2542832627001053
test,v2_6_content_gionanide_Cryptography_VernamCipher.py.txt,2,3,0.0032345391811632023,0.16488271828926868,0.2570685110491835,0.27344122725107256,0.07998801774517211,0.22138498648413996
test,v2_11_content_harishchellappa_Time-Series-Analysis-Bike-Sharing-Demand-Forecasting_forecasting_passes.py.txt,2,1,3.569304203970374e-05,0.30386802015348474,0.1741876583482395,0.17879394366489096,0.1711291675260093,0.17198551726533576
test,v2_9_content_Soumyabrata_predicting-pwv_benchmarking.py.txt,2,2,0.01523309008112959,0.19890694142121398,0.31159063841542184,0.22801930116748167,0.16094703940455898,0.08530298951019408
test,v2_11_content_kousu_primes_wsieve_b.py.txt,2,3,9.192991864019338e-06,0.023295094234690058,0.23487291926130394,0.27139576327462844,0.22657617297927307,0.24385085725824046
test,v2_12_content_vidya_digit-factorial-chain_test_digitfactorialchain.py.txt,2,5,4.6942842730145615e-06,0.03349113938263511,0.2364951895644216,0.23993147680326143,0.24354194683163596,0.24653555313377284
test,v2_30_content_talbrecht_ensemble-scoring_run.py.txt,2,4,0.003507299868278552,0.041698999538573464,0.2367629067187202,0.15884447315757794,0.2857275747048731,0.27345874601197684
test,v2_36_content_EricHeGitHub_python-factorial-base-rubik-rectangle-word-game-overlapping-photographs-related-algorithms_factorial_base.py.txt,2,4,9.561454787253042e-06,0.08835296352160071,0.2713464148975418,0.06824868975250227,0.3450613569075592,0.22698101346600888
test,v2_4_content_rohinigopalqxf2_Factorial-Calculator-Practice_05_Non_Integer_Validation.py.txt,2,5,1.006723183083657e-05,0.03943013072922222,0.2021214232215657,0.2719561717791423,0.18332678779267408,0.3031554192455649
test,v2_51_content_adityapatelgithub_Expressions-and-Functions_evaluate.py.txt,2,2,1.9225562286223116e-05,0.15432872801102404,0.2849223913326414,0.12377837391639304,0.2575989340371586,0.17935234714049658
test,v2_51_content_adityapatelgithub_Expressions-and-Functions_peekable.py.txt,2,2,6.818557681769253e-05,0.24035192962726093,0.31897263014858007,0.22753972751958265,0.14788781633183298,0.0651797107959256
test,v2_5_content_brown9804_Python_DiversosAlgortimos_CreandoMatrizApartirTXT.py.txt,2,3,0.16388194606425877,0.0476244476663898,0.20044700900597892,0.23618699349110797,0.19988483860892656,0.15197476516333797
test,v2_77_content_elisawarner_Fun_determinant.py.txt,2,5,0.0003019705911935038,0.0427187855518925,0.1855317845943104,0.18086731947783707,0.2885559137149996,0.3020242260697669
test,v2_13_content_danielSbastos_binary-fibonacci_columns.py.txt,2,3,3.368915375083672e-06,0.02117512050456969,0.2520333031980446,0.2710583785548192,0.22327245435271625,0.23245737447447523
test,v2_13_content_danielSbastos_binary-fibonacci_prototype.py.txt,2,3,6.930588353332356e-06,0.0008549279805215864,0.23154870379319717,0.3545304683799317,0.09675796997877566,0.3163009992792207
test,v2_38_content_emilyhammer_fibonacci_app.py.txt,2,5,9.166856719073079e-07,0.18886071515545297,0.21793041409245203,0.12714331821475466,0.21265561246418457,0.2534090233874838
test,v2_68_content_jacob-bonner_ICS3U-Assignment7-Python_fibonacci.py.txt,2,5,2.887885783219494e-05,0.005947942664642663,0.2245799683103829,0.2972874879536596,0.1333850523236856,0.338770669889797
test,v2_99_content_MatheusMuriel_ProgramacaoDinamica_Memoria.py.txt,2,3,9.125864003365098e-05,0.007298618801635828,0.24564128207394348,0.3000082957237192,0.15484558222441247,0.29211496253625535
test,v2_12_content_byu014_all-pairs-shortest-path_allPairsShortestPath.py.txt,2,4,0.053016596938978436,0.09412304866640718,0.1652724858948904,0.20289626264418434,0.2801282871255328,0.20456331873000677
test,v2_14_content_arnaudperalta_py_graphpath_graph.py.txt,2,1,0.08190206918465649,0.38941572586855405,0.1677374956078659,0.051346416725456194,0.2318772697970682,0.07772102281639921
test,v2_5_content_Abdallah-Elshamy_floyd-warshall_APSP-Floyd_Warshall.py.txt,2,3,0.0006715259538449358,0.02151450328847376,0.2338283676066854,0.2804020246744487,0.19282296707536242,0.27076061140118474
test,v2_6_content_1siddhi7_Floyd-Warshall_tk.py.txt,2,2,8.166889257882484e-06,0.09079651071935663,0.2674681752203029,0.21156764392019828,0.2257643950109901,0.20439510823989412
test,v2_7_content_ghifarozarrr_floyd-warshall-algorithm_floyd.py.txt,2,3,4.5613669621093e-07,0.15224333751294594,0.20564735089464703,0.254941948319654,0.195261291841359,0.19190561529469785
test,v2_10_content_nazaninsbr_Intelligent-Systems-CA3_Q3_Clustering.py.txt,2,5,7.798347832010197e-05,0.14834201158815674,0.10093949749363787,0.21766289732398866,0.2349925196548866,0.29798509046101007
test,v2_26_content_dmallya93_Intelligent-Web-Services-Discovery-using-Clustering-Method_description_similarities.py.txt,2,4,3.812349028243685e-07,0.1097378247236234,0.23421498529955181,0.18876696580180183,0.2567363075594888,0.21054353538063125
test,v2_54_content_juancprzs_hierarchical-clustering-example_tutorial_python.py.txt,2,5,0.023380013989158142,0.1675372108814971,0.1821857554867561,0.21601812847654772,0.15694047744462808,0.2539384137214128
test,v2_55_content_siddbhatia07_MACHINE-LEARNING_Simple_linear_regression.py.txt,2,1,0.00016105898330692707,0.3020085902535915,0.19806563374830177,0.08630128594493264,0.2414787468681186,0.17198468420174853
test,v2_61_content_cthorrez_deepsetLinkage_baselines.py.txt,2,2,0.00013353807896340729,0.10198407251107809,0.36979310499766643,0.06515599120953655,0.2959727744032795,0.16696051879947624
test,v2_61_content_cthorrez_deepsetLinkage_plot_results.py.txt,2,3,0.000122494560088712,0.19480350750885264,0.2241447389713875,0.30349908687659977,0.06564787336260187,0.21178229872046947
test,v2_86_content_sudarshan-koirala_Clustering-Algorithms-Comparision_hierarchical_clustering.py.txt,2,1,0.010350333804759249,0.3091232560633215,0.15898106097136908,0.12751550430842776,0.10606002701059393,0.28796981784152853
test,v2_93_content_vishwakftw_extreme-classification_baseline.py.txt,2,1,0.02719685453963381,0.26512676417291425,0.21547503599174284,0.18598291000189832,0.15850725120452935,0.14771118408928136
test,v2_16_content_loalberto_Analysis-of-Compression-Algorithms-_HuffmanCoding.py.txt,2,3,0.019548529057005184,0.01589599520575726,0.19621123859518963,0.335878263494003,0.22288646010991103,0.2095795135381339
test,v2_28_content_Mansy_HuffmanCode_Huffman.py.txt,2,2,0.003013628195511342,0.19079862776194645,0.23233151084679649,0.14634597328996515,0.22339023966593252,0.20412002023984804
test,v2_45_content_craig-m-k_huffman-coding_heapify.py.txt,2,3,2.840667959666717e-06,0.09607050003602464,0.24522331167377254,0.2651506663032509,0.16209066857713658,0.23146201274185554
test,v2_12_content_timhebert1963_InsertionSortAdvancedAnalysis_Hackerrank_TC2_1_length_441_answer_46768.py.txt,2,5,0.0016751710724412163,0.22927669446519125,0.10641831819222973,0.1924350508156855,0.1999224983291056,0.2702722671253468
test,v2_24_content_gly11_Sort_Run.py.txt,2,5,0.0011819800937827743,0.010557362511772491,0.16819311164786227,0.25842185422610814,0.23808664279969105,0.32355904872078317
test,v2_24_content_lesdev_SortingMethods_Insertion.py.txt,2,4,0.0007971288669820575,0.1951473619548057,0.23388303981677186,0.18503335489270384,0.2472735119444866,0.13786560252424993
test,v2_26_content_manzala_Analysis-of-Algorithms_merge_sort.py.txt,2,4,3.21447701529353e-05,0.03114572606074497,0.3028814583736955,0.16866169826646862,0.3289761092597498,0.16830286326918817
test,v2_42_content_matbot_Py_merge_vs_insert_sorts_insertionsort.py.txt,2,2,0.0007909197646927162,0.06900413167104438,0.2792791872471613,0.21375948028744107,0.1701163298174908,0.2670499512121697
test,v2_46_content_arun-p12_sort-algorithms_quick_sort.py.txt,2,5,0.015922545845005596,0.06229904489562093,0.15401617536852205,0.25990839630685286,0.22884396977203886,0.2790098678119597
test,v2_46_content_arun-p12_sort-algorithms_shell_sort.py.txt,2,5,0.010343062881300432,0.05095493497309381,0.16585069083816248,0.2110324025311476,0.2380604115194828,0.3237584972568129
test,v2_54_content_ceydapolat_Sorting-Algorithms-Analysis_InsertionSort.py.txt,2,2,0.060787974136135334,0.20568218911543673,0.23150203292239152,0.1405738148217313,0.20908671082146213,0.15236727818284293
test,v2_10_content_patrickkingg_K-means_Clustering_kmeans.py.txt,2,1,0.0009957079246380514,0.34462449688721963,0.1587276648300745,0.1151218307698053,0.16703550639796036,0.2134947931903022
test,v2_14_content_gravelund-gis_MapSorter_KMeans_analysis.py.txt,2,4,5.809317266987711e-06,0.08523117985722009,0.29102943935185266,0.19902088721855601,0.29361067010099684,0.13110201415410744
test,v2_28_content_NurzatRakhman_k_means_k-means.py.txt,2,3,0.0004933109899292716,0.013673668855143274,0.2982191315420915,0.30365642231423234,0.23005978142762432,0.15389768487097918
test,v2_29_content_AouinaOns_K-Means-Clustering_K-means.py.txt,2,2,0.00013824099008153626,0.22018945972335252,0.25054155554711705,0.22390420122210053,0.12327591367552378,0.18195062884182467
test,v2_56_content_lpyhdzx_clustering_data.py.txt,2,5,0.0007570789963807713,0.03641713712307222,0.2017512374310662,0.23434788777999324,0.2108072029067983,0.31591945576268926
test,v2_5_content_teawifi_k-means_clustering_loader.py.txt,2,2,1.6917674411911854e-07,0.004400605158312306,0.30587485497760714,0.2577808336363455,0.2539781188851065,0.17796541816588435
test,v2_66_content_Mary268_K-Means-Clustering_k_means_clustering.py.txt,2,2,0.00041995192755658265,0.07438492907628762,0.3151499459532737,0.18744336441261428,0.2713281239703446,0.15127368465992314
test,v2_7_content_MercuryM_Metric-Learning_Q2_Aa_2.py.txt,2,2,0.0028673534020591594,0.03306990672830115,0.3272261381295257,0.321420575293092,0.13837369741177263,0.17704232903524939
test,v2_96_content_jtwaugh_gap-statistic_gap.py.txt,2,4,0.015629646406330786,0.051717163449913416,0.22085944238069763,0.21971548166995278,0.2542668473002083,0.23781141879289702
test,v2_10_content_ajcse1_Predicting_Picture_Orientation_NeuralNetwork_predict.py.txt,2,4,0.0013482695143851868,0.27237290280960824,0.2036331924996246,0.10753215935180932,0.31547207447068637,0.09964140135388631
test,v2_32_content_prakashsellathurai_OPTICAL_CHARACTER_RECOGNITION_PossibleChar.py.txt,2,5,0.0025232719029757433,0.05472054633399803,0.25434118279839435,0.21126463719777536,0.17198535113623936,0.30516501063061724
test,v2_46_content_whoif_Cost-Sensitive-KNN_plotHelper.py.txt,2,5,0.165238839194525,0.05851699824258758,0.16575685190078893,0.19135784020886304,0.1037983635057137,0.31533110694752176
test,v2_6_content_cooperlab_KNN_Survival_DataManagement.py.txt,2,2,0.0005873285502553204,0.22119388834645534,0.25816949127118,0.17458159149096736,0.22570913312441057,0.1197585672167315
test,v2_7_content_cp2-dc-info-lamp-2018_iris-knn_nao_somos_botanicos.py.txt,2,1,4.0184539234697584e-05,0.24509377291551462,0.17459769238832806,0.12421781751215949,0.22474703378918154,0.23130349885558155
test,v2_13_content_Ade-Adeleke_KruskalAlg_Kruskal_Algorithm__1_.py.txt,2,2,1.5386737814241393e-07,0.05115903493161511,0.31092307592506907,0.20501889336294096,0.19811098002123634,0.23478786189176057
test,v2_16_content_drdeford_KruskalFlows_networkflows2.py.txt,2,1,0.007470576172768091,0.32787792217936534,0.23558872403216066,0.11755618783791096,0.2109912550997425,0.10051533467805225
test,v2_16_content_sharatchandraj_MaxBandwidthPath_DijkstrasNoHeap.py.txt,2,1,1.9976762322075206e-05,0.301113161866328,0.21885176612077478,0.10948700379829535,0.22805233118313917,0.1424757602691406
test,v2_22_content_ABHIJIT-13_Kruskal-MST_kruskal.py.txt,2,3,2.1387410761200884e-06,0.060137361168307375,0.2629188250190726,0.28111608875711047,0.16964070567417164,0.22618488064026185
test,v2_32_content_arian100y_Travelling-Salesman-Problem_createCaminos.py.txt,2,1,8.440832093151157e-06,0.25529576218709393,0.21429525286509463,0.18204118752138967,0.18958116687960225,0.15877818971472638
test,v2_4_content_mincanhe_Network-routing-protocol_heap.py.txt,2,5,0.003801464914776122,0.10928723768264773,0.10209168358408807,0.19269637932174724,0.2856216785071291,0.3065015559896118
test,v2_6_content_chiragragarwal_Graphs_And_Networks___init__.py.txt,2,4,1.1884624941971994e-09,0.11958845065186552,0.20234588941538373,0.12725985934602554,0.3245575447713656,0.22624825462689713
test,v2_6_content_petronius_minotaur_dimensions.py.txt,2,1,0.18242531028761966,0.3754919004964256,0.042250334837164484,0.012020384683605464,0.31078609585873596,0.07702597383644882
test,v2_7_content_AlmazMirlan_Kruskal-Algorithm-Python-Turtle_AlmazbekMCom-17Kruskals.py.txt,2,3,0.03689863520848946,0.08841122404495422,0.25941971932403496,0.3687449180702965,0.06484999916404749,0.1816755041881775
test,v2_7_content_Aly-Tomato_Prims-and-Kruskals_prims.py.txt,2,2,6.235320493629874e-07,0.06397433980174269,0.30954773064737606,0.23290328605036956,0.1951024934736306,0.19847152649483177
test,v2_8_content_dianaelmasri_TravellingSalesManProblem_AStar_Kruskal_Recuit_test.py.txt,2,2,0.0004176698503446435,0.02518499538387881,0.3086833849993434,0.16683547738113055,0.2348309844413696,0.264047487943933
test,v2_11_content_Hyperparticle_LemmaTag_lemmatag.py.txt,2,1,0.0016052101760693721,0.3659892667423916,0.14327734801305173,0.10091195172136595,0.2314941590271944,0.156722064319927
test,v2_14_content_Qutuf_Qutuf_urls.py.txt,2,4,5.1333340227203904e-05,0.07515205871550189,0.294785728718452,0.06338865070226953,0.32480311398106937,0.2418191145424801
test,v2_1_content_hipster-philology_pyrrha_config.py.txt,2,3,0.012658965746078053,0.15216339756633498,0.12576143874700757,0.36500163262000135,0.16315169508776567,0.1812628702328123
test,v2_23_content_uthea_lemmatizer_test_lemma.py.txt,2,0,0.6294894234392787,0.19037314036087577,0.07246577949415149,0.03654910001738828,0.0635569856225546,0.007565571065751163
test,v2_25_content_aajanki_finnish-pos-accuracy_download_models.py.txt,2,2,0.05683653633314089,0.2713186873208779,0.2887744938924344,0.0621444180098972,0.21327026552019648,0.107655598923453
test,v2_10_content_bradib0y_searchalgorithms_app.py.txt,2,2,1.9690185439004233e-06,0.17139547295160162,0.28932050955927785,0.11509525550610442,0.2564578462602017,0.16772894670427055
test,v2_10_content_taneesh28_Linear-search_linear_search.py.txt,2,3,7.384890821066217e-05,0.013639668351161321,0.3230513910258912,0.38103744886485247,0.09556365303445571,0.1866339898154287
test,v2_12_content_ikraj5120_Linear_Search_Linear_search.py.txt,2,2,0.0016502799230480826,0.20137304391696323,0.3791656908378352,0.1046779369459775,0.24555342359183605,0.06757962478433999
test,v2_13_content_Pedinpsy_-inverted-index-search_hash.py.txt,2,2,0.00023112048157939731,0.021883519715224262,0.299403393034881,0.22674988753943076,0.1751355680038293,0.2765965112250553
test,v2_13_content_Pedinpsy_-inverted-index-search_main.py.txt,2,2,0.001669638211831257,0.14229773240501092,0.24999621468058134,0.1819081789079402,0.23925750204096344,0.18487073375367288
test,v2_16_content_sanjay3001_Search-in-python_linear_search.py.txt,2,4,8.634738764359217e-06,0.008694668092690119,0.2919469466195506,0.05822895911879197,0.39750185893941953,0.24361893249078342
test,v2_1_content_Chunning-Zhou_MILPBasedSearchAlgorithmDiff_main_feistel.py.txt,2,1,0.03777033096792556,0.4483920647666068,0.4109048907307177,0.05565738062379604,0.02128494794360319,0.025990384967350733
test,v2_23_content_ayushkumarshah_Complexity-of-Linear-and-Binary-Search_code.py.txt,2,2,0.00011089250324787944,0.05590008474924955,0.3707247469211535,0.09027201298688843,0.29940104381173327,0.18359121902772751
test,v2_27_content_ashwinvis98_Particle-Swarm-Optimization-for-Robotic-Search-Applications_ultrasonic_test.py.txt,2,2,0.00037718083196806607,0.02055891540937339,0.3004310417631921,0.08970565236969058,0.29376766827018513,0.29515954135559075
test,v2_16_content_arifromadhan19_LinkedList_simple_linked_list.py.txt,2,5,3.4130496405074835e-05,0.050709840296783056,0.21052068295930135,0.2164102949185828,0.2519083156458985,0.27041673568302926
test,v2_24_content_pacslab_ACM-trans-papers-spider_ACMPaperSpider.py.txt,2,1,0.007766485946071026,0.2772581325357642,0.10795588936040056,0.23929165114649167,0.1280535364501873,0.23967430456108532
test,v2_29_content_MeriBalasanyan_Circular_Linked_List_circular_linked_list.py.txt,2,5,0.00017706931818691466,0.1759431812200053,0.19578675244069282,0.18482141915535472,0.19777779787558908,0.2454937799901711
test,v2_2_content_Lok-lok_TestLinkedList_LinkedList.py.txt,2,4,0.005923732360719216,0.21103681165797186,0.23015326039705855,0.11760768307693252,0.2732053182813438,0.162073194225974
test,v2_36_content_cyndyishida_QueueQuickSort_linked_queue.py.txt,2,3,0.000565788977079358,0.027676616699439417,0.14994241126448918,0.32966729593813077,0.19363924177196667,0.29850864534889454
test,v2_43_content_muhamuttaqien_python-data-structure_heap.py.txt,2,5,0.20685181164408448,0.04835178764906748,0.08710912413407906,0.14984372530995566,0.22733328890435792,0.28051026235845533
test,v2_46_content_lili668668_tensorflow-note_trytfb.py.txt,2,4,9.072331173372414e-05,0.22587868043882942,0.2885958474903683,0.05859706337259001,0.3266759533718283,0.1001617320146502
test,v2_4_content_DebashishSarkarDurjoy_DoublyLinkedList_doublyLinkedList.py.txt,2,2,0.00019194019224427224,0.0010194532792588574,0.38204926013444696,0.3102488648358545,0.13778854847768912,0.1687019330805062
test,v2_15_content_VakinduPhilliam_Pattern_Matching_Python_Glob_Directory_Matching.py.txt,2,4,4.01357396660715e-05,0.33908801249081555,0.1726376597452859,0.010315964327812918,0.43082888345855763,0.04708934423786199
test,v2_1_content_susheelsagar_LCSS_final_loader.py.txt,2,3,4.4907511176598e-05,0.1682869048641574,0.24687934671958325,0.248699800853715,0.13724317619816992,0.19884586385319794
test,v2_2_content_athulvijayan6_python-rlcs_lcssMain.py.txt,2,4,0.011035994897878557,0.16717283571098573,0.22051241255687876,0.07809772153141274,0.34015861008709314,0.18302242521575096
test,v2_2_content_shreya21rathi_Longest-Common-Subsequence_lcs.py.txt,2,2,0.004795779038707167,0.16490137887103642,0.41204781681271135,0.2820556070926854,0.08629323204327777,0.04990618614158175
test,v2_3_content_pombredanne_string-alignment_LCS.py.txt,2,4,0.10951236538351988,0.13155254213657638,0.2100456620591729,0.1540226769804396,0.2566917968187408,0.13817495662155035
test,v2_10_content_SamAllegretto_NaiveBayes_bayes__3_.py.txt,2,1,0.09976687342215744,0.33831548091755564,0.1859506735756024,0.05366217596452224,0.27414622362276625,0.048158572497396045
test,v2_18_content_kandapagari_NaiveBayes_Naive_bayes.py.txt,2,1,2.794031343112086e-05,0.3113254236523218,0.13371547266200698,0.17122786834980455,0.19787689611804538,0.18582639890439023
test,v2_42_content_darshan-jain-29_ml-naive-bayes-working-demo_email_preprocess.py.txt,2,2,0.008193971797687294,0.009233739581519563,0.3215105244660508,0.2848265416253127,0.07885761031246713,0.29737761221696263
test,v2_76_content_mashfiq10_Naive-Bayes-classification_prob_1.py.txt,2,5,0.00240069100236043,0.054818650550533955,0.19170925982011897,0.20376056371914392,0.21741190543502317,0.32989892947281957
test,v2_78_content_uptodiff_kdd-cup-99-Analysis-machine-learning-python_kdd_binary_classification_ANN.py.txt,2,1,0.18904644617953228,0.23442716016957993,0.12928486172618914,0.1911985353998055,0.19860277233277798,0.05744022419211516
test,v2_91_content_mahsarazavi_Text-Classification_MLP_Model.py.txt,2,1,0.027073524671331315,0.39040493360675066,0.14597599376265138,0.14213775795377231,0.08394839308034721,0.21045939692514704
test,v2_11_content_AlfioEmanueleFresta_practical-one-time-pad-python_exercise2.py.txt,2,3,2.375786406676481e-05,0.008131974596304086,0.13139583645769737,0.4227783835276381,0.050830975661593635,0.38683907189270006
test,v2_12_content_cuhsat_practical_practical_test.py.txt,2,1,0.02365977725287469,0.4153447571744065,0.03617653474114722,0.1748435275993,0.1801584467395206,0.16981695649275094
test,v2_14_content_b-hub_cracker_test.py.txt,2,1,0.076798578630745,0.3615237508945815,0.147941229313217,0.016359068508521226,0.23468529283083037,0.16269207982210504
test,v2_23_content_git-remove_OTP-Decipher_decipher.py.txt,2,2,1.4300816138527054e-05,0.15171304998555557,0.26819352097785737,0.25060119743901627,0.23353973661785585,0.09593819416357635
test,v2_27_content_aferaudo_xor_keyobtainer_xor_keyobtainer.py.txt,2,3,8.612108221028023e-05,0.06098469883207904,0.2409536325430242,0.34507070788183547,0.09993757160211332,0.2529672680587377
test,v2_2_content_Liu-WeiYi_Private_Preserving_Outlier_Behavior_Detection_Abnormal_Scenario_Generation.py.txt,2,4,0.000801752285700646,0.24425102107104882,0.1135938524707365,0.0724703140507719,0.3908180767806769,0.17806498334106535
test,v2_3_content_iykadev_pyalgo_ackermann_func.py.txt,2,3,0.000341047891676231,0.018960537098890548,0.24066722840626212,0.3320241050234296,0.17649803875193212,0.23150904282780949
test,v2_3_content_iykadev_pyalgo_amb.py.txt,2,1,0.012708046923122848,0.3152470051664432,0.20823553158506233,0.0547075451511856,0.25824606635624825,0.1508558048179377
test,v2_3_content_iykadev_pyalgo_evolutionary_algo.py.txt,2,4,5.180287466412177e-05,0.01530420090144981,0.2671309600061332,0.2027864759652483,0.3087214712677424,0.20600508898476225
test,v2_3_content_iykadev_pyalgo_VertexGraph.py.txt,2,3,0.008532917261805863,0.2426126636779227,0.1739269322080289,0.27493528238565756,0.08265031997974805,0.21734188448683706
test,v2_4_content_Ityer_3x3_Squared_Magic_Square_Finder_randomGuessing_OLD.py.txt,2,1,0.07333741723878154,0.28313218081339836,0.14305419425043134,0.21505851362976844,0.1995857187872734,0.08583197528034694
test,v2_100_content_adelaidaCreosteanu_scikit-learn-diabetes-exploration_lasso.py.txt,2,4,6.272706541823325e-05,0.02479258687930989,0.31064983220920095,0.06538490234793787,0.37399052342156286,0.22511942807657037
test,v2_12_content_MarynaTatsevich_Machine-Learning-Regression-Techniques_SVR.py.txt,2,2,0.00015127141979234734,0.0824146590850798,0.2968852772041231,0.14753968274121387,0.29328024992730245,0.17972885962248838
test,v2_14_content_RohanYedagiri_Polynomial-Regression_poly.py.txt,2,2,0.0002171483615930357,0.057938925917131914,0.4879513171258364,0.16800752308610936,0.18669747895509092,0.0991876065542385
test,v2_31_content_NorahJC_RegressionAnalyses_MultReg.py.txt,2,4,0.00047703963308506485,0.24327818175984198,0.23882398801962554,0.06952896833106964,0.32438689427611284,0.12350492798026502
test,v2_34_content_Pratiksha100_polynomial-regression_regression_template.py.txt,2,4,0.006013005157084829,0.03319429133080785,0.293489952091428,0.10250669832644936,0.3113261115897868,0.25346994150444324
test,v2_41_content_rinky97_polynomial-regression_my.py.txt,2,2,0.0012149194616331068,0.06362146048705829,0.3356516716300602,0.27560754993597086,0.0891767321723729,0.23472766631290456
test,v2_45_content_swatimani16_Polynomial-Regression_code_final.py.txt,2,2,1.3616774737933706e-06,0.029339665133723762,0.3014320700042228,0.23183286832020544,0.1912803929712473,0.24611364189312684
test,v2_49_content_pranurs_regression-model_main.py.txt,2,2,0.00020073281669753373,0.028850997598994718,0.33698500289099037,0.3165651926520278,0.09063460929442456,0.2267634647468651
test,v2_5_content_alisarmusa_House-Price-Estimation_housePriceEstimation.py.txt,2,2,2.3537200774892156e-05,0.20721192062983093,0.3103990569959801,0.10999452869133071,0.3056576118577126,0.06671334462437081
test,v2_60_content_winnie9197_The-Coding-School-projects_linear-regression.py.txt,2,5,0.0016876758293096375,0.03836706738122749,0.20521092849122533,0.26350280490155126,0.19069853766118053,0.3005329857355057
test,v2_61_content_GauravRoy48_Polynomial-Regression_plr_GR.py.txt,2,2,0.0820619180057106,0.21512199248342134,0.2771212479046383,0.13885859376156612,0.15816092014936747,0.1286753276952961
test,v2_64_content_hardik-dadhich_Polynomial_regression_model_poly_reg.py.txt,2,2,9.81242021422091e-05,0.0308984584102205,0.35546436770714857,0.20524132576595253,0.20510574426958145,0.20319197964495472
test,v2_81_content_kiranathealea_regressionMachineLearning_Models.py.txt,2,2,1.2422233186299611e-08,0.12916435134403983,0.2312647690304665,0.2251059045095877,0.1916402453554473,0.22282471733822548
test,v2_12_content_croiden_successive-prime-numbers_generatePrime.py.txt,2,3,0.00045494701430195023,0.13995447845698367,0.24978694685409442,0.28313819158603865,0.11926364012052929,0.2074017959680521
test,v2_12_content_Rafelito19_Crypo-Number-Theory-Projects_ferm.py.txt,2,2,0.007782362972275629,0.2060581739469032,0.2761509337712385,0.20166153890664065,0.14697563273162903,0.16137135767131297
test,v2_13_content_dannbleeker_SearchForPrimeNumbers_runPrimeSearch.py.txt,2,3,3.930624619398846e-06,0.0054056027238185604,0.25351423594314443,0.2810623288601,0.18109956876501915,0.27891433308329855
test,v2_19_content_orzal_python_prime_numbers_prime_numbers.py.txt,2,4,0.0005353795185785577,0.24832555528911965,0.264653292791629,0.0422063354894273,0.2837653671514645,0.16051406975978097
test,v2_1_content_Fellfalla_prime-predictor_prime_predictor.py.txt,2,2,4.846263587466944e-05,0.08596819250397925,0.31415965879150026,0.3036881824804457,0.1189036781408341,0.17723182544736596
test,v2_23_content_cjonsmith_prime_prime.py.txt,2,3,0.03337824325219315,0.1324016416681447,0.25303796705479054,0.2789013144730743,0.17899987476702187,0.12328095878477553
test,v2_6_content_kennedyCzar_n-th_monsien_number_monsien_number.py.txt,2,3,0.00014476456986853447,0.16130510422020358,0.17666295056105086,0.28648546057167135,0.14478957438822007,0.23061214568898575
test,v2_8_content_tochukwuokafor_Mersenne-numbers-Lucas-Lehmer-test-and-Sieve-of-Eratosthenes_mersenne_numbers_lucas_lehmer_sieve_of_eratosthenes.py.txt,2,3,4.726020430888466e-05,0.05963167685031472,0.26788013905260816,0.31766272108526805,0.2360291545823239,0.11874904822517626
test,v2_96_content_pisaniFosso_TMR_driver.py.txt,2,0,0.3015062745883235,0.25489428355524596,0.08324325023672918,0.11007387785361603,0.12070200060958919,0.12958031315649596
test,v2_9_content_jabrekadabre_prime-numbers_prime_nums.py.txt,2,4,0.0002759523266903823,0.25569836065620577,0.1602805211148905,0.08387404806713344,0.30998429499549374,0.18988682283958624
test,v2_10_content_chiragragarwal_Graphs_And_Networks___init__.py.txt,2,4,1.5994900006702474e-07,0.01153401501319994,0.12204781075695714,0.1535290962877827,0.4500883781074262,0.26280053988563384
test,v2_1_content_muzixing_graph_algorithm_prim.py.txt,2,4,0.013515134671248907,0.21258518143604696,0.19485037431065155,0.1359168795191404,0.24918412253765942,0.1939483075252527
test,v2_6_content_usbogie_MSTcreator_Sollins.py.txt,2,1,0.0019396379109805672,0.4665408052145112,0.1782211676663976,0.0598020950257519,0.2301229285452422,0.0633733656371166
test,v2_9_content_krj9cr_Hybrid-Prim-Dijkstra-GUI_main.py.txt,2,2,4.446894415672555e-09,0.1655749138039706,0.30317174045188233,0.06801034726467355,0.29053274328097234,0.17271025075160687
test,v2_23_content_ymohanty_data-analysis_analysis.py.txt,2,4,0.0009068974670326006,0.06640763104881352,0.2707615626093412,0.1650206326827043,0.27145217192637205,0.2254511042657364
test,v2_27_content_AndresHerrera_PCA_Vowels_pca_training.py.txt,2,5,0.00014150104575530082,0.1525668142930767,0.1633599328603109,0.23079343214954998,0.20397672198397723,0.24916159766732981
test,v2_40_content_furkanh_Principal-Component-Analysis_pca.py.txt,2,2,0.002321036411518281,0.03688446216343512,0.31895190895035774,0.05829757349980482,0.30441995050722226,0.2791250684676618
test,v2_60_content_fabaloc_PCA_PCAstepbystep.py.txt,2,5,5.415377416387052e-05,0.013653144540133633,0.20567039433568718,0.2522534098791038,0.19430408498148605,0.33406481248942543
test,v2_68_content_huynguyenqc_DIP-PCA_json_logger.py.txt,2,2,1.0601859557145518e-05,0.019141154253988827,0.34314784472075804,0.3026860047234299,0.159208877894458,0.17580551654780804
test,v2_89_content_dronabanerjee_PCA-and-EM_hw03.py.txt,2,3,0.04193343663402037,0.10313599427551823,0.16719069654093055,0.30682330401336283,0.14670447646471735,0.23421209207145072
test,v2_92_content_linasaha_Principal-Component-Analysis-to-generate-good-features-for-Handwritten-Digit-Recognition_PCA.py.txt,2,4,0.0572268196635504,0.2987284783672732,0.1523550240746341,0.06394198925695646,0.30640136279787383,0.12134632583971199
test,v2_100_content_ssquantum_PyDex_mythread.py.txt,2,4,0.17659182307122145,0.014113238857048262,0.19556731995639035,0.1331031208427724,0.24726552441997496,0.2333589728525927
test,v2_10_content_hmjansen_overflow-algorithm_overflow_algorithm.py.txt,2,2,0.0014641349701324008,0.17190983568671325,0.2920330175113822,0.20925968759681515,0.16692582558939487,0.1584074986455622
test,v2_35_content_PeterUpfold_simple-temp-queue-pusher_simple-temp-queue-pusher.py.txt,2,5,0.0010446007986264704,0.13958218739425748,0.22859084159740756,0.0660450301908895,0.23690859126297334,0.32782874875584567
test,v2_38_content_dareofmeashwani_Pre-Processing-Queue-For-Deep-Learning-Model_DataQueue.py.txt,2,5,0.10930195859074963,0.06247643517943405,0.12905340735997628,0.09993537800289948,0.28903291473793224,0.3101999061290084
test,v2_5_content_edison12a_bmrs-json-api_test_bmrs.py.txt,2,3,9.631322213657927e-07,0.10553671733096542,0.22778230603699853,0.3146936300614496,0.11487933813379717,0.23710704530456783
test,v2_62_content_jkassis87_QueScreenDataExtractor_qsde.py.txt,2,3,0.0007861772613191044,0.05035397419406747,0.14802464636589038,0.3512326649172867,0.14717699277051172,0.3024255444909246
test,v2_11_content_TanaySinghal_SortingAlgorithms_sorts.py.txt,2,4,0.06472393227279545,0.23423902661019513,0.25190144305872303,0.029827199657844004,0.34854410466589614,0.0707642937345463
test,v2_20_content_bradruck_Quick_Sort-python_Assignment_7-P12.9.py.txt,2,2,0.020077761420606112,0.15281970254173566,0.3302726042202629,0.2572960020420318,0.08842295736365745,0.15111097241170626
test,v2_25_content_bisigc_python_quicksort_quicksort.py.txt,2,2,2.3462847801948826e-05,0.01296554718516381,0.3490741096324207,0.19341433017045487,0.24498682982862224,0.19953572033553643
test,v2_26_content_hemidactylus_skanfixer_sfUtilities.py.txt,2,4,0.0894371160051983,0.09902569872043517,0.17694650435177806,0.10720505273789467,0.27526436457302067,0.25212126361167314
test,v2_31_content_alexthejewell_photo_sorter_get_photo_data.py.txt,2,3,0.04640747762339752,0.2352896700748984,0.08695960790363173,0.2865313018662056,0.09512875375288317,0.24968318877898357
test,v2_3_content_iRGBit_indexhelper_all_indexer.py.txt,2,1,0.015771926283955958,0.46052031451121805,0.08323822006422735,0.2378973905936704,0.12849052188334184,0.07408162666358627
test,v2_5_content_chriskbwong_quickSort_quickSort.py.txt,2,1,0.16665766768287624,0.3312895434993391,0.12152199741603766,0.03328892678707354,0.3030567244546749,0.04418514015999832
test,v2_6_content_austinteshuba_QuickSort_Sort.py.txt,2,1,0.004228643831578844,0.3701292503562825,0.21896496938955362,0.04274464934392545,0.23517124468803893,0.12876124239062078
test,v2_80_content_arun-p12_sort-algorithms_quick_sort.py.txt,2,4,0.007494902170353011,0.1452352604008466,0.23034209614740073,0.22595214767260702,0.2418020574623524,0.1491735361464402
test,v2_11_content_momaabna_Python-create-password-list-_creatlist.py.txt,2,1,0.00727809382083199,0.3613312155597313,0.2049769916071028,0.10576724498283857,0.19110808472788085,0.12953836930161453
test,v2_19_content_andryak_complib_test.py.txt,2,1,0.0015425920819981008,0.31503479536816775,0.30104690179903343,0.052129926712190085,0.24550860653645074,0.08473717750215994
test,v2_27_content_michaelbauerinc_TowersOfHanoi_node.py.txt,2,5,0.0007437173898349442,0.002052415415779431,0.16144103599100634,0.2901392621185512,0.19045885528092477,0.35516471380390313
test,v2_29_content_ntzhong_box_api_modify_links_main.py.txt,2,3,0.0026245547353435116,0.14370228009686092,0.21562875157777806,0.35745335951270557,0.15261014134206283,0.1279809127352491
test,v2_33_content_prabhatpal77_Complete-core-python-_dictcomp.py.txt,2,4,0.0017880834687866365,0.19740067031631742,0.17250692001599172,0.08543744000865178,0.41581497927415767,0.1270519069160947
test,v2_4_content_doronbruder_Recursive-functions-_ex7.py.txt,2,4,0.00014651674247853695,0.08600001310611499,0.3209827654853631,0.049860165050860814,0.37496969971909166,0.16804083989609084
test,v2_16_content_exitmsconfig_python_knn.py.txt,2,2,1.2716527176890315e-05,0.09561130203526517,0.3296660621910606,0.139924618137378,0.27858412693804463,0.15620117417107482
test,v2_2_content_Nathan-Binkley_My_RSA_M_RSA.py.txt,2,1,8.125109822208262e-06,0.2625198854740082,0.13919146001922786,0.2598124919674612,0.11525595849078901,0.22321207893869152
test,v2_37_content_henritomas_ECE151-RSA-encryption_client.py.txt,2,4,0.004119576497664106,0.20207866218354284,0.3005107303977522,0.05318138904102629,0.3465658613378639,0.09354378054215069
test,v2_41_content_yujiaoliang_rsa_yu01.py.txt,2,2,0.0003676273868524778,0.2191126279544338,0.22881920484226992,0.12770518768166922,0.20278746218018615,0.22120788995458854
test,v2_43_content_strmrider_RSA_utilities.py.txt,2,1,0.008953616409249757,0.37915282852097315,0.22030810744823018,0.06271432666498204,0.1734389364122379,0.1554321845443269
test,v2_55_content_Ali-Ouahhabi_AesRsa_cipher_structure.py.txt,2,3,5.534419611097457e-05,0.17954818805023823,0.20685255231199468,0.2692911822986567,0.12050570927086322,0.22374702387213619
test,v2_67_content_peterjhyoon_rsa-math_math_functions.py.txt,2,2,4.1054677202644896e-05,0.21609374973831347,0.3722743416567946,0.019990291108873934,0.3223025935522911,0.06929796926652428
test,v2_6_content_JayDogon_RSA_Encrypt3.py.txt,2,4,0.0009260625747211623,0.06437538279768651,0.3404013000581726,0.13091173570849718,0.37844544422284515,0.08494007463807737
test,v2_92_content_zaldis_RSA_tester.py.txt,2,4,8.457011416770253e-07,0.021873743894113236,0.2635681339545065,0.17726038594297383,0.31410496287243445,0.22319192763483034
test,v2_13_content_chandimajayawickrama_Simple-Sorting-Algorithms_insertion_sort.py.txt,2,1,0.0034029035417599686,0.39103344499870996,0.13980157812036442,0.045115963418918395,0.2813973538560938,0.13924875606415346
test,v2_15_content_hgdsraj_python_vs_ruby_speed_analyze_script_cpp.py.txt,2,2,5.8881712300767994e-09,0.028752457189712522,0.35341401620563967,0.13338292217628328,0.35297344438523726,0.13147715415495592
test,v2_15_content_Jagdishkharatmol_Sorting-techniques-_pythonin.py.txt,2,5,0.003916581495223314,0.11419251541933428,0.18803399916472965,0.16038345290035247,0.2559523732659114,0.277521077754449
test,v2_16_content_johnllanos_selection_sort.py_selection_sort.py.txt,2,4,6.035978853426863e-06,0.011525214144271198,0.3131279438948717,0.14676590455718605,0.38160560324728643,0.14696929817753115
test,v2_34_content_rajdas2001_Sorting-of-lists-arrays_Bubble_Sort.py.txt,2,0,0.38365977845344174,0.02007782399292824,0.0863792502587789,0.07136211780448418,0.13806799455906843,0.3004530349312985
test,v2_35_content_sviznyuk_pokemon-selection_select_pokemon.py.txt,2,5,0.0890209230184199,0.09553865416801277,0.11024728520894626,0.2694751016559401,0.14390314966969528,0.2918148862789857
test,v2_39_content_lorenzo3117_python-sorting-scripts_sortingScript.py.txt,2,3,0.12645932329049753,0.19787350326735687,0.13157247815898546,0.2250378932760446,0.14197611227400708,0.17708068973310848
test,v2_41_content_sarahandert_python-practice--sorting_sample5.py.txt,2,3,0.04338867668243592,0.00748886408278413,0.10371911389471561,0.42497941485975427,0.08429188896618259,0.3361320415141275
test,v2_5_content_Algomaster0628_SelectionSortAlgorithm_selection_sort.py.txt,2,5,0.005940476223117717,0.01125228368720999,0.0971623125548759,0.3457740200016879,0.16626598875201729,0.37360491878109114
test,v2_2_content_IhsanPratama_ccvs_main.py.txt,2,3,0.006109958457840205,0.22998756238274212,0.19770143070157475,0.3159532046261307,0.10141619103660099,0.14883165279511124
test,v2_10_content_zpeterg_bmig_5003_count_words_getFile_test.py.txt,2,2,2.8936989895095597e-05,0.12804870237367674,0.3421899296485389,0.13815996142986076,0.1758865045046178,0.21568596505341076
test,v2_13_content_preetidurai_Spam-Ham-Classification-using-NB-and-LR_NBHelper.py.txt,2,3,2.4287917804364243e-05,0.004814792355099414,0.22418783805239542,0.29960210879031346,0.1840022556645227,0.2873687172198646
test,v2_16_content_NB-prog_INTERN-2019_similarity_eval.py.txt,2,2,0.0003575673048330579,0.04833042124930269,0.3111754632773305,0.19350415334626872,0.25817824331773465,0.18845415150453043
test,v2_16_content_NB-prog_INTERN-2019_train.py.txt,2,1,0.022710078225664346,0.2888196410037352,0.2140974146823593,0.07518569249139341,0.24828904831479634,0.15089812528205124
test,v2_18_content_ashwinjoseph95_reviewanalysis_natural_language_processing.py.txt,2,4,0.0012161613215150944,0.05377378584492625,0.3120128312034407,0.08013953533567494,0.354987948563377,0.19786973773106595
test,v2_18_content_Mital188_Logistic-Regression_logistic_regression.py.txt,2,2,0.007321967462881101,0.10607693479179768,0.30641906795825374,0.1203858775916497,0.24472895572823983,0.21506719646717798
test,v2_20_content_aditiopangestu_spam_data_converter_lingspam_filter.py.txt,2,2,5.4328248595663165e-06,0.1516944567873422,0.2588665672560199,0.2054698550275433,0.170824746207642,0.21313894189659305
test,v2_22_content_vrpandey_Training-and-Comparing-Models-to-Predict-Customer-Satisfaction-Index-_main.py.txt,2,2,0.0003745881696027091,0.11190998656375264,0.31864201737547393,0.17096128997518975,0.2781208868605469,0.11999123105543404
test,v2_28_content_vinaykumarbu_sentiment-analysis-deeplearning_data_helpers.py.txt,2,1,0.0014829724210167572,0.2869625620073322,0.12475620772510694,0.16317796628808923,0.15172152678367307,0.2718987647747817
test,v2_28_content_vinaykumarbu_sentiment-analysis-deeplearning_gui.py.txt,2,2,6.897751837801047e-05,0.006441538024688344,0.34127284262589347,0.3209229395022855,0.12811593509266767,0.20317776723608705
test,v2_3_content_tusizi_document-analysis_jieba_cut_document_to_vocabulary_with_nominal.py.txt,2,2,0.000116657162559358,0.16068781647199548,0.31045354871894154,0.20876442368195522,0.17969811895238585,0.14027943501216247
test,v2_3_content_tusizi_document-analysis_mllib_tfidf_with_stopword.py.txt,2,5,0.0002887285636132815,0.23528434547150257,0.20673575554810641,0.20518999427652249,0.09818870144357532,0.25431247469668
test,v2_1_content_DanShai_kernalized-tsne_main.py.txt,2,5,0.0016368081200690285,0.19325200320058006,0.21268195872390133,0.1806903249453618,0.18916517825157014,0.22257372675851764
test,v2_3_content_Lochanahasith_t-Distributed-Stochastic-Neighbor-Embedding-t-SNE-on-EC-dataset_tsne_with_ec.py.txt,2,1,0.00025354583664043834,0.3173363805572345,0.26370023958729505,0.10958579477040191,0.1975483827710312,0.11157565647739678
test,v2_14_content_tusizi_document-analysis_jieba_cut_document_to_vocabulary_with_nominal.py.txt,2,4,1.8260009113190468e-06,0.037618436016948045,0.21536677565304332,0.25899219931405826,0.27791585333758817,0.21010490967745085
test,v2_14_content_tusizi_document-analysis_mllib_tfidf_with_stopword.py.txt,2,2,0.0007609337631757124,0.23995123128739526,0.3279296592466028,0.16597160197716115,0.11725262493125872,0.14813394879440625
test,v2_3_content_avinashbhat_keyword-extraction-using-tf-idf_main.py.txt,2,4,2.605488080087869e-05,0.2431726662715872,0.3465171168542617,0.00782264811485165,0.38740558522443463,0.015055928654064075
test,v2_44_content_Tian14267_Text_Keywords_Keywords_main_MutilSentence.py.txt,2,2,3.189623380989708e-07,0.03293877261995264,0.35042961820320456,0.20304591547249384,0.15098944081790433,0.2625959339241066
test,v2_45_content_raopg_Search-Engine_app.py.txt,2,3,6.216934192739001e-06,0.05374462846383839,0.2917030884049197,0.2998147371019528,0.16612627451377696,0.18860505458131946
test,v2_46_content_loulai_InformationRetrieval_information_retrieval.py.txt,2,5,1.1704448308371493e-05,0.04023912643103353,0.26609200256185894,0.22597788830543172,0.1957994218321579,0.2718798564212095
test,v2_55_content_wangfan950309_TF-IDF_tf_idf.py.txt,2,2,0.0002508578179503857,0.009702214464722227,0.28585335505568993,0.2239939434418828,0.27437144851973244,0.2058281807000221
test,v2_58_content_zhaoyichanghong_machine_learing_algo_python_knn.py.txt,2,5,0.03910424109190257,0.027110957154499397,0.09087364958695267,0.28387573399592303,0.2631452507633387,0.29589016740738366
test,v2_66_content_Fremont28_movie_recommender-_movies_tfidf.py.txt,2,3,0.00022583732617665174,0.042143308134632865,0.2503667063957812,0.3020211328922097,0.19596357821360205,0.20927943703759766
test,v2_13_content_zerolxf_VRL-SGD_process_tiny_magenet.py.txt,2,4,9.158908158433827e-07,0.14993583632196494,0.23334778347004842,0.1437849842167883,0.2432022354784996,0.22972824462188282
test,v2_28_content_akrolewski_NonlinearMassFaster_tabulate_fiducial_rnl.py.txt,2,5,0.001232071033734024,0.12005082709696656,0.2729848192908886,0.07043089324469781,0.2593538911624707,0.27594749817124214
test,v2_2_content_facebookresearch_reward-estimator-corl_configurations_continuous_uniform.py.txt,2,2,2.6141194643072228e-05,0.06777489888390398,0.2999622438181324,0.23213302136905484,0.23497369361069564,0.16513000112357004
test,v2_35_content_facundoq_rotational_variance_experiment_accuracy_vs_rotation.py.txt,2,3,3.6253783526074195e-05,0.02875617803419706,0.20077427360182948,0.29737817964932095,0.1843344530442848,0.2887206618868416
test,v2_6_content_hongzimao_input_driven_rl_example_script.py.txt,2,2,0.018601822895449538,0.0030822025467078943,0.33898929360799973,0.13481831451833579,0.3224321020444899,0.18207626438701724
test,v2_79_content_astrojneil_AllanVarCodeFinal_allanVar_plot.py.txt,2,4,0.0010345419848913756,0.2212414260325504,0.26330453168185053,0.11370198035591968,0.27614977789883255,0.12456774204595548
test,v2_88_content_hfk97_VaR_VaR.py.txt,2,4,1.064271225939772e-05,0.0857522586281454,0.21394612675859137,0.23538624158055912,0.23967598825691572,0.225228742063529
test,v2_8_content_Develop-It-19_Random_Forest_RF_Classifier_Wine_Quality.py.txt,2,4,0.00012179102046497147,0.1600766567561634,0.2515430818269419,0.07742219967386758,0.33547568811684103,0.17536058260572104
test,v2_21_content_DaSunnySide_Stock-Analysis_jsonpractice.py.txt,2,4,0.04682002776457033,0.10381270565221813,0.24283278492586302,0.022311192327051366,0.4112661276888254,0.17295716164147165
test,v2_39_content_jschriemer_Tennis-Tweets_web.py.txt,2,4,9.628519058792793e-05,0.20473861943556082,0.1906270496220817,0.19917138799851244,0.22582424082909353,0.17954241692416348
test,v2_42_content_naomistuart_flight-scraping_main.py.txt,2,2,0.0033024101365221417,0.17801489507298388,0.29748395830538443,0.10549053845442423,0.26917735720023483,0.14653084083045045
test,v2_45_content_umtpfe_Projet-scrapy_test2.py.txt,2,3,0.00019438096466624973,0.059089647914677065,0.19551418766709422,0.29180658037268786,0.2600301026773361,0.19336510040353835
test,v2_66_content_furkanturkn_python-beautifulsoup-take-news-post-from-the-site_take_news.py.txt,2,1,0.05903509164853033,0.3077098590206597,0.2187489813495284,0.06634894521287486,0.2541647826539659,0.09399234011444073
test,v2_80_content_andrediasesp_web-slinger_scraping.py.txt,2,2,1.4646524351754695e-06,0.005084452189442986,0.3427297860897407,0.3354687046178015,0.10565568070082398,0.21105991174975566
test,v2_89_content_pratikdeshmukh2004_Web_scraping_flipcart.py.txt,2,5,4.224830654865808e-05,0.07212817674522973,0.23796550031858374,0.17941600218458692,0.17279366575442257,0.3376544066906283
test,v2_94_content_ytnguyenedalgo_scrape_retail_site_scrape_macys.py.txt,2,2,0.058011605374177364,0.017556838829871933,0.39787118893504203,0.14339495800153637,0.29582469211837187,0.08734071674100045
test,v2_9_content_chaseycodes_StockX-Scraper_2-sneaker_scraper.py.txt,2,5,0.007602925702936586,0.22225819389626045,0.24242209258202205,0.1336422627936925,0.13505693557777512,0.2590175894473132
test,v3_21_content_emilystamm_aes-ecb-attacks_aes_ecb_oracle.py.txt,3,3,5.477252098024978e-06,0.014988212129035705,0.24767540778178343,0.3318240960545091,0.11552047558987277,0.28998633119270106
test,v3_2_content_laendle1999_NasceUmAEstrela_reberto.py.txt,3,2,0.01700592135104127,0.11811904361477411,0.24325073722775847,0.22556314645305903,0.1703923755737526,0.2256687757796144
test,v3_7_content_git-remove_CBC-and-CTR-Decipher_decipher.py.txt,3,5,0.0001555999093810193,0.24508920733961675,0.1420876026362703,0.1544575350586598,0.20786500882163295,0.25034504623443926
test,v3_9_content_john-salman_ECB_decryption_ECB.py.txt,3,3,9.210131083385345e-06,0.009202700443698546,0.20740624075231362,0.37379063666832824,0.058147303046237726,0.3514439089583384
test,v3_10_content_gitganeshnethi_Market-Basket-Analysis_Online_Retail.py.txt,3,3,0.0039434769740477865,0.008780569714466212,0.168008287369169,0.297500243979244,0.26912782934095403,0.2526395926221189
test,v3_11_content_SabikAbtahee_Apriori-Implementation_AprioriMain.py.txt,3,3,0.0005578674124148295,0.051988137442250885,0.19699642782218602,0.32809589128341854,0.18269597292043732,0.23966570311929242
test,v3_1_content_jiteshjha_Frequent-item-set-mining_apriori_mpi.py.txt,3,5,9.473251528808937e-05,0.21170486636904506,0.22077513003282753,0.14724492527326666,0.19268641764083044,0.2274939281687422
test,v3_1_content_vijaymukhiija_Sale-optimizing_apyori.py.txt,3,4,0.0006769249995196604,0.035508463858950415,0.2624477941690458,0.18415357362076773,0.29267296000755366,0.22454028334416296
test,v3_2_content_adwansyed_Market-Basket-Analysis-Apriori_bruteforce_marketbasketanalysis.py.txt,3,5,0.08749824960804084,0.04874881765499812,0.04957915454564751,0.31658355976438335,0.11646687803012827,0.38112334039680185
test,v3_2_content_nrohani_AssosiationRules_TransactionEncoder.py.txt,3,2,0.1680651544994791,0.04107341362739434,0.2794702280904542,0.21276378580960556,0.09030640194499191,0.20832101602807493
test,v3_3_content_manishjathan_Money-laundering-Detection-System_GraphAnalysis.py.txt,3,1,0.008447642387359762,0.3604329591358796,0.13723038388570927,0.10341736901262281,0.20822709821546867,0.1822445473629599
test,v3_6_content_HaoLyu_Association-rule-learning_Apriori.py.txt,3,5,0.1113091688589742,0.16703543407226015,0.1142734771631061,0.08453925916750449,0.21528741631171544,0.30755524442643967
test,v3_9_content_HarshaliWagh_Data-Mining_Apriori.py.txt,3,5,7.88759128398581e-05,0.11693983977062153,0.1908995192307391,0.2577182507721844,0.06945677252665973,0.3649067417869554
test,v3_ 1_content_nageshsinghc4_stock-market-forecasting_ZBH_stock.py.txt,3,5,0.049735352841983514,0.11355229606655638,0.19231033114681947,0.17936417397407714,0.19922185676407705,0.26581598920648647
test,v3_10_content_marcindahlen_ARIMAplus_arimaplus_dna.py.txt,3,4,0.17488229227951638,0.05140660710215178,0.12425830800973209,0.029909709405882164,0.46350135273509385,0.15604173046762376
test,v3_19_content_bauassr_Session32_Session32Assignment1_.py.txt,3,1,0.0008767849394373053,0.2952589203487816,0.2453491426223675,0.1748115782907789,0.24290614304401925,0.0407974307546154
test,v3_2_content_polyphilz_pricing-weather-derivatives_avg_temperature_model.py.txt,3,3,0.038213853044761374,0.06964512539965226,0.15042356470419316,0.37743627321990725,0.07858082850210048,0.28570035512938563
test,v3_2_content_yyqcs_time-series-model_utils.py.txt,3,5,7.005370300501391e-07,0.1139479744285619,0.2664770342923687,0.16079234584575172,0.1715665652300026,0.2872153796662849
test,v3_1_content_dedeco_dijkstra-bellman-ford_teste_proprio_djt.py.txt,3,5,1.1209866705718606e-06,0.20363901627398182,0.08451105819459337,0.2749007192255401,0.13856703595388192,0.2983810493653322
test,v3_2_content_cvwilliams_BellmanFord-Python_server.py.txt,3,5,0.00022771216668964313,0.12006216716696937,0.22149021874533553,0.2336401307581284,0.1725757739554875,0.2520039972073895
test,v3_3_content_abdulqadirs_distance-vector-routing-protocol_update.py.txt,3,3,1.8007442808204317e-06,0.0671448037664805,0.22963474170556514,0.29290175616334163,0.13380296851850204,0.27651392910182987
test,v3_4_content_Khante_Distance-Vector-Algorithm_link_1.py.txt,3,5,0.18160527177182792,0.21313322064089626,0.09037436744847356,0.12103188603111756,0.06052914498532433,0.3333261091223604
test,v3_4_content_Khante_Distance-Vector-Algorithm_link_2.py.txt,3,5,0.17705991433614404,0.23728388709341314,0.09595426626121735,0.059992057427974456,0.1662000920384867,0.26350978284276433
test,v3_4_content_Khante_Distance-Vector-Algorithm_network_1.py.txt,3,1,0.00215746342101354,0.32375585850577543,0.2012929589639498,0.2777395576177548,0.07758079910155875,0.11747336238994766
test,v3_4_content_rcornacchia_bellman-ford_testclient.py.txt,3,2,1.4996485653278821e-05,0.21776018118528934,0.35327236803105616,0.04689276901391211,0.2606802136990064,0.12137947158508261
test,v3_6_content_mmcetindag_ShortestPathAlgorithms_bellman-ford.py.txt,3,2,1.2374333313537272e-06,0.07451890254516133,0.25866233952862167,0.24663987336927296,0.21571214450925105,0.2044655026143616
test,v3_7_content_ardyerwanda_SDN-Bellman-Ford-Pyretic_wG_bellfordCost.py.txt,3,2,6.656058867875436e-06,0.08674227166176819,0.36624294482132946,0.22475081515566986,0.264308044707295,0.057949267595069714
test,v3_7_content_jimmygzp_bellman-ford_bfclient.py.txt,3,5,0.0033633717643806555,0.2973170185238079,0.08476003536486713,0.10088519378397869,0.17852605123264645,0.3351483293303192
test,v3_23_content_binaya07_8-puzzle_stack.py.txt,3,2,0.0006006257897390782,0.09936316470210459,0.2883147486774076,0.2249569014321401,0.15315737504437293,0.23360718435423572
test,v3_2_content_Madeeha-Anjum_Box_Head_testing_BFS.py.txt,3,2,1.4679921814169199e-06,0.08374834711289603,0.29056702403626455,0.20926246417120917,0.26762690501272074,0.14879379167472806
test,v3_3_content_akh5113_BFS-Wrestling-Teams_Homework5.py.txt,3,1,0.0047453174579510544,0.4052940019472212,0.110090189455174,0.08471974155524585,0.22566675933699967,0.16948399024740826
test,v3_53_content_ding-si-han_Flight-Length-BFS_graph.py.txt,3,4,0.0009572039109918407,0.17236526669320015,0.15732900318501883,0.15889852077205727,0.2765431452222328,0.233906860216499
test,v3_5_content_GregLahaye_wikipedia-game_game.py.txt,3,5,0.0010468508496392895,0.12427107559237838,0.14225614124436456,0.29692097506447157,0.13553363631945015,0.299971320929696
test,v3_68_content_elados93_AI_Ex1_PuzzleState.py.txt,3,2,0.0006200920609952476,0.13051685164929314,0.3242219561104447,0.25594118814405253,0.21653312076762596,0.07216679126758849
test,v3_7_content_rmssoares_8Puzzle-StateSpaceSearches_node.py.txt,3,2,0.0002567838888991255,0.12258793038541378,0.3606818491753494,0.16795909956923624,0.25456483609240266,0.09394950088869852
test,v3_92_content_tule2236_superheros-social-graph_degrees-of-seperation.py.txt,3,2,0.002127949968124798,0.11967339177654712,0.3614138517197204,0.20793115962900138,0.21565260289397128,0.09320104401263496
test,v3_11_content_mrluin_EfficientAutoDeeplab_evaluation.py.txt,3,5,0.06153424762754181,0.020863919416141755,0.1481170176864835,0.22237139529920608,0.2674286027119406,0.2796848172586864
test,v3_11_content_mrluin_EfficientAutoDeeplab_train_counter_network.py.txt,3,5,0.0002115779153275298,0.010258541171477838,0.16625501794893077,0.27491148822279754,0.21545514574027583,0.33290822900119066
test,v3_15_content_Areege_Binary-and-Trinary-Search-Trees_SourceCode.py.txt,3,2,0.006970103234727725,0.11074287185920952,0.2884107368152374,0.17929817378212232,0.21059985284683336,0.20397826146186973
test,v3_20_content_shamo0_Binary_Search_Tree_treap.py.txt,3,2,0.0002692115364973476,0.03029797938936071,0.26843908194716903,0.2659670975021028,0.19101510693475032,0.24401152269011975
test,v3_47_content_mathwoods_binseqcomp_binseqcomp.py.txt,3,4,0.07910808409401557,0.04193692817623639,0.18479543815691937,0.1506816086059594,0.28198699016856255,0.26149095079830664
test,v3_53_content_mmorshed99_binary_search_rotated_sorted_array.py.txt,3,1,0.011549151033565807,0.42376379017643534,0.30225033896920916,0.04109701670814098,0.10852398799652217,0.11281571511612663
test,v3_70_content_Arcnor_binja_search___init__.py.txt,3,3,0.0018804745136951307,0.035655725914887595,0.2581674365495654,0.32572330119165466,0.12390277187031153,0.2546702899598858
test,v3_72_content_tusharnema_Implementing-Algorithms-in-python_adj_list.py.txt,3,1,0.017782234346374316,0.38492872272498635,0.10556104388722497,0.15806069927275795,0.1181856525573825,0.21548164721127386
test,v3_14_content_udwivedi394_binaryTree_ksumPath.py.txt,3,3,0.0002614402968066012,0.0464636928889032,0.21749501297439314,0.27982353006287286,0.18935785599733365,0.26659846777969054
test,v3_1_content_dhvanilp_Persistent-Binary-Search-Trees_index.py.txt,3,2,0.0002424298268132061,0.01325744910608453,0.3086505037923498,0.25932915330433987,0.13173844451166192,0.2867820194587507
test,v3_23_content_mpgiii_binarysearchtree_unittests.py.txt,3,3,0.000530926059032245,0.03064444567111512,0.24635891047824432,0.31182317166740264,0.2540017197057996,0.15664082641840618
test,v3_44_content_CppbetterC_A-Star_Heap.py.txt,3,3,0.035175744349983475,0.14802641097840108,0.19395251672069017,0.2527939354782594,0.1353396371445617,0.23471175532810412
test,v3_5_content_Schemberizer_Binary-Tree-Compression_tree.py.txt,3,2,0.0019493541628224156,0.20382008138378235,0.25082049094172404,0.21029437114624583,0.11975784469987096,0.21335785766555448
test,v3_99_content_erastus-murungi_binary_search_trees_splaytree.py.txt,3,0,0.38331785903074106,0.05613937185460425,0.11232973452456155,0.08462058399324238,0.07817995001289772,0.28541250058395307
test,v3_24_content_Jagdishkharatmol_Sorting-techniques-_pythonin.py.txt,3,4,0.0017877492423618632,0.15000678709115092,0.19509357313791476,0.20156509590723767,0.24742466195983037,0.2041221326615044
test,v3_44_content_emilgab_bubble-sort_bubble_sort.py.txt,3,5,0.010631300150043628,0.10587359950734887,0.21142241097072229,0.1831424417921444,0.14739709613753738,0.34153315144220336
test,v3_46_content_gabysoares_PythonBubbleSort_ResultTable.py.txt,3,3,0.1740414366988448,0.15964238431294595,0.16240162434725178,0.2517925936322784,0.08178697197886335,0.17033498902981564
test,v3_73_content_kamil-owczarek_sorter_sorter.py.txt,3,2,1.3778608959875382e-06,0.1864498287753767,0.2346598792775768,0.1937985097551744,0.1716967374777238,0.21339366685325226
test,v3_79_content_lorenzo3117_python-sorting-scripts_sortingScript.py.txt,3,5,0.026324841266331334,0.1406636809402832,0.1626904506031793,0.2707659433034481,0.10810244340476186,0.29145264048199615
test,v3_21_content_rahul494_Mental-Health-On-Twitter-Analysis_relevant_tweet_filter.py.txt,3,5,0.007944038163825405,0.10132047421262706,0.19006975215890706,0.21448639488543428,0.23230302201460465,0.25387631856460163
test,v3_24_content_MuyaoWang_OnePlusTwo-BigData_PostProcessForReport.py.txt,3,2,0.0002509582794659811,0.17470697538904514,0.27365405781760893,0.17875169669451282,0.21074972437250192,0.1618865874468652
test,v3_26_content_Emersonxuelinux_One_Big_Archive_Listing_10-1.py.txt,3,3,0.0010335558602258478,0.3098926209398501,0.12922318605650157,0.33184685258344493,0.09242693426499418,0.13557685029498334
test,v3_26_content_Emersonxuelinux_One_Big_Archive_Listing_8-4.py.txt,3,3,0.0004808347346356073,0.008749525200724036,0.041098944451832355,0.48991464579370675,0.03163136389172197,0.4281246859273793
test,v3_30_content_sdws1983_The-big-data-OF-The-Plant-Cell_calculate-author.py.txt,3,5,0.0006603876975384171,0.03375598298393832,0.21105039289649347,0.2552806081339977,0.19026818230119283,0.3089844459868392
test,v3_32_content_jtuckerk_oscar_prediction_full_featureset_prediction.py.txt,3,3,0.0007059035541164671,0.035598005960000005,0.31286449731198324,0.3426403671257259,0.09909106326296854,0.209100162785206
test,v3_3_content_Sapphirine_Detecting-and-Predicting-the-Impact-of-Events_calc_train_anamoly_10ile-Copy5.py.txt,3,3,0.012071875284408305,0.0891795596673015,0.12806431201624444,0.346829910589957,0.14992614029979637,0.2739282021422924
test,v3_51_content_rrnarayan1_one-big-thing-backend_app.py.txt,3,5,0.131416707592589,0.04184525351943256,0.1992784650136717,0.22595604054318624,0.1546425428002173,0.24686099053090327
test,v3_52_content_PhaniBalagam27_Big-data-Analytics-on-dallas-police-incidents-dataset_Q5_code.py.txt,3,3,0.000799031864706524,0.006987564010698888,0.2238450628067909,0.37696384376886377,0.03415450270774082,0.357249994841199
test,v3_5_content_anguillanneuf_bigO_02_linked_list.py.txt,3,3,0.0025119348389408226,0.017133552316368046,0.17784034360103088,0.3126082694323732,0.23022254008694562,0.2596833597243414
test,v3_5_content_anguillanneuf_bigO_28_valid_bst.py.txt,3,5,0.003076305048987265,0.027158521485878093,0.1296543475676048,0.29601811765211655,0.1991492782794937,0.3449434299659197
test,v3_5_content_anguillanneuf_bigO_54_fix_tampered_bst_efficient.py.txt,3,5,7.58283869703277e-05,0.009491581012100472,0.21097205813249864,0.2862883367198949,0.2037715393639621,0.28940065638457363
test,v3_5_content_anguillanneuf_bigO_76_longest_subsequence.py.txt,3,2,0.0392516844829088,0.1331776813124511,0.3251091973167608,0.0631376074407358,0.2548070493322933,0.18451678011485018
test,v3_5_content_wiflore_Data-Lakes-on-AWS_etl.py.txt,3,3,0.0002659294769423857,0.01425072385387267,0.21739111538454264,0.38342164100906523,0.10192683078456032,0.28274375949101666
test,v3_6_content_gauravpatle_Data-Analysis-of-IMDB-Users_DataPreprocessing.py.txt,3,3,3.739367577287281e-05,0.07357130130913454,0.16459541933675226,0.37089585536124703,0.0810048765966346,0.3098951537204587
test,v3_7_content_PotatoSpudowski_The-centralized-guide-to-distributed-storage-and-processing-of-big-data_13_makerspace_analysis.py.txt,3,5,0.00680223135422046,0.20693454137223832,0.09799746834181683,0.28451845118968466,0.11722082712165117,0.28652648062038844
test,v3_10_content_analyticsbot_document-similarity_word_mover_distance.py.txt,3,1,0.012698377273384851,0.33229325693923173,0.30675901158323227,0.07631996532179969,0.180888197131003,0.0910411917513484
test,v3_11_content_kirokuan_Idf-tf-DocCompare_hwTest.py.txt,3,2,1.6844137700163686e-06,0.02730166627848035,0.2550127517787892,0.23378268584581846,0.23969752835210434,0.2442036833310377
test,v3_1_content_HarryBaker_LDAtopicSimilarity_topic2vec.py.txt,3,5,0.007374621092695222,0.08698745030027694,0.10016037599138615,0.2503365236918692,0.21487900272629798,0.3402620261974746
test,v3_2_content_spygaurad_AI_LAB_6_537_Suraj_doc_similarity.py.txt,3,5,0.0004472340658145227,0.08525041920744564,0.15681682260404325,0.30740460673592884,0.056797911114460246,0.3932830062723074
test,v3_3_content_JennaBellassai_phrase-similarity_similarity_score.py.txt,3,5,0.0011571803958293663,0.016956628375943493,0.10385438396364648,0.3401620997723032,0.19013551795911215,0.3477341895331652
test,v3_6_content_muhammadhabibi_CBS01_Main.py.txt,3,2,0.02293389954712934,0.20103705044623627,0.378216426774028,0.13293365419253986,0.18336474571905956,0.08151422332100704
test,v3_6_content_muhammadhabibi_CBS01_NaiveBayesNLTK.py.txt,3,2,0.002628153468875545,0.07039254946354913,0.36138675717727087,0.18550667046262379,0.13695953600036856,0.24312633342731205
test,v3_6_content_yashambre_Document-Matching-Algorithm_DM.py.txt,3,2,0.000981512494359802,0.08243152548108217,0.2697826404764509,0.2361777350559525,0.22146140218959084,0.18916518430256393
test,v3_7_content_gautamdasika_Document-Search-Engine_finalsearch.py.txt,3,4,6.736827390622784e-05,0.23701637686929716,0.24606152161292097,0.056759319030772554,0.30634369994439786,0.15375171426870515
test,v3_8_content_shukali_tweet-similarity-ranking_tweetranking.py.txt,3,3,0.00019303763507835914,0.037154741542685145,0.23675907209300606,0.32907824380731243,0.13641419910256247,0.26040070581935565
test,v3_8_content_uzzielc_Document_Similarity_using_TF-IDF_with_Cosine_Dist_article.py.txt,3,3,0.00038396574692203047,0.03043058060405292,0.14907840396942476,0.4025418907124168,0.04549234607952861,0.372072812887655
test,v3_26_content_1970633640_Design-and-Analysis-of-Algorithm_ex7.py.txt,3,4,0.00033412162303526503,0.10820257624399306,0.2120265070870169,0.20746424080217146,0.2613482445138299,0.21062430972995339
test,v3_28_content_tomsiwek_gprMax-Designer_materials.py.txt,3,3,0.23915376516402911,0.006522627713872739,0.1312624603231794,0.32266461908472766,0.08089910778948006,0.219497419924711
test,v3_28_content_tomsiwek_gprMax-Designer_operation.py.txt,3,3,9.083839252792193e-07,0.045313359290786066,0.19603325278138184,0.3069482018408812,0.18675098452149622,0.2649532931815294
test,v3_37_content_baptiste0928_userinfo-bot_main.py.txt,3,5,0.0003537807197402503,0.1618991423040374,0.20717136201269956,0.16328110873427115,0.20084771906234586,0.2664468871669057
test,v3_84_content_vineetred_aesDES_test.py.txt,3,2,0.0011447586658512245,0.15593437978055183,0.23767151404033923,0.17897182852796797,0.19985327381437434,0.2264242451709154
test,v3_85_content_kenil-shah_Description-Based-Person-Identification_config.py.txt,3,0,0.2519237600515108,0.11994090975986803,0.13583448443786442,0.24404379817163194,0.032055217262919516,0.21620183031620535
test,v3_86_content_Enkhai_simple-DES_encryption.py.txt,3,5,0.00024296874154640906,0.009704001002596854,0.23170480988072778,0.2440405258071696,0.1660254758044562,0.3482822187635032
test,v3_86_content_Enkhai_simple-DES_misc.py.txt,3,3,0.0003865696856019114,0.07240946304590322,0.20168154812277203,0.35138823851962814,0.08092323498601825,0.2932109456400764
test,v3_8_content_usmanali414_Destruction-Detection-in-Satellite-Imagery_augmentation.py.txt,3,3,1.8288309756407428e-07,0.03626562710944601,0.2705170980564914,0.2854396257698667,0.17020535760112862,0.23757210857996977
test,v3_1_content_akhilesh1311_MazeSolver_hard_maze.py.txt,3,1,0.07415315366661973,0.300856113842578,0.17876266154262987,0.20470253212197395,0.10194955596993227,0.1395759828562663
test,v3_27_content_PriyeshV_GAP_Kernels_DFS_run.py.txt,3,5,0.00394066314634701,0.17713687910082232,0.13039954516699986,0.07610344388009692,0.2400230788676315,0.37239638983810247
test,v3_29_content_sarapple_AI-Search-Algorithms-Pure_driver.py.txt,3,2,0.0004355679385529955,0.09698453965650135,0.2606559445621376,0.24238831425351764,0.2251449779480529,0.17439065564123749
test,v3_48_content_ethanZHY_Crawler_BFS_DFS_Python3_Crawling_Doc.py.txt,3,4,0.00018214048138830784,0.11253534193723848,0.19752718654990895,0.21443512934489475,0.24360863009432238,0.2317115715922472
test,v3_4_content_drinkbeer_DFS-Python_common.py.txt,3,4,0.030528871335852883,0.20694742007026476,0.08817292189982057,0.007954181443218331,0.4337323304506024,0.23266427480024116
test,v3_84_content_WizHacks_ChordDFS_topo.py.txt,3,3,0.0004647807388870034,0.02481864152968512,0.2500598167150051,0.275896179450703,0.19704025114995083,0.2517203304157689
test,v3_18_content_matinpf_ECDHE_RSA_Python_main.py.txt,3,2,0.005559779810487852,0.054301969546102793,0.34862617877831625,0.29277628958671964,0.1118028535986936,0.1869329286796799
test,v3_18_content_matinpf_ECDHE_RSA_Python_utils.py.txt,3,1,3.0653851059699522e-06,0.25860109156831795,0.24241961094748538,0.1555997765387018,0.1931002609641478,0.1502761945962411
test,v3_21_content_swawibe_pyDH_Client.py.txt,3,1,0.00016064384760045266,0.2843982248396522,0.16974696224966768,0.12750623291996788,0.23638697034280967,0.18180096580030208
test,v3_27_content_AlpCentaur_Diffie-Hellman-Implementation_Attack.py.txt,3,1,0.2712458866534102,0.31972491751848425,0.16562333615892205,0.06984799741042719,0.06522678077171296,0.10833108148704348
test,v3_33_content_nikhil-paramane_-Diffie-Hellman-key-Exchange-Algorithm_dh.py.txt,3,4,1.510194541846889e-05,0.06753299418899579,0.2323162735268681,0.21091671270143877,0.24727423490188657,0.24194468273539227
test,v3_35_content_DiarmuidKelly_Key_Exchange_diffie_hellman.py.txt,3,5,7.151681110585755e-06,0.01984416052970402,0.10061175870903784,0.3742446097195831,0.12985933524153298,0.3754329841190313
test,v3_60_content_dunglq2000_chatbox-encrypt_client.py.txt,3,2,0.0010079777399836032,0.11587388804590212,0.28009535848842004,0.15214046292352126,0.27004063114138993,0.18084168166078327
test,v3_71_content_logyball_public_private_encryption_driver.py.txt,3,5,2.7501858948990046e-05,0.015267619608569307,0.24638356080181764,0.25321480336491403,0.19372202218852505,0.29138449217722495
test,v3_11_content_langokalla_A-star-Pathfinder_map.py.txt,3,4,0.0008306849871908481,0.13527598156033266,0.20961771267254203,0.22907716181720858,0.23132640603392104,0.1938720529288047
test,v3_15_content_meghanagabhushan_DijkstraAlgorithm_dijkstra.py.txt,3,3,2.861777869050176e-05,0.00974364729389357,0.21723845951053514,0.2975387452854923,0.20775839246831562,0.2676921376630728
test,v3_15_content_ronma1_Dijkstra_graph_algo.py.txt,3,3,1.0701399977563226e-05,0.013707540032998214,0.23204123834939133,0.2982782673186916,0.23038345259466433,0.2255788003042771
test,v3_47_content_woodElec_Parallel-Dijkstra-Networkx_voronoi_module.py.txt,3,4,5.4594884005833405e-05,0.09460886881637316,0.23245201476384977,0.2055898348312298,0.25261532553555743,0.21467936116898403
test,v3_50_content_krj9cr_Hybrid-Prim-Dijkstra-GUI_Helpers.py.txt,3,3,0.0003269733514504372,0.05485609597837401,0.15693544271065674,0.30485074104835475,0.22175051709687948,0.2612802298142845
test,v3_12_content_Subhamacademia_Efficient-way-to-Check-the-Divisibility-of-a-Number-by-Three_ex0.py.txt,3,2,1.2935737169693008e-06,0.15638300833169175,0.28061558337843884,0.1999071465909806,0.1762385957794423,0.1868543723457295
test,v3_15_content_Nabeel-Asghar_List-Divsion_List-Division.py.txt,3,3,0.0050180947365377196,0.02931053060734694,0.2695364230134888,0.33718509013205,0.13210877746284316,0.22684108404773323
test,v3_4_content_flaviohenriqu_divisibility_flaskapp.py.txt,3,3,0.0023338419248294254,0.18856850179092335,0.16689230925983925,0.22814132881422575,0.19097054715383316,0.22309347105634908
test,v3_6_content_marcelotokarnia_dojo-divisibility-rules_is_divisible.py.txt,3,2,9.160954763516315e-06,0.0010431297836624748,0.2857130666537177,0.2536545667099702,0.24696935643143672,0.21261071946644935
test,v3_7_content_jakobpederson_divisible_pair_sums_test_divisible_pair_sums.py.txt,3,2,0.009276118402214604,0.06871868096087756,0.3004276275212101,0.2334928435309378,0.2939815292795765,0.09410320030518357
test,v3_10_content_kllinzy_Elliptic-Curve-Cryptography_ecc.py.txt,3,2,2.273341712094656e-05,0.05617961888442458,0.2946424210237086,0.1425426539105173,0.28853179760569,0.2180807751585386
test,v3_10_content_ko-hii_EASY-Elliptic-curve-cryptography_decryption.py.txt,3,1,1.3488412858535726e-05,0.24628861835232999,0.1922869032914241,0.23798651138969204,0.09018103374859139,0.23324344480510398
test,v3_20_content_UAvinash7_Cryptography_DigitalSignature.py.txt,3,5,0.0027821445320470248,0.015524557491255567,0.1130173113100402,0.3563505929956924,0.06814393190999647,0.4441814617609684
test,v3_27_content_ayaar25_elgamalecceg_interface.py.txt,3,1,0.0025841332124377546,0.3810835833747521,0.14487732710324394,0.05044284567536663,0.19738996967843014,0.22362214095576935
test,v3_27_content_ayaar25_elgamalecceg_pointoperatorecc.py.txt,3,0,0.31716097418284256,0.1085919400355608,0.11918961735399135,0.2561239610558103,0.0854912946841736,0.11344221268762146
test,v3_6_content_gionanide_Cryptography_ECC_DH_key_exchange.py.txt,3,3,9.028272430381977e-06,0.09427468055741821,0.20031951549794558,0.30128952033351386,0.16755650162189845,0.23655075371679352
test,v3_6_content_gionanide_Cryptography_VernamCipher.py.txt,3,2,0.013214366621026933,0.15686693580528052,0.2854771271174849,0.22251694676699793,0.0928803263002821,0.22904429738892768
test,v3_11_content_harishchellappa_Time-Series-Analysis-Bike-Sharing-Demand-Forecasting_forecasting_passes.py.txt,3,1,2.777069268297203e-05,0.30451027244005174,0.1859369406947838,0.17532376319878712,0.181157708854179,0.1530435441195153
test,v3_9_content_Soumyabrata_predicting-pwv_benchmarking.py.txt,3,2,0.018425016175061676,0.1733869045003879,0.29127837363252135,0.24731925318821574,0.1541315183446593,0.11545893415915409
test,v3_11_content_kousu_primes_wsieve_b.py.txt,3,3,7.647788318576183e-06,0.027001282237968847,0.2455078725792496,0.2678771636802988,0.2370854946056704,0.2225205391084937
test,v3_12_content_vidya_digit-factorial-chain_test_digitfactorialchain.py.txt,3,3,4.430271160149312e-05,0.13940986081848095,0.19179070173461468,0.32014296257862535,0.0779638820809539,0.27064829007572355
test,v3_30_content_talbrecht_ensemble-scoring_run.py.txt,3,4,0.0017730801398567087,0.08038161818695827,0.1996481856804246,0.21884833086844688,0.25968204910268095,0.23966673602163271
test,v3_36_content_EricHeGitHub_python-factorial-base-rubik-rectangle-word-game-overlapping-photographs-related-algorithms_factorial_base.py.txt,3,5,1.4873662420408958e-05,0.009627930703801135,0.22608020507445098,0.20176232005682446,0.2800613944325921,0.2824532760699109
test,v3_51_content_adityapatelgithub_Expressions-and-Functions_evaluate.py.txt,3,2,0.00018883911235266824,0.10596855543328854,0.29257371776346636,0.2232150577198016,0.17277998172213532,0.20527384824895545
test,v3_51_content_adityapatelgithub_Expressions-and-Functions_peekable.py.txt,3,3,4.7654818065299734e-05,0.17691443210559354,0.264575286843587,0.29275500509271213,0.16781786139093569,0.09788975974910642
test,v3_5_content_brown9804_Python_DiversosAlgortimos_CreandoMatrizApartirTXT.py.txt,3,3,0.08318801224939323,0.09720878676070505,0.1727910468576677,0.2561607451654162,0.20142494726989582,0.189226461696922
test,v3_77_content_elisawarner_Fun_determinant.py.txt,3,5,1.0093550115161337e-05,0.06457281239115599,0.16509136009048814,0.1748108948303492,0.2559302711895043,0.33958456794838715
test,v3_13_content_danielSbastos_binary-fibonacci_columns.py.txt,3,2,1.736790776687752e-06,0.030001411905892936,0.24503628691717974,0.2447553229909069,0.24489420544069415,0.2353110359545495
test,v3_13_content_danielSbastos_binary-fibonacci_prototype.py.txt,3,3,7.14651361052789e-05,0.023349258093506593,0.1980060799690649,0.3437633745903835,0.1257926051628347,0.309017217048105
test,v3_38_content_emilyhammer_fibonacci_app.py.txt,3,5,1.1814641286696033e-07,0.06307588157907697,0.23499494353843503,0.23460512850041612,0.2104015560801456,0.25692237215551333
test,v3_68_content_jacob-bonner_ICS3U-Assignment7-Python_fibonacci.py.txt,3,5,2.24652217274947e-06,0.009012111055352833,0.20030838557293462,0.3174683582236059,0.14266042329523343,0.3305484753307004
test,v3_99_content_MatheusMuriel_ProgramacaoDinamica_Memoria.py.txt,3,5,4.086505529739104e-06,0.0355150299296916,0.17635314393044724,0.25829905194707087,0.24390581597356628,0.28592287171369435
test,v3_12_content_byu014_all-pairs-shortest-path_allPairsShortestPath.py.txt,3,5,0.060369959663913536,0.05995901387375055,0.15802204485801427,0.26381247139424463,0.1877083775587918,0.2701281326512852
test,v3_14_content_arnaudperalta_py_graphpath_graph.py.txt,3,1,0.1379033892231313,0.35665124062839754,0.19179716336772604,0.06495625789400918,0.16569044274418715,0.08300150614254888
test,v3_6_content_1siddhi7_Floyd-Warshall_tk.py.txt,3,5,1.2834793670746201e-05,0.07406515790431437,0.24755562859215113,0.2050725178610399,0.21684710470552396,0.2564467561433
test,v3_7_content_ghifarozarrr_floyd-warshall-algorithm_floyd.py.txt,3,3,9.252000984054439e-06,0.07172899904883868,0.24448757234439958,0.31016784920801255,0.10111265770715656,0.2724936696906085
test,v3_26_content_dmallya93_Intelligent-Web-Services-Discovery-using-Clustering-Method_description_similarities.py.txt,3,3,1.2360136048672994e-06,0.20959060295161727,0.16738881482595896,0.23983202618039284,0.17025269385762473,0.21293462617080147
test,v3_54_content_juancprzs_hierarchical-clustering-example_tutorial_python.py.txt,3,3,0.006165495824504386,0.02643461384401017,0.11558687930476996,0.37810529621963407,0.11937707772771972,0.35433063707936163
test,v3_55_content_siddbhatia07_MACHINE-LEARNING_Simple_linear_regression.py.txt,3,1,0.00032247246202145487,0.27554776503580836,0.14424514493104418,0.1084263520077642,0.2313184058118866,0.24013985975147512
test,v3_61_content_cthorrez_deepsetLinkage_baselines.py.txt,3,5,2.8500055323578515e-06,0.06035929177256471,0.2219259156895717,0.283406279624501,0.13848410155391488,0.29582156135391546
test,v3_61_content_cthorrez_deepsetLinkage_plot_results.py.txt,3,3,0.006203071864995109,0.10531507911436137,0.06326489458804448,0.4214334255983327,0.04974231683134421,0.3540412120029223
test,v3_86_content_sudarshan-koirala_Clustering-Algorithms-Comparision_hierarchical_clustering.py.txt,3,5,0.008700133102723074,0.24401805532243295,0.20854069584942758,0.17817081833463963,0.07410276950578712,0.28646752788498964
test,v3_93_content_vishwakftw_extreme-classification_baseline.py.txt,3,2,0.0041070493172058655,0.216377227628621,0.2571606744484738,0.22656802858865432,0.14093421708827067,0.1548528029287744
test,v3_16_content_loalberto_Analysis-of-Compression-Algorithms-_HuffmanCoding.py.txt,3,3,0.008380383964835472,0.04758196569138854,0.16774364033452197,0.38745699582197624,0.16975851641910283,0.21907849776817492
test,v3_28_content_Mansy_HuffmanCode_Huffman.py.txt,3,4,1.1864264293219637e-05,0.01464395587825359,0.24990142708407753,0.20206724751700056,0.2884303591824956,0.24494514607387952
test,v3_45_content_craig-m-k_huffman-coding_heapify.py.txt,3,3,3.8708176177174414e-05,0.06684686708381041,0.2837857649427138,0.309156063023063,0.09462599735222109,0.2455465994220145
test,v3_14_content_LOOPPO_INS_MERGE_sort_insertionSort.py.txt,3,5,0.00020362553808846143,0.06370428564901602,0.12488152890084181,0.26119482553485596,0.20344658865330392,0.3465691457238938
test,v3_24_content_gly11_Sort_Run.py.txt,3,5,0.004057042875603844,0.01371870130191829,0.11635413589182854,0.2338833595667049,0.212780720372389,0.41920603999155553
test,v3_24_content_lesdev_SortingMethods_Insertion.py.txt,3,3,0.0030797371612265407,0.17083765195761902,0.22460439875904797,0.23454373944887832,0.22152266014548816,0.14541181252773985
test,v3_26_content_manzala_Analysis-of-Algorithms_merge_sort.py.txt,3,2,3.082975811650415e-06,0.05936141752970514,0.3061979860788602,0.18163711624801687,0.2665609307023253,0.186239466465281
test,v3_42_content_matbot_Py_merge_vs_insert_sorts_insertionsort.py.txt,3,2,5.8639163808440256e-06,0.09561550785993138,0.295091110198564,0.25587841113661675,0.19808127294137706,0.15532783394713004
test,v3_46_content_arun-p12_sort-algorithms_quick_sort.py.txt,3,4,0.012997827891140457,0.08018594843611318,0.16665471382462155,0.24847356440066837,0.26838687990756066,0.22330106553989576
test,v3_46_content_arun-p12_sort-algorithms_shell_sort.py.txt,3,5,0.0014124205762968886,0.02709995653835997,0.19551607032541368,0.23045549892763123,0.24166434364557954,0.30385170998671873
test,v3_54_content_ceydapolat_Sorting-Algorithms-Analysis_InsertionSort.py.txt,3,4,0.04229759620092949,0.14497768470769143,0.21946831747748208,0.16177537714754692,0.26073753871141153,0.17074348575493845
test,v3_10_content_patrickkingg_K-means_Clustering_kmeans.py.txt,3,5,0.0006113535258993343,0.2523673968837199,0.11392311470836458,0.2398833410052752,0.07193398011294817,0.3212808137637929
test,v3_14_content_gravelund-gis_MapSorter_KMeans_analysis.py.txt,3,5,8.161681290483627e-06,0.05489172761734861,0.25497683613868044,0.2728644255865064,0.144286289402204,0.27297255957397015
test,v3_28_content_NurzatRakhman_k_means_k-means.py.txt,3,3,6.265049104587018e-05,0.04580022990312137,0.284684183150847,0.377971659270019,0.09108430816854511,0.20039696901642162
test,v3_29_content_AouinaOns_K-Means-Clustering_K-means.py.txt,3,2,0.001135032879435052,0.22943663764563138,0.24666592446296626,0.24069263684341743,0.12530964529804833,0.1567601228705015
test,v3_56_content_lpyhdzx_clustering_data.py.txt,3,3,3.7305414561916516e-05,0.04907436643226909,0.175224833774633,0.29796727806375495,0.2020187075172753,0.2756775087975058
test,v3_5_content_teawifi_k-means_clustering_loader.py.txt,3,3,8.747898011021506e-06,0.09850280578319623,0.22682638743633038,0.32357248689415685,0.0753849503951307,0.275704621593175
test,v3_66_content_Mary268_K-Means-Clustering_k_means_clustering.py.txt,3,2,1.2351802321990894e-05,0.1347612432900287,0.2919955190295096,0.1784593979087522,0.25942617937085216,0.13534530859853536
test,v3_7_content_MercuryM_Metric-Learning_Q2_Aa_2.py.txt,3,3,4.4331179819637804e-05,0.014379526989991308,0.23968165916192957,0.3429120654237879,0.08904439331766928,0.31393802392680237
test,v3_96_content_jtwaugh_gap-statistic_gap.py.txt,3,5,0.023374456434255394,0.08482009758860659,0.1138796934274965,0.2621254260465047,0.2231493325983233,0.2926509939048135
test,v3_10_content_ajcse1_Predicting_Picture_Orientation_NeuralNetwork_predict.py.txt,3,1,0.08112317593394126,0.3027667733294102,0.11861435656741962,0.10502388973094752,0.2788983401657276,0.11357346427255377
test,v3_32_content_prakashsellathurai_OPTICAL_CHARACTER_RECOGNITION_PossibleChar.py.txt,3,5,0.002848148544713022,0.044666710143321305,0.21492923115449994,0.2351774240746124,0.19786766892503213,0.3045108171578212
test,v3_46_content_whoif_Cost-Sensitive-KNN_plotHelper.py.txt,3,5,0.15858149196263976,0.0805128217771899,0.15696370552227912,0.17170587076219213,0.13788171313475073,0.2943543968409484
test,v3_6_content_cooperlab_KNN_Survival_DataManagement.py.txt,3,1,0.008913146276217641,0.30789058542590486,0.24721010461112872,0.10900893648544308,0.22635841312521104,0.1006188140760947
test,v3_7_content_cp2-dc-info-lamp-2018_iris-knn_nao_somos_botanicos.py.txt,3,5,1.7416962881800725e-05,0.11196384542760753,0.23018064555733417,0.2126664533208085,0.17618262385522857,0.26898901487613947
test,v3_13_content_Ade-Adeleke_KruskalAlg_Kruskal_Algorithm__1_.py.txt,3,2,3.4609748053622374e-06,0.03158599676246686,0.30163406977905144,0.2640596900780729,0.1316483731713582,0.27106840923424524
test,v3_16_content_drdeford_KruskalFlows_networkflows2.py.txt,3,3,0.04617792518933371,0.04679320545814697,0.24499552516439455,0.2537921412004153,0.1604324974835591,0.24780870550415024
test,v3_22_content_ABHIJIT-13_Kruskal-MST_kruskal.py.txt,3,3,0.00010007751172629393,0.02964365025034105,0.2710762289744658,0.3352106577446815,0.14543090748135468,0.21853847803743062
test,v3_6_content_chiragragarwal_Graphs_And_Networks___init__.py.txt,3,3,3.017861234458544e-05,0.14690666797880356,0.2646536289374868,0.3049883954516855,0.13049837360815353,0.15292275541152625
test,v3_7_content_AlmazMirlan_Kruskal-Algorithm-Python-Turtle_AlmazbekMCom-17Kruskals.py.txt,3,3,0.00012720755631498125,0.03281720797775725,0.17571689700385057,0.3774062361674986,0.08796683852218086,0.3259656127723977
test,v3_7_content_Aly-Tomato_Prims-and-Kruskals_prims.py.txt,3,3,6.449899029046283e-06,0.08673821348122954,0.17483960494313833,0.364666133418849,0.09132231755171485,0.2824272807060392
test,v3_8_content_dianaelmasri_TravellingSalesManProblem_AStar_Kruskal_Recuit_test.py.txt,3,5,5.564701126293981e-05,0.014471918122944518,0.2563730771450539,0.15467834723202314,0.2565758286826489,0.31784518180606663
test,v3_11_content_Hyperparticle_LemmaTag_lemmatag.py.txt,3,1,0.00041947332295533285,0.32212485843282346,0.1425327670888373,0.1021581745069976,0.24019063585250458,0.1925740907958817
test,v3_14_content_Qutuf_Qutuf_urls.py.txt,3,4,5.295280761262554e-05,0.16995508719753616,0.26299533481966453,0.04230936552866943,0.31904388971190883,0.20564336993460833
test,v3_1_content_hipster-philology_pyrrha_config.py.txt,3,3,7.152784807684978e-05,0.12326698130745947,0.1369533864431583,0.3107237378201762,0.20999170221019092,0.21899266437093823
test,v3_23_content_uthea_lemmatizer_test_lemma.py.txt,3,0,0.7027336717983111,0.09028894153616566,0.06667044526488593,0.08649043398756426,0.03975159287637624,0.01406491453669678
test,v3_25_content_aajanki_finnish-pos-accuracy_download_models.py.txt,3,1,0.011798750173617005,0.30746229080811455,0.2489857150585448,0.16762908513371358,0.1310343611180811,0.13308979770792911
test,v3_10_content_bradib0y_searchalgorithms_app.py.txt,3,3,2.6683909947360436e-06,0.12363418970103654,0.23340397316246728,0.2471647915592028,0.2312456187073033,0.16454875847899547
test,v3_10_content_taneesh28_Linear-search_linear_search.py.txt,3,3,0.0007938407222905431,0.17617714615738167,0.14333111069048635,0.3359840830440698,0.09692528143345072,0.24678853795232078
test,v3_12_content_ikraj5120_Linear_Search_Linear_search.py.txt,3,2,9.768556922450288e-05,0.0437304955636963,0.34891339243527875,0.28970023667982603,0.17782119290552265,0.1397369968464518
test,v3_13_content_Pedinpsy_-inverted-index-search_hash.py.txt,3,5,0.00032586537970455995,0.04911779896584801,0.26672737381105766,0.1772101585307406,0.23525025649587517,0.27136854681677386
test,v3_13_content_Pedinpsy_-inverted-index-search_main.py.txt,3,3,0.00063296291376273,0.04662278219610461,0.24304550776406864,0.27711865077985887,0.1735363815269597,0.25904371481924543
test,v3_16_content_sanjay3001_Search-in-python_linear_search.py.txt,3,3,2.6564184430927655e-06,0.010011819083870829,0.16945112184027833,0.3447448075310272,0.15470421464843223,0.3210853804779484
test,v3_1_content_Chunning-Zhou_MILPBasedSearchAlgorithmDiff_main_feistel.py.txt,3,1,0.16167592805993153,0.3645106623127055,0.32609316330364035,0.10334908824296925,0.010760297704728408,0.03361086037602476
test,v3_23_content_ayushkumarshah_Complexity-of-Linear-and-Binary-Search_code.py.txt,3,2,7.758407559645024e-05,0.04521046932106772,0.3627855408402135,0.12101840435405413,0.28499599021049127,0.18591201119857692
test,v3_27_content_ashwinvis98_Particle-Swarm-Optimization-for-Robotic-Search-Applications_ultrasonic_test.py.txt,3,5,6.0236835814732005e-05,0.021595676680176527,0.20988441836330954,0.19897877464335953,0.269981622439814,0.2994992710375257
test,v3_16_content_arifromadhan19_LinkedList_simple_linked_list.py.txt,3,3,3.3442835304451646e-06,0.039142962381220586,0.22408784964447628,0.254793934967089,0.24512952579024488,0.2368423829334389
test,v3_24_content_pacslab_ACM-trans-papers-spider_ACMPaperSpider.py.txt,3,5,0.0018486132855585061,0.25237690719461264,0.09636799617698255,0.2515762347030446,0.14204827584355298,0.2557819727962488
test,v3_29_content_MeriBalasanyan_Circular_Linked_List_circular_linked_list.py.txt,3,5,0.008817094604809788,0.030910618289062913,0.12405713045742901,0.2768690904688664,0.1376373985128016,0.4217086676670302
test,v3_2_content_Lok-lok_TestLinkedList_LinkedList.py.txt,3,2,0.00010843957730229143,0.0674359527072756,0.253594818981944,0.24098916123240488,0.23806043513528702,0.19981119236578612
test,v3_36_content_cyndyishida_QueueQuickSort_linked_queue.py.txt,3,3,6.65680255257509e-05,0.030757110694358637,0.22026531341425143,0.3262890179696824,0.16474519252849007,0.2578767973676917
test,v3_43_content_muhamuttaqien_python-data-structure_heap.py.txt,3,5,0.0012896013677114548,0.0353072029075926,0.19374693043712307,0.2694754679274136,0.22891420280554678,0.27126659455461255
test,v3_46_content_lili668668_tensorflow-note_trytfb.py.txt,3,3,1.6592632610993693e-07,0.04619240200280528,0.22953020292441556,0.27576168211791974,0.1965798088568459,0.2519357381716875
test,v3_4_content_DebashishSarkarDurjoy_DoublyLinkedList_doublyLinkedList.py.txt,3,3,0.0011424182698302726,0.0020687137710585783,0.28422031118939156,0.3359591048485549,0.12317985438874768,0.253429597532417
test,v3_15_content_VakinduPhilliam_Pattern_Matching_Python_Glob_Directory_Matching.py.txt,3,4,2.6182685213230958e-05,0.03496913346814535,0.343203487658535,0.15355446380265422,0.38413178571291146,0.08411494667254069
test,v3_1_content_susheelsagar_LCSS_final_loader.py.txt,3,1,7.521382157881662e-06,0.298024521135216,0.19864244899204178,0.07460696633865939,0.22919655909432554,0.1995219830575994
test,v3_2_content_athulvijayan6_python-rlcs_lcssMain.py.txt,3,4,0.007574961612438206,0.1446719853924378,0.19005932924392635,0.1361122913888695,0.2842803678086002,0.23730106455372785
test,v3_2_content_shreya21rathi_Longest-Common-Subsequence_lcs.py.txt,3,3,0.06737437823288558,0.23230781303509676,0.12670326105232863,0.30952277732127825,0.15686573695083758,0.1072260334075732
test,v3_3_content_pombredanne_string-alignment_LCS.py.txt,3,5,0.011878201223285657,0.2033379185696787,0.08536075966095523,0.2399332855676917,0.19234927899754217,0.2671405559808466
test,v3_10_content_SamAllegretto_NaiveBayes_bayes__3_.py.txt,3,0,0.25106122366450523,0.23700633728566073,0.17250253328269288,0.07506550561943193,0.19885432074907794,0.06551007939863131
test,v3_42_content_darshan-jain-29_ml-naive-bayes-working-demo_email_preprocess.py.txt,3,3,0.0032190826719324444,0.032405540025426484,0.18326057806905707,0.4380913698671729,0.028314792083465476,0.3147086372829456
test,v3_76_content_mashfiq10_Naive-Bayes-classification_prob_1.py.txt,3,3,0.001067806104389986,0.06690930793215953,0.15134883721610706,0.3429145213571824,0.13556651043678644,0.3021930169533745
test,v3_78_content_uptodiff_kdd-cup-99-Analysis-machine-learning-python_kdd_binary_classification_ANN.py.txt,3,3,0.06481618402046319,0.12689503202769867,0.14844252976312686,0.30036421287882553,0.2848526104767355,0.07462943083315036
test,v3_11_content_AlfioEmanueleFresta_practical-one-time-pad-python_exercise2.py.txt,3,3,4.979551165127319e-05,0.005587536797910818,0.080558972140003,0.45648042600364125,0.026923074030660563,0.4304001955161332
test,v3_12_content_cuhsat_practical_practical_test.py.txt,3,1,0.05473043348650757,0.40276724833406174,0.10456999879928675,0.17668030786712263,0.12892079088360445,0.13233122062941688
test,v3_14_content_b-hub_cracker_test.py.txt,3,5,0.008597953311866089,0.27083718869423123,0.10316047063043352,0.05182024592452076,0.2717283535436953,0.2938557878952531
test,v3_23_content_git-remove_OTP-Decipher_decipher.py.txt,3,2,1.1061942993689995e-05,0.1792302808844228,0.2696354400096903,0.2462606914418337,0.2266109277749971,0.07825159794606235
test,v3_2_content_Liu-WeiYi_Private_Preserving_Outlier_Behavior_Detection_Abnormal_Scenario_Generation.py.txt,3,5,0.0019859393064025777,0.08794337175804676,0.11451167681407592,0.22982826897726338,0.27828707345844367,0.2874436696857677
test,v3_3_content_iykadev_pyalgo_ackermann_func.py.txt,3,3,0.00018044390080018663,0.06502921486205708,0.21882363640194327,0.2789952894842942,0.22280630903051002,0.21416510632039518
test,v3_3_content_iykadev_pyalgo_amb.py.txt,3,2,0.0049456380257170696,0.15413438350114084,0.25788945471904634,0.18452949422819362,0.18811541383127792,0.21038561569462425
test,v3_3_content_iykadev_pyalgo_evolutionary_algo.py.txt,3,1,0.021043558295421105,0.261210451969835,0.148964967443994,0.20009791074096678,0.22168619979653548,0.14699691175324764
test,v3_4_content_Ityer_3x3_Squared_Magic_Square_Finder_randomGuessing_OLD.py.txt,3,1,0.06078086443482714,0.36240115968235065,0.1434778994805588,0.13998984889595603,0.12488878904670009,0.1684614384596073
test,v3_100_content_adelaidaCreosteanu_scikit-learn-diabetes-exploration_lasso.py.txt,3,5,0.02741546497769364,0.23992074192962745,0.1289571471033591,0.19433359983162948,0.09321571640935056,0.3161573297483398
test,v3_12_content_MarynaTatsevich_Machine-Learning-Regression-Techniques_SVR.py.txt,3,3,0.0006495614988846497,0.12373191991186099,0.23696972216794182,0.28441983774393814,0.10350256387819817,0.25072639479917613
test,v3_14_content_RohanYedagiri_Polynomial-Regression_poly.py.txt,3,2,0.005346954918533928,0.16951987059735232,0.3241374613405083,0.28076776984755175,0.08791988182491468,0.132308061471139
test,v3_31_content_NorahJC_RegressionAnalyses_MultReg.py.txt,3,4,0.0013264930990680803,0.24127895843975544,0.20614762742892734,0.09762388472787578,0.2843417667574442,0.16928126954692932
test,v3_34_content_Pratiksha100_polynomial-regression_regression_template.py.txt,3,2,0.027116882062804944,0.13939854196380372,0.29404917857704654,0.20900895979020684,0.13033511103890305,0.2000913265672348
test,v3_41_content_rinky97_polynomial-regression_my.py.txt,3,2,0.0029219334992187382,0.03873597822572317,0.3365536105165009,0.3155363016244464,0.059846562517002634,0.24640561361710825
test,v3_45_content_swatimani16_Polynomial-Regression_code_final.py.txt,3,2,4.7930086923461615e-06,0.03321230574961501,0.32951583721614947,0.24535755343168247,0.16351001592035935,0.22839949467350132
test,v3_49_content_pranurs_regression-model_main.py.txt,3,3,2.3924822688058184e-05,0.12376908702306973,0.22868041827026764,0.27788965445068803,0.1372377006356437,0.23239921479764283
test,v3_5_content_alisarmusa_House-Price-Estimation_housePriceEstimation.py.txt,3,3,5.054898702444428e-05,0.019486893244929922,0.1413578318799865,0.41721791072280495,0.10866861651728901,0.31321819864796513
test,v3_60_content_winnie9197_The-Coding-School-projects_linear-regression.py.txt,3,5,0.00040902834422066676,0.08630363556010735,0.24595282513588052,0.241204138949823,0.1786353088279775,0.24749506318199083
test,v3_61_content_GauravRoy48_Polynomial-Regression_plr_GR.py.txt,3,3,6.349574919516461e-05,0.05922723895464332,0.1740324337438173,0.3859204286565203,0.03921164860561393,0.34154475429021003
test,v3_64_content_hardik-dadhich_Polynomial_regression_model_poly_reg.py.txt,3,2,0.00010608727495875497,0.011009839256047328,0.35487856893167563,0.29650144867776984,0.09658253068566336,0.24092152517388507
test,v3_81_content_kiranathealea_regressionMachineLearning_Models.py.txt,3,3,0.00015235144346119513,0.1494623831115284,0.13516977990460693,0.29459477347580165,0.138075445260086,0.28254526680451597
test,v3_12_content_croiden_successive-prime-numbers_generatePrime.py.txt,3,3,0.0010803626768209659,0.16407385093563998,0.2537536341601293,0.28064920593970727,0.08845325277014039,0.21198969351756217
test,v3_12_content_Rafelito19_Crypo-Number-Theory-Projects_ferm.py.txt,3,3,0.0022092166230379823,0.1598886499775983,0.21943080833059722,0.2732174594567556,0.10977736317112786,0.23547650244088308
test,v3_13_content_dannbleeker_SearchForPrimeNumbers_runPrimeSearch.py.txt,3,5,3.6254141396810587e-06,0.012797565931649617,0.25643249201740315,0.27874646275923254,0.1661760057473488,0.28584384813022623
test,v3_19_content_orzal_python_prime_numbers_prime_numbers.py.txt,3,5,0.0020581826053513393,0.1249144004529867,0.2490540628143082,0.1451624542883349,0.17658524556759803,0.30222565427142084
test,v3_23_content_cjonsmith_prime_prime.py.txt,3,3,0.006940794902153467,0.11694170112568657,0.22853823291696596,0.2830657969366323,0.22147403994379158,0.14303943417477014
test,v3_6_content_kennedyCzar_n-th_monsien_number_monsien_number.py.txt,3,4,0.00039188516021246923,0.08705880655142069,0.1809299349065292,0.1469358251719816,0.3220224094279875,0.2626611387818686
test,v3_8_content_tochukwuokafor_Mersenne-numbers-Lucas-Lehmer-test-and-Sieve-of-Eratosthenes_mersenne_numbers_lucas_lehmer_sieve_of_eratosthenes.py.txt,3,3,9.207073132630018e-05,0.03844287199665621,0.27922449799713733,0.29640530452526564,0.20427863358351012,0.18155662116610446
test,v3_96_content_pisaniFosso_TMR_driver.py.txt,3,0,0.30284362600254044,0.2311417917935411,0.08329015791775465,0.11491525928924261,0.12724055546981045,0.14056860952711095
test,v3_9_content_jabrekadabre_prime-numbers_prime_nums.py.txt,3,1,0.0014756880044922368,0.2756848101499471,0.18486736212121382,0.12933134413707592,0.22868823860878268,0.17995255697848828
test,v3_10_content_chiragragarwal_Graphs_And_Networks___init__.py.txt,3,3,3.293374912089426e-08,0.003169837045759037,0.17117087727729705,0.29317113340464973,0.2597792183216833,0.27270890101686174
test,v3_1_content_muzixing_graph_algorithm_prim.py.txt,3,3,3.834169206626642e-05,0.18114161823130065,0.15766839513578215,0.2444967764507051,0.19788803958023798,0.21876682890990787
test,v3_6_content_usbogie_MSTcreator_Sollins.py.txt,3,1,0.00033379690684400866,0.3845934415440112,0.18948384709059957,0.11098597098103716,0.2154592326372539,0.09914371084025415
test,v3_9_content_krj9cr_Hybrid-Prim-Dijkstra-GUI_main.py.txt,3,2,1.652103414384376e-09,0.1467113230647665,0.3265725132704088,0.1054513788770163,0.30956997801687863,0.1116948051188264
test,v3_23_content_ymohanty_data-analysis_analysis.py.txt,3,2,0.000867988801989439,0.05468638726004772,0.2790946369029057,0.2040958104731614,0.24229455037722164,0.2189606261846741
test,v3_27_content_AndresHerrera_PCA_Vowels_pca_training.py.txt,3,5,0.0012940718474524148,0.13436818001170514,0.15170401994458138,0.24622434966043868,0.21399118726169009,0.2524181912741323
test,v3_40_content_furkanh_Principal-Component-Analysis_pca.py.txt,3,4,0.0007554315916554465,0.0082644520352303,0.2150774019303547,0.139142943676923,0.3223192770540064,0.3144404937118301
test,v3_60_content_fabaloc_PCA_PCAstepbystep.py.txt,3,5,0.05745225752442263,0.008048247005023549,0.17509425818869556,0.3227667094564672,0.1025088046362373,0.334129723189154
test,v3_68_content_huynguyenqc_DIP-PCA_json_logger.py.txt,3,3,0.0006284292767004667,0.014800146201380012,0.33105564178294666,0.38378241387851225,0.04977328881507431,0.2199600800453862
test,v3_89_content_dronabanerjee_PCA-and-EM_hw03.py.txt,3,3,0.004060014619049064,0.07339691680501673,0.20757419894609205,0.3154305791824658,0.17679168523440392,0.22274660521297238
test,v3_92_content_linasaha_Principal-Component-Analysis-to-generate-good-features-for-Handwritten-Digit-Recognition_PCA.py.txt,3,3,2.8550394407557665e-05,0.08121875027485949,0.17874566763440947,0.36444751274982146,0.12224668599918224,0.2533128329473197
test,v3_100_content_ssquantum_PyDex_mythread.py.txt,3,5,0.023286495821938005,0.01851528591750716,0.14556025081711885,0.3070436572218149,0.19355761289461343,0.3120366973270076
test,v3_10_content_Raj-Kumar2208_linkedList-Stacks-Queues-Hashing_arrayStack.py.txt,3,5,0.0008435450025520788,0.02787357502920576,0.16657188266934508,0.14743860812496826,0.309228446434007,0.3480439427399219
test,v3_35_content_PeterUpfold_simple-temp-queue-pusher_simple-temp-queue-pusher.py.txt,3,5,0.02560142198238923,0.02933068982062204,0.11364791718721365,0.3229230162331529,0.052356767917594256,0.4561401868590279
test,v3_62_content_jkassis87_QueScreenDataExtractor_qsde.py.txt,3,5,0.00018317204703655822,0.03958133068271721,0.22306120971454838,0.2601634904810103,0.20043287478986505,0.2765779222848226
test,v3_11_content_TanaySinghal_SortingAlgorithms_sorts.py.txt,3,4,0.10390096774803856,0.14636997976278351,0.1761165400528075,0.04724372786432613,0.371340490253086,0.15502829431895826
test,v3_20_content_bradruck_Quick_Sort-python_Assignment_7-P12.9.py.txt,3,3,0.004165689726082995,0.011560801440749531,0.24122062928251142,0.2618872320406987,0.24727183474445522,0.23389381276550217
test,v3_25_content_bisigc_python_quicksort_quicksort.py.txt,3,2,1.5520424823274436e-05,0.010834712125623697,0.3250639451622934,0.23650699545933124,0.216849938728808,0.21072888809912027
test,v3_26_content_hemidactylus_skanfixer_sfUtilities.py.txt,3,5,0.10876694882659158,0.05734882627311876,0.12987016685733646,0.15991518406294045,0.23898540270145757,0.30511347127855526
test,v3_31_content_alexthejewell_photo_sorter_get_photo_data.py.txt,3,3,0.004942688581565584,0.17852418045876406,0.09965843954514311,0.321329215820992,0.13860128446204173,0.25694419113149336
test,v3_3_content_iRGBit_indexhelper_all_indexer.py.txt,3,1,0.0019057763362704252,0.35805582215072174,0.05863435337301353,0.2723870861255856,0.1278115027513459,0.18120545926306278
test,v3_5_content_chriskbwong_quickSort_quickSort.py.txt,3,1,0.03339767856044998,0.2640782498419561,0.23486124030059563,0.11096123319914536,0.21486412591613105,0.14183747218172185
test,v3_6_content_austinteshuba_QuickSort_Sort.py.txt,3,1,0.03533990659685903,0.3751793677125836,0.18543346957665297,0.12213513960561362,0.10773462615675304,0.1741774903515377
test,v3_80_content_arun-p12_sort-algorithms_quick_sort.py.txt,3,3,0.007720818420268299,0.03368719160962652,0.18040925616715395,0.29305570024316613,0.20945344363341767,0.2756735899263673
test,v3_11_content_momaabna_Python-create-password-list-_creatlist.py.txt,3,3,0.0014232243040758121,0.22602673226966113,0.19733106165504086,0.24047409124827912,0.160730538906287,0.17401435161665607
test,v3_19_content_andryak_complib_test.py.txt,3,1,0.0015425920819981008,0.31503479536816775,0.30104690179903343,0.052129926712190085,0.24550860653645074,0.08473717750215994
test,v3_27_content_michaelbauerinc_TowersOfHanoi_node.py.txt,3,5,0.0003427868470346516,0.003901869244343956,0.1513404489146743,0.33679257047522826,0.1554252646772035,0.35219705984151534
test,v3_29_content_ntzhong_box_api_modify_links_main.py.txt,3,3,0.0027936560611497518,0.00877159260672519,0.24126732637797316,0.33494653754744885,0.15113989911788706,0.261080988288816
test,v3_33_content_prabhatpal77_Complete-core-python-_dictcomp.py.txt,3,4,0.00020287450434158775,0.304923059850963,0.12190274887399989,0.07476330341744085,0.3710392773616909,0.12716873599156378
test,v3_4_content_doronbruder_Recursive-functions-_ex7.py.txt,3,4,4.429050328741936e-05,0.09142440975804832,0.32525848148727843,0.07061507838709974,0.33694573867409466,0.17571200119019137
test,v3_16_content_exitmsconfig_python_knn.py.txt,3,1,0.0002985970243200806,0.35169810309382865,0.13321694051058933,0.15075149765334778,0.196669236492425,0.16736562522548915
test,v3_2_content_Nathan-Binkley_My_RSA_M_RSA.py.txt,3,3,1.8653335190515293e-05,0.14614900302295475,0.1692428515643657,0.3030290526071891,0.11663274440546294,0.2649276950648368
test,v3_37_content_henritomas_ECE151-RSA-encryption_client.py.txt,3,0,0.26662340466800183,0.05218377290249423,0.08465312406021448,0.2590367925833015,0.08286188712866531,0.2546410186573227
test,v3_41_content_yujiaoliang_rsa_yu01.py.txt,3,5,0.0010029974086176823,0.16754954618822615,0.2481692879418884,0.16874994448470387,0.16589261866697064,0.24863560530959322
test,v3_43_content_strmrider_RSA_utilities.py.txt,3,3,2.9950564050589604e-05,0.12419634702927376,0.230189725382401,0.2683227395810068,0.13495392191661876,0.24230731552664908
test,v3_55_content_Ali-Ouahhabi_AesRsa_cipher_structure.py.txt,3,3,2.9396255869759856e-05,0.19510513626146933,0.19565578152829172,0.23245235468260014,0.16651143091360346,0.21024590035816557
test,v3_67_content_peterjhyoon_rsa-math_math_functions.py.txt,3,2,7.447676363975223e-06,0.22982587440629196,0.3062494995279303,0.1068906113524641,0.2518022079988629,0.10522435903808679
test,v3_6_content_JayDogon_RSA_Encrypt3.py.txt,3,2,0.0050611504012233865,0.23381755810655136,0.24660725090060712,0.20357601721538043,0.14959102929788612,0.1613469940783516
test,v3_92_content_zaldis_RSA_tester.py.txt,3,4,8.963590047719048e-07,0.02633294228968709,0.25860516111241777,0.2286104610216574,0.27720548319862914,0.2092450560186038
test,v3_13_content_chandimajayawickrama_Simple-Sorting-Algorithms_insertion_sort.py.txt,3,4,0.00621968376221171,0.19005760606092587,0.12263833666186767,0.13653718591002395,0.2897922424375058,0.25475494516746505
test,v3_15_content_hgdsraj_python_vs_ruby_speed_analyze_script_cpp.py.txt,3,4,3.032727542032383e-09,0.02338645030166195,0.3273680149906611,0.1442482603441712,0.3366333755813913,0.16836389574938684
test,v3_15_content_Jagdishkharatmol_Sorting-techniques-_pythonin.py.txt,3,5,0.003916581495223314,0.11419251541933428,0.18803399916472965,0.16038345290035247,0.2559523732659114,0.277521077754449
test,v3_16_content_johnllanos_selection_sort.py_selection_sort.py.txt,3,4,3.677476639197129e-05,0.013304526786584876,0.2646099429909481,0.11066354537575732,0.3776870396604276,0.2336981704198902
test,v3_34_content_rajdas2001_Sorting-of-lists-arrays_Bubble_Sort.py.txt,3,4,0.00035827668939323183,0.02972222177511564,0.17545788802075066,0.12733784941905632,0.35321926538391796,0.31390449871176607
test,v3_35_content_sviznyuk_pokemon-selection_select_pokemon.py.txt,3,5,0.1461232261390739,0.007096235039309861,0.08413943285595027,0.2788379399969174,0.1623874122714193,0.32141575369732917
test,v3_39_content_lorenzo3117_python-sorting-scripts_sortingScript.py.txt,3,3,0.010273095168988281,0.055180826461595736,0.10068503812672297,0.4016715041470121,0.08748049547972016,0.3447090406159609
test,v3_41_content_sarahandert_python-practice--sorting_sample5.py.txt,3,3,0.04338867668243592,0.00748886408278413,0.10371911389471561,0.42497941485975427,0.08429188896618259,0.3361320415141275
test,v3_5_content_Algomaster0628_SelectionSortAlgorithm_selection_sort.py.txt,3,3,0.0003411659093997467,0.004403579405075427,0.19550282550743026,0.2983165437738335,0.22568888360802805,0.275747001796233
test,v3_2_content_IhsanPratama_ccvs_main.py.txt,3,3,0.001816498688427525,0.1625259456334229,0.20513250472068856,0.31129170298918263,0.1126375235220729,0.20659582444620547
test,v3_10_content_zpeterg_bmig_5003_count_words_getFile_test.py.txt,3,3,6.718450496088932e-06,0.05802180539665289,0.21135592656019525,0.28947514383902767,0.16727908261655647,0.2738613231370716
test,v3_13_content_preetidurai_Spam-Ham-Classification-using-NB-and-LR_NBHelper.py.txt,3,3,0.0002569662591974777,0.00489111440106372,0.18870960212194138,0.34234520374657923,0.15995361250391105,0.3038435009673073
test,v3_16_content_NB-prog_INTERN-2019_similarity_eval.py.txt,3,3,0.0028739854364546774,0.10201575515346169,0.2561413140127271,0.27672263580879247,0.15593091034047513,0.206315399248089
test,v3_16_content_NB-prog_INTERN-2019_train.py.txt,3,4,2.8335626758238023e-06,0.1357232353787564,0.1001291485945421,0.16546445675549123,0.3032104990931188,0.2954698266154156
test,v3_18_content_ashwinjoseph95_reviewanalysis_natural_language_processing.py.txt,3,2,2.627268941934858e-05,0.03857353931618533,0.3044479963611476,0.12535443373786334,0.28512410702934565,0.24647365086603873
test,v3_18_content_Mital188_Logistic-Regression_logistic_regression.py.txt,3,5,0.0001567858888959236,0.017944404740774394,0.26663009689868483,0.2376997062840612,0.20854084062237044,0.26902816556521314
test,v3_20_content_aditiopangestu_spam_data_converter_lingspam_filter.py.txt,3,3,0.00025531911712003725,0.11319947564038726,0.2172486228307312,0.33947650790633,0.11735441018603518,0.2124656643193963
test,v3_22_content_vrpandey_Training-and-Comparing-Models-to-Predict-Customer-Satisfaction-Index-_main.py.txt,3,2,9.213270859854944e-05,0.13337581858258585,0.27956906490567723,0.18512347457745165,0.26692664587192516,0.13491286335376143
test,v3_28_content_vinaykumarbu_sentiment-analysis-deeplearning_data_helpers.py.txt,3,5,0.0011588804478741377,0.270532274431264,0.12911709690067208,0.1915446938594074,0.12933453319843144,0.278312521162351
test,v3_28_content_vinaykumarbu_sentiment-analysis-deeplearning_gui.py.txt,3,3,0.06477098063518093,0.018461799591374287,0.25756461212423254,0.3909542975144264,0.047094366587797504,0.22115394354698836
test,v3_3_content_tusizi_document-analysis_jieba_cut_document_to_vocabulary_with_nominal.py.txt,3,2,0.00038475217187583245,0.10519667607899215,0.28931761481094925,0.2643480076843197,0.161647377529036,0.179105571724827
test,v3_1_content_DanShai_kernalized-tsne_main.py.txt,3,3,4.064869669007379e-05,0.14188142865626244,0.1880374719922838,0.2727042560235795,0.16415884949545792,0.23317734513572638
test,v3_3_content_Lochanahasith_t-Distributed-Stochastic-Neighbor-Embedding-t-SNE-on-EC-dataset_tsne_with_ec.py.txt,3,2,0.00011301997747205621,0.29606386360953596,0.2981293026952289,0.13421560725495715,0.15654599185643087,0.11493221460637505
test,v3_14_content_tusizi_document-analysis_jieba_cut_document_to_vocabulary_with_nominal.py.txt,3,3,3.7690700659902964e-07,0.05108574221687417,0.2292173783398757,0.26802451318131837,0.2565627995363286,0.19510918981859662
test,v3_14_content_tusizi_document-analysis_mllib_tfidf_with_stopword.py.txt,3,2,3.574989225858195e-05,0.08646931617886085,0.27206273596182273,0.216287811996019,0.1683884296191308,0.256755956351908
test,v3_3_content_avinashbhat_keyword-extraction-using-tf-idf_main.py.txt,3,4,2.9359570207675935e-05,0.1092792190803254,0.3805603010501435,0.07538182479197521,0.40314438480009585,0.03160491070725258
test,v3_44_content_Tian14267_Text_Keywords_Keywords_main_MutilSentence.py.txt,3,5,1.454873387857475e-05,0.13036308249440845,0.20479937555435956,0.22134890705604723,0.17147499808987315,0.271999088071433
test,v3_45_content_raopg_Search-Engine_app.py.txt,3,3,1.4501954480000321e-07,0.05723445056943374,0.26702905280753075,0.2754735948786963,0.17418248834306288,0.22608026838173143
test,v3_46_content_loulai_InformationRetrieval_information_retrieval.py.txt,3,3,4.428551780072583e-06,0.021491205795566605,0.14951201872696768,0.42508529921255844,0.05693841629712089,0.3469686314160065
test,v3_55_content_wangfan950309_TF-IDF_tf_idf.py.txt,3,5,5.869138811244481e-05,0.046173874050099525,0.15012069817574328,0.28098061256082263,0.16887173818219717,0.353794385643025
test,v3_58_content_zhaoyichanghong_machine_learing_algo_python_knn.py.txt,3,4,0.05145509803496789,0.011264527490928143,0.14188350032462452,0.25503694798882115,0.29297900730944987,0.24738091885120847
test,v3_66_content_Fremont28_movie_recommender-_movies_tfidf.py.txt,3,3,0.0004432115433810621,0.02759023885780072,0.2621863398053223,0.3095175898351878,0.18638526297018676,0.2138773569881213
test,v3_13_content_zerolxf_VRL-SGD_process_tiny_magenet.py.txt,3,4,3.267656824613607e-06,0.22822270795164457,0.21945413944248598,0.08916084973252907,0.24348705053345288,0.2196719846830629
test,v3_28_content_akrolewski_NonlinearMassFaster_tabulate_fiducial_rnl.py.txt,3,5,0.001702238962123634,0.1767221319172227,0.18107015276800814,0.1812906220136078,0.1977399938152976,0.26147486052374014
test,v3_2_content_facebookresearch_reward-estimator-corl_configurations_continuous_uniform.py.txt,3,2,0.0013250502785733373,0.10747054302461224,0.2876613673661475,0.2749253405458083,0.1960104861603377,0.13260721262452096
test,v3_35_content_facundoq_rotational_variance_experiment_accuracy_vs_rotation.py.txt,3,3,6.822537709045599e-05,0.01742056807658337,0.22538065540046553,0.3803965351612199,0.0704557885762098,0.306278227408431
test,v3_6_content_hongzimao_input_driven_rl_example_script.py.txt,3,2,0.01286534747398528,0.005114656928290706,0.368175414020771,0.13340982612972896,0.36210235978353544,0.11833239566368871
test,v3_79_content_astrojneil_AllanVarCodeFinal_allanVar_plot.py.txt,3,1,0.0014673580152698015,0.26284513041816226,0.17112322963481671,0.1270281764901407,0.246953183324526,0.19058292211708452
test,v3_88_content_hfk97_VaR_VaR.py.txt,3,3,5.947903753878857e-06,0.05492084588370463,0.19279284365482743,0.25848737245965075,0.24208763402644906,0.25170535607161415
test,v3_8_content_Develop-It-19_Random_Forest_RF_Classifier_Wine_Quality.py.txt,3,4,5.562433225574203e-06,0.04776420065136201,0.2459368060689464,0.1999223026397688,0.25978991473759094,0.24658121346910625
test,v3_21_content_DaSunnySide_Stock-Analysis_jsonpractice.py.txt,3,2,0.0013528721725022976,0.05005328182599292,0.3316859031677226,0.14775357159059962,0.2933298770283751,0.1758244942148075
test,v3_39_content_jschriemer_Tennis-Tweets_web.py.txt,3,3,0.00023292302874481797,0.09054636862356123,0.1387263388601252,0.35580388653794187,0.10519511844454714,0.3094953645050798
test,v3_42_content_naomistuart_flight-scraping_main.py.txt,3,2,0.0033024101365221417,0.17801489507298388,0.29748395830538443,0.10549053845442423,0.26917735720023483,0.14653084083045045
test,v3_45_content_umtpfe_Projet-scrapy_test2.py.txt,3,3,0.00024284233919956763,0.05530909711792621,0.216258268477834,0.3205769765302776,0.18205508667276374,0.22555772886199899
test,v3_66_content_furkanturkn_python-beautifulsoup-take-news-post-from-the-site_take_news.py.txt,3,3,0.0005429430590881041,0.19634232924470985,0.18407150336619638,0.2564089620389304,0.12904612956137826,0.233588132729697
test,v3_80_content_andrediasesp_web-slinger_scraping.py.txt,3,3,5.962324751085177e-06,0.09747821270181378,0.20273041562000232,0.38302624550622366,0.06752571154172615,0.249233452305483
test,v3_89_content_pratikdeshmukh2004_Web_scraping_flipcart.py.txt,3,5,0.017841213507535144,0.2003743608305576,0.17065527537917646,0.21319664132673663,0.05081952480522823,0.34711298415076597
test,v3_94_content_ytnguyenedalgo_scrape_retail_site_scrape_macys.py.txt,3,4,0.022935005721648687,0.02519133216185645,0.21601898865575753,0.1965360134055912,0.31143197460567257,0.2278866854494736
test,v3_9_content_chaseycodes_StockX-Scraper_2-sneaker_scraper.py.txt,3,5,0.0002030326583497683,0.18432590814956507,0.15968471685385283,0.25387343699113063,0.07140795325575185,0.3305049520913499
test,v4_17_content_pevandenburie_micropython-aes-ccm_Utils.py.txt,4,3,0.005675395586895275,0.13284355548004623,0.17155841405556269,0.28061449205992317,0.2101392088996335,0.19916893391793913
test,v4_21_content_emilystamm_aes-ecb-attacks_aes_ecb_oracle.py.txt,4,4,5.987248440473063e-06,0.14362606203311834,0.2303006477416792,0.13554104404351072,0.2909409006572809,0.19958535827597035
test,v4_23_content_SigmaPic_cryptoloop_cryptoloop.py.txt,4,5,0.008322095497753602,0.13676208692609995,0.16717386267647494,0.18882751949670576,0.2366570831752753,0.2622573522276904
test,v4_26_content_BroadbentT_BASE64-AES_base64-aes_cbc.py.txt,4,3,0.046778904659326326,0.1712739539246582,0.3449727579441168,0.3671865453537765,0.01643210775027998,0.05335573036784228
test,v4_28_content_benjimr_AES-Key-Expansion_AESKeyExpansion.py.txt,4,5,0.0023473151501776117,0.18367512357446725,0.12352683040515285,0.17618223084778004,0.25429597896722483,0.2599725210551975
test,v4_10_content_gitganeshnethi_Market-Basket-Analysis_Online_Retail.py.txt,4,4,8.833320057854002e-05,0.15733035294693165,0.23936040848160575,0.15077008983182763,0.2711326443552469,0.18131817118380966
test,v4_11_content_SabikAbtahee_Apriori-Implementation_AprioriMain.py.txt,4,3,0.00034621784778237437,0.07641530219648787,0.29074875953697515,0.30488218865311273,0.138194966965397,0.18941256480024474
test,v4_1_content_jiteshjha_Frequent-item-set-mining_apriori_mpi.py.txt,4,1,0.01253467391932663,0.3817409777325715,0.11287117446857815,0.11510854218753029,0.2319834815254407,0.1457611501665528
test,v4_1_content_vijaymukhiija_Sale-optimizing_apyori.py.txt,4,4,0.0004811516198680627,0.09218829639601302,0.19073933503596024,0.19038037810453104,0.29191784143981775,0.2342929974038099
test,v4_2_content_adwansyed_Market-Basket-Analysis-Apriori_bruteforce_marketbasketanalysis.py.txt,4,3,0.033061687337082105,0.023879122158825105,0.07202166954778894,0.374826408298058,0.14999930710501078,0.3462118055532351
test,v4_2_content_nrohani_AssosiationRules_TransactionEncoder.py.txt,4,5,0.023121299590416367,0.09250792035061596,0.15288907349710698,0.18541885465545907,0.26168591627588783,0.2843769356305138
test,v4_3_content_manishjathan_Money-laundering-Detection-System_GraphAnalysis.py.txt,4,1,0.004649974976888714,0.3079236028597119,0.16261128203650632,0.096306274951919,0.2194500862143148,0.20905877896065936
test,v4_6_content_HaoLyu_Association-rule-learning_Apriori.py.txt,4,5,0.2451770404672347,0.10855427309871435,0.15667190880083712,0.05455164538321514,0.17649979075175562,0.258545341498243
test,v4_9_content_HarshaliWagh_Data-Mining_Apriori.py.txt,4,5,1.1042551496940126e-06,0.01962034722390791,0.2463990157146619,0.17224436684955613,0.20460858077615912,0.35712658518056517
test,v4_10_content_marcindahlen_ARIMAplus_arimaplus_dna.py.txt,4,0,0.3421067084343133,0.12760668768497,0.07058994117890335,0.031186208737096332,0.2978284539841644,0.1306819999805526
test,v4_19_content_bauassr_Session32_Session32Assignment1_.py.txt,4,4,0.04772937518109152,0.17401135955257943,0.2209621573749136,0.14247211085882103,0.3348771692947585,0.07994782773783585
test,v4_1_content_nageshsinghc4_stock-market-forecasting_ZBH_stock.py.txt,4,4,0.010139097706543155,0.13051068934954693,0.27022294233532285,0.12483143184665735,0.2726781127227877,0.191617726039142
test,v4_2_content_polyphilz_pricing-weather-derivatives_avg_temperature_model.py.txt,4,3,0.016361789584323008,0.13791205857290145,0.1976881930181227,0.3228696444116204,0.10956908958212395,0.21559922483090851
test,v4_2_content_yyqcs_time-series-model_ts_model.py.txt,4,5,0.0027683761858490726,0.10520121246956023,0.17531503072878094,0.19480116697727604,0.19604937278520898,0.3258648408533247
test,v4_2_content_yyqcs_time-series-model_utils.py.txt,4,5,1.4027228055117504e-07,0.010242976134352851,0.28303130855547715,0.10885307908091829,0.19784840484700297,0.40002409110996817
test,v4_1_content_dedeco_dijkstra-bellman-ford_teste_proprio_djt.py.txt,4,4,0.04093529510514608,0.2896159262403189,0.09327614989882659,0.0028355974545990702,0.3390312277301953,0.234305803570914
test,v4_2_content_cvwilliams_BellmanFord-Python_server.py.txt,4,5,0.0006483634651787751,0.11665961675750298,0.17727339046596877,0.15471986149015513,0.24529781841145268,0.3054009494097417
test,v4_3_content_abdulqadirs_distance-vector-routing-protocol_update.py.txt,4,5,1.3716178334767376e-06,0.08544981224326448,0.21054867016814008,0.2943314417400882,0.10949231741186496,0.30017638681880887
test,v4_4_content_Khante_Distance-Vector-Algorithm_link_1.py.txt,4,0,0.37651526388510387,0.06574935086278184,0.08969615393116716,0.08915292520849931,0.045164175483975465,0.3337221306284723
test,v4_4_content_Khante_Distance-Vector-Algorithm_link_2.py.txt,4,5,0.25727686802444744,0.041935282606102686,0.16351419766721584,0.1672572365483102,0.03442921292883676,0.335587202225087
test,v4_4_content_Khante_Distance-Vector-Algorithm_network_1.py.txt,4,1,0.0005762183750325943,0.43173884976456267,0.166845814337949,0.10555706485356463,0.22455803089251947,0.07072402177637167
test,v4_4_content_rcornacchia_bellman-ford_testclient.py.txt,4,1,1.6595383298555923e-05,0.3137780500858602,0.31284460126630137,0.05042774350522402,0.26784861742108995,0.05508439233822589
test,v4_6_content_mmcetindag_ShortestPathAlgorithms_bellman-ford.py.txt,4,2,0.000384370747697494,0.11603361638345915,0.2772660749945322,0.1679803649278395,0.21710116857478226,0.22123440437168937
test,v4_7_content_ardyerwanda_SDN-Bellman-Ford-Pyretic_wG_bellfordCost.py.txt,4,2,0.003509811742184761,0.3256003196333429,0.3570534167507924,0.05611524452537309,0.2359374169503249,0.021783790397981784
test,v4_7_content_jimmygzp_bellman-ford_bfclient.py.txt,4,1,0.0015314198291934277,0.3451721848649101,0.0923257029724095,0.0640137289430068,0.18328008709767366,0.3136768762928065
test,v4_23_content_binaya07_8-puzzle_stack.py.txt,4,2,1.5111926603679868e-06,0.09388136733633227,0.2491197200228917,0.24642218667335308,0.21074310872414034,0.19983210605062215
test,v4_2_content_Madeeha-Anjum_Box_Head_testing_BFS.py.txt,4,2,4.1787068152610825e-05,0.268717306738523,0.28746600572974407,0.1383871860493368,0.2283241793276362,0.07706353508660724
test,v4_3_content_akh5113_BFS-Wrestling-Teams_Homework5.py.txt,4,1,0.15995862338208164,0.26248935484854924,0.08937167521977282,0.08836899475791407,0.2505321916619113,0.14927916012977097
test,v4_53_content_ding-si-han_Flight-Length-BFS_graph.py.txt,4,4,0.0005753347823910127,0.23482285219716628,0.2336312031773836,0.10370343517592813,0.2801918954070072,0.147075279260124
test,v4_5_content_GregLahaye_wikipedia-game_game.py.txt,4,4,0.0001269916309556798,0.1268681282920173,0.21464555783544906,0.2225551037439741,0.2520746499064165,0.18372956859118733
test,v4_68_content_elados93_AI_Ex1_PuzzleState.py.txt,4,4,0.00127252649181802,0.05295687314809945,0.29270487527262823,0.23607658544771512,0.30672930635623724,0.11025983328350186
test,v4_7_content_rmssoares_8Puzzle-StateSpaceSearches_node.py.txt,4,5,0.0007419885594350771,0.033302802313703056,0.1658282370323976,0.267668533790507,0.2554307426576921,0.2770276956462652
test,v4_92_content_tule2236_superheros-social-graph_degrees-of-seperation.py.txt,4,2,0.0073345171912113545,0.039855358912726443,0.4072975983098977,0.2049907329361694,0.24545983178173106,0.095061960868264
test,v4_11_content_mrluin_EfficientAutoDeeplab_train_counter_network.py.txt,4,5,6.871354421156859e-06,0.008830172304340989,0.21723277504006816,0.2267284617115755,0.25854953332133235,0.288652186268262
test,v4_15_content_Areege_Binary-and-Trinary-Search-Trees_SourceCode.py.txt,4,2,0.08463854829206806,0.2135792831231274,0.2700799823862835,0.12360618099033094,0.15750098516672176,0.1505950200414682
test,v4_20_content_shamo0_Binary_Search_Tree_treap.py.txt,4,3,0.00019878573949400438,0.03499117657907399,0.25005377701986287,0.2772253138509261,0.17313338514011906,0.264397561670524
test,v4_47_content_mathwoods_binseqcomp_binseqcomp.py.txt,4,4,0.0004987007008530788,0.11819524683240704,0.17025379682185654,0.14512200823615348,0.31991489549520247,0.2460153519135275
test,v4_53_content_mmorshed99_binary_search_rotated_sorted_array.py.txt,4,2,0.00047097406311009645,0.028871730271685526,0.3170839345232683,0.22581097823871696,0.20886207648445387,0.21890030641876526
test,v4_70_content_Arcnor_binja_search___init__.py.txt,4,5,0.00033825570355294185,0.008460969127326204,0.11024959224352186,0.316530048650196,0.222994363427869,0.341426770847534
test,v4_72_content_tusharnema_Implementing-Algorithms-in-python_adj_list.py.txt,4,5,0.00013858471921956257,0.24153082555276423,0.11352414715759818,0.24489782878220062,0.1338510764019539,0.26605753738626353
test,v4_14_content_udwivedi394_binaryTree_ksumPath.py.txt,4,4,0.150971397190622,0.21807040018552107,0.09412267162632866,0.030762774465725447,0.3958420102623326,0.11023074626947021
test,v4_1_content_dhvanilp_Persistent-Binary-Search-Trees_index.py.txt,4,2,0.17441555508960468,0.1751229469307881,0.25317583378266395,0.03060651017074274,0.22639100871110387,0.1402881453150967
test,v4_23_content_mpgiii_binarysearchtree_unittests.py.txt,4,4,0.18216774914677478,0.3498470355822219,0.06152857939317385,0.009494055479229426,0.35459490540778194,0.04236767499081809
test,v4_44_content_CppbetterC_A-Star_Heap.py.txt,4,0,0.35282807894549545,0.07813507639532959,0.08462713235060189,0.15777450304011345,0.20232862318038602,0.12430658608807367
test,v4_5_content_Schemberizer_Binary-Tree-Compression_tree.py.txt,4,1,0.003592993032817006,0.28188191547187896,0.1543397269497307,0.18180443978948096,0.13333403026397359,0.24504689449211878
test,v4_99_content_erastus-murungi_binary_search_trees_splaytree.py.txt,4,0,0.3971116878044518,0.0808367785761488,0.1115512871622113,0.05575812033873307,0.08284588420092866,0.2718962419175264
test,v4_24_content_Jagdishkharatmol_Sorting-techniques-_pythonin.py.txt,4,3,0.00130661128815136,0.16460832843946283,0.19484823943468246,0.23531309110015752,0.22676305276509934,0.17716067697244658
test,v4_44_content_emilgab_bubble-sort_bubble_sort.py.txt,4,5,0.0005193995535241556,0.08934834928245662,0.27704248172018003,0.1895424626139309,0.15911114496056908,0.2844361618693393
test,v4_45_content_Janteby1_bubble_sort-copy_bubble_sort.py.txt,4,2,9.32654032891471e-05,0.07106320553900551,0.3161910835274405,0.17916869719913425,0.2270602077618243,0.20642354056930642
test,v4_46_content_gabysoares_PythonBubbleSort_ResultTable.py.txt,4,2,0.26407805582005606,0.013401362363815882,0.3237604578115848,0.18920000767045225,0.06809714022046313,0.14146297611362788
test,v4_73_content_kamil-owczarek_sorter_sorter.py.txt,4,2,0.004305653660479338,0.2581932955418206,0.2881843942402835,0.08067416607331013,0.24857558373979793,0.12006690674430844
test,v4_79_content_lorenzo3117_python-sorting-scripts_sortingScript.py.txt,4,1,0.10415326456936445,0.4960077772369603,0.12196305891967077,0.0169582604442436,0.16302196350680048,0.09789567532296035
test,v4_21_content_rahul494_Mental-Health-On-Twitter-Analysis_relevant_tweet_filter.py.txt,4,5,0.005057126251102615,0.13409503353124944,0.2054756340783763,0.22530069184535617,0.19395962437343198,0.2361118899204835
test,v4_24_content_MuyaoWang_OnePlusTwo-BigData_PostProcessForReport.py.txt,4,2,7.383049964587165e-05,0.18543195481739755,0.2949915603069899,0.1457397734153109,0.2908409853860225,0.08292189557463345
test,v4_26_content_Emersonxuelinux_One_Big_Archive_Listing_10-1.py.txt,4,3,0.0035561283681335115,0.166781277296687,0.15944646648127794,0.35244301468621747,0.0857854976072509,0.23198761556043326
test,v4_26_content_Emersonxuelinux_One_Big_Archive_Listing_8-4.py.txt,4,0,0.4609160482049466,0.3368438240350546,0.000726268737674106,0.0548577225200274,0.00851335829549874,0.13814277820679874
test,v4_30_content_sdws1983_The-big-data-OF-The-Plant-Cell_calculate-author.py.txt,4,1,0.0016843897482560501,0.27658676207271676,0.22090555757525204,0.0900741452554697,0.19638960076298378,0.2143595445853216
test,v4_32_content_jtuckerk_oscar_prediction_full_featureset_prediction.py.txt,4,2,0.013918160594354677,0.04140223856816299,0.37805405376242307,0.22150256052012102,0.22452822926764066,0.12059475728729756
test,v4_3_content_Sapphirine_Detecting-and-Predicting-the-Impact-of-Events_calc_train_anamoly_10ile-Copy5.py.txt,4,4,0.000868238415030725,0.23815822447651494,0.20227500197111706,0.10190158276039091,0.3410591564765747,0.1157377959003716
test,v4_51_content_rrnarayan1_one-big-thing-backend_app.py.txt,4,0,0.40904675738814583,0.2155964938441251,0.06985644109372667,0.029260534034057182,0.16829069926355186,0.10794907437639338
test,v4_52_content_PhaniBalagam27_Big-data-Analytics-on-dallas-police-incidents-dataset_Q5_code.py.txt,4,1,0.032190846893886904,0.2798941140443347,0.18584658221582703,0.06592481827490569,0.2610876497119369,0.17505598885910875
test,v4_5_content_anguillanneuf_bigO_02_linked_list.py.txt,4,3,0.09089292188120915,0.058906232593422786,0.14157637807623094,0.27473045203239665,0.17488141357194167,0.2590126018447988
test,v4_5_content_anguillanneuf_bigO_28_valid_bst.py.txt,4,3,0.0006508410145084133,0.03572917436522685,0.23921786683624685,0.2971731449063322,0.1642171643471968,0.263011808530489
test,v4_5_content_anguillanneuf_bigO_54_fix_tampered_bst_efficient.py.txt,4,5,0.0007701175388730913,0.017762138690058014,0.1567783042795139,0.2845873567010119,0.2434789092989214,0.29662317349162176
test,v4_5_content_anguillanneuf_bigO_76_longest_subsequence.py.txt,4,1,0.03226221673989987,0.40588999082493143,0.23857591615280022,0.0665780922520427,0.1200167912416929,0.13667699278863285
test,v4_5_content_wiflore_Data-Lakes-on-AWS_etl.py.txt,4,3,0.00011741919146340547,0.04043974396825929,0.25005762525360586,0.2999133612159686,0.1657136749912564,0.24375817537944636
test,v4_6_content_gauravpatle_Data-Analysis-of-IMDB-Users_DataPreprocessing.py.txt,4,4,1.5288224432415398e-05,0.18172580298701477,0.18636964224179722,0.14936520477890683,0.2508751961483682,0.23164886561948056
test,v4_7_content_PotatoSpudowski_The-centralized-guide-to-distributed-storage-and-processing-of-big-data_13_makerspace_analysis.py.txt,4,5,0.00017517161364723422,0.1587245660599914,0.18233311885301542,0.2063197529487062,0.21200850746995048,0.24043888305468933
test,v4_10_content_analyticsbot_document-similarity_word_mover_distance.py.txt,4,2,0.040544123595363434,0.20509476916463196,0.2836655645955334,0.0986222342466924,0.16885543689742144,0.2032178715003575
test,v4_11_content_kirokuan_Idf-tf-DocCompare_hwTest.py.txt,4,4,0.00020528345128415813,0.12419693701674571,0.17320759353949142,0.20537215458720748,0.27015499107859525,0.22686304032667595
test,v4_1_content_HarryBaker_LDAtopicSimilarity_topic2vec.py.txt,4,1,0.006090716140348296,0.2177833868067403,0.15592193936058302,0.2098436271164941,0.20000790513421496,0.2103524254416194
test,v4_2_content_spygaurad_AI_LAB_6_537_Suraj_doc_similarity.py.txt,4,5,0.016860036942240864,0.11679528741216114,0.20951994858724843,0.12630476531414359,0.16692690899302717,0.36359305275117876
test,v4_3_content_JennaBellassai_phrase-similarity_similarity_score.py.txt,4,3,1.3168118100532658e-05,0.0738750250634315,0.12490710794037052,0.31890588377769363,0.18138370428309689,0.30091511081730693
test,v4_6_content_muhammadhabibi_CBS01_Main.py.txt,4,2,0.010240400373024523,0.20810369918122268,0.37261574362290495,0.08905052281967052,0.23172945216425106,0.0882601818389263
test,v4_6_content_muhammadhabibi_CBS01_NaiveBayesNLTK.py.txt,4,2,0.012104908387346743,0.15658824290852064,0.4919279619453885,0.07311181018101445,0.18501109063439541,0.0812559859433342
test,v4_6_content_yashambre_Document-Matching-Algorithm_DM.py.txt,4,2,0.0005875014177692764,0.06445255153335866,0.26613803558888266,0.2120109817212152,0.2387771357771946,0.21803379396157965
test,v4_8_content_uzzielc_Document_Similarity_using_TF-IDF_with_Cosine_Dist_article.py.txt,4,4,1.4156469507691414e-05,0.1928619301380848,0.18760351617445484,0.12083719951515368,0.2566933226739651,0.241989875028834
test,v4_26_content_1970633640_Design-and-Analysis-of-Algorithm_ex7.py.txt,4,4,0.039376284850944424,0.36291712938240855,0.16352813188456,0.012583366544346983,0.3773300480137578,0.04426503932398216
test,v4_28_content_tomsiwek_gprMax-Designer_materials.py.txt,4,3,0.032155622768887955,0.014005720891522853,0.10442675615252182,0.3452631365113424,0.1622813457545811,0.34186741792114383
test,v4_28_content_tomsiwek_gprMax-Designer_operation.py.txt,4,4,2.493375071344518e-05,0.023188606985322918,0.1580119223283468,0.22098137206160506,0.30598018550010936,0.29181297937390244
test,v4_37_content_baptiste0928_userinfo-bot_main.py.txt,4,3,0.00013768825913653654,0.1780048758863166,0.273566629501402,0.2790406357351012,0.12815860085315692,0.14109156976488677
test,v4_84_content_vineetred_aesDES_test.py.txt,4,1,0.0018467086702693358,0.37307486345172297,0.22047174761003396,0.11429444340649622,0.20699304679957026,0.08331919006190734
test,v4_85_content_kenil-shah_Description-Based-Person-Identification_config.py.txt,4,0,0.29804447753106045,0.11543335373188422,0.07199234689577046,0.28045791062993264,0.07245642920422182,0.1616154820071304
test,v4_86_content_Enkhai_simple-DES_encryption.py.txt,4,5,0.00017048507718948167,0.001944430325765362,0.2573669157825889,0.28421693245467616,0.15037005369861783,0.30593118266116226
test,v4_86_content_Enkhai_simple-DES_misc.py.txt,4,3,3.6879480993789367e-06,0.01960146780993331,0.2425028841098877,0.32147190263781256,0.14500793345444574,0.27141212403982123
test,v4_8_content_usmanali414_Destruction-Detection-in-Satellite-Imagery_augmentation.py.txt,4,3,4.637960986557805e-06,0.0676453065060939,0.26901552072447343,0.31668304187861734,0.13091474795584457,0.2157367449739843
test,v4_1_content_akhilesh1311_MazeSolver_hard_maze.py.txt,4,1,0.07334047092629803,0.3151506450606829,0.1822034253197548,0.20471950459895766,0.08378399928730705,0.14080195480699956
test,v4_27_content_PriyeshV_GAP_Kernels_DFS_run.py.txt,4,5,0.011864438755557585,0.27009491610681813,0.1271261807994466,0.09028730502543893,0.15484964130402473,0.34577751800871404
test,v4_29_content_sarapple_AI-Search-Algorithms-Pure_driver.py.txt,4,3,0.0018434400798827734,0.12915854670977608,0.22049621736468933,0.2876800898256591,0.15542047586398536,0.20540123015600717
test,v4_48_content_ethanZHY_Crawler_BFS_DFS_Python3_Crawling_Doc.py.txt,4,1,0.00028117390573222675,0.2932211262995273,0.08342337225034459,0.24595057937456585,0.20744939580564759,0.1696743523641825
test,v4_4_content_drinkbeer_DFS-Python_common.py.txt,4,4,0.028875601365905387,0.178428979093928,0.0898345002317864,0.010147030405188188,0.4569858382919746,0.23572805061121752
test,v4_84_content_WizHacks_ChordDFS_topo.py.txt,4,2,0.0010320591956581267,0.07026938161521208,0.36151843330953587,0.13319519194852045,0.3402371566672781,0.0937477772637952
test,v4_18_content_matinpf_ECDHE_RSA_Python_main.py.txt,4,1,0.0005812114584217741,0.4697802220820161,0.1025206037968065,0.025954563323851064,0.2268895356948452,0.1742738636440594
test,v4_18_content_matinpf_ECDHE_RSA_Python_utils.py.txt,4,1,2.6058932656454935e-05,0.2692380892550808,0.24443356774488423,0.16368457794013852,0.15105401798055682,0.17156368814668319
test,v4_21_content_swawibe_pyDH_Client.py.txt,4,1,0.005371269641630346,0.3322252709040635,0.21131012257996748,0.08590443321099546,0.20467423290277412,0.16051467076056897
test,v4_27_content_AlpCentaur_Diffie-Hellman-Implementation_Attack.py.txt,4,1,0.2374526853406436,0.23762594724688735,0.23120785359385282,0.0354596934521196,0.1926886744146378,0.0655651459518588
test,v4_33_content_nikhil-paramane_-Diffie-Hellman-key-Exchange-Algorithm_dh.py.txt,4,4,1.5185827132870057e-07,0.07150053020181919,0.22208003763845335,0.2208511822674954,0.25357222269429835,0.23199587533966248
test,v4_60_content_dunglq2000_chatbox-encrypt_client.py.txt,4,1,0.024426011208780237,0.3365557235269861,0.20877918173629176,0.18318777717582785,0.08095740107230204,0.166093905279812
test,v4_71_content_logyball_public_private_encryption_driver.py.txt,4,5,0.0017761215179492417,0.08849094048481898,0.24629508105675207,0.1540225949495047,0.18777204962255348,0.32164321236842147
test,v4_11_content_langokalla_A-star-Pathfinder_map.py.txt,4,4,0.0033069175522549748,0.12475738242293749,0.2234114962643293,0.19141381179442135,0.2737169653962957,0.18339342656976118
test,v4_15_content_ronma1_Dijkstra_graph_algo.py.txt,4,3,4.291069964556545e-05,0.025682175551734184,0.23729025128524808,0.3040381677048234,0.19047896715322335,0.2424675276053253
test,v4_19_content_mmcetindag_ShortestPathAlgorithms_bellman-ford.py.txt,4,4,2.5860435503509034e-06,0.2101864785017954,0.22019316715378903,0.14273312234194555,0.23651633358790886,0.1903683123710107
test,v4_47_content_woodElec_Parallel-Dijkstra-Networkx_voronoi_module.py.txt,4,4,5.4594884005833405e-05,0.09460886881637316,0.23245201476384977,0.2055898348312298,0.25261532553555743,0.21467936116898403
test,v4_50_content_krj9cr_Hybrid-Prim-Dijkstra-GUI_Helpers.py.txt,4,3,0.00048355188933541497,0.058783779386642164,0.1562759632318886,0.28733472085035483,0.25027328911082813,0.24684869553095098
test,v4_8_content_rprahlad1_guavabot_solver.py.txt,4,5,0.0005095395992298978,0.11461154888674704,0.196328404886392,0.18110476155376598,0.181402547353208,0.326043197720657
test,v4_15_content_Nabeel-Asghar_List-Divsion_List-Division.py.txt,4,3,0.0006020130912543185,0.06844175600981958,0.2876521974342002,0.32146346625792277,0.13904321004768047,0.18279735715912276
test,v4_4_content_flaviohenriqu_divisibility_flaskapp.py.txt,4,2,2.85163915265865e-05,0.13753464902795898,0.22963047703217576,0.21174107333784467,0.20483811933809148,0.21622716487240248
test,v4_6_content_marcelotokarnia_dojo-divisibility-rules_is_divisible.py.txt,4,2,2.3549789862189183e-06,0.0048248311772331786,0.3364507239963608,0.2526040366079379,0.2049830004898563,0.20113505274962576
test,v4_10_content_kllinzy_Elliptic-Curve-Cryptography_ecc.py.txt,4,4,0.02903473573103419,0.2644586885412417,0.25514841507145875,0.03696394672595342,0.36695347742407397,0.047440736506238076
test,v4_27_content_ayaar25_elgamalecceg_interface.py.txt,4,4,0.008607509600676964,0.24794831251943855,0.19562589032404215,0.02988909257479261,0.33100381703865667,0.18692537794239317
test,v4_6_content_gionanide_Cryptography_ECC_DH_key_exchange.py.txt,4,3,7.902474537337092e-06,0.09801593247284156,0.19559095204212854,0.2970026450022141,0.16738549521026774,0.24199707279801075
test,v4_6_content_gionanide_Cryptography_VernamCipher.py.txt,4,3,0.005258205693444613,0.19556907922653188,0.23319694014183553,0.28514281378147727,0.03749723707872011,0.24333572407799067
test,v4_11_content_harishchellappa_Time-Series-Analysis-Bike-Sharing-Demand-Forecasting_forecasting_passes.py.txt,4,4,1.6545709318385733e-06,0.21273726389263856,0.14276927704001227,0.20734712620632975,0.22007379474738945,0.21707088354269816
test,v4_9_content_Soumyabrata_predicting-pwv_benchmarking.py.txt,4,4,0.008528818372319764,0.12677914779878235,0.24445244955603307,0.25537321795899826,0.2734571054236861,0.0914092608901806
test,v4_12_content_vidya_digit-factorial-chain_test_digitfactorialchain.py.txt,4,5,0.004644736362380805,0.24546158316100272,0.09753492382908306,0.05331747820479581,0.23234688216566238,0.36669439627707523
test,v4_30_content_talbrecht_ensemble-scoring_run.py.txt,4,4,0.0014522586795198257,0.19658528135791578,0.21388952349953164,0.0679666528674723,0.35814993025596575,0.1619563533395947
test,v4_36_content_EricHeGitHub_python-factorial-base-rubik-rectangle-word-game-overlapping-photographs-related-algorithms_factorial_base.py.txt,4,4,9.744917970272035e-06,0.041253785150524656,0.2896423438043556,0.12141570861253287,0.34313096902935264,0.2045474484852641
test,v4_4_content_rohinigopalqxf2_Factorial-Calculator-Practice_05_Non_Integer_Validation.py.txt,4,4,0.00010579788666162376,0.16747158367712472,0.15368065815825627,0.1794976938356684,0.294713645262578,0.20453062117971096
test,v4_51_content_adityapatelgithub_Expressions-and-Functions_evaluate.py.txt,4,2,3.695581101988491e-05,0.19833433212737478,0.25553643639889057,0.14636959683239212,0.19091874210243887,0.20880393672788378
test,v4_51_content_adityapatelgithub_Expressions-and-Functions_peekable.py.txt,4,3,1.1674921697376367e-05,0.1589387763578016,0.24805938709274442,0.3190968083301728,0.14023954773350497,0.13365380556407888
test,v4_5_content_brown9804_Python_DiversosAlgortimos_CreandoMatrizApartirTXT.py.txt,4,4,0.09711344767656296,0.09852477432466701,0.20204691634139546,0.1911029722621874,0.24645162570205562,0.1647602636931316
test,v4_13_content_danielSbastos_binary-fibonacci_columns.py.txt,4,5,4.6392542236126075e-05,0.06574094855426574,0.22179646009630044,0.22365460332622605,0.24072727480123976,0.24803432067973177
test,v4_13_content_danielSbastos_binary-fibonacci_prototype.py.txt,4,2,9.091961280147701e-06,0.17056302241276947,0.2568438318216557,0.13445888882197696,0.24079720524057838,0.19732795974173936
test,v4_38_content_emilyhammer_fibonacci_app.py.txt,4,5,0.0007764548680616264,0.16032590261329555,0.13226363090243914,0.20654955548755793,0.21376918208884207,0.2863152740398036
test,v4_68_content_jacob-bonner_ICS3U-Assignment7-Python_fibonacci.py.txt,4,5,1.1899757894562292e-07,0.013445512632650971,0.2273200436242507,0.2974129985152084,0.1606398475474636,0.3011814786828473
test,v4_99_content_MatheusMuriel_ProgramacaoDinamica_Memoria.py.txt,4,5,0.008059775896672828,0.008369757090154287,0.21787742431249002,0.3086529456903006,0.11899903946744787,0.33804105754293445
test,v4_12_content_byu014_all-pairs-shortest-path_allPairsShortestPath.py.txt,4,5,0.24008117125734804,0.056521311358322196,0.13109329987875654,0.09002533288005929,0.2326973784869414,0.24958150613857263
test,v4_14_content_arnaudperalta_py_graphpath_graph.py.txt,4,1,0.13523684205151812,0.36446549445215115,0.18098334061361623,0.06024428251706503,0.1797113202605132,0.07935872010513632
test,v4_5_content_Abdallah-Elshamy_floyd-warshall_APSP-Floyd_Warshall.py.txt,4,3,0.0009889737662276898,0.02401973106716868,0.2292892696650842,0.2670263495086301,0.21546516660881068,0.26321050938407875
test,v4_6_content_1siddhi7_Floyd-Warshall_tk.py.txt,4,2,8.71844062689639e-06,0.0892145236449207,0.26879380542374004,0.20626758993709726,0.22931674183906545,0.20639862071454967
test,v4_7_content_ghifarozarrr_floyd-warshall-algorithm_floyd.py.txt,4,3,4.5613669621093e-07,0.15224333751294594,0.20564735089464703,0.254941948319654,0.195261291841359,0.19190561529469785
test,v4_10_content_nazaninsbr_Intelligent-Systems-CA3_Q3_Clustering.py.txt,4,4,0.0002341258186516029,0.25994895084974695,0.09183340059421158,0.12170203799356012,0.27424263918382286,0.2520388455600069
test,v4_26_content_dmallya93_Intelligent-Web-Services-Discovery-using-Clustering-Method_description_similarities.py.txt,4,1,9.649190232445275e-05,0.3658307931274253,0.1294419591202683,0.1939270193631438,0.11572159355861195,0.1949821429282262
test,v4_54_content_juancprzs_hierarchical-clustering-example_tutorial_python.py.txt,4,3,0.05454243115301051,0.18107818127785286,0.19097962746722957,0.22874214058962702,0.14171843857302915,0.20293918093925103
test,v4_61_content_cthorrez_deepsetLinkage_baselines.py.txt,4,2,7.819962817637232e-05,0.09588966948777514,0.37572660083640863,0.05656051978165888,0.2312342079093212,0.24051080235665961
test,v4_61_content_cthorrez_deepsetLinkage_plot_results.py.txt,4,3,9.443702588696718e-05,0.15424964326876273,0.19477584411153284,0.3286007032678506,0.09170758354432125,0.2305717887816455
test,v4_86_content_sudarshan-koirala_Clustering-Algorithms-Comparision_hierarchical_clustering.py.txt,4,1,0.015524406865155126,0.38027541389648833,0.1571297855416194,0.05177730230677361,0.23060257291236805,0.16469051847759553
test,v4_93_content_vishwakftw_extreme-classification_baseline.py.txt,4,2,0.006151805761353425,0.21683957102909948,0.2430353723310284,0.2247510601238214,0.1638129880175723,0.14540920273712496
test,v4_16_content_loalberto_Analysis-of-Compression-Algorithms-_HuffmanCoding.py.txt,4,4,0.0067915538560560625,0.27984351970386034,0.12496713734162779,0.12379420368948725,0.36844463964913593,0.09615894575983255
test,v4_28_content_Mansy_HuffmanCode_Huffman.py.txt,4,1,0.05476405725071543,0.5822482274336876,0.08789337491907835,0.04915300331201203,0.15020509127594922,0.07573624580855727
test,v4_45_content_craig-m-k_huffman-coding_heapify.py.txt,4,1,0.022961682347049036,0.332500914023334,0.1742803237528209,0.1275049609354751,0.25656678570872277,0.08618533323259833
test,v4_12_content_timhebert1963_InsertionSortAdvancedAnalysis_Hackerrank_TC2_1_length_441_answer_46768.py.txt,4,2,1.0921370699292584e-07,0.002721511250675664,0.2907176199864177,0.24128267268040576,0.24612621313348299,0.2191518737353108
test,v4_14_content_LOOPPO_INS_MERGE_sort_insertionSort.py.txt,4,2,0.010921572631953834,0.003660573881882282,0.3616901200726238,0.12344484013284902,0.26246784495042114,0.23781504833026984
test,v4_24_content_gly11_Sort_Run.py.txt,4,3,9.370873880101584e-05,0.022020998814502046,0.2865505147974753,0.2925421467985865,0.2311053668641225,0.16768726398651268
test,v4_26_content_manzala_Analysis-of-Algorithms_merge_sort.py.txt,4,4,0.00028179373941204447,0.07944384167421677,0.2623972219110117,0.17150515363641153,0.2874948280393597,0.19887716099958816
test,v4_42_content_matbot_Py_merge_vs_insert_sorts_insertionsort.py.txt,4,2,0.004764033943798851,0.016229277532404374,0.2621942420183404,0.24042614103603216,0.22376156758787394,0.2526247378815502
test,v4_46_content_arun-p12_sort-algorithms_quick_sort.py.txt,4,3,0.019736710158137348,0.041512551612686875,0.1304631701315117,0.2870773594562369,0.26013502897165924,0.26107517966976795
test,v4_46_content_arun-p12_sort-algorithms_shell_sort.py.txt,4,5,0.003931761146181676,0.03755638523812911,0.19671302963602316,0.21425107103283259,0.23797911089975707,0.30956864204707635
test,v4_54_content_ceydapolat_Sorting-Algorithms-Analysis_InsertionSort.py.txt,4,4,0.054000881016811025,0.18894406785924042,0.22146846945554172,0.1453634408359275,0.22185463852530157,0.16836850230717765
test,v4_10_content_patrickkingg_K-means_Clustering_kmeans.py.txt,4,3,4.589484362949512e-06,0.031044919824098894,0.16577050495656864,0.3207156040822239,0.20569630746660553,0.27676807418614013
test,v4_14_content_gravelund-gis_MapSorter_KMeans_analysis.py.txt,4,2,1.3924785839841183e-05,0.07446150039436968,0.3010555215861791,0.19799659671880063,0.2979591567142234,0.12851329980058732
test,v4_28_content_NurzatRakhman_k_means_k-means.py.txt,4,2,0.0005137360239776174,0.0038290623482605,0.3086733014495873,0.27075871124152423,0.22751670712974265,0.1887084818069076
test,v4_29_content_AouinaOns_K-Means-Clustering_K-means.py.txt,4,4,0.00010318961091946858,0.08275411522159017,0.25761933959324684,0.13110518352434014,0.31822885136583745,0.210189320684066
test,v4_56_content_lpyhdzx_clustering_data.py.txt,4,4,0.00019802528627423959,0.07715099990337496,0.27298400644700166,0.16143590094118346,0.38169112805192756,0.1065399393702383
test,v4_5_content_teawifi_k-means_clustering_loader.py.txt,4,3,1.729508844703844e-05,0.07803685833503214,0.246885408088266,0.3352551317968758,0.09976357799676888,0.24004172869461013
test,v4_66_content_Mary268_K-Means-Clustering_k_means_clustering.py.txt,4,4,0.0004945184034025182,0.14666245056721292,0.23238532880424453,0.13604070670055055,0.27000871523502995,0.2144082802895594
test,v4_7_content_MercuryM_Metric-Learning_Q2_Aa_2.py.txt,4,1,0.00038787823604960264,0.23922941953303803,0.22099005212499778,0.14034291595971518,0.22018182029528682,0.17886791385091247
test,v4_96_content_jtwaugh_gap-statistic_gap.py.txt,4,4,0.001007274071665326,0.08870585705169563,0.24291177883449694,0.14457493801002938,0.2880690095921323,0.23473114243998044
test,v4_10_content_ajcse1_Predicting_Picture_Orientation_NeuralNetwork_predict.py.txt,4,4,0.016402466757399026,0.3098656783982466,0.16547043598561265,0.06812081887092382,0.31197884221281225,0.12816175777500574
test,v4_32_content_prakashsellathurai_OPTICAL_CHARACTER_RECOGNITION_PossibleChar.py.txt,4,1,0.265899423899879,0.40298351473895144,0.07021127482971383,0.0031692569607665597,0.129650464850879,0.12808606471981013
test,v4_46_content_whoif_Cost-Sensitive-KNN_plotHelper.py.txt,4,0,0.2766008778913255,0.07560593877664529,0.1572008019010401,0.1391270467530623,0.10378564101959388,0.2476796936583329
test,v4_6_content_cooperlab_KNN_Survival_DataManagement.py.txt,4,1,0.012148468031333941,0.2805168054603461,0.26087753947866604,0.11883714694066567,0.23209740509100052,0.09552263499798763
test,v4_7_content_cp2-dc-info-lamp-2018_iris-knn_nao_somos_botanicos.py.txt,4,5,0.0024535375282279345,0.22437886045005662,0.08419366241557096,0.1341956773954789,0.20858433425138584,0.34619392795927983
test,v4_13_content_Ade-Adeleke_KruskalAlg_Kruskal_Algorithm__1_.py.txt,4,1,8.473064119413708e-05,0.317020344243363,0.16751163451967643,0.045435022922476684,0.2686084184958968,0.2013398491773929
test,v4_16_content_drdeford_KruskalFlows_networkflows2.py.txt,4,2,0.08672523016639751,0.11456022488612214,0.32265472369601084,0.12467600805046047,0.23720420602634687,0.11417960717466205
test,v4_16_content_sharatchandraj_MaxBandwidthPath_DijkstrasNoHeap.py.txt,4,1,0.00025428178030340633,0.43611949809883144,0.15850292322929915,0.03486772154507501,0.26229700483826923,0.10795857050822172
test,v4_22_content_ABHIJIT-13_Kruskal-MST_kruskal.py.txt,4,2,1.6500978374164167e-05,0.17051042360809232,0.23433193435758878,0.21202167462721458,0.16555281126057456,0.21756665516815554
test,v4_32_content_arian100y_Travelling-Salesman-Problem_createCaminos.py.txt,4,4,0.000976568781449457,0.2816185123590608,0.24628798685608688,0.06898941980130065,0.32089876995864786,0.08122874224345437
test,v4_4_content_mincanhe_Network-routing-protocol_heap.py.txt,4,1,0.008003050319768992,0.47497368536100804,0.14506805281877663,0.021246735719910634,0.2662028035258449,0.08450567225469087
test,v4_6_content_chiragragarwal_Graphs_And_Networks___init__.py.txt,4,2,0.0005550718048395501,0.026868625623844275,0.6587477704127326,0.06269992392844378,0.03683627426127303,0.2142923339688667
test,v4_6_content_petronius_minotaur_dimensions.py.txt,4,1,0.3162313112201394,0.3168910199491811,0.0224953841007717,0.018019427391355317,0.16253859969132117,0.1638242576472313
test,v4_7_content_AlmazMirlan_Kruskal-Algorithm-Python-Turtle_AlmazbekMCom-17Kruskals.py.txt,4,4,0.07929893140719227,0.17904314570052482,0.3055824006411596,0.04390028804807239,0.32833124188178836,0.06384399232126257
test,v4_7_content_Aly-Tomato_Prims-and-Kruskals_prims.py.txt,4,4,0.0017659736879091729,0.14448415342113716,0.15521305925713663,0.17913078797125415,0.26033639814748943,0.2590696275150736
test,v4_8_content_dianaelmasri_TravellingSalesManProblem_AStar_Kruskal_Recuit_test.py.txt,4,4,2.5003158201082553e-06,0.009665789486425326,0.21504515286221765,0.14851215319772484,0.31640684030891114,0.3103675638289009
test,v4_11_content_Hyperparticle_LemmaTag_lemmatag.py.txt,4,4,0.012201049088370578,0.2290963390005769,0.14721652751931866,0.045413605748235,0.3135393398900457,0.2525331387534531
test,v4_14_content_Qutuf_Qutuf_urls.py.txt,4,4,1.4515762497719946e-08,0.13523287887677377,0.3008044745041806,0.03796830745158467,0.338789444378386,0.18720488027331258
test,v4_1_content_hipster-philology_pyrrha_config.py.txt,4,3,1.683002462292854e-07,0.03039546068931533,0.24042290638053504,0.27770089887845567,0.23470906235248912,0.21677150339895854
test,v4_23_content_uthea_lemmatizer_test_lemma.py.txt,4,2,0.2027834774112223,0.003910868929969225,0.47094632570186445,0.26206584950184,0.042950593521245646,0.01734288493385829
test,v4_25_content_aajanki_finnish-pos-accuracy_download_models.py.txt,4,1,0.19093999965231048,0.3177535518214275,0.16818698171060817,0.014623155980200241,0.286739140676782,0.02175717015867158
test,v4_10_content_bradib0y_searchalgorithms_app.py.txt,4,2,4.6278078053574556e-05,0.10435346941226284,0.3106336506263513,0.23696317749182724,0.19335965534469757,0.15464376904680763
test,v4_10_content_taneesh28_Linear-search_linear_search.py.txt,4,1,0.0380093806510146,0.44534571566269626,0.1892359138866024,0.06536252450137121,0.1944629142503231,0.06758355104799238
test,v4_12_content_ikraj5120_Linear_Search_Linear_search.py.txt,4,2,6.776060026880385e-05,0.2007943532618102,0.2969255136662035,0.12361165867139652,0.24306283705081375,0.13553787674950735
test,v4_13_content_Pedinpsy_-inverted-index-search_hash.py.txt,4,4,0.002671350896591249,0.14537445471949928,0.25866897267348443,0.09269114188481459,0.29858135107416733,0.20201272875144324
test,v4_13_content_Pedinpsy_-inverted-index-search_main.py.txt,4,1,0.00017498000724436885,0.2845974304397189,0.139525404277851,0.20501389530974815,0.13803303899955877,0.23265525096587875
test,v4_16_content_sanjay3001_Search-in-python_linear_search.py.txt,4,4,3.988947857809165e-05,0.004337445183259257,0.34526143341103954,0.0057130866716754115,0.4870894948408655,0.15755865041458217
test,v4_1_content_Chunning-Zhou_MILPBasedSearchAlgorithmDiff_main_feistel.py.txt,4,4,0.0009726225915255654,0.18554349050924598,0.2508250332301679,0.10432692027111477,0.2530167912440368,0.20531514215390892
test,v4_23_content_ayushkumarshah_Complexity-of-Linear-and-Binary-Search_code.py.txt,4,4,0.0006218108237840326,0.009748754651303633,0.20462347718446314,0.26559972746893523,0.27565657151392114,0.2437496583575929
test,v4_27_content_ashwinvis98_Particle-Swarm-Optimization-for-Robotic-Search-Applications_ultrasonic_test.py.txt,4,5,0.01650969831964634,0.14600714903427128,0.16803247956000913,0.06990253180353363,0.2715451974500101,0.32800294383252954
test,v4_16_content_arifromadhan19_LinkedList_simple_linked_list.py.txt,4,4,7.063222911332929e-05,0.022822033572689266,0.21955271732447018,0.25455073309594883,0.26189815738855926,0.24110572638921912
test,v4_24_content_pacslab_ACM-trans-papers-spider_ACMPaperSpider.py.txt,4,5,0.005316320596394513,0.2371034091029608,0.09614193126755603,0.2401247151284373,0.1379217419357426,0.2833918819689087
test,v4_2_content_Lok-lok_TestLinkedList_LinkedList.py.txt,4,1,0.021443649422315147,0.3059081205520236,0.19005879515981497,0.05196456490714098,0.2908608043011232,0.13976406565758215
test,v4_36_content_cyndyishida_QueueQuickSort_linked_queue.py.txt,4,3,0.013553800696038638,0.03754273216932803,0.14238345596455146,0.3215827178918165,0.20692883865288675,0.2780084546253786
test,v4_43_content_muhamuttaqien_python-data-structure_heap.py.txt,4,5,0.014643678823029905,0.11365469056846256,0.14349762720056974,0.18043208200809255,0.24623549979178694,0.3015364216080583
test,v4_46_content_lili668668_tensorflow-note_trytfb.py.txt,4,4,4.579084380809647e-05,0.21391962944237658,0.29971687375467193,0.05949239201852883,0.34222031626348215,0.08460499767713237
test,v4_4_content_DebashishSarkarDurjoy_DoublyLinkedList_doublyLinkedList.py.txt,4,3,0.0028272266167793207,0.01691104980186509,0.2566035925514385,0.3021449694909459,0.13905530033251737,0.28245786120645383
test,v4_15_content_VakinduPhilliam_Pattern_Matching_Python_Glob_Directory_Matching.py.txt,4,4,3.3202501048476006e-09,0.2008565014820682,0.22236634215958345,0.019175726516200173,0.3221358469632441,0.2354655795586539
test,v4_1_content_susheelsagar_LCSS_final_loader.py.txt,4,2,1.215832275390469e-06,0.11573054628322119,0.2541945521830283,0.2201026059046668,0.22497475828162183,0.1849963215151866
test,v4_2_content_athulvijayan6_python-rlcs_lcssMain.py.txt,4,4,0.00022192002193341078,0.2550935603550426,0.15195281678009806,0.0983666527322244,0.27551816786046096,0.21884688225024068
test,v4_2_content_shreya21rathi_Longest-Common-Subsequence_lcs.py.txt,4,2,0.00381975434207116,0.13759378416566,0.4265385050045538,0.2968976133847899,0.10117662724468798,0.03397371585823721
test,v4_3_content_pombredanne_string-alignment_LCS.py.txt,4,2,0.061405594560475875,0.0732191733670736,0.2586725080772914,0.1929913506858458,0.2396923946597643,0.17401897864954888
test,v4_10_content_SamAllegretto_NaiveBayes_bayes__3_.py.txt,4,1,0.056285575146372065,0.40281854632924363,0.1442537123816727,0.05331195122809437,0.2907498279702934,0.05258038694432372
test,v4_18_content_kandapagari_NaiveBayes_Naive_bayes.py.txt,4,3,3.0920299022987346e-06,0.19326382231431385,0.11545340874051181,0.24916218215674923,0.23009966604654222,0.21201782871198055
test,v4_42_content_darshan-jain-29_ml-naive-bayes-working-demo_email_preprocess.py.txt,4,5,0.039557599954253835,0.04610735117389878,0.13289437449840102,0.14453265606043433,0.22353910378334285,0.4133689145296693
test,v4_76_content_mashfiq10_Naive-Bayes-classification_prob_1.py.txt,4,2,0.0457714166720662,0.22121801161497673,0.3221551813860476,0.15398258234938839,0.1945255115248755,0.0623472964526455
test,v4_78_content_uptodiff_kdd-cup-99-Analysis-machine-learning-python_kdd_binary_classification_ANN.py.txt,4,1,0.003982872854841548,0.4236583295627158,0.1576316695055343,0.07462739404134189,0.1891156005289029,0.1509841335066636
test,v4_91_content_mahsarazavi_Text-Classification_MLP_Model.py.txt,4,1,3.537170647286799e-05,0.2955927000347083,0.14062113122430467,0.1518572208583788,0.16255473294111802,0.24933884323501734
test,v4_11_content_AlfioEmanueleFresta_practical-one-time-pad-python_exercise2.py.txt,4,5,1.2469513735505675e-09,0.08565462312425205,0.2148338466825239,0.14203094106104544,0.2639672445935112,0.2935133432917161
test,v4_12_content_cuhsat_practical_practical_test.py.txt,4,3,6.718795131581752e-07,0.004328941214105345,0.24721167694985768,0.3008474492989394,0.20234555466758528,0.24526570598999922
test,v4_14_content_b-hub_cracker_test.py.txt,4,5,0.0007626058733743248,0.22831724072019732,0.1730003224141408,0.09963777221172702,0.21823794616233047,0.28004411261823003
test,v4_23_content_git-remove_OTP-Decipher_decipher.py.txt,4,5,0.04528135784654027,0.20326085256957865,0.1559993246781112,0.18175416444516362,0.1409702221845417,0.27273407827606455
test,v4_27_content_aferaudo_xor_keyobtainer_xor_keyobtainer.py.txt,4,1,0.004358457527792539,0.298431704639483,0.15544119314109645,0.2217594387604211,0.13518309924512695,0.18482610668607993
test,v4_2_content_Liu-WeiYi_Private_Preserving_Outlier_Behavior_Detection_Abnormal_Scenario_Generation.py.txt,4,4,0.005005425113904822,0.23677220956989276,0.10632947704763898,0.1268731733772531,0.3794358672591694,0.145583847632141
test,v4_3_content_iykadev_pyalgo_ackermann_func.py.txt,4,4,0.0035584579072271113,0.017468284266982666,0.24469014055980196,0.2557387601529738,0.26557429670766275,0.21297006040535185
test,v4_3_content_iykadev_pyalgo_amb.py.txt,4,1,0.019869023807847466,0.3592403579137841,0.14903553710202092,0.058540308145783045,0.2924761234607823,0.12083864956978228
test,v4_3_content_iykadev_pyalgo_evolutionary_algo.py.txt,4,1,0.021501018921131442,0.27101001747143577,0.20088346620905562,0.1721853836866425,0.21773679941609178,0.11668331429564285
test,v4_3_content_iykadev_pyalgo_VertexGraph.py.txt,4,1,0.016732984176433433,0.5222990129445599,0.1837780249887374,0.09141822813521541,0.10142653147606397,0.08434521827898993
test,v4_4_content_Ityer_3x3_Squared_Magic_Square_Finder_randomGuessing_OLD.py.txt,4,1,0.0001386638630884406,0.38881401454756825,0.10419287041097998,0.0401703968474179,0.2424017002689227,0.22428235406202282
test,v4_100_content_adelaidaCreosteanu_scikit-learn-diabetes-exploration_lasso.py.txt,4,4,0.0002689786230665218,0.07744004413194096,0.31160688073722564,0.11801777008295744,0.3356172565624161,0.1570490698623934
test,v4_12_content_MarynaTatsevich_Machine-Learning-Regression-Techniques_SVR.py.txt,4,4,0.02547558198627167,0.16917129648179138,0.21748489986667383,0.08375039495307436,0.33549962297419067,0.16861820373799813
test,v4_14_content_RohanYedagiri_Polynomial-Regression_poly.py.txt,4,2,0.005267955326553837,0.14145852635056316,0.31683120051070146,0.15340573911969918,0.23169085180504337,0.151345726887439
test,v4_31_content_NorahJC_RegressionAnalyses_MultReg.py.txt,4,1,0.01410537500730349,0.3094621481240765,0.18040787719970133,0.129256458002216,0.21643912540240426,0.15032901626429837
test,v4_34_content_Pratiksha100_polynomial-regression_regression_template.py.txt,4,4,0.12152814247008081,0.1416899883260288,0.10317054543357156,0.02894994026193179,0.397240251129427,0.20742113237896018
test,v4_41_content_rinky97_polynomial-regression_my.py.txt,4,5,0.00021794529130574,0.1262191905005455,0.22729504123480118,0.119286295999818,0.23432000736450173,0.2926615196090278
test,v4_45_content_swatimani16_Polynomial-Regression_code_final.py.txt,4,2,0.00023653357046884933,0.025239646680876696,0.3269625611801552,0.19403257163248208,0.2020087687833838,0.25151991815263336
test,v4_49_content_pranurs_regression-model_main.py.txt,4,2,4.7723453515323084e-05,0.05806254872726183,0.40460643721568357,0.12423893706892945,0.3015023050395985,0.11154204849501134
test,v4_5_content_alisarmusa_House-Price-Estimation_housePriceEstimation.py.txt,4,4,7.78385920403212e-06,0.3381673276699521,0.23739007420070826,0.042747731352541125,0.36145961570628865,0.020227467211305965
test,v4_60_content_winnie9197_The-Coding-School-projects_linear-regression.py.txt,4,2,0.0006453497873614459,0.019797343429706564,0.2745905304827521,0.17499718354404503,0.27106547804639974,0.2589041147097353
test,v4_61_content_GauravRoy48_Polynomial-Regression_plr_GR.py.txt,4,4,0.0011026027331810025,0.22736656370408864,0.21027292854091967,0.10196121947508982,0.30545010380316406,0.1538465817435568
test,v4_64_content_hardik-dadhich_Polynomial_regression_model_poly_reg.py.txt,4,4,0.0006340997704950073,0.21611017170610386,0.2121309762052867,0.10489751132190481,0.2883777919466045,0.177849449049605
test,v4_81_content_kiranathealea_regressionMachineLearning_Models.py.txt,4,4,0.00024871268862370114,0.04658576526413571,0.15738166496537997,0.1838043894755978,0.34537644907483844,0.2666030185314245
test,v4_12_content_croiden_successive-prime-numbers_generatePrime.py.txt,4,1,0.22401759879134228,0.512347739004795,0.07413762502375759,0.03692451774484286,0.09673933035970933,0.05583318907555279
test,v4_12_content_Rafelito19_Crypo-Number-Theory-Projects_ferm.py.txt,4,2,0.0005838572557138617,0.1669692330508627,0.26704762581028185,0.23682148145676984,0.1140389634011016,0.21453883902527016
test,v4_13_content_dannbleeker_SearchForPrimeNumbers_runPrimeSearch.py.txt,4,4,0.0008545516553435363,0.18539034262142454,0.2284767305561236,0.15097073759127663,0.29696916643344795,0.13733847114238362
test,v4_19_content_orzal_python_prime_numbers_prime_numbers.py.txt,4,2,0.00014079485680202876,0.16399317539019256,0.37648773651767753,0.08674807259745458,0.2788592040557744,0.09377101658209894
test,v4_1_content_Fellfalla_prime-predictor_prime_predictor.py.txt,4,2,0.00010509855800665163,0.1235281222297087,0.34639043189254975,0.15061333118626977,0.2589056351289817,0.12045738100448351
test,v4_23_content_cjonsmith_prime_prime.py.txt,4,4,0.0037021841858686415,0.27561336695974414,0.13956704330442027,0.07327677783651519,0.3760312379217049,0.13180938979174678
test,v4_6_content_kennedyCzar_n-th_monsien_number_monsien_number.py.txt,4,1,0.0009295830072347341,0.29970441559574323,0.2082608962638365,0.1831845528783694,0.1508668051412568,0.1570537471135593
test,v4_8_content_tochukwuokafor_Mersenne-numbers-Lucas-Lehmer-test-and-Sieve-of-Eratosthenes_mersenne_numbers_lucas_lehmer_sieve_of_eratosthenes.py.txt,4,2,0.0035041791256374072,0.19687220628011548,0.24744082888219054,0.2362730479014262,0.23583331487136044,0.08007642293927006
test,v4_9_content_jabrekadabre_prime-numbers_prime_nums.py.txt,4,4,1.6377814625206655e-07,0.0981240035199895,0.3607137839400828,0.02986716203042842,0.3638176703537476,0.14747721637760547
test,v4_10_content_chiragragarwal_Graphs_And_Networks___init__.py.txt,4,2,0.005841680654155214,0.07903653199258937,0.4766139062412644,0.013555001278988302,0.2667609192059331,0.15819196062706956
test,v4_1_content_muzixing_graph_algorithm_prim.py.txt,4,1,0.0643037075618959,0.24535068804937865,0.20367728175105063,0.08185511236749103,0.2183001322019024,0.18651307806828138
test,v4_6_content_usbogie_MSTcreator_Sollins.py.txt,4,1,0.0007610879567345084,0.2422725928459411,0.20683238683025149,0.24014963836800352,0.0949715859442142,0.21501270805485517
test,v4_9_content_krj9cr_Hybrid-Prim-Dijkstra-GUI_main.py.txt,4,4,1.4407157557424423e-08,0.1961184234812209,0.28483239755677364,0.04120582376725158,0.3391374215163068,0.13870591927128956
test,v4_23_content_ymohanty_data-analysis_analysis.py.txt,4,4,4.776558062594376e-06,0.10707254057441597,0.25858561006620756,0.10433044627239205,0.288597030233585,0.24140959629533681
test,v4_27_content_AndresHerrera_PCA_Vowels_pca_training.py.txt,4,4,4.005744318600224e-05,0.12957732240513387,0.25955685483530844,0.10129593214155423,0.2825726838750357,0.22695714929978184
test,v4_40_content_furkanh_Principal-Component-Analysis_pca.py.txt,4,1,0.08494297145975047,0.26511380351847924,0.14269982012452267,0.06852472240517417,0.2330756129291195,0.20564306956295386
test,v4_60_content_fabaloc_PCA_PCAstepbystep.py.txt,4,5,0.013188842255400889,0.02393320990531922,0.1987040822779847,0.16276168634788232,0.18327117875552365,0.4181410004578893
test,v4_68_content_huynguyenqc_DIP-PCA_json_logger.py.txt,4,2,0.002508211148426867,0.003211579666582767,0.3492406062175453,0.3119440662256493,0.15914994595280774,0.17394559078898794
test,v4_89_content_dronabanerjee_PCA-and-EM_hw03.py.txt,4,1,0.001415724427694551,0.2779083760253118,0.1745208121350469,0.2301234799710626,0.1908299227838963,0.12520168465698775
test,v4_92_content_linasaha_Principal-Component-Analysis-to-generate-good-features-for-Handwritten-Digit-Recognition_PCA.py.txt,4,4,0.001281756724920944,0.3457216215442947,0.13581248796312706,0.039639764783004475,0.35158792756573815,0.12595644141891468
test,v4_100_content_ssquantum_PyDex_mythread.py.txt,4,2,0.006967478368558279,0.00518916970571254,0.2670192426749059,0.24720277507953142,0.24877960078681502,0.2248417333844768
test,v4_10_content_hmjansen_overflow-algorithm_overflow_algorithm.py.txt,4,2,0.0022053616094923198,0.14547947857205326,0.2510960420799149,0.2428867532685264,0.1773224298736201,0.18100993459639306
test,v4_10_content_Raj-Kumar2208_linkedList-Stacks-Queues-Hashing_arrayStack.py.txt,4,5,0.0011025376274025073,0.0713774892534241,0.11553992829729258,0.14465294442977744,0.316704894734887,0.3506222056572163
test,v4_35_content_PeterUpfold_simple-temp-queue-pusher_simple-temp-queue-pusher.py.txt,4,2,4.74830251049258e-05,0.1495473046785532,0.26201956164262147,0.15304175300603523,0.18271678169204364,0.2526271159556415
test,v4_38_content_dareofmeashwani_Pre-Processing-Queue-For-Deep-Learning-Model_DataQueue.py.txt,4,0,0.4124107481491526,0.03190203190971219,0.07150106580417044,0.05137789392952531,0.21735028586322358,0.21545797434421596
test,v4_5_content_edison12a_bmrs-json-api_test_bmrs.py.txt,4,1,8.307240837850814e-05,0.4588125312342598,0.09178362280278446,0.2748176492417066,0.11588324302256216,0.058619881290308644
test,v4_62_content_jkassis87_QueScreenDataExtractor_qsde.py.txt,4,4,0.0012874855511812151,0.3317509909980659,0.25184389913357974,0.018230615899012384,0.3565590096777323,0.0403279987404284
test,v4_11_content_TanaySinghal_SortingAlgorithms_sorts.py.txt,4,4,0.22683728095745012,0.09006144410075895,0.16671847710080429,0.08315053686005701,0.30430910100359493,0.12892315997733478
test,v4_20_content_bradruck_Quick_Sort-python_Assignment_7-P12.9.py.txt,4,2,0.009419241561312413,0.2735047135767952,0.27427085294980036,0.13480141387364952,0.1310285470964235,0.17697523094201897
test,v4_25_content_bisigc_python_quicksort_quicksort.py.txt,4,0,0.4773390759990893,0.1546989626284804,0.13721512289915444,0.016547647099682355,0.15265123389817967,0.0615479574754137
test,v4_26_content_hemidactylus_skanfixer_sfUtilities.py.txt,4,1,0.014854632262695771,0.3052299727772907,0.24766293481037222,0.03211211380268146,0.29513203661750753,0.1050083097294523
test,v4_31_content_alexthejewell_photo_sorter_get_photo_data.py.txt,4,3,0.12265591084353625,0.19530986545851117,0.09933104781773273,0.26957289843633675,0.06805480267952804,0.24507547476435498
test,v4_3_content_iRGBit_indexhelper_all_indexer.py.txt,4,1,0.0027452781365656345,0.3454751210944835,0.23546450659028,0.12636239929307358,0.238950160227885,0.051002534657712276
test,v4_5_content_chriskbwong_quickSort_quickSort.py.txt,4,1,0.3191874248533573,0.3660327023146713,0.1034660470631782,0.03787706168713019,0.1339948494655986,0.03944191461606437
test,v4_6_content_austinteshuba_QuickSort_Sort.py.txt,4,1,0.024307142758009118,0.4517672573488716,0.20705036613022176,0.06621582579105716,0.1209179025245902,0.1297415054472501
test,v4_80_content_arun-p12_sort-algorithms_quick_sort.py.txt,4,0,0.49063603121298455,0.1423303082968484,0.07036445126087573,0.160003753746356,0.061532802398311714,0.07513265308462357
test,v4_11_content_momaabna_Python-create-password-list-_creatlist.py.txt,4,4,0.023515632395622335,0.2307346569211718,0.13587230476387627,0.1795056439204468,0.23519854806728896,0.19517321393159393
test,v4_19_content_andryak_complib_test.py.txt,4,1,0.01630772859770407,0.37520963150895825,0.23468461978270785,0.04850976998634678,0.21689652493058692,0.10839172519369603
test,v4_27_content_michaelbauerinc_TowersOfHanoi_node.py.txt,4,5,0.0005853976774180779,0.045685645357321364,0.149524601318844,0.25298455037791723,0.20138974759292205,0.34983005767557723
test,v4_29_content_ntzhong_box_api_modify_links_main.py.txt,4,2,0.0004584260371419672,0.036722995920127455,0.2813768198027242,0.2683398502587757,0.2190028945864343,0.1940990133947964
test,v4_33_content_prabhatpal77_Complete-core-python-_dictcomp.py.txt,4,5,0.0022119080307680655,0.029055895627891962,0.06911929664319709,0.20772799149280008,0.32046571351210895,0.37141919469323376
test,v4_4_content_doronbruder_Recursive-functions-_ex7.py.txt,4,5,0.00023007916585905978,0.13957465279632028,0.17859148784372234,0.19337218688440388,0.23710203432977658,0.25112955897991796
test,v4_16_content_exitmsconfig_python_knn.py.txt,4,4,1.0475926977346884e-06,0.13210155177817345,0.2794690318322239,0.14297136264140806,0.31568915995846947,0.12976784619702728
test,v4_2_content_Nathan-Binkley_My_RSA_M_RSA.py.txt,4,4,4.4751006496148406e-05,0.2227033310070012,0.08492804384749301,0.1560980239865493,0.3056087649608192,0.23061708519164115
test,v4_37_content_henritomas_ECE151-RSA-encryption_client.py.txt,4,4,0.002137590452349359,0.2556569364319786,0.23236391556770128,0.0323821720644829,0.40789673717475644,0.06956264830873131
test,v4_41_content_yujiaoliang_rsa_yu01.py.txt,4,2,0.000180930583638712,0.04695299260920789,0.319306820200928,0.10511654810501615,0.28732619058187797,0.24111651791933128
test,v4_43_content_strmrider_RSA_utilities.py.txt,4,2,0.0012943813546681393,0.18255977571460263,0.3080909234602254,0.04086096590355893,0.26624098993902745,0.20095296362791742
test,v4_55_content_Ali-Ouahhabi_AesRsa_cipher_structure.py.txt,4,3,0.0011092381428320032,0.09866005295041597,0.21586079587851156,0.3105087980523267,0.1003234749342114,0.2735376400417025
test,v4_67_content_peterjhyoon_rsa-math_math_functions.py.txt,4,2,3.315881802573595e-06,0.27841479741851716,0.33147034674015347,0.04862409870697599,0.2824825279741038,0.05900491327844721
test,v4_6_content_JayDogon_RSA_Encrypt3.py.txt,4,1,3.7711288393407075e-05,0.33913185001814544,0.1426109252572585,0.20621628133825085,0.0815292735210436,0.2304739585769082
test,v4_92_content_zaldis_RSA_tester.py.txt,4,4,3.769534604662474e-05,0.19204929231211593,0.1993934900734917,0.14861092931495679,0.28305044188736256,0.1768581510660265
test,v4_13_content_chandimajayawickrama_Simple-Sorting-Algorithms_insertion_sort.py.txt,4,1,8.730878744044599e-05,0.2990741596756192,0.09154384133384093,0.052430930763917374,0.28293331306032693,0.27393044637885505
test,v4_15_content_hgdsraj_python_vs_ruby_speed_analyze_script_cpp.py.txt,4,1,4.914611556741916e-07,0.367051645109712,0.13228641983948214,0.03347957589743461,0.3595946560108121,0.10758721168140349
test,v4_15_content_Jagdishkharatmol_Sorting-techniques-_pythonin.py.txt,4,4,0.0004760381949284028,0.09852324984965101,0.24243993912517858,0.13915812725688623,0.27734072007528865,0.24206192549806715
test,v4_16_content_johnllanos_selection_sort.py_selection_sort.py.txt,4,4,1.626402876865369e-05,0.05382059896909453,0.3642320794574816,0.04496684808543035,0.4710143346019331,0.06594987485729184
test,v4_34_content_rajdas2001_Sorting-of-lists-arrays_Bubble_Sort.py.txt,4,0,0.32243292414007696,0.1955187100006705,0.03707522277623142,0.010974629565996846,0.3076161924340691,0.12638232108295497
test,v4_35_content_sviznyuk_pokemon-selection_select_pokemon.py.txt,4,4,0.01989733290667154,0.12829163427815174,0.1844702471622331,0.17755618107160434,0.34540929903225814,0.14437530554908123
test,v4_39_content_lorenzo3117_python-sorting-scripts_sortingScript.py.txt,4,1,0.2770710315310094,0.4180204294886162,0.1082462876208352,0.013258146798759644,0.14664322956280146,0.036760874997977935
test,v4_41_content_sarahandert_python-practice--sorting_sample5.py.txt,4,3,0.10193978865760361,0.006581839819044419,0.11244586486584704,0.39862595602488393,0.08582362562673072,0.2945829250058903
test,v4_5_content_Algomaster0628_SelectionSortAlgorithm_selection_sort.py.txt,4,4,0.25237631178790815,0.021043429615083254,0.04216199952341593,0.12014298102627133,0.3374468156181713,0.22682846242915006
test,v4_2_content_IhsanPratama_ccvs_main.py.txt,4,2,0.00010719702701063419,0.17792689324541178,0.28152267471806175,0.1638137745597986,0.25335883209171056,0.12327062835800658
test,v4_10_content_zpeterg_bmig_5003_count_words_getFile_test.py.txt,4,2,3.289282987708064e-06,0.20412331310641055,0.2496946929794459,0.15308578077574223,0.1952323783591305,0.19786054549628318
test,v4_13_content_preetidurai_Spam-Ham-Classification-using-NB-and-LR_NBHelper.py.txt,4,5,1.3456847587672877e-05,0.01383488508653842,0.1803050095912939,0.2892803635665552,0.20872731274326523,0.30783897216475953
test,v4_16_content_NB-prog_INTERN-2019_similarity_eval.py.txt,4,2,0.0009224313666605008,0.08726357860012886,0.30965527038362367,0.23052808182593715,0.12857129892468486,0.24305933889896486
test,v4_16_content_NB-prog_INTERN-2019_train.py.txt,4,4,2.6779661854374226e-05,0.18706899213856878,0.16199557014343433,0.12177057472478015,0.2855445447448059,0.24359353858655647
test,v4_18_content_ashwinjoseph95_reviewanalysis_natural_language_processing.py.txt,4,4,0.00011189033355538236,0.06469158198072852,0.2951542519333486,0.03653479838647264,0.45158786500760395,0.15191961235829093
test,v4_18_content_Mital188_Logistic-Regression_logistic_regression.py.txt,4,5,0.0004672687205532488,0.09048764277034564,0.2340910964899415,0.27956236680820135,0.1143851327212999,0.2810064924896584
test,v4_20_content_aditiopangestu_spam_data_converter_lingspam_filter.py.txt,4,4,0.0012202091924645552,0.22029795644711442,0.1979923465196672,0.09775420001633074,0.27871262498087174,0.20402266284355133
test,v4_22_content_vrpandey_Training-and-Comparing-Models-to-Predict-Customer-Satisfaction-Index-_main.py.txt,4,2,0.0024767668852151282,0.14089694004428352,0.29927165925908644,0.12591743191961993,0.26882889921983144,0.16260830267196358
test,v4_28_content_vinaykumarbu_sentiment-analysis-deeplearning_data_helpers.py.txt,4,5,0.0003863479214938131,0.21711082395813522,0.16831659095946436,0.19708685169978585,0.18407160980005577,0.23302777566106503
test,v4_28_content_vinaykumarbu_sentiment-analysis-deeplearning_gui.py.txt,4,4,0.006229916755080423,0.23688329150745602,0.2617037022390926,0.05770153016659585,0.3003546421014968,0.13712691723027814
test,v4_3_content_tusizi_document-analysis_jieba_cut_document_to_vocabulary_with_nominal.py.txt,4,2,2.17641946158271e-05,0.028534728058238864,0.3907087064053068,0.15942604265823235,0.2956150264497301,0.12569373223387606
test,v4_3_content_tusizi_document-analysis_mllib_tfidf_with_stopword.py.txt,4,2,5.180215333437085e-06,0.21848633726897762,0.24650688783395205,0.13235188996459335,0.19840082191938377,0.20424888279775974
test,v4_1_content_DanShai_kernalized-tsne_main.py.txt,4,3,0.0035220863970655946,0.04601021276138144,0.15780822873701697,0.39435669701348836,0.1456106329942514,0.2526921420967962
test,v4_3_content_Lochanahasith_t-Distributed-Stochastic-Neighbor-Embedding-t-SNE-on-EC-dataset_tsne_with_ec.py.txt,4,1,1.3072370273529707e-05,0.31042599456365694,0.17574349904709793,0.10397804955825707,0.2749524102659005,0.13488697419481402
test,v4_14_content_tusizi_document-analysis_jieba_cut_document_to_vocabulary_with_nominal.py.txt,4,4,4.4162821550999365e-06,0.1807819694933666,0.2323445680325302,0.11063302363545792,0.2945767134790895,0.1816593090774007
test,v4_14_content_tusizi_document-analysis_mllib_tfidf_with_stopword.py.txt,4,2,2.327206097792514e-05,0.17166270784004736,0.27755145209416343,0.0774928802518712,0.2630739930492256,0.21019569470371452
test,v4_3_content_avinashbhat_keyword-extraction-using-tf-idf_main.py.txt,4,4,4.443313084041595e-06,0.3126374533290367,0.2750486787494051,0.015964650524434548,0.32970320218883536,0.06664157189520435
test,v4_44_content_Tian14267_Text_Keywords_Keywords_main_MutilSentence.py.txt,4,1,0.0038380723539508015,0.3743322163539653,0.14159316475787026,0.14785711282422345,0.13414756745049694,0.19823186625949332
test,v4_45_content_raopg_Search-Engine_app.py.txt,4,0,0.3092220978514187,0.2332972548951026,0.11787480696331765,0.11622308178229324,0.10151545802453413,0.1218673004833337
test,v4_46_content_loulai_InformationRetrieval_information_retrieval.py.txt,4,3,7.054665433918777e-07,0.05660456855638143,0.2565445425309152,0.26910031916013205,0.1734702759617056,0.24427958832432228
test,v4_55_content_wangfan950309_TF-IDF_tf_idf.py.txt,4,4,0.0010545454345479406,0.09099097816443434,0.27625769585663396,0.05846107194031641,0.4512137347401526,0.12202197386391468
test,v4_58_content_zhaoyichanghong_machine_learing_algo_python_knn.py.txt,4,4,0.01376538913100429,0.19287390579620917,0.1855681639958359,0.10876106419753424,0.3000291794339892,0.1990022974454272
test,v4_66_content_Fremont28_movie_recommender-_movies_tfidf.py.txt,4,4,1.6018676165681062e-06,0.06367583564728388,0.25105440247273414,0.2459796780930823,0.2531676991927043,0.18612078272657878
test,v4_13_content_zerolxf_VRL-SGD_process_tiny_magenet.py.txt,4,1,0.0011000023136472179,0.3330169244218411,0.14533045053100313,0.09479832320482023,0.2163174332393237,0.20943686628936456
test,v4_28_content_akrolewski_NonlinearMassFaster_tabulate_fiducial_rnl.py.txt,4,4,0.0005509014314782844,0.1643081583924137,0.2584203209367098,0.06681710413523212,0.33651216926567773,0.1733913458384885
test,v4_2_content_facebookresearch_reward-estimator-corl_configurations_continuous_uniform.py.txt,4,2,8.06804385952219e-05,0.15604132943327004,0.26444540565659813,0.21642134092365986,0.23083896825854866,0.13217227528932804
test,v4_35_content_facundoq_rotational_variance_experiment_accuracy_vs_rotation.py.txt,4,3,6.572245422414203e-05,0.018953508934507958,0.23487298474029894,0.28775748115508165,0.17195680586618034,0.2863934968497068
test,v4_6_content_hongzimao_input_driven_rl_example_script.py.txt,4,2,0.0003076756878752818,0.016506064210337235,0.36189281915254906,0.13487321531646496,0.25585281359854306,0.23056741203423028
test,v4_79_content_astrojneil_AllanVarCodeFinal_allanVar_plot.py.txt,4,4,0.00012913878270759,0.22243211981269112,0.15552798153356087,0.17813032374209586,0.26790876184109713,0.1758716742878474
test,v4_88_content_hfk97_VaR_VaR.py.txt,4,2,5.8998055627583763e-05,0.07308871898759983,0.3496887339468943,0.167874390635,0.21557122656794786,0.19371793180693045
test,v4_8_content_Develop-It-19_Random_Forest_RF_Classifier_Wine_Quality.py.txt,4,4,0.00019059676532797018,0.23893929457658705,0.22256717264171233,0.09400495418905519,0.24715756165490568,0.1971404201724119
test,v4_21_content_DaSunnySide_Stock-Analysis_jsonpractice.py.txt,4,4,0.017008396429591177,0.08726992076182306,0.25882404255813896,0.017148300223684434,0.4113064089839307,0.20844293104283165
test,v4_39_content_jschriemer_Tennis-Tweets_web.py.txt,4,4,0.008758410987797855,0.1783245346385661,0.13790884943403445,0.23537841679008198,0.24192730603423396,0.19770248211528565
test,v4_42_content_naomistuart_flight-scraping_main.py.txt,4,4,0.001425125512507733,0.22603826924686696,0.23276741002356144,0.11462061219165068,0.27033914913931234,0.15480943388610086
test,v4_45_content_umtpfe_Projet-scrapy_test2.py.txt,4,4,0.0004355337618589765,0.12677328162853055,0.1493505709599939,0.21432863042123843,0.35555668672999224,0.15355529649838595
test,v4_66_content_furkanturkn_python-beautifulsoup-take-news-post-from-the-site_take_news.py.txt,4,4,0.055281657826130724,0.2672108026509489,0.22196655910746155,0.04109521455061391,0.3333198912890779,0.08112587457576712
test,v4_80_content_andrediasesp_web-slinger_scraping.py.txt,4,3,7.684927013455761e-05,0.3004450410445796,0.18484748749951344,0.331150550591486,0.04563296051190748,0.13784711108237893
test,v4_89_content_pratikdeshmukh2004_Web_scraping_flipcart.py.txt,4,5,0.009002043581363734,0.31824978971495244,0.20343127519635787,0.06754982910782913,0.08187898808559692,0.3198880743138999
test,v4_94_content_ytnguyenedalgo_scrape_retail_site_scrape_macys.py.txt,4,4,0.032566250762979754,0.15695101417257856,0.209461568356654,0.1816640796089863,0.25808395477683654,0.16127313232196475
test,v4_9_content_chaseycodes_StockX-Scraper_2-sneaker_scraper.py.txt,4,5,0.00013201754518915988,0.23394393109909603,0.19587368449542067,0.20686534889455094,0.09043952344107827,0.272745494524665
test,v5_17_content_pevandenburie_micropython-aes-ccm_Utils.py.txt,5,3,9.037349005065774e-05,0.17726912039775072,0.19137423582838653,0.23438045605443605,0.17001100730373972,0.22687480692563622
test,v5_21_content_emilystamm_aes-ecb-attacks_aes_ecb_oracle.py.txt,5,3,9.533817750721201e-06,0.042961771099920346,0.22984035328675848,0.3370983913858381,0.13629746763131836,0.253792482778414
test,v5_2_content_laendle1999_NasceUmAEstrela_reberto.py.txt,5,2,0.007466481394117098,0.09978432803113785,0.23143890641884007,0.2242398852259612,0.2219942656807054,0.21507613324923827
test,v5_7_content_git-remove_CBC-and-CTR-Decipher_decipher.py.txt,5,3,4.106066802024227e-05,0.05305406975597805,0.16526705992601604,0.291678075340186,0.207228912097809,0.2827308222119906
test,v5_9_content_john-salman_ECB_decryption_ECB.py.txt,5,3,1.2926684337882368e-07,0.03964315574174265,0.2617876103058254,0.30434007433235116,0.1259803484379123,0.2682486819153249
test,v5_10_content_gitganeshnethi_Market-Basket-Analysis_Online_Retail.py.txt,5,3,0.00015785126528530049,0.165299916440553,0.21983252589465818,0.27651869911712984,0.15379171011377366,0.18439929716860007
test,v5_11_content_SabikAbtahee_Apriori-Implementation_AprioriMain.py.txt,5,3,0.00023617051485114423,0.041853008384837645,0.22672701690255803,0.33159917239737524,0.13660616472400422,0.26297846707637373
test,v5_1_content_jiteshjha_Frequent-item-set-mining_apriori_mpi.py.txt,5,1,0.0013435861690242,0.29437804742077384,0.1890704893279854,0.13565822448313558,0.18487740159831312,0.19467225100076777
test,v5_1_content_vijaymukhiija_Sale-optimizing_apyori.py.txt,5,5,3.195359691172696e-05,0.06313038905301868,0.19765293778361898,0.22670907743024635,0.25163136363299626,0.26084427850320796
test,v5_2_content_adwansyed_Market-Basket-Analysis-Apriori_bruteforce_marketbasketanalysis.py.txt,5,3,0.01161224666475826,0.014502973890043607,0.10313421830101097,0.395413032116521,0.1266588434067799,0.34867868562088644
test,v5_2_content_nrohani_AssosiationRules_TransactionEncoder.py.txt,5,0,0.31542163042981275,0.05070570805554257,0.19970908823665695,0.1393554382492179,0.07605552229574093,0.21875261273302876
test,v5_6_content_HaoLyu_Association-rule-learning_Apriori.py.txt,5,5,0.22183041948428536,0.04186871716344393,0.17691284059021958,0.08937677972248789,0.20654068916957055,0.26347055386999263
test,v5_9_content_HarshaliWagh_Data-Mining_Apriori.py.txt,5,5,1.1042551496940126e-06,0.01962034722390791,0.2463990157146619,0.17224436684955613,0.20460858077615912,0.35712658518056517
test,v5_10_content_marcindahlen_ARIMAplus_arimaplus_dna.py.txt,5,0,0.35087511183660647,0.007661413087117289,0.04484483517185101,0.06630336870812364,0.3184508505229169,0.21186442067338473
test,v5_19_content_bauassr_Session32_Session32Assignment1_.py.txt,5,1,0.0011595103336913188,0.2551928670777127,0.23001022286245867,0.22127203024837608,0.1858879157226554,0.1064774537551057
test,v5_1_content_nageshsinghc4_stock-market-forecasting_ZBH_stock.py.txt,5,4,0.01315422517322277,0.1347152894893813,0.2763053114138082,0.09729004244628674,0.3133033884007714,0.16523174307652955
test,v5_2_content_polyphilz_pricing-weather-derivatives_avg_temperature_model.py.txt,5,3,0.01755651865346265,0.08580065340704984,0.24241974439205835,0.27634820723685216,0.17218593333184704,0.20568894297873
test,v5_2_content_yyqcs_time-series-model_ts_model.py.txt,5,5,0.00026821201793408004,0.08216310165241007,0.25028283896069786,0.20033943429196438,0.20434524655143896,0.2626011665255546
test,v5_2_content_yyqcs_time-series-model_utils.py.txt,5,5,9.849537628233982e-06,0.02516241514100259,0.06463654748294279,0.21073518238666972,0.21777667739410525,0.4816793280576514
test,v5_1_content_dedeco_dijkstra-bellman-ford_teste_proprio_djt.py.txt,5,1,4.398297262072929e-06,0.3184871318547558,0.15513980045349174,0.14525847170855155,0.14997407373848,0.23113612394745872
test,v5_2_content_cvwilliams_BellmanFord-Python_server.py.txt,5,3,0.011125518184859313,0.06836808969137603,0.20153884433001093,0.3159528214743945,0.10230232752685328,0.3007123987925059
test,v5_3_content_abdulqadirs_distance-vector-routing-protocol_update.py.txt,5,3,1.5984777849550152e-06,0.054290368831849754,0.2373309261195227,0.30323120959616673,0.10670279009647701,0.2984431068781988
test,v5_4_content_Khante_Distance-Vector-Algorithm_link_2.py.txt,5,5,0.050941375577923644,0.052001394865738286,0.2223395568785512,0.29868395736530523,0.02711788976649885,0.34891582554598277
test,v5_4_content_Khante_Distance-Vector-Algorithm_network_1.py.txt,5,3,0.0017782601197932398,0.2641699759613702,0.23343559937407282,0.2744294988669562,0.08651253944535414,0.13967412623245343
test,v5_4_content_rcornacchia_bellman-ford_testclient.py.txt,5,2,3.244632680831744e-06,0.154791524962972,0.2935457786631819,0.20714337540378738,0.1343312025204099,0.2101848738169681
test,v5_6_content_mmcetindag_ShortestPathAlgorithms_bellman-ford.py.txt,5,2,1.288274790431003e-05,0.019168468596295864,0.26692889929976765,0.23354222962428856,0.24170098667968107,0.2386465330520626
test,v5_7_content_ardyerwanda_SDN-Bellman-Ford-Pyretic_wG_bellfordCost.py.txt,5,2,0.000640998560891986,0.30428085519144454,0.3391123283373846,0.04747973732329678,0.25352026536916544,0.05496581521781669
test,v5_7_content_jimmygzp_bellman-ford_bfclient.py.txt,5,5,0.00956379495708396,0.3131242426548862,0.06434682643216509,0.1055891841262317,0.17870067545100896,0.32867527637862415
test,v5_23_content_binaya07_8-puzzle_stack.py.txt,5,3,2.795376731800606e-06,0.04169355694514577,0.26117506755261455,0.28168489156425147,0.17475713029345358,0.2406865582678028
test,v5_2_content_Madeeha-Anjum_Box_Head_testing_BFS.py.txt,5,5,1.506813619032139e-05,0.210111809182941,0.21620320477762703,0.1560167137527437,0.19936857264231175,0.21828463150818606
test,v5_3_content_akh5113_BFS-Wrestling-Teams_Homework5.py.txt,5,1,0.11284978716254002,0.3035531059977984,0.10661845419299892,0.1177733011114425,0.2446108367040418,0.1145945148311784
test,v5_53_content_ding-si-han_Flight-Length-BFS_graph.py.txt,5,4,0.0013621970590921271,0.24059179317225246,0.22922222588241611,0.08076568642452088,0.30184605929664476,0.14621203816507367
test,v5_5_content_GregLahaye_wikipedia-game_game.py.txt,5,3,0.0005519578322369438,0.03387556283529514,0.19576378956851906,0.2757858420784474,0.23692342423772264,0.2570994234477788
test,v5_68_content_elados93_AI_Ex1_PuzzleState.py.txt,5,4,0.0008778840446332052,0.05980852264193179,0.23886807344271993,0.25669597079245565,0.31828182798521704,0.12546772109304236
test,v5_7_content_rmssoares_8Puzzle-StateSpaceSearches_node.py.txt,5,3,0.00045949531161386116,0.03502337432414386,0.19109850551243646,0.28300334448867126,0.22488479890998372,0.26553048145315095
test,v5_92_content_tule2236_superheros-social-graph_degrees-of-seperation.py.txt,5,2,0.0073345171912113545,0.039855358912726443,0.4072975983098977,0.2049907329361694,0.24545983178173106,0.095061960868264
test,v5_11_content_mrluin_EfficientAutoDeeplab_evaluation.py.txt,5,5,0.11229910776104378,0.01859934186381584,0.11865490169838554,0.2078697388346665,0.2545794680079113,0.28799744183417697
test,v5_11_content_mrluin_EfficientAutoDeeplab_train_counter_network.py.txt,5,5,6.891600856387322e-05,0.01334174681496143,0.16576444299106782,0.2456153239964281,0.24390769941357707,0.3313018707754017
test,v5_15_content_Areege_Binary-and-Trinary-Search-Trees_SourceCode.py.txt,5,2,0.0066254599156084035,0.09562856714699605,0.33476430174891303,0.11355649278419752,0.2313447224698555,0.2180804559344295
test,v5_20_content_shamo0_Binary_Search_Tree_treap.py.txt,5,5,0.0016924426748001777,0.026849385342348896,0.24811599979859886,0.24740354099411702,0.1897911118297122,0.28614751936042293
test,v5_47_content_mathwoods_binseqcomp_binseqcomp.py.txt,5,4,0.009460854842877037,0.058397487028660794,0.24528035506105103,0.144052061627724,0.31958771456495666,0.22322152687473065
test,v5_53_content_mmorshed99_binary_search_rotated_sorted_array.py.txt,5,2,0.0034981548985067623,0.1861820729333313,0.2764297513771429,0.18119927542593792,0.10838674945908015,0.24430399590600108
test,v5_70_content_Arcnor_binja_search___init__.py.txt,5,5,0.00019437491669957178,0.017989891592393642,0.1529028415329465,0.32424004923500366,0.17003259034827808,0.33464025237467854
test,v5_72_content_tusharnema_Implementing-Algorithms-in-python_adj_list.py.txt,5,5,0.0001428670943905647,0.24301013862389748,0.10255294828685758,0.23016223832908708,0.16296875998562665,0.2611630476801406
test,v5_14_content_udwivedi394_binaryTree_ksumPath.py.txt,5,4,0.09419773851794977,0.05702261182726358,0.12434475059334353,0.07375535570031005,0.3978033750401946,0.25287616832093857
test,v5_1_content_dhvanilp_Persistent-Binary-Search-Trees_index.py.txt,5,5,0.0003596853142782167,0.003852816286123548,0.28180837871210707,0.25188661036010496,0.17051339018118492,0.2915791191462013
test,v5_23_content_mpgiii_binarysearchtree_unittests.py.txt,5,4,0.041913619416647035,0.27540358955737254,0.10706255914396494,0.04263829030925651,0.37291261159876643,0.1600693299739925
test,v5_44_content_CppbetterC_A-Star_Heap.py.txt,5,3,0.001875582411937501,0.0784552892284786,0.19234551610710562,0.2843460002512362,0.18861161478688668,0.2543659972143554
test,v5_5_content_Schemberizer_Binary-Tree-Compression_tree.py.txt,5,1,0.003592993032817006,0.28188191547187896,0.1543397269497307,0.18180443978948096,0.13333403026397359,0.24504689449211878
test,v5_24_content_Jagdishkharatmol_Sorting-techniques-_pythonin.py.txt,5,5,0.00396586098719431,0.15038089052385492,0.1645811432759401,0.24008107806986365,0.18847201135016514,0.25251901579298175
test,v5_44_content_emilgab_bubble-sort_bubble_sort.py.txt,5,5,0.0001929105698340779,0.05890459786444566,0.25400745246557144,0.2299251243363751,0.15254973993937918,0.30442017482439465
test,v5_45_content_Janteby1_bubble_sort-copy_bubble_sort.py.txt,5,2,1.3667424270836865e-05,0.03897578010755662,0.2853017495713501,0.2537219952944059,0.22302109757096505,0.19896571003145166
test,v5_46_content_gabysoares_PythonBubbleSort_ResultTable.py.txt,5,2,0.06069494771273733,0.02726766923864236,0.36232054425658017,0.28131721659857956,0.0749933791869357,0.19340624300652484
test,v5_73_content_kamil-owczarek_sorter_sorter.py.txt,5,2,0.004538689638499285,0.07100713560217548,0.3301205479069868,0.19024768655724628,0.17793847180899708,0.2261474684860951
test,v5_79_content_lorenzo3117_python-sorting-scripts_sortingScript.py.txt,5,1,0.1698357449722592,0.35865593924270517,0.10237117279383419,0.07915095246869233,0.11688710850148708,0.17309908202102203
test,v5_21_content_rahul494_Mental-Health-On-Twitter-Analysis_relevant_tweet_filter.py.txt,5,5,0.030227563565474378,0.10639409994562296,0.17955737690639909,0.23360354372593495,0.21194281567713355,0.23827460017943494
test,v5_24_content_MuyaoWang_OnePlusTwo-BigData_PostProcessForReport.py.txt,5,2,1.3358167838822377e-05,0.17033435999597774,0.26225265434000605,0.18517672040307157,0.2131324281419778,0.16909047895112794
test,v5_26_content_Emersonxuelinux_One_Big_Archive_Listing_8-4.py.txt,5,5,6.519733479575373e-07,0.0009947034105140904,0.1700305659006502,0.31942888813004455,0.16610461878424648,0.3434405718011967
test,v5_30_content_sdws1983_The-big-data-OF-The-Plant-Cell_calculate-author.py.txt,5,5,2.5219720111525392e-05,0.12762551534034647,0.2281706252201521,0.2628729793178447,0.10578853303042536,0.2755171273711198
test,v5_32_content_jtuckerk_oscar_prediction_full_featureset_prediction.py.txt,5,3,0.0021384544312740136,0.035313898188310905,0.29630680934202586,0.3360628701484351,0.13636102800843763,0.19381693988151635
test,v5_3_content_Sapphirine_Detecting-and-Predicting-the-Impact-of-Events_calc_train_anamoly_10ile-Copy5.py.txt,5,5,5.7490175485900015e-05,0.023800250059307883,0.23960242492142017,0.24811357299705802,0.23259670341190136,0.2558295584348267
test,v5_51_content_rrnarayan1_one-big-thing-backend_app.py.txt,5,1,0.16217137224769126,0.21817214083432196,0.13711713513887505,0.10056188107604665,0.19377070529331228,0.1882067654097529
test,v5_52_content_PhaniBalagam27_Big-data-Analytics-on-dallas-police-incidents-dataset_Q5_code.py.txt,5,3,0.00019067988812187964,0.24614460114127598,0.18706014607664764,0.3220749687209576,0.06762919535816099,0.17690040881483593
test,v5_5_content_anguillanneuf_bigO_02_linked_list.py.txt,5,3,0.015701788425190575,0.04529291793457856,0.19143917826192616,0.3036100989481249,0.23415063196309874,0.20980538446708116
test,v5_5_content_anguillanneuf_bigO_28_valid_bst.py.txt,5,3,0.0006145361938737177,0.03304287953685576,0.2331863474101659,0.2968097662318982,0.16524378436633072,0.2711026862608756
test,v5_5_content_anguillanneuf_bigO_54_fix_tampered_bst_efficient.py.txt,5,3,0.0002207950977348592,0.010621973079819462,0.19190019527089452,0.28562154434169595,0.23482009429876424,0.2768153979110909
test,v5_5_content_anguillanneuf_bigO_76_longest_subsequence.py.txt,5,2,0.0008740664493692952,0.21938182592404895,0.36743715595504384,0.12050642688272561,0.18407801686572609,0.10772250792308619
test,v5_5_content_wiflore_Data-Lakes-on-AWS_etl.py.txt,5,5,0.0007511137070704246,0.0064200198305829235,0.12420479065216575,0.350565215553851,0.10661346768578205,0.41144539257054785
test,v5_6_content_gauravpatle_Data-Analysis-of-IMDB-Users_DataPreprocessing.py.txt,5,3,7.5339586072300055e-06,0.06555052160170918,0.22108225702152026,0.2713667544987924,0.1984585611507966,0.2435343717685744
test,v5_7_content_PotatoSpudowski_The-centralized-guide-to-distributed-storage-and-processing-of-big-data_13_makerspace_analysis.py.txt,5,5,0.0003690910339831336,0.11453201776431295,0.15712945448037055,0.2558517409790566,0.14644059922452485,0.32567709651775184
test,v5_10_content_analyticsbot_document-similarity_word_mover_distance.py.txt,5,2,0.08153557226396312,0.07397383592105007,0.31976047890116494,0.12518001378369994,0.11458203682667911,0.2849680623034429
test,v5_11_content_kirokuan_Idf-tf-DocCompare_hwTest.py.txt,5,3,0.0002789559486217902,0.17723373309625948,0.10229775268235859,0.26167522034147406,0.24340527418779692,0.2151090637434891
test,v5_1_content_HarryBaker_LDAtopicSimilarity_topic2vec.py.txt,5,5,0.0027176155003584925,0.12293382704140417,0.16435373273115386,0.2508682992806223,0.19526831373187362,0.2638582117145875
test,v5_2_content_spygaurad_AI_LAB_6_537_Suraj_doc_similarity.py.txt,5,3,0.0003361642346344611,0.1342873987170825,0.10835393003917108,0.38426883234504744,0.035948348926512406,0.33680532573755206
test,v5_6_content_muhammadhabibi_CBS01_Main.py.txt,5,2,0.0014490459096337205,0.11429131804766549,0.39939024788264865,0.2316204557268878,0.14487042957323787,0.10837850285992666
test,v5_6_content_muhammadhabibi_CBS01_NaiveBayesNLTK.py.txt,5,2,0.05092266657139849,0.12150916372000095,0.48789047493231247,0.09949171081057841,0.13933528286907942,0.10085070109663033
test,v5_6_content_yashambre_Document-Matching-Algorithm_DM.py.txt,5,5,0.0011454680393791377,0.07212848799841813,0.20601826458899558,0.24665244098891473,0.21941613428277829,0.25463920410151397
test,v5_7_content_gautamdasika_Document-Search-Engine_finalsearch.py.txt,5,4,0.0003529937125236935,0.11867502108279718,0.23550418309948234,0.14099321438193793,0.28587824072323137,0.2185963470000276
test,v5_8_content_shukali_tweet-similarity-ranking_tweetranking.py.txt,5,3,0.0004577144723004541,0.056167474023586614,0.2506406419584039,0.2904565677430545,0.1460481575357699,0.2562294442668846
test,v5_8_content_uzzielc_Document_Similarity_using_TF-IDF_with_Cosine_Dist_article.py.txt,5,1,2.480161955295673e-05,0.2473150657172969,0.15822839646499456,0.1257793819198409,0.2291536191189828,0.23949873515933176
test,v5_26_content_1970633640_Design-and-Analysis-of-Algorithm_ex7.py.txt,5,1,0.003792268432409586,0.3897560473228604,0.14782847615021452,0.046841296793696835,0.33821441868047464,0.07356749262034404
test,v5_28_content_tomsiwek_gprMax-Designer_operation.py.txt,5,4,2.4075075334815557e-05,0.020894171528582826,0.16908592231936725,0.22007431146060713,0.30207786075721804,0.28784365885888996
test,v5_84_content_vineetred_aesDES_test.py.txt,5,2,0.0010542675213212154,0.21872087665012044,0.23625565476157326,0.17306651923608046,0.19554543774804967,0.17535724408285494
test,v5_85_content_kenil-shah_Description-Based-Person-Identification_config.py.txt,5,3,0.244542563840581,0.09108444836156818,0.08491504532801221,0.3252100248938477,0.07700820742263757,0.17723971015335344
test,v5_86_content_Enkhai_simple-DES_encryption.py.txt,5,5,1.4928132210848669e-05,0.003931196686017352,0.20827031267930113,0.28927705481638083,0.19484663094233198,0.3036598767437579
test,v5_8_content_usmanali414_Destruction-Detection-in-Satellite-Imagery_augmentation.py.txt,5,3,2.001556569194616e-06,0.05215326251419266,0.25008386061740223,0.32655417474026316,0.12964904587534215,0.2415576546962306
test,v5_1_content_akhilesh1311_MazeSolver_hard_maze.py.txt,5,1,0.024599051465142574,0.3916354459857726,0.1733457264103564,0.1089191048104023,0.19955924366119857,0.10194142766712747
test,v5_27_content_PriyeshV_GAP_Kernels_DFS_run.py.txt,5,5,0.0015105730308358867,0.12810183545930431,0.17714422946194985,0.1612593367826024,0.16761015984265362,0.3643738654226539
test,v5_29_content_sarapple_AI-Search-Algorithms-Pure_driver.py.txt,5,3,0.0003834012727696541,0.12196961406967287,0.18811342309380666,0.273196333964887,0.16852924193803454,0.2478079856608293
test,v5_48_content_ethanZHY_Crawler_BFS_DFS_Python3_Crawling_Doc.py.txt,5,1,0.00042330546129150766,0.2899458956342526,0.09847487901104962,0.22477296750801323,0.19171457997051655,0.19466837241487644
test,v5_4_content_drinkbeer_DFS-Python_common.py.txt,5,5,0.0413477513868903,0.027325732998284336,0.07362412161158148,0.07027590931384416,0.3748103529418013,0.4126161317475984
test,v5_84_content_WizHacks_ChordDFS_topo.py.txt,5,3,0.00024358692260738522,0.012651191990415952,0.22684306051577743,0.3489463125556954,0.12503266056835688,0.2862831874471469
test,v5_18_content_matinpf_ECDHE_RSA_Python_main.py.txt,5,1,0.08901644029506442,0.23343697091624946,0.1546077046235214,0.13648188263100083,0.21236180973227325,0.1740951918018907
test,v5_18_content_matinpf_ECDHE_RSA_Python_utils.py.txt,5,1,5.705501464446712e-06,0.2513247057564235,0.23770783788473154,0.17665354568379296,0.1620999624291508,0.1722082427444366
test,v5_21_content_swawibe_pyDH_Client.py.txt,5,4,0.0003778040095290069,0.172987092603017,0.25755407075807313,0.04959825476757105,0.3034956386903165,0.2159871391714933
test,v5_27_content_AlpCentaur_Diffie-Hellman-Implementation_Attack.py.txt,5,2,0.15647802776419462,0.17403528931946236,0.28531609315890893,0.11012837182078578,0.15460629016198868,0.11943592777465972
test,v5_33_content_nikhil-paramane_-Diffie-Hellman-key-Exchange-Algorithm_dh.py.txt,5,3,1.2984262815044177e-06,0.031093243349676402,0.21322104140179335,0.2583470052270653,0.25532704595085715,0.2420103656443264
test,v5_60_content_dunglq2000_chatbox-encrypt_client.py.txt,5,2,0.0018511567774855016,0.07925287133279198,0.3009603140962285,0.20863529457462518,0.2249252923635098,0.18437507085535892
test,v5_71_content_logyball_public_private_encryption_driver.py.txt,5,3,0.004931873817942375,0.11166112736100735,0.174175105231328,0.37270992590729046,0.12621144587220012,0.21031052181023163
test,v5_11_content_langokalla_A-star-Pathfinder_map.py.txt,5,3,0.00046643945305286456,0.0779753001667974,0.1887346656912555,0.2711964725353878,0.23295458577639638,0.22867253637711016
test,v5_15_content_meghanagabhushan_DijkstraAlgorithm_dijkstra.py.txt,5,3,0.00016001916845935892,0.08882458722915086,0.10351148754902309,0.3489863196712641,0.13372139323332333,0.32479619314877917
test,v5_15_content_ronma1_Dijkstra_graph_algo.py.txt,5,3,1.0879992523077952e-05,0.019217227250982464,0.22798359485551042,0.29045805205526687,0.22155442669207845,0.24077581915363877
test,v5_19_content_mmcetindag_ShortestPathAlgorithms_bellman-ford.py.txt,5,2,0.00015677452969979768,0.2031275338140626,0.22583299614889954,0.1692905536240412,0.18730385062805888,0.2142882912552379
test,v5_47_content_woodElec_Parallel-Dijkstra-Networkx_voronoi_module.py.txt,5,5,1.8467618458645815e-05,0.0825062503492054,0.22156666146134493,0.23439016685956074,0.21323690574294576,0.24828154796848462
test,v5_50_content_krj9cr_Hybrid-Prim-Dijkstra-GUI_Helpers.py.txt,5,3,3.528308329631827e-05,0.07725714927365225,0.19672644139570925,0.274236745559297,0.21412294033189197,0.23762144035615315
test,v5_8_content_rprahlad1_guavabot_solver.py.txt,5,5,0.00024308888522875702,0.06783987246688217,0.18026845843371925,0.22909917446462125,0.16039633675546652,0.362153068994082
test,v5_12_content_Subhamacademia_Efficient-way-to-Check-the-Divisibility-of-a-Number-by-Three_ex0.py.txt,5,5,3.323218825116982e-06,0.1493863113997167,0.23917144868162724,0.22042765323377644,0.13878835961804079,0.2522229038480138
test,v5_4_content_flaviohenriqu_divisibility_flaskapp.py.txt,5,5,0.00017923635329393178,0.16682318297180374,0.2089731340023863,0.18461900937365663,0.18951192659697272,0.24989351070188673
test,v5_6_content_marcelotokarnia_dojo-divisibility-rules_is_divisible.py.txt,5,2,1.0075856163894613e-06,0.002267401319361326,0.3017207470749111,0.2920733431713333,0.18108633149350953,0.22285116935526833
test,v5_7_content_jakobpederson_divisible_pair_sums_test_divisible_pair_sums.py.txt,5,3,0.013015237132106635,0.055051371507389674,0.2736216332775736,0.28857539462423826,0.1635064513116607,0.2062299121470311
test,v5_10_content_kllinzy_Elliptic-Curve-Cryptography_ecc.py.txt,5,1,0.07383000063135614,0.3550810158550315,0.16451212468231532,0.15211601415364184,0.20791542447530045,0.046545420202354755
test,v5_10_content_ko-hii_EASY-Elliptic-curve-cryptography_decryption.py.txt,5,3,4.029203519161979e-06,0.20970136345964194,0.19822637251603142,0.2520913495493186,0.09928109433369091,0.24069579093779797
test,v5_20_content_UAvinash7_Cryptography_DigitalSignature.py.txt,5,5,0.00018368622790487126,0.02668208063945069,0.12286078137920456,0.35008091269172775,0.09645829977232256,0.40373423928938956
test,v5_27_content_ayaar25_elgamalecceg_pointoperatorecc.py.txt,5,0,0.3814153572498569,0.044482955903944785,0.08855060295268682,0.26449315930580314,0.09454707618941693,0.12651084839829127
test,v5_6_content_gionanide_Cryptography_ECC_DH_key_exchange.py.txt,5,3,2.277891394560773e-05,0.056480677026801845,0.19255740428380103,0.3110051045595031,0.16535000362943703,0.2745840315865115
test,v5_6_content_gionanide_Cryptography_VernamCipher.py.txt,5,3,0.001443459330304938,0.15425273868929243,0.24499406331861792,0.29247672728714513,0.06710473223533103,0.23972827913930847
test,v5_9_content_Soumyabrata_predicting-pwv_benchmarking.py.txt,5,4,0.00029857718772303624,0.047017878441643964,0.22005801540272446,0.26586154890002284,0.2721221457146184,0.1946418343532673
test,v5_11_content_kousu_primes_wsieve_b.py.txt,5,3,5.515630112187846e-05,0.007967245942596781,0.21629187580928894,0.28936815084560524,0.23561465468754134,0.25070291641384584
test,v5_12_content_vidya_digit-factorial-chain_test_digitfactorialchain.py.txt,5,1,7.233909115678008e-05,0.2766378231991156,0.15732701914543867,0.13643187845819205,0.23810351192501011,0.19142742818108663
test,v5_30_content_talbrecht_ensemble-scoring_run.py.txt,5,4,0.0009532447534745824,0.20039849638663926,0.2033415004297398,0.08106660332292909,0.2999319094033682,0.21430824570384904
test,v5_36_content_EricHeGitHub_python-factorial-base-rubik-rectangle-word-game-overlapping-photographs-related-algorithms_factorial_base.py.txt,5,4,3.625868812479106e-06,0.057297043130914,0.24060493288330245,0.213196421744323,0.25277158452322074,0.2361263918494273
test,v5_4_content_rohinigopalqxf2_Factorial-Calculator-Practice_05_Non_Integer_Validation.py.txt,5,5,5.5520904178932224e-05,0.03494519033785108,0.24147135434880285,0.2584358590574801,0.15353116303455233,0.3115609123171346
test,v5_51_content_adityapatelgithub_Expressions-and-Functions_evaluate.py.txt,5,2,0.0001335827712928576,0.09548080057870234,0.30539066350537347,0.20424850544637302,0.19251237247487868,0.2022340752233797
test,v5_51_content_adityapatelgithub_Expressions-and-Functions_peekable.py.txt,5,3,1.8728489979134226e-05,0.1806824137918643,0.2511272317742301,0.3265660354453142,0.11727761593998204,0.12432797455863022
test,v5_5_content_brown9804_Python_DiversosAlgortimos_CreandoMatrizApartirTXT.py.txt,5,2,0.027877208423807916,0.06396629907720007,0.2527989136036183,0.21717292088081663,0.24490439198195624,0.19328026603260073
test,v5_77_content_elisawarner_Fun_determinant.py.txt,5,5,0.00015611921953322412,0.057189801606763284,0.15521702295693313,0.1596759977716799,0.29157510189176994,0.33618595655332056
test,v5_13_content_danielSbastos_binary-fibonacci_columns.py.txt,5,5,2.573697918186797e-06,0.02839116088776778,0.2157692917759577,0.2460735571310102,0.2366187519932936,0.27314466451405245
test,v5_13_content_danielSbastos_binary-fibonacci_prototype.py.txt,5,5,2.4477496913885876e-06,0.11882450670437342,0.1749206371958087,0.16840502370574728,0.2439222584015309,0.29392512624284833
test,v5_38_content_emilyhammer_fibonacci_app.py.txt,5,5,5.6222865413666427e-08,0.0520053006018659,0.23082249707546715,0.24795262405704643,0.20310779883156402,0.26611172321119114
test,v5_68_content_jacob-bonner_ICS3U-Assignment7-Python_fibonacci.py.txt,5,5,2.495359556374594e-07,0.010366408995517615,0.20611326805529115,0.2922670283228211,0.18849611213386144,0.3027569329565531
test,v5_99_content_MatheusMuriel_ProgramacaoDinamica_Memoria.py.txt,5,5,7.203323236855192e-05,0.010617983753841535,0.13182527671836472,0.25286287829845233,0.26140502426538464,0.3432168037315881
test,v5_12_content_byu014_all-pairs-shortest-path_allPairsShortestPath.py.txt,5,5,0.1928445175006263,0.04679163908569988,0.14992465387165646,0.14048905756137767,0.21737062074630206,0.25257951123433764
test,v5_14_content_arnaudperalta_py_graphpath_graph.py.txt,5,1,0.07171837283368881,0.32273203008494583,0.16101065656296737,0.08440074780713858,0.18269936220437175,0.17743883050688758
test,v5_5_content_Abdallah-Elshamy_floyd-warshall_APSP-Floyd_Warshall.py.txt,5,5,0.0010963571708348747,0.02306473075904201,0.22340231125872742,0.25795288748913775,0.1975079239004715,0.2969757894217865
test,v5_6_content_1siddhi7_Floyd-Warshall_tk.py.txt,5,2,1.1135865170339676e-05,0.06922282429688181,0.2629375505637029,0.20352590266378748,0.2124935560969762,0.25180903051348136
test,v5_7_content_ghifarozarrr_floyd-warshall-algorithm_floyd.py.txt,5,3,4.2470144236753676e-05,0.0745696548846893,0.24081061543280755,0.3168546932636408,0.09351256599070083,0.2742100002839248
test,v5_10_content_nazaninsbr_Intelligent-Systems-CA3_Q3_Clustering.py.txt,5,5,4.8624408978159614e-05,0.28945480008961727,0.0762962452234928,0.20648605055643846,0.12003407462419949,0.30768020509727373
test,v5_26_content_dmallya93_Intelligent-Web-Services-Discovery-using-Clustering-Method_description_similarities.py.txt,5,1,3.250069919489819e-05,0.2835608947458454,0.12599650395564566,0.27913076885519633,0.0817609551375182,0.22951837660659963
test,v5_54_content_juancprzs_hierarchical-clustering-example_tutorial_python.py.txt,5,5,0.06999707319700371,0.20713725305258096,0.14218920111582636,0.22301311305486887,0.12261230906773528,0.2350510505119849
test,v5_55_content_siddbhatia07_MACHINE-LEARNING_Simple_linear_regression.py.txt,5,1,0.00016368683696464634,0.2861689119066721,0.21451052441209364,0.0893733220258339,0.246218063167617,0.16356549165081863
test,v5_61_content_cthorrez_deepsetLinkage_baselines.py.txt,5,5,9.101525113230753e-07,0.057038189039403185,0.2244697024392985,0.27643854094608455,0.14428891732382315,0.29776374009887924
test,v5_61_content_cthorrez_deepsetLinkage_plot_results.py.txt,5,3,0.00024381125113736286,0.1750473087436871,0.2153362065379478,0.34609766585963514,0.07064299782045039,0.19263200978714223
test,v5_86_content_sudarshan-koirala_Clustering-Algorithms-Comparision_hierarchical_clustering.py.txt,5,1,0.00042895884511196067,0.2725991359326815,0.19624318937865448,0.17077288283788197,0.09180050625743273,0.26815532674823744
test,v5_93_content_vishwakftw_extreme-classification_baseline.py.txt,5,2,0.006151805761353425,0.21683957102909948,0.2430353723310284,0.2247510601238214,0.1638129880175723,0.14540920273712496
test,v5_16_content_loalberto_Analysis-of-Compression-Algorithms-_HuffmanCoding.py.txt,5,3,0.019668601326579663,0.04325641472553759,0.11343266061529465,0.3720828253590829,0.18156930314699335,0.26999019482651176
test,v5_28_content_Mansy_HuffmanCode_Huffman.py.txt,5,4,0.0011802690853756398,0.016226090429554342,0.2434324391429213,0.12049993979067868,0.35683307150246024,0.26182819004900987
test,v5_45_content_craig-m-k_huffman-coding_heapify.py.txt,5,3,0.003782615521359556,0.038701137127702595,0.25671794199646836,0.3052024559047256,0.09768167389364786,0.297914175556096
test,v5_12_content_timhebert1963_InsertionSortAdvancedAnalysis_Hackerrank_TC2_1_length_441_answer_46768.py.txt,5,5,0.005174443276706563,0.1644746838067198,0.11228692318520007,0.22307540273826781,0.1749838696766516,0.320004677316454
test,v5_24_content_gly11_Sort_Run.py.txt,5,3,7.174379699638216e-05,0.023724474298411697,0.3057385666982137,0.3198160988877652,0.21700793702874072,0.13364117928987237
test,v5_24_content_lesdev_SortingMethods_Insertion.py.txt,5,3,0.00576432498668472,0.12313014167208533,0.20291368203551144,0.25273223596948025,0.24214963963112962,0.17330997570510873
test,v5_26_content_manzala_Analysis-of-Algorithms_merge_sort.py.txt,5,2,1.902949295382218e-05,0.014098859431260194,0.2707483790358738,0.23306767807268045,0.22721607033391142,0.25484998363332034
test,v5_42_content_matbot_Py_merge_vs_insert_sorts_insertionsort.py.txt,5,2,0.002985618632154304,0.03551313556531855,0.3193918271040991,0.2063854398034066,0.2725746036808394,0.16314937521418202
test,v5_46_content_arun-p12_sort-algorithms_quick_sort.py.txt,5,3,0.019736710158137348,0.041512551612686875,0.1304631701315117,0.2870773594562369,0.26013502897165924,0.26107517966976795
test,v5_46_content_arun-p12_sort-algorithms_shell_sort.py.txt,5,5,0.004596467589317121,0.02241712430768586,0.19107256810222498,0.23828357758610472,0.2304066956594582,0.3132235667552091
test,v5_54_content_ceydapolat_Sorting-Algorithms-Analysis_InsertionSort.py.txt,5,5,0.00562428601789293,0.1476323130273428,0.16501291343723873,0.19980150623079573,0.21090182714655392,0.27102715414017575
test,v5_10_content_patrickkingg_K-means_Clustering_kmeans.py.txt,5,3,0.0003289455676548667,0.021898961419948473,0.13579753634788316,0.40043710556897505,0.14587049118612364,0.2956669599094147
test,v5_14_content_gravelund-gis_MapSorter_KMeans_analysis.py.txt,5,2,2.167684248535829e-05,0.09372376479836805,0.27887234724048626,0.15363422981739822,0.2679513712868995,0.20579661001436272
test,v5_28_content_NurzatRakhman_k_means_k-means.py.txt,5,2,0.00024254815005163015,0.027738985012679296,0.2748181514942197,0.24300784221955737,0.2411534991744121,0.21303897394907986
test,v5_29_content_AouinaOns_K-Means-Clustering_K-means.py.txt,5,1,0.00038036744816484703,0.32663138241731476,0.11359261745898824,0.2423306848551611,0.12828234441473307,0.18878260340563788
test,v5_56_content_lpyhdzx_clustering_data.py.txt,5,2,8.621119421123304e-05,0.06819896267691368,0.27097331243485345,0.2498831174475812,0.23110552493858041,0.17975287130785997
test,v5_5_content_teawifi_k-means_clustering_loader.py.txt,5,3,2.149739657223052e-05,0.018705245424090647,0.21603280188728333,0.38499857158867407,0.04443615689032661,0.3358057268130531
test,v5_66_content_Mary268_K-Means-Clustering_k_means_clustering.py.txt,5,3,0.0024567990764511943,0.057664232308913516,0.27053771315756514,0.3732228353940012,0.10689437437848812,0.18922404568458093
test,v5_7_content_MercuryM_Metric-Learning_Q2_Aa_2.py.txt,5,3,0.00020176784743412222,0.035729813377757026,0.26053862171876996,0.29982020108591223,0.16434439696154177,0.23936519900858494
test,v5_96_content_jtwaugh_gap-statistic_gap.py.txt,5,4,0.0003884332382436401,0.17706902952830988,0.11337865961408747,0.23901975606021214,0.25389133022849997,0.2162527913306469
test,v5_10_content_ajcse1_Predicting_Picture_Orientation_NeuralNetwork_predict.py.txt,5,4,0.014174144801076174,0.09053130809820711,0.14759282225391337,0.20435620997008125,0.275584463642416,0.2677610512343061
test,v5_32_content_prakashsellathurai_OPTICAL_CHARACTER_RECOGNITION_PossibleChar.py.txt,5,1,0.34194298548292335,0.3603943877968748,0.0634181593478568,0.0016608152671415376,0.13416101887095513,0.09842263323424813
test,v5_46_content_whoif_Cost-Sensitive-KNN_plotHelper.py.txt,5,0,0.35898770341144787,0.1265315153285522,0.07816573418926126,0.11215629120174696,0.151057039279899,0.17310171658909276
test,v5_6_content_cooperlab_KNN_Survival_DataManagement.py.txt,5,1,0.012148468031333941,0.2805168054603461,0.26087753947866604,0.11883714694066567,0.23209740509100052,0.09552263499798763
test,v5_7_content_cp2-dc-info-lamp-2018_iris-knn_nao_somos_botanicos.py.txt,5,5,0.00038533235743515103,0.11919864366061622,0.08650201927583688,0.2020076107625031,0.22133349361338986,0.37057290033021867
test,v5_13_content_Ade-Adeleke_KruskalAlg_Kruskal_Algorithm__1_.py.txt,5,5,4.514707999833667e-05,0.2363623135928626,0.19526875074691155,0.05797673746103501,0.22374529843468297,0.28660175268450955
test,v5_16_content_drdeford_KruskalFlows_networkflows2.py.txt,5,2,0.16180643594547128,0.08862782592995051,0.28498201924957217,0.15941552470626255,0.18571064940012819,0.11945754476861538
test,v5_16_content_sharatchandraj_MaxBandwidthPath_DijkstrasNoHeap.py.txt,5,1,4.0210317690470606e-05,0.4360356186216209,0.12064634954784731,0.16251037247448022,0.11515841143445596,0.16560903760390522
test,v5_22_content_ABHIJIT-13_Kruskal-MST_kruskal.py.txt,5,2,2.3754791938627272e-05,0.14229892465091384,0.2572705979757682,0.2525732730195227,0.0992490430321373,0.24858440652971944
test,v5_32_content_arian100y_Travelling-Salesman-Problem_createCaminos.py.txt,5,4,0.012484787383716608,0.09402608483732508,0.2764442119284068,0.10867017243784391,0.2918407574109356,0.21653398600177198
test,v5_4_content_mincanhe_Network-routing-protocol_heap.py.txt,5,4,0.003502528416849956,0.15023380446468412,0.15545270036221553,0.1697529347130955,0.3016829356601877,0.21937509638296715
test,v5_6_content_petronius_minotaur_dimensions.py.txt,5,0,0.2779338062611305,0.2776944924639912,0.028578810299548882,0.05425480042348331,0.14651398102296978,0.2150241095288762
test,v5_7_content_AlmazMirlan_Kruskal-Algorithm-Python-Turtle_AlmazbekMCom-17Kruskals.py.txt,5,3,4.646498543230457e-05,0.07210198784164064,0.2663858164035814,0.31280932389172655,0.09060476551283002,0.2580516413647892
test,v5_7_content_Aly-Tomato_Prims-and-Kruskals_prims.py.txt,5,5,0.0001549704490261458,0.01507892441003469,0.14049782579301098,0.2471808299714716,0.20889804575016496,0.38818940362629156
test,v5_8_content_dianaelmasri_TravellingSalesManProblem_AStar_Kruskal_Recuit_test.py.txt,5,5,9.754254670552706e-07,0.007808456009494966,0.21636457625520392,0.14795961821302964,0.3077475624790467,0.32011881161775774
test,v5_14_content_Qutuf_Qutuf_urls.py.txt,5,4,5.625362604139485e-09,0.07827690742831404,0.2945013092510968,0.04715339623873026,0.3400075381318318,0.2400608433246645
test,v5_1_content_hipster-philology_pyrrha_config.py.txt,5,3,8.314997052811595e-08,0.02438657677975005,0.23153639207385146,0.27435025084729375,0.22837700329655491,0.24134969385257918
test,v5_23_content_uthea_lemmatizer_test_lemma.py.txt,5,2,0.11230650254197308,0.002602283949202165,0.4194215958530851,0.384823578466473,0.04580709437889324,0.03503894481037347
test,v5_25_content_aajanki_finnish-pos-accuracy_download_models.py.txt,5,1,0.008059567997187473,0.32214794153223086,0.25655689203950216,0.17659874995443067,0.10029989826366614,0.1363369502129827
test,v5_10_content_bradib0y_searchalgorithms_app.py.txt,5,3,4.431913416557132e-05,0.09373059890424879,0.2578042419978398,0.26412072833325745,0.2203675592176882,0.16393255241280022
test,v5_10_content_taneesh28_Linear-search_linear_search.py.txt,5,3,0.00014850113350955234,0.027015328741732254,0.25439370667583305,0.27009051484371965,0.17890839058599237,0.2694435580192132
test,v5_12_content_ikraj5120_Linear_Search_Linear_search.py.txt,5,5,7.201297931488922e-07,0.15562590275040622,0.21544503409376053,0.20752815320060586,0.19746482610306187,0.22393536372237235
test,v5_13_content_Pedinpsy_-inverted-index-search_hash.py.txt,5,5,0.00018561589548271535,0.07768227436735511,0.2239831160271371,0.2420687516528981,0.16016984885030264,0.2959103932068243
test,v5_13_content_Pedinpsy_-inverted-index-search_main.py.txt,5,5,0.004794889589637022,0.15508807748382097,0.09397868786966716,0.30949331819266035,0.08599583145545177,0.35064919540876266
test,v5_16_content_sanjay3001_Search-in-python_linear_search.py.txt,5,5,0.0002127739827965077,0.008947411599777778,0.20252801895996572,0.2856701000498643,0.21205431300056746,0.2905873824070282
test,v5_1_content_Chunning-Zhou_MILPBasedSearchAlgorithmDiff_main_feistel.py.txt,5,5,0.00012563502685669026,0.10104356662829651,0.26190517665450463,0.10957086598247981,0.24685228659530467,0.28050246911255766
test,v5_23_content_ayushkumarshah_Complexity-of-Linear-and-Binary-Search_code.py.txt,5,3,0.00012150487243616774,0.02076406118774968,0.25781050604940364,0.2579235713182894,0.21060988850795045,0.25277046806417064
test,v5_27_content_ashwinvis98_Particle-Swarm-Optimization-for-Robotic-Search-Applications_ultrasonic_test.py.txt,5,5,0.005418342674233428,0.0358366196760359,0.1842654257313175,0.1722519806456296,0.21559418296474567,0.386633448308038
test,v5_16_content_arifromadhan19_LinkedList_simple_linked_list.py.txt,5,4,8.45384839245889e-05,0.018135822255685635,0.2167633234035128,0.252943526496014,0.2625144704179866,0.24955831894287647
test,v5_24_content_pacslab_ACM-trans-papers-spider_ACMPaperSpider.py.txt,5,5,0.005741667996689332,0.2512914318490457,0.0810472647270798,0.23732332774086726,0.15362443252325012,0.2709718751630679
test,v5_29_content_MeriBalasanyan_Circular_Linked_List_circular_linked_list.py.txt,5,5,0.004614186677083527,0.19535851591097436,0.18075160602256238,0.20791261047488713,0.17684471761029605,0.2345183633041965
test,v5_2_content_Lok-lok_TestLinkedList_LinkedList.py.txt,5,4,0.009071032426855504,0.24990874032203514,0.13675318133060765,0.1178109133344253,0.2924023641426417,0.19405376844343467
test,v5_36_content_cyndyishida_QueueQuickSort_linked_queue.py.txt,5,3,0.003213554703783328,0.05944509143841099,0.14091023049922613,0.36286967583930685,0.1865416868191311,0.24701976070014164
test,v5_43_content_muhamuttaqien_python-data-structure_heap.py.txt,5,5,0.00667452171388542,0.03789042627930071,0.16460751171292184,0.23990871964980184,0.18186969206187853,0.3690491285822116
test,v5_46_content_lili668668_tensorflow-note_trytfb.py.txt,5,3,6.80759176579119e-05,0.029771176935119756,0.18252849420518283,0.3970611567183598,0.14895642614821686,0.2416146700754628
test,v5_4_content_DebashishSarkarDurjoy_DoublyLinkedList_doublyLinkedList.py.txt,5,3,0.028852417169334253,0.010686745688617487,0.2384243591228247,0.30444853889201723,0.13846999051162884,0.27911794861557754
test,v5_15_content_VakinduPhilliam_Pattern_Matching_Python_Glob_Directory_Matching.py.txt,5,4,3.1054420563129694e-08,0.16658616766179804,0.17648219709026816,0.06196390092140362,0.31069826924729405,0.28426943402481564
test,v5_1_content_susheelsagar_LCSS_final_loader.py.txt,5,1,1.7659077976093667e-07,0.2433598127758422,0.23855313696616,0.1574122293201015,0.18452355570311518,0.17615108864400147
test,v5_2_content_athulvijayan6_python-rlcs_lcssMain.py.txt,5,5,0.00024639378743293827,0.19891410009399726,0.12262686717547508,0.2055378178780877,0.22750885210917474,0.24516596895583231
test,v5_2_content_shreya21rathi_Longest-Common-Subsequence_lcs.py.txt,5,2,0.018221315849625865,0.11508267473499856,0.36620412330388835,0.2865262703396989,0.17894396521569533,0.035021650556092916
test,v5_3_content_pombredanne_string-alignment_LCS.py.txt,5,5,6.814297058192435e-05,0.016889601678560323,0.16056168498647588,0.3007115051145376,0.20060996206210158,0.3211591031877426
test,v5_10_content_SamAllegretto_NaiveBayes_bayes__3_.py.txt,5,1,0.05907949620511448,0.3348423120994366,0.16656380314622712,0.07368816116589641,0.2795531450527262,0.0862730823305992
test,v5_42_content_darshan-jain-29_ml-naive-bayes-working-demo_email_preprocess.py.txt,5,5,0.025106427545664244,0.06646094811855875,0.10038655189574526,0.16006336852268196,0.3125864079214293,0.3353962959959205
test,v5_76_content_mashfiq10_Naive-Bayes-classification_prob_1.py.txt,5,3,0.0018542366728229853,0.2699485771700484,0.1290961719385352,0.3104368300235854,0.10199488520048469,0.1866692989945234
test,v5_78_content_uptodiff_kdd-cup-99-Analysis-machine-learning-python_kdd_binary_classification_ANN.py.txt,5,3,0.0003121286374332249,0.2644766988803624,0.06312434548440995,0.3275208037502883,0.07913189174072144,0.2654341315067847
test,v5_11_content_AlfioEmanueleFresta_practical-one-time-pad-python_exercise2.py.txt,5,5,2.675471967167888e-09,0.0274339687000744,0.2485297858560323,0.12598968824708134,0.2783625974283983,0.3196839570929416
test,v5_12_content_cuhsat_practical_practical_test.py.txt,5,3,2.646911012075345e-07,0.00493085918994868,0.24042497027567888,0.2904691816136746,0.22073142896732065,0.24344329526227598
test,v5_14_content_b-hub_cracker_test.py.txt,5,5,0.00040766053300144085,0.11145996709176788,0.18630254544836816,0.15272125435048153,0.17333512201148465,0.3757734505648963
test,v5_23_content_git-remove_OTP-Decipher_decipher.py.txt,5,5,0.04528135784654027,0.20326085256957865,0.1559993246781112,0.18175416444516362,0.1409702221845417,0.27273407827606455
test,v5_27_content_aferaudo_xor_keyobtainer_xor_keyobtainer.py.txt,5,3,0.0024409458436767013,0.12689754626563277,0.18109373137420587,0.35259946223844085,0.05894309192196787,0.2780252223560759
test,v5_2_content_Liu-WeiYi_Private_Preserving_Outlier_Behavior_Detection_Abnormal_Scenario_Generation.py.txt,5,4,0.00725831220606529,0.08593437665597532,0.21358040039809814,0.1633348739861697,0.30369011308025845,0.226201923673433
test,v5_4_content_mrimahajan_advanced_analysis_package___init__.py.txt,5,3,6.041203538071689e-06,0.12286136602056845,0.157531482219842,0.30191183185748477,0.12815552460629046,0.2895337540922763
test,v5_3_content_iykadev_pyalgo_ackermann_func.py.txt,5,5,0.00013076304925383739,0.08479459086457461,0.1633587879931366,0.25659622550884387,0.22219910379231408,0.272920528791877
test,v5_3_content_iykadev_pyalgo_amb.py.txt,5,1,0.026428979942535454,0.3011764904462483,0.1858434981735948,0.06293795802558755,0.2795163145532457,0.14409675885878814
test,v5_3_content_iykadev_pyalgo_evolutionary_algo.py.txt,5,3,0.0034136441955687205,0.08235033719465454,0.21428246909789428,0.34617132806167555,0.12484490605309247,0.22893731539711432
test,v5_3_content_iykadev_pyalgo_VertexGraph.py.txt,5,1,0.004678286594544682,0.30249059090090724,0.1760998083209505,0.232450898109447,0.07068489176784414,0.21359552430630643
test,v5_4_content_Ityer_3x3_Squared_Magic_Square_Finder_randomGuessing_OLD.py.txt,5,1,0.0001386638630884406,0.38881401454756825,0.10419287041097998,0.0401703968474179,0.2424017002689227,0.22428235406202282
test,v5_100_content_adelaidaCreosteanu_scikit-learn-diabetes-exploration_lasso.py.txt,5,4,0.00026470179744628457,0.08251222222989629,0.30720779025985917,0.11758742726871049,0.33523641094794215,0.15719144749614558
test,v5_12_content_MarynaTatsevich_Machine-Learning-Regression-Techniques_SVR.py.txt,5,5,0.0015030182551187684,0.09344311581599725,0.22377090529246146,0.16873485389323173,0.2555102089629387,0.25703789778025227
test,v5_14_content_RohanYedagiri_Polynomial-Regression_poly.py.txt,5,2,0.004241981721398992,0.14825765625184342,0.31334466953270124,0.2091392673600261,0.17540984252628977,0.1496065826077405
test,v5_31_content_NorahJC_RegressionAnalyses_MultReg.py.txt,5,1,0.003696578696786893,0.2853691342096562,0.18734199503406163,0.20362655247944433,0.17464912180681744,0.14531661777323357
test,v5_34_content_Pratiksha100_polynomial-regression_regression_template.py.txt,5,2,0.01322429782081316,0.10023707642800306,0.2696715966888521,0.15029625725721268,0.2556506029597204,0.21092016884539863
test,v5_41_content_rinky97_polynomial-regression_my.py.txt,5,5,0.00010110513331363136,0.08241721533632687,0.24939833751315835,0.17162569265685423,0.2009609026465835,0.2954967467137635
test,v5_45_content_swatimani16_Polynomial-Regression_code_final.py.txt,5,5,2.253667393832947e-05,0.0691782953714521,0.24408817563284999,0.25722496652853755,0.1605402770353945,0.2689457487578276
test,v5_49_content_pranurs_regression-model_main.py.txt,5,2,2.4463944314640876e-05,0.043218355565118736,0.33565219601490887,0.12023148465213401,0.3168358413665061,0.18403765845701767
test,v5_5_content_alisarmusa_House-Price-Estimation_housePriceEstimation.py.txt,5,3,0.00014965433215292036,0.04400103720300258,0.1157093988316383,0.38807836494613035,0.10870409913320117,0.3433574455538746
test,v5_60_content_winnie9197_The-Coding-School-projects_linear-regression.py.txt,5,2,0.0011475074829587946,0.021334502294110703,0.2793536928019207,0.2484055457397031,0.17216990909553717,0.27758884258576944
test,v5_61_content_GauravRoy48_Polynomial-Regression_plr_GR.py.txt,5,4,0.0015480282145349414,0.09133475534819754,0.22379131249045497,0.15142493288787467,0.29800974320506324,0.2338912278538747
test,v5_64_content_hardik-dadhich_Polynomial_regression_model_poly_reg.py.txt,5,2,0.0021973920444403527,0.13297016513079907,0.2859108891091725,0.1498879107740386,0.20192616614511336,0.22710747679643625
test,v5_81_content_kiranathealea_regressionMachineLearning_Models.py.txt,5,4,0.0003602629041038251,0.07477646051527079,0.2101149872382038,0.1317991125994713,0.3838726851718947,0.1990764915710555
test,v5_12_content_croiden_successive-prime-numbers_generatePrime.py.txt,5,2,0.009454074887010238,0.15977087957100308,0.21753785644096132,0.193458921884316,0.20613982222795482,0.21363844498875462
test,v5_12_content_Rafelito19_Crypo-Number-Theory-Projects_ferm.py.txt,5,2,0.00017655102782158425,0.19165248464552762,0.23961400127742508,0.2185688170042642,0.11551917377806172,0.23446897226689975
test,v5_13_content_dannbleeker_SearchForPrimeNumbers_runPrimeSearch.py.txt,5,5,0.0009203100376597083,0.141860881918904,0.21902227271391791,0.2273904059483479,0.1694296196138742,0.24137650976729635
test,v5_19_content_orzal_python_prime_numbers_prime_numbers.py.txt,5,2,5.82727704042476e-05,0.039311650746136,0.32188285307794196,0.24770543341785323,0.23316385822736796,0.15787793176029674
test,v5_1_content_Fellfalla_prime-predictor_prime_predictor.py.txt,5,3,6.178330166928582e-07,0.14776856957877046,0.23665933141707235,0.26171781068382705,0.15535641111230428,0.1984972593750092
test,v5_23_content_cjonsmith_prime_prime.py.txt,5,3,0.0011377608744249053,0.06835849044297986,0.22350373500294807,0.25592953662341233,0.24603689862936048,0.20503357842687428
test,v5_6_content_kennedyCzar_n-th_monsien_number_monsien_number.py.txt,5,5,0.00010740588263990739,0.09759138355225401,0.12353935981978091,0.2994760535130777,0.1671034904687717,0.3121823067634758
test,v5_8_content_tochukwuokafor_Mersenne-numbers-Lucas-Lehmer-test-and-Sieve-of-Eratosthenes_mersenne_numbers_lucas_lehmer_sieve_of_eratosthenes.py.txt,5,2,8.225969886986034e-05,0.2316023609210696,0.2356128395980678,0.16785388361205986,0.22667265448474477,0.1381760016851882
test,v5_96_content_pisaniFosso_TMR_driver.py.txt,5,0,0.27639111936671157,0.22151700891884257,0.12069809288161211,0.13103207769884645,0.12290435773085644,0.12745734340313083
test,v5_9_content_jabrekadabre_prime-numbers_prime_nums.py.txt,5,5,0.00025727754822892226,0.2123644979317492,0.17363416982398489,0.1799463211348496,0.19356735556904217,0.24023037799214514
test,v5_10_content_chiragragarwal_Graphs_And_Networks___init__.py.txt,5,4,0.00028781797740863097,0.0009689749605462629,0.19970034181218482,0.015395744933425666,0.5292497746588319,0.2543973456576027
test,v5_1_content_muzixing_graph_algorithm_prim.py.txt,5,5,0.0034360843998434607,0.06133051519924776,0.22187668207627131,0.20864062331603223,0.21565793115921725,0.28905816384938793
test,v5_6_content_usbogie_MSTcreator_Sollins.py.txt,5,5,0.0038710270379303307,0.03474939080885775,0.2666141863675354,0.13989964753420397,0.2154004957318522,0.33946525251962045
test,v5_9_content_krj9cr_Hybrid-Prim-Dijkstra-GUI_main.py.txt,5,4,9.293015362140017e-09,0.08973379185884695,0.28976060887873933,0.059096778590351395,0.3417506428850263,0.21965816849402062
test,v5_23_content_ymohanty_data-analysis_analysis.py.txt,5,4,6.123684650546803e-06,0.14884100277505521,0.22557672062073483,0.11276222765229284,0.27197000917897396,0.2408439160882927
test,v5_27_content_AndresHerrera_PCA_Vowels_pca_training.py.txt,5,5,4.61449505857558e-06,0.09100055064103853,0.2303054342193906,0.1852803043122242,0.2449473132935854,0.2484617830387027
test,v5_40_content_furkanh_Principal-Component-Analysis_pca.py.txt,5,5,0.00044502567211314074,0.02153599568677574,0.2665374094570346,0.12758515232908713,0.2567176837827497,0.3271787330722396
test,v5_60_content_fabaloc_PCA_PCAstepbystep.py.txt,5,5,0.005916164877116122,0.05097427734280727,0.18362330736449867,0.23204641460280218,0.13945982613336844,0.3879800096794074
test,v5_68_content_huynguyenqc_DIP-PCA_json_logger.py.txt,5,3,0.025791087457685918,0.0073196938722625456,0.2955587447364878,0.3599741835840108,0.09762802590090873,0.2137282644486442
test,v5_89_content_dronabanerjee_PCA-and-EM_hw03.py.txt,5,3,0.00366549247824874,0.10357404666134601,0.15648163216417432,0.2585238367656206,0.2391947077907071,0.23856028413990332
test,v5_92_content_linasaha_Principal-Component-Analysis-to-generate-good-features-for-Handwritten-Digit-Recognition_PCA.py.txt,5,1,5.2560402595172143e-05,0.22744592822694404,0.1881796997539708,0.20411557707764974,0.20748559272915465,0.17272064180968566
test,v5_100_content_ssquantum_PyDex_mythread.py.txt,5,2,0.0035332925771953926,0.003382381885565914,0.26948057677818366,0.2567593342080925,0.2396449580150058,0.22719945653595666
test,v5_10_content_hmjansen_overflow-algorithm_overflow_algorithm.py.txt,5,2,0.001759447032083975,0.1350887056969269,0.23971754673045054,0.2310690077551317,0.19762455033590254,0.19474074244950437
test,v5_10_content_Raj-Kumar2208_linkedList-Stacks-Queues-Hashing_arrayStack.py.txt,5,5,0.0007596169313552914,0.056028988292128115,0.12454769140332435,0.16430206371188627,0.3173621322645631,0.336999507396743
test,v5_35_content_PeterUpfold_simple-temp-queue-pusher_simple-temp-queue-pusher.py.txt,5,5,3.408420809800544e-05,0.04671205583646576,0.1592340092645168,0.3538464617494596,0.08211129463127197,0.35806209431018776
test,v5_38_content_dareofmeashwani_Pre-Processing-Queue-For-Deep-Learning-Model_DataQueue.py.txt,5,5,0.2961176012021682,0.0410057337459938,0.05996999545157617,0.07106852447649879,0.22746319421251668,0.3043749509112465
test,v5_5_content_edison12a_bmrs-json-api_test_bmrs.py.txt,5,1,1.4547911646128689e-05,0.4461813563415117,0.09121747016709045,0.29809394044127363,0.04522623060487309,0.11926645453360497
test,v5_62_content_jkassis87_QueScreenDataExtractor_qsde.py.txt,5,4,0.0022721701439176118,0.2854989669907337,0.21338428266370194,0.06147329281604736,0.3615506640505673,0.07582062333503219
test,v5_11_content_TanaySinghal_SortingAlgorithms_sorts.py.txt,5,4,0.0019132870145005792,0.04046664589198952,0.21212178062500925,0.2337115091685286,0.26685217434267094,0.24493460295730116
test,v5_20_content_bradruck_Quick_Sort-python_Assignment_7-P12.9.py.txt,5,2,0.009419241561312413,0.2735047135767952,0.27427085294980036,0.13480141387364952,0.1310285470964235,0.17697523094201897
test,v5_25_content_bisigc_python_quicksort_quicksort.py.txt,5,2,0.003165908635920904,0.0005856104392123599,0.3771801550311773,0.2954983582178199,0.14343739725366153,0.1801325704222081
test,v5_26_content_hemidactylus_skanfixer_sfUtilities.py.txt,5,5,0.024570203313624844,0.046166444614151265,0.16536201625291674,0.2713376559535003,0.12478318841983298,0.3677804914459739
test,v5_31_content_alexthejewell_photo_sorter_get_photo_data.py.txt,5,3,0.10690747840199319,0.17426584602726594,0.09475140794030598,0.3120888145787885,0.056049517991397096,0.2559369350602494
test,v5_3_content_iRGBit_indexhelper_all_indexer.py.txt,5,3,1.977902401975851e-05,0.07637999234380095,0.09789975569860637,0.3830026177293857,0.17253073862692286,0.27016711657726433
test,v5_5_content_chriskbwong_quickSort_quickSort.py.txt,5,5,0.0019292685596296049,0.17397666076914572,0.20884328093102328,0.17974470983875926,0.19174286785986655,0.24376321204157553
test,v5_6_content_austinteshuba_QuickSort_Sort.py.txt,5,3,0.003801643586309349,0.22723025696413598,0.17463539741603964,0.28309038560041444,0.11527216920705965,0.1959701472260408
test,v5_80_content_arun-p12_sort-algorithms_quick_sort.py.txt,5,5,0.019544365422928287,0.08664325949093925,0.18060261043885611,0.2620520710351291,0.13240167041599094,0.3187560231961562
test,v5_11_content_momaabna_Python-create-password-list-_creatlist.py.txt,5,3,0.009180956123190654,0.1443824689064894,0.21306978515282438,0.2606023222816193,0.17024570042697199,0.20251876710890432
test,v5_19_content_andryak_complib_test.py.txt,5,5,0.00036459254035312055,0.01693225633554632,0.16327212979699876,0.31467522684760474,0.18893140619592788,0.3158243882835692
test,v5_27_content_michaelbauerinc_TowersOfHanoi_node.py.txt,5,3,0.0005512933465235342,0.04374522467682724,0.08213736829202205,0.2983731747794273,0.27810254607232504,0.2970903928328748
test,v5_29_content_ntzhong_box_api_modify_links_main.py.txt,5,3,0.0004872168080985345,0.07220909473850898,0.24172973903044237,0.27376063773448817,0.2046516220723058,0.20716168961615625
test,v5_33_content_prabhatpal77_Complete-core-python-_dictcomp.py.txt,5,5,0.0008313029419585034,0.024068643168223224,0.030049085628433846,0.2720919449782285,0.3296438764427057,0.34331514684045017
test,v5_4_content_doronbruder_Recursive-functions-_ex7.py.txt,5,5,9.753568564767277e-05,0.070733450993391,0.12714360867162097,0.2837819198303126,0.23442467439101397,0.28381881042801377
test,v5_16_content_exitmsconfig_python_knn.py.txt,5,2,3.661903551670046e-07,0.12367849015724974,0.2797258664051022,0.15886537922707944,0.24363024537445346,0.19409965264575996
test,v5_2_content_Nathan-Binkley_My_RSA_M_RSA.py.txt,5,5,1.62861071537728e-05,0.1403695698053127,0.1012330429383655,0.24821647420301332,0.2490676152291339,0.2610970117170209
test,v5_37_content_henritomas_ECE151-RSA-encryption_client.py.txt,5,1,0.028847565465290426,0.37742369550400884,0.0920268642797989,0.22392476483295481,0.09568488020335483,0.18209222971459232
test,v5_41_content_yujiaoliang_rsa_yu01.py.txt,5,5,0.00031548123651591937,0.04811721464281936,0.21400945870393642,0.18767046907197796,0.2421799468030401,0.30770742954171026
test,v5_43_content_strmrider_RSA_utilities.py.txt,5,3,0.0002462365196962961,0.11473659489453798,0.21311681837879387,0.2598413794931677,0.21171911560463405,0.20033985510917005
test,v5_55_content_Ali-Ouahhabi_AesRsa_cipher_structure.py.txt,5,3,0.0003425178556186761,0.1385304370296934,0.20762549393628116,0.2579065211418251,0.16396851623819939,0.23162651379838234
test,v5_67_content_peterjhyoon_rsa-math_math_functions.py.txt,5,2,1.6805774413830368e-07,0.1695115572276781,0.29471463505590695,0.20301813550699327,0.1864071081829784,0.14634839596869909
test,v5_6_content_JayDogon_RSA_Encrypt3.py.txt,5,5,7.439678999211537e-06,0.022376971146748754,0.08799839709451225,0.3812656292037048,0.11140133981646257,0.3969502230595725
test,v5_92_content_zaldis_RSA_tester.py.txt,5,3,4.6676488936756315e-05,0.035150926674471165,0.09333079998846376,0.35461253124525705,0.16564382425826837,0.35121524134460286
test,v5_13_content_chandimajayawickrama_Simple-Sorting-Algorithms_insertion_sort.py.txt,5,5,0.025163547673473785,0.07746461238091247,0.11406105229662221,0.21242730756285777,0.16473337703280164,0.40615010305333205
test,v5_15_content_hgdsraj_python_vs_ruby_speed_analyze_script_cpp.py.txt,5,5,5.633115003972573e-05,0.10310796627830177,0.2124189300880616,0.2618836688428167,0.13885170496959395,0.28368139867118614
test,v5_15_content_Jagdishkharatmol_Sorting-techniques-_pythonin.py.txt,5,2,0.006722592544391994,0.07038661856324044,0.3233248734602496,0.18337873344004105,0.23463375461132222,0.18155342738075464
test,v5_16_content_johnllanos_selection_sort.py_selection_sort.py.txt,5,5,0.062316496673853396,0.007450996101050092,0.17776720353570352,0.22195873059352714,0.23703154304749882,0.2934750300483671
test,v5_34_content_rajdas2001_Sorting-of-lists-arrays_Bubble_Sort.py.txt,5,5,0.12929046748661555,0.05665487552957895,0.14568291950088227,0.10014616684740714,0.21824887298822646,0.34997669764728967
test,v5_35_content_sviznyuk_pokemon-selection_select_pokemon.py.txt,5,3,0.00031803710520319817,0.10252897410966548,0.19326939647180277,0.37019204311850895,0.05886039302502023,0.27483115616979936
test,v5_39_content_lorenzo3117_python-sorting-scripts_sortingScript.py.txt,5,5,0.0012034497785843978,0.12642913506484008,0.12050207632594023,0.30969908279469327,0.09910150517640053,0.34306475085954136
test,v5_41_content_sarahandert_python-practice--sorting_sample5.py.txt,5,3,0.09428064955977561,0.004570610758139222,0.10392030864204824,0.3952407595099199,0.08104669986295394,0.3209409716671631
test,v5_5_content_Algomaster0628_SelectionSortAlgorithm_selection_sort.py.txt,5,4,0.00459141850867564,0.005972051645699027,0.22404116642401625,0.2533732711992492,0.27347082753888596,0.23855126468347387
test,v5_2_content_IhsanPratama_ccvs_main.py.txt,5,3,3.263706730898155e-05,0.17450954333423796,0.21917774504662038,0.2268798830412143,0.20785173757385786,0.17154845393676055
test,v5_10_content_zpeterg_bmig_5003_count_words_getFile_test.py.txt,5,2,9.879158835260212e-07,0.21972050041047983,0.2469474567711817,0.14533719067084122,0.2075162160563435,0.1804776481752701
test,v5_13_content_preetidurai_Spam-Ham-Classification-using-NB-and-LR_NBHelper.py.txt,5,3,3.318139123659123e-05,0.01643661638066913,0.18904908732650624,0.29039316891521366,0.2521285800469611,0.2519593659394132
test,v5_16_content_NB-prog_INTERN-2019_similarity_eval.py.txt,5,2,0.0005986276569701853,0.07171251089714407,0.3635311916580209,0.24320796356183,0.13973557875860282,0.1812141274674319
test,v5_16_content_NB-prog_INTERN-2019_train.py.txt,5,4,5.807272184417797e-05,0.1610886635541798,0.16648903442053817,0.0949583835113246,0.3207627866484409,0.2566430591436723
test,v5_18_content_ashwinjoseph95_reviewanalysis_natural_language_processing.py.txt,5,4,7.847613676901748e-05,0.058325404588618075,0.266849259394451,0.10789400789331612,0.2884102228465275,0.27844262914031837
test,v5_18_content_Mital188_Logistic-Regression_logistic_regression.py.txt,5,5,0.00019940713523934283,0.08687262008115353,0.23311633883361627,0.2250890738288696,0.17299393958010523,0.281728620541016
test,v5_20_content_aditiopangestu_spam_data_converter_lingspam_filter.py.txt,5,3,0.0004683234418675264,0.13411264923366925,0.1878958624466673,0.29880214981069436,0.10452919814142503,0.2741918169256764
test,v5_22_content_vrpandey_Training-and-Comparing-Models-to-Predict-Customer-Satisfaction-Index-_main.py.txt,5,2,0.0011837027258966538,0.11977530812255903,0.32142845686486327,0.19353117889488597,0.19501598181684415,0.1690653715749511
test,v5_28_content_vinaykumarbu_sentiment-analysis-deeplearning_data_helpers.py.txt,5,5,5.433384973750456e-05,0.08354060890484556,0.19112387184698948,0.21695810192180567,0.23630649454065653,0.2720165889359652
test,v5_28_content_vinaykumarbu_sentiment-analysis-deeplearning_gui.py.txt,5,3,0.0038655552314430853,0.022775191961711842,0.2861429209794801,0.3196712738285229,0.12429154194305075,0.24325351605579135
test,v5_3_content_tusizi_document-analysis_jieba_cut_document_to_vocabulary_with_nominal.py.txt,5,2,3.030888172705031e-06,0.05076395600857256,0.2950291522691941,0.20881948329393143,0.2898980966216465,0.15548628091848274
test,v5_3_content_tusizi_document-analysis_mllib_tfidf_with_stopword.py.txt,5,2,0.00014728131942877158,0.11111596413219903,0.28776478822038093,0.19169324227550222,0.1842172245818634,0.22506149947062556
test,v5_1_content_DanShai_kernalized-tsne_main.py.txt,5,1,0.1869033055707826,0.23866385446181318,0.17366865156402758,0.17212543709672165,0.13099683842539367,0.0976419128812614
test,v5_3_content_Lochanahasith_t-Distributed-Stochastic-Neighbor-Embedding-t-SNE-on-EC-dataset_tsne_with_ec.py.txt,5,1,9.499301420484257e-06,0.3813929112948438,0.2480927173652576,0.09478192907646282,0.2126927259539195,0.06303021700809572
test,v5_14_content_tusizi_document-analysis_jieba_cut_document_to_vocabulary_with_nominal.py.txt,5,3,2.2072536860562366e-06,0.0625620988034149,0.2009272079758524,0.2511163176944824,0.23750825510244808,0.24788391317011615
test,v5_14_content_tusizi_document-analysis_mllib_tfidf_with_stopword.py.txt,5,5,1.6417571354467584e-06,0.1179401756627929,0.22344874439741164,0.18439725369278745,0.19866337131329379,0.27554881317657887
test,v5_3_content_avinashbhat_keyword-extraction-using-tf-idf_main.py.txt,5,3,0.00014831996081376283,0.27996121001968,0.03431789483323935,0.38114815664476126,0.06254779614541187,0.24187662239609373
test,v5_44_content_Tian14267_Text_Keywords_Keywords_main_MutilSentence.py.txt,5,5,5.5548674185444196e-06,0.10674491843357667,0.24766092896230296,0.2121697811638269,0.16848974962922272,0.2649290669436522
test,v5_45_content_raopg_Search-Engine_app.py.txt,5,1,0.19214604239755492,0.24489606720166618,0.12603063306442386,0.1756577290889897,0.10848994620945317,0.15277958203791203
test,v5_46_content_loulai_InformationRetrieval_information_retrieval.py.txt,5,3,7.838194906543312e-07,0.02171087899848463,0.2132232861676283,0.33412789079698674,0.13008693546277011,0.3008502247546395
test,v5_55_content_wangfan950309_TF-IDF_tf_idf.py.txt,5,3,0.0007609000230104077,0.023948928776669334,0.11534574347595516,0.3621717383714424,0.155198264271343,0.3425744250815797
test,v5_58_content_zhaoyichanghong_machine_learing_algo_python_knn.py.txt,5,4,0.04997204841649991,0.08653732337741553,0.22774483952922672,0.13263354118418735,0.2952254703139058,0.20788677717876472
test,v5_66_content_Fremont28_movie_recommender-_movies_tfidf.py.txt,5,4,6.195062504519264e-07,0.06763720183838899,0.24629435836082425,0.23044916596070364,0.24993103312802958,0.2056876212058031
test,v5_13_content_zerolxf_VRL-SGD_process_tiny_magenet.py.txt,5,1,0.001109136216648694,0.27584018590795056,0.16390227606151736,0.08622541982282583,0.2710523978470431,0.2018705841440144
test,v5_28_content_akrolewski_NonlinearMassFaster_tabulate_fiducial_rnl.py.txt,5,4,0.00015959881991864472,0.18302863913332962,0.2631093195511508,0.06136688627838556,0.32834488282238095,0.16399067339483436
test,v5_2_content_facebookresearch_reward-estimator-corl_configurations_continuous_uniform.py.txt,5,2,9.820357713765377e-05,0.06398989224154832,0.29122879745180313,0.28453794554354633,0.16663118592930756,0.19351397525665712
test,v5_35_content_facundoq_rotational_variance_experiment_accuracy_vs_rotation.py.txt,5,3,5.9210070478178405e-05,0.03318002579747836,0.1793445243752885,0.34965028093117356,0.0980329291594693,0.3397330296661121
test,v5_6_content_hongzimao_input_driven_rl_example_script.py.txt,5,5,0.08191350840835515,0.013845461435769209,0.21713533760886713,0.2500849071940053,0.08466274093459852,0.3523580444184046
test,v5_79_content_astrojneil_AllanVarCodeFinal_allanVar_plot.py.txt,5,1,0.0005278783258430001,0.266261836358693,0.19132508637217546,0.223695879919409,0.1660337651219239,0.1521555539019557
test,v5_88_content_hfk97_VaR_VaR.py.txt,5,5,1.804233314562917e-05,0.030543136135850354,0.1249931742504983,0.27037635229088824,0.25100979616538976,0.32305949882422785
test,v5_8_content_Develop-It-19_Random_Forest_RF_Classifier_Wine_Quality.py.txt,5,5,7.31656476967503e-06,0.20197059215600868,0.22497198737352503,0.1387265984860972,0.20842809157236813,0.22589541384723116
test,v5_21_content_DaSunnySide_Stock-Analysis_jsonpractice.py.txt,5,4,0.0024680789281799507,0.13206520013437892,0.2707903388033509,0.04098447279797567,0.34490351844390754,0.208788390892207
test,v5_39_content_jschriemer_Tennis-Tweets_web.py.txt,5,4,0.0009619510978066283,0.1868598740078463,0.1901110295769443,0.15737161516598697,0.3214666644238944,0.1432288657275214
test,v5_42_content_naomistuart_flight-scraping_main.py.txt,5,4,0.0007647015708903582,0.15027752353692367,0.2608278868731789,0.10694121958231292,0.30423052776116616,0.17695814067552798
test,v5_45_content_umtpfe_Projet-scrapy_test2.py.txt,5,3,0.0001025350136256928,0.03957498717025898,0.1822965085599935,0.32380339458884394,0.23400905981068673,0.22021351485659116
test,v5_66_content_furkanturkn_python-beautifulsoup-take-news-post-from-the-site_take_news.py.txt,5,3,0.0005548477655962937,0.2652708792561682,0.11023768279501528,0.2693555599593058,0.16347056960157705,0.1911104606223374
test,v5_80_content_andrediasesp_web-slinger_scraping.py.txt,5,3,3.150761600710207e-05,0.17610371272424488,0.20522697011386173,0.36142377473125553,0.08261619641120987,0.17459783840342077
test,v5_89_content_pratikdeshmukh2004_Web_scraping_flipcart.py.txt,5,5,0.00034427413847309236,0.09565944257523802,0.2273932646499192,0.2139788307282341,0.11081203087597373,0.3518121570321619
test,v5_94_content_ytnguyenedalgo_scrape_retail_site_scrape_macys.py.txt,5,3,0.01160597888545,0.048085740687020574,0.14926885021060554,0.3493024603797485,0.21523627264051579,0.22650069719665952
test,v5_9_content_chaseycodes_StockX-Scraper_2-sneaker_scraper.py.txt,5,5,0.0028382948934777734,0.22711362737834337,0.1435777035937395,0.22596126776864547,0.08522401808421236,0.31528508828158147
validation,20_content_Numanor_pyssocks5_local.py.txt,0,0,0.37325710379285315,0.24734080249119836,0.05455160986941304,0.05160293250921284,0.2041841026772881,0.06906344866003457
validation,3_content_srimani-programmer_AES-Cryptographic-Tool_Script.py.txt,0,0,0.8495435556999398,0.0011616817570916504,0.02085384327836098,0.08492632857535204,0.006572590699402489,0.03694199998985317
validation,4_content_HamzaMhirsi_Chat-Server-Client-Python-AES-SHA_server.py.txt,0,0,0.5963408681423684,0.22140564545528815,0.03612483252487867,0.014191497063276695,0.08564410579686028,0.046293051017327835
validation,5_content_LuttaKing_AES-style-Encryptor-Decryptor_encryptorGUI.py.txt,0,0,0.48647399002503927,0.3640183728002729,0.042018751254133485,0.009680428144535628,0.08099191373248964,0.016816544043528954
validation,9_content_Technofreakcritic_MQTT-AES-Compression_pub_aes.py.txt,0,0,0.5489656056761545,0.08083324720291334,0.09042943441071542,0.017620613548359334,0.21962522376342214,0.042525875398435234
validation,10_content_Ethan2018_Apriori_APRI.py.txt,0,0,0.7242111757729361,0.019461578783487955,0.06705235762009387,0.020476198893679746,0.12125916710605325,0.047539521823749
validation,11_content_SabikAbtahee_Apriori-Implementation_AprioriAlgorithm.py.txt,0,0,0.36018391555691054,0.004024098530652747,0.030089161177470028,0.2893959391543698,0.024266608520921627,0.2920402770596754
validation,14_content_Dawlatly_Recommender-system_apriori.py.txt,0,0,0.6235113389893152,0.17878297272097463,0.06913679937839083,0.04216261258245175,0.07331768960330393,0.013088586725563647
validation,14_content_wiktorjl_algorithm-apriori_apriori.py.txt,0,5,0.015801707159041348,0.22091334280821212,0.08377586509752671,0.17727871525741812,0.18238371940780615,0.31984665026999554
validation,3_content_Avinash793_FPGrowth-and-Apriori-algorithm-Association-Rule-Data-Mining_Apriori-algorithm-using-HashTree.py.txt,0,2,0.2032183684942914,0.11535341666492795,0.3004934355370309,0.030540809410900756,0.23862695622364558,0.11176701366920347
validation,3_content_ravinderiiit_Market-Basket-Optimisation-by-apriori-Algorithm_apriori.py.txt,0,0,0.5130002774122799,0.06346396289173543,0.06376611791196753,0.012966183890323037,0.2626002667213882,0.08420319117230586
validation,4_content_shivang98_Market-Basket-Optimization_apyori.py.txt,0,5,0.052431716566735974,0.0341040731070052,0.26790765896311636,0.24799829309304577,0.10663038697940642,0.2909278712906903
validation,5_content_aaronzira_apriori_miner.py.txt,0,0,0.5038924249472532,0.1303098213525389,0.07614255169842583,0.10092362178193894,0.12299285806267021,0.06573872215717283
validation,5_content_kushagradarkdk_AssociationRuleMining_Apriori_Comet.py.txt,0,3,0.0014765164815182697,0.08824449041664176,0.16471639044451486,0.34883717504931167,0.12989890404004242,0.26682652356797093
validation,7_content_akshattrivedi_IT-Sales-With-Recommendation-System_manage.py.txt,0,0,0.5624633546224993,0.0720762553226173,0.1364084663843202,0.016598773942174072,0.1333887444767524,0.07906440525163672
validation,7_content_DMDarkness_Data-mining_Example_pyclt_fp2ar.py.txt,0,0,0.545498027526566,0.16397905452684058,0.14910189111450814,0.003277639010459304,0.12822467421571374,0.00991871360591222
validation,7_content_DMDarkness_Data-mining_fp2ar.py.txt,0,0,0.5609353634933599,0.03288883111093143,0.0982122124990596,0.029027686005513226,0.22212313732578476,0.05681276956535099
validation,1_content_sadnessFree_arima-lstm_combine-svm.py.txt,0,0,0.6288785449435635,0.20262114586045318,0.050326056836959315,0.051956977846041884,0.031807060453391475,0.03441021405959044
validation,1_content_sadnessFree_arima-lstm_combine.py.txt,0,0,0.6957572350633432,0.13712700502901712,0.03358496065127224,0.0644187201549546,0.031627612718570446,0.03748446638284251
validation,28_content_yifan0330_stock-trader_stocktrade_final.py.txt,0,0,0.720250849202083,0.017936470009362066,0.0468766099993105,0.06344343853908646,0.11612779466803909,0.03536483758211877
validation,28_content_yifan0330_stock-trader_stocktrader.py.txt,0,0,0.720250849202083,0.017936470009362066,0.0468766099993105,0.06344343853908646,0.11612779466803909,0.03536483758211877
validation,2_content_polyphilz_pricing-weather-derivatives_clean_data.py.txt,0,0,0.558814944668486,0.039569681100135985,0.06257223528164917,0.09273035005598244,0.0363482347044157,0.20996455418933085
validation,2_content_yyqcs_time-series-model_encoder_decoder_fullv-1.py.txt,0,0,0.49738983035504114,0.06800867008245412,0.12302560642928588,0.05574127012733345,0.10284654584747795,0.1529880771584075
validation,3_content_rentseen_ARIMA-forecast_CAVMP.py.txt,0,0,0.8864379591115767,0.012541698932873227,0.005329417615095629,0.017305449620047743,0.04768670656335129,0.030698768157055262
validation,47_content_Eric-Muthemba_investing_scrapper.py.txt,0,0,0.32940499603424755,0.15925085343956522,0.24596392259172806,0.11969945893147638,0.10076122432981002,0.044919544673172704
validation,48_content_harishchellappa_Time-Series-Analysis-Bike-Sharing-Demand-Forecasting_forecasting_2.py.txt,0,5,0.27588336323394663,0.10890609596015757,0.05758162168995118,0.009350861446937475,0.15914271779710412,0.38913533987190313
validation,9_content_MauTorresE_ARIMA-Forecasting-AutoSelectParams_ARIMA_model.py.txt,0,0,0.4090231873687481,0.32844141838939445,0.06983765507228126,0.02547919271667799,0.12435307123017332,0.04286547522272488
validation,1_content_dedeco_dijkstra-bellman-ford_teste_lobo_djt.py.txt,0,0,0.6409651048956077,0.17559961606139637,0.00993322392489734,0.00199392499427816,0.158783077154032,0.012725052969788524
validation,7_content_ardyerwanda_SDN-Bellman-Ford-Pyretic_routebellman.py.txt,0,0,0.6142741771240849,0.1273404739761329,0.05991831394441935,0.030881757145122164,0.1285678103427548,0.039017467467485814
validation,7_content_ardyerwanda_SDN-Bellman-Ford-Pyretic_routing2cost.py.txt,0,0,0.26945130353232605,0.03911736207109331,0.16008798186364645,0.24386401143251812,0.11003635367837979,0.17744298742203637
validation,11_content_davedennis_DFS-and-BFS-Search_dfbf.py.txt,0,0,0.5826198051002791,0.17378078112142514,0.02186695772569757,0.029241815096209146,0.153152431038518,0.03933820991787104
validation,1_content_minar09_bfscore_python_evaluate_single_image.py.txt,0,1,0.13723696392917914,0.3763282410606822,0.03809572347255752,0.07645752515690786,0.11938288225654499,0.25249866412412847
validation,38_content_SamDaQueen_Algorithms-In-Python_Binary_Search_O_log2n_.py.txt,0,0,0.5692589236190294,0.1317905303681204,0.04930363856853021,0.0639984991237009,0.06620706747854666,0.11944134084207231
validation,43_content_odubno_ford-fulkerson-max-flow_test_max_flow.py.txt,0,0,0.41985141078498195,0.09393910832597022,0.13605548507981188,0.08268256224851371,0.1144999624955022,0.15297147106522008
validation,51_content_rrraharja_Kecerdasan-Buatan-AI_Project_DFS.py.txt,0,0,0.6278504276302402,0.021963041670480608,0.0181694114291254,0.1162991732516454,0.008186830724040615,0.20753111529446772
validation,59_content_orzinger_8-Puzzle-game_World_State.py.txt,0,0,0.411853567204598,0.015590837120542985,0.0573081922626823,0.19194172064170356,0.1565469086399432,0.16675877413052995
validation,7_content_mhkhojaste_sliding-puzzle-with-search-algorithms_Problem.py.txt,0,5,0.02492636988948881,0.0006369477927184868,0.10291014464785822,0.184925293771107,0.29072865795616676,0.3958725859426608
validation,10_content_circulosmeos_haveibeenpwned-binary_pwned-pass-binary-fast.py.txt,0,0,0.427568633340044,0.20873731551159358,0.0820485765459447,0.1596956828088288,0.07406861434784674,0.04788117744574225
validation,10_content_gochieng_BinarySearch_test.py.txt,0,0,0.3604361710165491,0.04044527174471311,0.12633428315561648,0.022673491450454324,0.2807474413338253,0.16936334129884167
validation,10_content_ivanbgd_Self-Balancing-Binary-Search-Trees_Test_BST_Iterative.py.txt,0,1,0.4256375681953013,0.426319720797108,0.03720862582178883,0.019177844724541034,0.04858589217529049,0.04307034828597032
validation,22_content_N8Brooks_lcs_hash_search_lcs_finder.py.txt,0,0,0.5929483372850501,0.10509583400393012,0.11160597328144284,0.03130707253711337,0.05136878258117543,0.10767400031128813
validation,24_content_Patrik-Stas_kata-bst-tree_bst_ll.py.txt,0,0,0.9579202727747932,0.002140525261031464,0.00926724613103473,0.009202078535773964,0.00727280198170242,0.014197075315664168
validation,3_content_6e726d_binaryninja-search___init__.py.txt,0,0,0.48174571913341363,0.04602042403534416,0.13709075949669447,0.12305509975121737,0.07220874034483925,0.13987925723849123
validation,40_content_ajh1143_BinarySearchTreePractice_BST.py.txt,0,0,0.3651651457181449,0.14305450421558688,0.1476389173057008,0.05890446607581016,0.14132924832260355,0.14390771836215369
validation,4_content_vieirinhaabr_balanced_binary_search_tree_tree_tester.py.txt,0,0,0.33506644618340453,0.2923429270430104,0.027933377957948466,0.019214156509763717,0.15599416991947423,0.16944892238639866
validation,54_content_pr1998_Student_Management_System_main.py.txt,0,0,0.4191905966742919,0.3197470341850615,0.10701063832692305,0.05082876459599847,0.08294996885686984,0.02027299736085531
validation,7_content_kristianespina_python-binary-search-tree_binary_search_tree.py.txt,0,0,0.5026365278231659,0.052472267962810556,0.18220598461839402,0.10036386516263773,0.13415273124116506,0.02816862319182657
validation,10_content_shehand_Game_Graphics_using_Binary_Search_Tree_calc.py.txt,0,0,0.4734554923904858,0.179153301298582,0.1395115762205078,0.032207520970003824,0.12373669980440073,0.05193540931601978
validation,18_content_HDShaw_Runaway-Reservation-System-BST-_AVL_tree.py.txt,0,0,0.7279195353152528,0.046414112032384644,0.10447391847242259,0.02820056944711316,0.05143865396301868,0.041553210769808197
validation,1_content_jdmcpeek_pretty-print-binary-tree_tree.py.txt,0,0,0.42266328658851166,0.3229836938777993,0.06356154724652362,0.018035165302537837,0.1519437304534384,0.020812576531189068
validation,20_content_kristianespina_python-binary-search-tree_binary_search_tree.py.txt,0,0,0.5026365278231659,0.052472267962810556,0.18220598461839402,0.10036386516263773,0.13415273124116506,0.02816862319182657
validation,33_content_hexingwei_Binary-tree_tree.py.txt,0,0,0.3514799629024067,0.2913755073749175,0.08917732623250645,0.015112310437807995,0.20904517735667044,0.04380971569569117
validation,3_content_WDI-SEA_python-binary-trees_twenty_questions.py.txt,0,3,0.1583608812641852,0.12152575847768513,0.1955487405664226,0.22383481165263305,0.11238401909695785,0.18834578894211623
validation,4_content_fcunhaneto_py-binary-trees-draw_node.py.txt,0,0,0.5146305728087659,0.18348984499056467,0.06456220836404902,0.07909377081740848,0.1242050551543164,0.03401854786489549
validation,88_content_ilkayDevran_HEAP_and_BTS_Implementation_binarySearchTree.py.txt,0,0,0.4410805895620878,0.05824313091318314,0.16782736427240438,0.128315453404416,0.1307071547295795,0.07382630711832919
validation,23_content_mkhambat_Bubble-and-insertion-sort_sorting.py.txt,0,0,0.46457778313476517,0.14986432079609405,0.16382898241313115,0.0077587239813336,0.19915008282660845,0.01482010684806764
validation,26_content_naviechan_sortingAlgorithmDemo_main.py.txt,0,0,0.8177012208365491,0.043612457110806094,0.01214311669337711,0.02196208625472784,0.044861165216526416,0.05971995388801369
validation,29_content_zcogley_Bubble-Sort_bubble_sort.py.txt,0,4,0.25055031417295365,0.21141579150398934,0.11858156760539261,0.05001852491542499,0.29145141347653236,0.07798238832570697
validation,30_content_thomasjedstrom_Bubble_Sort_Selection_Sort.py.txt,0,0,0.6259058387194628,0.23513682914744388,0.07046145142973899,0.018471841161433848,0.040271772926031374,0.00975226661588908
validation,31_content_atorulia_Some-kind-of-sort-algorithm_InsertionSort.py.txt,0,0,0.49313689625359,0.17563528400851403,0.029071521309480094,0.007416232428297237,0.20434840601658222,0.09039165998353656
validation,31_content_Cadellinman_RB-EmailSorter_RedBubbleSorter.py.txt,0,1,0.32010371861227427,0.40888310691753676,0.07606080048499252,0.0045106919301002475,0.14196987205466455,0.04847181000043162
validation,53_content_RefaelBeker7_Sorting-Algorithms-Python_ExampleSort_sixDifference.py.txt,0,0,0.7052895620046986,0.16053744305383805,0.07560976424557314,0.017121523849681183,0.03875119342182609,0.0026905134243831834
validation,5_content_kheguy_bubbleSort_bubbleSort.py.txt,0,0,0.4946354422842481,0.16218447087572216,0.11408063366617917,0.05904866172667656,0.1503778410571605,0.01967295039001355
validation,67_content_TadayoshiCarvajal_Sorting-in-Python_sortingAlgorithms.py.txt,0,0,0.6602054780396246,0.022912029258502886,0.0430795275734399,0.07279813841526991,0.10516846278160245,0.09583636393156039
validation,81_content_jvdwyer_Sorting_Sorts.py.txt,0,0,0.5366174373587576,0.03666613647151594,0.18030246011424558,0.10463888533079976,0.03459634688959503,0.10717873383508612
validation,19_content_Shooobz_BigData-ProjectOne_mongoSandbox.py.txt,0,1,0.053093038016579205,0.2661704018907103,0.2534168822048786,0.1618493221983137,0.1355393934789318,0.12993096221058634
validation,21_content_rahul494_Mental-Health-On-Twitter-Analysis_sorter.py.txt,0,0,0.7172819412979216,0.08325895895833771,0.006117214441031723,0.0469876651827881,0.04953445518551853,0.09681976493440231
validation,26_content_Emersonxuelinux_One_Big_Archive_VirtualPet.py.txt,0,0,0.617793790881901,0.24628964562534408,0.10601770620631588,0.0014449249867942936,0.023964962501401225,0.00448896979824354
validation,2_content_anrputina_OutlierDenStream-BigDama18_readGroundTruth.py.txt,0,0,0.6183129807047225,0.20056746487809132,0.035426716500497925,0.03144355009114082,0.0847694649549248,0.029479822870622542
validation,30_content_sdws1983_The-big-data-OF-The-Plant-Cell_parse-abstract.py.txt,0,0,0.8780795847381403,0.016701975197800468,0.016529363542824724,0.041408065962280444,0.022253587933636763,0.025027422625317416
validation,32_content_jtuckerk_oscar_prediction_imdb_data_create.py.txt,0,0,0.40438185234354906,0.2413068034127143,0.05569286349448705,0.050960106207435706,0.13787165866177764,0.10978671588003631
validation,35_content_ankitsejwal_organize-folder_organize.py.txt,0,5,0.14378819594052714,0.14735464458300762,0.08340661219887131,0.22419267710556348,0.07737441015080976,0.32388346002122076
validation,5_content_anguillanneuf_bigO_17_island_count.py.txt,0,0,0.4317216509610247,0.07815498458778904,0.019232570642921637,0.2581715975684508,0.0482692911587889,0.16444990508102492
validation,76_content_yingtaoluo_Latent-Factor-Model-with-JIT-CUDA-on-movielens_predict.py.txt,0,1,0.3226846402964893,0.4096817090779865,0.08099098902888324,0.01602763772234395,0.14734626698542397,0.02326875688887309
validation,80_content_hanas879_Payday-2-Big-Oil-Engine-Calculator_engineCalculator.py.txt,0,0,0.755672792310951,0.052822969486279236,0.0024428540201821263,0.001010545561030723,0.1711853080288218,0.016865530592735392
validation,10_content_sushant097_Chatbot-using-Python-NLTK-_ChatBot.py.txt,0,0,0.5668478014671197,0.24124143754526223,0.11921899568358897,0.01414209471068759,0.05055217816553566,0.007997492427805866
validation,1_content_HarryBaker_LDAtopicSimilarity_modelTranslator.py.txt,0,0,0.4096957835245322,0.19652834732732608,0.07928737593561509,0.015498196205374038,0.23254035238980247,0.0664499446173502
validation,1_content_HarryBaker_LDAtopicSimilarity_similaritySpike.py.txt,0,1,0.3717061863601587,0.374656107163332,0.099063614161752,0.04519434242690859,0.07198017422158264,0.0373995756662661
validation,3_content_naiveHobo_TextRank_preprocessing.py.txt,0,0,0.35924569473633977,0.012505541962976414,0.12333102469890497,0.1738220137388643,0.10865247247404519,0.22244325238886925
validation,14_content_bkdwei_kdDesktopAssistant_install_script.py.txt,0,0,0.3089488091923343,0.20978891956734627,0.2158107436016252,0.07680398120659644,0.1523868609891023,0.03626068544299538
validation,18_content_theorisons_loto_analyse.py.txt,0,0,0.5632017493170193,0.34872730448994005,0.028055458039325656,0.022057383384207298,0.009254618205295486,0.028703486564212285
validation,20_content_learn-co-students_applying-gradient-descent-lab-dc-ds-career-042219_linear_equations.py.txt,0,0,0.540117101788161,0.026918733836517925,0.017136939170531648,0.10064884441528614,0.13662532858735912,0.17855305220214412
validation,46_content_hackabit19__destroyingRecursively__vibration.py.txt,0,0,0.6362410751773149,0.1260593715720309,0.0604825733642395,0.024200806324456557,0.10752056431019986,0.04549560925175846
validation,52_content_jitunayak_Tensorflow-object-recognition-GUI-DesktopApp_face_crop.py.txt,0,0,0.45257022120697005,0.4243003016418231,0.02545168988095142,0.024364622268486215,0.053493168188014216,0.01981999681375507
validation,67_content_DrIanGregory_MachineLearning-LogisticRegressionWithGradientDescentOrNewton_mulitpleLinearRegression.py.txt,0,0,0.7004320659303052,0.09499651241030023,0.09587188133604305,0.021121966484564512,0.045557894648595915,0.04201967919019116
validation,86_content_Enkhai_simple-DES_permutations.py.txt,0,5,0.022809085253233132,0.07190741222510283,0.19848040313359433,0.2671186394590614,0.07028344170198271,0.36940101822702553
validation,8_content_usmanali414_Destruction-Detection-in-Satellite-Imagery_segmentation.py.txt,0,0,0.4345728260479269,0.14237147671032932,0.17385682937401517,0.027707157809652952,0.14757346397500293,0.07391824608307274
validation,13_content_tiendung1510_LearningPython_ucs.py.txt,0,0,0.4692679090277323,0.39385574606764545,0.020930539238858726,0.006707850744373756,0.10182330101860272,0.007414653902787099
validation,18_content_vikasgola_graph-search-algorithms_graph.py.txt,0,0,0.6044378498714545,0.04942975071465626,0.08341430840884383,0.09479924517975932,0.07998769259135086,0.08793115323393498
validation,79_content_bewing03_DFS-Baseball_scrape.py.txt,0,0,0.6945586223037322,0.2494405488115239,0.017195853505580668,0.004688191067181792,0.01971998324025985,0.014396801071721647
validation,7_content_GabrielBortolote_BFS-and-DFS-Tree_BFS.py.txt,0,0,0.8468967429449265,0.052880585074809534,0.006450132797184414,0.007560293029519629,0.07058647799059317,0.015625768162966937
validation,83_content_habibz2196_bfs-dan-dfs-_bfs_dan_dfs_kuda_skak.py.txt,0,0,0.6290333840974843,0.010991720021591335,0.03444636590291921,0.01658064226749411,0.13593750655409612,0.173010381156415
validation,85_content_adamkanouse_better-lineups-dfs_constants.py.txt,0,1,0.03408977601479214,0.481502127933282,0.11162855526415108,0.022926262576813742,0.3138139680934595,0.03603931011750147
validation,8_content_Omig12_dfs_delete.py.txt,0,0,0.8275408819802826,0.124650553043472,0.01674230263425942,0.004834211447311198,0.012016744249582694,0.01421530664509231
validation,92_content_jackschultz_nba-optimize-micro_utils.py.txt,0,1,2.695600069160714e-05,0.4149939910745311,0.02600612826868686,0.09039769201240118,0.35779840091059956,0.11077683173308976
validation,12_content_michaelasper_Diffie-Hellman_diffie_hellman.py.txt,0,0,0.5290175124207779,0.07442102101807517,0.12449650942051854,0.06817423119165536,0.1041463425287344,0.09974438342023864
validation,13_content_alu0100821390_diffie-hellman_diffie-hellman.py.txt,0,0,0.6688566992440003,0.04682851124838473,0.13424300412116416,0.00629989319011628,0.12398655563029362,0.01978533656604107
validation,26_content_bahadircolak44_EllipticCurve_extEuclid.py.txt,0,0,0.4732284424006883,0.2906310204391715,0.12539892283469503,0.037902386947138676,0.05838688717474347,0.014452340203563218
validation,31_content_shreyas3336_Diffie-Hellman-KeyExchange_Seed_Generator.py.txt,0,0,0.5620267192618544,0.06037074388138979,0.12569191521261983,0.14047440902611522,0.04902980765212127,0.06240640496589953
validation,46_content_MrJmk_protocoles_crypto_Diffie-Hellman.py.txt,0,0,0.5319359801628321,0.3499134294394026,0.021901819406419342,0.008667451012462074,0.010249038360593328,0.07733228161829035
validation,6_content_picrin_DiffieHellmanChallenge_discreteLogEfficient.py.txt,0,0,0.6071710070347096,0.2768761222366476,0.04151990032959603,0.0014320482307184882,0.06743221153770466,0.00556871063062375
validation,77_content_Zerox-1337_Simplified-OTR-Protocol_otr.py.txt,0,0,0.47798539898628867,0.06375429052601378,0.18427743178964479,0.1829386967967742,0.034471435098430245,0.05657274680284834
validation,10_content_tjazerzen_a_star_algorithm_helper_functions.py.txt,0,0,0.7574413630280452,0.04248847975675273,0.05163837939750201,0.029241080058384435,0.055415249496621626,0.063775448262694
validation,17_content_GGonzalezRojas_Tarea_1_MDR_Dijkstra_dijkstra_v1.py.txt,0,0,0.5266011028145373,0.32197251434934154,0.029418588618088826,0.006800496437971798,0.05228002803629838,0.0629272697437623
validation,32_content_ceyzaguirre4_AStar_A.py.txt,0,0,0.7879711891758742,0.0009099260248175059,0.014241151939552341,0.07004529496305947,0.006840461152679581,0.11999197674401704
validation,39_content_hamidaucc_Link-state-protocol-in-python_Test.py.txt,0,1,0.4055601822480505,0.4385563491415283,0.06520451845459975,0.026895519569639925,0.05821610487885258,0.005567325707329
validation,53_content_KaiFly_Xemina2_DijkstraSP_GraphDrawing.py.txt,0,0,0.3375192255461319,0.3176279589353023,0.03827705488714243,0.054107508402865205,0.22247888274939812,0.029989369479159988
validation,88_content_NoFishLikeIan_Dijkstra_currency_currency_api.py.txt,0,1,0.08067865698208904,0.35769324406528524,0.22337393259366803,0.20675014038274817,0.06553925456087174,0.06596477141533781
validation,11_content_tatsuyoshi-ikenoue_fizzbuzz_fizzbuzz.py.txt,0,0,0.478773222997464,0.33379168542824605,0.00825708628478603,0.010125561669218089,0.14574476477655468,0.023307678843731167
validation,13_content_Odarlie_fizz_buzz_programming_logic_andelab_test_fizz_buzz.py.txt,0,4,0.21875399393358855,0.15990152136786961,0.15822062271986967,0.0022102894881504864,0.3624320708815483,0.09848150160897343
validation,15_content_leni1_python-fizzbuzz_fizzbuzz_test.py.txt,0,0,0.47182122246947467,0.13978158256919607,0.17996958003450178,0.0532510222409029,0.13814325854469162,0.017033334141233075
validation,17_content_bhushankorpe_Fizz_Buzz_Fibonacci_Fizz_Buzz_Fibonacci.py.txt,0,0,0.9907415005391474,0.0004751406570094063,0.0011031279752322083,0.0008881479276837162,0.00543217508077713,0.001359907820149933
validation,20_content_IbrahimAyed_Multifractal-analysis-of-natural-images_texture_synthesis.py.txt,0,0,0.6377738885598183,0.2842410882077636,0.010916590418300762,0.04160956933242623,0.01627256646659045,0.009186297015100459
validation,2_content_johnrobyclayton_division-project_plot.py.txt,0,0,0.39848044759791973,0.305653143564216,0.11221482455003041,0.06922127887026193,0.05793238049219493,0.05649792492537704
validation,3_content_victornguyen75_x-factor_source.py.txt,0,0,0.7170147081441117,0.07312633737403298,0.024841378498327477,0.019854807796893314,0.12833746835958756,0.03682529982704684
validation,4_content_captainACE_python-ADVANCEMATH-lib_lineq.py.txt,0,0,0.3988990816242689,0.37478695415602975,0.018437071357334137,0.0001662231476451101,0.20260155758972595,0.005109112124995975
validation,5_content_AdamJacoby_Hopf_Algebra_Tools.py.txt,0,0,0.3818322146441957,0.19809913111217373,0.17699976576094162,0.02379069158772498,0.2077386585890233,0.011539538305940528
validation,5_content_AdamJacoby_Hopf_Frobenius_Tools.py.txt,0,0,0.747111394297399,0.0898108215338512,0.06063805836885938,0.014078880438925802,0.0719577971731567,0.016403048187807866
validation,5_content_AdamJacoby_Hopf_HopfConstructions.py.txt,0,0,0.3360232476960508,0.14427486656189772,0.13349520329554804,0.03424610392713773,0.3182303011369973,0.03373027738236863
validation,5_content_DvorakSimon_divisibility_DivisionBySeven.py.txt,0,0,0.5111683361979796,0.3377679855719905,0.010734855176508244,7.915496427127555e-05,0.13685807182596568,0.0033915962632847163
validation,6_content_seonkyuKim_DFA_DFA.py.txt,0,0,0.4863616150397418,0.23278486871984913,0.09273379791585712,0.041607072487232354,0.13564690257339077,0.010865743263928784
validation,6_content_sockster_metroCard_metroCard.py.txt,0,0,0.7702804716784991,0.017541147147238426,0.08583870488951617,0.04109390690217993,0.07339198656910469,0.011853782813461585
validation,8_content_KreandOStudio_FizzBuzz_fizzbuzz.py.txt,0,1,0.17389943312804843,0.36240345732386026,0.17763979441824582,0.021622246278857865,0.24412669472935938,0.020308374121628222
validation,13_content_limqiying_crypto_final_project_DH-test.py.txt,0,0,0.5455202991398989,0.2054699400220681,0.04228194859249553,0.008673898263914369,0.1791026471286372,0.018951266852985895
validation,16_content_SemyonMakhaev_elliptic-curve_main.py.txt,0,0,0.3256329072416168,0.09827153924173077,0.14497290644661553,0.2696846134389387,0.033070659391248425,0.1283673742398499
validation,17_content_achusat_Elliptic_Curve_Cryptography_ecc.py.txt,0,1,0.22044508128573032,0.4079073662107432,0.056282778872254226,0.07389697495728019,0.1908654426742645,0.05060235599972768
validation,20_content_UAvinash7_Cryptography_AsymmetricRSAAlgorithm.py.txt,0,0,0.66563192882092,0.22548149001192105,0.011219126622527279,0.0007630561362364095,0.08581014490835598,0.011094253500039094
validation,11_content_harishchellappa_Time-Series-Analysis-Bike-Sharing-Demand-Forecasting_forecasting_2.py.txt,0,5,0.27588336323394663,0.10890609596015757,0.05758162168995118,0.009350861446937475,0.15914271779710412,0.38913533987190313
validation,4_content_hyper750_factorialhr_constants.py.txt,0,1,0.3303356283053867,0.4273743890390892,0.027398802724922445,0.027301818115500576,0.11235187107551114,0.07523749073958991
validation,4_content_moduloone_QualtricsFactorialVignettes_questiongen.py.txt,0,0,0.523002747165838,0.3731376035758898,0.04552791407744269,0.016675897451120525,0.035640465492884056,0.006015372236824896
validation,84_content_rev1z_async_factorial_webapp_logic.py.txt,0,0,0.5970806397059164,0.1513618131109721,0.06932422114217443,0.0529724582351031,0.03450167784561879,0.09475918996021533
validation,8_content_amit0-git_simple-python-program_English-alphabets.py.txt,0,0,0.9387572593938546,0.019025984206512036,0.00033789547845037736,0.02240569299824238,0.007082332470234705,0.012390835452705747
validation,8_content_jcwyatt_factorial_factorial.py.txt,0,0,0.7029248286142628,0.011729971456108232,0.014819128575810568,0.009767691904301967,0.21893585738875915,0.04182252206075736
validation,97_content_mjurk456_mini-snakes_pesel.py.txt,0,0,0.5153850543726836,0.10752792123545156,0.2516374887621639,0.0615597114447407,0.029674739149933602,0.03421508503502662
validation,9_content_ankur-anand_Factorial-Algorithm_fact_12_unittest.py.txt,0,0,0.842923850461529,0.002633176927870367,0.004890336830341527,0.005391763952348065,0.1313693321517978,0.01279153967611346
validation,44_content_nathanthomashoang_fibonacci-sequence-recursive_fibonacci_recursive.py.txt,0,0,0.597651049022096,0.021123673233205565,0.044735432124954434,0.04723394611375723,0.04692336379223563,0.24233253571375102
validation,51_content_UnPolinomio_fibonacci-number_numbers.py.txt,0,0,0.46537055796428517,0.10957815720992445,0.019937863876132708,0.03121697359908405,0.21127962061399047,0.16261682673658304
validation,67_content_GilbyScarChest_Fibonacci_API_app.py.txt,0,0,0.44769940123045887,0.33717466642032007,0.012835724060385236,0.001612975237752157,0.1630599291056057,0.037617303945477944
validation,8_content_lucasmullerm_turing-machine-fibonacci_tm.py.txt,0,0,0.97627461713064,0.005764817398166936,0.005903135928099866,0.0014650931059922718,0.0035426848832560342,0.007049651553844774
validation,99_content_MatheusMuriel_ProgramacaoDinamica_Plotador.py.txt,0,0,0.474562138234702,0.013003543005625074,0.03987622604450343,0.0792345006188272,0.302278585703578,0.09104500639276417
validation,13_content_AtahanCelebi_En-K-sa-Yol_map_distance.py.txt,0,1,0.3874909059355606,0.4186435353322242,0.10909586076641602,0.0208066438101939,0.04957559203891851,0.014387462116686655
validation,17_content_kanavkhanna_Application-Software_Software_Application.py.txt,0,0,0.46307239642365405,0.25388368103052683,0.14915329822603618,0.07607343890280395,0.03932226708303173,0.018494918333947338
validation,1_content_smbanaie_floyd-warshall-python_Main.py.txt,0,1,0.37481284352026467,0.4165699543322178,0.0690730842212727,0.012674127215300854,0.10177748314090859,0.02509250757003532
validation,3_content_hamedomidvar_GPU_FloydWarshall_FW_Rev0.1.py.txt,0,1,0.3677131558976404,0.457058353549985,0.05291155992154776,0.014784506096311234,0.04055782141234034,0.06697460312217526
validation,4_content_mmcniece_tiled_floyd_warshall_tiled_FW.py.txt,0,0,0.3622452446849306,0.17426362783779611,0.19318173363138244,0.023847588504012238,0.21101083425906692,0.0354509710828116
validation,8_content_JanFeys_Floyd-Warshall-All-Pairs-Shortest-Path_FloydWarshallAPSP.py.txt,0,0,0.4596180118641691,0.31977021882012624,0.03737403575661623,0.0076396161826534845,0.143360963149582,0.03223715422685298
validation,18_content_Saychakr13_CLUSTERING_MODELS_hc.py.txt,0,0,0.5744420253187164,0.09815907717616727,0.15389273652241447,0.03894221879266445,0.0837607602721187,0.050803181917918674
validation,25_content_83Shashi_Hierarchical-Clustering_hierarchicalclustering.py.txt,0,0,0.5593926361492771,0.07725478980559847,0.0679749727213434,0.030726049407262864,0.16297121756127445,0.10168033435524375
validation,2_content_zalayo_Hierarchical-Linkage-Regression_HLRtest.py.txt,0,0,0.5419378163738711,0.33098757105157445,0.041671225124614256,0.008057236522805046,0.035456962691964945,0.04188918823517009
validation,4_content_wazzaarvind_Clustering-Algorithms_reducer.py.txt,0,0,0.4687081393763106,0.23697075725342773,0.04474897344603221,0.00045056225177718515,0.2416523116528689,0.007469256019583462
validation,55_content_taksug229_Python-hierarchical-clustering_Working_Data_Hierarchical_Clustering.py.txt,0,0,0.6085476840876195,0.13305643449582072,0.09726790362042063,0.021862899614923974,0.10079006994284033,0.03847500823837482
validation,18_content_NegarMirgati_CodingAndErrorDetection_All.py.txt,0,0,0.5669749849225787,0.31485038953781763,0.03717353713934185,0.025508516306882455,0.04881613558308421,0.006676436510295265
validation,22_content_Raxev_datastructures3_huffElement.py.txt,0,0,0.3820067224106822,0.013862836620118831,0.10952410362989029,0.03960544734801246,0.35642907684992087,0.0985718131413754
validation,4_content_amzhang1_simple-JPEG-compression_zigzag.py.txt,0,0,0.6220114384236174,0.190834991275216,0.03932577696155644,0.016694872398169025,0.11859068235401402,0.012542238587427134
validation,10_content_poku18_CE_III_06_Lab2_lab2.py.txt,0,0,0.5522933672063954,0.1817239605775816,0.09831969117154016,0.018068444560397193,0.09892002412892727,0.05067451235515834
validation,18_content_o-az_Insertion-vs-Merge_MergeSort.py.txt,0,0,0.5199405148947092,0.12340200696433641,0.05492611604580094,0.05503111559611877,0.12296158182213894,0.12373866467689576
validation,1_content_abx67_Algorithms_mergesort.py.txt,0,0,0.6317240682742119,0.16159735743226614,0.07055184880814866,0.024159537033194647,0.09526963713028216,0.016697551321896476
validation,23_content_ryanarnouk_BinaryInsertionSort_index.py.txt,0,0,0.5826492758115995,0.16637455005080445,0.10388865658282459,0.0367644596202627,0.02905959401305747,0.08126346392145128
validation,30_content_rogerdenisvieira_bidirectional-conditional-insertion-sort_main.py.txt,0,5,0.11608947573587718,0.012036365225984273,0.16559663683370981,0.2905297311666862,0.08850810328438766,0.3272396877533548
validation,33_content_Howellp80_Algorithms---Merge-Sort-vs-Insertion-Sort_hw1.py.txt,0,0,0.9502052820029265,0.0021915228470475094,0.011894203613332257,0.005198605020158775,0.023730839450498205,0.006779547066036523
validation,50_content_shre007_Implementation-and-comparison-of-sorting-algorithms_merge.py.txt,0,1,0.2783561802457149,0.30397053929793577,0.17802000591589334,0.03884728165442462,0.17956432582805038,0.02124166705798099
validation,20_content_Cassar88226_Clustering_of_Articles_corpus.py.txt,0,0,0.6620763668757428,0.20722057934866958,0.07110681308637394,0.01915572862045001,0.030208352060549157,0.010232160008214492
validation,3_content_jamer5_K-Means-Clustering_k-means-clustering-without-scikit-example-1.py.txt,0,0,0.5197644528494428,0.0032564301773121765,0.08863936697386827,0.14898613858485485,0.02491738364541709,0.21443622776910473
validation,41_content_akshay-gupta7_kmeans-using-mapreduce_k_means_reducer.py.txt,0,0,0.48127395194002054,0.2132875414291653,0.07912226765310454,0.0049007796973531284,0.21290127227719588,0.008514187003160542
validation,42_content_aryanshar_TextMining_magboard.py.txt,0,0,0.4062647580308427,0.23227170019091153,0.15799423568754306,0.027626277631073344,0.10492858437466501,0.07091444408496442
validation,54_content_wenlin-koh_K-Means-Clustering---python_kmeans.py.txt,0,0,0.5450224499067542,0.024839388487406463,0.12853681965763447,0.05672153902936362,0.17857657650874442,0.06630322641009687
validation,21_content_abhishekmsharma_ai-knn-kmeans-crawler-python_job_search_environment.py.txt,0,0,0.339795148432698,0.048750361694279855,0.16547951386524107,0.06407484154198864,0.19469173245768545,0.18720840200810693
validation,23_content_changchanglccc_kNN_test.py.txt,0,0,0.43408685809324776,0.3929981746658373,0.03441590418784875,0.00822876849793119,0.11442176371725177,0.015848530837883165
validation,29_content_vtheno_kNN_one_line.py.txt,0,0,0.473369039683168,0.25460686231998003,0.01193977361397519,0.08208205331945327,0.16243373599093333,0.015568535072490237
validation,30_content_manojrameshrao_machine-learning-iris_iris_web3.py.txt,0,0,0.6083781405373163,0.05156667176970364,0.10954320725921124,0.06656483038857577,0.08392303179169351,0.08002411825349956
validation,38_content_juandes_knnbot-messenger-bot_distance.py.txt,0,0,0.5921226202559702,0.005987947988359587,0.00593174327058694,0.1790638407759441,0.007144022154649451,0.20974982555448962
validation,8_content_jasminegrewal_Naive-Bayes-KNN-Logistic-Regression_2b_gnb.py.txt,0,0,0.6205549119791276,0.17173400726233654,0.04810401772735405,0.028431055322120154,0.07969835869072817,0.051477649018333495
validation,9_content_muchlisinadi_ALPR-Indonesia_GenData.py.txt,0,0,0.40626257773484237,0.3356302062129297,0.1423233639553247,0.011638515904576048,0.07695596500826976,0.027189371184057426
validation,7_content_usbogie_MSTcreator_Node.py.txt,0,0,0.945398319227454,0.007025438478180108,0.006401305389844997,7.319969960203256e-05,0.029719453066682024,0.011382284138236911
validation,10_content_mahimagupta_NLP-Research-Project-_supervisedLearner.py.txt,0,0,0.5999070281830711,0.04791961583585511,0.04937351091799526,0.09673315322656216,0.01745225571137201,0.18861443612514447
validation,12_content_romanorac_elastic_localized_search_controller_elastic.py.txt,0,0,0.3824067666257167,0.2719504411936144,0.08776193395713301,0.021102084006150115,0.20176554433433538,0.03501322988305035
validation,16_content_davda54_pytorch-transformer-lemmatization_lr_decay.py.txt,0,3,0.07962371599034981,0.18438301727166653,0.02697126523893743,0.34789877456109364,0.16487710023554858,0.19624612670240396
validation,16_content_davda54_pytorch-transformer-lemmatization_predict.py.txt,0,3,0.03442012483220466,0.08492718727601416,0.21714034942054722,0.28604445856608085,0.14595094201166162,0.2315169378934916
validation,1_content_akoksal_Turkish-Lemmatizer_lemmatizer.py.txt,0,1,0.20532140031697005,0.32115264205704736,0.21000763794771218,0.1001733101177833,0.07749461117245321,0.08585039838803388
validation,1_content_hipster-philology_pyrrha_manage.py.txt,0,1,0.44677146618679,0.5261903758612472,0.011290470266946044,0.002387673002539094,0.0024507454060387433,0.010909269276438975
validation,25_content_aajanki_finnish-pos-accuracy_datasets.py.txt,0,0,0.3946194096609594,0.12238646542758008,0.20991660505361284,0.17255967975090802,0.07701118461974191,0.02350665548719783
validation,26_content_Nofenigma_lt_lemma_prefixes_check_lt_prefixed_lemmas.py.txt,0,0,0.49256448280018805,0.19844062149879182,0.15704986188661785,0.05579262043907678,0.0816837037805742,0.014468709594751331
validation,11_content_sichen-x_search-engine_test_htable.py.txt,0,0,0.41294878823862485,0.31310584153638665,0.027043339650539403,0.025673096572034513,0.1290503876749687,0.09217854632744589
validation,11_content_sichen-x_search-engine_words.py.txt,0,1,0.2445070414099279,0.43905999765741394,0.10774793943175717,0.07325094435325727,0.026920465338138747,0.10851361180950495
validation,1_content_Chunning-Zhou_MILPBasedSearchAlgorithmDiff_model.py.txt,0,0,0.8314685323942942,0.012241587209119163,0.014961634274291688,0.021738743418384485,0.08273988140500052,0.036849621298909896
validation,1_content_Chunning-Zhou_MILPBasedSearchAlgorithmDiff_parameter.py.txt,0,0,0.490045660728167,0.0812778437663695,0.028788054625124456,0.0004157451461184616,0.36073098054030156,0.03874171519391898
validation,33_content_chafiknaceri_Credit-Card-Debt_BisectionSearchPayement.py.txt,0,1,0.30037695606687725,0.5572517926428656,0.09021705138684202,0.015345311312649036,0.012026634775531297,0.024782253815234735
validation,33_content_chafiknaceri_Credit-Card-Debt_DebtLeft.py.txt,0,0,0.44636745726321253,0.3528833113439193,0.06477925417130175,0.001092373255861072,0.13424590840785147,0.000631695557853896
validation,36_content_akaif95_U.S-Currency-Patterns_us_currency_regex.py.txt,0,0,0.29652671240853173,0.15237487228073807,0.061521877729128094,0.19672626053741038,0.11454035259836423,0.1783099244458275
validation,4_content_BenCashman_Linear-Search_linear_search.py.txt,0,0,0.6696910144397377,0.026191785015317173,0.011357758701832683,0.1404782856457835,0.0574549452475587,0.09482621094977024
validation,13_content_ToonBlok_LinkedList_test_pylinkedlist.py.txt,0,0,0.45165121060015007,0.1312744999652699,0.17838049464034475,0.058292677529654516,0.1750101192548022,0.00539099800977846
validation,15_content_udwivedi394_LinkedList_convertBT2LL.py.txt,0,0,0.9616708959562887,0.00012993278829300848,0.0005240079364888016,0.00028033295483357863,0.02740244491378242,0.009992385450313291
validation,35_content_dharan-s_Data_Structure_Python_LLPalindrome.py.txt,0,0,0.9364984560826688,0.00020173807208675285,0.001950572703815047,0.03175103944702578,0.008405070826897251,0.021193122867506187
validation,3_content_WDI-SEA_python-linked-lists_linkedlist-test.py.txt,0,1,0.2421272686042833,0.34465551070394,0.0704642165005389,0.020274597125943723,0.2976837245233069,0.024794682541987103
validation,42_content_TechnoMonoCo_Python-Doubly-Linked-List_LL.py.txt,0,0,0.3177202014111157,0.28367343845140264,0.07031410479003489,0.0027905448494646183,0.2750657674514305,0.050435943046551794
validation,7_content_mharsha315_Python---Hangman_Hangman.py.txt,0,0,0.49671655445855856,0.3250034937421949,0.062290385361543084,0.013585495914678291,0.08437130442731558,0.018032766095709536
validation,11_content_ayushkumarshah_Dynamic-Programming-MCM-and-LCS_matmul.py.txt,0,0,0.848646738305726,0.004412630256286886,0.03103491531667805,0.04963372866883696,0.052585042960596066,0.013686944491875961
validation,13_content_trsavi_Largest-Common-Sequence_subSequence.py.txt,0,0,0.9729334472109346,0.006827246814709287,0.00478662733069038,0.003265386260030012,0.008566165336519936,0.003621127047115951
validation,15_content_VakinduPhilliam_Pattern_Matching_Python_Difflib_Pattern_Matching_CL_Interface.py.txt,0,0,0.4064835240880521,0.2536524478759456,0.1668551171568079,0.10222339678823686,0.05190885039952323,0.018876663691434308
validation,15_content_VakinduPhilliam_Pattern_Matching_Python_Difflib_Pattern_Matching_SequenceMatcher.py.txt,0,0,0.49751498988867815,0.42629775493528166,0.03313117849857674,0.0028625051890043608,0.00844849328939162,0.031745078199067654
validation,15_content_VakinduPhilliam_Pattern_Matching_Python_Fnmatch_Translate.py.txt,0,0,0.9672836040991513,0.0027836852547798285,0.004913827774087403,0.0002485820944855689,0.005868172984351006,0.01890212779314484
validation,1_content_susheelsagar_LCSS_test.py.txt,0,0,0.59365038162534,0.34114545338000973,0.026448357834224518,0.001782457310617071,0.03310470513749002,0.0038686447123186885
validation,3_content_jzwei023_LongestCommonSubsequence_lcs.py.txt,0,0,0.9518204914104139,0.0036758646194171604,0.015630667011771907,0.008642346683423585,0.011437121469749586,0.008793508805223922
validation,6_content_singh-sidharth_Longest-Common-Subsequence_LCS.py.txt,0,1,0.2846107058913599,0.4425637172480654,0.053014782872977104,0.040873623184440745,0.1045916765651705,0.0743454942379862
validation,7_content_kanthagirish-rit_lcs-project_memoization.py.txt,0,0,0.41846276593248294,0.11526311099260354,0.0727302590128754,0.10543349679966513,0.1331886474159069,0.15492171984646622
validation,13_content_ShankyTiwari_Naive-Bayes-Classifier-using-python_naive_bayes_supermall.py.txt,0,0,0.4512557231847948,0.18906957527218207,0.03629862615973199,0.06006808449343622,0.10048958618802874,0.16281840470182624
validation,14_content_rajat1401_NaiveBayes_scratch_2016260_ques1a.py.txt,0,0,0.5014407151947896,0.3456869451712483,0.012833500243068606,0.0068926342081464765,0.12022618331772089,0.012920021865026034
validation,29_content_barshaison_Naive_Bayes_Classifier_Prog.py.txt,0,1,0.27049794537841104,0.3849693542909143,0.2202104095053732,0.0014251771738022256,0.11685518585996521,0.006041927791534173
validation,2_content_aspremon_NaiveFeatureSelection_DemoNFS.py.txt,0,0,0.40273411573851997,0.32978518991283373,0.1200652684135148,0.01689647829982665,0.12294369958299299,0.007575248052311976
validation,37_content_saurabhzingade_Naive-Bayes-Basic_naive.py.txt,0,0,0.4921411167253601,0.3738271429179489,0.035996991875777797,0.020668829644604446,0.059444444075826414,0.01792147476048257
validation,5_content_adityadas8888_Naive-Bayes_naive_bayes.py.txt,0,1,0.1718576495624733,0.3347900313475168,0.09163282007632528,0.14875890425668162,0.13644268726288428,0.11651790749411875
validation,7_content_pherde_naive_bayes_spam_classifier.py.txt,0,0,0.5963974502426103,0.04659377586032631,0.04524775802741085,0.10591252172967808,0.011521600712186638,0.19432689342778792
validation,80_content_cgeopapa_NaiveBayesClassifier-ham-spam-mail_Bayes.py.txt,0,0,0.5554124742365912,0.21865956184817506,0.08438436917335508,0.04253773288385273,0.05578799195691319,0.04321786990111264
validation,95_content_ravularohit_sms-spam-detection_spam_detection.py.txt,0,0,0.47460957829631245,0.2672572257186866,0.06357699299812287,0.007572393834092353,0.13242945192490893,0.05455435722787692
validation,11_content_OlgaCobaquil_One-Time-Pad_onetimepad.py.txt,0,0,0.5861487537785891,0.17845363111729484,0.12084962778498695,0.04326573083702378,0.025422470246336263,0.04585978623576907
validation,13_content_notpresident35_one-time-pad-machine_STILL_More_Testing.py.txt,0,0,0.5954199563009877,0.0759879856589605,0.1320600660015475,0.11559264726718087,0.029864465921513594,0.051074878849809956
validation,16_content_rachwong_One-time-pad-code-_Word_guesser_2_.py.txt,0,0,0.5421136875844038,0.2332708886919102,0.01642785325725695,0.002878953683094826,0.09856416009030869,0.10674445669302558
validation,17_content_blackhawk42_OTP-python_otp.py.txt,0,0,0.6253105648745898,0.0007122065065152686,0.06773880340193267,0.27806942836176085,0.004643966419408026,0.023525030435793442
validation,17_content_jb0xx_decrypt-onetimepad_onetimepad.py.txt,0,0,0.8871224851469778,0.043954979225661515,0.013738066486975163,0.008730042695453327,0.037271248849449275,0.009183177595482978
validation,18_content_jzpero_enigma_main.py.txt,0,0,0.4526741801507267,0.29459618912761576,0.029130892169416632,0.007981415163293523,0.1992576782205698,0.016359645168377714
validation,31_content_tobymyers_codingthematrix_The_Function_problems.py.txt,0,0,0.5389102176620595,0.3052147359375947,0.034436907283276266,0.010996700574950474,0.07954749718689733,0.03089394135522171
validation,7_content_anderspkd_broken-one-time-pad_somecode.py.txt,0,0,0.5280056508748346,0.25036553112305493,0.05757270823122126,0.08402893509021052,0.0669650713759995,0.013062103304679029
validation,1_content_firmai_ffood_._setup.py.txt,0,0,0.863973044176311,5.992025714197373e-07,8.952033561316259e-07,2.0822438665689654e-05,0.03949876023582516,0.0965058787432704
validation,4_content_mrimahajan_advanced_analysis_package_variable_reduction.py.txt,0,0,0.4045621408851877,0.22544576600687133,0.09553965550521959,0.0651575322883195,0.14210564307738063,0.06718926223702107
validation,5_content_harshdarji22_crypto_index.py.txt,0,0,0.7162206833108281,0.0691315582140042,0.0037958749613519033,0.0054667451462183875,0.18319591645033856,0.022189221917258823
validation,1_content_lucaspauker_factor-perfect-numbers_Factors_Perfect_Number.py.txt,0,0,0.41472657841336563,0.33923861803162675,0.04623686707065606,0.0019117970400659165,0.170913371752357,0.02697276769192857
validation,2_content_imset_Perfect-Numbers_perfNum.py.txt,0,0,0.9809345853422873,0.0032578202691316235,0.0025037772832193863,0.0003790781905359132,0.009228926920914624,0.0036958119939113038
validation,3_content_iykadev_pyalgo_3plus1.py.txt,0,0,0.8816789513219783,0.0020350719894203177,0.017219666001069077,0.0010342412170105749,0.05818211894661409,0.03984995052390777
validation,3_content_iykadev_pyalgo_binaryTree2.py.txt,0,0,0.4435552977271526,0.36837273257479825,0.08370754177564317,0.02043777394844989,0.0703174248082045,0.013609229165751685
validation,3_content_iykadev_pyalgo_dragon_curve.py.txt,0,0,0.36096200386986704,0.2356593543732015,0.017469981919619067,0.043948005417546565,0.1962522710794014,0.1457083833403645
validation,3_content_iykadev_pyalgo_e_number.py.txt,0,0,0.48137237442951775,0.34871632455328455,0.054549289998645,0.030477485380578012,0.058932869398916385,0.02595165623905831
validation,3_content_iykadev_pyalgo_hopcroftkarp.py.txt,0,4,0.17550171965384556,0.19474057870412362,0.2058102753293424,0.04219020462263617,0.28640496009476135,0.09535226159529099
validation,3_content_iykadev_pyalgo_perfect_numbers.py.txt,0,0,0.5201593951732595,0.3546685893173935,0.0710422210510131,0.007604086889541157,0.03277864215139189,0.013747065417400962
validation,5_content_nmcglohon_sequence-squares_calculate_sequence.py.txt,0,0,0.540103377660097,0.3302422681199498,0.06375569485209119,0.02370201209944181,0.016474053231837798,0.02572259403658244
validation,12_content_MarynaTatsevich_Machine-Learning-Regression-Techniques_Random_Forest_Regression.py.txt,0,0,0.5753073756235317,0.2760315249027697,0.04715590697105173,0.016904423214493668,0.04695787577759896,0.037642893510554186
validation,2_content_athul-dev_regression-models_multivariate-linear-regression.py.txt,0,0,0.4662158540772037,0.24015777958615572,0.056637877617024615,0.040925356367265124,0.06335073313763624,0.13271239921471464
validation,53_content_iamrj846_Predicting-insurance-prices-with-Linear-Regression_MultipleLinearRegressionModel.py.txt,0,0,0.49332766849236265,0.39576683749097613,0.021101836575648236,0.004565495850143976,0.05688273137032893,0.028355430220540063
validation,64_content_LudweNyobo88_Polynomial-Regression_polynomial-regression.py.txt,0,0,0.48396561721153075,0.307849740636904,0.08392942695119841,0.05007112188658387,0.02949726160803021,0.044686831705752654
validation,6_content_metintorunoglu_Polynomial-Linear-Regression_4_Polynomial_Regression.py.txt,0,0,0.46335127268099807,0.3545966560409427,0.04262186304688771,0.05816511101915027,0.026736050396894945,0.05452904681512644
validation,73_content_MachineLearning-Nerd_Multiple-Polynomial-Regression_mllsklearn.py.txt,0,3,0.005537235496934502,0.042187924302193,0.31504803943975335,0.41268520360039423,0.20383193311254605,0.020709664048178946
validation,76_content_cakmakaf_Polynomial_Regression_for_Random_Dataset_Polynomial_Regression.py.txt,0,0,0.5313512792773072,0.3772321740688015,0.029699185920454743,0.014285607626982335,0.04074254814238,0.006689204964074269
validation,92_content_TheCodingRecruiter_Polynomial-Regression-for-Position-Salaries-Machine-Learning-Model_Polynomial_Regression_for_Position_Salaries_Machine_Learning_Model.py.txt,0,0,0.7537462635456701,0.08501075306909764,0.021769605795578486,0.006348298719393945,0.099648864228231,0.03347621464202897
validation,10_content_Jeremiah9000_prime_numbers_truncatable_prime_numbers_truncatable_faster.py.txt,0,0,0.7746856658821021,0.03897604693650398,0.05316391724003388,0.015905965788530197,0.04918986008476643,0.06807854406806362
validation,18_content_zach010_PrimeOptimus_Prime.py.txt,0,0,0.5092204795079149,0.1624689576373359,0.0944602665864771,0.04322439369088545,0.1432141837183985,0.047411718858988004
validation,22_content_ahmedheakl_Get-prime-Numbers_Get_Prime_Numbers.py.txt,0,0,0.39676612022037444,0.3878962807600691,0.00607438568492591,0.00017156102506984752,0.20677840840231354,0.002313243907247156
validation,23_content_cjonsmith_prime_calc_prime_days.py.txt,0,0,0.36930477521181354,0.019706004500063126,0.14951818722771526,0.10155338009662691,0.19380204036434942,0.1661156125994317
validation,23_content_wliabc_Prime-numbers_prime.py.txt,0,0,0.6262965859803479,0.1765662332246693,0.012016368903562898,0.00042981999847085153,0.16271723216331815,0.021973759729630865
validation,24_content_jakubfolta_PrimeNumber_Prime.py.txt,0,0,0.4538435993158434,0.3081239806858493,0.018308480685011265,0.0007671378936365987,0.1625817445586265,0.05637505686103303
validation,25_content_diXime_PrimaryNumbers_utx.py.txt,0,0,0.5738262295819428,0.1679123113825226,0.04633302643442466,0.02904326762967657,0.021290995995192123,0.16159416897624124
validation,37_content_coertquinton_number_sequences_start.py.txt,0,0,0.4897439594501807,0.003081269348592934,0.03398550689870265,0.08832057854361167,0.1716894023571178,0.21317928340179415
validation,8_content_lesscake_prime-numbers-eratosthenes_naive.py.txt,0,0,0.7066124672132205,0.2256133944744757,0.012825799812156851,0.005846574169527398,0.023833938946616,0.025267825384003486
validation,5_content_abcsds_Prim_exampleL.py.txt,0,0,0.6574143418224757,0.1988657852579218,0.015488853883061813,0.0215028911929723,0.05863505923152913,0.04809306861203896
validation,6_content_usbogie_MSTcreator_Node.py.txt,0,0,0.945398319227454,0.007025438478180108,0.006401305389844997,7.319969960203256e-05,0.029719453066682024,0.011382284138236911
validation,6_content_usbogie_MSTcreator_Prims.py.txt,0,0,0.9218041574202273,0.0260612039806042,0.01672235557223055,0.004289217211406297,0.021642787088262,0.00948027872726978
validation,7_content_MadalinaMircea_GraphAlgorithms_UI.py.txt,0,0,0.642003979649693,0.020298017718257046,0.004075854065749076,0.0037281827356501628,0.29259774309417286,0.03729622273647802
validation,23_content_ymohanty_data-analysis_classifiers.py.txt,0,2,0.19043279740303584,0.13963274490422917,0.2590713832383264,0.13282355128404785,0.1584740595317778,0.11956546363858299
validation,36_content_arpan-ghosh_python-data-algorithms_LinearRelationshipFit.py.txt,0,0,0.3668657803348848,0.24678404651749594,0.20637085842964123,0.039653176312274926,0.13137041395316434,0.008955724452538763
validation,3_content_HelloJahid_PCA-Principal-Component-Analysis-_PCA_with_Iris_datsets.py.txt,0,0,0.6940955973938217,0.11246537515169952,0.10003574776979357,0.025207187521451655,0.06142354918889489,0.0067725429743386596
validation,41_content_bhavaniprasad73_Principal-Component-Analysis_PCA.py.txt,0,0,0.5527598263474236,0.3334564393063658,0.03232505155260494,0.008547371719471357,0.06236872424142825,0.010542586832706
validation,49_content_christianThardy_Principal-Component-Analysis_pca.py.txt,0,0,0.4226139236100571,0.3267577578652248,0.04736934225387033,0.03732123375585428,0.14174459092417296,0.024193151590820645
validation,5_content_cylance_lazy-stochastic-principal-component-analysis_plot_model_perf.py.txt,0,0,0.4445171104780623,0.3061673623246202,0.11703557333078123,0.029339189004685177,0.05556446819363664,0.04737629666821443
validation,7_content_syamkakarla98_PCA-On-IRIS-Dataset-With-Classification-Using-KNNC_iris_after_pca_knnc.py.txt,0,0,0.5128541580971693,0.3739767685853757,0.026545988230722885,0.009705953980994768,0.05749585499423567,0.019421276111501757
validation,84_content_rayjc_ml-pca-foreground-removal_miscHelper.py.txt,0,0,0.68652315387661,0.24554051956442047,0.005787733010444632,0.0024207330200737495,0.0321493808027919,0.02757847972565915
validation,93_content_djzgroup_Visual-basedCharacterEmbedding_123.py.txt,0,0,0.6317150452057915,0.25277740866749904,0.03303334262876411,0.021999872354710792,0.04092754589260101,0.019546785250633483
validation,94_content_rohithdot_ImageCompression-PCA_code.py.txt,0,0,0.4823616670540582,0.3664857605245324,0.03465498874423468,0.005014877351020871,0.08030124916133373,0.031181457164820167
validation,12_content_shinevalora_asyncio_tornado_queues_requests_demo_test.py.txt,0,0,0.4962062049201771,0.2338589703124653,0.02692273038634901,0.043894060177424345,0.13068592313109748,0.06843211107248684
validation,1_content_modulus100_python-datastructures-algorithms_linked_list_reverse.py.txt,0,0,0.37398403269662844,0.22056405585661232,0.04840298220651776,0.11984408684210719,0.14146370949509593,0.0957411329030384
validation,29_content_0517_QueueSimulation_simple_queue.py.txt,0,0,0.4105312357922912,0.03375773108260387,0.2285292739698081,0.19605578120273093,0.09071460120020362,0.04041137675236227
validation,30_content_HumaneWolf_telegram-spotify-queue_telegram_spotify_queue.py.txt,0,0,0.41345239145406704,0.2549252433957599,0.0793242155809276,0.0789255948429573,0.1450008545944372,0.028371700131851012
validation,31_content_danieltshibangu_QueuePay_diranySolution.py.txt,0,0,0.6146204647221601,0.21716170119111033,0.06391021160580938,0.04988107455316665,0.029226471169809736,0.025200076757943824
validation,3_content_colinmcnicholl_queueing_theory_homework3_map6264a.py.txt,0,0,0.6576406376234529,0.01444768890787063,0.03809923134267748,0.18689952979176241,0.016763532963162606,0.08614937937107388
validation,41_content_sweeneyde_IndexedHeap_dijkstra.py.txt,0,0,0.35897856299355213,0.1704429057453462,0.02584517154845115,0.20056251342580725,0.09357599211986718,0.15059485416697602
validation,45_content_discovervlad_herman-flask-redis-queue_manage_worker.py.txt,0,1,0.08239455878410529,0.5534052123506576,0.04569537185125769,0.037959277793416325,0.13640093949037668,0.14414463973018649
validation,45_content_kriti149_Text-Summarizer_txt_summarization.py.txt,0,0,0.7192347254336571,0.10040177519026773,0.0353926281635208,0.009554982227835436,0.12342689773059823,0.011988991254120644
validation,52_content_NYU-Molecular-Pathology_queue-stats_qstats.py.txt,0,0,0.5140728096521049,0.13496984808828758,0.07847141627278634,0.0220764573508809,0.21351874068140547,0.036890727954534845
validation,57_content_sangyh_discrete-event-simulation_read_output.py.txt,0,0,0.8547103643488078,0.020005145171759647,0.04293426864166579,0.05104321473736441,0.011128163688641866,0.020178843411760735
validation,10_content_adrianvellamlt_Quick-Sort---Insertion-Sort_utils.py.txt,0,0,0.40539619175730984,0.3671904050871236,0.050538493932430255,0.0021166275882194214,0.1677686438176739,0.006989637817243127
validation,14_content_briholt100_rogersQ_rogersQ.py.txt,0,0,0.6985580343744453,0.08102863674180694,0.02948230514731083,0.08158477051801312,0.08773421019511861,0.021612043023305022
validation,24_content_vijayant123_music-sortt_sort.py.txt,0,0,0.49673364257496216,0.25805476088625,0.12040729248981372,0.019826351061091634,0.09757992405572366,0.007398028932158756
validation,28_content_kimdanny_HeapSort-and-QuickSort-Comparison_quicksort.py.txt,0,0,0.7718626363126475,0.09821636798428382,0.033395245771471065,0.01432419679918822,0.07006163186246735,0.01213992126994205
validation,29_content_flintlouis_Sorting_algo_mergesort.py.txt,0,0,0.9294197449565491,0.018087301519753105,0.001789571386423431,0.0006796534214508971,0.0479777004576667,0.0020460282581567573
validation,30_content_XiaogeWang_Sort-Algorithms-Python-Version-_heap_sort.py.txt,0,1,0.3028737503901026,0.4000479748855001,0.09139424357350227,0.029961734027285455,0.09329379815419203,0.08242849896941751
validation,38_content_TadayoshiCarvajal_Sorting-in-Python_sortingAlgorithms.py.txt,0,0,0.6602054780396246,0.022912029258502886,0.0430795275734399,0.07279813841526991,0.10516846278160245,0.09583636393156039
validation,3_content_iRGBit_indexhelper_indexer.py.txt,0,1,0.24558498260502326,0.32638445580294484,0.15071071163538202,0.013481281144071268,0.24333165039619065,0.020506918416387934
validation,4_content_varuntahin2210_ConversationalBot-Restaurant_nlu_model.py.txt,0,0,0.8187327841756918,0.02689076502852778,0.017559696811022346,0.026253432950868693,0.06814279608180894,0.042420524952080374
validation,52_content_RefaelBeker7_Sorting-Algorithms-Python_ExampleSort_sixDifference.py.txt,0,0,0.7052895620046986,0.16053744305383805,0.07560976424557314,0.017121523849681183,0.03875119342182609,0.0026905134243831834
validation,10_content_Bala96_Recursive-Func_nestedeaser.py.txt,0,0,0.9435014461216412,0.000232356322988338,0.005502525585653397,0.007303694550469788,0.020402203554522786,0.023057773864724358
validation,18_content_Shweetz_TicTacToeSolver_solver.py.txt,0,0,0.9104935282323694,0.013148347308541964,0.01830469524852708,0.01391228084691665,0.022802668905174416,0.0213384794584706
validation,33_content_prabhatpal77_Complete-core-python-_globalandlocalvar.py.txt,0,0,0.4822266900635174,0.4187053870860724,0.008855744609780945,0.039203590282157814,0.04627019358984746,0.004738394368623868
validation,34_content_bsmorton_linked-list-python_linkedlist.py.txt,0,0,0.8263852670581875,0.02930170297165432,0.025675864300026736,0.012014049016429737,0.06279530680719875,0.04382780984650287
validation,34_content_stephypy_CS2302PasswordCracking_Main.py.txt,0,0,0.6090175914837922,0.1111577590127703,0.022375171976821786,0.06843919236962373,0.027781467099442663,0.16122881805754938
validation,36_content_Zattri_tutorial-recursion_recursion.py.txt,0,0,0.5943954513840006,0.05982978780734462,0.14965362545130428,0.05604520014710955,0.10300084065460995,0.03707509455563116
validation,38_content_davidcarrollnyc_Recursive_Python_WebScraper_BeautifulSoup_into_MongoDB_insertIntoMongo.py.txt,0,0,0.4950537185674264,0.19810877110593755,0.030489632636447737,0.12651521755765205,0.03475977686169357,0.11507288327084261
validation,9_content_ahmetfbayrak12_Python-Recursive-Functions-and-Dynamic-Programming_hw5-plot.py.txt,0,0,0.36579371750994355,0.11869987577957337,0.09510114341017686,0.22768004604734304,0.03314882509420637,0.15957639215875682
validation,17_content_fxbp_spd-5_criptoanalisi.py.txt,0,0,0.552302508306048,0.24461429989449504,0.06574853095184613,0.01882863532490681,0.053114147584000196,0.06539187793870382
validation,34_content_ptfn_rsa_main.py.txt,0,0,0.6001356009460419,0.22312339644763687,0.047461084854304926,0.04330752522793269,0.042680764268746195,0.04329162825533732
validation,49_content_mrsondeptrai1999_RSA_Summer_2017_project_Decryption.py.txt,0,0,0.5323462679072625,0.2949983722189611,0.014199649075586206,0.006273838286157872,0.13335136765130773,0.01883050486072469
validation,52_content_CorrineTan_Digital-Signature-Schemes-Evaluation_eddsa_25519.py.txt,0,0,0.9095335814967106,0.0046828077238796565,0.007922961943553568,0.05213384098642373,0.011592028852474321,0.014134778996958301
validation,8_content_hertelukas_rsa_primeCheck.py.txt,0,0,0.4134912032256604,0.23979103610050417,0.1468223307435817,0.01842689366650224,0.16835685403688225,0.013111682226869426
validation,95_content_anurag423_Python-Project_eKeyGen.py.txt,0,0,0.3736437998761444,0.35557607119230433,0.12602959179439105,0.009895708113440507,0.12623633362966943,0.00861849539405001
validation,97_content_rusrom_cryptography_rsa_sign_create.py.txt,0,0,0.7573411917858087,0.05015844600440008,0.03344672283114265,0.014701249509999135,0.1155744665627515,0.028777923305897988
validation,12_content_wallaceicy06_room-draw_roomdraw.py.txt,0,0,0.6760149864146273,0.04443306873089139,0.01896880948626067,0.09239762573012177,0.12462989268009464,0.043555616958004216
validation,14_content_codearemo_selction-sort_selection_sort.py.txt,0,0,0.9434691432121658,0.0002350664483315552,0.012332981393408878,0.010043410271423253,0.019311221552147758,0.014608177122523037
validation,18_content_algorithmproject_Selection_sort_scripts.py.txt,0,0,0.5770624233278611,0.32502561173103384,0.009084092520350683,0.013603183044958223,0.06927895301654093,0.005945736359255232
validation,27_content_CodeDrome_selection-sort-python_selectionsort.py.txt,0,0,0.3841531272391094,0.06603614983106945,0.1418028196134342,0.08195448786187792,0.16796776542944136,0.15808565002506772
validation,32_content_AAMergulhao_Sort_Algorithms_algorithms.py.txt,0,0,0.6275523673152169,0.2726467221625466,0.02090628798236173,0.016801957828723447,0.023501056909712752,0.03859160780143861
validation,32_content_TadayoshiCarvajal_Sorting-in-Python_sortingAlgorithms.py.txt,0,0,0.6602054780396246,0.022912029258502886,0.0430795275734399,0.07279813841526991,0.10516846278160245,0.09583636393156039
validation,49_content_guptavasu1213_Comparing-Sorting-Algorithms_compare_sorting.py.txt,0,0,0.512318770245661,0.05647877894686129,0.021918109757830945,0.003672430564043957,0.3128787243822434,0.09273318610335961
validation,9_content_naviechan_sortingAlgorithmDemo_main.py.txt,0,0,0.8177012208365491,0.043612457110806094,0.01214311669337711,0.02196208625472784,0.044861165216526416,0.05971995388801369
validation,3_content_GentaHI_SteganografiLSB-ImageToImage_steganography.py.txt,0,2,0.07353395414188771,0.16705343861821112,0.29894047179779903,0.26479335822594574,0.048160901452514296,0.14751787576364203
validation,13_content_preetidurai_Spam-Ham-Classification-using-NB-and-LR_naiveBayes.py.txt,0,0,0.4249547749508273,0.22789818177922824,0.052795225590920196,0.009852880346388334,0.17692470757994325,0.10757422975269265
validation,14_content_prachij94_Category-altname-analysis-without-stopwords_altnameStopwords.py.txt,0,0,0.6065050954693195,0.22436082810844712,0.025676733951196924,0.04531984963947148,0.06808614364451651,0.030051349187048562
validation,15_content_ganigavinaya_LogisticRegression_LRwithoutStopWords.py.txt,0,0,0.561843979846542,0.16483377973297467,0.03596696778215229,0.02619716196228762,0.1500929066636114,0.06106520401243204
validation,16_content_NB-prog_INTERN-2019_config.py.txt,0,0,0.6271221699026714,0.16227648457724184,0.09281838305332661,0.0008751319507473204,0.10700777398315711,0.009900056532855714
validation,28_content_vinaykumarbu_sentiment-analysis-deeplearning_preprocess.py.txt,0,0,0.325126189249118,0.3239636988061253,0.1704230604785488,0.015109607968579618,0.13294849940026846,0.03242894409735975
validation,5_content_andresionek91_portuguese-stop-words___init__.py.txt,0,5,0.43665441311974773,0.01105143071843502,0.01336786169153616,0.024808102196698666,0.015106595117029635,0.4990115971565528
validation,7_content_satyammittal_IRE-Stopping-Words_hindi.py.txt,0,0,0.8991470694391076,0.008477641463213054,0.019423696951652726,0.04585575340053895,0.011504365942411922,0.01559147280307584
validation,1_content_DanShai_kernalized-tsne_kernels.py.txt,0,0,0.4911258818786768,0.13228398089941223,0.05128081116211641,0.06904334914331914,0.198704719510026,0.05756125740644944
validation,17_content_lo1gr_tf-idf_hadoop-Spark_reducer3_A.py.txt,0,0,0.3740844834513682,0.3632789979728128,0.04236877861719888,0.004464952864698837,0.21119623958709646,0.004606547506824884
validation,41_content_antoinewg_ocr-tfidf_reducer3.py.txt,0,0,0.45807947321905285,0.3457598755725374,0.07307909619283318,0.014637437333203114,0.08705660002556626,0.021387517656807232
validation,53_content_rghv404_Language_identification_make_predictions.py.txt,0,0,0.4672080426818751,0.32906422052967255,0.08287153600839832,0.013239859072355694,0.05947257491220223,0.048143766795495944
validation,55_content_AustinZuniga_Auto-tagging-of-Theses-and-Dissertations-of-Bicol-University-Searching-and-Matching-_main.py.txt,0,0,0.520684893554656,0.2628840033337115,0.06179688042178081,0.0018399023016269702,0.13854088212102872,0.01425343826719614
validation,58_content_zhaoyichanghong_machine_learing_algo_python_fuzzy_c_means.py.txt,0,2,0.13761582449899434,0.12195023021036565,0.2644761402296624,0.1651149021295646,0.22997642561266268,0.0808664773187503
validation,58_content_zhaoyichanghong_machine_learing_algo_python_pla.py.txt,0,0,0.3602707824531549,0.18095273763268518,0.1265994418040595,0.03713903966655526,0.20767401005770297,0.08736398838584238
validation,13_content_gissimo_nsc_do_nsc.py.txt,0,0,0.7854316573996649,0.05949493619669646,0.06507950849483721,0.014757027056449374,0.04559290087319656,0.02964396997915558
validation,32_content_clee1994_MasterThesis_table_helper.py.txt,0,0,0.618302173352051,0.20956400759705146,0.1083716272521409,0.018044686081778883,0.03253395752327529,0.013183548193702523
validation,35_content_XiaoCode-er_image-digital-express_cluster_mean_variance.py.txt,0,4,0.23259044060124276,0.1584592435394539,0.16832163274678613,0.11032825693869916,0.2744226819490372,0.055877744224780805
validation,35_content_XiaoCode-er_image-digital-express_image_calculation.py.txt,0,0,0.3608498827881597,0.18747246762776498,0.09877798561189459,0.07880762600189163,0.22756278199315946,0.04652925597712958
validation,3_content_facebookresearch_deep-variance-reduction_cifar_wrapper.py.txt,0,0,0.5843941415292325,0.028776521593923785,0.059548482147845,0.15168189159404474,0.13128666027195632,0.044312302862997796
validation,9_content_dumebi_Predicting-Boston-Housing-Prices_work.py.txt,0,0,0.6449903155312178,0.10190101844975917,0.049050038323671254,0.10642965699224169,0.016787164905230325,0.08084180579787964
validation,14_content_Bakhtiyar-Garashov_IMDB_Movies_Ratings_Project.py.txt,0,1,0.18540014499629764,0.30967685059507827,0.24494280957248676,0.04645161335876454,0.15126203796571877,0.062266543511653824
validation,16_content_esnmrdi_fragranceadvisor_perfumes_scraper.py.txt,0,0,0.439471668892827,0.14779096044572165,0.0334232013542189,0.26480303512301717,0.059434877107622366,0.055076257076592756
validation,21_content_DaSunnySide_Stock-Analysis_csv_practice.py.txt,0,0,0.4973842701679556,0.23116895240756616,0.17346851477980782,0.014347469196269683,0.07765111815962812,0.0059796752887724515
validation,39_content_kghimire192_Electoral_Map_Coloring_Project1.py.txt,0,0,0.5066191772323179,0.10473937658400342,0.1793977549783133,0.05442697823957922,0.126996027489719,0.027820685476067232
validation,3_content_ahmedelfateh_scraping_CimaClub_scraper_urllib.py.txt,0,0,0.6619576341331518,0.2785532092743241,0.04239866037077794,0.008067497913042848,0.006218377761806875,0.002804620546896519
validation,40_content_Grijesh-Chauhan_aadhaar_webrequests.py.txt,0,0,0.44321861716791455,0.17593401091961058,0.08405441795642565,0.16203616140267296,0.05270944576712703,0.08204734678624916
validation,42_content_naomistuart_flight-scraping_flightscraper2.py.txt,0,4,0.16926500814789167,0.2088158728462642,0.17785421400686952,0.041674633970861935,0.34521529652867305,0.0571749744994397
validation,46_content_AnuragSinghKushwah_anonymous-scraping_luminati_proxy.py.txt,0,0,0.4039885245984273,0.38178983821084306,0.15217840500830684,0.006131281339036488,0.046839314239689414,0.009072636603696898
validation,51_content_palashjboro_Web_Scraping_weather_info.py.txt,0,0,0.5921959198421491,0.20169166122342433,0.09160735729170877,0.054899880212868034,0.031879345686989434,0.027725835742860173
validation,63_content_will62185_web-scraper_oil-scraper.py.txt,0,0,0.4900498830661536,0.1861886185451076,0.05302539824986927,0.09467446951413218,0.08290297543749879,0.09315865518723851
validation,64_content_andrewrgoss_yahoo-fantasy-fball-scraper_player_season_projections.py.txt,0,0,0.6195076228449347,0.05883746163059203,0.10752346277599638,0.07775528437103656,0.0661838037542205,0.0701923646232199
validation,65_content_nyavramov_monitor_web_page_changes_monitor_unit_tests.py.txt,0,0,0.3427277920129828,0.03386759237540329,0.1789228466136031,0.24759313841834535,0.04470565175860611,0.15218297882105938
validation,71_content_EltonK888_web_scraping_c01_scrape.py.txt,0,0,0.4600525706948551,0.3279175132809784,0.05472048235546989,0.036514681973089554,0.08241605557744439,0.038378696118162796
validation,71_content_sairoopb_WebScrape_CBase_code.py.txt,0,0,0.5262248915794291,0.27414193356521266,0.031552698231440926,0.02701609675996753,0.07534514005332872,0.06571923981062104
validation,74_content_jrathin_Web-Scraping_db.py.txt,0,0,0.4512146351014977,0.28730735586824685,0.06819959396681045,0.0054290191552098755,0.17750795776247316,0.010341438145762107
validation,74_content_jrathin_Web-Scraping_injury.py.txt,0,0,0.4897663564703367,0.27969136201332967,0.03896040048306439,0.008856000869770059,0.10667229644374297,0.07605358371975623
validation,84_content_bhavnesh2211_Webscraping_imdb_Scraper.py.txt,0,0,0.8498517174394448,0.03176761436436948,0.014143798138222748,0.05001765848126273,0.018224208560317263,0.0359950030163831
validation,8_content_casper-hansen_Web-Scraping-Reddit_scraper.py.txt,0,0,0.5826955647103517,0.25643107431372825,0.04706197322048116,0.01147981045926606,0.08493416991867318,0.017397407377499882
validation,94_content_adithyavasisth_VTU-Result-Scraper-with-CAPTCHA-Bypass_scraper.py.txt,0,0,0.4327300138526627,0.277741677311724,0.07825087652414994,0.00584736237214433,0.19441864041406287,0.011011429525256189
validation,95_content_SebastianRV26_WebScraping-WordCloud_primerM_todoParalelo.py.txt,0,0,0.36513377100512123,0.20352143879250262,0.12491686212896183,0.023550973927414696,0.20786801059542562,0.07500894355057404
validation,98_content_pratz0499_web-scraping_flipkart.py.txt,0,0,0.8009101920059096,0.02918310998311954,0.05358165408961481,0.06384955308802893,0.0195346646385462,0.03294082619478107
validation,v1_20_content_Numanor_pyssocks5_local.py.txt,1,3,0.021395308044583745,0.19961051515517952,0.13460361215682748,0.23208790116442804,0.18671794080946175,0.22558472266951957
validation,v1_3_content_srimani-programmer_AES-Cryptographic-Tool_Script.py.txt,1,5,0.08720334835914885,0.1808406247648263,0.13171701075279874,0.23337830499494003,0.10692885494072583,0.2599318561875603
validation,v1_4_content_HamzaMhirsi_Chat-Server-Client-Python-AES-SHA_server.py.txt,1,1,0.001684051960930244,0.4395651298649082,0.08801127924474804,0.07029051087860899,0.2892091140394052,0.1112399140113994
validation,v1_5_content_LuttaKing_AES-style-Encryptor-Decryptor_encryptorGUI.py.txt,1,1,0.22999114900016612,0.28644646399021284,0.08638626150513426,0.09092023853960002,0.2021742932196961,0.10408159374519065
validation,v1_9_content_Technofreakcritic_MQTT-AES-Compression_pub_aes.py.txt,1,4,0.010203368169011774,0.27064558545545164,0.19135240424362954,0.061392940502608254,0.36394082478137046,0.10246487684792828
validation,v1_10_content_Ethan2018_Apriori_APRI.py.txt,1,4,0.002708403489853623,0.22168718836456108,0.20203919709827906,0.1027602237024528,0.3013959769026701,0.16940901044218337
validation,v1_11_content_SabikAbtahee_Apriori-Implementation_AprioriAlgorithm.py.txt,1,1,0.09683565335079697,0.3831240127607049,0.209577866049124,0.07291967663262963,0.17689051788496588,0.06065227332177867
validation,v1_14_content_Dawlatly_Recommender-system_apriori.py.txt,1,1,0.00012486724777800308,0.35888693688202705,0.16685945160300816,0.06267417029489859,0.26934156941124826,0.14211300456104
validation,v1_14_content_wiktorjl_algorithm-apriori_apriori.py.txt,1,1,0.00040139958851291617,0.3407160643573424,0.11508797837826094,0.23535639829869326,0.12846547661617716,0.17997268276101333
validation,v1_3_content_Avinash793_FPGrowth-and-Apriori-algorithm-Association-Rule-Data-Mining_Apriori-algorithm-using-HashTree.py.txt,1,3,0.0128633593512345,0.13177402783898937,0.20717889877851006,0.2744958586183678,0.21104475503814513,0.16264310037475302
validation,v1_3_content_ravinderiiit_Market-Basket-Optimisation-by-apriori-Algorithm_apriori.py.txt,1,1,0.0019750941864757118,0.3790769409455404,0.14221129995299897,0.03279824349513995,0.27302181628350086,0.170916605136344
validation,v1_4_content_shivang98_Market-Basket-Optimization_apyori.py.txt,1,4,0.02209564073744275,0.13827907021674468,0.10876226062298006,0.12401514368714787,0.3663758502442555,0.24047203449142904
validation,v1_5_content_aaronzira_apriori_miner.py.txt,1,1,0.3302448571925918,0.3445170498070956,0.025639884383592947,0.12445755449782765,0.12853425189649945,0.04660640222239257
validation,v1_5_content_kushagradarkdk_AssociationRuleMining_Apriori_Comet.py.txt,1,1,0.041005485866851245,0.2633934688824131,0.1823410225672057,0.2630361662714776,0.12183187694121025,0.1283919794708421
validation,v1_7_content_akshattrivedi_IT-Sales-With-Recommendation-System_manage.py.txt,1,4,0.0003519757855170676,0.21559026125884467,0.23002336939823007,0.2091335702223287,0.25091869222531665,0.09398213110976289
validation,v1_7_content_DMDarkness_Data-mining_Example_pyclt_fp2ar.py.txt,1,2,0.007591702880409349,0.11327016067165935,0.42597205622508255,0.10455885799713482,0.24431037226385058,0.10429684996186331
validation,v1_7_content_DMDarkness_Data-mining_fp2ar.py.txt,1,4,0.035567857584159354,0.2100243845253402,0.2081410458673961,0.092316956751407,0.3396775354694611,0.11427221980223627
validation,v1_1_content_sadnessFree_arima-lstm_combine-svm.py.txt,1,3,0.1968762146907118,0.11487808620720859,0.1472581617933005,0.2499788349908873,0.11819764127283716,0.17281106104505464
validation,v1_1_content_sadnessFree_arima-lstm_combine.py.txt,1,3,0.018071717683133374,0.1513033019310722,0.17078495787498046,0.24416186463316503,0.18118312408157983,0.23449503379606904
validation,v1_28_content_yifan0330_stock-trader_stocktrade_final.py.txt,1,2,2.9734223260910956e-05,0.027642502612279286,0.29074322384831325,0.2745692093298711,0.22699198967064146,0.18002334031563394
validation,v1_28_content_yifan0330_stock-trader_stocktrader.py.txt,1,4,0.012412454420632758,0.0984064363973819,0.19789969286183384,0.19938193487378578,0.3345625702593201,0.15733691118704554
validation,v1_2_content_polyphilz_pricing-weather-derivatives_clean_data.py.txt,1,1,0.0004080376223112801,0.3095450312872016,0.10486865951792265,0.2861009578909706,0.05911879647118387,0.23995851721041
validation,v1_2_content_yyqcs_time-series-model_encoder_decoder_fullv-1.py.txt,1,2,0.0008106896752206276,0.15204946803961983,0.24285059711388587,0.14884360876722774,0.23134154575206972,0.22410409065197617
validation,v1_3_content_rentseen_ARIMA-forecast_CAVMP.py.txt,1,0,0.45311958850281603,0.20119842693462964,0.044829950892402354,0.014997614025641105,0.2153107908294644,0.07054362881504651
validation,v1_47_content_Eric-Muthemba_investing_scrapper.py.txt,1,4,0.026952746366765333,0.19481426941298352,0.23519573424495951,0.04477434259272955,0.354753587167341,0.14350932021522103
validation,v1_48_content_harishchellappa_Time-Series-Analysis-Bike-Sharing-Demand-Forecasting_forecasting_2.py.txt,1,2,1.6829523436112756e-06,0.19638252399464945,0.2415508348481369,0.14149436058187032,0.20641542711657168,0.21415517050642802
validation,v1_9_content_MauTorresE_ARIMA-Forecasting-AutoSelectParams_ARIMA_model.py.txt,1,1,0.15989307382444123,0.3487666390403253,0.08814360370532298,0.08767482561448967,0.17273159094578008,0.14279026686964078
validation,v1_1_content_dedeco_dijkstra-bellman-ford_teste_lobo_djt.py.txt,1,1,0.0003813535602285321,0.28663160375280794,0.229238023160463,0.2578537617312371,0.08187535073982691,0.14401990705543652
validation,v1_7_content_ardyerwanda_SDN-Bellman-Ford-Pyretic_routebellman.py.txt,1,1,0.0011409475605636812,0.3587699372078855,0.1182985470053052,0.1465518233292745,0.19308932811635712,0.1821494167806139
validation,v1_7_content_ardyerwanda_SDN-Bellman-Ford-Pyretic_routing2cost.py.txt,1,3,0.01015376048763339,0.21430757380317653,0.19071071146809687,0.2774635251969107,0.1335511982422077,0.17381323080197464
validation,v1_11_content_davedennis_DFS-and-BFS-Search_dfbf.py.txt,1,1,0.05972702922628926,0.3515781094894723,0.14380239402494777,0.10013012818151358,0.19243756891096006,0.152324770166817
validation,v1_1_content_minar09_bfscore_python_evaluate_single_image.py.txt,1,1,0.04443684493657315,0.37829892488589195,0.06376915625601912,0.16978095607054605,0.11547300140172173,0.22824111644924816
validation,v1_38_content_SamDaQueen_Algorithms-In-Python_Binary_Search_O_log2n_.py.txt,1,1,0.17358840400224865,0.4881924095078151,0.13903262644119202,0.015909329318478535,0.16264652292164158,0.020630707808624145
validation,v1_43_content_odubno_ford-fulkerson-max-flow_test_max_flow.py.txt,1,1,0.0010085104950414054,0.4219067535994704,0.17292598235023088,0.19952770015838936,0.09254666856853952,0.11208438482832846
validation,v1_51_content_rrraharja_Kecerdasan-Buatan-AI_Project_DFS.py.txt,1,1,0.26171600325765265,0.4318930170947512,0.07463652866595703,0.08210354538403213,0.04785431787628783,0.10179658772131935
validation,v1_59_content_orzinger_8-Puzzle-game_World_State.py.txt,1,2,0.0052705007919853376,0.13604786263133303,0.25404643760418266,0.19999813745041792,0.20250595997822418,0.202131101543857
validation,v1_7_content_mhkhojaste_sliding-puzzle-with-search-algorithms_Problem.py.txt,1,3,0.016335190203029346,0.09673500481802776,0.18630721986454146,0.3214372567279566,0.06401599081168793,0.3151693375747567
validation,v1_10_content_circulosmeos_haveibeenpwned-binary_pwned-pass-binary-fast.py.txt,1,1,4.343777125492316e-05,0.2798733372750959,0.10472634918391704,0.1821101105038975,0.2465804216839306,0.18666634358190404
validation,v1_10_content_gochieng_BinarySearch_test.py.txt,1,1,0.0031722265299317693,0.28310763959565793,0.20057244111660424,0.20766849592095873,0.10775881241832315,0.19772038441852413
validation,v1_10_content_ivanbgd_Self-Balancing-Binary-Search-Trees_Test_BST_Iterative.py.txt,1,5,0.025090456688605236,0.27445073081447063,0.05781129304106018,0.2652637420227272,0.0578665239367176,0.3195172534964191
validation,v1_22_content_N8Brooks_lcs_hash_search_lcs_finder.py.txt,1,5,0.14767442518887752,0.1762183648588875,0.18768808807126167,0.08295124720944023,0.13200339515257947,0.2734644795189535
validation,v1_24_content_Patrik-Stas_kata-bst-tree_bst_ll.py.txt,1,1,0.1582896905428486,0.233539531741761,0.16489175988510021,0.10931010956369708,0.15611158291628496,0.1778573253503082
validation,v1_3_content_6e726d_binaryninja-search___init__.py.txt,1,1,0.00016190373670123273,0.3468302261271437,0.17651811621067642,0.2480807199060155,0.12452285382306959,0.10388618019639351
validation,v1_40_content_ajh1143_BinarySearchTreePractice_BST.py.txt,1,1,0.012570894741697354,0.3203599003550408,0.19363604668273282,0.0734181772041413,0.26649434606590966,0.13352063495047817
validation,v1_4_content_vieirinhaabr_balanced_binary_search_tree_tree_tester.py.txt,1,4,0.0006765792399171703,0.2157731452147877,0.06545178606622186,0.18961584923433103,0.27830167443947396,0.25018096580526844
validation,v1_54_content_pr1998_Student_Management_System_main.py.txt,1,1,0.07075504451634032,0.3024897358312582,0.2814303348786397,0.08238237064778223,0.16967551501839806,0.09326699910758143
validation,v1_7_content_kristianespina_python-binary-search-tree_binary_search_tree.py.txt,1,2,0.01960335322537106,0.24063496458893505,0.2672961018187407,0.1987528738876073,0.1961806577336731,0.0775320487456728
validation,v1_10_content_shehand_Game_Graphics_using_Binary_Search_Tree_calc.py.txt,1,1,0.010606557549049867,0.3752083063138841,0.21056146226786115,0.06253030465385473,0.23920331851448448,0.10189005070086554
validation,v1_18_content_HDShaw_Runaway-Reservation-System-BST-_AVL_tree.py.txt,1,4,0.015212270483283505,0.2557738266974239,0.32504820956221636,0.017699149540481452,0.34277146030536937,0.04349508341122544
validation,v1_1_content_jdmcpeek_pretty-print-binary-tree_tree.py.txt,1,1,0.010923094567490233,0.42350190948038574,0.15480496999293608,0.02892524159959564,0.3332624063709151,0.04858237798867734
validation,v1_20_content_kristianespina_python-binary-search-tree_binary_search_tree.py.txt,1,2,0.01960335322537106,0.24063496458893505,0.2672961018187407,0.1987528738876073,0.1961806577336731,0.0775320487456728
validation,v1_33_content_hexingwei_Binary-tree_tree.py.txt,1,1,0.0008768092838521778,0.33322606749973016,0.22424125661419653,0.0569565212687058,0.27064482615448826,0.11405451917902712
validation,v1_4_content_fcunhaneto_py-binary-trees-draw_node.py.txt,1,4,0.000670080207980157,0.27354081919944023,0.1877399358330279,0.1320541880962121,0.3560428335452376,0.049952143118102005
validation,v1_23_content_mkhambat_Bubble-and-insertion-sort_sorting.py.txt,1,1,0.009646784902930165,0.29488904247819586,0.28749956720711983,0.1297351343237459,0.2342110467765913,0.044018424311416796
validation,v1_26_content_naviechan_sortingAlgorithmDemo_main.py.txt,1,1,0.10012922879157406,0.3806498237104621,0.08109390700118589,0.09386724349008674,0.15531551188174528,0.18894428512494588
validation,v1_29_content_zcogley_Bubble-Sort_bubble_sort.py.txt,1,3,0.0029490772789382337,0.27601185430464853,0.14184095126951576,0.2969687106566993,0.11267341704717669,0.1695559894430215
validation,v1_30_content_thomasjedstrom_Bubble_Sort_Selection_Sort.py.txt,1,1,0.3057703531513788,0.37014445724383965,0.12140655879131676,0.010904202311619704,0.17044044739194208,0.021333981109902964
validation,v1_31_content_atorulia_Some-kind-of-sort-algorithm_InsertionSort.py.txt,1,4,1.9084609061856107e-05,0.14006819349776883,0.2510336794183358,0.12565086936486286,0.288023877067708,0.19520429604226255
validation,v1_31_content_Cadellinman_RB-EmailSorter_RedBubbleSorter.py.txt,1,2,9.561828156699273e-06,0.21085770730965878,0.2816885134487091,0.07383561880132125,0.209702823234744,0.2239057753774102
validation,v1_53_content_RefaelBeker7_Sorting-Algorithms-Python_ExampleSort_sixDifference.py.txt,1,2,0.011346373736787032,0.27900242493386246,0.376332276791111,0.10312958416600619,0.20160195610842602,0.02858738426380743
validation,v1_5_content_kheguy_bubbleSort_bubbleSort.py.txt,1,1,0.020780387753633257,0.3610138442517078,0.17653812854216766,0.10973906201818302,0.21656821478231278,0.11536036265199552
validation,v1_67_content_TadayoshiCarvajal_Sorting-in-Python_sortingAlgorithms.py.txt,1,4,0.0015192520166236536,0.2801446787777693,0.15407672130806646,0.10492497775650796,0.29604991467338826,0.1632844554676444
validation,v1_81_content_jvdwyer_Sorting_Sorts.py.txt,1,1,0.0010060376596470974,0.2991775147703307,0.29204877392754414,0.11077443420677469,0.1612122957193969,0.13578094371630633
validation,v1_19_content_Shooobz_BigData-ProjectOne_mongoSandbox.py.txt,1,5,0.00046738759229324504,0.139465052458771,0.20041721479515154,0.227769840832476,0.18518330923882398,0.2466971950824843
validation,v1_21_content_rahul494_Mental-Health-On-Twitter-Analysis_sorter.py.txt,1,4,0.0005046600566552588,0.03502927861952914,0.06654204796842704,0.024213984599010523,0.5411259566364944,0.33258407211988356
validation,v1_26_content_Emersonxuelinux_One_Big_Archive_VirtualPet.py.txt,1,1,0.16986667133325467,0.360485531432199,0.22487453073949196,0.021511864042883338,0.17635765783861018,0.046903744613560866
validation,v1_2_content_anrputina_OutlierDenStream-BigDama18_readGroundTruth.py.txt,1,1,0.06821566743587525,0.35788152892655045,0.12975345488896245,0.08542419297112357,0.2123874199451014,0.14633773583238685
validation,v1_30_content_sdws1983_The-big-data-OF-The-Plant-Cell_parse-abstract.py.txt,1,1,0.02607896912043339,0.34754906270742714,0.17391382638536274,0.07999571137867059,0.1396033935043238,0.23285903690378248
validation,v1_32_content_jtuckerk_oscar_prediction_imdb_data_create.py.txt,1,0,0.5003528562317856,0.2388199137434556,0.049785984572226785,0.012707145917780256,0.11761239102380579,0.080721708510946
validation,v1_35_content_ankitsejwal_organize-folder_organize.py.txt,1,5,0.016664906818243612,0.12883931139539062,0.06791664812495496,0.28568000211474276,0.12434817080768877,0.37655096073897926
validation,v1_5_content_anguillanneuf_bigO_17_island_count.py.txt,1,1,0.0012462524004855245,0.3004517182157703,0.14968349815787238,0.253942030356234,0.15518637788189,0.1394901229877476
validation,v1_76_content_yingtaoluo_Latent-Factor-Model-with-JIT-CUDA-on-movielens_predict.py.txt,1,1,0.2291281327399477,0.4127490618978125,0.10544477409811662,0.029082085092986747,0.18038261268563233,0.04321333348550416
validation,v1_80_content_hanas879_Payday-2-Big-Oil-Engine-Calculator_engineCalculator.py.txt,1,1,0.17019730268811914,0.29977399351049416,0.15592282818881542,0.05425151114638495,0.2566396090527336,0.06321475541345269
validation,v1_10_content_sushant097_Chatbot-using-Python-NLTK-_ChatBot.py.txt,1,1,0.0005581293496473729,0.3350210894388626,0.247889672538374,0.1367326256803444,0.20739918575011926,0.0723992972426524
validation,v1_1_content_HarryBaker_LDAtopicSimilarity_modelTranslator.py.txt,1,4,0.1787656455287308,0.2082373794952185,0.14003578072754538,0.03067246818737825,0.2781261465452227,0.1641625795159044
validation,v1_1_content_HarryBaker_LDAtopicSimilarity_similaritySpike.py.txt,1,1,0.02549275271287159,0.45165134593422035,0.1751075805273184,0.06608365051153571,0.22028872784433443,0.06137594246971946
validation,v1_3_content_naiveHobo_TextRank_preprocessing.py.txt,1,5,0.004458420628790702,0.09104700360243374,0.22155392197178778,0.22326669693038,0.1962558865536025,0.26341807031300535
validation,v1_14_content_bkdwei_kdDesktopAssistant_install_script.py.txt,1,1,0.0018979267331069819,0.3122667598534785,0.25315734389481626,0.1622733325183446,0.14382276932626575,0.12658186767398782
validation,v1_18_content_theorisons_loto_analyse.py.txt,1,1,0.16050849858444102,0.653795934595116,0.03292332784841827,0.028637553207145453,0.06385235759940015,0.06028232816547904
validation,v1_20_content_learn-co-students_applying-gradient-descent-lab-dc-ds-career-042219_linear_equations.py.txt,1,3,8.423170690891342e-06,0.05528306399490914,0.15815551518310342,0.29697273367941895,0.26808069138309515,0.22149957258878247
validation,v1_46_content_hackabit19__destroyingRecursively__vibration.py.txt,1,2,0.042361348132045513,0.020553006280918846,0.4859395888919043,0.030530436416591603,0.3755913974703833,0.04502422280815652
validation,v1_52_content_jitunayak_Tensorflow-object-recognition-GUI-DesktopApp_face_crop.py.txt,1,1,0.1466822375818149,0.5459053460332681,0.04013709734618984,0.0893327888712035,0.11761411413042774,0.060328416037095864
validation,v1_67_content_DrIanGregory_MachineLearning-LogisticRegressionWithGradientDescentOrNewton_mulitpleLinearRegression.py.txt,1,1,0.000711088152228147,0.4586790121182919,0.19457853125704314,0.08834336635578142,0.1484970876773987,0.10919091443925674
validation,v1_86_content_Enkhai_simple-DES_permutations.py.txt,1,5,0.0013656425553373456,0.02436075222240299,0.18678231960300326,0.3354826461709548,0.10884027257849808,0.3431683668698034
validation,v1_8_content_usmanali414_Destruction-Detection-in-Satellite-Imagery_segmentation.py.txt,1,2,0.0005237683373261864,0.15401754162328746,0.30750145445132054,0.0898937698227664,0.24773128971848574,0.20033217604681364
validation,v1_13_content_tiendung1510_LearningPython_ucs.py.txt,1,1,0.020825498142335586,0.44304095229346335,0.10177942628265357,0.10786572155235452,0.2662715509396506,0.060216850789542475
validation,v1_18_content_vikasgola_graph-search-algorithms_graph.py.txt,1,1,0.022632825199223734,0.2432548581847271,0.2249133080782705,0.21815943147061773,0.1381638831119407,0.1528756939552202
validation,v1_79_content_bewing03_DFS-Baseball_scrape.py.txt,1,1,0.06358792832446847,0.4680856351592931,0.084615389508492,0.14124993716691442,0.12687160628983918,0.11558950355099293
validation,v1_7_content_GabrielBortolote_BFS-and-DFS-Tree_BFS.py.txt,1,1,0.0012786906437721427,0.3534365854350397,0.12965876464359657,0.1657075714629368,0.1944032270623142,0.15551516075234073
validation,v1_83_content_habibz2196_bfs-dan-dfs-_bfs_dan_dfs_kuda_skak.py.txt,1,4,0.03017684376214264,0.2112734377816269,0.11605543366428714,0.1728237769944571,0.2372922340513768,0.23237827374610945
validation,v1_85_content_adamkanouse_better-lineups-dfs_constants.py.txt,1,1,4.3140248084733466e-07,0.24288169181558433,0.2121489210109769,0.20316049769712063,0.19125474960296432,0.15055370847087307
validation,v1_8_content_Omig12_dfs_delete.py.txt,1,1,0.23802311932438236,0.4882323186408034,0.09758583696388394,0.02766256388419987,0.10645465044817502,0.04204151073855538
validation,v1_92_content_jackschultz_nba-optimize-micro_utils.py.txt,1,5,0.0008668057553360326,0.24682590660132797,0.15424139073765172,0.14722140729381225,0.08839563598233276,0.36244885362953916
validation,v1_12_content_michaelasper_Diffie-Hellman_diffie_hellman.py.txt,1,1,0.0009092445762273266,0.2846850535792604,0.2710480344393357,0.253199562242081,0.11264699538739502,0.0775111097757006
validation,v1_13_content_alu0100821390_diffie-hellman_diffie-hellman.py.txt,1,1,0.051570604674803934,0.31475852228763723,0.25841483653577113,0.04010548941747081,0.25385532076464173,0.0812952263196753
validation,v1_26_content_bahadircolak44_EllipticCurve_extEuclid.py.txt,1,1,0.07684235052570174,0.31082430316658693,0.25461718538582,0.06691623698406991,0.22132627662830384,0.06947364730951769
validation,v1_31_content_shreyas3336_Diffie-Hellman-KeyExchange_Seed_Generator.py.txt,1,2,7.311032556493834e-05,0.21508804918268368,0.2649016553135768,0.1381491909608268,0.23172172407054373,0.15006627014680401
validation,v1_46_content_MrJmk_protocoles_crypto_Diffie-Hellman.py.txt,1,4,2.4828471682603692e-06,0.20731220746741313,0.1773482348634923,0.19795165751361588,0.22594589738885354,0.19143951991945693
validation,v1_6_content_picrin_DiffieHellmanChallenge_discreteLogEfficient.py.txt,1,2,0.0003103327662447826,0.16069838392839683,0.31856142549019595,0.10923895738598395,0.25765962348864496,0.1535312769405334
validation,v1_77_content_Zerox-1337_Simplified-OTR-Protocol_otr.py.txt,1,1,0.06546605389973735,0.27644586704940655,0.2594551404312844,0.1803882101048965,0.10294862588273952,0.11529610263193558
validation,v1_10_content_tjazerzen_a_star_algorithm_helper_functions.py.txt,1,1,2.28227389811224e-05,0.32236739429781686,0.187332851829847,0.1308088973231504,0.19252517382163034,0.16694285998857444
validation,v1_17_content_GGonzalezRojas_Tarea_1_MDR_Dijkstra_dijkstra_v1.py.txt,1,2,0.0014482730055875588,0.23489532783794603,0.3651174353642178,0.13939496860207637,0.15672752518114758,0.10241647000902472
validation,v1_32_content_ceyzaguirre4_AStar_A.py.txt,1,1,0.00040164135234403014,0.26595444536365853,0.13075764927259914,0.18688405312273323,0.20222941060517677,0.21377280028348844
validation,v1_39_content_hamidaucc_Link-state-protocol-in-python_Test.py.txt,1,1,0.024666516619323335,0.6373992558739519,0.18310629223136152,0.054686201422367874,0.0746427214073537,0.02549901244564172
validation,v1_53_content_KaiFly_Xemina2_DijkstraSP_GraphDrawing.py.txt,1,1,0.16435620546451932,0.27798114903017873,0.0740523411102336,0.18700214559329337,0.19790212800739682,0.09870603079437808
validation,v1_11_content_tatsuyoshi-ikenoue_fizzbuzz_fizzbuzz.py.txt,1,1,0.25705561890949413,0.43690874811586633,0.024693929384863637,0.04010507792513479,0.19011814996754023,0.05111847569710081
validation,v1_13_content_Odarlie_fizz_buzz_programming_logic_andelab_test_fizz_buzz.py.txt,1,1,9.038846320206077e-06,0.2725917853076701,0.17150166741808814,0.11210282265131881,0.19237830724153804,0.25141637853506466
validation,v1_15_content_leni1_python-fizzbuzz_fizzbuzz_test.py.txt,1,3,5.3193911920872295e-05,0.1187552770364674,0.24359914931986643,0.2472584293483047,0.19829932917054896,0.19203462121289164
validation,v1_17_content_bhushankorpe_Fizz_Buzz_Fibonacci_Fizz_Buzz_Fibonacci.py.txt,1,4,0.005386961800012295,0.3290884806850683,0.18136970821714393,0.038656483994767635,0.3291506457672774,0.11634771953573042
validation,v1_20_content_IbrahimAyed_Multifractal-analysis-of-natural-images_texture_synthesis.py.txt,1,4,0.06270838540169442,0.27866288582920956,0.08311233301148648,0.1789983782669306,0.33265764949157983,0.06386036799909915
validation,v1_2_content_johnrobyclayton_division-project_plot.py.txt,1,1,0.1146652040405984,0.4000031243297707,0.14611648571749306,0.10468014389376668,0.10184719708031892,0.1326878449380523
validation,v1_3_content_victornguyen75_x-factor_source.py.txt,1,1,0.03218020012007239,0.36535633717129423,0.08702807031659864,0.10087355697419727,0.20486481909122184,0.20969701632661564
validation,v1_4_content_captainACE_python-ADVANCEMATH-lib_lineq.py.txt,1,0,0.4678854537606813,0.42959497586705603,0.03595380383326076,0.0008653048014003185,0.05519557105184004,0.010504890685761603
validation,v1_5_content_AdamJacoby_Hopf_Algebra_Tools.py.txt,1,0,0.28396850810148627,0.22119249398284593,0.2223199312798482,0.037583359512041926,0.21981987833456312,0.015115828789214482
validation,v1_5_content_AdamJacoby_Hopf_Frobenius_Tools.py.txt,1,1,0.14931141393464434,0.4574300922351519,0.13047626502762566,0.029301413319352966,0.1994465877770903,0.03403422770613476
validation,v1_5_content_AdamJacoby_Hopf_HopfConstructions.py.txt,1,4,0.18308186517741806,0.25835244051004996,0.12825478136892238,0.043670073938049066,0.33784458452818433,0.048796254477376136
validation,v1_5_content_DvorakSimon_divisibility_DivisionBySeven.py.txt,1,1,0.23869014921092765,0.5408530029180691,0.01481620201818798,0.0002800494330767312,0.1939178249910401,0.011442771428698319
validation,v1_6_content_seonkyuKim_DFA_DFA.py.txt,1,3,0.001579326744851475,0.029593646299910716,0.30294727561810775,0.32656341228191643,0.22953951379691295,0.10977682525830075
validation,v1_6_content_sockster_metroCard_metroCard.py.txt,1,4,2.9579416677094344e-05,0.13114075709211448,0.17583824117294222,0.1712460924670318,0.2700651184229688,0.2516802114282657
validation,v1_8_content_KreandOStudio_FizzBuzz_fizzbuzz.py.txt,1,2,0.16009836855715123,0.1771461743022442,0.3101916169782527,0.050227525544695464,0.2458968276857399,0.05643948693191639
validation,v1_13_content_limqiying_crypto_final_project_DH-test.py.txt,1,1,0.0074271366319803404,0.3570167561950353,0.2525805489765165,0.22209454423076283,0.0855216502664603,0.07535936369924463
validation,v1_16_content_SemyonMakhaev_elliptic-curve_main.py.txt,1,3,0.001991267623353603,0.07733595898543873,0.23306717218485543,0.3454484596222855,0.12093511287350506,0.2212220287105616
validation,v1_17_content_achusat_Elliptic_Curve_Cryptography_ecc.py.txt,1,1,0.03373164988098243,0.5438179214531378,0.08317518178314358,0.08511838886386397,0.17704497188345764,0.07711188613541443
validation,v1_20_content_UAvinash7_Cryptography_AsymmetricRSAAlgorithm.py.txt,1,4,9.344586664583543e-07,0.04364071694715797,0.2099388856860107,0.06607642198865504,0.3738217128110608,0.306521328108449
validation,v1_11_content_harishchellappa_Time-Series-Analysis-Bike-Sharing-Demand-Forecasting_forecasting_2.py.txt,1,2,0.00013339644235217202,0.16340660127675152,0.2950734293820207,0.12253356659840235,0.2313456091834463,0.18750739711702705
validation,v1_4_content_hyper750_factorialhr_constants.py.txt,1,1,0.16419385981837786,0.3631416693576738,0.04904664607131075,0.04635393612183937,0.1695040791305551,0.20775980950024314
validation,v1_4_content_moduloone_QualtricsFactorialVignettes_questiongen.py.txt,1,1,0.0027265821507631493,0.3186721188756395,0.28212621005474003,0.041239013393738255,0.28233818331443833,0.07289789221068083
validation,v1_84_content_rev1z_async_factorial_webapp_logic.py.txt,1,0,0.44279375550646044,0.24690030510014407,0.09570564180665318,0.08490136707842892,0.06169003089961694,0.06800889960869652
validation,v1_8_content_amit0-git_simple-python-program_English-alphabets.py.txt,1,0,0.4740881268513641,0.1783962915356644,0.05451210543241061,0.16371618631488313,0.04804491853027068,0.08124237133540714
validation,v1_8_content_jcwyatt_factorial_factorial.py.txt,1,5,0.0006430089728926512,0.03478043626905934,0.10685671022990355,0.2831973342435038,0.21913967637024317,0.3553828339143975
validation,v1_97_content_mjurk456_mini-snakes_pesel.py.txt,1,0,0.4226084701354106,0.16981624857598399,0.06568954747133364,0.13188409083858132,0.07238913308317131,0.1376125098955193
validation,v1_9_content_ankur-anand_Factorial-Algorithm_fact_12_unittest.py.txt,1,4,0.001191108582537784,0.22136791388749613,0.060384008445411745,0.12394594154033413,0.4002843634291584,0.19282666411506175
validation,v1_44_content_nathanthomashoang_fibonacci-sequence-recursive_fibonacci_recursive.py.txt,1,1,0.02117764558093404,0.26358008638045827,0.23745379763427285,0.10286468248138872,0.1773908492071467,0.1975329387157995
validation,v1_51_content_UnPolinomio_fibonacci-number_numbers.py.txt,1,4,0.2537231958376582,0.08439944395919641,0.06895403998418445,0.11963286169965996,0.25790173826889995,0.21538872025040104
validation,v1_67_content_GilbyScarChest_Fibonacci_API_app.py.txt,1,1,0.02513559066473536,0.3640963526470963,0.07026934219843059,0.07379123515825636,0.29603343933114223,0.17067404000033917
validation,v1_8_content_lucasmullerm_turing-machine-fibonacci_tm.py.txt,1,1,0.00037031095164723427,0.42025268858399856,0.2513878130792907,0.06678188994816141,0.16878168340906785,0.09242561402783404
validation,v1_99_content_MatheusMuriel_ProgramacaoDinamica_Plotador.py.txt,1,1,0.006848661131152701,0.40179388209966277,0.0836813220930417,0.06307161322603463,0.32204609236958476,0.12255842908052339
validation,v1_13_content_AtahanCelebi_En-K-sa-Yol_map_distance.py.txt,1,5,0.01612297488530779,0.19382296119319747,0.19676131807006342,0.21647285629349308,0.15079598970504982,0.22602389985288843
validation,v1_17_content_kanavkhanna_Application-Software_Software_Application.py.txt,1,3,0.001274054955535955,0.029442979868828024,0.39584865895624666,0.4169255546784239,0.06175340078660624,0.09475535075435935
validation,v1_1_content_smbanaie_floyd-warshall-python_Main.py.txt,1,1,0.0006172927161191414,0.33442424339570687,0.272002943825681,0.04873367029546029,0.22787194442728717,0.11634990533974561
validation,v1_3_content_hamedomidvar_GPU_FloydWarshall_FW_Rev0.1.py.txt,1,1,0.00023217758336949163,0.44652928658113245,0.1824673414147841,0.06792061563673503,0.16718928337493033,0.13566129540904856
validation,v1_4_content_mmcniece_tiled_floyd_warshall_tiled_FW.py.txt,1,5,0.0028628320503523213,0.21743732549613862,0.18306814561799767,0.1990645464255424,0.16758080987398394,0.22998634053598513
validation,v1_8_content_JanFeys_Floyd-Warshall-All-Pairs-Shortest-Path_FloydWarshallAPSP.py.txt,1,4,0.0009856048095231802,0.049475038465412825,0.16412159515468736,0.23832029681026187,0.3156157772735944,0.2314816874865204
validation,v1_18_content_Saychakr13_CLUSTERING_MODELS_hc.py.txt,1,2,0.003966856101454728,0.1135829775388324,0.2927627849568833,0.23952204734486532,0.10970346352034177,0.24046187053762252
validation,v1_25_content_83Shashi_Hierarchical-Clustering_hierarchicalclustering.py.txt,1,1,0.024687088198658298,0.3372353170634946,0.19422210704156923,0.11955324975737297,0.19193766648329966,0.13236457145560532
validation,v1_2_content_zalayo_Hierarchical-Linkage-Regression_HLRtest.py.txt,1,5,0.00028414043717661164,0.21045469972339867,0.15928366831831298,0.18740184826246875,0.1516247116695412,0.29095093158910174
validation,v1_4_content_wazzaarvind_Clustering-Algorithms_reducer.py.txt,1,4,0.25565951418798444,0.3137826816074054,0.0779790163218111,0.0004340692043381124,0.3243962902931027,0.027748428385358438
validation,v1_55_content_taksug229_Python-hierarchical-clustering_Working_Data_Hierarchical_Clustering.py.txt,1,1,0.03673487360053342,0.28131726983517286,0.17168191953290365,0.12621269922429385,0.1413789089829488,0.24267432882414738
validation,v1_18_content_NegarMirgati_CodingAndErrorDetection_All.py.txt,1,1,0.0018045668772837776,0.45310548644134047,0.1470418073530405,0.04118229196784325,0.3237383698281161,0.03312747753237583
validation,v1_22_content_Raxev_datastructures3_huffElement.py.txt,1,5,0.05961050651584407,0.04251032011373938,0.2253180639329808,0.23318816609304213,0.16319667727101558,0.2761762660733779
validation,v1_4_content_amzhang1_simple-JPEG-compression_zigzag.py.txt,1,1,0.1793350150315327,0.4117355546117197,0.07977099004305449,0.027480559507852772,0.26881404239858653,0.03286383840725385
validation,v1_10_content_poku18_CE_III_06_Lab2_lab2.py.txt,1,1,0.0007916192826023295,0.39560537453018174,0.23762932777938195,0.04826741795419545,0.22516261678931404,0.09254364366432442
validation,v1_18_content_o-az_Insertion-vs-Merge_MergeSort.py.txt,1,1,0.0003909265798165317,0.4038156996557153,0.11176471838345715,0.11973188423145253,0.21609107112225473,0.14820570002730377
validation,v1_1_content_abx67_Algorithms_mergesort.py.txt,1,1,0.15882978981879287,0.3819883368435336,0.1840325541270791,0.03917454876020969,0.18606921707616944,0.04990555337421525
validation,v1_23_content_ryanarnouk_BinaryInsertionSort_index.py.txt,1,5,0.008159671747331886,0.16647323351389878,0.23350910811445566,0.15952353085654,0.17016730544052955,0.2621671503272441
validation,v1_30_content_rogerdenisvieira_bidirectional-conditional-insertion-sort_main.py.txt,1,5,0.00022327777242252646,0.09612065400900022,0.19975310584712422,0.24824323907810025,0.15690370884512359,0.2987560144482291
validation,v1_33_content_Howellp80_Algorithms---Merge-Sort-vs-Insertion-Sort_hw1.py.txt,1,1,0.01679466200846894,0.5053966909252444,0.19239243011683244,0.056757781480868706,0.16504784768086767,0.06361058778771762
validation,v1_50_content_shre007_Implementation-and-comparison-of-sorting-algorithms_merge.py.txt,1,2,0.012708247294603134,0.25431678719820966,0.3105330373314203,0.17106534342952578,0.19938171999608229,0.051994864750159006
validation,v1_20_content_Cassar88226_Clustering_of_Articles_corpus.py.txt,1,1,0.0019281738523025606,0.30111641872171996,0.23259257310268835,0.11176939154007474,0.2617377043178117,0.09085573846540283
validation,v1_3_content_jamer5_K-Means-Clustering_k-means-clustering-without-scikit-example-1.py.txt,1,5,0.0008695298147302389,0.11390960779292754,0.21734381002217898,0.25017903233316324,0.13418350319482802,0.28351451684217205
validation,v1_41_content_akshay-gupta7_kmeans-using-mapreduce_k_means_reducer.py.txt,1,4,1.8137007979346902e-05,0.04703240534368957,0.32085856186438155,0.1326480054868814,0.3628972089359317,0.13654568136113643
validation,v1_42_content_aryanshar_TextMining_magboard.py.txt,1,1,0.006090332496355086,0.29084921345573117,0.23963361956850576,0.03732767486773299,0.2004961785934165,0.2256029810182585
validation,v1_54_content_wenlin-koh_K-Means-Clustering---python_kmeans.py.txt,1,5,0.0017670222652954272,0.1701551503312471,0.20289882956467023,0.20429882325487128,0.20101887028826704,0.21986130429564898
validation,v1_21_content_abhishekmsharma_ai-knn-kmeans-crawler-python_job_search_environment.py.txt,1,4,0.037267361196889795,0.27198862098023735,0.16045973292973179,0.030417363477600646,0.29160503167574214,0.20826188973979828
validation,v1_23_content_changchanglccc_kNN_test.py.txt,1,1,0.08197189848049773,0.5748200972590661,0.04132981372083366,0.017679926164298226,0.22448054161226283,0.05971772276304145
validation,v1_29_content_vtheno_kNN_one_line.py.txt,1,4,0.008465069827732924,0.09972053823152513,0.23770143532246432,0.09971110894086718,0.31557073875902875,0.2388311089183817
validation,v1_30_content_manojrameshrao_machine-learning-iris_iris_web3.py.txt,1,4,0.1968817847585565,0.2572891090160391,0.07016604271711938,0.07767601623089232,0.28911267521386697,0.10887437206352563
validation,v1_38_content_juandes_knnbot-messenger-bot_distance.py.txt,1,1,0.2986777648340666,0.3119177016334556,0.018669044285592497,0.22987933560138418,0.03376356075296584,0.10709259289253527
validation,v1_8_content_jasminegrewal_Naive-Bayes-KNN-Logistic-Regression_2b_gnb.py.txt,1,1,0.0002591601917901832,0.4144876695689427,0.10820971894658925,0.10558727826690843,0.2044560966805826,0.16700007634518682
validation,v1_9_content_muchlisinadi_ALPR-Indonesia_GenData.py.txt,1,1,0.02476773602293598,0.40571586062505666,0.1659331604457117,0.07330118578468188,0.2142532158282784,0.11602884129333552
validation,v1_7_content_usbogie_MSTcreator_Node.py.txt,1,1,8.590674571250257e-08,0.3315398075338911,0.16311232981242801,0.17252088397705692,0.12492093963168144,0.20790595313819688
validation,v1_10_content_mahimagupta_NLP-Research-Project-_supervisedLearner.py.txt,1,5,0.0005263919688097365,0.2591835705779927,0.16861164580804133,0.18307410423521656,0.1143832842786332,0.27422100313130665
validation,v1_12_content_romanorac_elastic_localized_search_controller_elastic.py.txt,1,1,0.26422229280779624,0.34831220777792427,0.12265361256748655,0.039760026283984166,0.17790155436393354,0.04715030619887522
validation,v1_16_content_davda54_pytorch-transformer-lemmatization_lr_decay.py.txt,1,3,1.0926218814331565e-05,0.16710142010143592,0.18413575769014245,0.30831905804826343,0.1675927801360732,0.17284005780527067
validation,v1_16_content_davda54_pytorch-transformer-lemmatization_predict.py.txt,1,3,0.007799844625431832,0.0817343483266244,0.21050798469929408,0.30189216916005207,0.1406227371386675,0.2574429160499303
validation,v1_1_content_akoksal_Turkish-Lemmatizer_lemmatizer.py.txt,1,0,0.45423891834030694,0.4108089859641589,0.03415286846044956,0.005720182256789884,0.07694478062932902,0.01813426434896562
validation,v1_25_content_aajanki_finnish-pos-accuracy_datasets.py.txt,1,1,0.00010243265075094617,0.29065157645750106,0.2088212185896929,0.22213578466381584,0.20782464594286126,0.07046434169537794
validation,v1_26_content_Nofenigma_lt_lemma_prefixes_check_lt_prefixed_lemmas.py.txt,1,2,1.9225988549290334e-08,0.22629276995280548,0.24530590977817993,0.12898217369305384,0.2190928195232555,0.18032630782671671
validation,v1_11_content_sichen-x_search-engine_test_htable.py.txt,1,5,0.005118870073364443,0.20015050340611312,0.21879226249400657,0.14528427043689818,0.17146953450195965,0.259184559087658
validation,v1_11_content_sichen-x_search-engine_words.py.txt,1,1,0.006111306405465788,0.40930360050514025,0.17095701332862512,0.08014913199753539,0.1423662829765905,0.19111266478664288
validation,v1_1_content_Chunning-Zhou_MILPBasedSearchAlgorithmDiff_model.py.txt,1,1,0.004763851798770679,0.2210666675992347,0.19969504914213107,0.19822068418419872,0.21262535382176956,0.1636283934538953
validation,v1_1_content_Chunning-Zhou_MILPBasedSearchAlgorithmDiff_parameter.py.txt,1,2,0.0015465164163769906,0.05122834488334881,0.3350004166844833,0.13646626742971568,0.3204721636048569,0.15528629098121838
validation,v1_33_content_chafiknaceri_Credit-Card-Debt_BisectionSearchPayement.py.txt,1,1,0.01924328749461633,0.2997879813276936,0.1543594891826424,0.2969186988788408,0.112961632924649,0.11672891019155791
validation,v1_33_content_chafiknaceri_Credit-Card-Debt_DebtLeft.py.txt,1,1,0.05056488998792856,0.5129666242670817,0.17729558124607303,0.04713433124815222,0.2032589229864872,0.008779650264277265
validation,v1_36_content_akaif95_U.S-Currency-Patterns_us_currency_regex.py.txt,1,1,0.003642552201358203,0.3019172428695662,0.1134210459984718,0.10911804126014765,0.2468824152274961,0.22501870244295985
validation,v1_4_content_BenCashman_Linear-Search_linear_search.py.txt,1,4,0.0013465421335282592,0.26599676946203266,0.05755922550854524,0.19002132316508516,0.30334612132607525,0.1817300184047334
validation,v1_13_content_ToonBlok_LinkedList_test_pylinkedlist.py.txt,1,4,0.23060240470304927,0.2229189875986444,0.1838652585823389,0.103645993590864,0.25179218037049667,0.007175175154606743
validation,v1_15_content_udwivedi394_LinkedList_convertBT2LL.py.txt,1,1,0.018330124852029096,0.42631794240972043,0.12870247462307535,0.021724208211907875,0.3211432891330021,0.08378196077026509
validation,v1_35_content_dharan-s_Data_Structure_Python_LLPalindrome.py.txt,1,1,0.036998735342221305,0.4111505515877229,0.17124623390031998,0.07813516397623806,0.20645345729340456,0.09601585790009329
validation,v1_3_content_WDI-SEA_python-linked-lists_linkedlist-test.py.txt,1,4,0.010650736329014983,0.22442089090564998,0.1528294871876492,0.21653103634257864,0.229173455857764,0.16639439337734319
validation,v1_42_content_TechnoMonoCo_Python-Doubly-Linked-List_LL.py.txt,1,1,0.1960719926346965,0.3324450685120968,0.12247583642629975,0.003928788863578504,0.29811649581954736,0.046961817743781165
validation,v1_7_content_mharsha315_Python---Hangman_Hangman.py.txt,1,1,0.005063364687167789,0.3994223753506557,0.20427861857011467,0.1134882715053754,0.1514736786872208,0.12627369119946563
validation,v1_11_content_ayushkumarshah_Dynamic-Programming-MCM-and-LCS_matmul.py.txt,1,1,0.024636635399590594,0.4832106932639863,0.11767361732787984,0.11174439056955743,0.19823863269888464,0.06449603074010135
validation,v1_13_content_trsavi_Largest-Common-Sequence_subSequence.py.txt,1,0,0.47948588931243075,0.25181069864270217,0.11406483630536406,0.031000925586000695,0.08962809720801995,0.034009552945482316
validation,v1_15_content_VakinduPhilliam_Pattern_Matching_Python_Difflib_Pattern_Matching_CL_Interface.py.txt,1,0,0.3121766739450856,0.2480707098936536,0.2599325368382654,0.07581847915261054,0.0825670410899992,0.02143455908038576
validation,v1_15_content_VakinduPhilliam_Pattern_Matching_Python_Difflib_Pattern_Matching_SequenceMatcher.py.txt,1,1,2.6207205669197677e-06,0.45956241673221326,0.28352953519567337,0.08842479480716213,0.09042489811307092,0.07805573443131344
validation,v1_15_content_VakinduPhilliam_Pattern_Matching_Python_Fnmatch_Translate.py.txt,1,5,0.00029796107246085374,0.09604441893244697,0.1360987586125647,0.17849478222524642,0.08915467444683822,0.49990940471044276
validation,v1_1_content_susheelsagar_LCSS_test.py.txt,1,1,0.27999758480274844,0.40383548198688696,0.09866415442208142,0.0639133473574014,0.07712807716007329,0.07646135427080852
validation,v1_3_content_jzwei023_LongestCommonSubsequence_lcs.py.txt,1,2,0.0004166031880612619,0.2621831130091655,0.3310308898280489,0.13799765082230933,0.20433139629530941,0.06404034685710576
validation,v1_6_content_greed2411_LCS_main.py.txt,1,1,0.06893964380614499,0.4254218413289957,0.19374102184249622,0.06365265927165761,0.19763465899525748,0.05061017475544799
validation,v1_6_content_singh-sidharth_Longest-Common-Subsequence_LCS.py.txt,1,1,0.06252196063662487,0.5107357267078179,0.0808885520545862,0.038327171412686274,0.2121716031788823,0.09535498600940241
validation,v1_7_content_kanthagirish-rit_lcs-project_memoization.py.txt,1,1,0.009377469585501562,0.42188481761464747,0.09294321897917432,0.12161344154556687,0.24242869258079697,0.11175235969431284
validation,v1_13_content_ShankyTiwari_Naive-Bayes-Classifier-using-python_naive_bayes_supermall.py.txt,1,1,0.005088214620395286,0.24248121424339017,0.13817030296371785,0.22004117415561383,0.22369392963519247,0.17052516438169044
validation,v1_14_content_rajat1401_NaiveBayes_scratch_2016260_ques1a.py.txt,1,1,0.1713687920838986,0.474033003555458,0.03707531404987471,0.020740929156384685,0.25270719556174587,0.044074765592638225
validation,v1_29_content_barshaison_Naive_Bayes_Classifier_Prog.py.txt,1,1,0.1595421023097838,0.40275496018253293,0.2532287193914183,0.0017387909573354293,0.17862080702055913,0.004114620138370431
validation,v1_2_content_aspremon_NaiveFeatureSelection_DemoNFS.py.txt,1,4,0.01393268429915166,0.2863197891871929,0.282231874059103,0.06663169739775086,0.2882890430458886,0.06259491201091308
validation,v1_37_content_saurabhzingade_Naive-Bayes-Basic_naive.py.txt,1,1,0.000359629243069296,0.2727350756599614,0.1804642752818582,0.1217553574528054,0.25490915833437877,0.16977650402792688
validation,v1_5_content_adityadas8888_Naive-Bayes_naive_bayes.py.txt,1,1,0.03631162125934374,0.4332064674378599,0.09700552396468486,0.07701095628612888,0.24926998988803994,0.10719544116394283
validation,v1_7_content_pherde_naive_bayes_spam_classifier.py.txt,1,1,0.03767008264965194,0.3220821565788317,0.1300629005299166,0.19424356713363494,0.042010458368136015,0.2739308347398288
validation,v1_80_content_cgeopapa_NaiveBayesClassifier-ham-spam-mail_Bayes.py.txt,1,1,0.0010148019230256508,0.3916119225460658,0.16007387473901147,0.11417197116237396,0.15823478084743306,0.17489264878209
validation,v1_95_content_ravularohit_sms-spam-detection_spam_detection.py.txt,1,1,0.3729028561799537,0.40815562163485,0.04823097904994349,0.010464344342594849,0.10492019349025593,0.05532600530240186
validation,v1_11_content_OlgaCobaquil_One-Time-Pad_onetimepad.py.txt,1,1,0.025232366604560418,0.34582381314169863,0.23065210381460416,0.12573336214449293,0.11412433461041509,0.15843401968422866
validation,v1_13_content_notpresident35_one-time-pad-machine_STILL_More_Testing.py.txt,1,1,0.00038110541245119,0.38867280439176405,0.2557135866229926,0.12817327414490637,0.14762308303954205,0.07943614638834381
validation,v1_16_content_rachwong_One-time-pad-code-_Word_guesser_2_.py.txt,1,0,0.366353973136425,0.22589174895248645,0.055820260992717904,0.0025449402066823573,0.21604498356550011,0.13334409314618814
validation,v1_17_content_blackhawk42_OTP-python_otp.py.txt,1,1,0.004453132419755748,0.3090186828766198,0.19164368547546465,0.20990825343698208,0.18634930187805343,0.09862694391312439
validation,v1_17_content_jb0xx_decrypt-onetimepad_onetimepad.py.txt,1,1,0.28187061583013223,0.31546601056312834,0.08617812323164661,0.020688367490107936,0.19993123833319396,0.09586564455179088
validation,v1_18_content_jzpero_enigma_main.py.txt,1,1,0.09291773847161014,0.3407167857374293,0.1488277769402219,0.07468036996334518,0.2714028434683434,0.07145448541905018
validation,v1_31_content_tobymyers_codingthematrix_The_Function_problems.py.txt,1,0,0.4912324899882913,0.3167180105656315,0.05083445837536185,0.013618660210176816,0.08364862210199961,0.043947758758538964
validation,v1_7_content_anderspkd_broken-one-time-pad_somecode.py.txt,1,1,0.00020227185869408992,0.3567502196743699,0.14029178811047158,0.3427883666602745,0.0847646881407043,0.07520266555548573
validation,v1_1_content_firmai_ffood_._setup.py.txt,1,5,0.0012662806172117254,0.04302701366704345,0.11272906904231185,0.2099145657092543,0.1356819291502182,0.4973811418139605
validation,v1_4_content_mrimahajan_advanced_analysis_package_variable_reduction.py.txt,1,1,0.05946257620178194,0.33838880837483987,0.14843520755423834,0.07557154757822804,0.22631262983138306,0.1518292304595289
validation,v1_5_content_harshdarji22_crypto_index.py.txt,1,1,0.031402677885275114,0.522034039127754,0.10655026736622195,0.040727637253364736,0.24072608615304045,0.0585592922143437
validation,v1_1_content_lucaspauker_factor-perfect-numbers_Factors_Perfect_Number.py.txt,1,4,7.658485854620516e-05,0.09564459226571677,0.22867579507818503,0.15289206944145184,0.31012418346779663,0.2125867748883035
validation,v1_2_content_imset_Perfect-Numbers_perfNum.py.txt,1,0,0.3702689344356933,0.04358371280288189,0.2069416796703624,0.042189751116659326,0.2040771177486554,0.13293880422574766
validation,v1_3_content_iykadev_pyalgo_3plus1.py.txt,1,1,0.001196155640602182,0.4147617917896411,0.17302503580965858,0.028934838598669094,0.3092742798833424,0.07280789827808667
validation,v1_3_content_iykadev_pyalgo_binaryTree2.py.txt,1,1,0.07521397265390041,0.44821981586654375,0.1512643851311057,0.023365894072297885,0.27191619342967954,0.03001973884647293
validation,v1_3_content_iykadev_pyalgo_dragon_curve.py.txt,1,1,0.012784367099905674,0.3447960396116796,0.055195513119141545,0.04789124021370885,0.3159394890943394,0.223393350861225
validation,v1_3_content_iykadev_pyalgo_e_number.py.txt,1,1,0.1162325568875915,0.5250803397639335,0.036528240359588196,0.07613889186370641,0.14947150280721494,0.09654846831796528
validation,v1_3_content_iykadev_pyalgo_hopcroftkarp.py.txt,1,4,0.10136051996969489,0.23267161075394932,0.2556763270236764,0.04440821979036463,0.25943912715191597,0.10644419531039881
validation,v1_3_content_iykadev_pyalgo_perfect_numbers.py.txt,1,1,0.029652190262599156,0.6493509101751496,0.07789243877844038,0.01988826849336825,0.15159717701932396,0.07161901527111869
validation,v1_5_content_nmcglohon_sequence-squares_calculate_sequence.py.txt,1,1,0.12176829528182587,0.492065786490141,0.17361316329664453,0.03177953570118932,0.1313839316069043,0.049389287623295045
validation,v1_12_content_MarynaTatsevich_Machine-Learning-Regression-Techniques_Random_Forest_Regression.py.txt,1,1,0.06621210164971374,0.4360813606196958,0.09464814162317711,0.012987442405635829,0.2534975702648799,0.13657338343689762
validation,v1_2_content_athul-dev_regression-models_multivariate-linear-regression.py.txt,1,4,0.002576836437822461,0.2289557165427754,0.1495130571181382,0.07805796220539861,0.2954192633080154,0.24547716438785
validation,v1_53_content_iamrj846_Predicting-insurance-prices-with-Linear-Regression_MultipleLinearRegressionModel.py.txt,1,4,0.0003151848962904419,0.2545997140079311,0.1852543841499776,0.03589627856216622,0.3125738559345726,0.21136058244906206
validation,v1_64_content_LudweNyobo88_Polynomial-Regression_polynomial-regression.py.txt,1,1,0.0020970252363519595,0.2837393520156967,0.18727080517005318,0.07450197531388822,0.2077540995936906,0.2446367426703193
validation,v1_6_content_metintorunoglu_Polynomial-Linear-Regression_4_Polynomial_Regression.py.txt,1,1,0.002529124128159707,0.3491493373231343,0.1460945582060383,0.14598070364373486,0.12132355043684954,0.23492272626208327
validation,v1_73_content_MachineLearning-Nerd_Multiple-Polynomial-Regression_mllsklearn.py.txt,1,3,0.002014519883254515,0.07917139048222457,0.3049739755316718,0.4221202600657872,0.16835966919786274,0.02336018483919913
validation,v1_76_content_cakmakaf_Polynomial_Regression_for_Random_Dataset_Polynomial_Regression.py.txt,1,2,0.0033685319409035744,0.08576271895901902,0.34783941199272833,0.23531521144818612,0.25627448589778334,0.07143963976137971
validation,v1_92_content_TheCodingRecruiter_Polynomial-Regression-for-Position-Salaries-Machine-Learning-Model_Polynomial_Regression_for_Position_Salaries_Machine_Learning_Model.py.txt,1,1,0.025977173463376767,0.2723271816941418,0.16906702960124162,0.10310249709506566,0.21460986505124757,0.21491625309492657
validation,v1_10_content_Jeremiah9000_prime_numbers_truncatable_prime_numbers_truncatable_faster.py.txt,1,1,0.23144253906401402,0.36916109028594674,0.12013788893372608,0.02644091663250666,0.16036625178847236,0.09245131329533408
validation,v1_18_content_zach010_PrimeOptimus_Prime.py.txt,1,4,0.10994510426351996,0.0941755081009387,0.15087467759133885,0.14780864018084028,0.33027525736655583,0.1669208124968064
validation,v1_22_content_ahmedheakl_Get-prime-Numbers_Get_Prime_Numbers.py.txt,1,1,0.09380380411322194,0.4933902643657401,0.01843520603291552,0.0007604681414412346,0.38523653774834676,0.008373719598334354
validation,v1_23_content_cjonsmith_prime_calc_prime_days.py.txt,1,5,0.03361160540615099,0.11335993421619624,0.18093285077492943,0.19428928607953352,0.22488143153928697,0.2529248919839029
validation,v1_23_content_wliabc_Prime-numbers_prime.py.txt,1,0,0.42426540437981913,0.38059858761122467,0.013242243389058696,0.0002345184539953927,0.15850867263725296,0.023150573528649247
validation,v1_24_content_jakubfolta_PrimeNumber_Prime.py.txt,1,1,0.0023452066061764743,0.4591828437492279,0.2870047066264344,0.016646230954242013,0.1159844633824574,0.1188365486814619
validation,v1_25_content_diXime_PrimaryNumbers_utx.py.txt,1,0,0.37370671077959056,0.25755271365571736,0.08126724251800937,0.02685231084903536,0.08721560068364186,0.17340542151400545
validation,v1_37_content_coertquinton_number_sequences_start.py.txt,1,3,1.8310808714911386e-05,0.07103932843395444,0.1835875593960702,0.3147962301540733,0.14390594809714424,0.2866526231100429
validation,v1_8_content_lesscake_prime-numbers-eratosthenes_naive.py.txt,1,1,0.002843176808986213,0.6239627996558088,0.12960488039199822,0.01247922538125978,0.2008555582525632,0.03025435950938378
validation,v1_5_content_abcsds_Prim_exampleL.py.txt,1,1,0.0005518709900118267,0.26406398373051937,0.19628250619261842,0.11514716683994079,0.24975979445075797,0.1741946777961516
validation,v1_6_content_usbogie_MSTcreator_Node.py.txt,1,1,3.382164362995957e-08,0.3327424417771311,0.16812291119418263,0.09477954529954181,0.22470562310040137,0.17964944480709932
validation,v1_6_content_usbogie_MSTcreator_Prims.py.txt,1,1,0.00012974369058133076,0.45607947050147535,0.1999750323603665,0.044017479723642415,0.2596054856206946,0.04019278810323982
validation,v1_7_content_MadalinaMircea_GraphAlgorithms_UI.py.txt,1,1,0.008067017892323568,0.4397091334961144,0.21443972965110158,0.015338386536341694,0.3100304548937325,0.012415277530386265
validation,v1_23_content_ymohanty_data-analysis_classifiers.py.txt,1,1,2.0262240936358524e-05,0.2944666479088903,0.22614472257658813,0.17103068902932123,0.21114712439694958,0.09719055384731444
validation,v1_36_content_arpan-ghosh_python-data-algorithms_LinearRelationshipFit.py.txt,1,5,1.6481738653253855e-05,0.17492479357244164,0.22249208874000537,0.1633797105502519,0.21102983240700882,0.2281570929916392
validation,v1_3_content_HelloJahid_PCA-Principal-Component-Analysis-_PCA_with_Iris_datsets.py.txt,1,2,0.006130726036074907,0.18073115719124358,0.3167896360608623,0.09742920969494265,0.30833382670366816,0.0905854443132085
validation,v1_41_content_bhavaniprasad73_Principal-Component-Analysis_PCA.py.txt,1,5,0.000418706181335259,0.02557945033137647,0.1976604854115043,0.2004944612825516,0.26117714268421305,0.3146697541090193
validation,v1_49_content_christianThardy_Principal-Component-Analysis_pca.py.txt,1,5,0.0072464805807914414,0.11436678449873665,0.21700822004555,0.16115537931665722,0.20794912552450587,0.2922740100337588
validation,v1_5_content_cylance_lazy-stochastic-principal-component-analysis_plot_model_perf.py.txt,1,4,0.00038131723672267233,0.22208897324482532,0.21090094006207993,0.12104180854930274,0.29369437950163796,0.15189258140543127
validation,v1_7_content_syamkakarla98_PCA-On-IRIS-Dataset-With-Classification-Using-KNNC_iris_after_pca_knnc.py.txt,1,2,0.004186860388875866,0.22498650760894157,0.2604106272630733,0.15699632944644104,0.1496936048290346,0.20372607046363359
validation,v1_84_content_rayjc_ml-pca-foreground-removal_miscHelper.py.txt,1,1,0.0020124993921867853,0.34059466933307075,0.19292048951207003,0.2449802404339954,0.10285055862073986,0.11664154270793696
validation,v1_93_content_djzgroup_Visual-basedCharacterEmbedding_123.py.txt,1,1,0.0017314568280420246,0.3242165198293366,0.14953880272847023,0.082440872580449,0.2909711334123617,0.1511012146213404
validation,v1_94_content_rohithdot_ImageCompression-PCA_code.py.txt,1,1,0.3355018570817519,0.44981563693611154,0.05863662571393936,0.006598549452814346,0.10592117042044745,0.04352616039493539
validation,v1_12_content_shinevalora_asyncio_tornado_queues_requests_demo_test.py.txt,1,1,0.1678634397823914,0.2547121803299096,0.03826120379035843,0.1998393799949819,0.09763328547705497,0.24169051062530378
validation,v1_1_content_modulus100_python-datastructures-algorithms_linked_list_reverse.py.txt,1,1,0.0005610497163497461,0.34047443871133276,0.09286566357286305,0.20283844093903539,0.2142937509485084,0.1489666561119105
validation,v1_29_content_0517_QueueSimulation_simple_queue.py.txt,1,2,0.05449692184586357,0.19556006555630712,0.26229681599444354,0.1515986039635808,0.2213501866521123,0.11469740598769261
validation,v1_31_content_danieltshibangu_QueuePay_diranySolution.py.txt,1,1,0.0010474628996610619,0.21885934784055475,0.21880434373891486,0.2113316186084416,0.21457617485976513,0.13538105205266254
validation,v1_3_content_colinmcnicholl_queueing_theory_homework3_map6264a.py.txt,1,3,0.0020766849739249933,0.2227895135128707,0.1111973669826643,0.3269018106498057,0.12945683163689198,0.2075777922438421
validation,v1_41_content_sweeneyde_IndexedHeap_dijkstra.py.txt,1,4,0.03463087543243697,0.1577619162892531,0.19136102365207625,0.20714577673821408,0.23164135483525225,0.17745905305276735
validation,v1_45_content_discovervlad_herman-flask-redis-queue_manage_worker.py.txt,1,2,1.2890144733355182e-06,0.14722758898560528,0.27226377833171495,0.1519247732144881,0.23395417002923238,0.1946284004244858
validation,v1_45_content_kriti149_Text-Summarizer_txt_summarization.py.txt,1,4,0.017225198039108557,0.1503912548891617,0.24097071860987315,0.08097538285303876,0.34756201146742166,0.1628754341413962
validation,v1_52_content_NYU-Molecular-Pathology_queue-stats_qstats.py.txt,1,1,0.009049276278018862,0.3139200600074842,0.19696046146659388,0.11926878476367982,0.18750765779355563,0.17329375969066765
validation,v1_57_content_sangyh_discrete-event-simulation_read_output.py.txt,1,3,0.00637035617602184,0.134189610762093,0.270944994264615,0.35841075240763065,0.14125170495058184,0.08883258143905783
validation,v1_10_content_adrianvellamlt_Quick-Sort---Insertion-Sort_utils.py.txt,1,1,0.298336589406079,0.390753463564504,0.05803796612851925,0.0029903968924179865,0.23644409500397337,0.013437489004506392
validation,v1_14_content_briholt100_rogersQ_rogersQ.py.txt,1,0,0.33348891191851815,0.07029395933151257,0.10052705718626788,0.16918766739348065,0.2401272309014368,0.08637517326878405
validation,v1_24_content_vijayant123_music-sortt_sort.py.txt,1,4,0.00021108169186248926,0.13112175594229925,0.3137198150427522,0.11800164574130621,0.3443957365126495,0.09254996506913042
validation,v1_28_content_kimdanny_HeapSort-and-QuickSort-Comparison_quicksort.py.txt,1,1,0.2965159458311192,0.34707081186774486,0.12187802499284946,0.014390790441621185,0.1970306967067633,0.02311373015990199
validation,v1_29_content_flintlouis_Sorting_algo_mergesort.py.txt,1,1,0.0005213955360862777,0.4665325151368378,0.14822758283561263,0.04318552207193276,0.308107142028105,0.03342584239142576
validation,v1_38_content_TadayoshiCarvajal_Sorting-in-Python_sortingAlgorithms.py.txt,1,4,0.0007575453486670743,0.30361614221165123,0.1437023811694022,0.10402893735958223,0.31641461842093516,0.13148037548976216
validation,v1_3_content_iRGBit_indexhelper_indexer.py.txt,1,1,0.02094023849616674,0.3775722805892664,0.19558246362409032,0.01774063346433529,0.34106493259858134,0.04709945122755983
validation,v1_4_content_varuntahin2210_ConversationalBot-Restaurant_nlu_model.py.txt,1,3,0.007495352716605838,0.004870422183428327,0.26244314029212873,0.2750257914839175,0.2509892365239547,0.19917605679996492
validation,v1_52_content_RefaelBeker7_Sorting-Algorithms-Python_ExampleSort_sixDifference.py.txt,1,1,0.23561944845795654,0.35796899974098895,0.22600119995701531,0.049628420696667196,0.11355565332732563,0.017226277820046477
validation,v1_10_content_Bala96_Recursive-Func_nestedeaser.py.txt,1,4,0.04416096933330646,0.20040378360128153,0.2599096082840565,0.0644605409521876,0.28747814217970985,0.14358695564945814
validation,v1_18_content_Shweetz_TicTacToeSolver_solver.py.txt,1,1,0.1868689513633855,0.4224490747617908,0.08576431395885031,0.07820182722350538,0.1370518340622062,0.08966399863026177
validation,v1_33_content_prabhatpal77_Complete-core-python-_globalandlocalvar.py.txt,1,1,0.03608631749088519,0.6015608983913151,0.056896344131280946,0.03072398826833904,0.18377789651610346,0.09095455520207633
validation,v1_34_content_bsmorton_linked-list-python_linkedlist.py.txt,1,1,0.001654043507278842,0.4353255266000254,0.1411444235044997,0.026910444193068685,0.31628256597155124,0.0786829962235762
validation,v1_34_content_stephypy_CS2302PasswordCracking_Main.py.txt,1,1,0.0020174511970785397,0.43596936587195495,0.07335723195101304,0.10684674298834762,0.1686222501800137,0.21318695781159225
validation,v1_36_content_Zattri_tutorial-recursion_recursion.py.txt,1,1,0.0005933892771867914,0.46349459997664666,0.18970251653182763,0.10566585915356538,0.16583657512335792,0.07470705993741562
validation,v1_38_content_davidcarrollnyc_Recursive_Python_WebScraper_BeautifulSoup_into_MongoDB_insertIntoMongo.py.txt,1,1,0.0039058903326241136,0.29986915789240537,0.1608169430819527,0.157640631059293,0.12873559976167048,0.2490317778720544
validation,v1_9_content_ahmetfbayrak12_Python-Recursive-Functions-and-Dynamic-Programming_hw5-plot.py.txt,1,3,0.10260015030907566,0.25831561210377396,0.10846225081288491,0.26630288405035035,0.05473691014994328,0.20958219257397198
validation,v1_17_content_fxbp_spd-5_criptoanalisi.py.txt,1,1,0.022906156232434968,0.4562847908598177,0.14358922256110887,0.040542721908286075,0.1997247011362748,0.13695240730207736
validation,v1_34_content_ptfn_rsa_main.py.txt,1,4,0.2275735675649276,0.23012601089351098,0.09851378755539975,0.07950793122633693,0.2568854345643999,0.10739326819542487
validation,v1_49_content_mrsondeptrai1999_RSA_Summer_2017_project_Decryption.py.txt,1,1,0.10270950974818677,0.4626563130404809,0.08900757361785376,0.05704052612057848,0.21919152574224537,0.06939455173065473
validation,v1_52_content_CorrineTan_Digital-Signature-Schemes-Evaluation_eddsa_25519.py.txt,1,1,0.0011245997228426776,0.28274800171310166,0.257259334851601,0.15195924054729967,0.2346423258505148,0.07226649731464023
validation,v1_8_content_hertelukas_rsa_primeCheck.py.txt,1,3,0.0003129794231931005,0.19199253852939968,0.172852869082063,0.23274508072651476,0.21620026700150094,0.18589626523732847
validation,v1_95_content_anurag423_Python-Project_eKeyGen.py.txt,1,1,5.15931377656064e-05,0.47639197047906384,0.13479326694222238,0.03522657878969554,0.3029714461104373,0.05056514454081538
validation,v1_97_content_rusrom_cryptography_rsa_sign_create.py.txt,1,4,0.13882501172983516,0.1856143627652993,0.14932818726758065,0.041224464719975595,0.3407345051437196,0.14427346837358973
validation,v1_12_content_wallaceicy06_room-draw_roomdraw.py.txt,1,0,0.5289475209751587,0.24924426539086747,0.010493472354331339,0.04102141300610238,0.13632071178931543,0.03397261648422453
validation,v1_14_content_codearemo_selction-sort_selection_sort.py.txt,1,1,0.11170266356039638,0.2250667180361794,0.1762603815427153,0.07964209347965956,0.2216888204840174,0.18563932289703194
validation,v1_27_content_CodeDrome_selection-sort-python_selectionsort.py.txt,1,4,0.0018754454625782289,0.2291864564291126,0.22212835722960061,0.11425359272739405,0.24642482695255874,0.1861313211987557
validation,v1_32_content_TadayoshiCarvajal_Sorting-in-Python_sortingAlgorithms.py.txt,1,4,0.0015576549316613248,0.27470753668247355,0.14860158728010783,0.09490949856693505,0.3137577318127915,0.1664659907260307
validation,v1_49_content_guptavasu1213_Comparing-Sorting-Algorithms_compare_sorting.py.txt,1,4,0.16327613074741382,0.1850493562528968,0.09265723970295225,0.18455612840843882,0.19336517825551977,0.18109596663277855
validation,v1_9_content_naviechan_sortingAlgorithmDemo_main.py.txt,1,1,0.006229985337698431,0.3954078937618852,0.16892582017056512,0.05834242507206928,0.22186690521318325,0.14922697044459868
validation,v1_3_content_GentaHI_SteganografiLSB-ImageToImage_steganography.py.txt,1,4,0.003094103263064032,0.19401200492073287,0.17130080167575917,0.15278582771581806,0.2757482733574304,0.2030589890671953
validation,v1_13_content_preetidurai_Spam-Ham-Classification-using-NB-and-LR_naiveBayes.py.txt,1,1,0.16984548118712203,0.29354184789311055,0.19074857009975177,0.03564321758412938,0.18454260373004652,0.12567827950583987
validation,v1_14_content_prachij94_Category-altname-analysis-without-stopwords_altnameStopwords.py.txt,1,1,0.025088178576761922,0.3030017159387647,0.20919556447966942,0.2086082578651698,0.202431323915755,0.05167495922387916
validation,v1_15_content_ganigavinaya_LogisticRegression_LRwithoutStopWords.py.txt,1,1,0.013148731067626906,0.3537590917961513,0.17153800629436722,0.11922219227791159,0.23563084897498873,0.10670112958895431
validation,v1_16_content_NB-prog_INTERN-2019_config.py.txt,1,4,0.003638465223463592,0.19116292316228733,0.13036391233741243,0.04634103819639892,0.34326029301882477,0.285233368061613
validation,v1_28_content_vinaykumarbu_sentiment-analysis-deeplearning_preprocess.py.txt,1,4,6.040509253494198e-05,0.12481604573642753,0.30478081933436985,0.08002121166175884,0.346177599200788,0.1441439189741208
validation,v1_5_content_andresionek91_portuguese-stop-words___init__.py.txt,1,1,6.315189980501094e-05,0.4414343067398255,0.13099352703848804,0.15080500149429693,0.10510006654223261,0.171603946285352
validation,v1_7_content_satyammittal_IRE-Stopping-Words_hindi.py.txt,1,5,0.003486161148873738,0.27142560145286665,0.09420328154633098,0.20456044982623595,0.13026787944014906,0.29605662658554355
validation,v1_1_content_DanShai_kernalized-tsne_kernels.py.txt,1,1,8.863933553226027e-08,0.2998715427464822,0.19758040554488066,0.04235420119341687,0.2785720072186657,0.18162175465721905
validation,v1_17_content_lo1gr_tf-idf_hadoop-Spark_reducer3_A.py.txt,1,1,0.12409401008213342,0.4274212568563666,0.0918124842180334,0.006833010195833797,0.3422586435638718,0.007580595083760888
validation,v1_41_content_antoinewg_ocr-tfidf_reducer3.py.txt,1,1,0.07587147935781038,0.5804427464228763,0.10528026090418043,0.022478859119940877,0.15549015985474457,0.06043649434044737
validation,v1_53_content_rghv404_Language_identification_make_predictions.py.txt,1,1,0.3748426287501337,0.37495947093815496,0.0875233382082246,0.024648688614905972,0.08989227054992577,0.04813360293865515
validation,v1_55_content_AustinZuniga_Auto-tagging-of-Theses-and-Dissertations-of-Bicol-University-Searching-and-Matching-_main.py.txt,1,4,0.0007725911104990109,0.20319476334658362,0.23162267707350176,0.007119911314759605,0.37033754797352697,0.186952509181129
validation,v1_58_content_zhaoyichanghong_machine_learing_algo_python_fuzzy_c_means.py.txt,1,1,0.0023272836215656122,0.29590063227175706,0.25613821975456047,0.11813447629594681,0.2584713496840511,0.06902803837211893
validation,v1_58_content_zhaoyichanghong_machine_learing_algo_python_pla.py.txt,1,0,0.2829011687706215,0.22326912110142902,0.11211731285218943,0.05341521965523309,0.19694761838497732,0.13134955923554967
validation,v1_13_content_gissimo_nsc_do_nsc.py.txt,1,1,0.007952983538238293,0.33359707478164197,0.2594543228987527,0.055012269420345185,0.23568890541272655,0.10829444394829527
validation,v1_32_content_clee1994_MasterThesis_table_helper.py.txt,1,0,0.41000823848355783,0.3075267341093709,0.1051383543911048,0.014005310065708893,0.1360671437575725,0.027254219192685065
validation,v1_35_content_XiaoCode-er_image-digital-express_cluster_mean_variance.py.txt,1,2,0.00014539659888523646,0.17118635567212973,0.29179547386008325,0.14599694708715852,0.2857471853106717,0.10512864147107147
validation,v1_35_content_XiaoCode-er_image-digital-express_image_calculation.py.txt,1,4,0.03403303851286371,0.2982460745099299,0.17292322130522766,0.11689736840444284,0.31380533805394223,0.06409495921359346
validation,v1_3_content_facebookresearch_deep-variance-reduction_cifar_wrapper.py.txt,1,0,0.3952130753482306,0.14895796755849197,0.13552705542708576,0.17180805662385754,0.11314940530703867,0.03534443973529535
validation,v1_9_content_dumebi_Predicting-Boston-Housing-Prices_work.py.txt,1,1,0.0006221897139449365,0.3710598473321968,0.18037036699874198,0.24967001169869713,0.07123222412079389,0.12704536013562515
validation,v1_14_content_Bakhtiyar-Garashov_IMDB_Movies_Ratings_Project.py.txt,1,1,0.006307177912030598,0.2559520747494477,0.24205558726103843,0.20693073834438078,0.06164574670886599,0.22710867502423646
validation,v1_16_content_esnmrdi_fragranceadvisor_perfumes_scraper.py.txt,1,1,0.0008579078879522521,0.32034399283370496,0.1994484837390883,0.3176168556385136,0.09153201950878102,0.07020074039195985
validation,v1_21_content_DaSunnySide_Stock-Analysis_csv_practice.py.txt,1,3,0.02525997058620429,0.09765146578588259,0.25760718772147895,0.467032131179388,0.025175930156368643,0.12727331457067753
validation,v1_39_content_kghimire192_Electoral_Map_Coloring_Project1.py.txt,1,2,0.003908957977874381,0.21903847395509304,0.33183187571850414,0.17013887923551851,0.22615567959580368,0.0489261335172063
validation,v1_3_content_ahmedelfateh_scraping_CimaClub_scraper_urllib.py.txt,1,2,1.3017567225835259e-05,0.21919183949250973,0.32331843464159815,0.09989827069121514,0.15909913194314035,0.198479305664311
validation,v1_40_content_Grijesh-Chauhan_aadhaar_webrequests.py.txt,1,1,0.0004132074568065069,0.31172741879761917,0.1655967109010873,0.20439157930107021,0.16538101464745672,0.15249006889596006
validation,v1_42_content_naomistuart_flight-scraping_flightscraper2.py.txt,1,4,0.011888263195014648,0.3274849190880808,0.12332712417190873,0.06314204157414988,0.36272580899037804,0.11143184298046792
validation,v1_46_content_AnuragSinghKushwah_anonymous-scraping_luminati_proxy.py.txt,1,1,0.05418292761218393,0.45198061627470965,0.28490414205319686,0.04086565153502919,0.1401116520269236,0.027955010497956595
validation,v1_51_content_palashjboro_Web_Scraping_weather_info.py.txt,1,2,0.01921182405844838,0.20111330614041614,0.2920561061287394,0.06398700755313315,0.2804896288078852,0.1431421273113776
validation,v1_63_content_will62185_web-scraper_oil-scraper.py.txt,1,1,0.01279611279798883,0.36947754451696574,0.11852531360622579,0.19509862816449797,0.13741382956318657,0.16668857135113532
validation,v1_64_content_andrewrgoss_yahoo-fantasy-fball-scraper_player_season_projections.py.txt,1,2,0.0762161562093554,0.18201321595870854,0.28382579636187927,0.20937871433898175,0.14370783281421773,0.1048582843168574
validation,v1_65_content_nyavramov_monitor_web_page_changes_monitor_unit_tests.py.txt,1,3,0.030774428094824294,0.10732352587410185,0.23264853997268745,0.29611772648103696,0.10617317978047129,0.22696259979687822
validation,v1_71_content_EltonK888_web_scraping_c01_scrape.py.txt,1,0,0.38568960913760836,0.335273475898092,0.07319953255950298,0.04615172695384619,0.12721885635407446,0.032466799096876144
validation,v1_71_content_sairoopb_WebScrape_CBase_code.py.txt,1,1,6.57580014964417e-05,0.3712469312243125,0.26415007539094976,0.15430159117761788,0.11817439490780085,0.0920612492978227
validation,v1_74_content_jrathin_Web-Scraping_db.py.txt,1,1,0.0027396470637563656,0.34189166524119124,0.27154216188772456,0.03864181831332016,0.2729017301040668,0.07228297738994084
validation,v1_74_content_jrathin_Web-Scraping_injury.py.txt,1,1,0.00014421872045032244,0.3792248692133612,0.10687601511462705,0.14864274070798958,0.17044770508910462,0.19466445115446732
validation,v1_84_content_bhavnesh2211_Webscraping_imdb_Scraper.py.txt,1,1,0.0030024871808762297,0.3349351693882391,0.23324091420463305,0.21271918852045563,0.07816633420710264,0.13793590649869333
validation,v1_8_content_casper-hansen_Web-Scraping-Reddit_scraper.py.txt,1,0,0.3608233092746413,0.3391693109305758,0.036695086020800516,0.01117308705841424,0.21798313224839497,0.03415607446717317
validation,v1_94_content_adithyavasisth_VTU-Result-Scraper-with-CAPTCHA-Bypass_scraper.py.txt,1,1,0.27736910572286205,0.3369978224721405,0.1326673666549133,0.010888859406512772,0.22930736513341643,0.012769480610155029
validation,v1_95_content_SebastianRV26_WebScraping-WordCloud_primerM_todoParalelo.py.txt,1,1,0.09640667608813895,0.39619496653107206,0.09418003974491292,0.020474825077313498,0.29977178565021817,0.09297170690834432
validation,v1_98_content_pratz0499_web-scraping_flipkart.py.txt,1,0,0.5118983982393782,0.17827494551943507,0.11602009199493936,0.04437193264488622,0.04488401123523369,0.10455062036612753
validation,v2_20_content_Numanor_pyssocks5_local.py.txt,2,4,4.440390472914751e-05,0.012632762777317688,0.23774893804015904,0.2373401361999188,0.27888032973731297,0.23335342934056238
validation,v2_3_content_srimani-programmer_AES-Cryptographic-Tool_Script.py.txt,2,3,0.002673444498087211,0.16441784355874112,0.16410211315695702,0.27659896646755333,0.12214669638868275,0.2700609359299785
validation,v2_4_content_HamzaMhirsi_Chat-Server-Client-Python-AES-SHA_server.py.txt,2,1,0.004632166320139575,0.48919080336091914,0.11507675252386662,0.0830333657045768,0.202630302639898,0.10543660945059984
validation,v2_5_content_LuttaKing_AES-style-Encryptor-Decryptor_encryptorGUI.py.txt,2,0,0.29174887516958165,0.10286249298820407,0.14842337366824238,0.25409773910767963,0.10655902564135927,0.0963084934249331
validation,v2_9_content_Technofreakcritic_MQTT-AES-Compression_pub_aes.py.txt,2,4,0.00022253272442527205,0.13826616305008566,0.21973794832329996,0.11644451439251673,0.3298919851066812,0.19543685640299108
validation,v2_10_content_Ethan2018_Apriori_APRI.py.txt,2,4,0.001130560309124078,0.094828694388232,0.2846800105562025,0.13809067630022862,0.28680011344905654,0.19446994499715617
validation,v2_11_content_SabikAbtahee_Apriori-Implementation_AprioriAlgorithm.py.txt,2,4,3.1241024164651245e-05,0.0887043595399634,0.3335005366237381,0.09430941914443869,0.3495979527547008,0.13385649091299434
validation,v2_14_content_Dawlatly_Recommender-system_apriori.py.txt,2,1,1.5025742680140667e-05,0.23927473670107602,0.1993091765816515,0.1533843495852781,0.2226567389085274,0.18535997248078676
validation,v2_14_content_wiktorjl_algorithm-apriori_apriori.py.txt,2,3,5.180125444421912e-06,0.11345569814778947,0.2057094573895802,0.2897215951630448,0.13363279919329038,0.2574752699808508
validation,v2_3_content_Avinash793_FPGrowth-and-Apriori-algorithm-Association-Rule-Data-Mining_Apriori-algorithm-using-HashTree.py.txt,2,3,0.023876466698786743,0.13327361936903961,0.18188452760614038,0.27556654274326325,0.21701125239920757,0.16838759118356245
validation,v2_3_content_ravinderiiit_Market-Basket-Optimisation-by-apriori-Algorithm_apriori.py.txt,2,2,9.887011593510831e-05,0.22255865786227538,0.23601544855991127,0.19755252380344168,0.21303581361558083,0.13073868604285582
validation,v2_4_content_shivang98_Market-Basket-Optimization_apyori.py.txt,2,4,0.027010625732936056,0.11043914893104334,0.0856982431720059,0.10834361557181574,0.3845588557929823,0.28394951079921665
validation,v2_5_content_aaronzira_apriori_miner.py.txt,2,3,0.0024436485739145024,0.017250602770907668,0.20508107324637326,0.3118891222780824,0.2730192963566078,0.1903162567741143
validation,v2_5_content_kushagradarkdk_AssociationRuleMining_Apriori_Comet.py.txt,2,3,0.007974974680298503,0.2531889561072143,0.17013894674996996,0.28935048744401753,0.10695885779800482,0.17238777722049498
validation,v2_7_content_akshattrivedi_IT-Sales-With-Recommendation-System_manage.py.txt,2,2,5.942327915348278e-05,0.09942184483337814,0.3044887783703404,0.23072561632606664,0.25873836164666475,0.10656597554439652
validation,v2_7_content_DMDarkness_Data-mining_Example_pyclt_fp2ar.py.txt,2,2,0.006755996928356843,0.040082095861951376,0.43570475880269577,0.12822554077526113,0.26149721037029655,0.12773439726143831
validation,v2_7_content_DMDarkness_Data-mining_fp2ar.py.txt,2,4,0.09223769093965137,0.08480534234082462,0.20543254258069377,0.14413891230405165,0.26475363726199486,0.20863187457278376
validation,v2_1_content_sadnessFree_arima-lstm_combine-svm.py.txt,2,3,0.17208453705783752,0.2042849843960457,0.1367624158768459,0.20714915380171328,0.10632531953902825,0.17339358932852927
validation,v2_1_content_sadnessFree_arima-lstm_combine.py.txt,2,5,0.02343373227782705,0.11560165222740686,0.18077213200021527,0.22464711982844068,0.18481325498655152,0.27073210867955866
validation,v2_28_content_yifan0330_stock-trader_stocktrade_final.py.txt,2,4,4.976929102170917e-06,0.022853013401878522,0.2577260837083044,0.23414558204778815,0.2754767796039218,0.20979356430900514
validation,v2_28_content_yifan0330_stock-trader_stocktrader.py.txt,2,4,3.417111692201283e-05,0.025239997859131183,0.2753022557991948,0.22194606690352317,0.2861650375976478,0.19131247072358104
validation,v2_2_content_polyphilz_pricing-weather-derivatives_clean_data.py.txt,2,5,3.7162725694555252e-06,0.02610387898919116,0.18496991257471798,0.25818272063149467,0.24169016298438295,0.2890496085476438
validation,v2_3_content_rentseen_ARIMA-forecast_CAVMP.py.txt,2,0,0.3688717261382667,0.030306570194263385,0.06783906639776038,0.0684332168181278,0.24488426967259216,0.21966515077898957
validation,v2_47_content_Eric-Muthemba_investing_scrapper.py.txt,2,4,0.031098815635449653,0.1859312024791784,0.23932645068925326,0.047630883868863355,0.3559647042456493,0.140047943081606
validation,v2_48_content_harishchellappa_Time-Series-Analysis-Bike-Sharing-Demand-Forecasting_forecasting_2.py.txt,2,2,1.5002764698708817e-06,0.19417883437413622,0.24315743868807094,0.1434123554737354,0.2080213338994065,0.211228537288181
validation,v2_9_content_MauTorresE_ARIMA-Forecasting-AutoSelectParams_ARIMA_model.py.txt,2,1,0.05869382570975878,0.3204633690159033,0.17793581042224615,0.10243880779799712,0.2334638870656798,0.1070042999884149
validation,v2_7_content_ardyerwanda_SDN-Bellman-Ford-Pyretic_routebellman.py.txt,2,1,0.0011696843443842603,0.35234496999186254,0.13611217290450175,0.15898273543425917,0.1972895043674527,0.15410093295753957
validation,v2_7_content_ardyerwanda_SDN-Bellman-Ford-Pyretic_routing2cost.py.txt,2,3,2.1139968163631404e-05,0.018115274777262033,0.28035883582754095,0.3243110659576228,0.10836706009171142,0.26882662337769914
validation,v2_11_content_davedennis_DFS-and-BFS-Search_dfbf.py.txt,2,2,2.3079115081002677e-06,0.034486971242484954,0.2515020485694517,0.22994517141767246,0.2332527771295698,0.25081072372931296
validation,v2_1_content_minar09_bfscore_python_evaluate_single_image.py.txt,2,1,0.0002418293277838893,0.2931473533934728,0.0876653916339225,0.20060283895585748,0.16876444659110132,0.2495781400978621
validation,v2_38_content_SamDaQueen_Algorithms-In-Python_Binary_Search_O_log2n_.py.txt,2,2,1.0814781340382967e-06,0.05657737604709706,0.4110882180049387,0.23612331726050473,0.16361448654385505,0.13259552066547042
validation,v2_43_content_odubno_ford-fulkerson-max-flow_test_max_flow.py.txt,2,4,1.0992577833442465e-05,0.03041511216028141,0.3180676307034834,0.11472368672460836,0.33057216418119467,0.20621041365259876
validation,v2_51_content_rrraharja_Kecerdasan-Buatan-AI_Project_DFS.py.txt,2,3,0.0002422774820556496,0.10774231560144823,0.1948380224832861,0.33205846947377415,0.10728239364898035,0.2578365213104553
validation,v2_59_content_orzinger_8-Puzzle-game_World_State.py.txt,2,2,0.02161760215148959,0.14667351265231224,0.36063038128231195,0.13008404926429953,0.13813543375258874,0.20285902089699803
validation,v2_7_content_mhkhojaste_sliding-puzzle-with-search-algorithms_Problem.py.txt,2,2,0.14992879882899007,0.07922367893679803,0.2679307661206432,0.13900401081296831,0.24373363292834477,0.12017911237225572
validation,v2_10_content_circulosmeos_haveibeenpwned-binary_pwned-pass-binary-fast.py.txt,2,4,9.285184271093732e-06,0.05275926339822848,0.2729671889208435,0.22414521048165845,0.3336077668703211,0.11651128514467742
validation,v2_10_content_gochieng_BinarySearch_test.py.txt,2,1,0.002631865235164744,0.3021631840657724,0.18414292719912684,0.2288105126406164,0.08870551370619553,0.19354599715312418
validation,v2_10_content_ivanbgd_Self-Balancing-Binary-Search-Trees_Test_BST_Iterative.py.txt,2,1,0.00592675248561142,0.3116238660895948,0.1138773590024631,0.1743769839188962,0.13212027517259617,0.2620747633308383
validation,v2_22_content_N8Brooks_lcs_hash_search_lcs_finder.py.txt,2,2,0.00014728050623272437,0.050878880639970585,0.2698027896564741,0.26917555743100663,0.15135275797312028,0.2586427337931957
validation,v2_24_content_Patrik-Stas_kata-bst-tree_bst_ll.py.txt,2,5,0.04256459941158384,0.06942508745544476,0.2075074227347733,0.2760808841032404,0.12516203491311959,0.2792599713818383
validation,v2_3_content_6e726d_binaryninja-search___init__.py.txt,2,3,0.0001356420995314158,0.26226403821132893,0.1792502140276913,0.33913348102751145,0.09421100891205424,0.1250056157218826
validation,v2_40_content_ajh1143_BinarySearchTreePractice_BST.py.txt,2,4,0.0007889179334940517,0.12562824895390168,0.15845160212034504,0.21742788672778474,0.26283837305962493,0.23486497120484962
validation,v2_4_content_vieirinhaabr_balanced_binary_search_tree_tree_tester.py.txt,2,4,5.2925796762023904e-05,0.07345462315215512,0.11255990129889394,0.1998588140030382,0.3111118036739756,0.30296193207517513
validation,v2_54_content_pr1998_Student_Management_System_main.py.txt,2,2,0.0011747195175030676,0.01526021070274493,0.4186519930975075,0.1301820126829835,0.3314295651751796,0.10330149882408135
validation,v2_7_content_kristianespina_python-binary-search-tree_binary_search_tree.py.txt,2,2,0.03611512114494145,0.18287863860200393,0.27847130118595004,0.2062483056223923,0.1854844171839437,0.11080221626076875
validation,v2_10_content_shehand_Game_Graphics_using_Binary_Search_Tree_calc.py.txt,2,1,0.007285867267395199,0.27088354371514006,0.26145307358779896,0.19313225968069872,0.12077151812537402,0.14647373762359306
validation,v2_18_content_HDShaw_Runaway-Reservation-System-BST-_AVL_tree.py.txt,2,2,0.02698644756220686,0.1689819009094647,0.36603590457135526,0.046750069476494995,0.3194321734311401,0.0718135040493379
validation,v2_1_content_jdmcpeek_pretty-print-binary-tree_tree.py.txt,2,1,0.003152533099004446,0.33694590917438544,0.1821154952711464,0.09138178523888571,0.24833874895982025,0.1380655282567577
validation,v2_20_content_kristianespina_python-binary-search-tree_binary_search_tree.py.txt,2,3,0.003002233905982226,0.02440408750060628,0.23404582012842498,0.2781379586504001,0.251246953089862,0.2091629467247245
validation,v2_33_content_hexingwei_Binary-tree_tree.py.txt,2,1,0.0001876827023039165,0.23427324403918207,0.19807526418852517,0.2028885840860982,0.18207103655119278,0.1825041884326979
validation,v2_3_content_WDI-SEA_python-binary-trees_twenty_questions.py.txt,2,1,0.003859004680153636,0.26792159701943163,0.24626403576916928,0.19785046891599176,0.14411146840970274,0.139993425205551
validation,v2_4_content_fcunhaneto_py-binary-trees-draw_node.py.txt,2,4,0.001652257384860264,0.2718410223552088,0.19040921042326409,0.14514884171866343,0.33686509557199623,0.0540835725460072
validation,v2_88_content_ilkayDevran_HEAP_and_BTS_Implementation_binarySearchTree.py.txt,2,1,0.0006868722688856892,0.2781350542281387,0.14131331167189762,0.16533515257346026,0.24596739400380876,0.16856221525380893
validation,v2_23_content_mkhambat_Bubble-and-insertion-sort_sorting.py.txt,2,3,0.0007274632526588447,0.06636775279787782,0.25011515525693434,0.34178438897800584,0.1401745031869996,0.20083073652752367
validation,v2_26_content_naviechan_sortingAlgorithmDemo_main.py.txt,2,4,0.000205505154681305,0.14095990807265257,0.1809228961758207,0.21085548866397355,0.24642728814477127,0.22062891378810062
validation,v2_29_content_zcogley_Bubble-Sort_bubble_sort.py.txt,2,3,0.04658598784547842,0.1331396551564234,0.08130662195833986,0.34537867787845966,0.10761303097262376,0.2859760261886749
validation,v2_30_content_thomasjedstrom_Bubble_Sort_Selection_Sort.py.txt,2,2,0.08739109641838994,0.052441733660320185,0.35377759612681536,0.14110169725837718,0.2457105913955229,0.11957728514057454
validation,v2_31_content_atorulia_Some-kind-of-sort-algorithm_InsertionSort.py.txt,2,5,9.514982276769678e-05,0.03657176123952097,0.1707318778116105,0.29517638451884465,0.1750116752837514,0.3224131513235048
validation,v2_31_content_Cadellinman_RB-EmailSorter_RedBubbleSorter.py.txt,2,2,5.961621340679929e-05,0.127709227920943,0.34452103746637364,0.08150477342789111,0.2963062058547171,0.1498991391166683
validation,v2_53_content_RefaelBeker7_Sorting-Algorithms-Python_ExampleSort_sixDifference.py.txt,2,2,0.004147532870405093,0.20884086323770112,0.24320379975624803,0.08658648925638246,0.2198780252728219,0.23734328960644135
validation,v2_5_content_kheguy_bubbleSort_bubbleSort.py.txt,2,3,0.003412496582184097,0.06665353751788962,0.25236899612227465,0.297853966775277,0.16627248502696423,0.2134385179754103
validation,v2_67_content_TadayoshiCarvajal_Sorting-in-Python_sortingAlgorithms.py.txt,2,3,0.00029965893259570504,0.07607694605625534,0.21381851276334835,0.2936770046393405,0.18617945097534994,0.22994842663311021
validation,v2_81_content_jvdwyer_Sorting_Sorts.py.txt,2,3,3.2690173514107386e-05,0.061174144930633285,0.2887383825909341,0.2915200799750466,0.12342625651192851,0.23510844581794335
validation,v2_19_content_Shooobz_BigData-ProjectOne_mongoSandbox.py.txt,2,2,8.633521301257316e-05,0.0472607014222333,0.26880255714677426,0.24564472249147024,0.221817495829242,0.21638818789726763
validation,v2_21_content_rahul494_Mental-Health-On-Twitter-Analysis_sorter.py.txt,2,4,3.6001093424245395e-06,0.008102250885166806,0.2899852249894453,0.07080037161393238,0.3541788585714855,0.2769296938306275
validation,v2_26_content_Emersonxuelinux_One_Big_Archive_VirtualPet.py.txt,2,1,0.25683121615936017,0.34417767731258375,0.17164610208010814,0.02008199095783739,0.1633169333598892,0.04394608013022138
validation,v2_2_content_anrputina_OutlierDenStream-BigDama18_readGroundTruth.py.txt,2,4,0.16675448205924978,0.1764109731349439,0.14625262447009454,0.15651936375410822,0.18554322377567592,0.16851933280592762
validation,v2_30_content_sdws1983_The-big-data-OF-The-Plant-Cell_parse-abstract.py.txt,2,1,0.0017748915244138492,0.2982311883385942,0.22264676518770338,0.1276868182836411,0.1304805232369799,0.21917981342866774
validation,v2_32_content_jtuckerk_oscar_prediction_imdb_data_create.py.txt,2,0,0.2723290556438827,0.10528705955719744,0.19375055035398386,0.17788645508695028,0.15005091045641966,0.10069596890156594
validation,v2_35_content_ankitsejwal_organize-folder_organize.py.txt,2,5,0.02475146711371209,0.039828017749382244,0.11145183140765479,0.37497242755792204,0.06022880761018322,0.38876744856114576
validation,v2_5_content_anguillanneuf_bigO_17_island_count.py.txt,2,5,0.055945237489372655,0.08549348521360833,0.04063033838384142,0.27842978206522645,0.19551472965460295,0.34398642719334804
validation,v2_76_content_yingtaoluo_Latent-Factor-Model-with-JIT-CUDA-on-movielens_predict.py.txt,2,1,0.0033348519066249954,0.33206740838250304,0.16686589738368723,0.07687032985457803,0.3081620239831122,0.11269948848949454
validation,v2_80_content_hanas879_Payday-2-Big-Oil-Engine-Calculator_engineCalculator.py.txt,2,4,0.046939754039229085,0.2192929625924573,0.2636113853701375,0.06303085473963838,0.3003440091518289,0.10678103410670864
validation,v2_10_content_sushant097_Chatbot-using-Python-NLTK-_ChatBot.py.txt,2,2,0.00029008026805933093,0.17236067815822617,0.29305703374699466,0.27489888888224273,0.16050951408444455,0.09888380486003272
validation,v2_1_content_HarryBaker_LDAtopicSimilarity_modelTranslator.py.txt,2,4,0.028470755136676767,0.2306526953336213,0.17676479100955453,0.0749025105567974,0.2750869648972962,0.21412228306605374
validation,v2_1_content_HarryBaker_LDAtopicSimilarity_similaritySpike.py.txt,2,1,0.002976377575620376,0.35267640053328553,0.22226732094581847,0.1595219276568943,0.12678368739518742,0.13577428589319376
validation,v2_3_content_naiveHobo_TextRank_preprocessing.py.txt,2,2,0.003608445177690819,0.08607911512155547,0.30465929276619114,0.15014572341847113,0.20290824147861986,0.2525991820374715
validation,v2_14_content_bkdwei_kdDesktopAssistant_install_script.py.txt,2,2,0.0004957649293010889,0.1948985096517476,0.27756319342258967,0.20885400985041513,0.23872441397289793,0.07946410817304854
validation,v2_18_content_theorisons_loto_analyse.py.txt,2,1,0.0036493289584619564,0.3277503395991497,0.27392432935365096,0.09337019184470886,0.1686090781380803,0.13269673210594832
validation,v2_46_content_hackabit19__destroyingRecursively__vibration.py.txt,2,5,0.01575073907829594,0.010854491788407009,0.2793518699581684,0.10131945340333914,0.2526869962181703,0.3400364495536192
validation,v2_52_content_jitunayak_Tensorflow-object-recognition-GUI-DesktopApp_face_crop.py.txt,2,3,0.0002755062185494747,0.14701128571731992,0.20671511857641903,0.2897823588694495,0.22675906121240694,0.12945666940585512
validation,v2_67_content_DrIanGregory_MachineLearning-LogisticRegressionWithGradientDescentOrNewton_mulitpleLinearRegression.py.txt,2,1,0.000736686626787507,0.4518598926088314,0.19986577786739315,0.09802954211617204,0.15312020024433373,0.09638790053648223
validation,v2_86_content_Enkhai_simple-DES_permutations.py.txt,2,5,9.158171719254888e-05,0.0064429002413844425,0.21449133229425613,0.30025025928947885,0.17495462805483128,0.30376929840285677
validation,v2_8_content_usmanali414_Destruction-Detection-in-Satellite-Imagery_segmentation.py.txt,2,2,0.0011360017074094507,0.11735334490407386,0.37002643864713447,0.08924231562658895,0.24775254669773594,0.17448935241705735
validation,v2_13_content_tiendung1510_LearningPython_ucs.py.txt,2,4,0.0017732724714147204,0.13407974167910197,0.25581142043129035,0.17441787891349486,0.2653682406050849,0.1685494458996132
validation,v2_18_content_vikasgola_graph-search-algorithms_graph.py.txt,2,1,0.06525432783516047,0.2630333803949302,0.24099630726129997,0.1790065268316527,0.1437375891261395,0.10797186855081711
validation,v2_79_content_bewing03_DFS-Baseball_scrape.py.txt,2,0,0.4732931086102336,0.2496233677740831,0.050945441539268506,0.12236897026771754,0.05964345259697749,0.04412565921171981
validation,v2_7_content_GabrielBortolote_BFS-and-DFS-Tree_BFS.py.txt,2,3,0.0002877309250297722,0.11523022985325215,0.15619944118556023,0.2882817358411366,0.19297803029143343,0.2470228319035878
validation,v2_83_content_habibz2196_bfs-dan-dfs-_bfs_dan_dfs_kuda_skak.py.txt,2,5,0.06034252651203016,0.14421963779308736,0.11509900391209323,0.18418747502205035,0.24335696898402406,0.2527943877767149
validation,v2_85_content_adamkanouse_better-lineups-dfs_constants.py.txt,2,1,8.514760226248835e-06,0.22966762558919507,0.20914948959888835,0.22225023733733365,0.2172327298586864,0.1216914028556703
validation,v2_8_content_Omig12_dfs_delete.py.txt,2,4,0.0040074723588243944,0.1971076021580514,0.19056112074025944,0.11964081328683718,0.26201411571553607,0.22666887574049135
validation,v2_92_content_jackschultz_nba-optimize-micro_utils.py.txt,2,5,0.0002514861188082138,0.05675352610942479,0.1889067439222585,0.11267592988937097,0.27589502553526407,0.36551728842487335
validation,v2_12_content_michaelasper_Diffie-Hellman_diffie_hellman.py.txt,2,3,1.9009438400318442e-05,0.022257619961806963,0.20712986867198702,0.3097076715792036,0.17525753562392368,0.2856282947246783
validation,v2_13_content_alu0100821390_diffie-hellman_diffie-hellman.py.txt,2,1,0.029463365299147535,0.3062266163731201,0.18386423564934978,0.12577688120793096,0.23075139353359306,0.12391750793685852
validation,v2_26_content_bahadircolak44_EllipticCurve_extEuclid.py.txt,2,2,0.002597431251984784,0.22198333950056184,0.3040785505139978,0.1381270845324209,0.1991329852973156,0.13408060890371915
validation,v2_31_content_shreyas3336_Diffie-Hellman-KeyExchange_Seed_Generator.py.txt,2,2,3.3021540287766297e-06,0.23572598250125448,0.27462815181028055,0.17723376782306252,0.1435188378079603,0.16888995790341335
validation,v2_46_content_MrJmk_protocoles_crypto_Diffie-Hellman.py.txt,2,5,2.348359513516132e-05,0.1400290756861567,0.15278910547446223,0.2723613637264043,0.15957947442270376,0.27521749709513776
validation,v2_6_content_picrin_DiffieHellmanChallenge_discreteLogEfficient.py.txt,2,3,0.01972658194856319,0.11367295462123583,0.23157909845061062,0.30549688882074333,0.13852659684888813,0.19099787930995882
validation,v2_77_content_Zerox-1337_Simplified-OTR-Protocol_otr.py.txt,2,2,5.2256999990677194e-05,0.1341351876769518,0.2747648738802364,0.2222533543453055,0.168982454895423,0.19981187220209254
validation,v2_10_content_tjazerzen_a_star_algorithm_helper_functions.py.txt,2,2,3.9909523541088525e-07,0.00386678319038138,0.3618293727303902,0.2632411298041696,0.2662467777376602,0.1048155374421633
validation,v2_17_content_GGonzalezRojas_Tarea_1_MDR_Dijkstra_dijkstra_v1.py.txt,2,2,0.00016993699430147937,0.09715595640271801,0.37425154255294396,0.2615947700900099,0.06585472040625288,0.2009730735537737
validation,v2_32_content_ceyzaguirre4_AStar_A.py.txt,2,1,0.0001509877395255635,0.30028343676459684,0.10308300721678221,0.20084484872769442,0.161923498253901,0.2337142212975
validation,v2_39_content_hamidaucc_Link-state-protocol-in-python_Test.py.txt,2,1,0.21504396191241645,0.43527808281502856,0.06920036090335627,0.10727083820885132,0.10340164477083731,0.06980511138951001
validation,v2_53_content_KaiFly_Xemina2_DijkstraSP_GraphDrawing.py.txt,2,3,0.24124173549518715,0.12714211103046302,0.09844814896521153,0.2524463608884027,0.1643479828605995,0.11637366076013593
validation,v2_88_content_NoFishLikeIan_Dijkstra_currency_currency_api.py.txt,2,3,1.4921566176505642e-06,0.1293580815269067,0.21237259997150565,0.2682610824316757,0.16925571174459703,0.22075103216869735
validation,v2_11_content_tatsuyoshi-ikenoue_fizzbuzz_fizzbuzz.py.txt,2,0,0.3682199553922723,0.35025854008731955,0.02303071371842539,0.03211349453974262,0.19622301283964244,0.030154283422597846
validation,v2_13_content_Odarlie_fizz_buzz_programming_logic_andelab_test_fizz_buzz.py.txt,2,4,0.0003621134237919956,0.26323896666893865,0.19564506998527972,0.031236210444466395,0.2677254350037498,0.24179220447377348
validation,v2_15_content_leni1_python-fizzbuzz_fizzbuzz_test.py.txt,2,3,0.00043706135029006484,0.06214824020225145,0.20762737729595782,0.3164411981417726,0.10984348157269637,0.3035026414370318
validation,v2_17_content_bhushankorpe_Fizz_Buzz_Fibonacci_Fizz_Buzz_Fibonacci.py.txt,2,4,0.0019440463169973878,0.2578624629388174,0.1565415763748673,0.11592279541880252,0.27292205787813584,0.19480706107237952
validation,v2_20_content_IbrahimAyed_Multifractal-analysis-of-natural-images_texture_synthesis.py.txt,2,4,0.0001359573891103257,0.04896705005207822,0.19719766346795453,0.2902936712949517,0.3198314532742746,0.14357420452163058
validation,v2_2_content_johnrobyclayton_division-project_plot.py.txt,2,2,0.0019723710446347795,0.03666673873088421,0.2928235798780826,0.2912458019571381,0.19166585923714663,0.18562564915211363
validation,v2_3_content_victornguyen75_x-factor_source.py.txt,2,5,0.0011045760332446695,0.14317816975554762,0.13740376735518559,0.16426636026465558,0.22047842596375034,0.33356870062761623
validation,v2_4_content_captainACE_python-ADVANCEMATH-lib_lineq.py.txt,2,0,0.45737883860482104,0.35565972959568937,0.08252263957245227,0.0021914333710854944,0.08956169476337954,0.012685664092572208
validation,v2_5_content_AdamJacoby_Hopf_Algebra_Tools.py.txt,2,2,0.010783280035300056,0.11009912558777718,0.32373133097247914,0.18935592673603185,0.28866727485342375,0.07736306181498795
validation,v2_5_content_AdamJacoby_Hopf_Frobenius_Tools.py.txt,2,1,0.09254810843723368,0.3647785613736662,0.14478801389610546,0.05998595917812826,0.26667224053344185,0.07122711658142444
validation,v2_5_content_AdamJacoby_Hopf_HopfConstructions.py.txt,2,4,0.003158305166447667,0.09534672277685177,0.26518025668566625,0.19826638240857752,0.3548916996068253,0.08315663335563149
validation,v2_5_content_DvorakSimon_divisibility_DivisionBySeven.py.txt,2,4,2.4347668807171568e-08,0.046112526316383275,0.30552769199115054,0.11800438821258538,0.3116894828849659,0.218665886247246
validation,v2_6_content_seonkyuKim_DFA_DFA.py.txt,2,3,0.00015990706001516654,0.020563576672620848,0.30124089327517234,0.359962435891849,0.11490578453374029,0.20316740256660237
validation,v2_6_content_sockster_metroCard_metroCard.py.txt,2,5,1.5003998137488857e-06,0.07558093645942447,0.1686528402506438,0.2103456550340647,0.24275613410896846,0.30266293374708486
validation,v2_8_content_KreandOStudio_FizzBuzz_fizzbuzz.py.txt,2,2,0.01995077260356626,0.15439699638910628,0.295929394799842,0.19608430701265878,0.1980855856417635,0.1355529435530631
validation,v2_13_content_limqiying_crypto_final_project_DH-test.py.txt,2,2,0.0004940268880331206,0.20221813401660904,0.30894006013034087,0.1969617899850524,0.1313524857863887,0.16003350319357598
validation,v2_16_content_SemyonMakhaev_elliptic-curve_main.py.txt,2,3,0.00011933473965760888,0.13364328045727233,0.20161915365655012,0.2837537616645338,0.19261358203568357,0.18825088744630267
validation,v2_17_content_achusat_Elliptic_Curve_Cryptography_ecc.py.txt,2,3,0.0007683102587865569,0.0960792081093799,0.16684029002036763,0.34106045844533645,0.1312010429126837,0.26405069025344585
validation,v2_11_content_harishchellappa_Time-Series-Analysis-Bike-Sharing-Demand-Forecasting_forecasting_2.py.txt,2,4,3.316115990669288e-06,0.22373886613884925,0.2198370652992657,0.14433112652327895,0.23089957314862428,0.18119005277399117
validation,v2_4_content_hyper750_factorialhr_constants.py.txt,2,1,0.16419385981837786,0.3631416693576738,0.04904664607131075,0.04635393612183937,0.1695040791305551,0.20775980950024314
validation,v2_4_content_moduloone_QualtricsFactorialVignettes_questiongen.py.txt,2,1,0.0007664030841978129,0.29032558873022796,0.2770079244738466,0.07427429162386533,0.2879259982173423,0.06969979387052005
validation,v2_84_content_rev1z_async_factorial_webapp_logic.py.txt,2,3,0.00611568048047161,0.13732144309399452,0.10142776637820697,0.40105472263982744,0.10291313469844555,0.2511672527090538
validation,v2_8_content_jcwyatt_factorial_factorial.py.txt,2,5,0.0002598994239085986,0.007193429385712921,0.17249126541897208,0.2771434082642766,0.2327033320804475,0.31020866542668224
validation,v2_97_content_mjurk456_mini-snakes_pesel.py.txt,2,2,0.0017984749619599824,0.04902930027281211,0.28720217964917344,0.2324468684284916,0.2567056837337558,0.17281749295380688
validation,v2_9_content_ankur-anand_Factorial-Algorithm_fact_12_unittest.py.txt,2,4,1.837684969598517e-05,0.11455306831232914,0.03640992032010743,0.2078506345658433,0.3601974268874186,0.28097057306460543
validation,v2_44_content_nathanthomashoang_fibonacci-sequence-recursive_fibonacci_recursive.py.txt,2,3,0.015477165629623896,0.15024729065610828,0.10565965477051788,0.29456283028062547,0.16192717018363842,0.27212588847948604
validation,v2_51_content_UnPolinomio_fibonacci-number_numbers.py.txt,2,5,0.00011634650965725993,0.03653034150584444,0.1592592015613235,0.24727469993858459,0.2723964296578912,0.28442298082669903
validation,v2_67_content_GilbyScarChest_Fibonacci_API_app.py.txt,2,4,0.00028506312014719054,0.023627863097638282,0.22176585727086223,0.10698447239628765,0.38675761502776895,0.2605791290872957
validation,v2_8_content_lucasmullerm_turing-machine-fibonacci_tm.py.txt,2,1,1.4709534431161093e-05,0.35238706887554266,0.2598379271063276,0.1353539751152372,0.0959200914152109,0.15648622795325062
validation,v2_99_content_MatheusMuriel_ProgramacaoDinamica_Plotador.py.txt,2,4,0.0016028098595685975,0.03337701475120516,0.09201405306328074,0.1622494859970811,0.3674046596892421,0.34335197663962225
validation,v2_13_content_AtahanCelebi_En-K-sa-Yol_map_distance.py.txt,2,2,0.10792418750590924,0.11296960650302795,0.23620852227209033,0.1676815541704113,0.2119493520646156,0.16326677748394558
validation,v2_17_content_kanavkhanna_Application-Software_Software_Application.py.txt,2,2,0.0004033100854352355,0.03207467676568668,0.41220283281036185,0.3825264274135837,0.0807058843779213,0.09208686854701124
validation,v2_1_content_smbanaie_floyd-warshall-python_Main.py.txt,2,2,0.00012951010598781778,0.2208489932071476,0.255749451124382,0.15744549453685558,0.21838864180328846,0.1474379092223385
validation,v2_3_content_hamedomidvar_GPU_FloydWarshall_FW_Rev0.1.py.txt,2,5,4.65959655476258e-07,0.12620023604406652,0.21636919186356773,0.19636514978892247,0.20835334440842343,0.2527116119353643
validation,v2_4_content_mmcniece_tiled_floyd_warshall_tiled_FW.py.txt,2,3,0.002362766233397638,0.19405845650121,0.16471451091470635,0.2539729209754234,0.17230477966804136,0.2125865657072214
validation,v2_8_content_JanFeys_Floyd-Warshall-All-Pairs-Shortest-Path_FloydWarshallAPSP.py.txt,2,3,0.0005065828151920227,0.01884234499137075,0.15662230278784486,0.2987504927207106,0.2650572088807197,0.26022106780416215
validation,v2_25_content_83Shashi_Hierarchical-Clustering_hierarchicalclustering.py.txt,2,2,0.0028604042651997298,0.15456306339153905,0.3126080179769688,0.24619151167168812,0.0828439430262524,0.20093305966835193
validation,v2_2_content_zalayo_Hierarchical-Linkage-Regression_HLRtest.py.txt,2,5,0.00010222462338488083,0.16076631882181935,0.13423777383711266,0.2515038886730868,0.14065324852417885,0.31273654552041746
validation,v2_4_content_wazzaarvind_Clustering-Algorithms_reducer.py.txt,2,4,0.3042202245008937,0.1471739763774756,0.1290063303601134,0.004498173192487715,0.3048567329617396,0.11024456260729011
validation,v2_55_content_taksug229_Python-hierarchical-clustering_Working_Data_Hierarchical_Clustering.py.txt,2,5,0.0056139033900653055,0.2594399535149871,0.1778286496367302,0.16675227388347527,0.08505197781257616,0.30531324176216595
validation,v2_18_content_NegarMirgati_CodingAndErrorDetection_All.py.txt,2,2,2.6203020685406336e-05,0.09391659604356419,0.40813037022144444,0.21645110967232128,0.17159554902112395,0.1098801720208607
validation,v2_22_content_Raxev_datastructures3_huffElement.py.txt,2,3,0.00010741401818247636,0.026150411713633078,0.3211219908011442,0.371984880204327,0.144482575721477,0.13615272754123633
validation,v2_4_content_amzhang1_simple-JPEG-compression_zigzag.py.txt,2,1,0.011892713980286762,0.3552252924869012,0.11531596817562047,0.16654745709765167,0.24228642229184771,0.10873214596769208
validation,v2_10_content_poku18_CE_III_06_Lab2_lab2.py.txt,2,5,0.0020899067159204036,0.04244309185314066,0.17063580575093093,0.18086571589536862,0.2736095436000682,0.3303559361845712
validation,v2_18_content_o-az_Insertion-vs-Merge_MergeSort.py.txt,2,1,0.001208715248115131,0.40592128087474566,0.1255153387661823,0.13307225982549864,0.1706013319315288,0.16368107335392948
validation,v2_1_content_abx67_Algorithms_mergesort.py.txt,2,1,0.02426202985112781,0.408771552523874,0.188540443580151,0.09302030286027033,0.15669667493760556,0.12870899624697124
validation,v2_23_content_ryanarnouk_BinaryInsertionSort_index.py.txt,2,2,0.009027793198547695,0.015886602854817623,0.28269309850286695,0.2567513267821151,0.15404482232040848,0.28159635634124414
validation,v2_30_content_rogerdenisvieira_bidirectional-conditional-insertion-sort_main.py.txt,2,5,0.0002538191781747803,0.04857843841053687,0.23133757464896085,0.24865076218647728,0.1735034567006013,0.29767594887524895
validation,v2_33_content_Howellp80_Algorithms---Merge-Sort-vs-Insertion-Sort_hw1.py.txt,2,2,5.255212815355865e-05,0.04487305354916435,0.30460663549215145,0.19097955355585555,0.2816950165123527,0.17779318876232247
validation,v2_50_content_shre007_Implementation-and-comparison-of-sorting-algorithms_merge.py.txt,2,2,0.0036647184279647743,0.19559132105210789,0.27022930496417913,0.19016916372912407,0.2587179867607696,0.08162750506585434
validation,v2_20_content_Cassar88226_Clustering_of_Articles_corpus.py.txt,2,4,5.734039247930319e-05,0.15309208135035587,0.21214925153937877,0.19199073875599962,0.23393061783766603,0.2087799701241204
validation,v2_3_content_jamer5_K-Means-Clustering_k-means-clustering-without-scikit-example-1.py.txt,2,5,0.00013448222042605052,0.021323869449492886,0.2516893442505864,0.24269710509748987,0.2235713349208641,0.2605838640611408
validation,v2_41_content_akshay-gupta7_kmeans-using-mapreduce_k_means_reducer.py.txt,2,4,1.4842049738002585e-05,0.037271398089113006,0.3533263026573326,0.12391919653146957,0.35671101290666174,0.12875724776568515
validation,v2_42_content_aryanshar_TextMining_magboard.py.txt,2,2,0.0011178183312935252,0.17334496871537877,0.2753510959193474,0.056632507744968044,0.26183313259791796,0.23172047669109436
validation,v2_54_content_wenlin-koh_K-Means-Clustering---python_kmeans.py.txt,2,3,4.0282675795914487e-05,0.037236741267252654,0.18274263396083557,0.37554328637235895,0.11121840466432978,0.29321865105942707
validation,v2_21_content_abhishekmsharma_ai-knn-kmeans-crawler-python_job_search_environment.py.txt,2,5,0.0006533496914009297,0.062490758625744686,0.2122161714304006,0.2524235951440394,0.15872383503184187,0.3134922900765725
validation,v2_23_content_changchanglccc_kNN_test.py.txt,2,1,0.00013970674017920644,0.37576018648972737,0.1263526209923743,0.02254768438786089,0.30048751274658425,0.174712288643274
validation,v2_29_content_vtheno_kNN_one_line.py.txt,2,3,0.0022427116386599137,0.050085412164217955,0.189165340183132,0.31931797756232166,0.15411926591216626,0.2850692925395021
validation,v2_30_content_manojrameshrao_machine-learning-iris_iris_web3.py.txt,2,4,0.002907557346360049,0.23871586418135807,0.11086084391676006,0.1523214004132328,0.35190763737322833,0.14328669676906058
validation,v2_38_content_juandes_knnbot-messenger-bot_distance.py.txt,2,3,0.018672201823692055,0.2729627493038966,0.07252579535972292,0.35543071686754246,0.1152409861582784,0.16516755048686757
validation,v2_8_content_jasminegrewal_Naive-Bayes-KNN-Logistic-Regression_2b_gnb.py.txt,2,3,5.530572166388154e-07,0.019909431475509637,0.1354965382274299,0.29641974851033387,0.2524783080470471,0.29569542068246274
validation,v2_9_content_muchlisinadi_ALPR-Indonesia_GenData.py.txt,2,1,0.0006554632299083297,0.3591112237788837,0.184454248042563,0.17696312384355156,0.1742883247407615,0.10452761636433178
validation,v2_7_content_usbogie_MSTcreator_Node.py.txt,2,3,0.007822581621574058,0.016261627510331392,0.15957908057674355,0.44788664236367254,0.060171874045478725,0.3082781938821997
validation,v2_10_content_mahimagupta_NLP-Research-Project-_supervisedLearner.py.txt,2,5,8.189138770234385e-05,0.0953231599420307,0.25680463713888846,0.18634151703036939,0.18963548952219744,0.27181330497881173
validation,v2_12_content_romanorac_elastic_localized_search_controller_elastic.py.txt,2,4,0.002651450044873939,0.25275354801033995,0.2060165009308577,0.13294758844297452,0.26950072489225274,0.13613018767870105
validation,v2_16_content_davda54_pytorch-transformer-lemmatization_lr_decay.py.txt,2,3,2.8887739574266147e-05,0.10907439730282793,0.1823993357007553,0.33337815847705476,0.17893199573159235,0.1961872250481953
validation,v2_16_content_davda54_pytorch-transformer-lemmatization_predict.py.txt,2,3,0.007336392985830216,0.04660575067805009,0.20897084488789489,0.30348551541918867,0.16131758991136824,0.2722839061176678
validation,v2_1_content_akoksal_Turkish-Lemmatizer_lemmatizer.py.txt,2,2,0.0010609098087568255,0.22158005603572797,0.28330519210912675,0.19419214844095276,0.19647502060709812,0.10338667299833758
validation,v2_25_content_aajanki_finnish-pos-accuracy_datasets.py.txt,2,1,0.0007672682016578102,0.26210735438979726,0.2599294265590284,0.14634682803437227,0.2317868200433469,0.09906230277179727
validation,v2_26_content_Nofenigma_lt_lemma_prefixes_check_lt_prefixed_lemmas.py.txt,2,2,1.1811962241747784e-08,0.17831408609345803,0.26909377318451383,0.14516068015517686,0.23957458249008395,0.16785686626480514
validation,v2_11_content_sichen-x_search-engine_test_htable.py.txt,2,2,0.0003144013549636148,0.026400418114753806,0.4340462958001144,0.13781410440007497,0.21330537267229743,0.1881194076577959
validation,v2_11_content_sichen-x_search-engine_words.py.txt,2,1,4.7036129206133546e-05,0.2668294768624638,0.20475130961600038,0.1728892654319644,0.16356189841190255,0.19192101354846275
validation,v2_1_content_Chunning-Zhou_MILPBasedSearchAlgorithmDiff_model.py.txt,2,3,0.008975062672275139,0.07816556521250564,0.16530148064816078,0.293941280009383,0.1738925655385557,0.2797240459191198
validation,v2_1_content_Chunning-Zhou_MILPBasedSearchAlgorithmDiff_parameter.py.txt,2,4,0.0006612408854709635,0.044904723527733635,0.27820244514018666,0.20652473208558766,0.29814077977643577,0.17156607858458522
validation,v2_33_content_chafiknaceri_Credit-Card-Debt_BisectionSearchPayement.py.txt,2,3,6.088836687621143e-05,0.011751480794543833,0.19032086230949172,0.350344861785265,0.16451410925964685,0.28300779748417637
validation,v2_33_content_chafiknaceri_Credit-Card-Debt_DebtLeft.py.txt,2,3,2.608899997299087e-06,0.016574373482807013,0.27062780627489363,0.3271914528842278,0.10944965653675418,0.27615410192132
validation,v2_36_content_akaif95_U.S-Currency-Patterns_us_currency_regex.py.txt,2,0,0.8975010995826643,5.6251500540234376e-05,0.0008538914586038336,0.09934267443494627,9.40525123603279e-05,0.002152030510884942
validation,v2_4_content_BenCashman_Linear-Search_linear_search.py.txt,2,4,9.538846105680001e-06,0.08050836730858603,0.1986839238721191,0.20117162656703297,0.3273138134859195,0.19231272992023674
validation,v2_13_content_ToonBlok_LinkedList_test_pylinkedlist.py.txt,2,0,0.3131256428365069,0.06700631215728611,0.15962528060074443,0.2645904292689927,0.17021517782257595,0.025437157313893954
validation,v2_15_content_udwivedi394_LinkedList_convertBT2LL.py.txt,2,2,5.846495953093811e-05,0.1497414038128957,0.25576902343280566,0.17935630415584744,0.21558674023790902,0.19948806340101136
validation,v2_35_content_dharan-s_Data_Structure_Python_LLPalindrome.py.txt,2,1,0.0036542367361270655,0.26943707458513133,0.2371632150606883,0.12814959925856093,0.21404955028652922,0.1475463240729632
validation,v2_3_content_WDI-SEA_python-linked-lists_linkedlist-test.py.txt,2,2,5.9454021794950885e-05,0.003234557864910451,0.42117083243504216,0.2770806896212481,0.16954474948684212,0.12890971657016226
validation,v2_42_content_TechnoMonoCo_Python-Doubly-Linked-List_LL.py.txt,2,1,0.0006858204285933761,0.25971715889079866,0.2526155911539147,0.15777914741969593,0.19889423298772652,0.13030804911927082
validation,v2_7_content_mharsha315_Python---Hangman_Hangman.py.txt,2,1,0.005201666003466345,0.37378853641046333,0.21872592303566057,0.1322297223289988,0.1595209220374691,0.11053323018394191
validation,v2_11_content_ayushkumarshah_Dynamic-Programming-MCM-and-LCS_matmul.py.txt,2,1,0.0001959261929736402,0.3903434591879107,0.19927417335640155,0.11152509876558948,0.23058088397397195,0.06808045852315263
validation,v2_13_content_trsavi_Largest-Common-Sequence_subSequence.py.txt,2,2,0.00019111020592728174,0.0017840778040427267,0.3685669228941255,0.21060619941264225,0.2319273586796923,0.18692433100356995
validation,v2_15_content_VakinduPhilliam_Pattern_Matching_Python_Difflib_Pattern_Matching_CL_Interface.py.txt,2,2,0.18003216260364693,0.02867464785286022,0.33436741834473555,0.2783223411961885,0.09810979809058515,0.08049363191198355
validation,v2_15_content_VakinduPhilliam_Pattern_Matching_Python_Difflib_Pattern_Matching_SequenceMatcher.py.txt,2,5,3.9764864536231763e-07,0.002974504190659866,0.22689335023364776,0.27898745693509147,0.1954981061168738,0.29564618487508176
validation,v2_15_content_VakinduPhilliam_Pattern_Matching_Python_Fnmatch_Translate.py.txt,2,5,0.0001946928632040718,0.0010775267124907713,0.27479748382505276,0.18904839462379627,0.1234049014852035,0.4114770004902526
validation,v2_1_content_susheelsagar_LCSS_test.py.txt,2,3,0.010692523116869338,0.06488244762227995,0.22002803599577167,0.3367626446758514,0.17382082984699854,0.19381351874222902
validation,v2_3_content_jzwei023_LongestCommonSubsequence_lcs.py.txt,2,2,0.00171552866081464,0.07917105685308146,0.3926125351606872,0.12260154789411867,0.3287578043680423,0.07514152706325568
validation,v2_6_content_greed2411_LCS_main.py.txt,2,3,0.0025809986222760446,0.18307556632623698,0.20731659113447842,0.28017135906851587,0.1927135911231248,0.134141893725368
validation,v2_6_content_singh-sidharth_Longest-Common-Subsequence_LCS.py.txt,2,2,0.0014174521857039904,0.03477125220426203,0.3193163416431299,0.297580398192503,0.13015231905726793,0.21676223671713313
validation,v2_7_content_kanthagirish-rit_lcs-project_memoization.py.txt,2,4,3.319030825651386e-05,0.06142924144107188,0.17115912103832576,0.10440832449061688,0.3895206277855078,0.2734494949362212
validation,v2_13_content_ShankyTiwari_Naive-Bayes-Classifier-using-python_naive_bayes_supermall.py.txt,2,3,6.15548190580574e-06,0.06703398439206322,0.23395328347617872,0.2854718969528063,0.16062608524616998,0.2529085944508759
validation,v2_14_content_rajat1401_NaiveBayes_scratch_2016260_ques1a.py.txt,2,4,2.7491399211083002e-05,0.14873270015978984,0.1661967003273021,0.18317750277912537,0.26669421025872364,0.23517139507584792
validation,v2_29_content_barshaison_Naive_Bayes_Classifier_Prog.py.txt,2,1,0.0001806499393350996,0.2601303737687451,0.23999427878309956,0.15508720872201118,0.15119327460118262,0.19341421418562632
validation,v2_2_content_aspremon_NaiveFeatureSelection_DemoNFS.py.txt,2,4,0.0006035683524730587,0.2166202189208076,0.23848227145653902,0.15034340905818477,0.2696252576364552,0.1243252745755404
validation,v2_37_content_saurabhzingade_Naive-Bayes-Basic_naive.py.txt,2,1,0.004463109889647459,0.24171112483533969,0.20463732922366645,0.18012530163125365,0.15800742329894502,0.21105571112114777
validation,v2_5_content_adityadas8888_Naive-Bayes_naive_bayes.py.txt,2,4,2.3508893723381043e-05,0.1918209795511709,0.0491126851432302,0.25433508089405327,0.2747883372814467,0.22991940823637552
validation,v2_7_content_pherde_naive_bayes_spam_classifier.py.txt,2,5,0.11821217160556008,0.14927206238771537,0.12296097629390876,0.1815767424638484,0.1369242951453804,0.2910537521035869
validation,v2_80_content_cgeopapa_NaiveBayesClassifier-ham-spam-mail_Bayes.py.txt,2,1,0.00046938704758806444,0.28713258135247105,0.17458393088327492,0.22722198583884531,0.09545709495459676,0.215135019923224
validation,v2_95_content_ravularohit_sms-spam-detection_spam_detection.py.txt,2,1,0.0014298467274220185,0.29584544978837424,0.1805269418403627,0.04914029083088687,0.21978837134005283,0.2532690994729014
validation,v2_11_content_OlgaCobaquil_One-Time-Pad_onetimepad.py.txt,2,1,0.005113382679869578,0.25133052504892056,0.23897594094575447,0.22867081031289127,0.08798482215325838,0.18792451885930578
validation,v2_13_content_notpresident35_one-time-pad-machine_STILL_More_Testing.py.txt,2,1,0.0015992151927757636,0.3813059093182306,0.2321519403795784,0.12110130163273222,0.1395367344776085,0.12430489899907465
validation,v2_17_content_blackhawk42_OTP-python_otp.py.txt,2,1,0.002410162118912105,0.24493168905922835,0.16242005842682616,0.2279903807918247,0.19835767974991558,0.16389002985329312
validation,v2_17_content_jb0xx_decrypt-onetimepad_onetimepad.py.txt,2,4,0.001931157529097549,0.16604379256197624,0.13988222709772855,0.10178019024231377,0.3850261349100184,0.2053364976588655
validation,v2_18_content_jzpero_enigma_main.py.txt,2,1,0.031058513301008218,0.34001540102930955,0.16907142114175805,0.09196527343426586,0.2689708812427097,0.09891850985094852
validation,v2_31_content_tobymyers_codingthematrix_The_Function_problems.py.txt,2,5,0.12258480099789505,0.15438242911440564,0.16280927376037527,0.07980628630287065,0.2051303448466942,0.2752868649777591
validation,v2_7_content_anderspkd_broken-one-time-pad_somecode.py.txt,2,3,0.0002962470542935121,0.2214606825349499,0.20321339764955026,0.38169511315422683,0.058714870993093055,0.13461968861388646
validation,v2_1_content_firmai_ffood_._setup.py.txt,2,3,0.00019133703876659478,0.004357434511026579,0.31192067747049246,0.32069422024596594,0.07497306300549002,0.2878632677282585
validation,v2_4_content_mrimahajan_advanced_analysis_package_variable_reduction.py.txt,2,4,0.01324786706073172,0.09689575224175935,0.2603159386146854,0.09765162107110015,0.29967421004140404,0.23221461097031942
validation,v2_5_content_harshdarji22_crypto_index.py.txt,2,1,0.006408454209531575,0.49772783005277693,0.12783392521905945,0.05555072004955742,0.2244936428670847,0.08798542760198973
validation,v2_1_content_lucaspauker_factor-perfect-numbers_Factors_Perfect_Number.py.txt,2,5,0.0001527254812201462,0.0828220577309192,0.2124613162077032,0.16687578468031303,0.23688514398849925,0.30080297191134514
validation,v2_2_content_imset_Perfect-Numbers_perfNum.py.txt,2,3,0.0010871282428247494,0.10104623258188442,0.23743606844198065,0.2743087377120441,0.15339092303142474,0.23273090998984142
validation,v2_3_content_iykadev_pyalgo_3plus1.py.txt,2,2,2.724852565077209e-06,0.05789806764450535,0.3790229523838207,0.1886800012838988,0.21099635428862157,0.16339989954658843
validation,v2_3_content_iykadev_pyalgo_binaryTree2.py.txt,2,3,0.001320222916367683,0.02433793647643434,0.26089311666998066,0.28784361674687153,0.1869847646147679,0.23862034257557801
validation,v2_3_content_iykadev_pyalgo_dragon_curve.py.txt,2,5,0.005575747596476447,0.17029030414264199,0.0477056448767163,0.2736482347654935,0.2091941334813803,0.2935859351372915
validation,v2_3_content_iykadev_pyalgo_e_number.py.txt,2,3,0.00030384504242670463,0.14054873318929342,0.1059456056343933,0.41072677207642105,0.09001414143718263,0.25246090262028276
validation,v2_3_content_iykadev_pyalgo_hopcroftkarp.py.txt,2,4,0.0024757087914431966,0.15565405843525312,0.22862959231301058,0.15036431573807016,0.27240367399511556,0.19047265072710748
validation,v2_3_content_iykadev_pyalgo_perfect_numbers.py.txt,2,4,4.247136948743029e-06,0.06689095245106524,0.2099721063894242,0.16737138065702256,0.2787174946605434,0.27704381870499595
validation,v2_5_content_nmcglohon_sequence-squares_calculate_sequence.py.txt,2,1,0.06447739142897489,0.28863854616434625,0.20616793844249834,0.19709864234379398,0.0777346893539093,0.1658827922664772
validation,v2_12_content_MarynaTatsevich_Machine-Learning-Regression-Techniques_Random_Forest_Regression.py.txt,2,4,0.00170738067744982,0.1167557809601453,0.22894955846249224,0.06532710480211305,0.34658812983138515,0.2406720452664144
validation,v2_2_content_athul-dev_regression-models_multivariate-linear-regression.py.txt,2,4,0.0023435292134351107,0.2473388748816197,0.21590594654331657,0.04023892663828392,0.3500089185171869,0.1441638042061577
validation,v2_53_content_iamrj846_Predicting-insurance-prices-with-Linear-Regression_MultipleLinearRegressionModel.py.txt,2,4,3.116378202343552e-05,0.13476282954212923,0.22710593338961257,0.07477370790979815,0.3177829145229892,0.2455434508534475
validation,v2_64_content_LudweNyobo88_Polynomial-Regression_polynomial-regression.py.txt,2,5,0.0003444071335169262,0.07520047247016338,0.2238155037844114,0.16234389281440595,0.23846169966317263,0.29983402413432975
validation,v2_6_content_metintorunoglu_Polynomial-Linear-Regression_4_Polynomial_Regression.py.txt,2,5,0.0005920981431404842,0.07319579343976987,0.2619842468812342,0.2873635870476029,0.08229733157154231,0.29456694291671026
validation,v2_73_content_MachineLearning-Nerd_Multiple-Polynomial-Regression_mllsklearn.py.txt,2,3,1.0152647950961303e-05,0.19528659880401983,0.2321944869433025,0.3030573596949515,0.2373112677992198,0.032140134110555475
validation,v2_76_content_cakmakaf_Polynomial_Regression_for_Random_Dataset_Polynomial_Regression.py.txt,2,2,0.0055183261529663675,0.13628255411796597,0.3574293553196492,0.22191369031153851,0.19839781072008467,0.08045826337779526
validation,v2_92_content_TheCodingRecruiter_Polynomial-Regression-for-Position-Salaries-Machine-Learning-Model_Polynomial_Regression_for_Position_Salaries_Machine_Learning_Model.py.txt,2,4,0.025583289384907285,0.06437395267060704,0.20443064808491698,0.15852242738296735,0.32891857897463467,0.21817110350196667
validation,v2_10_content_Jeremiah9000_prime_numbers_truncatable_prime_numbers_truncatable_faster.py.txt,2,1,0.001647685272789828,0.260702370060211,0.1661508946356651,0.135235365541918,0.20985915498640595,0.22640452950301013
validation,v2_18_content_zach010_PrimeOptimus_Prime.py.txt,2,4,0.003140597940595226,0.03857475754133556,0.22509897738890056,0.1297294813689706,0.3874178914661361,0.2160382942940621
validation,v2_22_content_ahmedheakl_Get-prime-Numbers_Get_Prime_Numbers.py.txt,2,2,1.4944625702289676e-05,0.07789325761307803,0.2939933790695477,0.13548781209019348,0.29008953557108696,0.2025210710303914
validation,v2_23_content_cjonsmith_prime_calc_prime_days.py.txt,2,5,0.06379041502194914,0.040992855221113206,0.23909481456676487,0.2044723944889636,0.13337484973727998,0.31827467096392914
validation,v2_23_content_wliabc_Prime-numbers_prime.py.txt,2,4,0.003271991054378454,0.046647521570843314,0.33135660250111526,0.035304763582991915,0.45190878132519935,0.1315103399654717
validation,v2_24_content_jakubfolta_PrimeNumber_Prime.py.txt,2,1,3.220162352743269e-05,0.2989991231644841,0.23935709127790483,0.08229154746207906,0.18670636682626965,0.19261366964573495
validation,v2_25_content_diXime_PrimaryNumbers_utx.py.txt,2,4,0.04499041652514088,0.22066406924433093,0.21137075024635013,0.05622660354757506,0.29040984879890225,0.17633831163770056
validation,v2_37_content_coertquinton_number_sequences_start.py.txt,2,3,4.645761235572523e-06,0.006221630405034053,0.2833021611211658,0.36521872986675935,0.17773270836157065,0.1675201244842345
validation,v2_8_content_lesscake_prime-numbers-eratosthenes_naive.py.txt,2,4,4.7830575513593305e-05,0.15886520772378426,0.22735968423951383,0.19408471025540844,0.2840909695707149,0.13555159763506508
validation,v2_5_content_abcsds_Prim_exampleL.py.txt,2,2,1.0663895348265278e-05,0.12306447243633334,0.25350219279591685,0.17099491540021697,0.2172098665663912,0.23521788890579334
validation,v2_6_content_usbogie_MSTcreator_Node.py.txt,2,3,1.7079059857323376e-05,0.03744111547740261,0.35091781176302955,0.3545574076483775,0.07622094036153856,0.18084564568979455
validation,v2_6_content_usbogie_MSTcreator_Prims.py.txt,2,4,0.0002444139814732601,0.2791279809272949,0.24323160050136602,0.10231599571972019,0.3050218718754308,0.07005813699471486
validation,v2_7_content_MadalinaMircea_GraphAlgorithms_UI.py.txt,2,2,3.310485917057264e-08,0.01074445753799876,0.326858749861317,0.17216835726229313,0.3230429967279326,0.16718540550559927
validation,v2_23_content_ymohanty_data-analysis_classifiers.py.txt,2,2,3.828638710241784e-05,0.14080989493795093,0.22643032345048625,0.2132642578302483,0.20732363984860486,0.2121335975456072
validation,v2_36_content_arpan-ghosh_python-data-algorithms_LinearRelationshipFit.py.txt,2,2,1.2604905644328644e-05,0.15315702353386484,0.24454301092533176,0.19251578488908638,0.1932454669918077,0.21652610875426492
validation,v2_3_content_HelloJahid_PCA-Principal-Component-Analysis-_PCA_with_Iris_datsets.py.txt,2,2,0.00016601088362646789,0.1910331813976284,0.3466940147856843,0.15727919581080338,0.16246224642896703,0.14236535069329032
validation,v2_41_content_bhavaniprasad73_Principal-Component-Analysis_PCA.py.txt,2,5,0.004371804245102063,0.004211577406265798,0.1881663822207166,0.22714636247980632,0.2350584335488258,0.3410454400992834
validation,v2_49_content_christianThardy_Principal-Component-Analysis_pca.py.txt,2,5,0.00022339891795502973,0.011682742599297465,0.20113510063285517,0.31294515059421835,0.14952769731465249,0.32448590994102144
validation,v2_5_content_cylance_lazy-stochastic-principal-component-analysis_plot_model_perf.py.txt,2,4,3.4465231536802985e-05,0.1813349981309519,0.21548181789813964,0.14648396539941458,0.32175601773337237,0.13490873560658465
validation,v2_7_content_syamkakarla98_PCA-On-IRIS-Dataset-With-Classification-Using-KNNC_iris_after_pca_knnc.py.txt,2,2,0.0003039554765557621,0.09134889204980079,0.28888384062259237,0.14933684085757198,0.22720510635627442,0.24292136463720468
validation,v2_84_content_rayjc_ml-pca-foreground-removal_miscHelper.py.txt,2,3,0.0001273155263953561,0.10795864454331763,0.264686769429814,0.2704021175765006,0.10869985954050529,0.24812529338346698
validation,v2_93_content_djzgroup_Visual-basedCharacterEmbedding_123.py.txt,2,2,0.009417740965861196,0.02986476654636897,0.30494853430868507,0.22822307982696707,0.24882848117781103,0.17871739717430662
validation,v2_94_content_rohithdot_ImageCompression-PCA_code.py.txt,2,5,0.0003553857979313534,0.04286597198951472,0.2317190607592754,0.2822231971745597,0.10607907559578846,0.33675730868293047
validation,v2_12_content_shinevalora_asyncio_tornado_queues_requests_demo_test.py.txt,2,3,0.00010906120868265898,0.047587829817103446,0.21213619603482786,0.26188785132585785,0.26095950125452416,0.21731956035900413
validation,v2_1_content_modulus100_python-datastructures-algorithms_linked_list_reverse.py.txt,2,1,0.00018761718803851887,0.25112751374363246,0.1534552578145562,0.24028902897328042,0.1933001427341382,0.16164043954635415
validation,v2_29_content_0517_QueueSimulation_simple_queue.py.txt,2,2,0.008490524737234146,0.1591183031914172,0.2875151928385847,0.19038471435782905,0.22085998786678845,0.13363127700814648
validation,v2_30_content_HumaneWolf_telegram-spotify-queue_telegram_spotify_queue.py.txt,2,4,0.0019885858767313565,0.23671545747880104,0.17656054166713192,0.12051358562901152,0.3253813219371383,0.13884050741118592
validation,v2_31_content_danieltshibangu_QueuePay_diranySolution.py.txt,2,3,0.0032891763506237635,0.1327333701660973,0.19144704740954802,0.2724803078508647,0.1723006240900511,0.22774947413281518
validation,v2_3_content_colinmcnicholl_queueing_theory_homework3_map6264a.py.txt,2,3,0.011434880206078905,0.1309954010346349,0.11180477405694965,0.4043845955532738,0.10112000489456956,0.2402603442544932
validation,v2_41_content_sweeneyde_IndexedHeap_dijkstra.py.txt,2,4,0.038529068506124316,0.12673810506519645,0.17065951030657928,0.22110717758082002,0.22235532641280384,0.22061081212847594
validation,v2_45_content_kriti149_Text-Summarizer_txt_summarization.py.txt,2,4,0.009907156132878483,0.1292018288595321,0.22700392935419825,0.08047098148667906,0.3699917681296303,0.18342433603708186
validation,v2_52_content_NYU-Molecular-Pathology_queue-stats_qstats.py.txt,2,2,9.83088620216302e-05,0.15075768997071717,0.250295319759841,0.18943860670318782,0.18626103739717598,0.22314903730705635
validation,v2_57_content_sangyh_discrete-event-simulation_read_output.py.txt,2,3,0.01668172846713763,0.08265019420077367,0.25466879108437995,0.3067485121676425,0.16497495507195611,0.17427581900811018
validation,v2_10_content_adrianvellamlt_Quick-Sort---Insertion-Sort_utils.py.txt,2,4,0.0004364090344355654,0.2837150350379554,0.21325037708365918,0.025144940649971706,0.34037083175595767,0.13708240643802042
validation,v2_14_content_briholt100_rogersQ_rogersQ.py.txt,2,3,0.006400464762931699,0.08520929607986139,0.212325517467096,0.2879663309219776,0.22489452605301563,0.18320386471511768
validation,v2_24_content_vijayant123_music-sortt_sort.py.txt,2,3,6.01637655527158e-06,0.010623583945023862,0.26159064413333966,0.2662181647177385,0.2035165089574881,0.25804508186985475
validation,v2_28_content_kimdanny_HeapSort-and-QuickSort-Comparison_quicksort.py.txt,2,2,0.004166932652510817,0.055366467003114504,0.2809842485161994,0.2468811308844289,0.26422073213571834,0.14838048880802812
validation,v2_29_content_flintlouis_Sorting_algo_mergesort.py.txt,2,1,0.0073754917343018065,0.39598273744912704,0.17023938028651228,0.10480556031139263,0.2645606263239327,0.05703620389473357
validation,v2_30_content_XiaogeWang_Sort-Algorithms-Python-Version-_heap_sort.py.txt,2,3,0.0007658457895635771,0.18568099304066765,0.15283994468401305,0.2661748163291933,0.1459618572044633,0.24857654295209922
validation,v2_38_content_TadayoshiCarvajal_Sorting-in-Python_sortingAlgorithms.py.txt,2,4,0.007203344273169511,0.15268987478852103,0.14805221191218573,0.19980829617854884,0.3156016913033493,0.1766445815442255
validation,v2_3_content_iRGBit_indexhelper_indexer.py.txt,2,2,0.003057287893724675,0.01164200349830739,0.32249470621853366,0.30067615877587966,0.167197811782335,0.19493203183121963
validation,v2_4_content_varuntahin2210_ConversationalBot-Restaurant_nlu_model.py.txt,2,3,0.010663083837407576,0.0016976540668239102,0.24130641070425773,0.3350531922140918,0.1480062939936869,0.263273365183732
validation,v2_52_content_RefaelBeker7_Sorting-Algorithms-Python_ExampleSort_sixDifference.py.txt,2,1,0.0009845602261598881,0.28878375861651084,0.2623595700558248,0.16036572512349823,0.19266721874925918,0.0948391672287472
validation,v2_10_content_Bala96_Recursive-Func_nestedeaser.py.txt,2,3,0.016258347352092126,0.07787887309017043,0.21057907503515821,0.35713396796454494,0.11108335381108246,0.22706638274695182
validation,v2_18_content_Shweetz_TicTacToeSolver_solver.py.txt,2,2,0.0007910279293382541,0.13962992959966306,0.27830290573690264,0.23208332778528845,0.24901325650004713,0.10017955244876059
validation,v2_33_content_prabhatpal77_Complete-core-python-_globalandlocalvar.py.txt,2,1,8.899822191176004e-05,0.27254377522075185,0.2590519530537902,0.04978277410676184,0.25234948034102755,0.16618301905575683
validation,v2_34_content_bsmorton_linked-list-python_linkedlist.py.txt,2,1,0.00560083256101268,0.48525630921461277,0.1068502313799716,0.14441621455400477,0.1560232963074955,0.10185311598290271
validation,v2_34_content_stephypy_CS2302PasswordCracking_Main.py.txt,2,3,0.0003364559073126847,0.15713554454743506,0.16147117933785363,0.38035215416331203,0.049071618547805375,0.25163304749628124
validation,v2_36_content_Zattri_tutorial-recursion_recursion.py.txt,2,2,2.884833174759557e-05,0.20759354052790235,0.29066702986461446,0.231467855710429,0.10185760704746556,0.1683851185178409
validation,v2_38_content_davidcarrollnyc_Recursive_Python_WebScraper_BeautifulSoup_into_MongoDB_insertIntoMongo.py.txt,2,1,0.000864779600248135,0.2765694805939012,0.13806520926302013,0.1949674664292186,0.12119670717915076,0.2683363569344612
validation,v2_9_content_ahmetfbayrak12_Python-Recursive-Functions-and-Dynamic-Programming_hw5-plot.py.txt,2,5,0.044506553577079146,0.0772702138444762,0.1416084805688147,0.276916275274467,0.153777230970505,0.3059212457646579
validation,v2_17_content_fxbp_spd-5_criptoanalisi.py.txt,2,4,1.9071948181925947e-05,0.0245390781244852,0.305839249576505,0.11507359877893499,0.3242310045543386,0.23029799701755427
validation,v2_34_content_ptfn_rsa_main.py.txt,2,3,7.722810549474178e-05,0.018794811062919983,0.21691954694824198,0.33713862995375005,0.12930667243777785,0.2977631114918155
validation,v2_49_content_mrsondeptrai1999_RSA_Summer_2017_project_Decryption.py.txt,2,3,0.00024254948717117807,0.18379247905163854,0.16511532573228466,0.26542337962721013,0.24183440589409605,0.14359186020759962
validation,v2_52_content_CorrineTan_Digital-Signature-Schemes-Evaluation_eddsa_25519.py.txt,2,2,0.0008294102810581802,0.17950368347592155,0.3293057267037179,0.2035543493349059,0.20691021775968177,0.07989661244471473
validation,v2_8_content_hertelukas_rsa_primeCheck.py.txt,2,3,6.405531101783538e-06,0.003322311007224975,0.18952778657562075,0.29510375270203804,0.28211546666155524,0.22992427752245928
validation,v2_95_content_anurag423_Python-Project_eKeyGen.py.txt,2,1,5.012575388711885e-06,0.38719354518528204,0.2613715611440646,0.05756576793800887,0.26700574955685014,0.026858363600405704
validation,v2_97_content_rusrom_cryptography_rsa_sign_create.py.txt,2,4,0.0032209263306327,0.0333710045555217,0.23720845662612933,0.10129559669862952,0.36992702466049215,0.2549769911285947
validation,v2_12_content_wallaceicy06_room-draw_roomdraw.py.txt,2,0,0.5763081936547034,0.22341750181695785,0.00975708601297854,0.03125134544913982,0.11133903490193009,0.04792683816429031
validation,v2_14_content_codearemo_selction-sort_selection_sort.py.txt,2,1,0.0025077020613560983,0.2487520122341392,0.19266374847370982,0.11160177914364304,0.22757561193106823,0.2168991461560835
validation,v2_18_content_algorithmproject_Selection_sort_scripts.py.txt,2,4,1.5767467319293167e-08,0.17760978475725508,0.3255759193823462,0.06056874389086516,0.3301006111544788,0.10614492504758741
validation,v2_27_content_CodeDrome_selection-sort-python_selectionsort.py.txt,2,5,0.0005318894116659962,0.12757119462305846,0.22300680551066876,0.22238741312863505,0.19490523291816883,0.23159746440780296
validation,v2_32_content_AAMergulhao_Sort_Algorithms_algorithms.py.txt,2,5,0.016752758722277293,0.06589820084044845,0.12774240529216446,0.21148774691747413,0.2227951399107168,0.3553237483169189
validation,v2_32_content_TadayoshiCarvajal_Sorting-in-Python_sortingAlgorithms.py.txt,2,1,0.0008825942662594243,0.27977451135534065,0.14846069475734655,0.20514582278911858,0.25043064134289783,0.11530573548903707
validation,v2_9_content_naviechan_sortingAlgorithmDemo_main.py.txt,2,4,0.00014506311115592105,0.1634540429186164,0.18857224834913625,0.15464341119259803,0.26735914166027425,0.22582609276821927
validation,v2_3_content_GentaHI_SteganografiLSB-ImageToImage_steganography.py.txt,2,5,0.0007610757127118394,0.1027111696258519,0.1957920757401024,0.23181813487944686,0.2223249408983175,0.24659260314356957
validation,v2_13_content_preetidurai_Spam-Ham-Classification-using-NB-and-LR_naiveBayes.py.txt,2,5,0.04153294567350292,0.056027445996597265,0.20382061993741724,0.2452093494111718,0.15950100178678978,0.2939086371945209
validation,v2_14_content_prachij94_Category-altname-analysis-without-stopwords_altnameStopwords.py.txt,2,3,0.011659421438355175,0.2405868262333696,0.2421082677418298,0.243797589224987,0.1876962185982633,0.0741516767631951
validation,v2_15_content_ganigavinaya_LogisticRegression_LRwithoutStopWords.py.txt,2,3,0.0024940509497374725,0.12379270153408424,0.1811302003565049,0.2622988276332834,0.1700007720238915,0.26028344750249865
validation,v2_28_content_vinaykumarbu_sentiment-analysis-deeplearning_preprocess.py.txt,2,2,7.410697005819083e-06,0.02756502773405359,0.3195459930604556,0.19072789278456873,0.2912579137237053,0.17089576200021095
validation,v2_5_content_andresionek91_portuguese-stop-words___init__.py.txt,2,2,1.7825100142754497e-07,0.015251769609222476,0.36054906903035877,0.18179614301859945,0.32355765116260954,0.11884518892820842
validation,v2_7_content_satyammittal_IRE-Stopping-Words_hindi.py.txt,2,2,5.470331427664177e-07,0.022045827982122058,0.35014172675752,0.23009881150497294,0.23886664648229597,0.1588464402399463
validation,v2_17_content_lo1gr_tf-idf_hadoop-Spark_reducer3_A.py.txt,2,4,0.005241515853470713,0.26805016352303823,0.2935789373958812,0.026782037499242628,0.382573397292914,0.023773948435453253
validation,v2_41_content_antoinewg_ocr-tfidf_reducer3.py.txt,2,1,0.04297430621639516,0.5860440241705464,0.12392036488947851,0.05548917372133572,0.11649067044981644,0.07508146055242794
validation,v2_53_content_rghv404_Language_identification_make_predictions.py.txt,2,2,0.0007475028469932228,0.15215291041668688,0.35024105647452236,0.06183070578060709,0.2830291845316032,0.15199863994958732
validation,v2_55_content_AustinZuniga_Auto-tagging-of-Theses-and-Dissertations-of-Bicol-University-Searching-and-Matching-_main.py.txt,2,4,0.0006724078433980783,0.16180498155001438,0.25625215442833926,0.013565891817907044,0.35548134495649597,0.21222321940384511
validation,v2_58_content_zhaoyichanghong_machine_learing_algo_python_fuzzy_c_means.py.txt,2,3,0.00013164378171113536,0.05826747838668812,0.21137449981348083,0.26399917639035453,0.22934384434394137,0.2368833572838242
validation,v2_58_content_zhaoyichanghong_machine_learing_algo_python_pla.py.txt,2,4,0.0004286628972876969,0.011826934880767546,0.23186750967590686,0.2419480602013961,0.29904537749558036,0.2148834548490614
validation,v2_13_content_gissimo_nsc_do_nsc.py.txt,2,4,0.0027271051999221405,0.1474117534734225,0.2833770029715333,0.12422585699486864,0.30878154583276785,0.13347673552748562
validation,v2_32_content_clee1994_MasterThesis_table_helper.py.txt,2,2,0.004989690397572837,0.1350636090086772,0.32951460612268224,0.12192241830500847,0.23148960216411527,0.17702007400194386
validation,v2_35_content_XiaoCode-er_image-digital-express_cluster_mean_variance.py.txt,2,5,0.0022167599607691856,0.06435426744419213,0.14840440096860902,0.34705244019550674,0.06632653594137942,0.3716455954895434
validation,v2_35_content_XiaoCode-er_image-digital-express_image_calculation.py.txt,2,2,0.00010944135593547713,0.03851415509618471,0.3102857563914744,0.2695634989096048,0.3004991208442897,0.08102802740251087
validation,v2_3_content_facebookresearch_deep-variance-reduction_cifar_wrapper.py.txt,2,3,0.22406228202308068,0.12290182742169696,0.13916602741924866,0.26527847682932104,0.1373052040764381,0.11128618223021454
validation,v2_9_content_dumebi_Predicting-Boston-Housing-Prices_work.py.txt,2,2,5.599326253635261e-07,0.012250023927325888,0.30916250662086076,0.26506828041445263,0.19300072343799152,0.22051790566674384
validation,v2_14_content_Bakhtiyar-Garashov_IMDB_Movies_Ratings_Project.py.txt,2,2,1.634439090598498e-05,0.12822865593711502,0.2620895523357455,0.20162567889622515,0.15307823623350184,0.2549615322065066
validation,v2_16_content_esnmrdi_fragranceadvisor_perfumes_scraper.py.txt,2,3,8.628618711507583e-05,0.07437886480063874,0.32535865465995506,0.34794138739469177,0.17384608984158492,0.07838871711601436
validation,v2_21_content_DaSunnySide_Stock-Analysis_csv_practice.py.txt,2,3,2.895771540896593e-05,0.06029686141380946,0.2535231366432385,0.36025878966220276,0.0747840816604851,0.25110817290485526
validation,v2_39_content_kghimire192_Electoral_Map_Coloring_Project1.py.txt,2,3,0.032090321228529194,0.2733895503230063,0.2577347652486449,0.32235467158001374,0.06466628024587615,0.0497644113739298
validation,v2_3_content_ahmedelfateh_scraping_CimaClub_scraper_urllib.py.txt,2,2,1.4327074611326135e-06,0.24917629106172604,0.3238580735722636,0.0807912140101925,0.18026574888453753,0.16590723976381924
validation,v2_40_content_Grijesh-Chauhan_aadhaar_webrequests.py.txt,2,1,0.001041868040525985,0.26752803553812254,0.1940765425715504,0.20290790188080904,0.22273089196254683,0.11171476000644513
validation,v2_42_content_naomistuart_flight-scraping_flightscraper2.py.txt,2,4,0.0009583560372331295,0.10184026834884854,0.15307808102051948,0.2034718423565221,0.2857315621000557,0.2549198901368212
validation,v2_46_content_AnuragSinghKushwah_anonymous-scraping_luminati_proxy.py.txt,2,2,0.0006486713227666066,0.18663013886826568,0.29159051384571766,0.26864705622239604,0.11386948319049615,0.13861413655035773
validation,v2_51_content_palashjboro_Web_Scraping_weather_info.py.txt,2,2,0.0033161096036204685,0.10999227273915275,0.32486942743879454,0.16387520244938428,0.22010256655347518,0.17784442121557267
validation,v2_63_content_will62185_web-scraper_oil-scraper.py.txt,2,1,0.0013385097625858967,0.26317025081015294,0.21147789399345085,0.16219998184952839,0.1884965685394321,0.1733167950448498
validation,v2_64_content_andrewrgoss_yahoo-fantasy-fball-scraper_player_season_projections.py.txt,2,2,0.0003645167264377222,0.16971577713634306,0.2607622676765773,0.21219740701948253,0.18182699677644676,0.17513303466471253
validation,v2_65_content_nyavramov_monitor_web_page_changes_monitor_unit_tests.py.txt,2,3,6.28577159973247e-05,0.029508465593745127,0.2736110322953951,0.3134743730119752,0.13491470799991337,0.24842856338297398
validation,v2_71_content_EltonK888_web_scraping_c01_scrape.py.txt,2,2,0.0005982548169963083,0.10147788769034187,0.27249668210328176,0.24640997887608482,0.22542463728228782,0.1535925592310075
validation,v2_71_content_sairoopb_WebScrape_CBase_code.py.txt,2,1,0.000152025128990191,0.33659465802694344,0.28042745909376804,0.16085552307563114,0.11795036127658051,0.10401997339808652
validation,v2_74_content_jrathin_Web-Scraping_db.py.txt,2,2,1.956053636416225e-05,0.15130005410598585,0.26316163573680834,0.16104003930559418,0.21398247180385208,0.21049623851139537
validation,v2_74_content_jrathin_Web-Scraping_injury.py.txt,2,2,2.6920267046642357e-06,0.05219762606651878,0.3137124166101835,0.26573534625988066,0.0913034126621127,0.27704850637459977
validation,v2_84_content_bhavnesh2211_Webscraping_imdb_Scraper.py.txt,2,2,5.319907346428444e-05,0.22110502749241964,0.2630127316214041,0.22067342935428336,0.14494203971588968,0.1502135727425389
validation,v2_8_content_casper-hansen_Web-Scraping-Reddit_scraper.py.txt,2,4,0.006155349743109262,0.17570946544822694,0.15240344120313845,0.10548912730848997,0.31268778206192915,0.24755483423510613
validation,v2_94_content_adithyavasisth_VTU-Result-Scraper-with-CAPTCHA-Bypass_scraper.py.txt,2,4,0.005935599038069458,0.3215597992303635,0.21980808154015,0.0234558883940122,0.36143937614842603,0.0678012556489787
validation,v2_95_content_SebastianRV26_WebScraping-WordCloud_primerM_todoParalelo.py.txt,2,0,0.2983511158376909,0.2339374565170453,0.06155145443953598,0.00423276860459641,0.25950178689016645,0.14242541771096476
validation,v2_98_content_pratz0499_web-scraping_flipkart.py.txt,2,4,9.344839751384861e-05,0.10847495710776778,0.28040503270934614,0.03258768140825142,0.3739133134233064,0.20452556695381444
validation,v3_20_content_Numanor_pyssocks5_local.py.txt,3,5,0.0017175851448635784,0.10470049683925635,0.1634223513367826,0.24745889294370188,0.22883041505020907,0.2538702586851864
validation,v3_4_content_HamzaMhirsi_Chat-Server-Client-Python-AES-SHA_server.py.txt,3,1,0.0003157025495071314,0.35288690168107556,0.11822055307646634,0.16356667756657972,0.20932750046186313,0.15568266466450817
validation,v3_5_content_LuttaKing_AES-style-Encryptor-Decryptor_encryptorGUI.py.txt,3,3,0.22042353590825584,0.04469702021883276,0.13487231442992953,0.26304105347582085,0.13436637791418626,0.2025996980529748
validation,v3_9_content_Technofreakcritic_MQTT-AES-Compression_pub_aes.py.txt,3,4,0.00012829638273466259,0.22581408309177348,0.18021167546748035,0.09328561899522624,0.31366813969709423,0.18689218636569094
validation,v3_10_content_Ethan2018_Apriori_APRI.py.txt,3,5,0.0008895676287854055,0.09142904290978325,0.24737881090601194,0.1660175677781545,0.24202792166676432,0.25225708911050077
validation,v3_11_content_SabikAbtahee_Apriori-Implementation_AprioriAlgorithm.py.txt,3,3,3.0814788892145954e-06,0.007284387814723671,0.24245331227958977,0.3173530213256973,0.12103907583768929,0.31186712126341076
validation,v3_14_content_Dawlatly_Recommender-system_apriori.py.txt,3,4,1.3542232333669414e-05,0.2703510065488616,0.17329534137457353,0.11371318039974196,0.27530370787382263,0.1673232215706666
validation,v3_14_content_wiktorjl_algorithm-apriori_apriori.py.txt,3,3,0.0005413728152426087,0.12067257457051044,0.11792060255969222,0.37501438329164627,0.1022589017038181,0.2835921650590903
validation,v3_3_content_Avinash793_FPGrowth-and-Apriori-algorithm-Association-Rule-Data-Mining_Apriori-algorithm-using-HashTree.py.txt,3,3,0.023876466698786743,0.13327361936903961,0.18188452760614038,0.27556654274326325,0.21701125239920757,0.16838759118356245
validation,v3_3_content_ravinderiiit_Market-Basket-Optimisation-by-apriori-Algorithm_apriori.py.txt,3,3,5.271740029798775e-06,0.02905225418635512,0.2512671217078715,0.31357121938852006,0.12401369553243186,0.2820904374447917
validation,v3_4_content_shivang98_Market-Basket-Optimization_apyori.py.txt,3,4,0.05733763082044844,0.10482364137425618,0.10499322848652248,0.14341806227232068,0.359073201688457,0.23035423535799532
validation,v3_5_content_aaronzira_apriori_miner.py.txt,3,3,0.0058074829191315435,0.03570764957150932,0.22292331643045754,0.3072614991270845,0.26007507020859094,0.1682249817432261
validation,v3_5_content_kushagradarkdk_AssociationRuleMining_Apriori_Comet.py.txt,3,3,0.027753880407729747,0.26273099359555646,0.17102061598398557,0.27838438697980383,0.12051108197638145,0.13959904105654297
validation,v3_7_content_akshattrivedi_IT-Sales-With-Recommendation-System_manage.py.txt,3,2,3.0611667421030486e-05,0.10534701328554737,0.3020763960113317,0.22616137570365907,0.26907036846062365,0.09731423487141731
validation,v3_7_content_DMDarkness_Data-mining_Example_pyclt_fp2ar.py.txt,3,2,0.013908821921429478,0.05848554470404889,0.3360658919393509,0.19363201526396098,0.13527432303612877,0.26263340313508093
validation,v3_7_content_DMDarkness_Data-mining_fp2ar.py.txt,3,3,0.010580721936496423,0.016787289246406746,0.22585698195492612,0.29316890516860133,0.17587378966998907,0.2777323120235803
validation,v3_1_content_sadnessFree_arima-lstm_combine-svm.py.txt,3,0,0.24650570469374342,0.1502450405428726,0.12394587180415523,0.2389228799277934,0.05022494059922617,0.19015556243220924
validation,v3_1_content_sadnessFree_arima-lstm_combine.py.txt,3,5,0.0614847740982939,0.18703638018588403,0.14041600974270352,0.2685581479911165,0.06613783047035277,0.2763668575116493
validation,v3_28_content_yifan0330_stock-trader_stocktrade_final.py.txt,3,3,3.0517469116464495e-05,0.04476153324841897,0.22594774550592628,0.3381584555148847,0.14238584586289277,0.24871590239876076
validation,v3_28_content_yifan0330_stock-trader_stocktrader.py.txt,3,2,0.0002604645986409409,0.04903279491671859,0.2920486818594023,0.23941234618192853,0.2729966426459339,0.14624906979737573
validation,v3_2_content_polyphilz_pricing-weather-derivatives_clean_data.py.txt,3,3,5.329311579277044e-05,0.02270633933931624,0.1275572092042026,0.4054863503228615,0.09493680313853456,0.3492600048792923
validation,v3_2_content_yyqcs_time-series-model_encoder_decoder_fullv-1.py.txt,3,5,0.0034049272204454474,0.12222491944173602,0.2341073156489699,0.16274075283677203,0.21927091019216444,0.2582511746599122
validation,v3_3_content_rentseen_ARIMA-forecast_CAVMP.py.txt,3,4,0.14004343805553318,0.17048585865919352,0.11709498674237351,0.07302543829534783,0.25362199098767807,0.24572828725987403
validation,v3_47_content_Eric-Muthemba_investing_scrapper.py.txt,3,4,0.031944927521683486,0.1842688292490437,0.2371275569892713,0.06036225841857421,0.34708761321093684,0.13920881461049064
validation,v3_48_content_harishchellappa_Time-Series-Analysis-Bike-Sharing-Demand-Forecasting_forecasting_2.py.txt,3,1,0.003328438353634794,0.270027581933564,0.1594881882463343,0.14464618396622964,0.252219307029283,0.1702903004709543
validation,v3_9_content_MauTorresE_ARIMA-Forecasting-AutoSelectParams_ARIMA_model.py.txt,3,5,0.13078485185250732,0.18154815248651737,0.05320867833559906,0.18383462586643473,0.15859129177294487,0.29203239968599665
validation,v3_1_content_dedeco_dijkstra-bellman-ford_teste_lobo_djt.py.txt,3,1,0.0007721897463719843,0.28042284903364323,0.2522673242363361,0.2613904324275967,0.08123763680383032,0.12390956775222163
validation,v3_7_content_ardyerwanda_SDN-Bellman-Ford-Pyretic_routebellman.py.txt,3,3,8.976512211761693e-05,0.052452909429842105,0.1572708969974306,0.28232070436903783,0.2343180085299562,0.27354771555161556
validation,v3_7_content_ardyerwanda_SDN-Bellman-Ford-Pyretic_routing2cost.py.txt,3,3,3.879031842573566e-05,0.0035192839579642568,0.2798386683990888,0.3365935237670506,0.0798138477286086,0.30019588582886203
validation,v3_11_content_davedennis_DFS-and-BFS-Search_dfbf.py.txt,3,5,2.163424824589045e-08,0.017178296304022584,0.23104477725710998,0.25721285291623963,0.2129424718974686,0.28162157999091103
validation,v3_1_content_minar09_bfscore_python_evaluate_single_image.py.txt,3,3,0.0003140849616885439,0.15722830602749432,0.12355775828156726,0.2739934905736587,0.1848796164665967,0.2600267436889943
validation,v3_38_content_SamDaQueen_Algorithms-In-Python_Binary_Search_O_log2n_.py.txt,3,3,9.871737508769765e-07,0.02606066128192822,0.2423261048730669,0.2999851608922712,0.171800370279329,0.2598267154996538
validation,v3_43_content_odubno_ford-fulkerson-max-flow_test_max_flow.py.txt,3,2,6.407862424380155e-06,0.12658454159020438,0.2691248405554318,0.1849732662419693,0.21967585224852484,0.19963509150144526
validation,v3_51_content_rrraharja_Kecerdasan-Buatan-AI_Project_DFS.py.txt,3,3,0.0008893621594147606,0.03413747607552899,0.2127176619080988,0.3813770260476434,0.04161983947215138,0.3292586343371626
validation,v3_59_content_orzinger_8-Puzzle-game_World_State.py.txt,3,4,0.0005258617533464557,0.08845311147224252,0.22890554476152344,0.1364596870815331,0.2956405860707386,0.25001520886061573
validation,v3_10_content_circulosmeos_haveibeenpwned-binary_pwned-pass-binary-fast.py.txt,3,3,3.4174461752236687e-07,0.022182903684098084,0.3215396099207702,0.33169282655237536,0.214670880650546,0.10991343744759288
validation,v3_10_content_ivanbgd_Self-Balancing-Binary-Search-Trees_Test_BST_Iterative.py.txt,3,3,0.01154470325524379,0.21418055313373582,0.0774596688499818,0.3602073452605165,0.04766475220431793,0.28894297729620416
validation,v3_22_content_N8Brooks_lcs_hash_search_lcs_finder.py.txt,3,3,0.00039762295516952294,0.018231977994485702,0.23100252753552056,0.3160701309448015,0.148254822658604,0.2860429179114187
validation,v3_24_content_Patrik-Stas_kata-bst-tree_bst_ll.py.txt,3,3,0.02417629260454775,0.016035873719873108,0.16587690430956353,0.30280117913719085,0.18842377526272389,0.30268597496610095
validation,v3_3_content_6e726d_binaryninja-search___init__.py.txt,3,3,2.489813363192554e-05,0.20989795579106935,0.16949374454144836,0.3549560716628975,0.10482537241464292,0.16080195745630993
validation,v3_40_content_ajh1143_BinarySearchTreePractice_BST.py.txt,3,5,0.004054497077639964,0.09432313763707692,0.10922287209770565,0.2117767170712925,0.2638518862300341,0.3167708898862509
validation,v3_4_content_vieirinhaabr_balanced_binary_search_tree_tree_tester.py.txt,3,3,0.0004283950506521384,0.04431091230274339,0.0744324268157198,0.3750289570371081,0.1398940457086289,0.36590526308514754
validation,v3_54_content_pr1998_Student_Management_System_main.py.txt,3,1,0.14819538689186,0.26891706641046453,0.21951763240129202,0.06020947306340738,0.19290429823699157,0.11025614299598441
validation,v3_7_content_kristianespina_python-binary-search-tree_binary_search_tree.py.txt,3,2,0.10174931748724027,0.18898422481219132,0.28277736690839256,0.13556690905288202,0.18417781853179357,0.10674436320750033
validation,v3_10_content_shehand_Game_Graphics_using_Binary_Search_Tree_calc.py.txt,3,3,0.000520571678529559,0.15451416744194987,0.23313204403539492,0.292824992580764,0.1501900035828542,0.1688182206805075
validation,v3_18_content_HDShaw_Runaway-Reservation-System-BST-_AVL_tree.py.txt,3,2,0.05897066449479958,0.14325834492896747,0.357942916643126,0.04669688820859083,0.3285908584576348,0.06454032726688129
validation,v3_1_content_jdmcpeek_pretty-print-binary-tree_tree.py.txt,3,1,0.0012938315172020464,0.3002702066061958,0.18704334610204718,0.12171737519358909,0.2523501067704371,0.13732513381052877
validation,v3_20_content_kristianespina_python-binary-search-tree_binary_search_tree.py.txt,3,3,0.0001349457006060747,0.03044406444902555,0.2586907723397596,0.286593266463418,0.2384507961501974,0.18568615489699325
validation,v3_33_content_hexingwei_Binary-tree_tree.py.txt,3,2,0.001105131740384941,0.21012863424809153,0.2219708207759354,0.21340724644990958,0.21111525389409797,0.1422729128915806
validation,v3_3_content_WDI-SEA_python-binary-trees_twenty_questions.py.txt,3,1,0.003139310682806178,0.22977155791651102,0.1987372792755092,0.2174265624970833,0.14686483876932405,0.20406045085876623
validation,v3_4_content_fcunhaneto_py-binary-trees-draw_node.py.txt,3,3,7.215390527359289e-06,0.07092385850413044,0.294421548859929,0.30283250943450596,0.14796047285813838,0.1838543949527689
validation,v3_88_content_ilkayDevran_HEAP_and_BTS_Implementation_binarySearchTree.py.txt,3,1,0.0017673489613207432,0.29959644027848176,0.137779113460114,0.16031262207073077,0.23839195098394084,0.1621525242454119
validation,v3_23_content_mkhambat_Bubble-and-insertion-sort_sorting.py.txt,3,3,2.1788429976059706e-05,0.020593496075643918,0.2675131684391103,0.321032954844401,0.15838478155734445,0.2324538106535241
validation,v3_26_content_naviechan_sortingAlgorithmDemo_main.py.txt,3,3,0.002421682666879318,0.14600302728073028,0.16027451522696404,0.25496105057267193,0.19888526220043964,0.23745446205231482
validation,v3_29_content_zcogley_Bubble-Sort_bubble_sort.py.txt,3,3,0.002891204435464254,0.09819905156592396,0.21182589627104942,0.2881059919801935,0.1460550199921026,0.2529228357552664
validation,v3_30_content_thomasjedstrom_Bubble_Sort_Selection_Sort.py.txt,3,3,0.1730697189976253,0.018844886782090974,0.2368822332737308,0.2686347259252633,0.14088706602138268,0.161681368999907
validation,v3_31_content_atorulia_Some-kind-of-sort-algorithm_InsertionSort.py.txt,3,5,0.00014200771600915673,0.03974680989690459,0.16167346738434976,0.2617159192893351,0.19165215867223528,0.34506963704116606
validation,v3_31_content_Cadellinman_RB-EmailSorter_RedBubbleSorter.py.txt,3,2,1.2827783793222485e-05,0.11231480072356562,0.3122750391488516,0.15063247711216143,0.2689901219489429,0.15577473328268526
validation,v3_53_content_RefaelBeker7_Sorting-Algorithms-Python_ExampleSort_sixDifference.py.txt,3,2,0.00013852855958357112,0.03526490789603626,0.2987250772957922,0.25563127799578045,0.15114832098038053,0.25909188727242705
validation,v3_5_content_kheguy_bubbleSort_bubbleSort.py.txt,3,5,0.0002545641745964881,0.021842193255932375,0.2079269025353771,0.22453305477264393,0.27124285843626,0.27420042682519014
validation,v3_67_content_TadayoshiCarvajal_Sorting-in-Python_sortingAlgorithms.py.txt,3,3,0.00013606776254472043,0.1902764514020828,0.22291704693548342,0.25122899124132514,0.16837324727026895,0.16706819538829495
validation,v3_81_content_jvdwyer_Sorting_Sorts.py.txt,3,3,0.0006867833251128818,0.027976514395356724,0.260848374614787,0.3298461473157461,0.09527949039760857,0.28536268995138875
validation,v3_19_content_Shooobz_BigData-ProjectOne_mongoSandbox.py.txt,3,3,6.990442513337277e-05,0.014190115656779752,0.20878550061271806,0.3351903350072683,0.14045007777238563,0.30131406652571496
validation,v3_21_content_rahul494_Mental-Health-On-Twitter-Analysis_sorter.py.txt,3,3,3.5768032413887657e-06,0.011952120957315342,0.10463035950166498,0.3954633399355054,0.11274481970676284,0.37520578309551006
validation,v3_26_content_Emersonxuelinux_One_Big_Archive_VirtualPet.py.txt,3,2,0.022049594107011464,0.20046239398388382,0.3269694825308862,0.08486951938161615,0.21316875424669918,0.15248025574990323
validation,v3_30_content_sdws1983_The-big-data-OF-The-Plant-Cell_parse-abstract.py.txt,3,1,0.010572665209045509,0.3529188649977809,0.18803944385184798,0.09402358903869296,0.1266561329816465,0.22778930392098615
validation,v3_32_content_jtuckerk_oscar_prediction_imdb_data_create.py.txt,3,3,4.784570811632508e-07,0.05045639082192617,0.2690816709642007,0.28819233799113664,0.15931549727619781,0.23295362448945742
validation,v3_35_content_ankitsejwal_organize-folder_organize.py.txt,3,3,0.028362052228753952,0.032512167470724405,0.11348689305008812,0.38862961536702584,0.07981875848874874,0.35719051339465896
validation,v3_5_content_anguillanneuf_bigO_17_island_count.py.txt,3,5,0.0005893192286201662,0.11633219583486587,0.09166822322086339,0.2787575795361153,0.21383843500646266,0.29881424717307253
validation,v3_76_content_yingtaoluo_Latent-Factor-Model-with-JIT-CUDA-on-movielens_predict.py.txt,3,3,0.0016116868611654187,0.18750806211526572,0.18914421416785096,0.23121861681091868,0.21584769476219656,0.17466972528260258
validation,v3_80_content_hanas879_Payday-2-Big-Oil-Engine-Calculator_engineCalculator.py.txt,3,2,0.16271150826048783,0.12380721578558257,0.1971728450685238,0.16546990430656774,0.19641893947595554,0.15441958710288248
validation,v3_10_content_sushant097_Chatbot-using-Python-NLTK-_ChatBot.py.txt,3,2,0.00039367293438289844,0.1714729962249082,0.30067769035647507,0.27994297382509753,0.15173428924278026,0.0957783774163562
validation,v3_1_content_HarryBaker_LDAtopicSimilarity_modelTranslator.py.txt,3,4,0.011692280807838676,0.21455044976157917,0.12519420932130493,0.13845445595636174,0.2574449909498067,0.2526636132031086
validation,v3_1_content_HarryBaker_LDAtopicSimilarity_similaritySpike.py.txt,3,3,0.042955563453741824,0.1027115697563277,0.09170407293571572,0.37561868235584694,0.025498683221906415,0.3615114282764613
validation,v3_3_content_naiveHobo_TextRank_preprocessing.py.txt,3,5,0.00224769565190752,0.08026920943625829,0.22451619163163666,0.16115619721505958,0.20098161844926732,0.33082908761587054
validation,v3_14_content_bkdwei_kdDesktopAssistant_install_script.py.txt,3,2,1.2353933812841936e-05,0.09997168355330026,0.2811926599925775,0.2792657368570647,0.205408924368074,0.13414864129517073
validation,v3_18_content_theorisons_loto_analyse.py.txt,3,1,0.0004848268691685173,0.266030076925769,0.2548312670182487,0.08108313621259176,0.17984345291037696,0.21772724006384503
validation,v3_20_content_learn-co-students_applying-gradient-descent-lab-dc-ds-career-042219_linear_equations.py.txt,3,3,2.585167901871337e-07,0.046409422027097594,0.18109968938863455,0.308609890449583,0.2184054279371429,0.2454753116807518
validation,v3_52_content_jitunayak_Tensorflow-object-recognition-GUI-DesktopApp_face_crop.py.txt,3,3,1.4976152054823638e-05,0.09014834439422094,0.23653700172908235,0.3355079274643826,0.1635438688451879,0.1742478814150714
validation,v3_67_content_DrIanGregory_MachineLearning-LogisticRegressionWithGradientDescentOrNewton_mulitpleLinearRegression.py.txt,3,1,0.0006320572626961829,0.3511647718555044,0.16550382909184272,0.1423041556787287,0.16312793206466666,0.17726725404656138
validation,v3_86_content_Enkhai_simple-DES_permutations.py.txt,3,5,6.5678598798480105e-06,0.002673297849311732,0.232366653446234,0.25230561253523603,0.1953036855929897,0.3173441827163486
validation,v3_8_content_usmanali414_Destruction-Detection-in-Satellite-Imagery_segmentation.py.txt,3,2,0.006634039280187744,0.10134728235924685,0.3792149117078033,0.09034374600585865,0.27154638944846293,0.15091363119844037
validation,v3_13_content_tiendung1510_LearningPython_ucs.py.txt,3,5,0.00022466389422055484,0.09380117674369795,0.18665687269061837,0.24637250725810173,0.20806844731867805,0.26487633209468325
validation,v3_18_content_vikasgola_graph-search-algorithms_graph.py.txt,3,2,0.07629919616975682,0.23373968910762757,0.25627001114611525,0.2027979698388568,0.12488219565846359,0.10601093807917995
validation,v3_79_content_bewing03_DFS-Baseball_scrape.py.txt,3,0,0.3066405255440477,0.24057976352113222,0.06354790512504178,0.12834579732879037,0.15716061478393265,0.10372539369705519
validation,v3_7_content_GabrielBortolote_BFS-and-DFS-Tree_BFS.py.txt,3,3,1.3982079249352331e-05,0.029071139099429922,0.18092679664718905,0.30971687527472863,0.17449541906063257,0.3057757878387706
validation,v3_83_content_habibz2196_bfs-dan-dfs-_bfs_dan_dfs_kuda_skak.py.txt,3,5,0.0016425944910152298,0.005180169479712304,0.26442068657987383,0.2572924801269768,0.16197609336025956,0.3094879759621623
validation,v3_8_content_Omig12_dfs_delete.py.txt,3,5,0.0003711022606578188,0.061707034867849946,0.17345896103046374,0.24890589302098395,0.248031654743961,0.2675253540760835
validation,v3_12_content_michaelasper_Diffie-Hellman_diffie_hellman.py.txt,3,3,1.8984449416755088e-06,0.04594802028450215,0.19026474051872483,0.3016907086033072,0.1810119247151068,0.2810827074334173
validation,v3_13_content_alu0100821390_diffie-hellman_diffie-hellman.py.txt,3,3,3.9823880439569925e-05,0.06703998372187824,0.22656419377924017,0.34157948072307576,0.12708728012675788,0.23768923776860837
validation,v3_26_content_bahadircolak44_EllipticCurve_extEuclid.py.txt,3,4,0.008441017903018246,0.05720822294656327,0.25550059817762677,0.18724277172831055,0.2594101116374601,0.232197277607021
validation,v3_31_content_shreyas3336_Diffie-Hellman-KeyExchange_Seed_Generator.py.txt,3,2,2.7656157811071012e-05,0.23019217942343848,0.3002320224030052,0.26999853483415137,0.09961879083424971,0.09993081634734408
validation,v3_46_content_MrJmk_protocoles_crypto_Diffie-Hellman.py.txt,3,5,0.00016794413873482517,0.0346807939107554,0.1683703688864687,0.31280326946794507,0.13121158580390302,0.3527660377921931
validation,v3_6_content_picrin_DiffieHellmanChallenge_discreteLogEfficient.py.txt,3,3,0.0006291178238807647,0.020110628085419607,0.19377385356121013,0.3467284046871281,0.10749398199088207,0.3312640138514793
validation,v3_77_content_Zerox-1337_Simplified-OTR-Protocol_otr.py.txt,3,3,0.012284350335001148,0.12601866407222342,0.23821584987073952,0.33401598372438246,0.10327311912205601,0.18619203287559746
validation,v3_10_content_tjazerzen_a_star_algorithm_helper_functions.py.txt,3,2,9.890033713030671e-09,0.0020641126694588914,0.2767986341374579,0.22574054793144396,0.25224378713850565,0.24315290823309982
validation,v3_17_content_GGonzalezRojas_Tarea_1_MDR_Dijkstra_dijkstra_v1.py.txt,3,2,0.0003728286413431345,0.08571068351735343,0.31597625899050413,0.2251204886158667,0.07558139141790837,0.29723834881702427
validation,v3_32_content_ceyzaguirre4_AStar_A.py.txt,3,1,0.0003075066831035011,0.316856343537383,0.11483489129108129,0.20470182342902776,0.15454416571538346,0.20875526934402086
validation,v3_39_content_hamidaucc_Link-state-protocol-in-python_Test.py.txt,3,0,0.3820754754569033,0.22739112644678583,0.0063261211975994824,0.17074607735594607,0.008075271684550836,0.20538592785821447
validation,v3_53_content_KaiFly_Xemina2_DijkstraSP_GraphDrawing.py.txt,3,3,0.08480715553653619,0.18084971653096235,0.0944340512091841,0.2811985938821989,0.18305578652735854,0.1756546963137599
validation,v3_88_content_NoFishLikeIan_Dijkstra_currency_currency_api.py.txt,3,3,0.0002324200128933413,0.022466779297418235,0.22880047466838335,0.2847193575382818,0.22685724893437548,0.23692371954864785
validation,v3_11_content_tatsuyoshi-ikenoue_fizzbuzz_fizzbuzz.py.txt,3,1,0.31822024779543,0.3346886063868168,0.037176176056756174,0.08208796017043489,0.16471437292930097,0.06311263666126113
validation,v3_17_content_bhushankorpe_Fizz_Buzz_Fibonacci_Fizz_Buzz_Fibonacci.py.txt,3,1,0.00014608887732522966,0.23147966682481932,0.14239009238903289,0.21570376108760078,0.19194352457720587,0.21833686624401585
validation,v3_20_content_IbrahimAyed_Multifractal-analysis-of-natural-images_texture_synthesis.py.txt,3,4,0.0002922034725492391,0.06799276461069462,0.17870571579628514,0.2785822999186563,0.2795504019655897,0.1948766142362251
validation,v3_2_content_johnrobyclayton_division-project_plot.py.txt,3,5,0.00017978186025482615,0.0712375924941386,0.23586238244332672,0.26922668578956505,0.14082556240941574,0.2826679950032991
validation,v3_3_content_victornguyen75_x-factor_source.py.txt,3,5,0.0010732766838767946,0.0880530264446189,0.152376291667123,0.21424679875372898,0.21883650050742998,0.3254141059432223
validation,v3_4_content_captainACE_python-ADVANCEMATH-lib_lineq.py.txt,3,5,3.0002804807784152e-05,0.018188853040029002,0.14398238897684573,0.3659965825331091,0.10515401312622775,0.36664815951898055
validation,v3_5_content_AdamJacoby_Hopf_Algebra_Tools.py.txt,3,2,0.002205572558481491,0.09898864483296069,0.3080063624702246,0.25905314448319755,0.23988203661576452,0.09186423903937127
validation,v3_5_content_AdamJacoby_Hopf_Frobenius_Tools.py.txt,3,5,0.0009136505604733939,0.1274949681460642,0.22371991530823843,0.18749954238472244,0.21707536539653513,0.2432965582039664
validation,v3_5_content_AdamJacoby_Hopf_HopfConstructions.py.txt,3,3,0.0031713935318192863,0.04131493132137033,0.2685616080451177,0.31535452810710735,0.22871939608420724,0.14287814291037812
validation,v3_5_content_DvorakSimon_divisibility_DivisionBySeven.py.txt,3,3,9.262083427556678e-08,0.009048841788298526,0.24953264925387852,0.255198598769813,0.2430131454481551,0.2432066721190205
validation,v3_6_content_seonkyuKim_DFA_DFA.py.txt,3,2,0.0010463716949007757,0.011124387772158332,0.3251207744195572,0.30587295117626545,0.16492258453894,0.19191293039817814
validation,v3_6_content_sockster_metroCard_metroCard.py.txt,3,4,5.962771546980504e-07,0.04568902586864066,0.19364876141390053,0.2312584137272648,0.27210111137620246,0.2573020913368368
validation,v3_8_content_KreandOStudio_FizzBuzz_fizzbuzz.py.txt,3,2,0.0009253577636061632,0.18423614530831295,0.25020248447111715,0.15949491797599186,0.19569563401530132,0.20944546046567059
validation,v3_13_content_limqiying_crypto_final_project_DH-test.py.txt,3,3,7.662483829868977e-06,0.09825125896241636,0.2074836718354668,0.33395767354161615,0.07901588825339098,0.28128384492327985
validation,v3_16_content_SemyonMakhaev_elliptic-curve_main.py.txt,3,3,0.00028441004501450647,0.051198261082003135,0.23010602774857875,0.3256920710156952,0.11152480240260197,0.28119442770610636
validation,v3_17_content_achusat_Elliptic_Curve_Cryptography_ecc.py.txt,3,3,0.0007683102587865569,0.0960792081093799,0.16684029002036763,0.34106045844533645,0.1312010429126837,0.26405069025344585
validation,v3_20_content_UAvinash7_Cryptography_AsymmetricRSAAlgorithm.py.txt,3,5,1.187717750851086e-05,0.03767550639476919,0.20066461362376625,0.2217727656012786,0.23053113359340718,0.3093441036092702
validation,v3_11_content_harishchellappa_Time-Series-Analysis-Bike-Sharing-Demand-Forecasting_forecasting_2.py.txt,3,2,2.2150231157288618e-06,0.19109776518342741,0.2402249661491678,0.15067453697150598,0.2264740934607462,0.19152642321203675
validation,v3_4_content_moduloone_QualtricsFactorialVignettes_questiongen.py.txt,3,4,0.00010342545185444246,0.19714946945082057,0.3010557443997656,0.07437306947904973,0.32724314077788663,0.10007515044062301
validation,v3_84_content_rev1z_async_factorial_webapp_logic.py.txt,3,3,0.006520887194509718,0.10594216560891782,0.13568724211375968,0.34979085440475555,0.1482932970673862,0.253765553610671
validation,v3_8_content_amit0-git_simple-python-program_English-alphabets.py.txt,3,0,0.2978407015830858,0.06701622961737982,0.09704912676737672,0.283186102495963,0.09020177366982339,0.16470606586637135
validation,v3_8_content_jcwyatt_factorial_factorial.py.txt,3,5,0.00015187500020700248,0.0062440752886931345,0.15814008144962813,0.2790119996973031,0.2355581842212937,0.32089378434287485
validation,v3_97_content_mjurk456_mini-snakes_pesel.py.txt,3,3,0.16315082941894674,0.05566000359715889,0.18587992994632843,0.2832812582242588,0.0749761322372922,0.23705184657601502
validation,v3_9_content_ankur-anand_Factorial-Algorithm_fact_12_unittest.py.txt,3,5,0.006724002701068328,0.033697174005913814,0.08592669075290241,0.2283816588117843,0.2528887744025964,0.39238169932573475
validation,v3_44_content_nathanthomashoang_fibonacci-sequence-recursive_fibonacci_recursive.py.txt,3,3,0.0001428989558808719,0.06796648320757105,0.1723660482330356,0.3353430833886349,0.12142086967233688,0.3027606165425407
validation,v3_51_content_UnPolinomio_fibonacci-number_numbers.py.txt,3,3,5.094534497110654e-05,0.006094395118391268,0.1832121435079735,0.3170077847005289,0.17847237000214183,0.31516236132599335
validation,v3_67_content_GilbyScarChest_Fibonacci_API_app.py.txt,3,4,3.5536985570640765e-05,0.04705912784722084,0.24447006573380523,0.17293403438815094,0.2751094197360173,0.26039181530923494
validation,v3_8_content_lucasmullerm_turing-machine-fibonacci_tm.py.txt,3,1,3.6383837476789598e-06,0.3478886356550366,0.23284386229130247,0.13621845460592702,0.1168311457372704,0.16621426332671585
validation,v3_99_content_MatheusMuriel_ProgramacaoDinamica_Plotador.py.txt,3,4,3.988680894901924e-05,0.13073333585032246,0.09794378772191023,0.12178729140561097,0.3484221675184194,0.3010735306947879
validation,v3_13_content_AtahanCelebi_En-K-sa-Yol_map_distance.py.txt,3,5,0.012806458239240906,0.030401307446921717,0.23921024049254486,0.2456430104285166,0.15224821711588044,0.31969076627689547
validation,v3_17_content_kanavkhanna_Application-Software_Software_Application.py.txt,3,3,0.00027960772868741425,0.035046501360301,0.3799486984099396,0.399233857129712,0.062375727255844726,0.12311560811551517
validation,v3_1_content_smbanaie_floyd-warshall-python_Main.py.txt,3,2,9.039448187021216e-05,0.16286725621884418,0.262986524885216,0.14878477456180247,0.23867922678533587,0.1865918230669314
validation,v3_3_content_hamedomidvar_GPU_FloydWarshall_FW_Rev0.1.py.txt,3,5,1.5911818469798488e-05,0.023002201595962994,0.21526289095932144,0.2744372528389738,0.18050506182342205,0.30677668096384975
validation,v3_4_content_mmcniece_tiled_floyd_warshall_tiled_FW.py.txt,3,5,0.0020752492365954758,0.19086752752236194,0.16563435798188073,0.21305802723540315,0.20725621296152685,0.22110862506223175
validation,v3_8_content_JanFeys_Floyd-Warshall-All-Pairs-Shortest-Path_FloydWarshallAPSP.py.txt,3,3,0.00018483873045986333,0.016995515367495335,0.1735469098194992,0.3079098587741745,0.23273372522172686,0.2686291520866443
validation,v3_18_content_Saychakr13_CLUSTERING_MODELS_hc.py.txt,3,5,0.0011266849144681015,0.2179377854647139,0.22894011379080428,0.2207133695536712,0.0858779125521809,0.2454041337241617
validation,v3_25_content_83Shashi_Hierarchical-Clustering_hierarchicalclustering.py.txt,3,5,0.0015470776076884059,0.22095262191586815,0.23761664645259595,0.21390743489671996,0.08793057914488984,0.2380456399822376
validation,v3_2_content_zalayo_Hierarchical-Linkage-Regression_HLRtest.py.txt,3,5,9.794533130904808e-05,0.04744074793155713,0.14947572806856185,0.31960136666413425,0.14742542180846674,0.335958790195971
validation,v3_4_content_wazzaarvind_Clustering-Algorithms_reducer.py.txt,3,2,0.00019017678454194675,0.025111783361513613,0.342934330275414,0.08753434985583973,0.3082180836931148,0.2360112760295759
validation,v3_55_content_taksug229_Python-hierarchical-clustering_Working_Data_Hierarchical_Clustering.py.txt,3,1,0.03198570586629194,0.2567957013331757,0.2351942798378785,0.1842883705132131,0.04776790607301677,0.24396803637642409
validation,v3_18_content_NegarMirgati_CodingAndErrorDetection_All.py.txt,3,2,6.110834379268435e-06,0.013559426855457843,0.3648817129168103,0.3139422070443357,0.11084537798247444,0.1967651643665426
validation,v3_22_content_Raxev_datastructures3_huffElement.py.txt,3,3,5.222543622561093e-05,0.01616305291459903,0.2985389756165494,0.3449418200182208,0.13132781682290245,0.20897610919150247
validation,v3_10_content_poku18_CE_III_06_Lab2_lab2.py.txt,3,5,0.0013301444294248196,0.02011569124373004,0.15439689209186075,0.26477049114805196,0.20111746572905287,0.35826931535787965
validation,v3_18_content_o-az_Insertion-vs-Merge_MergeSort.py.txt,3,3,0.0017527214378147654,0.21383497590989126,0.12188942519519372,0.2932613664474794,0.10858172153684587,0.2606797894727751
validation,v3_1_content_abx67_Algorithms_mergesort.py.txt,3,1,0.024976768012734317,0.40605716262843494,0.2103257571042077,0.11981928752493338,0.12633588626793937,0.1124851384617503
validation,v3_23_content_ryanarnouk_BinaryInsertionSort_index.py.txt,3,5,0.021734331947843303,0.022441185392904323,0.2185966429102458,0.14684573543789298,0.19697196274080214,0.39341014157031146
validation,v3_30_content_rogerdenisvieira_bidirectional-conditional-insertion-sort_main.py.txt,3,5,0.0003792432464916972,0.02204498570978732,0.2616323522483836,0.2551821313904783,0.14491864853451664,0.3158426388703424
validation,v3_33_content_Howellp80_Algorithms---Merge-Sort-vs-Insertion-Sort_hw1.py.txt,3,5,2.519475750058935e-05,0.13877868140426192,0.1353832994973568,0.23084971884000316,0.21571479325773704,0.2792483122431405
validation,v3_50_content_shre007_Implementation-and-comparison-of-sorting-algorithms_merge.py.txt,3,1,8.242015160867786e-05,0.2970982602919195,0.20756498464744438,0.15018794313645184,0.21997815742671123,0.12508823434586414
validation,v3_20_content_Cassar88226_Clustering_of_Articles_corpus.py.txt,3,3,0.001382680097614384,0.03209446290259424,0.2871717471864829,0.3476952809254495,0.08834557977993139,0.24331024910792745
validation,v3_3_content_jamer5_K-Means-Clustering_k-means-clustering-without-scikit-example-1.py.txt,3,3,0.0003102744805673402,0.11978835264755476,0.19306265882689094,0.27913420813332535,0.13667797391302017,0.27102653199864146
validation,v3_41_content_akshay-gupta7_kmeans-using-mapreduce_k_means_reducer.py.txt,3,4,2.2856655833917612e-05,0.044701727834498335,0.2520624802145331,0.21985117113457614,0.2977720334278801,0.1855897307326784
validation,v3_42_content_aryanshar_TextMining_magboard.py.txt,3,5,0.0019176675985195534,0.1532253127431477,0.19591572895801163,0.16760273313789295,0.1549489448004721,0.326389612761956
validation,v3_54_content_wenlin-koh_K-Means-Clustering---python_kmeans.py.txt,3,3,1.1087813105200316e-05,0.03900475779612397,0.20557878222134077,0.365393511304091,0.11415647215976849,0.2758553887055705
validation,v3_21_content_abhishekmsharma_ai-knn-kmeans-crawler-python_job_search_environment.py.txt,3,5,0.0001973895836556059,0.09111843897448797,0.22851781726406517,0.23990382980254724,0.14140694710520627,0.29885557727003786
validation,v3_23_content_changchanglccc_kNN_test.py.txt,3,3,1.6810895660168038e-05,0.22310650482771205,0.16946606142046694,0.2741409075971807,0.10501889821593573,0.22825081704304437
validation,v3_29_content_vtheno_kNN_one_line.py.txt,3,3,0.0010946458571900134,0.06395153139409922,0.1766587009208041,0.31389241429675885,0.15483586754458034,0.2895668399865675
validation,v3_30_content_manojrameshrao_machine-learning-iris_iris_web3.py.txt,3,3,0.0015357138000264697,0.1322227508927912,0.06809834105396625,0.28172086497725446,0.2553512466706153,0.26107108260534645
validation,v3_38_content_juandes_knnbot-messenger-bot_distance.py.txt,3,3,0.005743901723237264,0.20675738816834022,0.08024411873178162,0.4098691216626126,0.062477888816187016,0.23490758089784128
validation,v3_8_content_jasminegrewal_Naive-Bayes-KNN-Logistic-Regression_2b_gnb.py.txt,3,4,8.619997253191901e-06,0.027918235415707413,0.15027701285151324,0.26876458926517766,0.28323957726601007,0.2697919652043385
validation,v3_7_content_usbogie_MSTcreator_Node.py.txt,3,3,0.00606602126857554,0.0853548082131241,0.15010810561830187,0.37876975530405355,0.11465555558700587,0.2650457540089391
validation,v3_10_content_mahimagupta_NLP-Research-Project-_supervisedLearner.py.txt,3,3,0.002839975868666461,0.12368702218717331,0.2511247888468699,0.3097698726323386,0.0960195080911649,0.2165588323737868
validation,v3_12_content_romanorac_elastic_localized_search_controller_elastic.py.txt,3,4,0.002651450044873939,0.25275354801033995,0.2060165009308577,0.13294758844297452,0.26950072489225274,0.13613018767870105
validation,v3_16_content_davda54_pytorch-transformer-lemmatization_lr_decay.py.txt,3,3,0.0010132580004140435,0.14764385637549593,0.19348223646666185,0.33170338148671263,0.16555821935564222,0.16059904831507335
validation,v3_16_content_davda54_pytorch-transformer-lemmatization_predict.py.txt,3,3,0.0033285579030552116,0.05544901105270346,0.2118003760331321,0.30909076220776566,0.1414766974396011,0.27885459536374263
validation,v3_1_content_akoksal_Turkish-Lemmatizer_lemmatizer.py.txt,3,2,0.00013512285865888032,0.19500084933450745,0.2747605765506465,0.22847696779933943,0.1926067571412787,0.1090197263155691
validation,v3_25_content_aajanki_finnish-pos-accuracy_datasets.py.txt,3,1,0.00030502503998996934,0.37030960106396055,0.13681353801308896,0.2135225820623876,0.19013755313882685,0.088911700681746
validation,v3_26_content_Nofenigma_lt_lemma_prefixes_check_lt_prefixed_lemmas.py.txt,3,3,0.000807113210416385,0.15572976417064532,0.21335079348192146,0.2907467020556945,0.14354553752286228,0.19582008955846006
validation,v3_11_content_sichen-x_search-engine_test_htable.py.txt,3,2,0.00020685296609432497,0.015289351499953408,0.38178561971894565,0.1333344083565744,0.25943288824505656,0.20995087921337577
validation,v3_11_content_sichen-x_search-engine_words.py.txt,3,1,8.116350076775453e-05,0.292651678868025,0.2047535610438388,0.16264053312503074,0.15442745794447865,0.18544560551785907
validation,v3_1_content_Chunning-Zhou_MILPBasedSearchAlgorithmDiff_model.py.txt,3,3,0.008975062672275139,0.07816556521250564,0.16530148064816078,0.293941280009383,0.1738925655385557,0.2797240459191198
validation,v3_1_content_Chunning-Zhou_MILPBasedSearchAlgorithmDiff_parameter.py.txt,3,3,1.059645165617773e-05,0.01471325161054341,0.2062923856453781,0.31154891749798247,0.1946008137775871,0.2728340350168527
validation,v3_33_content_chafiknaceri_Credit-Card-Debt_BisectionSearchPayement.py.txt,3,3,2.433394531702725e-06,0.010836057458546194,0.1851851069573293,0.31744629237938876,0.2115968852127012,0.27493322459750286
validation,v3_33_content_chafiknaceri_Credit-Card-Debt_DebtLeft.py.txt,3,3,8.290035276736297e-07,0.016175075773748857,0.276828198931366,0.324914655556291,0.12707627312461828,0.2550049676104481
validation,v3_36_content_akaif95_U.S-Currency-Patterns_us_currency_regex.py.txt,3,5,0.0005790908992913007,0.18067571196392349,0.11179673267902265,0.18345343691450625,0.2294595592341719,0.2940354683090844
validation,v3_4_content_BenCashman_Linear-Search_linear_search.py.txt,3,4,0.00037719970349483025,0.09210999644492895,0.1962160277546273,0.2294397695329574,0.24586251634546005,0.23599449021853156
validation,v3_13_content_ToonBlok_LinkedList_test_pylinkedlist.py.txt,3,0,0.4043859053741745,0.09621542653687229,0.1905924862904192,0.1909256881728219,0.08295744915603386,0.034923044469678234
validation,v3_15_content_udwivedi394_LinkedList_convertBT2LL.py.txt,3,5,0.0006404227566128457,0.09052517838744506,0.22421772739957446,0.19943473725624963,0.2135567028934389,0.27162523130667904
validation,v3_42_content_TechnoMonoCo_Python-Doubly-Linked-List_LL.py.txt,3,4,0.0033162480351123466,0.025345854230348713,0.22738203888430253,0.24445162364264178,0.257543224832058,0.24196101037553666
validation,v3_7_content_mharsha315_Python---Hangman_Hangman.py.txt,3,1,0.005776913350813955,0.33235104462498066,0.16452915335931145,0.10374708323635154,0.2076285104895838,0.18596729493895856
validation,v3_11_content_ayushkumarshah_Dynamic-Programming-MCM-and-LCS_matmul.py.txt,3,2,6.150347836087023e-05,0.016381039564031228,0.3066757164420163,0.22017275272623513,0.22229219021848498,0.23441679757087158
validation,v3_13_content_trsavi_Largest-Common-Sequence_subSequence.py.txt,3,2,0.0011903461008627581,0.0006287585195303136,0.3247015537733896,0.23755776911062745,0.1900362684087828,0.245885304086807
validation,v3_15_content_VakinduPhilliam_Pattern_Matching_Python_Difflib_Pattern_Matching_CL_Interface.py.txt,3,3,5.6547895420079384e-05,0.0013743163942820465,0.2923615847204936,0.29884504843772763,0.13152102308027017,0.27584147947180654
validation,v3_15_content_VakinduPhilliam_Pattern_Matching_Python_Difflib_Pattern_Matching_SequenceMatcher.py.txt,3,5,9.58326958338286e-07,0.020211466292976682,0.22831019145351905,0.282333690019091,0.15783005245236875,0.3113136414550862
validation,v3_15_content_VakinduPhilliam_Pattern_Matching_Python_Fnmatch_Translate.py.txt,3,5,4.596715829612858e-05,0.023794128583943527,0.1613329968818517,0.34378619079720935,0.04406967904988593,0.42697103752881344
validation,v3_1_content_susheelsagar_LCSS_test.py.txt,3,3,0.003441050039636789,0.03133153974264573,0.2557420220129943,0.2696692554922816,0.1941616750786775,0.2456544576337639
validation,v3_3_content_jzwei023_LongestCommonSubsequence_lcs.py.txt,3,2,0.004842270520568768,0.029009754334141182,0.38698407470343305,0.24031821635170986,0.19851178001990297,0.14033390407024418
validation,v3_6_content_greed2411_LCS_main.py.txt,3,3,8.441116390522144e-05,0.1573364551473656,0.22199483715907253,0.2726494803701862,0.18773103560881832,0.16020378055065215
validation,v3_6_content_singh-sidharth_Longest-Common-Subsequence_LCS.py.txt,3,2,0.0014360775646390966,0.04216918500625371,0.34533136062135206,0.2619070408151637,0.15226830106616643,0.19688803492642515
validation,v3_7_content_kanthagirish-rit_lcs-project_memoization.py.txt,3,4,4.465635597388009e-06,0.035041054395734746,0.18517208340358438,0.1780442634401072,0.312006192007656,0.2897319411173202
validation,v3_13_content_ShankyTiwari_Naive-Bayes-Classifier-using-python_naive_bayes_supermall.py.txt,3,3,2.5540705899054534e-05,0.021296632650689814,0.2129871597215893,0.3320343553710665,0.1539384717424863,0.279717839808269
validation,v3_14_content_rajat1401_NaiveBayes_scratch_2016260_ques1a.py.txt,3,3,1.8520489461161972e-06,0.00836785826836754,0.10075956192763917,0.45444130972860775,0.05009020633924842,0.386339211687191
validation,v3_29_content_barshaison_Naive_Bayes_Classifier_Prog.py.txt,3,2,0.00015353759297517328,0.20240135459143255,0.238926138439124,0.18978166072168137,0.131764813034131,0.23697249562065598
validation,v3_2_content_aspremon_NaiveFeatureSelection_DemoNFS.py.txt,3,2,0.0004794010162783243,0.17141850907067258,0.25900772092525365,0.18056947021764294,0.1888736186722953,0.1996512800978573
validation,v3_37_content_saurabhzingade_Naive-Bayes-Basic_naive.py.txt,3,0,0.3333089522589927,0.18455933603320548,0.10613135731457615,0.17838070328486583,0.11662738198652085,0.08099226912183921
validation,v3_5_content_adityadas8888_Naive-Bayes_naive_bayes.py.txt,3,4,0.0003854949460103397,0.10154718868380502,0.055361809994358135,0.24969845680265024,0.30708411992925855,0.28592292964391774
validation,v3_7_content_pherde_naive_bayes_spam_classifier.py.txt,3,5,0.14098824100298518,0.10198120044127237,0.11931851885954393,0.22733072114031166,0.12061671910747977,0.289764599448407
validation,v3_80_content_cgeopapa_NaiveBayesClassifier-ham-spam-mail_Bayes.py.txt,3,3,0.0022869845153041645,0.0805950603769097,0.2537213786461335,0.3228803466636605,0.10011220474167574,0.24040402505631642
validation,v3_95_content_ravularohit_sms-spam-detection_spam_detection.py.txt,3,1,0.002560306918490419,0.33675448479174624,0.16858749247632326,0.04713397711203143,0.18599265000305326,0.2589710886983553
validation,v3_11_content_OlgaCobaquil_One-Time-Pad_onetimepad.py.txt,3,5,0.01105647709270606,0.1562227434387845,0.18539654117865606,0.22906373237375216,0.16043776108892244,0.25782274482717876
validation,v3_13_content_notpresident35_one-time-pad-machine_STILL_More_Testing.py.txt,3,3,0.004688366646684531,0.22233112610413075,0.18794251573722326,0.2321532254501773,0.21252467828719834,0.14036008777458564
validation,v3_16_content_rachwong_One-time-pad-code-_Word_guesser_2_.py.txt,3,5,0.01770761302109181,0.18781584617641772,0.2285204669034946,0.03953991977979283,0.23076536830682087,0.295650785812382
validation,v3_17_content_blackhawk42_OTP-python_otp.py.txt,3,3,0.011931590974677657,0.08273334312969653,0.18968893748963347,0.34858743195411723,0.1332355902688622,0.23382310618301289
validation,v3_17_content_jb0xx_decrypt-onetimepad_onetimepad.py.txt,3,3,0.00031891833358128175,0.1661649423502048,0.07436018032193197,0.26650861070157994,0.23669624327473973,0.25595110501796237
validation,v3_18_content_jzpero_enigma_main.py.txt,3,4,0.01047449981854201,0.16926199159982494,0.1970709518585929,0.15701638885654995,0.32281105271791916,0.14336511514857106
validation,v3_31_content_tobymyers_codingthematrix_The_Function_problems.py.txt,3,5,0.19897165792835186,0.07563087701757211,0.13662722176016895,0.08118346577839562,0.18804335210760081,0.3195434254079108
validation,v3_7_content_anderspkd_broken-one-time-pad_somecode.py.txt,3,3,7.607219447729402e-05,0.20745893010240823,0.1659032535276613,0.26076791556143386,0.14114060561308384,0.22465322300093532
validation,v3_1_content_firmai_ffood_._setup.py.txt,3,5,0.01583883345252392,0.1017397799142061,0.09181514894664788,0.28502158305856035,0.09647340787799075,0.40911124675007104
validation,v3_4_content_mrimahajan_advanced_analysis_package_variable_reduction.py.txt,3,4,0.00046833095604958014,0.11127797698174798,0.21770479749377153,0.1371527840383044,0.28355816593951033,0.24983794459061623
validation,v3_5_content_harshdarji22_crypto_index.py.txt,3,1,0.01244546835926605,0.5052752137642178,0.10765209770958017,0.05093822277021458,0.24787694785581915,0.0758120495409022
validation,v3_1_content_lucaspauker_factor-perfect-numbers_Factors_Perfect_Number.py.txt,3,5,1.1983719768250152e-05,0.15563161512931623,0.2469281159387752,0.1687101257070169,0.1538211443112562,0.27489701519386717
validation,v3_2_content_imset_Perfect-Numbers_perfNum.py.txt,3,3,0.0011358623040255368,0.09130408417707302,0.25767349845661336,0.2881094809689482,0.148563670379068,0.213213403714272
validation,v3_3_content_iykadev_pyalgo_3plus1.py.txt,3,3,2.1071158705442084e-06,0.02689328166544012,0.2711298950707614,0.2866402933663709,0.15762446239113045,0.25770996039042654
validation,v3_3_content_iykadev_pyalgo_binaryTree2.py.txt,3,5,0.04011862564224155,0.006813704939872109,0.18064894377827653,0.2814902132006527,0.17960362112791833,0.31132489131103863
validation,v3_3_content_iykadev_pyalgo_dragon_curve.py.txt,3,3,2.506330511689548e-05,0.026576515049256757,0.15459992634567382,0.312320541644276,0.20534151643932572,0.30113643721635075
validation,v3_3_content_iykadev_pyalgo_e_number.py.txt,3,3,0.003869002412776888,0.03297443468185135,0.13733316263270703,0.42331476139546526,0.05816642803908544,0.3443422108381141
validation,v3_3_content_iykadev_pyalgo_hopcroftkarp.py.txt,3,4,0.0036775058953456255,0.10363899087447698,0.2859087933777523,0.13174547208164283,0.3072283071071575,0.1678009306636247
validation,v3_3_content_iykadev_pyalgo_perfect_numbers.py.txt,3,5,5.120084241670619e-07,0.024510392611510137,0.12373349935993794,0.33907237435397297,0.15651388270056957,0.35616933896558534
validation,v3_5_content_nmcglohon_sequence-squares_calculate_sequence.py.txt,3,3,0.001883177314120079,0.18212830126482696,0.16153002154786303,0.25308754455301535,0.16826724500844276,0.2331037103117318
validation,v3_12_content_MarynaTatsevich_Machine-Learning-Regression-Techniques_Random_Forest_Regression.py.txt,3,5,0.0002575413972157673,0.05824780023551276,0.24610766223962854,0.21911182521183875,0.20768992571870612,0.26858524519709814
validation,v3_2_content_athul-dev_regression-models_multivariate-linear-regression.py.txt,3,5,7.751453452202235e-05,0.01855156572145602,0.07995238426217131,0.30799394540336655,0.2529607006677993,0.34046388941068484
validation,v3_53_content_iamrj846_Predicting-insurance-prices-with-Linear-Regression_MultipleLinearRegressionModel.py.txt,3,4,2.384175084902484e-05,0.14234028544919097,0.2160805583910642,0.07964715064113774,0.29269776546693577,0.26921039830082233
validation,v3_64_content_LudweNyobo88_Polynomial-Regression_polynomial-regression.py.txt,3,5,0.003930838566403943,0.15701466782691478,0.1981107911615262,0.15109000361876565,0.23189072478627273,0.25796297404011675
validation,v3_6_content_metintorunoglu_Polynomial-Linear-Regression_4_Polynomial_Regression.py.txt,3,2,0.0023136800695464765,0.10001424398973914,0.315459902505382,0.2796372314838294,0.06945271112317696,0.23312223082832595
validation,v3_73_content_MachineLearning-Nerd_Multiple-Polynomial-Regression_mllsklearn.py.txt,3,3,1.0152647950961303e-05,0.19528659880401983,0.2321944869433025,0.3030573596949515,0.2373112677992198,0.032140134110555475
validation,v3_76_content_cakmakaf_Polynomial_Regression_for_Random_Dataset_Polynomial_Regression.py.txt,3,3,0.0006295422721593739,0.058488958076519465,0.2805784069583092,0.315368331993857,0.19010198611741003,0.15483277458174502
validation,v3_92_content_TheCodingRecruiter_Polynomial-Regression-for-Position-Salaries-Machine-Learning-Model_Polynomial_Regression_for_Position_Salaries_Machine_Learning_Model.py.txt,3,2,0.009712990184117724,0.0706439522665605,0.261411048395113,0.21793117691719205,0.20704122313409717,0.2332596091029195
validation,v3_18_content_zach010_PrimeOptimus_Prime.py.txt,3,4,0.10352413503897864,0.09611177747245743,0.13615053396183485,0.1460344071820331,0.35056353169260324,0.16761561465209268
validation,v3_22_content_ahmedheakl_Get-prime-Numbers_Get_Prime_Numbers.py.txt,3,3,0.0006588629989029794,0.02138933782692159,0.2284979170266426,0.45115129600090836,0.12310152092343281,0.1752010652231916
validation,v3_23_content_cjonsmith_prime_calc_prime_days.py.txt,3,3,0.04734725276733937,0.07798069746549184,0.2040288876446798,0.29557084088891705,0.1265420441228518,0.24853027711072032
validation,v3_23_content_wliabc_Prime-numbers_prime.py.txt,3,4,0.0001590493572626017,0.23244385943521276,0.1878569627331542,0.06280137014117873,0.29131106739391593,0.22542769093927598
validation,v3_24_content_jakubfolta_PrimeNumber_Prime.py.txt,3,1,4.20201087829282e-05,0.3423335736202568,0.14542122590590068,0.07443399002373487,0.27926338303473736,0.1585058073065874
validation,v3_25_content_diXime_PrimaryNumbers_utx.py.txt,3,4,0.0031910800703475193,0.14814463279073561,0.2772535925486128,0.0958424712198756,0.3068538037601372,0.1687144196102914
validation,v3_37_content_coertquinton_number_sequences_start.py.txt,3,3,2.0525011531388224e-06,0.0020542900927969523,0.2535895522797297,0.3383590932631059,0.20360147209013013,0.20239353977308408
validation,v3_8_content_lesscake_prime-numbers-eratosthenes_naive.py.txt,3,3,8.462238617724672e-05,0.07911986483419638,0.21744082148147206,0.253517902828336,0.21030874559547788,0.23952804287434049
validation,v3_5_content_abcsds_Prim_exampleL.py.txt,3,3,0.00024113303037881007,0.05123194184512114,0.28032779132981,0.3197339796339553,0.09451231409613844,0.25395284006459623
validation,v3_6_content_usbogie_MSTcreator_Node.py.txt,3,3,0.0001263600755418525,0.10886108733279183,0.177594333297203,0.27775658856836294,0.2292295695179752,0.20643206120812518
validation,v3_6_content_usbogie_MSTcreator_Prims.py.txt,3,2,1.8127487086843157e-05,0.14494703667741984,0.2785311092114155,0.1831025087673788,0.2768505329987535,0.11655068485794567
validation,v3_7_content_MadalinaMircea_GraphAlgorithms_UI.py.txt,3,3,2.602281063213118e-06,0.046273331258603514,0.2508956905920687,0.2661990357469147,0.2172249641901278,0.21940437593122192
validation,v3_23_content_ymohanty_data-analysis_classifiers.py.txt,3,5,5.7337435827087734e-05,0.14865669079760452,0.2061686816127438,0.21328724405170071,0.19230871029544408,0.2395213358066798
validation,v3_36_content_arpan-ghosh_python-data-algorithms_LinearRelationshipFit.py.txt,3,3,9.456118122135394e-05,0.051768378071996766,0.23869243949045704,0.3313150873818996,0.07476974387557103,0.3033597899988542
validation,v3_3_content_HelloJahid_PCA-Principal-Component-Analysis-_PCA_with_Iris_datsets.py.txt,3,2,2.0275071418376592e-05,0.26653230649791654,0.27846890925721196,0.18251707051313715,0.14567975526062493,0.126781683399691
validation,v3_41_content_bhavaniprasad73_Principal-Component-Analysis_PCA.py.txt,3,5,0.001097663455232361,0.005229867177614795,0.25390530975022757,0.29566251661562754,0.14066306571595344,0.30344157728534427
validation,v3_49_content_christianThardy_Principal-Component-Analysis_pca.py.txt,3,3,4.852515060881172e-05,0.022056881328587467,0.2063317158240192,0.35035117347515543,0.10848595798071442,0.31272574624091465
validation,v3_5_content_cylance_lazy-stochastic-principal-component-analysis_plot_model_perf.py.txt,3,3,0.00030163115583679075,0.11496659431123232,0.20186301773291226,0.2594923986796495,0.23870269521730467,0.18467366290306447
validation,v3_7_content_syamkakarla98_PCA-On-IRIS-Dataset-With-Classification-Using-KNNC_iris_after_pca_knnc.py.txt,3,5,0.00013253194582419728,0.04646587098785299,0.2688094419038181,0.21364466092894674,0.19910824957467338,0.2718392446588846
validation,v3_84_content_rayjc_ml-pca-foreground-removal_miscHelper.py.txt,3,3,0.00011475163277444623,0.10956418225868314,0.27262184021209995,0.2768260875143229,0.11759315996264261,0.22327997841947697
validation,v3_93_content_djzgroup_Visual-basedCharacterEmbedding_123.py.txt,3,3,6.467117508734559e-05,0.08472143598355855,0.19101876552328592,0.28010555073189575,0.2107453989111037,0.23334417767506874
validation,v3_94_content_rohithdot_ImageCompression-PCA_code.py.txt,3,5,0.00018868826058298754,0.07303682392922194,0.11845656612863972,0.3448129887986652,0.1028964423683437,0.36060849051454635
validation,v3_12_content_shinevalora_asyncio_tornado_queues_requests_demo_test.py.txt,3,4,0.00016613832792703202,0.05032313418229402,0.21389027388535195,0.22703230031995927,0.28387261355867327,0.22471553972579444
validation,v3_1_content_modulus100_python-datastructures-algorithms_linked_list_reverse.py.txt,3,3,0.00014696201577683025,0.1494191040449,0.10695301576261643,0.3245730519612151,0.1614514175777867,0.25745644863770495
validation,v3_29_content_0517_QueueSimulation_simple_queue.py.txt,3,2,0.016062442285580375,0.18255646953072963,0.27132910598794546,0.20216382840478658,0.19556974197994823,0.13231841181100962
validation,v3_31_content_danieltshibangu_QueuePay_diranySolution.py.txt,3,3,0.0026878762342113912,0.08158053842536865,0.19318934571561974,0.32005065363367813,0.14533461654228222,0.2571569694488399
validation,v3_3_content_colinmcnicholl_queueing_theory_homework3_map6264a.py.txt,3,3,0.00017861900881498293,0.02865984341048617,0.060296052546600365,0.46201498386082807,0.0833317164187455,0.36551878475452493
validation,v3_41_content_sweeneyde_IndexedHeap_dijkstra.py.txt,3,3,0.005820135761040782,0.017871073013359405,0.16093852326048627,0.35536293470176517,0.18600788012085004,0.27399945314249835
validation,v3_45_content_discovervlad_herman-flask-redis-queue_manage_worker.py.txt,3,2,5.22550223443388e-07,0.055945703782270824,0.26564334868793243,0.18046597844568177,0.23701396615250417,0.26093048038138744
validation,v3_45_content_kriti149_Text-Summarizer_txt_summarization.py.txt,3,5,6.121130664831183e-05,0.08430543400413987,0.228574654424006,0.14394018767385716,0.2714776459982644,0.2716408665930843
validation,v3_52_content_NYU-Molecular-Pathology_queue-stats_qstats.py.txt,3,2,0.0002836296538510901,0.16120727588401243,0.2568762157204588,0.1539184252170116,0.18728240968477405,0.2404320438398921
validation,v3_57_content_sangyh_discrete-event-simulation_read_output.py.txt,3,3,0.0019006962692856403,0.10149027061896591,0.24867975712608464,0.3224719269160385,0.1296185002707812,0.1958388487988441
validation,v3_10_content_adrianvellamlt_Quick-Sort---Insertion-Sort_utils.py.txt,3,4,0.001060332805175819,0.20190214490326427,0.19473824996220684,0.1315585862555243,0.28832079848725406,0.18241988758657462
validation,v3_14_content_briholt100_rogersQ_rogersQ.py.txt,3,3,0.1593907532301407,0.08469907993419022,0.13169425253431002,0.39447833518902325,0.07387129466081047,0.1558662844515253
validation,v3_24_content_vijayant123_music-sortt_sort.py.txt,3,3,3.259886589480458e-05,0.007493442767577632,0.2737097622505196,0.3327388437324081,0.1457550791162549,0.24027027326734493
validation,v3_29_content_flintlouis_Sorting_algo_mergesort.py.txt,3,4,0.022657440950835363,0.25283473645624516,0.17163428796742533,0.17298405054215682,0.29880263662757234,0.08108684745576503
validation,v3_30_content_XiaogeWang_Sort-Algorithms-Python-Version-_heap_sort.py.txt,3,3,0.0007658457895635771,0.18568099304066765,0.15283994468401305,0.2661748163291933,0.1459618572044633,0.24857654295209922
validation,v3_38_content_TadayoshiCarvajal_Sorting-in-Python_sortingAlgorithms.py.txt,3,4,0.00025164591085280013,0.14110445898927457,0.12856773566512852,0.25598986860398526,0.25947674475193044,0.21460954607882837
validation,v3_3_content_iRGBit_indexhelper_indexer.py.txt,3,3,0.0015722311034482787,0.0005899010057874135,0.1689739518719835,0.49947253289045124,0.02467505632180214,0.3047163268065275
validation,v3_4_content_varuntahin2210_ConversationalBot-Restaurant_nlu_model.py.txt,3,3,9.152822743293076e-05,0.009603345425054168,0.24140384750402905,0.3751551185284497,0.14386940199934617,0.22987675831568802
validation,v3_52_content_RefaelBeker7_Sorting-Algorithms-Python_ExampleSort_sixDifference.py.txt,3,5,0.001009525319388478,0.17641433420126243,0.15790904895148236,0.22459353327671372,0.1577702789112221,0.28230327933993093
validation,v3_10_content_Bala96_Recursive-Func_nestedeaser.py.txt,3,5,0.00607611366526681,0.025663492196658887,0.18908665447201745,0.270923794537785,0.09324421761592556,0.4150057275123463
validation,v3_18_content_Shweetz_TicTacToeSolver_solver.py.txt,3,3,0.002350022581382255,0.0775275567176472,0.24123118784686556,0.24862102386557144,0.20398524635376264,0.2262849626347709
validation,v3_33_content_prabhatpal77_Complete-core-python-_globalandlocalvar.py.txt,3,2,8.853866132123646e-08,0.16379874314726378,0.25150534429332394,0.23695341267847506,0.12906400670990306,0.2186784046323728
validation,v3_34_content_bsmorton_linked-list-python_linkedlist.py.txt,3,5,3.4262422383790147e-05,0.02844863956194082,0.09862216631690478,0.3152033755102905,0.21503033866114793,0.3426612175273322
validation,v3_34_content_stephypy_CS2302PasswordCracking_Main.py.txt,3,3,0.00046132063765683595,0.09800394607444214,0.1755182324872034,0.39674711681569813,0.05111749318243874,0.2781518908025607
validation,v3_36_content_Zattri_tutorial-recursion_recursion.py.txt,3,3,1.5145747567451407e-05,0.185696230367837,0.19121263896555932,0.28369991155371016,0.0915345051442865,0.24784156822103967
validation,v3_38_content_davidcarrollnyc_Recursive_Python_WebScraper_BeautifulSoup_into_MongoDB_insertIntoMongo.py.txt,3,5,0.002046610468030479,0.2302224643230709,0.07747353396161517,0.2990857488609223,0.07658778061131356,0.31458386177504766
validation,v3_9_content_ahmetfbayrak12_Python-Recursive-Functions-and-Dynamic-Programming_hw5-plot.py.txt,3,3,0.10233201749073231,0.07572570753793263,0.1743093623851974,0.316133764727102,0.08060469044774579,0.2508944574112899
validation,v3_17_content_fxbp_spd-5_criptoanalisi.py.txt,3,5,2.495328482372381e-07,0.023772124998393134,0.2386886836034432,0.21742560356933469,0.22817242558553272,0.29194091271044814
validation,v3_34_content_ptfn_rsa_main.py.txt,3,3,1.0466826124007634e-06,0.015507503498043033,0.24648239144569925,0.3106918291991951,0.1625294569145388,0.2647877722599114
validation,v3_49_content_mrsondeptrai1999_RSA_Summer_2017_project_Decryption.py.txt,3,3,0.00020423198128392665,0.01008730968339051,0.12108173141688962,0.4532577130683574,0.11252392941741193,0.30284508443266656
validation,v3_52_content_CorrineTan_Digital-Signature-Schemes-Evaluation_eddsa_25519.py.txt,3,4,0.000498368065446574,0.17272533864632061,0.27445585272886824,0.18167540650977373,0.27602607167988347,0.09461896236970732
validation,v3_8_content_hertelukas_rsa_primeCheck.py.txt,3,2,6.28772150625566e-05,0.12851083132285232,0.26960703926405083,0.2212186614201014,0.16695123337161738,0.21364935740631563
validation,v3_95_content_anurag423_Python-Project_eKeyGen.py.txt,3,1,0.0004042957082836136,0.3822349893561534,0.12460622704135203,0.16563551894646272,0.21303033004216665,0.1140886389055816
validation,v3_97_content_rusrom_cryptography_rsa_sign_create.py.txt,3,4,0.0005899271555746901,0.04354389274089811,0.24676317949608004,0.11105570401656192,0.3816230788196975,0.21642421777118773
validation,v3_14_content_codearemo_selction-sort_selection_sort.py.txt,3,5,0.0007245230809266777,0.13101716521038922,0.21956327142620463,0.1482559867863174,0.24787575915799917,0.2525632943381628
validation,v3_18_content_algorithmproject_Selection_sort_scripts.py.txt,3,5,0.005483284299260798,0.24575423343332214,0.09453007921556092,0.1477455822696398,0.1318889033163158,0.37459791746590043
validation,v3_27_content_CodeDrome_selection-sort-python_selectionsort.py.txt,3,3,0.0008621713181102956,0.09925842600307339,0.19764080215694077,0.277389412332942,0.15662364213876137,0.2682255460501721
validation,v3_32_content_AAMergulhao_Sort_Algorithms_algorithms.py.txt,3,5,0.006330340463192199,0.00357058109763203,0.15341978546061488,0.31276371678536985,0.20197956051046306,0.32193601568272806
validation,v3_32_content_TadayoshiCarvajal_Sorting-in-Python_sortingAlgorithms.py.txt,3,3,0.0005709491384670376,0.10216782193481226,0.1452452102316634,0.2947127965967531,0.23428294335539865,0.2230202787429055
validation,v3_49_content_guptavasu1213_Comparing-Sorting-Algorithms_compare_sorting.py.txt,3,0,0.3209486243441845,0.10673480950457144,0.08940642657771754,0.14933231242793224,0.11210698132745346,0.221470845818141
validation,v3_9_content_naviechan_sortingAlgorithmDemo_main.py.txt,3,5,3.1064245468801e-05,0.15586679669228407,0.14982187374571704,0.2625541975826541,0.16095902424897454,0.2707670434849016
validation,v3_3_content_GentaHI_SteganografiLSB-ImageToImage_steganography.py.txt,3,5,0.0022573314496342743,0.12320899408969527,0.1461347677854015,0.2579248689907426,0.2059257673097158,0.2645482703748106
validation,v3_13_content_preetidurai_Spam-Ham-Classification-using-NB-and-LR_naiveBayes.py.txt,3,5,0.04153294567350292,0.056027445996597265,0.20382061993741724,0.2452093494111718,0.15950100178678978,0.2939086371945209
validation,v3_14_content_prachij94_Category-altname-analysis-without-stopwords_altnameStopwords.py.txt,3,1,0.006931296185920993,0.2659276284821799,0.2481487091451007,0.19086385990617558,0.23243106800578803,0.05569743827483479
validation,v3_15_content_ganigavinaya_LogisticRegression_LRwithoutStopWords.py.txt,3,3,0.005384163355934771,0.12479601297282276,0.20544336333153196,0.2972254574601227,0.09457914307038244,0.27257185980920534
validation,v3_16_content_NB-prog_INTERN-2019_config.py.txt,3,4,0.0017601805363936746,0.1985071104065059,0.1551755123152046,0.05531264590124982,0.3461812989742138,0.24306325186643224
validation,v3_28_content_vinaykumarbu_sentiment-analysis-deeplearning_preprocess.py.txt,3,2,0.00010347566928462565,0.006751904896928507,0.28710094633685984,0.18252563879109934,0.2585690952541553,0.26494893905167255
validation,v3_5_content_andresionek91_portuguese-stop-words___init__.py.txt,3,1,6.244935105927846e-05,0.3663190353190289,0.05826636400319302,0.19487109800166347,0.08558397175641211,0.2948970815686431
validation,v3_7_content_satyammittal_IRE-Stopping-Words_hindi.py.txt,3,5,1.0793122901430421e-06,0.0914052722907485,0.14625186402031568,0.27080013508533585,0.15809097490046842,0.3334506743908414
validation,v3_1_content_DanShai_kernalized-tsne_kernels.py.txt,3,2,8.283096300088978e-08,0.22163958866235345,0.22441244812812652,0.17700336837696523,0.15678506560540412,0.22015944639618767
validation,v3_17_content_lo1gr_tf-idf_hadoop-Spark_reducer3_A.py.txt,3,2,0.00010939090120447652,0.14631459612696923,0.36191039051141893,0.09634983563136196,0.2852943537564928,0.11002143307255262
validation,v3_41_content_antoinewg_ocr-tfidf_reducer3.py.txt,3,2,0.001592672767275367,0.19850005562599735,0.3056927532810007,0.1479302819025563,0.18631033863296734,0.1599738977902029
validation,v3_53_content_rghv404_Language_identification_make_predictions.py.txt,3,2,3.9060161832765794e-06,0.029366681182508625,0.32531061186552807,0.16616145224769052,0.20615335811841815,0.27300399056967145
validation,v3_55_content_AustinZuniga_Auto-tagging-of-Theses-and-Dissertations-of-Bicol-University-Searching-and-Matching-_main.py.txt,3,5,4.438042849474297e-05,0.0029424930352499727,0.24804115066357196,0.2388460726417068,0.1933653739327254,0.3167605292982511
validation,v3_58_content_zhaoyichanghong_machine_learing_algo_python_fuzzy_c_means.py.txt,3,2,0.0001889688535618656,0.044776919890389934,0.2558184299993524,0.2390197294981329,0.23646943841288756,0.22372651334567545
validation,v3_58_content_zhaoyichanghong_machine_learing_algo_python_pla.py.txt,3,4,0.0003677502275029562,0.014306989441875154,0.19148631227005902,0.2803217490320094,0.2883579308252207,0.22515926820333268
validation,v3_13_content_gissimo_nsc_do_nsc.py.txt,3,2,0.0015831868339950934,0.04696999297611897,0.29558169721509825,0.20174545959554938,0.222337363433856,0.23178229994538238
validation,v3_32_content_clee1994_MasterThesis_table_helper.py.txt,3,5,7.509653492933248e-05,0.14353414168212456,0.20692824734084966,0.22196137494501852,0.19368027659478443,0.23382086290229348
validation,v3_35_content_XiaoCode-er_image-digital-express_cluster_mean_variance.py.txt,3,5,0.0006180585695819688,0.06466889464839802,0.1688378487387241,0.29241303963749304,0.11588756599616246,0.3575745924096403
validation,v3_35_content_XiaoCode-er_image-digital-express_image_calculation.py.txt,3,4,3.385354899845198e-05,0.01685023360320665,0.2965010846666006,0.20165575326904248,0.3047491233674196,0.18020995154473227
validation,v3_3_content_facebookresearch_deep-variance-reduction_cifar_wrapper.py.txt,3,3,0.11896452771068958,0.16139781232244035,0.09028406447379778,0.32684686735577057,0.1354016979298367,0.16710503020746498
validation,v3_9_content_dumebi_Predicting-Boston-Housing-Prices_work.py.txt,3,3,1.720225991067685e-05,0.13434422386210618,0.22757463009075202,0.31506350025310026,0.11019771676141502,0.21280272677271594
validation,v3_14_content_Bakhtiyar-Garashov_IMDB_Movies_Ratings_Project.py.txt,3,5,0.0010567528681056327,0.25856991446573946,0.13548918913917915,0.21408821016715843,0.12381960133455734,0.26697633202525994
validation,v3_16_content_esnmrdi_fragranceadvisor_perfumes_scraper.py.txt,3,3,5.752001531075163e-05,0.028077858721318894,0.23760947578036573,0.40318454068007475,0.08316910947504443,0.24790149532788552
validation,v3_21_content_DaSunnySide_Stock-Analysis_csv_practice.py.txt,3,3,4.504118391665479e-06,0.08568483219994123,0.19687964583171774,0.2650313633927014,0.19525018060929822,0.25714947384794984
validation,v3_39_content_kghimire192_Electoral_Map_Coloring_Project1.py.txt,3,3,0.005882366625379207,0.19197212838606414,0.28015884761758575,0.2890494919703736,0.07379468497999761,0.1591424804205997
validation,v3_3_content_ahmedelfateh_scraping_CimaClub_scraper_urllib.py.txt,3,2,2.0919225713680753e-06,0.22008618671300886,0.30626109014412045,0.09326806005261352,0.18042317052544796,0.19995940064223783
validation,v3_40_content_Grijesh-Chauhan_aadhaar_webrequests.py.txt,3,1,0.00017210079353408895,0.2637687279901479,0.21239715438046938,0.19955893560590798,0.19399274015109613,0.13011034107884448
validation,v3_42_content_naomistuart_flight-scraping_flightscraper2.py.txt,3,4,0.00772593654505995,0.21716908737881252,0.09636196860983527,0.22429376878378043,0.22933881410895804,0.22511042457355376
validation,v3_46_content_AnuragSinghKushwah_anonymous-scraping_luminati_proxy.py.txt,3,2,2.6550372354436142e-05,0.1956877755610866,0.2631335360275088,0.20787012174713462,0.17982934881278723,0.15345266747912836
validation,v3_51_content_palashjboro_Web_Scraping_weather_info.py.txt,3,2,0.1731129277390918,0.11815821835674192,0.22885919707300925,0.15053825851430155,0.20946593453054296,0.11986546378631245
validation,v3_64_content_andrewrgoss_yahoo-fantasy-fball-scraper_player_season_projections.py.txt,3,1,0.018469978547462233,0.2844536206530718,0.1518385890101591,0.23875277125044905,0.09368069986477864,0.21280434067407916
validation,v3_65_content_nyavramov_monitor_web_page_changes_monitor_unit_tests.py.txt,3,3,0.00023306452796654622,0.01853906560004092,0.27790153168738424,0.2834680115316745,0.1521472774538833,0.2677110491990504
validation,v3_71_content_EltonK888_web_scraping_c01_scrape.py.txt,3,3,0.0004466117163309452,0.04684569088195278,0.13093237425960247,0.393448872859878,0.16914369870727078,0.25918275157496506
validation,v3_71_content_sairoopb_WebScrape_CBase_code.py.txt,3,1,8.470936380103155e-05,0.32127947732904916,0.27445032156696625,0.18999091301031165,0.11149328280520615,0.10270129592466572
validation,v3_74_content_jrathin_Web-Scraping_db.py.txt,3,2,1.8078852130322737e-05,0.020519210735694387,0.2767433296699352,0.21352770679704278,0.2342365619157859,0.2549551120294113
validation,v3_74_content_jrathin_Web-Scraping_injury.py.txt,3,3,9.138661644668995e-06,0.04878387090011721,0.3231530228042024,0.3358516391378514,0.05299329889946841,0.2392090295967158
validation,v3_84_content_bhavnesh2211_Webscraping_imdb_Scraper.py.txt,3,2,0.0003499110622199724,0.17797321030804458,0.24726946229976232,0.2392600630188558,0.14316476479670823,0.19198258851440922
validation,v3_8_content_casper-hansen_Web-Scraping-Reddit_scraper.py.txt,3,4,0.00021539801234066053,0.09170398741886533,0.1670043495161219,0.11678077769004866,0.314487703794985,0.3098077835676386
validation,v3_94_content_adithyavasisth_VTU-Result-Scraper-with-CAPTCHA-Bypass_scraper.py.txt,3,4,0.0009092648574313177,0.14542808695601642,0.17958665581681316,0.21597857379526017,0.3004600703529983,0.1576373482214805
validation,v3_95_content_SebastianRV26_WebScraping-WordCloud_primerM_todoParalelo.py.txt,3,0,0.29993900562286835,0.21611145159049813,0.06232346526371052,0.009834697286058527,0.23697667078126716,0.1748147094555972
validation,v3_98_content_pratz0499_web-scraping_flipkart.py.txt,3,4,7.101059615173198e-05,0.09993442868539622,0.2545608365077597,0.04937901431388505,0.3403769840131906,0.2556777258836166
validation,v4_20_content_Numanor_pyssocks5_local.py.txt,4,5,0.024710968291568183,0.08673812134583592,0.11240589476672747,0.2464369570801406,0.2521736811940972,0.27753437732163055
validation,v4_25_content_hs366399_Image-Super-Resolution-Using-VAE-GAN-with-PyTorch_model.py.txt,4,1,0.00048574780107241665,0.3390927553476217,0.2345656246420562,0.04603261152969035,0.2831565209540298,0.09666673972552964
validation,v4_26_content_anchal27sri_AES-file-encryption_AES.py.txt,4,2,0.00017206029888400406,0.039278495857378457,0.4083246886904193,0.09919440256801026,0.3825587072500418,0.07047164533526616
validation,v4_27_content_yilangpeng_computational-aesthetics_box.py.txt,4,5,3.9234789657964625e-05,0.04416977518754406,0.18240422498011774,0.12412957924690068,0.25821148091186213,0.3910457048839175
validation,v4_30_content_KOUGD7_Implementation-of-Cryptographic_simplified_AES.py.txt,4,4,0.00016998026511730373,0.28378989999738125,0.11900724411290643,0.0918963651327895,0.32018567559381783,0.18495083489798772
validation,v4_10_content_Ethan2018_Apriori_APRI.py.txt,4,4,4.655539552588054e-05,0.18826826264846885,0.24644768082943116,0.09711016864251254,0.2861946515896314,0.18193268089443015
validation,v4_11_content_SabikAbtahee_Apriori-Implementation_AprioriAlgorithm.py.txt,4,1,0.0018064956728148364,0.2947845839566497,0.26775157328441157,0.1046388426233438,0.18533814722441183,0.14568035723836825
validation,v4_14_content_Dawlatly_Recommender-system_apriori.py.txt,4,4,0.00086890606822702,0.30575613104829996,0.16946658444365412,0.04541345450606418,0.36065914485271705,0.11783577908103776
validation,v4_14_content_wiktorjl_algorithm-apriori_apriori.py.txt,4,5,0.0002651060404762346,0.15503244791809312,0.17661315521378593,0.24617586737727587,0.16042664502270162,0.2614867784276672
validation,v4_3_content_ravinderiiit_Market-Basket-Optimisation-by-apriori-Algorithm_apriori.py.txt,4,4,5.091834759646722e-05,0.21353668254624256,0.15665412451920085,0.06393785772760811,0.33407510479246016,0.23174531206689183
validation,v4_4_content_shivang98_Market-Basket-Optimization_apyori.py.txt,4,4,0.0031218517318672145,0.06513090670516547,0.1711980667472002,0.1303926382862414,0.36164107928020345,0.26851545724932246
validation,v4_5_content_aaronzira_apriori_miner.py.txt,4,1,3.3170988053374615e-06,0.296077008575374,0.06587973597256246,0.2752969375628518,0.14126964220936022,0.2214733585810462
validation,v4_5_content_kushagradarkdk_AssociationRuleMining_Apriori_Comet.py.txt,4,3,0.05638684094880755,0.20307651519142997,0.20601547904785136,0.26873100983889,0.1052369008726781,0.16055325410034302
validation,v4_7_content_akshattrivedi_IT-Sales-With-Recommendation-System_manage.py.txt,4,4,0.001624557427085036,0.10598811523339201,0.26796235281541664,0.05299156695393855,0.37929504376333645,0.19213836380683139
validation,v4_7_content_DMDarkness_Data-mining_Example_pyclt_fp2ar.py.txt,4,2,0.009082191122401427,0.07931394923517027,0.4119061592334259,0.11925132008960979,0.2417674252503238,0.13867895506906883
validation,v4_7_content_DMDarkness_Data-mining_fp2ar.py.txt,4,3,0.008412281325052137,0.017807734104917768,0.1981878716091686,0.2837494081318803,0.22922379439186058,0.26261891043712066
validation,v4_1_content_sadnessFree_arima-lstm_combine-svm.py.txt,4,3,0.16625297747886422,0.16272783788127795,0.17634180927410273,0.2419642019697821,0.10429252941810009,0.14842064397787288
validation,v4_1_content_sadnessFree_arima-lstm_combine.py.txt,4,1,0.18692205240411702,0.27222208238799256,0.12906514851317843,0.2279370490283812,0.07195746541175176,0.11189620225457904
validation,v4_28_content_yifan0330_stock-trader_stocktrade_final.py.txt,4,4,0.00341666936305091,0.1428425552052592,0.2079915922663549,0.06961974458443547,0.40880026490594645,0.16732917367495295
validation,v4_28_content_yifan0330_stock-trader_stocktrader.py.txt,4,3,0.002205982174241164,0.030359880596220083,0.20554794034171667,0.289615715202643,0.26013464025539007,0.21213584142978917
validation,v4_2_content_polyphilz_pricing-weather-derivatives_clean_data.py.txt,4,3,2.278219828634872e-06,0.009051564476235436,0.23427258691515218,0.2956009138707192,0.18887321630470078,0.2721994402133638
validation,v4_2_content_yyqcs_time-series-model_encoder_decoder_fullv-1.py.txt,4,5,4.5960014700026136e-05,0.11745158539818436,0.22974244059757057,0.19884127229889215,0.20693442797866635,0.2469843137119865
validation,v4_3_content_rentseen_ARIMA-forecast_CAVMP.py.txt,4,0,0.34539179130355824,0.1557968404390656,0.070043936391356,0.05800929005482549,0.14694715868864686,0.2238109831225477
validation,v4_47_content_Eric-Muthemba_investing_scrapper.py.txt,4,4,0.07359884328390322,0.2238567044828135,0.21825727786023022,0.04685245446722139,0.324348221010525,0.11308649889530664
validation,v4_48_content_harishchellappa_Time-Series-Analysis-Bike-Sharing-Demand-Forecasting_forecasting_2.py.txt,4,2,1.465064624690322e-06,0.11431099873127502,0.25280106078671555,0.18621938668588653,0.23171416650257023,0.214952922228928
validation,v4_9_content_MauTorresE_ARIMA-Forecasting-AutoSelectParams_ARIMA_model.py.txt,4,1,0.06828230523068934,0.458577891561165,0.06564865196046522,0.05912995480517219,0.2697726563104562,0.078588540132052
validation,v4_7_content_ardyerwanda_SDN-Bellman-Ford-Pyretic_routebellman.py.txt,4,4,0.00036509891985272763,0.05194955687774833,0.12757696947061054,0.2769626961718252,0.278085450368051,0.2650602281919122
validation,v4_7_content_ardyerwanda_SDN-Bellman-Ford-Pyretic_routing2cost.py.txt,4,3,0.025635782437104647,0.1865936275527323,0.18159041544180432,0.25347088222991926,0.1415005132318205,0.21120877910661912
validation,v4_11_content_davedennis_DFS-and-BFS-Search_dfbf.py.txt,4,1,0.004073874040343587,0.28503015701956447,0.17242241860271143,0.1542193208717795,0.19589403206104683,0.18836019740455415
validation,v4_1_content_minar09_bfscore_python_evaluate_single_image.py.txt,4,5,0.0006661026658668599,0.22010054992614253,0.08929509573461518,0.21299871715482194,0.17555901065135082,0.3013805238672028
validation,v4_38_content_SamDaQueen_Algorithms-In-Python_Binary_Search_O_log2n_.py.txt,4,1,0.10405651905208821,0.3084230642906997,0.21939368437091614,0.13246812413729916,0.1227786824000846,0.11287992574891219
validation,v4_43_content_odubno_ford-fulkerson-max-flow_test_max_flow.py.txt,4,4,1.835817125198705e-06,0.003230672680390314,0.31106066511787406,0.054482639998043286,0.37744900967412126,0.2537751767124458
validation,v4_51_content_rrraharja_Kecerdasan-Buatan-AI_Project_DFS.py.txt,4,2,0.0054914378541584576,0.2806519630806536,0.33579211927277636,0.10644537586011389,0.1815448079410742,0.09007429599122355
validation,v4_59_content_orzinger_8-Puzzle-game_World_State.py.txt,4,4,0.0045024610505165355,0.006592635488279937,0.1801736645297629,0.19150452778272903,0.39756995997469285,0.21965675117401878
validation,v4_7_content_mhkhojaste_sliding-puzzle-with-search-algorithms_Problem.py.txt,4,2,0.09358583150344825,0.07205507889224771,0.28510592532462,0.15125601400873878,0.1547523533904065,0.2432447968805387
validation,v4_10_content_circulosmeos_haveibeenpwned-binary_pwned-pass-binary-fast.py.txt,4,4,2.973821957852e-05,0.11293611078924469,0.19221504481581655,0.16600655311345863,0.35876228782051867,0.1700502652413829
validation,v4_10_content_gochieng_BinarySearch_test.py.txt,4,4,0.007527038767932369,0.13900931521402643,0.1496860488989813,0.09188004500493684,0.3363125801469902,0.2755849719671327
validation,v4_10_content_ivanbgd_Self-Balancing-Binary-Search-Trees_Test_BST_Iterative.py.txt,4,5,0.003002320189687676,0.26024921282849944,0.05338655992690164,0.2673312589276288,0.094426921535609,0.3216037265916734
validation,v4_22_content_N8Brooks_lcs_hash_search_lcs_finder.py.txt,4,2,0.04555874888887241,0.18045701269438638,0.2440052393718557,0.15354685212881983,0.22257134797143335,0.15386079894463228
validation,v4_24_content_Patrik-Stas_kata-bst-tree_bst_ll.py.txt,4,3,0.0018774778299110195,0.006180488723892413,0.19254803068209506,0.3414389923534977,0.11998594910789392,0.3379690613027098
validation,v4_3_content_6e726d_binaryninja-search___init__.py.txt,4,2,0.03883542248990539,0.10460443709659224,0.2688443565040888,0.15959118437689554,0.18282265107704593,0.24530194845547212
validation,v4_40_content_ajh1143_BinarySearchTreePractice_BST.py.txt,4,4,0.00039390301254930396,0.15556591046861443,0.12737184721593275,0.2184972229209881,0.27259102881521563,0.22558008756669978
validation,v4_4_content_vieirinhaabr_balanced_binary_search_tree_tree_tester.py.txt,4,5,3.6469519230599826e-05,0.028242948885851736,0.12871766253171804,0.16113547334009834,0.30859115744300825,0.373276288280093
validation,v4_54_content_pr1998_Student_Management_System_main.py.txt,4,4,6.734055472536633e-05,0.11680390692468792,0.2700157756848029,0.15077803589397248,0.2743764406842163,0.1879585002575951
validation,v4_7_content_kristianespina_python-binary-search-tree_binary_search_tree.py.txt,4,2,0.01960335322537106,0.24063496458893505,0.2672961018187407,0.1987528738876073,0.1961806577336731,0.0775320487456728
validation,v4_10_content_shehand_Game_Graphics_using_Binary_Search_Tree_calc.py.txt,4,2,0.0018119450707236573,0.19181352484889222,0.2782166099696742,0.20304699763459702,0.1414146223736471,0.1836963001024657
validation,v4_18_content_HDShaw_Runaway-Reservation-System-BST-_AVL_tree.py.txt,4,2,0.01616005462581306,0.2653554933564931,0.3474771038401166,0.0715496393611981,0.24530283866356195,0.054154870152817246
validation,v4_1_content_jdmcpeek_pretty-print-binary-tree_tree.py.txt,4,1,0.008657782848998975,0.38173405613507777,0.23127115484826496,0.05713836914967386,0.24222907509300257,0.07896956192498193
validation,v4_20_content_kristianespina_python-binary-search-tree_binary_search_tree.py.txt,4,4,0.011127694124704674,0.20860096381988072,0.22337312583091906,0.2321431964557055,0.24768042120998135,0.07707459855880876
validation,v4_33_content_hexingwei_Binary-tree_tree.py.txt,4,4,0.0022886649850348668,0.19991292296337215,0.23598125390091798,0.12709230128774363,0.32733811932179047,0.10738673754114099
validation,v4_3_content_WDI-SEA_python-binary-trees_twenty_questions.py.txt,4,1,0.0011016123894928274,0.27541923179467487,0.2277149227515112,0.24437982411401002,0.14204676404762542,0.1093376449026856
validation,v4_4_content_fcunhaneto_py-binary-trees-draw_node.py.txt,4,4,0.0860776141448914,0.18966809158375258,0.20551466863530143,0.13184397929186317,0.3187497715089197,0.06814587483527187
validation,v4_88_content_ilkayDevran_HEAP_and_BTS_Implementation_binarySearchTree.py.txt,4,1,0.0008332423392481732,0.2645962464411002,0.16969335476309919,0.16958651996579513,0.2400318725064327,0.15525876398432462
validation,v4_23_content_mkhambat_Bubble-and-insertion-sort_sorting.py.txt,4,1,0.017755667442905406,0.3149464814772998,0.27645901860200117,0.13918040520747646,0.18431096079831896,0.06734746647199819
validation,v4_26_content_naviechan_sortingAlgorithmDemo_main.py.txt,4,1,0.01947360145624876,0.24644021263811558,0.10239894630972025,0.2047687189921875,0.21965172325008644,0.20726679735364134
validation,v4_29_content_zcogley_Bubble-Sort_bubble_sort.py.txt,4,4,0.014351694482395125,0.07754924919368254,0.1453870747350908,0.1582115958719734,0.3751137651867514,0.2293866205301067
validation,v4_30_content_thomasjedstrom_Bubble_Sort_Selection_Sort.py.txt,4,1,0.3620374020771844,0.36775775150144174,0.10373616317368062,0.025235966437504823,0.12496352160278576,0.016269195207402633
validation,v4_31_content_atorulia_Some-kind-of-sort-algorithm_InsertionSort.py.txt,4,5,0.00017591005008453923,0.07393493647852709,0.21143547403930715,0.20632067820755973,0.21352800194428473,0.2946049992802366
validation,v4_31_content_Cadellinman_RB-EmailSorter_RedBubbleSorter.py.txt,4,2,0.00012172280955348993,0.24184758546103435,0.29252682559972426,0.0605094776983247,0.2267217651658345,0.1782726232655286
validation,v4_53_content_RefaelBeker7_Sorting-Algorithms-Python_ExampleSort_sixDifference.py.txt,4,4,0.0027635176627344117,0.14965345903066482,0.2700936821352939,0.161119714871749,0.27710539975856946,0.1392642265409886
validation,v4_5_content_kheguy_bubbleSort_bubbleSort.py.txt,4,1,0.024228843725274694,0.2738581137980414,0.16560289048758361,0.2334326124941575,0.09823002533833879,0.20464751415660415
validation,v4_67_content_TadayoshiCarvajal_Sorting-in-Python_sortingAlgorithms.py.txt,4,4,0.0001685811897369956,0.11839421354038698,0.19307367857843166,0.23826278948144228,0.2526403626356318,0.19746037457437038
validation,v4_81_content_jvdwyer_Sorting_Sorts.py.txt,4,2,0.0012621373048704928,0.2547835683721896,0.25867157058806806,0.1491231303150008,0.13742849919048608,0.19873109422938506
validation,v4_19_content_Shooobz_BigData-ProjectOne_mongoSandbox.py.txt,4,3,0.002491411281270054,0.022916932432851804,0.15597706649752363,0.3410977827870658,0.17852514058530805,0.29899166641598074
validation,v4_21_content_rahul494_Mental-Health-On-Twitter-Analysis_sorter.py.txt,4,4,2.1837917404823042e-06,0.005312952571930258,0.34676989538478054,0.055140564293860876,0.3900621381924752,0.20271226576521265
validation,v4_26_content_Emersonxuelinux_One_Big_Archive_VirtualPet.py.txt,4,3,0.0069064921845867575,0.06239790606930255,0.13848594813641182,0.30587824433743566,0.2493941092381851,0.23693730003407815
validation,v4_2_content_anrputina_OutlierDenStream-BigDama18_readGroundTruth.py.txt,4,4,0.00027646060832535273,0.014054227178709234,0.3664655545550215,0.05811334198977918,0.45034469208377365,0.11074572358439104
validation,v4_30_content_sdws1983_The-big-data-OF-The-Plant-Cell_parse-abstract.py.txt,4,1,0.021285510243643144,0.31595455634009645,0.17358034076122694,0.14587320685950514,0.17397440662226657,0.16933197917326162
validation,v4_32_content_jtuckerk_oscar_prediction_imdb_data_create.py.txt,4,5,0.08835215733948383,0.1997690312784964,0.121469953148416,0.16027688710006202,0.15653974690381917,0.27359222422972257
validation,v4_35_content_ankitsejwal_organize-folder_organize.py.txt,4,5,0.004839068974281723,0.2504341908016941,0.05787425556440996,0.1900040223644145,0.1815968741851316,0.3152515881100681
validation,v4_5_content_anguillanneuf_bigO_17_island_count.py.txt,4,3,0.0006501005339510504,0.13555413004286918,0.11495178230554588,0.25633524431491794,0.23970804077773877,0.25280070202497706
validation,v4_76_content_yingtaoluo_Latent-Factor-Model-with-JIT-CUDA-on-movielens_predict.py.txt,4,1,0.0004077752839021644,0.30437943554858854,0.23013239177380707,0.08364208482020781,0.26972385433201507,0.11171445824147934
validation,v4_80_content_hanas879_Payday-2-Big-Oil-Engine-Calculator_engineCalculator.py.txt,4,2,0.0032308464774712174,0.2643796457153205,0.26681466270203225,0.11923375920743319,0.24342666874759566,0.10291441715014721
validation,v4_10_content_sushant097_Chatbot-using-Python-NLTK-_ChatBot.py.txt,4,2,1.8759193174769696e-05,0.09950330403299724,0.2795390777791982,0.27788842652223433,0.16405685556141816,0.1789935769109773
validation,v4_1_content_HarryBaker_LDAtopicSimilarity_modelTranslator.py.txt,4,5,0.01667236158417802,0.20263008423679899,0.15192229351463427,0.14436354167959153,0.2273349347645258,0.25707678422027147
validation,v4_1_content_HarryBaker_LDAtopicSimilarity_similaritySpike.py.txt,4,1,0.0013411871325629,0.317898123359852,0.20970568112355786,0.20050819158804714,0.10733517322309052,0.16321164357288961
validation,v4_3_content_naiveHobo_TextRank_preprocessing.py.txt,4,5,0.001007359825973543,0.0949971543431666,0.237639346452276,0.1789886903179215,0.16492128100133632,0.32244616805932597
validation,v4_14_content_bkdwei_kdDesktopAssistant_install_script.py.txt,4,2,3.132750075045636e-05,0.12397922488032104,0.31271087498675465,0.2844925859985825,0.18290451453954923,0.09588147209404208
validation,v4_18_content_theorisons_loto_analyse.py.txt,4,2,0.004399460898853565,0.2547298311955803,0.28896296287334583,0.10843274665963609,0.1573580348628689,0.18611696350971524
validation,v4_20_content_learn-co-students_applying-gradient-descent-lab-dc-ds-career-042219_linear_equations.py.txt,4,3,9.488645744216511e-06,0.01812525433118536,0.19197155305375582,0.3129476792892069,0.21268175367630973,0.2642642710037979
validation,v4_46_content_hackabit19__destroyingRecursively__vibration.py.txt,4,2,0.005005915302350845,0.014663459735216532,0.41997279356803,0.043791838576197374,0.3873142623051881,0.12925173051301703
validation,v4_52_content_jitunayak_Tensorflow-object-recognition-GUI-DesktopApp_face_crop.py.txt,4,4,3.7627245357357835e-05,0.11684270805393199,0.21950349967941798,0.14651461387405312,0.34850834752669113,0.16859320362054842
validation,v4_67_content_DrIanGregory_MachineLearning-LogisticRegressionWithGradientDescentOrNewton_mulitpleLinearRegression.py.txt,4,1,0.0007164449866643606,0.4146433954000896,0.20613016489452746,0.08623279577086035,0.1582770896924889,0.13400010925536932
validation,v4_86_content_Enkhai_simple-DES_permutations.py.txt,4,3,0.00011369630543799375,0.011179902325789606,0.22055070819396597,0.2951789587161986,0.1950757546178223,0.27790097984078543
validation,v4_8_content_usmanali414_Destruction-Detection-in-Satellite-Imagery_segmentation.py.txt,4,2,0.00036882454336473755,0.09261514270551144,0.37134499033066987,0.10347619219288524,0.24636775681319897,0.18582709341436965
validation,v4_13_content_tiendung1510_LearningPython_ucs.py.txt,4,4,0.0006491005007339295,0.16961967340466147,0.28024672956841734,0.1249261241414026,0.3738050048853183,0.05075336749946637
validation,v4_18_content_vikasgola_graph-search-algorithms_graph.py.txt,4,2,0.07629919616975682,0.23373968910762757,0.25627001114611525,0.2027979698388568,0.12488219565846359,0.10601093807917995
validation,v4_79_content_bewing03_DFS-Baseball_scrape.py.txt,4,1,0.17901871807812056,0.4130690263572109,0.09433481894938095,0.1194347555068924,0.09342822713768094,0.1007144539707144
validation,v4_7_content_GabrielBortolote_BFS-and-DFS-Tree_BFS.py.txt,4,2,0.00017155351596235893,0.015129294499852336,0.29406318417304117,0.27562650767597263,0.21346331957298295,0.20154614056218878
validation,v4_83_content_habibz2196_bfs-dan-dfs-_bfs_dan_dfs_kuda_skak.py.txt,4,3,0.0015196398475856015,0.005461610079583005,0.21489522732684704,0.3821156191163793,0.08685687999869925,0.3091510236309058
validation,v4_85_content_adamkanouse_better-lineups-dfs_constants.py.txt,4,1,8.514760226248835e-06,0.22966762558919507,0.20914948959888835,0.22225023733733365,0.2172327298586864,0.1216914028556703
validation,v4_8_content_Omig12_dfs_delete.py.txt,4,1,0.005563102336524954,0.2974310562359555,0.19812762403170076,0.049369569732181776,0.2754876746649129,0.17402097299872396
validation,v4_92_content_jackschultz_nba-optimize-micro_utils.py.txt,4,5,4.928226981733972e-06,0.11647187284868837,0.22298244128232372,0.1850994822239216,0.14847841978797047,0.3269628556301141
validation,v4_12_content_michaelasper_Diffie-Hellman_diffie_hellman.py.txt,4,3,4.984268804075215e-06,0.019716442137408193,0.2187180072969348,0.3015575625424901,0.17878741630579426,0.28121558744856856
validation,v4_13_content_alu0100821390_diffie-hellman_diffie-hellman.py.txt,4,3,0.000396129064116673,0.17811496572468616,0.22103684961830578,0.23302341745985972,0.1375047201710027,0.22992391796202888
validation,v4_46_content_MrJmk_protocoles_crypto_Diffie-Hellman.py.txt,4,3,2.407248147749029e-05,0.15845385842805115,0.2120846498942565,0.2547938692751441,0.15722859085544388,0.217414959065627
validation,v4_6_content_picrin_DiffieHellmanChallenge_discreteLogEfficient.py.txt,4,2,0.00014710627291725944,0.15576287868709257,0.3255225199122884,0.15008395711774405,0.22147346029897,0.1470100777109878
validation,v4_77_content_Zerox-1337_Simplified-OTR-Protocol_otr.py.txt,4,2,5.2256999990677194e-05,0.1341351876769518,0.2747648738802364,0.2222533543453055,0.168982454895423,0.19981187220209254
validation,v4_10_content_tjazerzen_a_star_algorithm_helper_functions.py.txt,4,2,6.554429416679979e-09,0.0020672909483805016,0.2742435870995621,0.22346399306015136,0.25962290035616137,0.24060222198131528
validation,v4_32_content_ceyzaguirre4_AStar_A.py.txt,4,1,0.0018665382301444899,0.3286035716099805,0.14111913104356355,0.1970730670323528,0.1447770305597284,0.18656066152423034
validation,v4_39_content_hamidaucc_Link-state-protocol-in-python_Test.py.txt,4,1,0.1220469879153279,0.35120189574848626,0.02036899528213039,0.27362127268270575,0.01822676357003116,0.21453408480131841
validation,v4_53_content_KaiFly_Xemina2_DijkstraSP_GraphDrawing.py.txt,4,1,0.0271475503982371,0.2957998530112683,0.07228602142990027,0.15853630982355796,0.26349044095654406,0.18273982438049224
validation,v4_88_content_NoFishLikeIan_Dijkstra_currency_currency_api.py.txt,4,3,1.0919353507282471e-05,0.12388125063221356,0.20581292223478267,0.23287285654595685,0.21732778183009738,0.22009426940344232
validation,v4_11_content_tatsuyoshi-ikenoue_fizzbuzz_fizzbuzz.py.txt,4,1,0.24836771861133272,0.38103707804606396,0.023654190097879384,0.02053736851592613,0.3017201658287807,0.024683478900017083
validation,v4_13_content_Odarlie_fizz_buzz_programming_logic_andelab_test_fizz_buzz.py.txt,4,4,0.00010344981604573368,0.12164330415962923,0.23694614286923268,0.03688865159229801,0.3156697906797228,0.28874866088307166
validation,v4_17_content_bhushankorpe_Fizz_Buzz_Fibonacci_Fizz_Buzz_Fibonacci.py.txt,4,1,1.814567266979365e-05,0.2156770572505723,0.21062003155231257,0.17100042055043552,0.20967292633637127,0.19301141863763857
validation,v4_20_content_IbrahimAyed_Multifractal-analysis-of-natural-images_texture_synthesis.py.txt,4,1,0.00027132898538540233,0.269992535190621,0.15860435112385526,0.24402758549495981,0.2696257213367305,0.05747847786844801
validation,v4_2_content_johnrobyclayton_division-project_plot.py.txt,4,1,0.19806888713599338,0.29740222395816557,0.14207341568789442,0.11966830070642281,0.07659704310030105,0.16619012941122274
validation,v4_4_content_captainACE_python-ADVANCEMATH-lib_lineq.py.txt,4,1,0.17568597227095975,0.29926420348528765,0.24271644288306257,0.031513274626738044,0.23099740789159576,0.019822698842356403
validation,v4_5_content_AdamJacoby_Hopf_Algebra_Tools.py.txt,4,2,0.013329760637861716,0.1926583766934258,0.3256331916451326,0.11923558129100481,0.31619048859394405,0.03295260113863104
validation,v4_5_content_AdamJacoby_Hopf_Frobenius_Tools.py.txt,4,5,0.008269493354495627,0.14788945434347275,0.21758869051932703,0.2260477287716661,0.15024755106837556,0.249957081942663
validation,v4_5_content_AdamJacoby_Hopf_HopfConstructions.py.txt,4,4,0.17254749681247736,0.21149121660182,0.11629241003028302,0.12390480205738573,0.26266945184212875,0.11309462265590517
validation,v4_6_content_seonkyuKim_DFA_DFA.py.txt,4,4,0.06406459727828791,0.02252496685478759,0.17738368523507958,0.16046041974736946,0.48727077905875144,0.08829555182572399
validation,v4_6_content_sockster_metroCard_metroCard.py.txt,4,3,2.532600883619785e-05,0.05726322854265123,0.17884406864553307,0.3372514820644878,0.14470660822253922,0.28190928651595254
validation,v4_8_content_KreandOStudio_FizzBuzz_fizzbuzz.py.txt,4,4,0.046196870536281444,0.21232956272457748,0.19125512371402148,0.15733127143916079,0.25124746199847203,0.14163970958748673
validation,v4_13_content_limqiying_crypto_final_project_DH-test.py.txt,4,2,0.0030908937630549733,0.23067777701705544,0.2925875780027902,0.14620958604187928,0.14360489768317106,0.18382926749204898
validation,v4_16_content_SemyonMakhaev_elliptic-curve_main.py.txt,4,3,0.004297199608324664,0.20572186771692935,0.24713082180772236,0.2857630776001406,0.12420710806765427,0.1328799251992288
validation,v4_17_content_achusat_Elliptic_Curve_Cryptography_ecc.py.txt,4,3,0.002019036744018074,0.11918557499912447,0.2004738588804746,0.3218480123335416,0.11850375252386128,0.23796976451897994
validation,v4_11_content_harishchellappa_Time-Series-Analysis-Bike-Sharing-Demand-Forecasting_forecasting_2.py.txt,4,2,2.2150231157288618e-06,0.19109776518342741,0.2402249661491678,0.15067453697150598,0.2264740934607462,0.19152642321203675
validation,v4_4_content_hyper750_factorialhr_constants.py.txt,4,1,0.16419385981837786,0.3631416693576738,0.04904664607131075,0.04635393612183937,0.1695040791305551,0.20775980950024314
validation,v4_4_content_moduloone_QualtricsFactorialVignettes_questiongen.py.txt,4,4,0.0002690707936568751,0.2940197549070845,0.23435243251976517,0.06618304760687892,0.3058964733422957,0.0992792208303188
validation,v4_84_content_rev1z_async_factorial_webapp_logic.py.txt,4,3,0.004690164238960327,0.13208449384168386,0.08946014103529705,0.33508946418229674,0.11365668230854958,0.32501905439321244
validation,v4_8_content_jcwyatt_factorial_factorial.py.txt,4,5,2.3022368520511427e-05,0.016355672176160546,0.17027712883894872,0.23929998305095876,0.26360428132012714,0.31043991224528433
validation,v4_97_content_mjurk456_mini-snakes_pesel.py.txt,4,0,0.29473523511663,0.13636710272679076,0.07318117872343474,0.21091278148828996,0.0641835377046367,0.22062016424021785
validation,v4_44_content_nathanthomashoang_fibonacci-sequence-recursive_fibonacci_recursive.py.txt,4,3,0.012328687571263753,0.08929096063708142,0.129636602535739,0.349677298469243,0.1082206886035021,0.3108457621831707
validation,v4_51_content_UnPolinomio_fibonacci-number_numbers.py.txt,4,5,0.0019019945038706394,0.027250764563033523,0.1415269995044474,0.22471774157532345,0.30182341320701156,0.3027790866463134
validation,v4_67_content_GilbyScarChest_Fibonacci_API_app.py.txt,4,1,2.317426558437734e-06,0.32108360543443776,0.19876185468777305,0.03212750167644807,0.31041512451327974,0.13760959626150304
validation,v4_8_content_lucasmullerm_turing-machine-fibonacci_tm.py.txt,4,1,3.6383837476789598e-06,0.3478886356550366,0.23284386229130247,0.13621845460592702,0.1168311457372704,0.16621426332671585
validation,v4_99_content_MatheusMuriel_ProgramacaoDinamica_Plotador.py.txt,4,4,0.0007856896261199259,0.02418287418004183,0.09608232829513462,0.16572606385370528,0.3661000128971516,0.34712303114784665
validation,v4_17_content_kanavkhanna_Application-Software_Software_Application.py.txt,4,3,0.0005859667315247357,0.030642950877438062,0.3898521640448049,0.39692174517615486,0.08377861124578681,0.0982185619242907
validation,v4_3_content_hamedomidvar_GPU_FloydWarshall_FW_Rev0.1.py.txt,4,5,1.2931149184548901e-08,0.06454664783949762,0.24287960473101688,0.20939757656834537,0.2359162076809964,0.24725995024899458
validation,v4_4_content_mmcniece_tiled_floyd_warshall_tiled_FW.py.txt,4,5,0.0020752492365954758,0.19086752752236194,0.16563435798188073,0.21305802723540315,0.20725621296152685,0.22110862506223175
validation,v4_8_content_JanFeys_Floyd-Warshall-All-Pairs-Shortest-Path_FloydWarshallAPSP.py.txt,4,3,0.0003923168723751571,0.08289904636591036,0.1399835328590677,0.3017311650589351,0.21991728814905193,0.25507665069465973
validation,v4_18_content_Saychakr13_CLUSTERING_MODELS_hc.py.txt,4,1,0.05056251623464266,0.3427841030949212,0.17199916886996172,0.057427324085999557,0.24314820300426715,0.1340786847102078
validation,v4_25_content_83Shashi_Hierarchical-Clustering_hierarchicalclustering.py.txt,4,1,0.01267545363378631,0.2840476505858586,0.1855160280628243,0.1296392158333044,0.23602985288285588,0.1520917990013704
validation,v4_2_content_zalayo_Hierarchical-Linkage-Regression_HLRtest.py.txt,4,5,0.0004109689027005409,0.024556940839726458,0.14152099185450523,0.33896623680875576,0.15549626379438877,0.33904859779992325
validation,v4_4_content_wazzaarvind_Clustering-Algorithms_reducer.py.txt,4,4,0.2942259755377274,0.14163847485299125,0.11907992669680902,0.007369644026844538,0.2993508012375871,0.1383351776480408
validation,v4_55_content_taksug229_Python-hierarchical-clustering_Working_Data_Hierarchical_Clustering.py.txt,4,1,0.02541318104351506,0.3688441281985282,0.18375203608550986,0.08937648471051397,0.20984660692584803,0.12276756303608499
validation,v4_18_content_NegarMirgati_CodingAndErrorDetection_All.py.txt,4,2,0.00112072652981193,0.07528061021900957,0.3771962356191178,0.20678904397122064,0.15739607332356467,0.18221731033727534
validation,v4_22_content_Raxev_datastructures3_huffElement.py.txt,4,4,5.173863124065712e-05,0.05024905698491795,0.20725858189798446,0.14666272575121028,0.34325675721582183,0.25252113951882477
validation,v4_4_content_amzhang1_simple-JPEG-compression_zigzag.py.txt,4,1,0.0034153592114184836,0.31911439303059885,0.12340130004173284,0.1748352384831587,0.2600326876020603,0.11920102163103077
validation,v4_10_content_poku18_CE_III_06_Lab2_lab2.py.txt,4,5,0.002442396768807502,0.045144968203698864,0.19621087491829287,0.19762533939431723,0.2629549954443259,0.29562142527055785
validation,v4_18_content_o-az_Insertion-vs-Merge_MergeSort.py.txt,4,1,0.0014904570812743795,0.3798538367809274,0.09636953505637694,0.16785086609536792,0.1471603159926409,0.20727498899341254
validation,v4_23_content_ryanarnouk_BinaryInsertionSort_index.py.txt,4,2,0.0012338721563921015,0.017743949728546062,0.316517486581058,0.26367627171801716,0.16954150454819675,0.2312869152677899
validation,v4_30_content_rogerdenisvieira_bidirectional-conditional-insertion-sort_main.py.txt,4,5,0.001187102381638749,0.03606314114616143,0.22523714876551548,0.32199510070483117,0.05956239562999476,0.3559551113718584
validation,v4_33_content_Howellp80_Algorithms---Merge-Sort-vs-Insertion-Sort_hw1.py.txt,4,2,0.0013970278205784504,0.13574706527472072,0.2851317953538903,0.17225153325903897,0.24399385288320874,0.16147872540856273
validation,v4_50_content_shre007_Implementation-and-comparison-of-sorting-algorithms_merge.py.txt,4,4,0.0007008460247338613,0.1926954381454257,0.20724201527055802,0.18511096944090086,0.2823963490448654,0.13185438207351635
validation,v4_20_content_Cassar88226_Clustering_of_Articles_corpus.py.txt,4,2,0.0011454213888116857,0.19887695203059708,0.3058090102348777,0.11073898817913543,0.2196905664411035,0.16373906172547467
validation,v4_3_content_jamer5_K-Means-Clustering_k-means-clustering-without-scikit-example-1.py.txt,4,5,0.0001073250843512239,0.01857507432712828,0.25066081128374995,0.2408538823180568,0.2176146182656905,0.2721882887210232
validation,v4_41_content_akshay-gupta7_kmeans-using-mapreduce_k_means_reducer.py.txt,4,2,6.164214350074271e-06,0.0509581780882001,0.3162777086648755,0.27735310595707324,0.2728230909388815,0.08258175213661953
validation,v4_42_content_aryanshar_TextMining_magboard.py.txt,4,2,0.0016321493000694747,0.19308276473248862,0.2817824077399245,0.05969972196981055,0.2237245398123457,0.24007841644536124
validation,v4_54_content_wenlin-koh_K-Means-Clustering---python_kmeans.py.txt,4,3,9.233953571560668e-06,0.1341394016215517,0.1520830707432638,0.2570327693963388,0.220380759646043,0.23635476463923105
validation,v4_21_content_abhishekmsharma_ai-knn-kmeans-crawler-python_job_search_environment.py.txt,4,5,0.003510030751615651,0.23100296259477282,0.17816419867917976,0.08657205801336584,0.22612313563448008,0.27462761432658583
validation,v4_23_content_changchanglccc_kNN_test.py.txt,4,1,5.547020200114325e-05,0.3473186599176896,0.1597988602147857,0.015867567031699177,0.311535132044359,0.1654243105894654
validation,v4_29_content_vtheno_kNN_one_line.py.txt,4,1,0.11340417511047639,0.4441892956487677,0.05767121230098122,0.020538584541008497,0.19786813280675827,0.166328599592008
validation,v4_30_content_manojrameshrao_machine-learning-iris_iris_web3.py.txt,4,4,0.012330519667837133,0.272249602351084,0.08799527601444902,0.08824952477897813,0.37486489419357005,0.1643101829940818
validation,v4_38_content_juandes_knnbot-messenger-bot_distance.py.txt,4,5,0.00016524546355230435,0.012598965923145808,0.09569889154727894,0.25733446481452055,0.25833252806042784,0.3758699041910746
validation,v4_8_content_jasminegrewal_Naive-Bayes-KNN-Logistic-Regression_2b_gnb.py.txt,4,3,6.77507614161305e-06,0.04737125179679805,0.17753787914401775,0.28080961615130784,0.2593907358273966,0.23488374200433826
validation,v4_9_content_muchlisinadi_ALPR-Indonesia_GenData.py.txt,4,4,0.005493820737140721,0.2783168932728285,0.27798721759466843,0.05488144361060283,0.2801155244617132,0.10320510032304629
validation,v4_7_content_usbogie_MSTcreator_Node.py.txt,4,4,7.738780468838257e-05,0.02683153344974909,0.14379915723269093,0.15023123114765738,0.4290361535391713,0.2500245368260429
validation,v4_10_content_mahimagupta_NLP-Research-Project-_supervisedLearner.py.txt,4,3,8.882774371916004e-05,0.12021931821297682,0.23470266890542166,0.2633782110040147,0.14120925135214968,0.240401722781718
validation,v4_12_content_romanorac_elastic_localized_search_controller_elastic.py.txt,4,4,0.009744977667469035,0.19121251594407282,0.21256135794018471,0.11547932591068052,0.32129327695707594,0.1497085455805169
validation,v4_16_content_davda54_pytorch-transformer-lemmatization_lr_decay.py.txt,4,3,1.8175019695813046e-05,0.010775791055542144,0.11881993310501202,0.33164972568113976,0.22322839148804122,0.31550798365056903
validation,v4_16_content_davda54_pytorch-transformer-lemmatization_predict.py.txt,4,3,0.00921218036729637,0.08451134733188778,0.21735178897731425,0.28011015121505484,0.1401622783638171,0.2686522537446297
validation,v4_1_content_akoksal_Turkish-Lemmatizer_lemmatizer.py.txt,4,3,0.031943850350470274,0.15109850331392044,0.25020430057113585,0.27743819461837693,0.11649946125178064,0.1728156898943158
validation,v4_25_content_aajanki_finnish-pos-accuracy_datasets.py.txt,4,3,0.00014155172436626192,0.24047330816286108,0.2658688214911664,0.2694493425146862,0.16164085665020858,0.06242611945671137
validation,v4_26_content_Nofenigma_lt_lemma_prefixes_check_lt_prefixed_lemmas.py.txt,4,2,0.00015333887942445317,0.30383660023773307,0.31453090667073447,0.0879286340554137,0.25333200559369756,0.04021851456299678
validation,v4_11_content_sichen-x_search-engine_test_htable.py.txt,4,4,0.0005141146635426911,0.0648693520960549,0.1218101096559956,0.1818832143891149,0.338047520980926,0.2928756882143658
validation,v4_11_content_sichen-x_search-engine_words.py.txt,4,2,6.647222903847522e-05,0.20219887772572945,0.22953167179784897,0.14868753677158833,0.19278885156931003,0.22672658990648473
validation,v4_1_content_Chunning-Zhou_MILPBasedSearchAlgorithmDiff_model.py.txt,4,1,0.004763851798770679,0.2210666675992347,0.19969504914213107,0.19822068418419872,0.21262535382176956,0.1636283934538953
validation,v4_1_content_Chunning-Zhou_MILPBasedSearchAlgorithmDiff_parameter.py.txt,4,4,0.2899522004208293,0.005427634540553959,0.10657791942722321,0.00038008074623606364,0.5407033773432122,0.05695878752194534
validation,v4_33_content_chafiknaceri_Credit-Card-Debt_BisectionSearchPayement.py.txt,4,3,4.500233246554234e-05,0.010508471912565646,0.24446914910965595,0.3050915086398606,0.2112465585173073,0.22863930948814498
validation,v4_33_content_chafiknaceri_Credit-Card-Debt_DebtLeft.py.txt,4,5,0.006095812527792203,0.0018535703663419773,0.20351524168155863,0.24002842421297624,0.15910714904626966,0.38939980216506126
validation,v4_36_content_akaif95_U.S-Currency-Patterns_us_currency_regex.py.txt,4,3,0.00011850389164867586,0.18498700001404506,0.09226772196939163,0.24968000985306357,0.2333374344403072,0.23960932983154393
validation,v4_4_content_BenCashman_Linear-Search_linear_search.py.txt,4,4,1.4842365331810639e-05,0.1548780401282005,0.12462803817223299,0.23967481353126197,0.31581532391957395,0.16498894188339872
validation,v4_13_content_ToonBlok_LinkedList_test_pylinkedlist.py.txt,4,3,0.28529679790928575,0.061144124870062815,0.17979592470563224,0.29259312467256915,0.16317931961442736,0.017990708228022678
validation,v4_15_content_udwivedi394_LinkedList_convertBT2LL.py.txt,4,5,7.889872485956177e-05,0.017049228848965734,0.2193960556148168,0.19362818389087985,0.28429958331492555,0.2855480496055525
validation,v4_35_content_dharan-s_Data_Structure_Python_LLPalindrome.py.txt,4,3,0.0012648209004622803,0.01466323665340998,0.2798803899715976,0.30786164659773946,0.181883910234769,0.21444599564202166
validation,v4_3_content_WDI-SEA_python-linked-lists_linkedlist-test.py.txt,4,1,0.0032131653161588886,0.32756232583426514,0.19623016082515737,0.07765672662004852,0.3242028745910406,0.0711347468133297
validation,v4_42_content_TechnoMonoCo_Python-Doubly-Linked-List_LL.py.txt,4,4,0.05485285939245569,0.19667368115273345,0.30761245990958586,0.04102575284807042,0.3177927895786236,0.08204245711853093
validation,v4_7_content_mharsha315_Python---Hangman_Hangman.py.txt,4,1,0.017254079441265696,0.3920606377797803,0.16396749884492778,0.09419274163646811,0.19818893831060574,0.13433610398695248
validation,v4_11_content_ayushkumarshah_Dynamic-Programming-MCM-and-LCS_matmul.py.txt,4,2,0.005265964426248475,0.24172856226355582,0.368897991335582,0.13369736369426022,0.19240572954301732,0.05800438873733608
validation,v4_13_content_trsavi_Largest-Common-Sequence_subSequence.py.txt,4,2,0.002738013928321536,0.0472105641037311,0.37400600091978536,0.20278340772099254,0.27469169755331996,0.09857031577384963
validation,v4_15_content_VakinduPhilliam_Pattern_Matching_Python_Difflib_Pattern_Matching_CL_Interface.py.txt,4,2,0.07232032941259173,0.09279261733122428,0.37462847129638466,0.13955454864240224,0.2466450784468078,0.0740589548705894
validation,v4_15_content_VakinduPhilliam_Pattern_Matching_Python_Difflib_Pattern_Matching_SequenceMatcher.py.txt,4,1,9.414052217462242e-06,0.3636642888719133,0.1905283360148631,0.05525073082479237,0.2899843459032289,0.10056288433298481
validation,v4_15_content_VakinduPhilliam_Pattern_Matching_Python_Fnmatch_Translate.py.txt,4,4,3.908671310849702e-05,0.02248215420003504,0.2559393442441503,0.046088811504287404,0.38178291064845227,0.2936676926899665
validation,v4_1_content_susheelsagar_LCSS_test.py.txt,4,3,0.03148646426751763,0.20742685737118852,0.20248871028599214,0.3380810907282521,0.08280193191423538,0.13771494543281432
validation,v4_3_content_jzwei023_LongestCommonSubsequence_lcs.py.txt,4,2,0.00171552866081464,0.07917105685308146,0.3926125351606872,0.12260154789411867,0.3287578043680423,0.07514152706325568
validation,v4_6_content_greed2411_LCS_main.py.txt,4,2,2.349415910143986e-05,0.08204956780182807,0.2785450649659465,0.2589527591877586,0.2197897103049409,0.16063940358042453
validation,v4_6_content_singh-sidharth_Longest-Common-Subsequence_LCS.py.txt,4,2,6.01373374780656e-06,0.03868777889359794,0.33390470719663706,0.2462261938435653,0.21126746849961914,0.16990783783283273
validation,v4_7_content_kanthagirish-rit_lcs-project_memoization.py.txt,4,5,3.245963905593267e-05,0.04074007373499812,0.16616154482513895,0.11557733264366364,0.3259396731230469,0.35154891603409644
validation,v4_13_content_ShankyTiwari_Naive-Bayes-Classifier-using-python_naive_bayes_supermall.py.txt,4,1,0.013349094054123036,0.25660267200793546,0.14233343011719965,0.18194783154116914,0.23504625804519227,0.17072071423438032
validation,v4_14_content_rajat1401_NaiveBayes_scratch_2016260_ques1a.py.txt,4,4,0.0001276088924697954,0.19758167278048147,0.13968892030138522,0.11332526697745181,0.29309342199442684,0.25618310905378494
validation,v4_29_content_barshaison_Naive_Bayes_Classifier_Prog.py.txt,4,1,0.007411859203265784,0.45745799583696106,0.19285933170608077,0.0027675468960923983,0.3087847689980625,0.030718497359537616
validation,v4_2_content_aspremon_NaiveFeatureSelection_DemoNFS.py.txt,4,2,0.002256217617226774,0.2478190540464351,0.30250207232063014,0.06639124639027301,0.2897051095203144,0.09132630010512052
validation,v4_37_content_saurabhzingade_Naive-Bayes-Basic_naive.py.txt,4,1,0.0002996896561899085,0.2815936797762395,0.1597171772767132,0.11775405825619331,0.2577899894776328,0.1828454055570313
validation,v4_5_content_adityadas8888_Naive-Bayes_naive_bayes.py.txt,4,1,0.0021243140273187722,0.4703640081286493,0.1081772139231364,0.08338754351360034,0.2383550611261821,0.09759185928111302
validation,v4_7_content_pherde_naive_bayes_spam_classifier.py.txt,4,1,0.010011941334901343,0.3511036289124916,0.1215454804798168,0.23120610102916841,0.0804204738582936,0.2057123743853282
validation,v4_80_content_cgeopapa_NaiveBayesClassifier-ham-spam-mail_Bayes.py.txt,4,2,3.810567392859539e-05,0.09879000977541806,0.2964674249596729,0.1867833747880339,0.22476786615207986,0.19315321865086674
validation,v4_95_content_ravularohit_sms-spam-detection_spam_detection.py.txt,4,1,0.0020629175344936503,0.34549395986321546,0.20793001591779658,0.03749005086793214,0.1975207666273555,0.20950228918920666
validation,v4_11_content_OlgaCobaquil_One-Time-Pad_onetimepad.py.txt,4,3,0.01765123865636211,0.05153460461203195,0.2261307938910696,0.36170537306573264,0.08629148683618205,0.2566865029386216
validation,v4_13_content_notpresident35_one-time-pad-machine_STILL_More_Testing.py.txt,4,1,0.0006164951153982845,0.3641031535390025,0.2649275974694124,0.14178746553554503,0.13271582419935218,0.0958494641412896
validation,v4_16_content_rachwong_One-time-pad-code-_Word_guesser_2_.py.txt,4,5,0.0006135624402654403,0.15340737728213855,0.14693077244833083,0.06357336486242006,0.26429726009048427,0.3711776628763609
validation,v4_17_content_blackhawk42_OTP-python_otp.py.txt,4,3,0.0013187267804844484,0.2549359764943305,0.17802390479629296,0.28461456798272183,0.16070536762888282,0.12040145631728727
validation,v4_17_content_jb0xx_decrypt-onetimepad_onetimepad.py.txt,4,1,0.024440710381666324,0.28140615631561494,0.23041372397605275,0.048231495721988295,0.2641503802975173,0.15135753330716029
validation,v4_18_content_jzpero_enigma_main.py.txt,4,1,0.22521123446968325,0.3925765452830331,0.05330108439466131,0.008221878444868146,0.30121837106900873,0.019470886338745316
validation,v4_31_content_tobymyers_codingthematrix_The_Function_problems.py.txt,4,5,0.001213928446755241,0.10033349535331414,0.21240196553228627,0.19263317424659968,0.1969797979392431,0.2964376384818016
validation,v4_7_content_anderspkd_broken-one-time-pad_somecode.py.txt,4,3,0.0007511551979424054,0.28599462829370387,0.19710143578184602,0.3651873227334339,0.07443625196112975,0.07652920603194391
validation,v4_1_content_firmai_ffood_._setup.py.txt,4,3,3.857150868719095e-05,0.01169039521223894,0.3236387705719455,0.33906548047865037,0.07986934535582721,0.2456974368726507
validation,v4_4_content_mrimahajan_advanced_analysis_package_variable_reduction.py.txt,4,1,0.030612654187342395,0.3214760619257948,0.19772891414235308,0.07130301048632724,0.2454411449359376,0.13343821432224473
validation,v4_5_content_harshdarji22_crypto_index.py.txt,4,1,0.019896286351230242,0.4228258185847778,0.08466949989725553,0.010922927421934181,0.4119772230239492,0.04970824472085317
validation,v4_1_content_lucaspauker_factor-perfect-numbers_Factors_Perfect_Number.py.txt,4,1,0.0022537467908387257,0.4032807509909257,0.1459111081719736,0.08604043185186974,0.20694644031615134,0.15556752187824097
validation,v4_2_content_imset_Perfect-Numbers_perfNum.py.txt,4,1,0.27711307144087827,0.376310189149044,0.08221730090913996,0.04452301815017614,0.13825440910675554,0.08158201124400621
validation,v4_3_content_iykadev_pyalgo_3plus1.py.txt,4,1,0.002073284603952794,0.3772783218166707,0.1579819662679235,0.041315080133302,0.37335318306433574,0.04799816411381527
validation,v4_3_content_iykadev_pyalgo_binaryTree2.py.txt,4,5,0.0020642128806742824,0.019936979777282114,0.187718374006379,0.27242711734748326,0.2201104915282885,0.29774282445989286
validation,v4_3_content_iykadev_pyalgo_dragon_curve.py.txt,4,4,8.640091931828034e-05,0.1649808467934921,0.1528839319685664,0.16872711665417367,0.29877949517806535,0.21454220848638414
validation,v4_3_content_iykadev_pyalgo_e_number.py.txt,4,3,0.0005687871412150171,0.1756137253219181,0.07114212371032254,0.4303718064378462,0.07173898591040957,0.2505645714782884
validation,v4_3_content_iykadev_pyalgo_hopcroftkarp.py.txt,4,1,0.18513081730009218,0.32048575290212505,0.2533807989165544,0.015297084125908113,0.18746276248845675,0.03824278426686346
validation,v4_3_content_iykadev_pyalgo_perfect_numbers.py.txt,4,5,3.2657560410869456e-06,0.06406062508303195,0.2470242944144887,0.10354965126435449,0.2921510475680357,0.29321111591404797
validation,v4_5_content_nmcglohon_sequence-squares_calculate_sequence.py.txt,4,1,0.13703274702167412,0.358493567361265,0.18223352170056112,0.12993851758987784,0.0734351192935045,0.11886652703311736
validation,v4_12_content_MarynaTatsevich_Machine-Learning-Regression-Techniques_Random_Forest_Regression.py.txt,4,4,0.00287252308881534,0.2040898116454795,0.20249360020390936,0.013528676150102722,0.4060496962991896,0.17096569261250338
validation,v4_2_content_athul-dev_regression-models_multivariate-linear-regression.py.txt,4,4,0.00021252976181408535,0.20127814180094034,0.10559502010018157,0.04943157418817655,0.37647366127133947,0.2670090728775481
validation,v4_53_content_iamrj846_Predicting-insurance-prices-with-Linear-Regression_MultipleLinearRegressionModel.py.txt,4,4,0.00023275783580887499,0.12798028354173313,0.18524656375044785,0.053184103383546996,0.36401109191119746,0.2693451995772657
validation,v4_64_content_LudweNyobo88_Polynomial-Regression_polynomial-regression.py.txt,4,4,5.919810612106481e-06,0.02981608288704411,0.1855186665907142,0.13121724392021164,0.39872784730045563,0.2547142394909623
validation,v4_6_content_metintorunoglu_Polynomial-Linear-Regression_4_Polynomial_Regression.py.txt,4,4,5.385658573242901e-05,0.10166461901290737,0.18985007279059396,0.06277380104258877,0.3494519053459411,0.29620574522223625
validation,v4_73_content_MachineLearning-Nerd_Multiple-Polynomial-Regression_mllsklearn.py.txt,4,3,2.9461566859658752e-05,0.13509133718490227,0.2644553599432296,0.27939947123038383,0.26066850652330753,0.060355863551317085
validation,v4_76_content_cakmakaf_Polynomial_Regression_for_Random_Dataset_Polynomial_Regression.py.txt,4,2,0.0003937043753755175,0.03913706937509575,0.36411047071833436,0.2459162908799708,0.2822534125520799,0.06818905209914364
validation,v4_92_content_TheCodingRecruiter_Polynomial-Regression-for-Position-Salaries-Machine-Learning-Model_Polynomial_Regression_for_Position_Salaries_Machine_Learning_Model.py.txt,4,4,0.02399632151359119,0.14620086242230365,0.17034251144600893,0.0743870793228106,0.39532609941937863,0.18974712587590695
validation,v4_10_content_Jeremiah9000_prime_numbers_truncatable_prime_numbers_truncatable_faster.py.txt,4,1,0.2470495597336577,0.3233513956420182,0.15012142567143366,0.01898311060699808,0.20195936221907718,0.05853514612681514
validation,v4_18_content_zach010_PrimeOptimus_Prime.py.txt,4,4,0.026637386809796507,0.11175833914488009,0.20070106923823872,0.05663219209360726,0.43587972832349253,0.1683912843899849
validation,v4_22_content_ahmedheakl_Get-prime-Numbers_Get_Prime_Numbers.py.txt,4,4,2.9713944189143677e-06,0.35101540555469346,0.2560464740605306,0.008252026018524301,0.3535325231908366,0.031150599780996092
validation,v4_23_content_cjonsmith_prime_calc_prime_days.py.txt,4,5,0.21775381073656563,0.07918063517841781,0.1281841497114672,0.14293321126181627,0.20660360841064834,0.22534458470108468
validation,v4_23_content_wliabc_Prime-numbers_prime.py.txt,4,4,2.9894642664292584e-05,0.020985454779464785,0.37045203499090423,0.0339261851275153,0.3939059753846692,0.18070045507478225
validation,v4_24_content_jakubfolta_PrimeNumber_Prime.py.txt,4,1,0.0014786079469496,0.2962079586720384,0.2758691747858216,0.04883385886760005,0.17035329990139775,0.20725709982619261
validation,v4_25_content_diXime_PrimaryNumbers_utx.py.txt,4,4,0.1350645963261884,0.19139064257209207,0.13273901877382874,0.05257325789973782,0.2996209576378094,0.18861152679034376
validation,v4_37_content_coertquinton_number_sequences_start.py.txt,4,4,0.00019658703042557454,0.00656636557264513,0.24659896907576437,0.12340180169622507,0.3317307334386839,0.29150554318625593
validation,v4_8_content_lesscake_prime-numbers-eratosthenes_naive.py.txt,4,5,3.0339522252693096e-05,0.12388804320792281,0.22658279140738755,0.1767622657374473,0.20744544027595818,0.2652911198490316
validation,v4_5_content_abcsds_Prim_exampleL.py.txt,4,4,3.4374326737486595e-06,0.23944342750181255,0.19586089059330952,0.1314298084566158,0.27506419280334565,0.1581982432122427
validation,v4_6_content_usbogie_MSTcreator_Node.py.txt,4,2,8.621066633144941e-05,0.01086981824122552,0.5131884056760823,0.12732682526496258,0.17087556909553941,0.17765317105585887
validation,v4_6_content_usbogie_MSTcreator_Prims.py.txt,4,2,1.4838175866654787e-05,0.0506731442426291,0.2883872699215096,0.2877057898064337,0.13901306937745064,0.23420588847611032
validation,v4_7_content_MadalinaMircea_GraphAlgorithms_UI.py.txt,4,4,0.17541355963978306,0.015847568382564004,0.012073732383702738,0.03928879768732322,0.41854229915169444,0.33883404275493256
validation,v4_23_content_ymohanty_data-analysis_classifiers.py.txt,4,4,1.5506071282708282e-05,0.1486647306925277,0.23100993474610573,0.18053557120811153,0.2380295468941353,0.20174471038783703
validation,v4_36_content_arpan-ghosh_python-data-algorithms_LinearRelationshipFit.py.txt,4,3,0.02954567166273441,0.16245953430406557,0.19559244204635168,0.2823137764623082,0.1569614186317608,0.17312715689277924
validation,v4_3_content_HelloJahid_PCA-Principal-Component-Analysis-_PCA_with_Iris_datsets.py.txt,4,2,0.00013607957755042445,0.14289549361143672,0.3947678151818143,0.13116485899585212,0.2157951375599529,0.11524061507339356
validation,v4_41_content_bhavaniprasad73_Principal-Component-Analysis_PCA.py.txt,4,4,0.0038700415171372656,0.04070536730824468,0.1747717671668855,0.24010286092623023,0.27986555473151126,0.260684408349991
validation,v4_49_content_christianThardy_Principal-Component-Analysis_pca.py.txt,4,3,0.002269180188062127,0.12985693196802942,0.16555326362637265,0.3402943409358298,0.05391873876440921,0.3081075445172968
validation,v4_5_content_cylance_lazy-stochastic-principal-component-analysis_plot_model_perf.py.txt,4,4,9.741343774770136e-06,0.2032907578726978,0.23635173048611766,0.14057874511574475,0.29846777999366975,0.12130124518799522
validation,v4_7_content_syamkakarla98_PCA-On-IRIS-Dataset-With-Classification-Using-KNNC_iris_after_pca_knnc.py.txt,4,4,0.0026295429466872845,0.20227930164163352,0.21573085013899637,0.12311888231106075,0.2715793928891203,0.18466203007250176
validation,v4_84_content_rayjc_ml-pca-foreground-removal_miscHelper.py.txt,4,2,4.6721182325288556e-05,0.08936824829072718,0.3295853029262201,0.3124211091956293,0.1402589881354716,0.1283196302696265
validation,v4_93_content_djzgroup_Visual-basedCharacterEmbedding_123.py.txt,4,4,0.004614476117690495,0.07030554629214544,0.18872170889048887,0.13230442332960232,0.3468382015685346,0.25721564380153833
validation,v4_94_content_rohithdot_ImageCompression-PCA_code.py.txt,4,5,0.0007231755822118439,0.1299095093614189,0.1683368796653964,0.19926170750256475,0.19686567795759696,0.30490304993081113
validation,v4_12_content_shinevalora_asyncio_tornado_queues_requests_demo_test.py.txt,4,0,0.37401434613952,0.24972836344174854,0.0226296983482556,0.10399875149434407,0.12030725146190362,0.12932158911422817
validation,v4_1_content_modulus100_python-datastructures-algorithms_linked_list_reverse.py.txt,4,1,0.00277863984149935,0.263551507516119,0.08057449697785254,0.25717474180845057,0.1974981159470221,0.19842249790905647
validation,v4_29_content_0517_QueueSimulation_simple_queue.py.txt,4,2,0.20014086612654314,0.09373163406592573,0.23597129573682213,0.15781880623555636,0.16253423158834904,0.14980316624680368
validation,v4_30_content_HumaneWolf_telegram-spotify-queue_telegram_spotify_queue.py.txt,4,4,0.00381386315216584,0.20074322769987762,0.21101101074077888,0.13432780482923026,0.32381235935067704,0.12629173422727025
validation,v4_31_content_danieltshibangu_QueuePay_diranySolution.py.txt,4,3,0.00038217807330979026,0.1041060317944228,0.20056132328770376,0.262005831899889,0.19468084470412578,0.23826379024054886
validation,v4_3_content_colinmcnicholl_queueing_theory_homework3_map6264a.py.txt,4,3,2.4760606566717617e-05,0.04490565143847114,0.06932047229038617,0.418377828489917,0.13338139611149882,0.3339898910631602
validation,v4_41_content_sweeneyde_IndexedHeap_dijkstra.py.txt,4,4,0.013133384372570089,0.07800933709458302,0.15164635367936427,0.22758953951743124,0.29929708033577096,0.2303243050002804
validation,v4_45_content_discovervlad_herman-flask-redis-queue_manage_worker.py.txt,4,4,3.4419843067571305e-08,0.09062626481886471,0.243864189336682,0.15042490133670225,0.2657518615766215,0.2493327485112865
validation,v4_45_content_kriti149_Text-Summarizer_txt_summarization.py.txt,4,4,0.011687736288832103,0.06181210164132802,0.2452081329291981,0.0404846873394131,0.5156883111267063,0.12511903067452237
validation,v4_52_content_NYU-Molecular-Pathology_queue-stats_qstats.py.txt,4,2,2.1413605081182897e-06,0.09277136149909956,0.26757941407984126,0.17722863852871268,0.2663589577695405,0.19605948676229792
validation,v4_57_content_sangyh_discrete-event-simulation_read_output.py.txt,4,2,0.0010296976905503508,0.1262319735837854,0.3239362105731104,0.2519258782135347,0.1915122720283866,0.1053639679106327
validation,v4_10_content_adrianvellamlt_Quick-Sort---Insertion-Sort_utils.py.txt,4,1,0.014204363237399074,0.35661918098354933,0.15328469571225023,0.017753490345281453,0.34786973978209684,0.11026852993942303
validation,v4_14_content_briholt100_rogersQ_rogersQ.py.txt,4,3,0.06563866949415696,0.0743208564569665,0.19277481128880194,0.26669530233027006,0.26225776423727615,0.1383125961925283
validation,v4_24_content_vijayant123_music-sortt_sort.py.txt,4,4,0.0012092603197951064,0.11333322654932527,0.3086067493527966,0.06737621544110957,0.3531338513148939,0.15634069702207953
validation,v4_28_content_kimdanny_HeapSort-and-QuickSort-Comparison_quicksort.py.txt,4,5,0.0009201659755511848,0.0854340835616239,0.2442050207276441,0.22654913550095868,0.19492246134357766,0.24796913289064454
validation,v4_29_content_flintlouis_Sorting_algo_mergesort.py.txt,4,1,0.03487580580809713,0.4079033728488976,0.09223495713070706,0.05355016192952226,0.29067975905190946,0.1207559432308665
validation,v4_30_content_XiaogeWang_Sort-Algorithms-Python-Version-_heap_sort.py.txt,4,5,3.713906218669092e-05,0.146230202315949,0.159871156758985,0.18666440043563998,0.20771548833723025,0.2994816130900091
validation,v4_38_content_TadayoshiCarvajal_Sorting-in-Python_sortingAlgorithms.py.txt,4,4,0.0018204679899668614,0.24616878759511995,0.17785121143109295,0.16614372431219349,0.2531890018342956,0.15482680683733116
validation,v4_3_content_iRGBit_indexhelper_indexer.py.txt,4,5,7.984897088567055e-05,0.15251434210524814,0.1912065714432158,0.15789228923829107,0.2399254375868529,0.25838151065550646
validation,v4_4_content_varuntahin2210_ConversationalBot-Restaurant_nlu_model.py.txt,4,3,0.004744799238145494,0.04985049406079262,0.21967488077460143,0.2790837569134118,0.27612705585533576,0.17051901315771276
validation,v4_52_content_RefaelBeker7_Sorting-Algorithms-Python_ExampleSort_sixDifference.py.txt,4,2,0.009113115773182781,0.14358706643255822,0.3922358978574606,0.17802727583864122,0.20555115163116613,0.0714854924669909
validation,v4_10_content_Bala96_Recursive-Func_nestedeaser.py.txt,4,0,0.283964835818374,0.022894656468212895,0.11799691207028376,0.14752392494798916,0.23522664558937917,0.1923930251057608
validation,v4_18_content_Shweetz_TicTacToeSolver_solver.py.txt,4,1,0.06383503697899973,0.5318147584860486,0.10004959550881079,0.050494515387138415,0.16918235895608777,0.08462373468291465
validation,v4_33_content_prabhatpal77_Complete-core-python-_globalandlocalvar.py.txt,4,2,2.0856324674567403e-07,0.2038070191190911,0.28855804453679096,0.1667746882871909,0.11331390892607632,0.22754613056760398
validation,v4_34_content_bsmorton_linked-list-python_linkedlist.py.txt,4,1,0.00035126189884653416,0.4073419301889055,0.11067372454555696,0.049978121866210194,0.2791509528054641,0.1525040086950167
validation,v4_34_content_stephypy_CS2302PasswordCracking_Main.py.txt,4,1,0.0020533061589231285,0.3838818834503238,0.09110834899484202,0.15384728459184013,0.15928778851321934,0.20982138829085167
validation,v4_36_content_Zattri_tutorial-recursion_recursion.py.txt,4,2,6.043659604128699e-05,0.046412171581677465,0.34799391398541374,0.12689452486214678,0.3302794371975343,0.14835951577718637
validation,v4_38_content_davidcarrollnyc_Recursive_Python_WebScraper_BeautifulSoup_into_MongoDB_insertIntoMongo.py.txt,4,5,0.0006524348917545406,0.2319869262051054,0.12944163854233032,0.21418688104852301,0.15298372918777997,0.27074839012450674
validation,v4_9_content_ahmetfbayrak12_Python-Recursive-Functions-and-Dynamic-Programming_hw5-plot.py.txt,4,3,0.01478007232132137,0.2428059147590884,0.13844979010582276,0.28378878805322594,0.0870775981733639,0.2330978365871776
validation,v4_17_content_fxbp_spd-5_criptoanalisi.py.txt,4,4,1.650326041000898e-05,0.055875075201414916,0.29616178800549586,0.07696089619527381,0.37072978405025214,0.20025595328715315
validation,v4_34_content_ptfn_rsa_main.py.txt,4,1,0.06685341473797295,0.3484375566158265,0.08909819664182651,0.07808588527670093,0.18323333511916728,0.23429161160850567
validation,v4_49_content_mrsondeptrai1999_RSA_Summer_2017_project_Decryption.py.txt,4,4,2.1034005717781902e-05,0.24869194598936728,0.16977526410205965,0.05351695431984137,0.3541818722837189,0.17381292929929507
validation,v4_52_content_CorrineTan_Digital-Signature-Schemes-Evaluation_eddsa_25519.py.txt,4,2,0.03553272284404188,0.1349058965396698,0.2669615172452135,0.1401099130589971,0.2611526879353702,0.16133726237670756
validation,v4_8_content_hertelukas_rsa_primeCheck.py.txt,4,4,0.0021082302173713887,0.27807679152004255,0.20678343765910573,0.07705111193406046,0.33062221193286523,0.10535821673655457
validation,v4_95_content_anurag423_Python-Project_eKeyGen.py.txt,4,1,0.001121121441348848,0.29103400346161834,0.2749213102105717,0.0819827664892813,0.23929368126359166,0.11164711713358831
validation,v4_97_content_rusrom_cryptography_rsa_sign_create.py.txt,4,4,0.000397107017624052,0.0439158992034871,0.3169862253314548,0.09007728286299255,0.36997451477781046,0.1786489708066311
validation,v4_12_content_wallaceicy06_room-draw_roomdraw.py.txt,4,0,0.5660596758679904,0.2624968453013335,0.00455246893035286,0.039374786144673185,0.10285428974612243,0.02466193400952751
validation,v4_14_content_codearemo_selction-sort_selection_sort.py.txt,4,2,0.0002583854763209633,0.062306351789454734,0.40314245823951844,0.10590547126554879,0.35177756243284963,0.07660977079630744
validation,v4_18_content_algorithmproject_Selection_sort_scripts.py.txt,4,1,6.602133570134191e-05,0.41735362403568965,0.12996105157922558,0.09579873314864795,0.1621673234141365,0.19465324648659904
validation,v4_27_content_CodeDrome_selection-sort-python_selectionsort.py.txt,4,2,3.0327235006830347e-05,0.16451568259121047,0.24687038317689666,0.1828165769809228,0.22717855568571002,0.17858847433025318
validation,v4_32_content_AAMergulhao_Sort_Algorithms_algorithms.py.txt,4,5,0.004243666930214428,0.26770381030000145,0.10319468376790311,0.19302314562403614,0.13070510308250247,0.30112959029534236
validation,v4_32_content_TadayoshiCarvajal_Sorting-in-Python_sortingAlgorithms.py.txt,4,4,0.00040716651343065637,0.2681290004824291,0.17484369530094937,0.10540428354098652,0.315777558302512,0.13543829585969241
validation,v4_49_content_guptavasu1213_Comparing-Sorting-Algorithms_compare_sorting.py.txt,4,0,0.40160437121160936,0.09899232460786866,0.0753876401156042,0.13933919489568236,0.11409336476141901,0.17058310440781643
validation,v4_9_content_naviechan_sortingAlgorithmDemo_main.py.txt,4,1,0.025952351234772183,0.35050419614947126,0.09748375103153045,0.07392387807859153,0.29550834034474743,0.15662748316088715
validation,v4_3_content_GentaHI_SteganografiLSB-ImageToImage_steganography.py.txt,4,2,0.002525032802906646,0.11373739979165555,0.3112957998394986,0.15586097361289103,0.2841466447670074,0.1324341491860406
validation,v4_13_content_preetidurai_Spam-Ham-Classification-using-NB-and-LR_naiveBayes.py.txt,4,2,0.011902814037915708,0.04860125748208059,0.3007392190409903,0.12136861636426577,0.2537164878324865,0.2636716052422611
validation,v4_14_content_prachij94_Category-altname-analysis-without-stopwords_altnameStopwords.py.txt,4,1,0.004838953528198408,0.3885427397466838,0.17046738629796607,0.1369842884480427,0.23493516656698962,0.06423146541211945
validation,v4_15_content_ganigavinaya_LogisticRegression_LRwithoutStopWords.py.txt,4,1,0.01736536293319607,0.29878244726926595,0.20782648909773632,0.1435989019949095,0.20282929031955416,0.12959750838533807
validation,v4_16_content_NB-prog_INTERN-2019_config.py.txt,4,4,3.7760153123420424e-08,0.045446647648619595,0.3276661550769143,0.0035460537018434106,0.3422859332160419,0.2810551725964276
validation,v4_28_content_vinaykumarbu_sentiment-analysis-deeplearning_preprocess.py.txt,4,4,6.297409235411101e-06,0.0921444280564519,0.2728119225420783,0.179938396330288,0.2931355917094417,0.16196336395250482
validation,v4_5_content_andresionek91_portuguese-stop-words___init__.py.txt,4,5,2.053894720954801e-09,0.00018541319016333646,0.1762022219082432,0.03514795839667295,0.3914604748038768,0.3970039296471489
validation,v4_7_content_satyammittal_IRE-Stopping-Words_hindi.py.txt,4,2,1.674580406841092e-05,0.23123744335319318,0.2585197924563356,0.13254171537332837,0.16117290247076285,0.2165114005423116
validation,v4_1_content_DanShai_kernalized-tsne_kernels.py.txt,4,5,0.0024662455542467303,0.004611314418844296,0.11888189613147744,0.28173668819179715,0.29591087690630136,0.29639297879733295
validation,v4_17_content_lo1gr_tf-idf_hadoop-Spark_reducer3_A.py.txt,4,4,0.0009012965741773183,0.14424586920152652,0.2964717890915604,0.03643874126614767,0.42277112740221334,0.09917117646437479
validation,v4_41_content_antoinewg_ocr-tfidf_reducer3.py.txt,4,2,7.420308247589006e-05,0.16287556588915558,0.271644299147905,0.23194327447594942,0.1652564450074382,0.16820621239707595
validation,v4_53_content_rghv404_Language_identification_make_predictions.py.txt,4,2,2.1235309641978317e-05,0.1442231738915385,0.30319479140603894,0.10410210768878159,0.23617750034780027,0.21228119135619863
validation,v4_55_content_AustinZuniga_Auto-tagging-of-Theses-and-Dissertations-of-Bicol-University-Searching-and-Matching-_main.py.txt,4,4,0.00046609683579034355,0.14514359588582856,0.18823440393204208,0.024995615242665952,0.3641157048900057,0.27704458321366743
validation,v4_58_content_zhaoyichanghong_machine_learing_algo_python_fuzzy_c_means.py.txt,4,2,0.0010245245369632896,0.0823981831568982,0.354788784745517,0.1259566991315937,0.33052091687870944,0.1053108915503184
validation,v4_58_content_zhaoyichanghong_machine_learing_algo_python_pla.py.txt,4,4,0.0006529255491833745,0.03528354858964109,0.22523368214185172,0.18917767284025852,0.33794923199173116,0.21170293888733419
validation,v4_13_content_gissimo_nsc_do_nsc.py.txt,4,4,0.0008180077546131655,0.16699255176322567,0.28481532323196934,0.0875440023222431,0.2908235460450272,0.1690065688829215
validation,v4_32_content_clee1994_MasterThesis_table_helper.py.txt,4,4,0.009907194122238288,0.29582216678153594,0.20716382888681148,0.03727483118112939,0.3305666091128609,0.11926536991542402
validation,v4_35_content_XiaoCode-er_image-digital-express_cluster_mean_variance.py.txt,4,4,2.977130728169054e-05,0.00967405542871328,0.3750678398890031,0.09675927090612732,0.39391095550738187,0.12455810696149264
validation,v4_35_content_XiaoCode-er_image-digital-express_image_calculation.py.txt,4,4,0.00026066769424470455,0.06579958203595175,0.29281350642258064,0.189009485370331,0.36937327951153537,0.08274347896535651
validation,v4_3_content_facebookresearch_deep-variance-reduction_cifar_wrapper.py.txt,4,4,4.17008207244022e-05,0.02749440769699432,0.2574114869077764,0.12096960086539037,0.3486688668762711,0.24541393683284335
validation,v4_9_content_dumebi_Predicting-Boston-Housing-Prices_work.py.txt,4,2,6.427594174235841e-07,0.018887409441021588,0.30114801774721284,0.29567236475894704,0.1873680030904757,0.19692356220292537
validation,v4_14_content_Bakhtiyar-Garashov_IMDB_Movies_Ratings_Project.py.txt,4,2,0.0015854915170390037,0.20301343181916437,0.28609857455325954,0.1352494359774396,0.22304289840102315,0.15101016773207426
validation,v4_16_content_esnmrdi_fragranceadvisor_perfumes_scraper.py.txt,4,3,0.00012134812208089866,0.21758538375841388,0.1926770127100877,0.29901340837067913,0.1823396130000287,0.10826323403870974
validation,v4_21_content_DaSunnySide_Stock-Analysis_csv_practice.py.txt,4,2,0.0038368086894806706,0.12462069781526572,0.355153526625693,0.22865529033727572,0.16068129836020342,0.12705237817208145
validation,v4_39_content_kghimire192_Electoral_Map_Coloring_Project1.py.txt,4,2,0.00018526061142781585,0.2579955000064409,0.285945313473426,0.16249731426198075,0.25191878667467493,0.0414578249720497
validation,v4_3_content_ahmedelfateh_scraping_CimaClub_scraper_urllib.py.txt,4,2,1.8534892898576417e-06,0.30414972905534315,0.3168218624501781,0.041131395139355154,0.25855540700687735,0.07933975285895636
validation,v4_40_content_Grijesh-Chauhan_aadhaar_webrequests.py.txt,4,4,0.0009344316095434424,0.23807546198856488,0.20988318950691578,0.11251760824411762,0.25050863414825886,0.18808067450259938
validation,v4_42_content_naomistuart_flight-scraping_flightscraper2.py.txt,4,4,5.0048177621149294e-06,0.11191273641538514,0.2686240536048827,0.09394373590302678,0.3621905384648138,0.16332393079412946
validation,v4_46_content_AnuragSinghKushwah_anonymous-scraping_luminati_proxy.py.txt,4,2,0.00022620017256116894,0.1604754768329257,0.3609695032503994,0.06414699201523545,0.31831146498149976,0.09587036274737852
validation,v4_51_content_palashjboro_Web_Scraping_weather_info.py.txt,4,2,0.03638275257181899,0.19791228474766884,0.29364573085282364,0.07390791670023232,0.26659964686886434,0.13155166825859188
validation,v4_63_content_will62185_web-scraper_oil-scraper.py.txt,4,4,6.255353157105224e-05,0.06774660190802523,0.24213763088543794,0.2589145232574844,0.2641708927745487,0.1669677976429327
validation,v4_64_content_andrewrgoss_yahoo-fantasy-fball-scraper_player_season_projections.py.txt,4,1,0.05405760500153173,0.24246043332311285,0.17060052800561612,0.2030100249756286,0.11915015191144941,0.2107212567826613
validation,v4_65_content_nyavramov_monitor_web_page_changes_monitor_unit_tests.py.txt,4,5,0.00014122429213180674,0.008880151966153502,0.2778053069021188,0.22078207759978094,0.19775898617551002,0.2946322530643049
validation,v4_71_content_EltonK888_web_scraping_c01_scrape.py.txt,4,2,0.0001595242969426856,0.10783706355563165,0.2670048185654131,0.20942112877272578,0.25576011109042646,0.15981735371886038
validation,v4_71_content_sairoopb_WebScrape_CBase_code.py.txt,4,1,0.15361922307535625,0.4445896082348278,0.06404386165788536,0.04292571751250546,0.19855383700172405,0.09626775251770112
validation,v4_74_content_jrathin_Web-Scraping_db.py.txt,4,4,0.004069208231034209,0.26102642598862597,0.28017286011544507,0.029992639151368565,0.3746430803668264,0.05009578614669972
validation,v4_74_content_jrathin_Web-Scraping_injury.py.txt,4,4,1.3057887501804126e-05,0.0966776779216543,0.26885642586523784,0.18035208834736796,0.35415869254333043,0.0999420574349075
validation,v4_84_content_bhavnesh2211_Webscraping_imdb_Scraper.py.txt,4,4,0.001514126947384423,0.25297306350952914,0.21114218350455335,0.05625342729017067,0.351191260564969,0.1269259381833934
validation,v4_8_content_casper-hansen_Web-Scraping-Reddit_scraper.py.txt,4,4,0.0010337455387901524,0.11722263077416603,0.24180277440288084,0.11198988737155764,0.3277965142807275,0.20015444763187784
validation,v4_94_content_adithyavasisth_VTU-Result-Scraper-with-CAPTCHA-Bypass_scraper.py.txt,4,4,0.009771537335377424,0.27466311336421095,0.2741072890364078,0.04266404899029972,0.36589386286362974,0.03290014841007422
validation,v4_95_content_SebastianRV26_WebScraping-WordCloud_primerM_todoParalelo.py.txt,4,4,0.0001350015397526626,0.08679733999021924,0.22411795473678814,0.059022803475737434,0.33908152867725494,0.2908453715802476
validation,v4_98_content_pratz0499_web-scraping_flipkart.py.txt,4,4,0.0001669050201307919,0.10869156635677787,0.23769864918324055,0.14786721978857736,0.2584143279738827,0.24716133167739088
validation,v5_20_content_Numanor_pyssocks5_local.py.txt,5,3,0.025528926399299334,0.02305985044816367,0.1712712650390585,0.32150097989605453,0.23393870273864278,0.2247002754787811
validation,v5_3_content_srimani-programmer_AES-Cryptographic-Tool_Script.py.txt,5,3,7.191941826576854e-05,0.2214424380498611,0.13099624222576334,0.2795308060434605,0.10027295442363036,0.26768563983901883
validation,v5_4_content_HamzaMhirsi_Chat-Server-Client-Python-AES-SHA_server.py.txt,5,1,0.00023550922846748268,0.36963238398380294,0.10136680809646091,0.1707659922051125,0.2061667649545332,0.15183254153162296
validation,v5_5_content_LuttaKing_AES-style-Encryptor-Decryptor_encryptorGUI.py.txt,5,3,0.024413729506739094,0.05157619156455446,0.2519233643827806,0.3541526340725792,0.12484675364012585,0.1930873268332208
validation,v5_9_content_Technofreakcritic_MQTT-AES-Compression_pub_aes.py.txt,5,4,0.003479131560911468,0.19927380295640515,0.23860368460641163,0.07474371391387116,0.3554523309184733,0.12844733604392727
validation,v5_10_content_Ethan2018_Apriori_APRI.py.txt,5,4,4.8437636531295274e-05,0.06993938038686763,0.23851952275874014,0.21742174852862758,0.23935267259925,0.23471823808998327
validation,v5_11_content_SabikAbtahee_Apriori-Implementation_AprioriAlgorithm.py.txt,5,1,0.0006706237606710555,0.27781761857344295,0.19574823965964555,0.20345452079166215,0.1455870659386698,0.1767219312759085
validation,v5_14_content_Dawlatly_Recommender-system_apriori.py.txt,5,4,0.00012241417827013918,0.19286962589320178,0.24782289296678595,0.10023402224473892,0.3341166372607318,0.12483440745627127
validation,v5_14_content_wiktorjl_algorithm-apriori_apriori.py.txt,5,3,7.521924531336145e-07,0.1451158113888474,0.1303470636370571,0.29428750974211165,0.1772006698900997,0.2530481931494311
validation,v5_3_content_Avinash793_FPGrowth-and-Apriori-algorithm-Association-Rule-Data-Mining_Apriori-algorithm-using-HashTree.py.txt,5,3,0.023876466698786743,0.13327361936903961,0.18188452760614038,0.27556654274326325,0.21701125239920757,0.16838759118356245
validation,v5_3_content_ravinderiiit_Market-Basket-Optimisation-by-apriori-Algorithm_apriori.py.txt,5,3,2.2347099052135656e-05,0.05202218249478128,0.21279881545261012,0.3529770259067039,0.12055789147421524,0.26162173757263746
validation,v5_4_content_shivang98_Market-Basket-Optimization_apyori.py.txt,5,4,0.00014713640928104931,0.10043666335556865,0.16169525080794891,0.14599629790153862,0.3170078204787483,0.2747168310469144
validation,v5_5_content_aaronzira_apriori_miner.py.txt,5,3,0.0009540833386148565,0.21281338741659261,0.05337951480973293,0.34634354076594864,0.06667781543057943,0.31983165823853155
validation,v5_5_content_kushagradarkdk_AssociationRuleMining_Apriori_Comet.py.txt,5,3,0.008781494852958493,0.1986834772166162,0.1888171053314508,0.2927770550671658,0.11835132985192143,0.1925895376798874
validation,v5_7_content_akshattrivedi_IT-Sales-With-Recommendation-System_manage.py.txt,5,4,0.0019914474427399384,0.045983324949525554,0.28122062582656476,0.14017962692405772,0.30885958969133975,0.22176538516577224
validation,v5_7_content_DMDarkness_Data-mining_Example_pyclt_fp2ar.py.txt,5,2,0.004421346149315951,0.04403614019348038,0.4578702736826362,0.15506745454105061,0.20503789712024661,0.13356688831327027
validation,v5_7_content_DMDarkness_Data-mining_fp2ar.py.txt,5,3,0.01835380036411679,0.01537528117152867,0.1917014832026441,0.3074624645000494,0.1909820768886195,0.2761248938730417
validation,v5_1_content_sadnessFree_arima-lstm_combine-svm.py.txt,5,3,0.16625297747886422,0.16272783788127795,0.17634180927410273,0.2419642019697821,0.10429252941810009,0.14842064397787288
validation,v5_1_content_sadnessFree_arima-lstm_combine.py.txt,5,3,0.01650690341688588,0.051425271909720786,0.11018952966218162,0.40665511464009324,0.09572442433584541,0.3194987560352731
validation,v5_28_content_yifan0330_stock-trader_stocktrade_final.py.txt,5,4,0.0014402060351251648,0.08858367241820758,0.25222953696762707,0.1021046521619412,0.34733147902158695,0.20831045339551213
validation,v5_28_content_yifan0330_stock-trader_stocktrader.py.txt,5,5,0.00024655557647217325,0.15633023242331612,0.2143204820148695,0.08871096950331113,0.26492604640399947,0.2754657140780315
validation,v5_2_content_polyphilz_pricing-weather-derivatives_clean_data.py.txt,5,3,2.804669975585884e-06,0.024538128916878524,0.15739000139706655,0.3740929594801578,0.08757088329353756,0.356405222242384
validation,v5_2_content_yyqcs_time-series-model_encoder_decoder_fullv-1.py.txt,5,5,4.5960014700026136e-05,0.11745158539818436,0.22974244059757057,0.19884127229889215,0.20693442797866635,0.2469843137119865
validation,v5_3_content_rentseen_ARIMA-forecast_CAVMP.py.txt,5,5,0.2094412250197921,0.168625645924936,0.13386569480786223,0.0909429381896726,0.18229791353185493,0.21482658252588238
validation,v5_47_content_Eric-Muthemba_investing_scrapper.py.txt,5,4,0.07359884328390322,0.2238567044828135,0.21825727786023022,0.04685245446722139,0.324348221010525,0.11308649889530664
validation,v5_48_content_harishchellappa_Time-Series-Analysis-Bike-Sharing-Demand-Forecasting_forecasting_2.py.txt,5,4,2.339768262518129e-05,0.14389734120475048,0.1668285807361822,0.13434315997207122,0.2896405343427893,0.2652669860615816
validation,v5_9_content_MauTorresE_ARIMA-Forecasting-AutoSelectParams_ARIMA_model.py.txt,5,4,0.0006405159240743343,0.3024020745188796,0.05806517754934881,0.16042769188513517,0.30657944822201266,0.17188509190054946
validation,v5_1_content_dedeco_dijkstra-bellman-ford_teste_lobo_djt.py.txt,5,3,0.00016478371687937623,0.24713755582431712,0.24778377177488833,0.27175304671350126,0.06592404179697368,0.1672368001734402
validation,v5_7_content_ardyerwanda_SDN-Bellman-Ford-Pyretic_routebellman.py.txt,5,3,0.0004961646210880308,0.007471540277587454,0.1009753170158177,0.3048471155491071,0.2927508543299646,0.293459008206435
validation,v5_7_content_ardyerwanda_SDN-Bellman-Ford-Pyretic_routing2cost.py.txt,5,3,0.0011398434487415604,0.047435224348477883,0.22826244604597043,0.33033213733396005,0.1327883921040901,0.26004195671876
validation,v5_11_content_davedennis_DFS-and-BFS-Search_dfbf.py.txt,5,3,4.336170219852284e-05,0.0735380563832485,0.22471343913483088,0.2698654166602375,0.17898069751247,0.25285902860701454
validation,v5_1_content_minar09_bfscore_python_evaluate_single_image.py.txt,5,5,0.002331865642637108,0.22393325233582909,0.07920778614453962,0.2017928326528235,0.20437963580697893,0.28835462741719164
validation,v5_38_content_SamDaQueen_Algorithms-In-Python_Binary_Search_O_log2n_.py.txt,5,2,0.0007576711508116494,0.16581684860913432,0.28738479824895014,0.16111098690464448,0.13847967237329237,0.24645002271316702
validation,v5_43_content_odubno_ford-fulkerson-max-flow_test_max_flow.py.txt,5,2,1.1566148690892261e-06,0.11289795551552106,0.2613936903485873,0.19902045940206656,0.20717073557344934,0.21951600254550668
validation,v5_51_content_rrraharja_Kecerdasan-Buatan-AI_Project_DFS.py.txt,5,5,0.0008916440395004153,0.031276584837620525,0.26344456117710635,0.1250433022137073,0.2676786064820071,0.31166530125005826
validation,v5_59_content_orzinger_8-Puzzle-game_World_State.py.txt,5,4,0.031444445028850694,0.01670186948251486,0.16597841254616755,0.21542813681044118,0.295903838721084,0.2745432974109417
validation,v5_7_content_mhkhojaste_sliding-puzzle-with-search-algorithms_Problem.py.txt,5,3,0.008819566043547113,0.028904575277056813,0.24765908755234214,0.33213417561274533,0.07335658227174043,0.30912601324256833
validation,v5_10_content_circulosmeos_haveibeenpwned-binary_pwned-pass-binary-fast.py.txt,5,4,1.0763079310913765e-06,0.04976912415627303,0.2456179589565886,0.25081525729272075,0.26294527590704414,0.19085130737944242
validation,v5_10_content_gochieng_BinarySearch_test.py.txt,5,4,0.010334149762750655,0.20856099951816157,0.1242052500182618,0.07533132382095822,0.2924796249520225,0.2890886519278453
validation,v5_10_content_ivanbgd_Self-Balancing-Binary-Search-Trees_Test_BST_Iterative.py.txt,5,3,0.0013342545949352241,0.20693992585307555,0.05463450149860715,0.3644489011442625,0.06032587922172381,0.312316537687396
validation,v5_24_content_Patrik-Stas_kata-bst-tree_bst_ll.py.txt,5,5,0.0005807426638307994,0.008423205608784755,0.20509821868642314,0.33219017076062396,0.11742933734408127,0.336278324936256
validation,v5_3_content_6e726d_binaryninja-search___init__.py.txt,5,5,0.0012545617255178255,0.09274478339009677,0.24036990031021435,0.15812451746783066,0.17343497334952973,0.3340712637568106
validation,v5_40_content_ajh1143_BinarySearchTreePractice_BST.py.txt,5,3,0.00921625866008631,0.05346173647176867,0.14221259058146765,0.31108856161824056,0.20214431226369847,0.28187654040473814
validation,v5_4_content_vieirinhaabr_balanced_binary_search_tree_tree_tester.py.txt,5,5,1.89537576455492e-05,0.021174853434860374,0.1677124282530806,0.25766094727358135,0.26675772439968626,0.2866750928811459
validation,v5_54_content_pr1998_Student_Management_System_main.py.txt,5,3,0.000259450730600696,0.025367687010202717,0.172069911302931,0.35555585051480604,0.1520102905887197,0.29473680985273976
validation,v5_7_content_kristianespina_python-binary-search-tree_binary_search_tree.py.txt,5,1,0.0009475113631447816,0.33568000128042574,0.2521765205886144,0.1546756676390279,0.1765874874380196,0.07993281169076755
validation,v5_10_content_shehand_Game_Graphics_using_Binary_Search_Tree_calc.py.txt,5,5,0.016340492466199664,0.14098736717092017,0.13532341117003027,0.2169787507210604,0.22760459177787568,0.2627653866939138
validation,v5_18_content_HDShaw_Runaway-Reservation-System-BST-_AVL_tree.py.txt,5,2,0.0014651130658913688,0.260283045624105,0.3654802854840157,0.122464861311852,0.19405635998175116,0.05625033453238469
validation,v5_1_content_jdmcpeek_pretty-print-binary-tree_tree.py.txt,5,1,0.004543489789698396,0.3055211013926767,0.21820747408571167,0.11339250493530169,0.25415542872008,0.10418000107653172
validation,v5_20_content_kristianespina_python-binary-search-tree_binary_search_tree.py.txt,5,3,0.0018083178797744287,0.07267202755445731,0.22668045635840153,0.265612258683223,0.24076139720462136,0.19246554231952248
validation,v5_33_content_hexingwei_Binary-tree_tree.py.txt,5,1,0.00037605921414829706,0.24795337748576818,0.238223301362537,0.1675125210457137,0.20119273725313083,0.1447420036387019
validation,v5_3_content_WDI-SEA_python-binary-trees_twenty_questions.py.txt,5,3,1.6253658392545908e-05,0.04935631028170016,0.25435818559427337,0.2817918152804057,0.22224036750413023,0.19223706768109802
validation,v5_4_content_fcunhaneto_py-binary-trees-draw_node.py.txt,5,4,0.06462933814454595,0.07390960758924421,0.390998517800433,0.050568619258605355,0.4085681569511559,0.011325760256015619
validation,v5_88_content_ilkayDevran_HEAP_and_BTS_Implementation_binarySearchTree.py.txt,5,1,0.003358811148151537,0.24801848381840416,0.1791202564713355,0.1928907346750463,0.1773280817059366,0.19928363218112585
validation,v5_23_content_mkhambat_Bubble-and-insertion-sort_sorting.py.txt,5,2,0.003218509090989469,0.05198269880152057,0.2909399450081296,0.2623764787639062,0.24431881400944866,0.14716355432600547
validation,v5_26_content_naviechan_sortingAlgorithmDemo_main.py.txt,5,5,0.00952977495696384,0.2120663518747109,0.15279756354027785,0.17879599290100173,0.213406450269434,0.2334038664576118
validation,v5_29_content_zcogley_Bubble-Sort_bubble_sort.py.txt,5,5,0.007806450893221696,0.00849513968912277,0.11779947580047834,0.30409253483087917,0.2189031783272891,0.34290322045900884
validation,v5_30_content_thomasjedstrom_Bubble_Sort_Selection_Sort.py.txt,5,0,0.3509814659181995,0.29745066038107865,0.16169832385591554,0.008696049459811672,0.15963487602028048,0.021538624364714303
validation,v5_31_content_atorulia_Some-kind-of-sort-algorithm_InsertionSort.py.txt,5,5,0.00027396127816224126,0.024724795615883796,0.15292225994366226,0.24150292495279813,0.23113913396140234,0.34943692424809136
validation,v5_31_content_Cadellinman_RB-EmailSorter_RedBubbleSorter.py.txt,5,2,7.897420716170997e-05,0.23739639856472172,0.2867262628178426,0.06953442156690628,0.21193755022139654,0.19432639262197138
validation,v5_53_content_RefaelBeker7_Sorting-Algorithms-Python_ExampleSort_sixDifference.py.txt,5,5,4.915296408628089e-07,0.009997708845609386,0.2185713203731599,0.2807832880879578,0.19210684150258525,0.2985403496610468
validation,v5_5_content_kheguy_bubbleSort_bubbleSort.py.txt,5,3,0.05086347505520941,0.2509826987823616,0.1643444059479848,0.2515048006921328,0.09640752525017181,0.1858970942721396
validation,v5_67_content_TadayoshiCarvajal_Sorting-in-Python_sortingAlgorithms.py.txt,5,3,0.00026061459136574543,0.07771737724785246,0.15905103238091797,0.28502296347943534,0.22679811584185933,0.251149896458569
validation,v5_81_content_jvdwyer_Sorting_Sorts.py.txt,5,2,0.0020739838861476884,0.19452082870664186,0.2508366745138018,0.1895493565163497,0.1409422823277707,0.22207687404928816
validation,v5_19_content_Shooobz_BigData-ProjectOne_mongoSandbox.py.txt,5,3,0.001349208819933574,0.020606211367692685,0.17067868952858262,0.3419850267528118,0.16564772937864447,0.2997331341523349
validation,v5_21_content_rahul494_Mental-Health-On-Twitter-Analysis_sorter.py.txt,5,5,1.6004399088495342e-05,0.02019625960832008,0.2579812003348621,0.24258057136830644,0.1967137533716408,0.2825122109177821
validation,v5_26_content_Emersonxuelinux_One_Big_Archive_VirtualPet.py.txt,5,3,0.0069064921845867575,0.06239790606930255,0.13848594813641182,0.30587824433743566,0.2493941092381851,0.23693730003407815
validation,v5_2_content_anrputina_OutlierDenStream-BigDama18_readGroundTruth.py.txt,5,4,0.0037133785342839567,0.0952789056686448,0.16148228933354228,0.24038165639140024,0.2516571941672731,0.2474865759048555
validation,v5_30_content_sdws1983_The-big-data-OF-The-Plant-Cell_parse-abstract.py.txt,5,1,0.009668589521422521,0.27940938203631516,0.17763289359315582,0.14047166144131118,0.16445003356866614,0.22836743983912916
validation,v5_32_content_jtuckerk_oscar_prediction_imdb_data_create.py.txt,5,2,0.11993378983248659,0.05651781865189609,0.30599118508413486,0.2326897831855792,0.10163542612782031,0.183231997118083
validation,v5_35_content_ankitsejwal_organize-folder_organize.py.txt,5,5,0.004154729654517569,0.17850221027649288,0.1127848387800197,0.2526871230640556,0.1535548823017811,0.2983162159231331
validation,v5_5_content_anguillanneuf_bigO_17_island_count.py.txt,5,4,0.0007341705146918964,0.09686091564477536,0.05874437774512307,0.24079380132374845,0.33507293243734354,0.26779380233431765
validation,v5_76_content_yingtaoluo_Latent-Factor-Model-with-JIT-CUDA-on-movielens_predict.py.txt,5,3,0.0006771394222158043,0.1433230644113006,0.24364683713815838,0.29307158338061845,0.16793052871611713,0.15135084693158957
validation,v5_80_content_hanas879_Payday-2-Big-Oil-Engine-Calculator_engineCalculator.py.txt,5,3,0.012798007640342035,0.21344914447432597,0.15622436478431095,0.3566362846996283,0.07040173749392302,0.1904904609074697
validation,v5_1_content_HarryBaker_LDAtopicSimilarity_modelTranslator.py.txt,5,5,0.002698282521623423,0.15089040273660437,0.15320181283823617,0.22763931396895265,0.19588827524240698,0.2696819126921764
validation,v5_1_content_HarryBaker_LDAtopicSimilarity_similaritySpike.py.txt,5,1,0.005315723719000555,0.4102763751554319,0.09641565577318466,0.1904560479282758,0.03261989339504144,0.2649163040290657
validation,v5_14_content_bkdwei_kdDesktopAssistant_install_script.py.txt,5,3,4.498473185383238e-07,0.08986270297381473,0.21355819375277912,0.3090027921449448,0.14823484255425476,0.23934101872688812
validation,v5_18_content_theorisons_loto_analyse.py.txt,5,2,0.004399460898853565,0.2547298311955803,0.28896296287334583,0.10843274665963609,0.1573580348628689,0.18611696350971524
validation,v5_20_content_learn-co-students_applying-gradient-descent-lab-dc-ds-career-042219_linear_equations.py.txt,5,3,8.674028636965435e-05,0.006222875062787298,0.11863037746816082,0.3923242064346964,0.14661072703116212,0.33612507371682365
validation,v5_46_content_hackabit19__destroyingRecursively__vibration.py.txt,5,5,0.0350994034698587,0.0007573662531850799,0.2810642746678038,0.20857711378110907,0.15667952571068405,0.31782231611735917
validation,v5_52_content_jitunayak_Tensorflow-object-recognition-GUI-DesktopApp_face_crop.py.txt,5,3,0.000210115015005177,0.02473615204882596,0.1755489727120848,0.36655206867586493,0.17221765193810462,0.26073503961011457
validation,v5_67_content_DrIanGregory_MachineLearning-LogisticRegressionWithGradientDescentOrNewton_mulitpleLinearRegression.py.txt,5,3,0.002231188687600699,0.1608462846087965,0.21360025323800147,0.2683831348070074,0.135622243940948,0.21931689471764595
validation,v5_86_content_Enkhai_simple-DES_permutations.py.txt,5,3,1.8140704645478925e-05,0.01181929400406047,0.21069962055667582,0.3178882713937106,0.14810937325248083,0.3114653000884269
validation,v5_8_content_usmanali414_Destruction-Detection-in-Satellite-Imagery_segmentation.py.txt,5,5,0.00805473618553384,0.10802756352577136,0.1795895030123824,0.1670885707302896,0.17897908197042015,0.35826054457560264
validation,v5_13_content_tiendung1510_LearningPython_ucs.py.txt,5,3,0.00035898259540204704,0.057561895371206886,0.2522816126294256,0.25734468514732517,0.19127433068930733,0.24117849356733304
validation,v5_18_content_vikasgola_graph-search-algorithms_graph.py.txt,5,2,0.07629919616975682,0.23373968910762757,0.25627001114611525,0.2027979698388568,0.12488219565846359,0.10601093807917995
validation,v5_79_content_bewing03_DFS-Baseball_scrape.py.txt,5,0,0.28393897286900704,0.2486043044092422,0.08408916343584062,0.17954264210315524,0.09419421224158424,0.10963070494117051
validation,v5_7_content_GabrielBortolote_BFS-and-DFS-Tree_BFS.py.txt,5,3,2.7874417424067323e-06,0.026574383738254444,0.273626822164103,0.28015869233662244,0.21473553470079493,0.20490177961848285
validation,v5_83_content_habibz2196_bfs-dan-dfs-_bfs_dan_dfs_kuda_skak.py.txt,5,3,0.0007469040975585025,0.0056061125786563346,0.1641762093371892,0.3786993045843561,0.09725530037046623,0.3535161690317737
validation,v5_85_content_adamkanouse_better-lineups-dfs_constants.py.txt,5,1,8.514760226248835e-06,0.22966762558919507,0.20914948959888835,0.22225023733733365,0.2172327298586864,0.1216914028556703
validation,v5_8_content_Omig12_dfs_delete.py.txt,5,4,0.000659164202178283,0.12303485676532207,0.166395970974116,0.21693391573114523,0.2505199531835088,0.2424561391437296
validation,v5_92_content_jackschultz_nba-optimize-micro_utils.py.txt,5,3,1.536206722681561e-06,0.03826825692849218,0.18631878023697507,0.33370467676579046,0.19474323896112633,0.2469635109008934
validation,v5_12_content_michaelasper_Diffie-Hellman_diffie_hellman.py.txt,5,3,1.138130061328403e-05,0.026885928419335608,0.21738953004375142,0.3194206287692103,0.14701880321084945,0.2892737282562399
validation,v5_13_content_alu0100821390_diffie-hellman_diffie-hellman.py.txt,5,5,0.0013050871050649215,0.15947361094478577,0.2243773140897409,0.2199178827135602,0.1657465631662331,0.22917954198061505
validation,v5_26_content_bahadircolak44_EllipticCurve_extEuclid.py.txt,5,2,0.002597431251984784,0.22198333950056184,0.3040785505139978,0.1381270845324209,0.1991329852973156,0.13408060890371915
validation,v5_31_content_shreyas3336_Diffie-Hellman-KeyExchange_Seed_Generator.py.txt,5,5,0.0006556565934830163,0.09517751763053943,0.09510135964765115,0.3764791874785292,0.04821462760638633,0.3843716510434109
validation,v5_46_content_MrJmk_protocoles_crypto_Diffie-Hellman.py.txt,5,3,4.007133986880577e-05,0.13827146244904964,0.22366815112523192,0.3108567135522395,0.13764898407554593,0.18951461745806414
validation,v5_6_content_picrin_DiffieHellmanChallenge_discreteLogEfficient.py.txt,5,3,0.0001642757293483357,0.027966626669643332,0.23567275733387477,0.35682047456106397,0.11393101247280298,0.26544485323326655
validation,v5_77_content_Zerox-1337_Simplified-OTR-Protocol_otr.py.txt,5,3,0.0007828040105962565,0.12776410676469202,0.26277467458983167,0.3030082409289874,0.1342457137085956,0.17142445999729714
validation,v5_10_content_tjazerzen_a_star_algorithm_helper_functions.py.txt,5,5,1.7183489682084132e-05,0.009949753406712345,0.17771113466818048,0.3214333452859458,0.15150218736265997,0.33938639578681934
validation,v5_17_content_GGonzalezRojas_Tarea_1_MDR_Dijkstra_dijkstra_v1.py.txt,5,2,0.00025670206884153445,0.0940254647449164,0.3621206428595193,0.23057360107444314,0.06258707335149241,0.25043651590078725
validation,v5_32_content_ceyzaguirre4_AStar_A.py.txt,5,1,0.00011856873244797392,0.2647721349666866,0.11515581377070923,0.21974186955540972,0.15994346992919836,0.24026814304554805
validation,v5_39_content_hamidaucc_Link-state-protocol-in-python_Test.py.txt,5,0,0.3924359307880383,0.19726062093843877,0.012378179558187588,0.22848484644937858,0.009455277459553602,0.15998514480640305
validation,v5_53_content_KaiFly_Xemina2_DijkstraSP_GraphDrawing.py.txt,5,3,0.0014830666363677548,0.21450513898579465,0.06226193885275402,0.2638006953857248,0.230641005658771,0.22730815448058778
validation,v5_88_content_NoFishLikeIan_Dijkstra_currency_currency_api.py.txt,5,3,4.4450726518346573e-07,0.12277163083439013,0.21894043479228706,0.2468363820789042,0.18020068681106716,0.23125042097608622
validation,v5_11_content_tatsuyoshi-ikenoue_fizzbuzz_fizzbuzz.py.txt,5,1,0.28325818572919814,0.377590694186124,0.0333238984211558,0.04495622738968211,0.22191325915301124,0.038957735120828514
validation,v5_17_content_bhushankorpe_Fizz_Buzz_Fibonacci_Fizz_Buzz_Fibonacci.py.txt,5,5,3.291593831664348e-06,0.10385522028229828,0.19246866892177508,0.23572317827566575,0.20233595284330289,0.2656136880831264
validation,v5_20_content_IbrahimAyed_Multifractal-analysis-of-natural-images_texture_synthesis.py.txt,5,4,0.00010970318214903876,0.24687394478325753,0.12357646471233776,0.23824972208470327,0.27381136768639114,0.11737879755116128
validation,v5_2_content_johnrobyclayton_division-project_plot.py.txt,5,5,0.04308659971650037,0.2278759896849977,0.13829716120499735,0.15302467037517586,0.17379491670424757,0.2639206623140813
validation,v5_4_content_captainACE_python-ADVANCEMATH-lib_lineq.py.txt,5,2,0.0005936623089425007,0.28023835893422067,0.2942009347536173,0.10866525230850126,0.28415794187092663,0.03214384982379167
validation,v5_5_content_AdamJacoby_Hopf_Algebra_Tools.py.txt,5,4,0.0929511409645146,0.24660976925570074,0.2429749509568037,0.0658835781663635,0.30780728184142453,0.04377327881519294
validation,v5_5_content_AdamJacoby_Hopf_Frobenius_Tools.py.txt,5,5,0.010965303201065695,0.16446832815022883,0.2069159742565373,0.2360974826674346,0.13471225705460083,0.24684065467013272
validation,v5_5_content_DvorakSimon_divisibility_DivisionBySeven.py.txt,5,4,3.153725899552115e-08,0.010830989682620274,0.3016723337854894,0.1115394337466025,0.3071540927436755,0.26880311850435346
validation,v5_6_content_seonkyuKim_DFA_DFA.py.txt,5,3,0.0059926922188882304,0.010032218623554521,0.29528013255287516,0.3898070539653629,0.11417908901134653,0.18470881362797276
validation,v5_6_content_sockster_metroCard_metroCard.py.txt,5,5,4.664609990678962e-06,0.023984481798193836,0.09240656081508199,0.24717066008297936,0.3121289669085262,0.3243046657852279
validation,v5_8_content_KreandOStudio_FizzBuzz_fizzbuzz.py.txt,5,4,0.0521775731031174,0.21001943546933757,0.19043451466404512,0.150256084966459,0.25364413684033094,0.1434682549567099
validation,v5_13_content_limqiying_crypto_final_project_DH-test.py.txt,5,5,1.8468757413494523e-05,0.008107278324382695,0.190039352126362,0.32484737739702624,0.12402867849803081,0.3529588448967848
validation,v5_16_content_SemyonMakhaev_elliptic-curve_main.py.txt,5,3,0.0008103107706632065,0.11071491853929669,0.2370736163599755,0.33588627180290687,0.0709509221064446,0.24456396042071316
validation,v5_20_content_UAvinash7_Cryptography_AsymmetricRSAAlgorithm.py.txt,5,5,8.676477883865495e-06,0.01681563476139414,0.19427952679180277,0.267956763201705,0.22719607280790827,0.2937433259593059
validation,v5_11_content_harishchellappa_Time-Series-Analysis-Bike-Sharing-Demand-Forecasting_forecasting_2.py.txt,5,2,2.2150231157288618e-06,0.19109776518342741,0.2402249661491678,0.15067453697150598,0.2264740934607462,0.19152642321203675
validation,v5_4_content_moduloone_QualtricsFactorialVignettes_questiongen.py.txt,5,2,0.0004575860995751612,0.20388037074049395,0.2251188750202734,0.16632953172848833,0.2204500403290773,0.18376359608209192
validation,v5_84_content_rev1z_async_factorial_webapp_logic.py.txt,5,3,0.003995755236422591,0.11198201802472553,0.13779661904973078,0.38584897839916604,0.07500907202009384,0.2853675572698613
validation,v5_8_content_amit0-git_simple-python-program_English-alphabets.py.txt,5,3,0.07011164381121178,0.19688295242906065,0.1872611752295008,0.2753105241881752,0.1497651016068217,0.12066860273522982
validation,v5_8_content_jcwyatt_factorial_factorial.py.txt,5,5,0.00013946069184804573,0.00837379785289467,0.15853073076361918,0.2802203322268187,0.2506310687080607,0.30210460975675874
validation,v5_97_content_mjurk456_mini-snakes_pesel.py.txt,5,0,0.25755020884859653,0.19869661840679537,0.0662276854139351,0.17617349235849764,0.06935516975850611,0.23199682521366918
validation,v5_44_content_nathanthomashoang_fibonacci-sequence-recursive_fibonacci_recursive.py.txt,5,5,0.009785020820108509,0.14107412204591163,0.098136593545209,0.3010945795755256,0.11992542372554228,0.32998426028770295
validation,v5_51_content_UnPolinomio_fibonacci-number_numbers.py.txt,5,5,3.364752311105969e-05,0.011748380755832115,0.15946204044690349,0.25068895106836947,0.2776232062651439,0.30044377394064004
validation,v5_67_content_GilbyScarChest_Fibonacci_API_app.py.txt,5,2,2.6019611123407213e-06,0.2562700012037737,0.2584723785435335,0.08851968196287234,0.2421312584112428,0.15460407791746528
validation,v5_99_content_MatheusMuriel_ProgramacaoDinamica_Plotador.py.txt,5,4,0.0007856896261199259,0.02418287418004183,0.09608232829513462,0.16572606385370528,0.3661000128971516,0.34712303114784665
validation,v5_13_content_AtahanCelebi_En-K-sa-Yol_map_distance.py.txt,5,5,0.009660882585467902,0.05185173118771272,0.23059654814635278,0.24781215355525776,0.13391900122101383,0.326159683304195
validation,v5_17_content_kanavkhanna_Application-Software_Software_Application.py.txt,5,2,0.00037899642567268643,0.05801635522030786,0.3858410436647492,0.36491246789067044,0.08303008158531712,0.10782105521328261
validation,v5_1_content_smbanaie_floyd-warshall-python_Main.py.txt,5,3,0.00018188468227629183,0.0061187376450493255,0.25702681054916665,0.276118483101724,0.2200414610650598,0.24051262295672385
validation,v5_3_content_hamedomidvar_GPU_FloydWarshall_FW_Rev0.1.py.txt,5,3,9.523839368747314e-07,0.010317740662521488,0.24107425331311863,0.2906188255389255,0.17797679827141172,0.28001142983008587
validation,v5_4_content_mmcniece_tiled_floyd_warshall_tiled_FW.py.txt,5,3,0.001653144577497951,0.1507113874163574,0.1587036886461552,0.26632478503632995,0.1813788215193936,0.24122817280426592
validation,v5_8_content_JanFeys_Floyd-Warshall-All-Pairs-Shortest-Path_FloydWarshallAPSP.py.txt,5,3,0.0002446367320993953,0.1011241399207347,0.13435302545180322,0.29092715407521935,0.2258547403954282,0.24749630342471513
validation,v5_18_content_Saychakr13_CLUSTERING_MODELS_hc.py.txt,5,5,0.0007884003935108771,0.26053816929179624,0.1627685818659236,0.21103649306400213,0.10015802214974283,0.2647103332350244
validation,v5_2_content_zalayo_Hierarchical-Linkage-Regression_HLRtest.py.txt,5,5,0.00024348783790894684,0.016693308363206035,0.17600513436550497,0.33124086635078714,0.14238709521899304,0.3334301078635998
validation,v5_4_content_wazzaarvind_Clustering-Algorithms_reducer.py.txt,5,5,0.0006363350113775532,0.07284809022282476,0.1972264441648162,0.15145394160578912,0.24411794191102187,0.33371724708417044
validation,v5_55_content_taksug229_Python-hierarchical-clustering_Working_Data_Hierarchical_Clustering.py.txt,5,1,0.0036321734551342235,0.31808601425353616,0.23125526863937743,0.13805416720414082,0.14086821570998342,0.1681041607378279
validation,v5_22_content_Raxev_datastructures3_huffElement.py.txt,5,4,7.8172133813475e-05,0.02492221592601702,0.1908708874500715,0.20202358027694464,0.3020203105721061,0.2800848336410473
validation,v5_4_content_amzhang1_simple-JPEG-compression_zigzag.py.txt,5,1,0.005936501053173444,0.3598176846204539,0.11485976511956807,0.16008432828869484,0.23319930358053728,0.12610241733757255
validation,v5_10_content_poku18_CE_III_06_Lab2_lab2.py.txt,5,5,0.0008394457468298922,0.013627345221550818,0.17744061226581925,0.28494889321434996,0.20022684272745306,0.322916860823997
validation,v5_18_content_o-az_Insertion-vs-Merge_MergeSort.py.txt,5,3,0.000304160708922499,0.21602037398364646,0.06390560871741162,0.32510260674858116,0.10750627384478852,0.2871609759966497
validation,v5_1_content_abx67_Algorithms_mergesort.py.txt,5,3,0.0034522110872121318,0.09828241932108238,0.20510729958908988,0.30228554923912604,0.1421037716665509,0.24876874909693864
validation,v5_23_content_ryanarnouk_BinaryInsertionSort_index.py.txt,5,2,0.0014601460145733172,0.008847485021060624,0.3054910686011904,0.29939809758700275,0.13286817072562002,0.25193503205055284
validation,v5_30_content_rogerdenisvieira_bidirectional-conditional-insertion-sort_main.py.txt,5,5,0.0002735717047468273,0.03474841705219597,0.1979222303631278,0.3535234307498453,0.052443164649614654,0.3610891854804694
validation,v5_33_content_Howellp80_Algorithms---Merge-Sort-vs-Insertion-Sort_hw1.py.txt,5,5,3.057603483684859e-05,0.13768082891836564,0.13065507904236137,0.23564712395189014,0.21416252286020304,0.2818238691923429
validation,v5_50_content_shre007_Implementation-and-comparison-of-sorting-algorithms_merge.py.txt,5,5,0.004243033589009222,0.006429265473096196,0.21018457049077038,0.25500292440727335,0.16330741321608233,0.3608327928237685
validation,v5_20_content_Cassar88226_Clustering_of_Articles_corpus.py.txt,5,2,0.00015443440136846752,0.13955203959212492,0.29602429440607575,0.14403950279038485,0.2177784956699571,0.20245123314008892
validation,v5_3_content_jamer5_K-Means-Clustering_k-means-clustering-without-scikit-example-1.py.txt,5,3,2.9776146291333815e-05,0.0121301513103465,0.23730855614877988,0.26824864274782373,0.22471054232438564,0.2575723313223729
validation,v5_41_content_akshay-gupta7_kmeans-using-mapreduce_k_means_reducer.py.txt,5,3,2.266812198739471e-05,0.06405280231278368,0.25241036793618327,0.27453627426840177,0.22932923636895555,0.17964865099168828
validation,v5_42_content_aryanshar_TextMining_magboard.py.txt,5,2,0.0007323287963089984,0.1404515247902057,0.27910537576314276,0.14810033484535234,0.157237806064752,0.2743726297402381
validation,v5_54_content_wenlin-koh_K-Means-Clustering---python_kmeans.py.txt,5,3,4.941288854425845e-06,0.11331752221758412,0.15271153004769086,0.29138063896969124,0.19511679347043742,0.24746857400574193
validation,v5_21_content_abhishekmsharma_ai-knn-kmeans-crawler-python_job_search_environment.py.txt,5,5,0.0012704449211386967,0.13851062691157823,0.17518244994679866,0.18421935843808837,0.2231483850234086,0.2776687347589875
validation,v5_23_content_changchanglccc_kNN_test.py.txt,5,1,0.00018390503747062192,0.3683919777054978,0.18457943414184927,0.016829023402266496,0.3071453764199128,0.12287028329300316
validation,v5_29_content_vtheno_kNN_one_line.py.txt,5,5,0.007757995892537342,0.11011812436841777,0.033998258029352836,0.3055331399042295,0.14202594561826706,0.4005665361871955
validation,v5_30_content_manojrameshrao_machine-learning-iris_iris_web3.py.txt,5,4,0.007054023982921111,0.2601428990691042,0.11060407339030509,0.11436889864185841,0.3402418044651805,0.16758830045063064
validation,v5_38_content_juandes_knnbot-messenger-bot_distance.py.txt,5,3,1.8013417553282742e-06,0.01082404435030113,0.05687480449150737,0.43286494190343117,0.10441204511663862,0.39502236279636643
validation,v5_8_content_jasminegrewal_Naive-Bayes-KNN-Logistic-Regression_2b_gnb.py.txt,5,3,7.388429038582611e-06,0.023623049491906703,0.18884018410071288,0.32772072911700245,0.19022683974878524,0.26958180911255414
validation,v5_9_content_muchlisinadi_ALPR-Indonesia_GenData.py.txt,5,3,4.20324443645936e-06,0.033412171875688554,0.25100031942822926,0.3187122260942756,0.15346418785294633,0.24340689150442374
validation,v5_10_content_mahimagupta_NLP-Research-Project-_supervisedLearner.py.txt,5,5,0.008744833790964648,0.06143488319845734,0.17159599532668374,0.32590887536661356,0.07302512531887578,0.359290286998405
validation,v5_12_content_romanorac_elastic_localized_search_controller_elastic.py.txt,5,4,0.004001460685371702,0.17190987043422698,0.227655978059222,0.13353843335099488,0.3155080729166981,0.14738618455348634
validation,v5_16_content_davda54_pytorch-transformer-lemmatization_lr_decay.py.txt,5,3,5.017270825883235e-05,0.007299831263669166,0.12120945283610039,0.3744878898493541,0.12551081302631678,0.3714418403163008
validation,v5_16_content_davda54_pytorch-transformer-lemmatization_predict.py.txt,5,3,0.005574300008881168,0.0431542209204775,0.19100784384173455,0.34634174054538114,0.09681986807301651,0.3171020266105092
validation,v5_1_content_akoksal_Turkish-Lemmatizer_lemmatizer.py.txt,5,5,0.0010939398798383891,0.00011988812335318172,0.24439806263849376,0.36256626213820004,0.005954527222106235,0.38586731999800833
validation,v5_25_content_aajanki_finnish-pos-accuracy_datasets.py.txt,5,3,0.0013686801618072013,0.1516163295167475,0.21662182977049949,0.3524286271725053,0.07863378743566087,0.19933074594277986
validation,v5_26_content_Nofenigma_lt_lemma_prefixes_check_lt_prefixed_lemmas.py.txt,5,3,4.2870830588323225e-05,0.0766225578463933,0.319060858958928,0.3412234521377182,0.13104492699565498,0.13200533323071706
validation,v5_11_content_sichen-x_search-engine_test_htable.py.txt,5,5,0.20382140081843564,0.15484463764722542,0.11315623014941933,0.0608222278408346,0.20558520765327087,0.26177029589081413
validation,v5_11_content_sichen-x_search-engine_words.py.txt,5,1,0.00016644600920934338,0.2892681270108776,0.18316051296008995,0.20578862793860075,0.11050891343346596,0.21110737264775623
validation,v5_1_content_Chunning-Zhou_MILPBasedSearchAlgorithmDiff_model.py.txt,5,5,0.010126816883800625,0.1897849457107255,0.16995559782463598,0.18940757818878454,0.21061464658735762,0.2301104148046956
validation,v5_1_content_Chunning-Zhou_MILPBasedSearchAlgorithmDiff_parameter.py.txt,5,4,0.0012026124656535724,0.03609087745171955,0.20634281722581113,0.020985831437031647,0.3857269915797354,0.3496508698400487
validation,v5_33_content_chafiknaceri_Credit-Card-Debt_BisectionSearchPayement.py.txt,5,3,2.1071547624594674e-05,0.0026954928084778423,0.21455152917937473,0.3145474146107558,0.20328954069693508,0.26489495115683204
validation,v5_33_content_chafiknaceri_Credit-Card-Debt_DebtLeft.py.txt,5,5,6.092721156990533e-05,0.0018703924200597988,0.22810164799198743,0.252645217107247,0.18351881912780088,0.33380299614133496
validation,v5_36_content_akaif95_U.S-Currency-Patterns_us_currency_regex.py.txt,5,5,0.0003458773257208174,0.1737799292051185,0.07853417684354133,0.25668542723657506,0.19298337383955957,0.2976712155494847
validation,v5_4_content_BenCashman_Linear-Search_linear_search.py.txt,5,5,0.0004411429183076539,0.1287910707058069,0.10136526631538632,0.18433857167119538,0.2792671897244123,0.30579675866489153
validation,v5_13_content_ToonBlok_LinkedList_test_pylinkedlist.py.txt,5,3,0.05850214163701702,0.037057744230824786,0.31000045557040395,0.33567664389656776,0.18491859402001723,0.07384442064516918
validation,v5_15_content_udwivedi394_LinkedList_convertBT2LL.py.txt,5,5,2.8320315547938205e-05,0.012417416851369071,0.19021025555077878,0.20589180325180803,0.28381976863614755,0.3076324353943486
validation,v5_35_content_dharan-s_Data_Structure_Python_LLPalindrome.py.txt,5,3,0.001942727448968824,0.017825984007390848,0.2586415821478746,0.2881960221900964,0.2298611455290755,0.20353253867659382
validation,v5_3_content_WDI-SEA_python-linked-lists_linkedlist-test.py.txt,5,1,0.0037371438698656973,0.32034760780256055,0.18383233958698494,0.08372475738897696,0.3203442843615471,0.08801386699006472
validation,v5_42_content_TechnoMonoCo_Python-Doubly-Linked-List_LL.py.txt,5,2,0.0010854686358289587,0.05059970903251436,0.31945251598265834,0.16718442793008953,0.2560114718517943,0.20566640656711438
validation,v5_7_content_mharsha315_Python---Hangman_Hangman.py.txt,5,5,0.003058515443361046,0.22861386209500204,0.14179238891855153,0.18000101316174513,0.19510556937139428,0.25142865100994605
validation,v5_11_content_ayushkumarshah_Dynamic-Programming-MCM-and-LCS_matmul.py.txt,5,2,1.4219886843787196e-05,0.11022497962225357,0.35358900744419947,0.18023939465052274,0.21003020487485458,0.14590219352132575
validation,v5_13_content_trsavi_Largest-Common-Sequence_subSequence.py.txt,5,4,2.4230986605030066e-06,0.021792135171341036,0.29555598777241365,0.2010162175398928,0.29874469534862447,0.1828885410690676
validation,v5_15_content_VakinduPhilliam_Pattern_Matching_Python_Difflib_Pattern_Matching_CL_Interface.py.txt,5,3,0.07394174484877371,0.02186551148510263,0.2750568591655211,0.3911349626236807,0.07989554411193425,0.15810537776498768
validation,v5_15_content_VakinduPhilliam_Pattern_Matching_Python_Difflib_Pattern_Matching_SequenceMatcher.py.txt,5,5,8.600453437022217e-06,0.07538350297868762,0.1728505843328474,0.31590105191920415,0.10758545685853411,0.32827080345728965
validation,v5_15_content_VakinduPhilliam_Pattern_Matching_Python_Fnmatch_Translate.py.txt,5,5,1.6460652676622046e-05,0.0017644744833436236,0.301830158121529,0.04115856177697635,0.31784719954318363,0.33738314542229064
validation,v5_1_content_susheelsagar_LCSS_test.py.txt,5,3,0.0015668351146435368,0.14845042147730403,0.12512008694783439,0.3378941335929151,0.12484773162783691,0.26212079123946597
validation,v5_3_content_jzwei023_LongestCommonSubsequence_lcs.py.txt,5,2,0.0012221690669443621,0.041778292313827785,0.328182614732387,0.22598237068414084,0.22987047554554796,0.17296407765715205
validation,v5_6_content_greed2411_LCS_main.py.txt,5,3,0.002204760537240845,0.1384765877602001,0.17054374187454596,0.27568182238314703,0.1735812625568132,0.23951182488805284
validation,v5_6_content_singh-sidharth_Longest-Common-Subsequence_LCS.py.txt,5,3,1.8398677455832615e-06,0.010474574277349264,0.21854020898470475,0.2834920383060294,0.22668869866717548,0.2608026398969956
validation,v5_7_content_kanthagirish-rit_lcs-project_memoization.py.txt,5,5,2.524767779755823e-05,0.03370275569418972,0.17293392193839524,0.17231617300681126,0.29188666801735497,0.3291352336654513
validation,v5_13_content_ShankyTiwari_Naive-Bayes-Classifier-using-python_naive_bayes_supermall.py.txt,5,3,0.026776919825266025,0.180673181912339,0.11290534841063968,0.31882700112677376,0.19140493397100536,0.1694126147539761
validation,v5_14_content_rajat1401_NaiveBayes_scratch_2016260_ques1a.py.txt,5,5,2.0388186715733094e-05,0.19631263036392158,0.048890958402748846,0.3042083542721268,0.08897731882205734,0.3615903499524297
validation,v5_29_content_barshaison_Naive_Bayes_Classifier_Prog.py.txt,5,2,1.405839525042225e-05,0.18681597294315863,0.24793510772375765,0.19662196339940857,0.12308056907586322,0.24553232846256148
validation,v5_2_content_aspremon_NaiveFeatureSelection_DemoNFS.py.txt,5,0,0.3382626141940238,0.2305992371305006,0.16885537227920927,0.05316663303569807,0.15216541573979117,0.056950727620777034
validation,v5_37_content_saurabhzingade_Naive-Bayes-Basic_naive.py.txt,5,5,0.0019988010676498854,0.18985034266072653,0.1152543143511102,0.2186672560211547,0.17542199086747437,0.29880729503188436
validation,v5_5_content_adityadas8888_Naive-Bayes_naive_bayes.py.txt,5,5,0.00024471972400365614,0.21134947586889935,0.011888430981082216,0.08804519937456777,0.3075003574789787,0.38097181657246837
validation,v5_7_content_pherde_naive_bayes_spam_classifier.py.txt,5,5,0.1520093073946367,0.18954139872348993,0.14223412835830543,0.2034643658182227,0.09536808201657272,0.21738271768877254
validation,v5_80_content_cgeopapa_NaiveBayesClassifier-ham-spam-mail_Bayes.py.txt,5,3,2.3601243035881723e-05,0.06404734103289107,0.24973014051065853,0.2714875900877641,0.15356351827642906,0.26114780884922123
validation,v5_11_content_OlgaCobaquil_One-Time-Pad_onetimepad.py.txt,5,3,0.013101833522967477,0.012195485811143197,0.21999105627984078,0.38521411219885765,0.055927948079640404,0.31356956410755055
validation,v5_13_content_notpresident35_one-time-pad-machine_STILL_More_Testing.py.txt,5,5,0.0020008344617023447,0.14868837021502823,0.18971740679915836,0.2655050750650653,0.09593089826043874,0.29815741519860706
validation,v5_16_content_rachwong_One-time-pad-code-_Word_guesser_2_.py.txt,5,5,0.000989560213573434,0.12235522919293101,0.18051194427294123,0.08894171872782927,0.23511839241319415,0.37208315517953083
validation,v5_17_content_blackhawk42_OTP-python_otp.py.txt,5,3,0.0013895353428534294,0.24160518311311796,0.1853975182879802,0.29311603730644703,0.1628520613774451,0.11563966457215623
validation,v5_17_content_jb0xx_decrypt-onetimepad_onetimepad.py.txt,5,5,3.1399186047886544e-05,0.11728935665671837,0.13745347759880328,0.2646249928775022,0.18014683428518027,0.30045393939574805
validation,v5_31_content_tobymyers_codingthematrix_The_Function_problems.py.txt,5,2,0.004355150458179292,0.0775653706457217,0.2447685663637263,0.2149273581979671,0.222406673287553,0.2359768810468526
validation,v5_7_content_anderspkd_broken-one-time-pad_somecode.py.txt,5,3,0.0012165076846734379,0.23706519330950931,0.13216967475025415,0.348168996932079,0.06590974125384282,0.21546988606964126
validation,v5_1_content_firmai_ffood_._setup.py.txt,5,3,0.00020157380452900264,0.19736056497857238,0.1494272020515996,0.36458544803537407,0.06639111900049686,0.22203409212942823
validation,v5_4_content_mrimahajan_advanced_analysis_package_variable_reduction.py.txt,5,1,0.01032083442687817,0.26922472559720395,0.17865060971196403,0.10070574711869493,0.1972059090586223,0.24389217408663655
validation,v5_5_content_harshdarji22_crypto_index.py.txt,5,1,0.00535171981869991,0.3544943070989311,0.1315052851745774,0.14644320041793366,0.11310002007929082,0.2491054674105671
validation,v5_1_content_lucaspauker_factor-perfect-numbers_Factors_Perfect_Number.py.txt,5,5,3.4136917907129794e-05,0.09351235656690343,0.2229636734055133,0.2771357477581805,0.10701811264168284,0.2993359727098128
validation,v5_2_content_imset_Perfect-Numbers_perfNum.py.txt,5,2,0.00014514581425279692,0.11131236113365077,0.2670199515790216,0.18170395982134172,0.20533242021131592,0.2344861614404173
validation,v5_3_content_iykadev_pyalgo_3plus1.py.txt,5,3,1.8051946579785577e-05,0.02324912185674765,0.23584668081403243,0.2679178038839948,0.21272598935527465,0.26024235214337077
validation,v5_3_content_iykadev_pyalgo_binaryTree2.py.txt,5,5,0.0028703824995664983,0.009828991286972136,0.23211249386120958,0.27927189088775445,0.1803717859349612,0.2955444555295361
validation,v5_3_content_iykadev_pyalgo_dragon_curve.py.txt,5,5,0.00022502181654782724,0.041571804624927496,0.10461891824791089,0.28013528499080237,0.2277629124470478,0.3456860578727636
validation,v5_3_content_iykadev_pyalgo_e_number.py.txt,5,3,0.0003561628417208405,0.1404961033370972,0.0896829911290107,0.3735206072196886,0.09680151051072113,0.2991426249617616
validation,v5_3_content_iykadev_pyalgo_hopcroftkarp.py.txt,5,1,0.2186242204664806,0.29383509060122215,0.16754321258045496,0.0033279005258236385,0.28245934989144555,0.03421022593457305
validation,v5_3_content_iykadev_pyalgo_perfect_numbers.py.txt,5,5,3.6213612920222816e-06,0.012171934027898523,0.10379968923833661,0.3075212000304974,0.19968655130697044,0.37681700403500507
validation,v5_5_content_nmcglohon_sequence-squares_calculate_sequence.py.txt,5,5,0.0015667246121178209,0.17544855416829816,0.1779067414984693,0.22354691192699744,0.19262575305272323,0.22890531474139403
validation,v5_12_content_MarynaTatsevich_Machine-Learning-Regression-Techniques_Random_Forest_Regression.py.txt,5,5,0.0008077646093912875,0.08528625266499246,0.2365107424971842,0.10524146997648735,0.2803444580710793,0.29180931218086537
validation,v5_2_content_athul-dev_regression-models_multivariate-linear-regression.py.txt,5,4,0.0004685048674823298,0.26748345726504885,0.08666099054536866,0.038459587859641695,0.36781738324202046,0.23911007622043798
validation,v5_53_content_iamrj846_Predicting-insurance-prices-with-Linear-Regression_MultipleLinearRegressionModel.py.txt,5,4,0.0035264135354220205,0.11477250363102583,0.17264604064535272,0.05304327093332017,0.3948683325476569,0.26114343870722223
validation,v5_64_content_LudweNyobo88_Polynomial-Regression_polynomial-regression.py.txt,5,5,4.1800769418453924e-05,0.019191825422690517,0.20114277760411065,0.2737102854164286,0.21239320971729878,0.2935201010700529
validation,v5_6_content_metintorunoglu_Polynomial-Linear-Regression_4_Polynomial_Regression.py.txt,5,5,0.002208998298359951,0.06847197963202603,0.2115966701860601,0.25454628604087753,0.18537611633417295,0.27779994950850334
validation,v5_73_content_MachineLearning-Nerd_Multiple-Polynomial-Regression_mllsklearn.py.txt,5,4,1.4369908058318907e-06,0.0807085775827024,0.24224279533411955,0.23061807599116896,0.27141288384224166,0.17501623025896154
validation,v5_76_content_cakmakaf_Polynomial_Regression_for_Random_Dataset_Polynomial_Regression.py.txt,5,3,0.00017490235350937553,0.028405186177225584,0.26112481553072503,0.3257044801188517,0.23808348786392067,0.14650712795576762
validation,v5_92_content_TheCodingRecruiter_Polynomial-Regression-for-Position-Salaries-Machine-Learning-Model_Polynomial_Regression_for_Position_Salaries_Machine_Learning_Model.py.txt,5,2,0.05327448515232725,0.038860826482317506,0.2818595538532473,0.15112822758153618,0.27130764341403224,0.20356926351653948
validation,v5_10_content_Jeremiah9000_prime_numbers_truncatable_prime_numbers_truncatable_faster.py.txt,5,4,0.0030674429973485003,0.23486036996451917,0.18552476812925936,0.08339272570344365,0.34899211323323287,0.14416257997219648
validation,v5_18_content_zach010_PrimeOptimus_Prime.py.txt,5,4,0.10352413503897864,0.09611177747245743,0.13615053396183485,0.1460344071820331,0.35056353169260324,0.16761561465209268
validation,v5_22_content_ahmedheakl_Get-prime-Numbers_Get_Prime_Numbers.py.txt,5,2,3.300645562015319e-06,0.005584621447032905,0.2635471869102729,0.24438612651019215,0.22405199248558375,0.2624267720013562
validation,v5_23_content_cjonsmith_prime_calc_prime_days.py.txt,5,3,6.7249185774086e-05,0.11550506952116624,0.18102139600892042,0.28830789279577473,0.13747850747697304,0.2776198850113916
validation,v5_23_content_wliabc_Prime-numbers_prime.py.txt,5,5,9.88980967506145e-05,0.06437390887810568,0.2639320836399651,0.2240998207651686,0.15529693368834127,0.2921983549316687
validation,v5_24_content_jakubfolta_PrimeNumber_Prime.py.txt,5,1,5.622419829543493e-05,0.254846714186134,0.20840312319826693,0.10941248098178757,0.20996493053188497,0.21731652690363085
validation,v5_25_content_diXime_PrimaryNumbers_utx.py.txt,5,4,0.06397094428870541,0.2023542596314949,0.17321988227764784,0.046542300461806727,0.3160975434338494,0.1978150699064957
validation,v5_37_content_coertquinton_number_sequences_start.py.txt,5,5,0.006594545454238353,0.045284833933790784,0.14048935794045275,0.19128697568173927,0.29276092019937877,0.32358336679040023
validation,v5_8_content_lesscake_prime-numbers-eratosthenes_naive.py.txt,5,5,0.0001372601904408935,0.17377300210331365,0.18099319554535528,0.1814260657785991,0.19995631334786185,0.2637141630344292
validation,v5_5_content_abcsds_Prim_exampleL.py.txt,5,4,2.715495012113476e-07,0.10414407191928819,0.19589427205729332,0.21916210591388927,0.24315725713551867,0.23764202142450927
validation,v5_6_content_usbogie_MSTcreator_Node.py.txt,5,3,0.00015462626090003372,0.0038661532407913684,0.21145042764337635,0.4189542899958208,0.10481177409057486,0.2607627287685365
validation,v5_6_content_usbogie_MSTcreator_Prims.py.txt,5,3,1.83496470896428e-05,0.0023511256849337104,0.24775292464455462,0.3540404764859848,0.0757691731565289,0.32006795038090835
validation,v5_7_content_MadalinaMircea_GraphAlgorithms_UI.py.txt,5,5,0.1999870515628394,0.0016403855924300174,0.006286670715670375,0.1279304161373872,0.2648816766142273,0.39927379937744567
validation,v5_23_content_ymohanty_data-analysis_classifiers.py.txt,5,3,2.950522718953609e-06,0.12684117073717668,0.21612445679131748,0.23285353809105763,0.21378662547307364,0.2103912583846556
validation,v5_36_content_arpan-ghosh_python-data-algorithms_LinearRelationshipFit.py.txt,5,5,0.0006200237028298404,0.013027880143307427,0.16881869443731065,0.3353223784766257,0.09797115808739823,0.3842398651525281
validation,v5_3_content_HelloJahid_PCA-Principal-Component-Analysis-_PCA_with_Iris_datsets.py.txt,5,2,3.4320983037144264e-05,0.15668250079566418,0.30223305905394604,0.17754642449352642,0.22059024562720608,0.14291344904662
validation,v5_41_content_bhavaniprasad73_Principal-Component-Analysis_PCA.py.txt,5,3,0.0014963540432529566,0.056348949112778074,0.1462680414202159,0.33133013873195966,0.13492358210899508,0.3296329345827984
validation,v5_49_content_christianThardy_Principal-Component-Analysis_pca.py.txt,5,3,0.0008358509361440873,0.10069573417878572,0.18988078520374596,0.3359991164472373,0.06877052999734123,0.30381798323674564
validation,v5_5_content_cylance_lazy-stochastic-principal-component-analysis_plot_model_perf.py.txt,5,4,4.465790627529943e-05,0.06420957041761453,0.216664981988723,0.2536603837438486,0.2660668330878507,0.19935357285568792
validation,v5_7_content_syamkakarla98_PCA-On-IRIS-Dataset-With-Classification-Using-KNNC_iris_after_pca_knnc.py.txt,5,4,0.003077088158655997,0.17769018789529487,0.25011942308243296,0.09598552920370026,0.28921656816102453,0.18391120349889134
validation,v5_84_content_rayjc_ml-pca-foreground-removal_miscHelper.py.txt,5,3,5.64599972610449e-05,0.05548318651159413,0.30604665776009765,0.3326524726065405,0.12877310247146423,0.1769881206530424
validation,v5_93_content_djzgroup_Visual-basedCharacterEmbedding_123.py.txt,5,5,0.00013062284542933006,0.09041546241904118,0.1633505015577719,0.21208867434911918,0.250881888939752,0.28313284988888643
validation,v5_94_content_rohithdot_ImageCompression-PCA_code.py.txt,5,3,0.0003786960770936166,0.08365353818085004,0.19550774996457293,0.3281054113529773,0.13427167215454908,0.2580829322699569
validation,v5_12_content_shinevalora_asyncio_tornado_queues_requests_demo_test.py.txt,5,0,0.34522869586782334,0.21213127991814518,0.02801496013908968,0.1525978482016321,0.13456855552536753,0.1274586603479421
validation,v5_1_content_modulus100_python-datastructures-algorithms_linked_list_reverse.py.txt,5,3,0.00016435974472091467,0.041660440121169554,0.12166842138478702,0.3447032091002866,0.17777009555748718,0.3140334740915486
validation,v5_30_content_HumaneWolf_telegram-spotify-queue_telegram_spotify_queue.py.txt,5,4,0.00381386315216584,0.20074322769987762,0.21101101074077888,0.13432780482923026,0.32381235935067704,0.12629173422727025
validation,v5_31_content_danieltshibangu_QueuePay_diranySolution.py.txt,5,3,0.0007994639785340214,0.09032526430901261,0.18221359943087026,0.2856345674877222,0.1973416625760454,0.24368544221781543
validation,v5_41_content_sweeneyde_IndexedHeap_dijkstra.py.txt,5,3,2.120301939593109e-05,0.09247767805579632,0.15233249754038075,0.27870644767035985,0.208652392965479,0.2678097807485881
validation,v5_45_content_discovervlad_herman-flask-redis-queue_manage_worker.py.txt,5,2,1.345814174601357e-07,0.010160894572351545,0.28505060719406317,0.24429393181050987,0.21018104722159278,0.25031338462006514
validation,v5_45_content_kriti149_Text-Summarizer_txt_summarization.py.txt,5,4,0.00045119151617785354,0.2082600842354521,0.2514975537590302,0.0396778777224718,0.36090053891396806,0.13921275385290005
validation,v5_52_content_NYU-Molecular-Pathology_queue-stats_qstats.py.txt,5,3,4.281025612913701e-06,0.07078772576632081,0.2345472487910739,0.2551159899752406,0.18559608680185805,0.25394866763989365
validation,v5_57_content_sangyh_discrete-event-simulation_read_output.py.txt,5,3,0.014273965327723598,0.16739576452585872,0.2594811727082265,0.33487737814349516,0.18212666448306156,0.04184505481163448
validation,v5_10_content_adrianvellamlt_Quick-Sort---Insertion-Sort_utils.py.txt,5,4,0.029856360563449917,0.35074677195020426,0.14459790624927776,0.01818544630360385,0.35153788172083156,0.1050756332126327
validation,v5_24_content_vijayant123_music-sortt_sort.py.txt,5,3,0.0001193976457655849,0.06531946048728322,0.22174823112520325,0.28671822762845395,0.1809946055884831,0.24510007752481078
validation,v5_28_content_kimdanny_HeapSort-and-QuickSort-Comparison_quicksort.py.txt,5,3,0.0005840140312578483,0.0664553276742283,0.2239342611825333,0.25928097513974563,0.19192855536176395,0.257816866610471
validation,v5_29_content_flintlouis_Sorting_algo_mergesort.py.txt,5,1,0.005858757823779997,0.24606971729060334,0.08319694470951411,0.2170926496087581,0.2210413767154724,0.22674055385187203
validation,v5_30_content_XiaogeWang_Sort-Algorithms-Python-Version-_heap_sort.py.txt,5,5,8.002368961129446e-05,0.03463556947052075,0.15789412941152958,0.28633648212159996,0.21198536388859562,0.30906843141814283
validation,v5_3_content_iRGBit_indexhelper_indexer.py.txt,5,3,0.0004317502155064529,0.010723479379819763,0.10261409911789798,0.40988705733614494,0.08903604074974693,0.3873075732008839
validation,v5_4_content_varuntahin2210_ConversationalBot-Restaurant_nlu_model.py.txt,5,5,0.000221047465798356,0.019426536636386833,0.16251409014477938,0.290546255291687,0.21078707539913935,0.3165049950622091
validation,v5_52_content_RefaelBeker7_Sorting-Algorithms-Python_ExampleSort_sixDifference.py.txt,5,5,0.003864041900484838,0.07168915912343708,0.21126686887243862,0.17730295295263782,0.22058785556215454,0.3152891215888472
validation,v5_10_content_Bala96_Recursive-Func_nestedeaser.py.txt,5,0,0.43247643480696224,0.005077904776740239,0.2003983080818106,0.08418364007166843,0.15701117587988145,0.12085253638293697
validation,v5_18_content_Shweetz_TicTacToeSolver_solver.py.txt,5,3,0.1827289033410937,0.19349880863965416,0.15639845244862174,0.20163865697385952,0.1981076270489797,0.0676275515477911
validation,v5_33_content_prabhatpal77_Complete-core-python-_globalandlocalvar.py.txt,5,2,8.200499013754283e-08,0.13185273049040808,0.2762525385828929,0.19447202526707805,0.1268327114030622,0.2705899122515687
validation,v5_34_content_bsmorton_linked-list-python_linkedlist.py.txt,5,3,2.455495606117639e-06,0.09060846840445104,0.21895791618965998,0.34661532992757665,0.1443449561276641,0.19947087385504217
validation,v5_34_content_stephypy_CS2302PasswordCracking_Main.py.txt,5,5,0.00020657215225973,0.17314236066825178,0.09972245349607196,0.3142073617005798,0.07522564652035105,0.3374956054624858
validation,v5_36_content_Zattri_tutorial-recursion_recursion.py.txt,5,4,0.0001797661388582917,0.08247024419404253,0.3315945570693284,0.11521563105957296,0.3372606704552632,0.13327913108293465
validation,v5_38_content_davidcarrollnyc_Recursive_Python_WebScraper_BeautifulSoup_into_MongoDB_insertIntoMongo.py.txt,5,1,0.000667761689887689,0.29233080273743345,0.1683404907961731,0.19915536815738716,0.12556467647564706,0.2139409001434716
validation,v5_9_content_ahmetfbayrak12_Python-Recursive-Functions-and-Dynamic-Programming_hw5-plot.py.txt,5,3,0.019693056342056574,0.13774264274747616,0.16831253543862937,0.2701375429166435,0.13523021608271305,0.2688840064724813
validation,v5_17_content_fxbp_spd-5_criptoanalisi.py.txt,5,2,5.859966289825446e-06,0.014083496496827276,0.29989323762916104,0.17461490249593878,0.22091385446517595,0.2904886489466071
validation,v5_34_content_ptfn_rsa_main.py.txt,5,3,9.183394073542325e-05,0.01174235939532796,0.27114204499483985,0.32201401404198826,0.13903433274476293,0.2559754148823455
validation,v5_49_content_mrsondeptrai1999_RSA_Summer_2017_project_Decryption.py.txt,5,3,6.777271011139719e-05,0.2276728515953591,0.10760691002117011,0.27878399863566106,0.1541663298039811,0.2317021372337173
validation,v5_52_content_CorrineTan_Digital-Signature-Schemes-Evaluation_eddsa_25519.py.txt,5,2,0.05602831437712586,0.11228004345297872,0.2728896921074763,0.11826246710500947,0.2688869707259515,0.17165251223145817
validation,v5_8_content_hertelukas_rsa_primeCheck.py.txt,5,3,5.468314133166704e-07,0.00791995440492996,0.145076703564443,0.343540780425175,0.18654140694102475,0.31692060783301407
validation,v5_95_content_anurag423_Python-Project_eKeyGen.py.txt,5,5,0.00031873096187781246,0.23344191103807893,0.1619898544634153,0.25648126629651496,0.04655835300744133,0.30120988423267164
validation,v5_97_content_rusrom_cryptography_rsa_sign_create.py.txt,5,4,0.001100032744331276,0.055102898868891324,0.3223428721938655,0.06980066249675895,0.3655066834276987,0.18614685026845415
validation,v5_12_content_wallaceicy06_room-draw_roomdraw.py.txt,5,0,0.587359512462099,0.25778441589560525,0.00515126750109568,0.03200955210401615,0.09662915708532677,0.021066094951857135
validation,v5_14_content_codearemo_selction-sort_selection_sort.py.txt,5,2,0.012033515761179597,0.024853587575700657,0.39653148720322196,0.3049398953885352,0.12027792055245279,0.14136359351890984
validation,v5_18_content_algorithmproject_Selection_sort_scripts.py.txt,5,5,0.009063562971114138,0.17669551415446427,0.11395862677028477,0.1619737344626241,0.12997032635347225,0.40833823528804053
validation,v5_27_content_CodeDrome_selection-sort-python_selectionsort.py.txt,5,3,0.00011793148889534315,0.06762054382054433,0.20310668698673542,0.29212210647802056,0.1740023022275093,0.26303042899829504
validation,v5_32_content_AAMergulhao_Sort_Algorithms_algorithms.py.txt,5,5,0.0047742840490006,0.036608818022353384,0.0879272736219142,0.2580976721464816,0.2684130992189212,0.3441788529413289
validation,v5_32_content_TadayoshiCarvajal_Sorting-in-Python_sortingAlgorithms.py.txt,5,4,0.0003590256189254871,0.22861393308522823,0.13894508947549214,0.22467353706161275,0.23173500053423596,0.17567341422450541
validation,v5_49_content_guptavasu1213_Comparing-Sorting-Algorithms_compare_sorting.py.txt,5,3,0.060391057049094615,0.01489031240092038,0.10577722959210988,0.4011060952009581,0.09040617449046037,0.3274291312664566
validation,v5_9_content_naviechan_sortingAlgorithmDemo_main.py.txt,5,3,0.0041033102331689605,0.24693962909116746,0.08774408562876292,0.2955454271407206,0.0853130250306278,0.28035452287555224
validation,v5_3_content_GentaHI_SteganografiLSB-ImageToImage_steganography.py.txt,5,5,0.001385447286201223,0.10670430282344118,0.18588999431000064,0.23236618941740803,0.22726367171374917,0.24639039444919983
validation,v5_13_content_preetidurai_Spam-Ham-Classification-using-NB-and-LR_naiveBayes.py.txt,5,3,0.02599672643652003,0.06190693440379169,0.24125725357809283,0.2476591077299151,0.18938785864209398,0.23379211920958623
validation,v5_14_content_prachij94_Category-altname-analysis-without-stopwords_altnameStopwords.py.txt,5,1,0.0007852892874426949,0.34327137567715515,0.19296108580773133,0.12302887710366771,0.2527643823287453,0.08718898979525791
validation,v5_15_content_ganigavinaya_LogisticRegression_LRwithoutStopWords.py.txt,5,3,0.002795508858304583,0.09219396735805407,0.20974814832503064,0.29403898299899106,0.13682066670679785,0.2644027257528219
validation,v5_16_content_NB-prog_INTERN-2019_config.py.txt,5,4,1.5388742584579507e-08,0.1174556516172333,0.3030906177163599,0.005271364494504272,0.3123638213868741,0.26181852939628575
validation,v5_28_content_vinaykumarbu_sentiment-analysis-deeplearning_preprocess.py.txt,5,2,6.5237750682539065e-06,0.0602653242650034,0.315388456150497,0.14791636199535288,0.2953294554313539,0.18109387838272453
validation,v5_7_content_satyammittal_IRE-Stopping-Words_hindi.py.txt,5,5,0.0017441325590378867,0.10530497549897479,0.2237852834251483,0.19069017106629432,0.16273992520680833,0.3157355122437364
validation,v5_1_content_DanShai_kernalized-tsne_kernels.py.txt,5,3,0.013463241632251106,0.009359287062135452,0.13232996877947364,0.356307210734442,0.1803921663933238,0.308148125398374
validation,v5_17_content_lo1gr_tf-idf_hadoop-Spark_reducer3_A.py.txt,5,4,6.481067866059233e-05,0.23593305858116448,0.2546159710210563,0.061440975936495654,0.3764586214404301,0.07148656234219285
validation,v5_41_content_antoinewg_ocr-tfidf_reducer3.py.txt,5,2,0.00013004209206367176,0.1715715635826776,0.2710149457636912,0.21684958235830518,0.20188241932835174,0.13855144687491067
validation,v5_53_content_rghv404_Language_identification_make_predictions.py.txt,5,2,2.7882588892436227e-06,0.0704039463420907,0.33320572040968993,0.18429827269403073,0.18981029599494867,0.22227897630035082
validation,v5_55_content_AustinZuniga_Auto-tagging-of-Theses-and-Dissertations-of-Bicol-University-Searching-and-Matching-_main.py.txt,5,4,2.0714539209211598e-05,0.21112939504706787,0.21872450021045947,0.03617684676933281,0.2965224402799424,0.23742610315398813
validation,v5_58_content_zhaoyichanghong_machine_learing_algo_python_fuzzy_c_means.py.txt,5,2,0.00045150074272946427,0.0511156843991794,0.2834486185485127,0.23058791688280894,0.24994775750849033,0.18444852191827912
validation,v5_58_content_zhaoyichanghong_machine_learing_algo_python_pla.py.txt,5,4,5.9888964860498256e-06,0.0839908211841139,0.15410362040811293,0.2400824839361857,0.3001180566294744,0.221699028945627
validation,v5_13_content_gissimo_nsc_do_nsc.py.txt,5,2,0.0008867232561565346,0.112486759074531,0.3175219983039245,0.07658991428622801,0.2786283465909462,0.21388625848821363
validation,v5_32_content_clee1994_MasterThesis_table_helper.py.txt,5,5,0.00012776729844265575,0.17718624938900077,0.2042044070198041,0.21532079488116787,0.13118156549770912,0.2719792159138755
validation,v5_35_content_XiaoCode-er_image-digital-express_cluster_mean_variance.py.txt,5,4,1.1225201005288847e-06,0.008195890325993677,0.2549151969571876,0.16859979467576994,0.34713659752001697,0.22115139800093134
validation,v5_35_content_XiaoCode-er_image-digital-express_image_calculation.py.txt,5,4,0.0005237171544367223,0.08102672423117396,0.2843656013307121,0.07420474133841891,0.40271283803926233,0.15716637790599602
validation,v5_3_content_facebookresearch_deep-variance-reduction_cifar_wrapper.py.txt,5,4,0.0014573429088574536,0.013384878539398808,0.2116417517321167,0.17802072512360168,0.3072632354137792,0.2882320662822461
validation,v5_9_content_dumebi_Predicting-Boston-Housing-Prices_work.py.txt,5,3,3.3007706770885493e-06,0.02890270158960459,0.2565948470196322,0.3671018870538032,0.09591072661418448,0.2514865369520984
validation,v5_14_content_Bakhtiyar-Garashov_IMDB_Movies_Ratings_Project.py.txt,5,1,0.012299537986472715,0.361757813295078,0.2029089984752858,0.2418187842040349,0.07696490323234541,0.10424996280678304
validation,v5_16_content_esnmrdi_fragranceadvisor_perfumes_scraper.py.txt,5,3,0.0008139424775729506,0.026142132939119527,0.1579258632647289,0.3747335545031035,0.17279378234658846,0.26759072446888654
validation,v5_21_content_DaSunnySide_Stock-Analysis_csv_practice.py.txt,5,3,0.0011304922418019763,0.04359382673881702,0.26012940057487094,0.391174668452762,0.10831475205876018,0.1956568599329879
validation,v5_39_content_kghimire192_Electoral_Map_Coloring_Project1.py.txt,5,1,4.155513340405606e-05,0.2611664865274078,0.11640917700511626,0.14031749698221027,0.25147539354130144,0.23058989081056022
validation,v5_3_content_ahmedelfateh_scraping_CimaClub_scraper_urllib.py.txt,5,2,1.1891826671810466e-06,0.21211245290803493,0.2920835667483444,0.10830944092795101,0.20158493454213283,0.18590841569086974
validation,v5_40_content_Grijesh-Chauhan_aadhaar_webrequests.py.txt,5,4,0.0038202809900739682,0.07891866212233596,0.22988592762325005,0.16363542430152123,0.27781164507649,0.24592805988632874
validation,v5_42_content_naomistuart_flight-scraping_flightscraper2.py.txt,5,4,0.0001296570596922937,0.08406483495145113,0.28105468858282834,0.17323564212796846,0.38825066441116274,0.07326451286689707
validation,v5_46_content_AnuragSinghKushwah_anonymous-scraping_luminati_proxy.py.txt,5,3,4.7443992851036235e-05,0.033873445496941094,0.2954477675328583,0.31290034650837323,0.17804631929635342,0.17968467717262282
validation,v5_51_content_palashjboro_Web_Scraping_weather_info.py.txt,5,2,0.11179524853375783,0.07756376037346653,0.24875933749787418,0.16275664090643138,0.21324155722839222,0.18588345546007787
validation,v5_63_content_will62185_web-scraper_oil-scraper.py.txt,5,3,0.00012610023071616067,0.04197372435917341,0.23606191151611736,0.3252504844864048,0.1688296739583794,0.22775810544920885
validation,v5_64_content_andrewrgoss_yahoo-fantasy-fball-scraper_player_season_projections.py.txt,5,3,0.006522554044760842,0.0662120620268427,0.25093096135193826,0.3647837241087427,0.09494690138202215,0.21660379708569333
validation,v5_65_content_nyavramov_monitor_web_page_changes_monitor_unit_tests.py.txt,5,2,5.032810608080706e-05,0.06896965579169871,0.29692848961427365,0.1979858891142008,0.22695367238345573,0.20911196499029017
validation,v5_71_content_EltonK888_web_scraping_c01_scrape.py.txt,5,3,3.414822724323077e-05,0.0597776889124501,0.24907388632592856,0.3124401814248206,0.12439017211150485,0.2542839229980527
validation,v5_71_content_sairoopb_WebScrape_CBase_code.py.txt,5,2,7.52786019359819e-05,0.2686542934447944,0.28981339881146756,0.09106656161887972,0.21111165118810388,0.13927881633481837
validation,v5_74_content_jrathin_Web-Scraping_db.py.txt,5,5,3.968101260151315e-05,0.07370479556007438,0.2499339677747241,0.15671896709964883,0.2502973221936597,0.26930526635929136
validation,v5_74_content_jrathin_Web-Scraping_injury.py.txt,5,5,4.73869790242581e-05,0.014298188373763407,0.2815377786126571,0.2844880378256611,0.12482008268245577,0.2948085255264384
validation,v5_84_content_bhavnesh2211_Webscraping_imdb_Scraper.py.txt,5,5,4.239806215332241e-05,0.22176708041623228,0.15742047306445459,0.1745076378846671,0.20952181012589338,0.23674060044659936
validation,v5_8_content_casper-hansen_Web-Scraping-Reddit_scraper.py.txt,5,4,0.000233727424524048,0.04753915896384388,0.21651923748606594,0.13496732330597086,0.3168475618414719,0.2838929909781234
validation,v5_94_content_adithyavasisth_VTU-Result-Scraper-with-CAPTCHA-Bypass_scraper.py.txt,5,5,0.00039146998104611287,0.11296291176701957,0.22996010243595047,0.15419189999165928,0.24418090962391703,0.2583127062004075
validation,v5_95_content_SebastianRV26_WebScraping-WordCloud_primerM_todoParalelo.py.txt,5,5,9.59849818134417e-06,0.12056161381021703,0.16148433644165372,0.21666586040690408,0.18775856969822055,0.3135200211448233
validation,v5_98_content_pratz0499_web-scraping_flipkart.py.txt,5,5,0.0001522325507159832,0.10843435724396779,0.298319450713097,0.07603883615265629,0.2176445816233185,0.29941054171624437
